Country_code,Country,WHO_region,year_month,ChangeRate
AD,Andorra,EURO,2020-01,NA
AD,Andorra,EURO,2020-02,NA
AD,Andorra,EURO,2020-03,Inf
AD,Andorra,EURO,2020-04,16.422287390029325
AD,Andorra,EURO,2020-05,-93.45088161209068
AD,Andorra,EURO,2020-06,250
AD,Andorra,EURO,2020-07,-53.84615384615385
AD,Andorra,EURO,2020-08,440.4761904761905
AD,Andorra,EURO,2020-09,213.65638766519825
AD,Andorra,EURO,2020-10,209.26966292134833
AD,Andorra,EURO,2020-11,16.802906448683018
AD,Andorra,EURO,2020-12,-53.49922239502333
AD,Andorra,EURO,2021-01,73.82943143812709
AD,Andorra,EURO,2021-02,-53.63155363155363
AD,Andorra,EURO,2021-03,-0.4149377593360996
AD,Andorra,EURO,2021-04,26.5625
AD,Andorra,EURO,2021-05,-44.93827160493827
AD,Andorra,EURO,2021-06,-71.74887892376681
AD,Andorra,EURO,2021-07,225.9259259259259
AD,Andorra,EURO,2021-08,-14.44805194805195
AD,Andorra,EURO,2021-09,-73.05502846299811
AD,Andorra,EURO,2021-10,145.77464788732394
AD,Andorra,EURO,2021-11,242.6934097421203
AD,Andorra,EURO,2021-12,319.5652173913044
AD,Andorra,EURO,2022-01,175.52809884416104
AD,Andorra,EURO,2022-02,-82.33039201504411
AD,Andorra,EURO,2022-03,-29.84036021285305
AD,Andorra,EURO,2022-04,-24.154025670945156
AD,Andorra,EURO,2022-05,44.69230769230769
AD,Andorra,EURO,2022-06,-53.216374269005854
AD,Andorra,EURO,2022-07,97.04545454545456
AD,Andorra,EURO,2022-08,-70.06920415224913
AD,Andorra,EURO,2022-09,-76.878612716763
AD,Andorra,EURO,2022-10,223.33333333333337
AD,Andorra,EURO,2022-11,-25.51546391752577
AD,Andorra,EURO,2022-12,198.2698961937716
AD,Andorra,EURO,2023-01,-82.25058004640371
AD,Andorra,EURO,2023-02,-76.47058823529412
AD,Andorra,EURO,2023-03,16.666666666666664
AD,Andorra,EURO,2023-04,35.714285714285715
AD,Andorra,EURO,2023-05,-28.07017543859649
AD,Andorra,EURO,2023-06,-100
AD,Andorra,EURO,2023-07,NA
AD,Andorra,EURO,2023-08,NA
AD,Andorra,EURO,2023-09,NA
AD,Andorra,EURO,2023-10,NA
AD,Andorra,EURO,2023-11,NA
AD,Andorra,EURO,2023-12,NA
AD,Andorra,EURO,2024-01,NA
AD,Andorra,EURO,2024-02,NA
AD,Andorra,EURO,2024-03,NA
AD,Andorra,EURO,2024-04,NA
AD,Andorra,EURO,2024-05,NA
AD,Andorra,EURO,2024-06,NA
AD,Andorra,EURO,2024-07,NA
AD,Andorra,EURO,2024-08,NA
AD,Andorra,EURO,2024-09,NA
AD,Andorra,EURO,2024-10,NA
AD,Andorra,EURO,2024-11,NA
AD,Andorra,EURO,2024-12,NA
AD,Andorra,EURO,2025-01,NA
AD,Andorra,EURO,2025-02,NA
AD,Andorra,EURO,2025-03,NA
AD,Andorra,EURO,2025-04,NA
AD,Andorra,EURO,2025-05,NA
AE,United Arab Emirates,EMRO,2020-01,NA
AE,United Arab Emirates,EMRO,2020-02,Inf
AE,United Arab Emirates,EMRO,2020-03,3400
AE,United Arab Emirates,EMRO,2020-04,1953.846153846154
AE,United Arab Emirates,EMRO,2020-05,157.7100053504548
AE,United Arab Emirates,EMRO,2020-06,-44.09334385251007
AE,United Arab Emirates,EMRO,2020-07,-16.80035650623886
AE,United Arab Emirates,EMRO,2020-08,-3.8921621139082303
AE,United Arab Emirates,EMRO,2020-09,97.75218279769643
AE,United Arab Emirates,EMRO,2020-10,55.68811648661344
AE,United Arab Emirates,EMRO,2020-11,28.938635129427382
AE,United Arab Emirates,EMRO,2020-12,-19.532968318592353
AE,United Arab Emirates,EMRO,2021-01,190.11049723756904
AE,United Arab Emirates,EMRO,2021-02,-11.86340446431256
AE,United Arab Emirates,EMRO,2021-03,-26.67712917789681
AE,United Arab Emirates,EMRO,2021-04,-13.367972082202405
AE,United Arab Emirates,EMRO,2021-05,4.443569177885993
AE,United Arab Emirates,EMRO,2021-06,-1.3490349343481094
AE,United Arab Emirates,EMRO,2021-07,-21.297631665826835
AE,United Arab Emirates,EMRO,2021-08,-0.01766238353865854
AE,United Arab Emirates,EMRO,2021-09,-57.59837477366073
AE,United Arab Emirates,EMRO,2021-10,-72.77366940943651
AE,United Arab Emirates,EMRO,2021-11,-61.09410864575363
AE,United Arab Emirates,EMRO,2021-12,277.18780727630286
AE,United Arab Emirates,EMRO,2022-01,1088.8555787278417
AE,United Arab Emirates,EMRO,2022-02,-58.32977008847811
AE,United Arab Emirates,EMRO,2022-03,-70.92377719893703
AE,United Arab Emirates,EMRO,2022-04,-35.797665369649806
AE,United Arab Emirates,EMRO,2022-05,43.439041578576465
AE,United Arab Emirates,EMRO,2022-06,194.4679178539845
AE,United Arab Emirates,EMRO,2022-07,78.0666043780032
AE,United Arab Emirates,EMRO,2022-08,-57.02827802035117
AE,United Arab Emirates,EMRO,2022-09,-48.18368147922027
AE,United Arab Emirates,EMRO,2022-10,-0.6059585928294899
AE,United Arab Emirates,EMRO,2022-11,-42.633361558001695
AE,United Arab Emirates,EMRO,2022-12,-59.39483394833949
AE,United Arab Emirates,EMRO,2023-01,-3.307888040712468
AE,United Arab Emirates,EMRO,2023-02,-5.150375939849624
AE,United Arab Emirates,EMRO,2023-03,88.3868410622275
AE,United Arab Emirates,EMRO,2023-04,32.8634546602146
AE,United Arab Emirates,EMRO,2023-05,-33.0166270783848
AE,United Arab Emirates,EMRO,2023-06,-100
AE,United Arab Emirates,EMRO,2023-07,NA
AE,United Arab Emirates,EMRO,2023-08,NA
AE,United Arab Emirates,EMRO,2023-09,NA
AE,United Arab Emirates,EMRO,2023-10,NA
AE,United Arab Emirates,EMRO,2023-11,NA
AE,United Arab Emirates,EMRO,2023-12,NA
AE,United Arab Emirates,EMRO,2024-01,NA
AE,United Arab Emirates,EMRO,2024-02,NA
AE,United Arab Emirates,EMRO,2024-03,NA
AE,United Arab Emirates,EMRO,2024-04,NA
AE,United Arab Emirates,EMRO,2024-05,NA
AE,United Arab Emirates,EMRO,2024-06,NA
AE,United Arab Emirates,EMRO,2024-07,NA
AE,United Arab Emirates,EMRO,2024-08,NA
AE,United Arab Emirates,EMRO,2024-09,NA
AE,United Arab Emirates,EMRO,2024-10,NA
AE,United Arab Emirates,EMRO,2024-11,NA
AE,United Arab Emirates,EMRO,2024-12,NA
AE,United Arab Emirates,EMRO,2025-01,NA
AE,United Arab Emirates,EMRO,2025-02,NA
AE,United Arab Emirates,EMRO,2025-03,NA
AE,United Arab Emirates,EMRO,2025-04,NA
AE,United Arab Emirates,EMRO,2025-05,NA
AF,Afghanistan,EMRO,2020-01,NA
AF,Afghanistan,EMRO,2020-02,NA
AF,Afghanistan,EMRO,2020-03,Inf
AF,Afghanistan,EMRO,2020-04,1261.5384615384614
AF,Afghanistan,EMRO,2020-05,958.3535108958838
AF,Afghanistan,EMRO,2020-06,23.335621139327383
AF,Afghanistan,EMRO,2020-07,-66.48735546899152
AF,Afghanistan,EMRO,2020-08,-61.125461254612546
AF,Afghanistan,EMRO,2020-09,-50.21357380161366
AF,Afghanistan,EMRO,2020-10,50.23832221163013
AF,Afghanistan,EMRO,2020-11,229.8223350253807
AF,Afghanistan,EMRO,2020-12,13.158907272027704
AF,Afghanistan,EMRO,2021-01,-46.02176130567834
AF,Afghanistan,EMRO,2021-02,-78.23622047244095
AF,Afghanistan,EMRO,2021-03,-16.063675832127352
AF,Afghanistan,EMRO,2021-04,339.48275862068965
AF,Afghanistan,EMRO,2021-05,367.5559042761867
AF,Afghanistan,EMRO,2021-06,264.6501090787045
AF,Afghanistan,EMRO,2021-07,-31.77247520651649
AF,Afghanistan,EMRO,2021-08,-69.10053623823818
AF,Afghanistan,EMRO,2021-09,-79.6332678454486
AF,Afghanistan,EMRO,2021-10,-36.28081457663451
AF,Afghanistan,EMRO,2021-11,-7.317073170731707
AF,Afghanistan,EMRO,2021-12,-35.39019963702359
AF,Afghanistan,EMRO,2022-01,428.6516853932584
AF,Afghanistan,EMRO,2022-02,205.89798087141335
AF,Afghanistan,EMRO,2022-03,-62.70627062706271
AF,Afghanistan,EMRO,2022-04,-72.65952491849092
AF,Afghanistan,EMRO,2022-05,25.63884156729131
AF,Afghanistan,EMRO,2022-06,32.13559322033898
AF,Afghanistan,EMRO,2022-07,79.98973832734735
AF,Afghanistan,EMRO,2022-08,88.93956670467503
AF,Afghanistan,EMRO,2022-09,-8.343391671695837
AF,Afghanistan,EMRO,2022-10,-25.08641975308642
AF,Afghanistan,EMRO,2022-11,-39.31004174906614
AF,Afghanistan,EMRO,2022-12,-37.50905141202028
AF,Afghanistan,EMRO,2023-01,-36.384704519119346
AF,Afghanistan,EMRO,2023-02,-24.316939890710383
AF,Afghanistan,EMRO,2023-03,-0.2406738868832732
AF,Afghanistan,EMRO,2023-04,479.0108564535585
AF,Afghanistan,EMRO,2023-05,32.02083333333333
AF,Afghanistan,EMRO,2023-06,-69.4019252011993
AF,Afghanistan,EMRO,2023-07,-44.92006188757091
AF,Afghanistan,EMRO,2023-08,-18.071161048689135
AF,Afghanistan,EMRO,2023-09,2.857142857142857
AF,Afghanistan,EMRO,2023-10,71.11111111111111
AF,Afghanistan,EMRO,2023-11,-6.753246753246753
AF,Afghanistan,EMRO,2023-12,-2.5069637883008355
AF,Afghanistan,EMRO,2024-01,-33.214285714285715
AF,Afghanistan,EMRO,2024-02,-2.5668449197860963
AF,Afghanistan,EMRO,2024-03,22.832052689352363
AF,Afghanistan,EMRO,2024-04,10.455764075067025
AF,Afghanistan,EMRO,2024-05,-48.381877022653725
AF,Afghanistan,EMRO,2024-06,-100
AF,Afghanistan,EMRO,2024-07,NA
AF,Afghanistan,EMRO,2024-08,NA
AF,Afghanistan,EMRO,2024-09,NA
AF,Afghanistan,EMRO,2024-10,NA
AF,Afghanistan,EMRO,2024-11,NA
AF,Afghanistan,EMRO,2024-12,NA
AF,Afghanistan,EMRO,2025-01,NA
AF,Afghanistan,EMRO,2025-02,NA
AF,Afghanistan,EMRO,2025-03,NA
AF,Afghanistan,EMRO,2025-04,NA
AF,Afghanistan,EMRO,2025-05,NA
AG,Antigua and Barbuda,AMRO,2020-01,NA
AG,Antigua and Barbuda,AMRO,2020-02,NA
AG,Antigua and Barbuda,AMRO,2020-03,Inf
AG,Antigua and Barbuda,AMRO,2020-04,142.85714285714286
AG,Antigua and Barbuda,AMRO,2020-05,-94.11764705882352
AG,Antigua and Barbuda,AMRO,2020-06,3900
AG,Antigua and Barbuda,AMRO,2020-07,-57.49999999999999
AG,Antigua and Barbuda,AMRO,2020-08,-29.411764705882355
AG,Antigua and Barbuda,AMRO,2020-09,-66.66666666666666
AG,Antigua and Barbuda,AMRO,2020-10,500
AG,Antigua and Barbuda,AMRO,2020-11,-20.833333333333336
AG,Antigua and Barbuda,AMRO,2020-12,-26.31578947368421
AG,Antigua and Barbuda,AMRO,2021-01,350
AG,Antigua and Barbuda,AMRO,2021-02,706.3492063492063
AG,Antigua and Barbuda,AMRO,2021-03,-22.04724409448819
AG,Antigua and Barbuda,AMRO,2021-04,-73.48484848484848
AG,Antigua and Barbuda,AMRO,2021-05,-69.52380952380952
AG,Antigua and Barbuda,AMRO,2021-06,-87.5
AG,Antigua and Barbuda,AMRO,2021-07,325
AG,Antigua and Barbuda,AMRO,2021-08,2005.8823529411764
AG,Antigua and Barbuda,AMRO,2021-09,253.072625698324
AG,Antigua and Barbuda,AMRO,2021-10,-9.968354430379748
AG,Antigua and Barbuda,AMRO,2021-11,-91.12478031634448
AG,Antigua and Barbuda,AMRO,2021-12,-12.871287128712872
AG,Antigua and Barbuda,AMRO,2022-01,2546.590909090909
AG,Antigua and Barbuda,AMRO,2022-02,-62.2584800343495
AG,Antigua and Barbuda,AMRO,2022-03,-94.88054607508532
AG,Antigua and Barbuda,AMRO,2022-04,97.77777777777776
AG,Antigua and Barbuda,AMRO,2022-05,515.7303370786517
AG,Antigua and Barbuda,AMRO,2022-06,-7.664233576642336
AG,Antigua and Barbuda,AMRO,2022-07,-70.7509881422925
AG,Antigua and Barbuda,AMRO,2022-08,18.91891891891892
AG,Antigua and Barbuda,AMRO,2022-09,-20.454545454545457
AG,Antigua and Barbuda,AMRO,2022-10,-87.85714285714286
AG,Antigua and Barbuda,AMRO,2022-11,-100
AG,Antigua and Barbuda,AMRO,2022-12,NA
AG,Antigua and Barbuda,AMRO,2023-01,NA
AG,Antigua and Barbuda,AMRO,2023-02,NA
AG,Antigua and Barbuda,AMRO,2023-03,NA
AG,Antigua and Barbuda,AMRO,2023-04,NA
AG,Antigua and Barbuda,AMRO,2023-05,NA
AG,Antigua and Barbuda,AMRO,2023-06,NA
AG,Antigua and Barbuda,AMRO,2023-07,NA
AG,Antigua and Barbuda,AMRO,2023-08,NA
AG,Antigua and Barbuda,AMRO,2023-09,NA
AG,Antigua and Barbuda,AMRO,2023-10,NA
AG,Antigua and Barbuda,AMRO,2023-11,NA
AG,Antigua and Barbuda,AMRO,2023-12,NA
AG,Antigua and Barbuda,AMRO,2024-01,NA
AG,Antigua and Barbuda,AMRO,2024-02,NA
AG,Antigua and Barbuda,AMRO,2024-03,NA
AG,Antigua and Barbuda,AMRO,2024-04,NA
AG,Antigua and Barbuda,AMRO,2024-05,NA
AG,Antigua and Barbuda,AMRO,2024-06,NA
AG,Antigua and Barbuda,AMRO,2024-07,NA
AG,Antigua and Barbuda,AMRO,2024-08,NA
AG,Antigua and Barbuda,AMRO,2024-09,NA
AG,Antigua and Barbuda,AMRO,2024-10,NA
AG,Antigua and Barbuda,AMRO,2024-11,NA
AG,Antigua and Barbuda,AMRO,2024-12,NA
AG,Antigua and Barbuda,AMRO,2025-01,NA
AG,Antigua and Barbuda,AMRO,2025-02,NA
AG,Antigua and Barbuda,AMRO,2025-03,NA
AG,Antigua and Barbuda,AMRO,2025-04,NA
AG,Antigua and Barbuda,AMRO,2025-05,NA
AI,Anguilla,AMRO,2020-01,NA
AI,Anguilla,AMRO,2020-02,NA
AI,Anguilla,AMRO,2020-03,Inf
AI,Anguilla,AMRO,2020-04,-50
AI,Anguilla,AMRO,2020-05,-100
AI,Anguilla,AMRO,2020-06,NA
AI,Anguilla,AMRO,2020-07,NA
AI,Anguilla,AMRO,2020-08,NA
AI,Anguilla,AMRO,2020-09,NA
AI,Anguilla,AMRO,2020-10,NA
AI,Anguilla,AMRO,2020-11,Inf
AI,Anguilla,AMRO,2020-12,700
AI,Anguilla,AMRO,2021-01,-37.5
AI,Anguilla,AMRO,2021-02,-80
AI,Anguilla,AMRO,2021-03,400
AI,Anguilla,AMRO,2021-04,600
AI,Anguilla,AMRO,2021-05,45.714285714285715
AI,Anguilla,AMRO,2021-06,-100
AI,Anguilla,AMRO,2021-07,Inf
AI,Anguilla,AMRO,2021-08,1925
AI,Anguilla,AMRO,2021-09,109.87654320987654
AI,Anguilla,AMRO,2021-10,210.58823529411765
AI,Anguilla,AMRO,2021-11,-16.28787878787879
AI,Anguilla,AMRO,2021-12,-29.411764705882355
AI,Anguilla,AMRO,2022-01,117.3076923076923
AI,Anguilla,AMRO,2022-02,-69.91150442477876
AI,Anguilla,AMRO,2022-03,-48.52941176470589
AI,Anguilla,AMRO,2022-04,-6.666666666666667
AI,Anguilla,AMRO,2022-05,381.6326530612245
AI,Anguilla,AMRO,2022-06,-55.932203389830505
AI,Anguilla,AMRO,2022-07,-18.75
AI,Anguilla,AMRO,2022-08,33.13609467455622
AI,Anguilla,AMRO,2022-09,-76.44444444444444
AI,Anguilla,AMRO,2022-10,-84.90566037735849
AI,Anguilla,AMRO,2022-11,-100
AI,Anguilla,AMRO,2022-12,Inf
AI,Anguilla,AMRO,2023-01,-100
AI,Anguilla,AMRO,2023-02,NA
AI,Anguilla,AMRO,2023-03,NA
AI,Anguilla,AMRO,2023-04,NA
AI,Anguilla,AMRO,2023-05,NA
AI,Anguilla,AMRO,2023-06,NA
AI,Anguilla,AMRO,2023-07,NA
AI,Anguilla,AMRO,2023-08,NA
AI,Anguilla,AMRO,2023-09,NA
AI,Anguilla,AMRO,2023-10,NA
AI,Anguilla,AMRO,2023-11,NA
AI,Anguilla,AMRO,2023-12,NA
AI,Anguilla,AMRO,2024-01,NA
AI,Anguilla,AMRO,2024-02,NA
AI,Anguilla,AMRO,2024-03,NA
AI,Anguilla,AMRO,2024-04,NA
AI,Anguilla,AMRO,2024-05,NA
AI,Anguilla,AMRO,2024-06,NA
AI,Anguilla,AMRO,2024-07,NA
AI,Anguilla,AMRO,2024-08,NA
AI,Anguilla,AMRO,2024-09,NA
AI,Anguilla,AMRO,2024-10,NA
AI,Anguilla,AMRO,2024-11,NA
AI,Anguilla,AMRO,2024-12,NA
AI,Anguilla,AMRO,2025-01,NA
AI,Anguilla,AMRO,2025-02,NA
AI,Anguilla,AMRO,2025-03,NA
AI,Anguilla,AMRO,2025-04,NA
AI,Anguilla,AMRO,2025-05,NA
AL,Albania,EURO,2020-01,NA
AL,Albania,EURO,2020-02,NA
AL,Albania,EURO,2020-03,Inf
AL,Albania,EURO,2020-04,164.51612903225808
AL,Albania,EURO,2020-05,-14.43089430894309
AL,Albania,EURO,2020-06,177.90973871733965
AL,Albania,EURO,2020-07,96.66666666666669
AL,Albania,EURO,2020-08,100.99956540634508
AL,Albania,EURO,2020-09,-16.756756756756758
AL,Albania,EURO,2020-10,43.142857142857146
AL,Albania,EURO,2020-11,220.9762293594629
AL,Albania,EURO,2020-12,8.174571767765277
AL,Albania,EURO,2021-01,9.589756989809253
AL,Albania,EURO,2021-02,37.715784453981875
AL,Albania,EURO,2021-03,-37.715987395685445
AL,Albania,EURO,2021-04,-60.78278756879969
AL,Albania,EURO,2021-05,-71.43464700878934
AL,Albania,EURO,2021-06,-89.03225806451613
AL,Albania,EURO,2021-07,45.70135746606335
AL,Albania,EURO,2021-08,3113.0434782608695
AL,Albania,EURO,2021-09,127.29557316837426
AL,Albania,EURO,2021-10,-24.944718489539035
AL,Albania,EURO,2021-11,-18.458923512747873
AL,Albania,EURO,2021-12,-41.015842134519175
AL,Albania,EURO,2022-01,471.5631994345624
AL,Albania,EURO,2022-02,-67.90395713107996
AL,Albania,EURO,2022-03,-87.13157387786553
AL,Albania,EURO,2022-04,-31.786427145708583
AL,Albania,EURO,2022-05,-2.9261155815654716
AL,Albania,EURO,2022-06,65.71213262999245
AL,Albania,EURO,2022-07,1312.7785356980446
AL,Albania,EURO,2022-08,-43.55103486014099
AL,Albania,EURO,2022-09,-77.49329988025318
AL,Albania,EURO,2022-10,-75.0950088674943
AL,Albania,EURO,2022-11,-53.50966429298067
AL,Albania,EURO,2022-12,2.4070021881838075
AL,Albania,EURO,2023-01,17.307692307692307
AL,Albania,EURO,2023-02,-51.91256830601093
AL,Albania,EURO,2023-03,19.696969696969695
AL,Albania,EURO,2023-04,-7.9113924050632916
AL,Albania,EURO,2023-05,-100
AL,Albania,EURO,2023-06,NA
AL,Albania,EURO,2023-07,NA
AL,Albania,EURO,2023-08,NA
AL,Albania,EURO,2023-09,NA
AL,Albania,EURO,2023-10,NA
AL,Albania,EURO,2023-11,Inf
AL,Albania,EURO,2023-12,-40.88050314465409
AL,Albania,EURO,2024-01,42.02127659574468
AL,Albania,EURO,2024-02,-64.04494382022472
AL,Albania,EURO,2024-03,-28.125
AL,Albania,EURO,2024-04,-78.26086956521739
AL,Albania,EURO,2024-05,40
AL,Albania,EURO,2024-06,795.2380952380953
AL,Albania,EURO,2024-07,367.5531914893617
AL,Albania,EURO,2024-08,-12.400455062571105
AL,Albania,EURO,2024-09,-64.93506493506493
AL,Albania,EURO,2024-10,-91.11111111111111
AL,Albania,EURO,2024-11,-95.83333333333334
AL,Albania,EURO,2024-12,-100
AL,Albania,EURO,2025-01,NA
AL,Albania,EURO,2025-02,NA
AL,Albania,EURO,2025-03,NA
AL,Albania,EURO,2025-04,NA
AL,Albania,EURO,2025-05,NA
AM,Armenia,EURO,2020-01,NA
AM,Armenia,EURO,2020-02,NA
AM,Armenia,EURO,2020-03,Inf
AM,Armenia,EURO,2020-04,211.7924528301887
AM,Armenia,EURO,2020-05,470.0453857791225
AM,Armenia,EURO,2020-06,103.86146496815287
AM,Armenia,EURO,2020-07,-17.51611013473931
AM,Armenia,EURO,2020-08,-49.23453282828283
AM,Armenia,EURO,2020-09,-12.17161510959117
AM,Armenia,EURO,2020-10,403.3097345132743
AM,Armenia,EURO,2020-11,100.20044308471358
AM,Armenia,EURO,2020-12,-59.484287997751665
AM,Armenia,EURO,2021-01,-60.14913725830227
AM,Armenia,EURO,2021-02,-45.25674499564839
AM,Armenia,EURO,2021-03,262.8577106518283
AM,Armenia,EURO,2021-04,25.806451612903224
AM,Armenia,EURO,2021-05,-59.30521091811415
AM,Armenia,EURO,2021-06,-76.88275566966196
AM,Armenia,EURO,2021-07,85.14576584914391
AM,Armenia,EURO,2021-08,213.37165708572857
AM,Armenia,EURO,2021-09,37.254745573456695
AM,Armenia,EURO,2021-10,189.27305479690855
AM,Armenia,EURO,2021-11,-40.52951929450995
AM,Armenia,EURO,2021-12,-77.87535889207903
AM,Armenia,EURO,2022-01,235.14503816793896
AM,Armenia,EURO,2022-02,142.62026239067055
AM,Armenia,EURO,2022-03,-94.80848666917012
AM,Armenia,EURO,2022-04,-86.72694394213381
AM,Armenia,EURO,2022-05,-63.21525885558583
AM,Armenia,EURO,2022-06,6.666666666666667
AM,Armenia,EURO,2022-07,1470.138888888889
AM,Armenia,EURO,2022-08,205.57275541795667
AM,Armenia,EURO,2022-09,25.647705890866984
AM,Armenia,EURO,2022-10,-57.885036286142146
AM,Armenia,EURO,2022-11,-82.19365426695843
AM,Armenia,EURO,2022-12,-50.69124423963134
AM,Armenia,EURO,2023-01,-17.445482866043612
AM,Armenia,EURO,2023-02,132.0754716981132
AM,Armenia,EURO,2023-03,174.47154471544715
AM,Armenia,EURO,2023-04,-46.03080568720379
AM,Armenia,EURO,2023-05,-84.5225027442371
AM,Armenia,EURO,2023-06,-78.72340425531915
AM,Armenia,EURO,2023-07,63.33333333333333
AM,Armenia,EURO,2023-08,53.06122448979592
AM,Armenia,EURO,2023-09,290.6666666666667
AM,Armenia,EURO,2023-10,269.28327645051195
AM,Armenia,EURO,2023-11,-56.37707948243993
AM,Armenia,EURO,2023-12,-52.96610169491526
AM,Armenia,EURO,2024-01,7.657657657657657
AM,Armenia,EURO,2024-02,-21.75732217573222
AM,Armenia,EURO,2024-03,-22.994652406417114
AM,Armenia,EURO,2024-04,-15.27777777777778
AM,Armenia,EURO,2024-05,3.278688524590164
AM,Armenia,EURO,2024-06,106.34920634920636
AM,Armenia,EURO,2024-07,18.076923076923077
AM,Armenia,EURO,2024-08,25.0814332247557
AM,Armenia,EURO,2024-09,27.604166666666668
AM,Armenia,EURO,2024-10,-62.44897959183674
AM,Armenia,EURO,2024-11,-48.369565217391305
AM,Armenia,EURO,2024-12,-4.2105263157894735
AM,Armenia,EURO,2025-01,-16.483516483516482
AM,Armenia,EURO,2025-02,38.15789473684211
AM,Armenia,EURO,2025-03,-70.47619047619048
AM,Armenia,EURO,2025-04,-100
AM,Armenia,EURO,2025-05,NA
AO,Angola,AFRO,2020-01,NA
AO,Angola,AFRO,2020-02,NA
AO,Angola,AFRO,2020-03,NA
AO,Angola,AFRO,2020-04,Inf
AO,Angola,AFRO,2020-05,136
AO,Angola,AFRO,2020-06,196.61016949152545
AO,Angola,AFRO,2020-07,275.42857142857144
AO,Angola,AFRO,2020-08,148.8584474885845
AO,Angola,AFRO,2020-09,29.724770642201836
AO,Angola,AFRO,2020-10,105.28052805280528
AO,Angola,AFRO,2020-11,39.20532843362425
AO,Angola,AFRO,2020-12,-65.97921135126217
AO,Angola,AFRO,2021-01,27.69156159068865
AO,Angola,AFRO,2021-02,-62.02050892518041
AO,Angola,AFRO,2021-03,24.9
AO,Angola,AFRO,2021-04,177.10168134507606
AO,Angola,AFRO,2021-05,151.02571511123952
AO,Angola,AFRO,2021-06,-49.95395948434622
AO,Angola,AFRO,2021-07,-26.21895124195032
AO,Angola,AFRO,2021-08,66.55236907730672
AO,Angola,AFRO,2021-09,44.41325098259405
AO,Angola,AFRO,2021-10,24.14463452566096
AO,Angola,AFRO,2021-11,-92.01378014406514
AO,Angola,AFRO,2021-12,684.7058823529411
AO,Angola,AFRO,2022-01,348.3591537564551
AO,Angola,AFRO,2022-02,-97.6072821846554
AO,Angola,AFRO,2022-03,-37.11180124223603
AO,Angola,AFRO,2022-04,-47.65432098765432
AO,Angola,AFRO,2022-05,108.96226415094338
AO,Angola,AFRO,2022-06,237.69751693002257
AO,Angola,AFRO,2022-07,-18.58288770053476
AO,Angola,AFRO,2022-08,-55.09031198686372
AO,Angola,AFRO,2022-09,-80.07312614259597
AO,Angola,AFRO,2022-10,328.440366972477
AO,Angola,AFRO,2022-11,127.19486081370452
AO,Angola,AFRO,2022-12,-61.26295947219605
AO,Angola,AFRO,2023-01,-72.26277372262774
AO,Angola,AFRO,2023-02,-37.719298245614034
AO,Angola,AFRO,2023-03,-14.084507042253522
AO,Angola,AFRO,2023-04,11.475409836065571
AO,Angola,AFRO,2023-05,539.7058823529412
AO,Angola,AFRO,2023-06,-80.45977011494253
AO,Angola,AFRO,2023-07,-68.23529411764706
AO,Angola,AFRO,2023-08,-77.77777777777779
AO,Angola,AFRO,2023-09,316.66666666666663
AO,Angola,AFRO,2023-10,-44
AO,Angola,AFRO,2023-11,957.1428571428572
AO,Angola,AFRO,2023-12,443.2432432432432
AO,Angola,AFRO,2024-01,-54.72636815920397
AO,Angola,AFRO,2024-02,-90.65934065934066
AO,Angola,AFRO,2024-03,-8.823529411764707
AO,Angola,AFRO,2024-04,19.35483870967742
AO,Angola,AFRO,2024-05,62.16216216216216
AO,Angola,AFRO,2024-06,-70
AO,Angola,AFRO,2024-07,-50
AO,Angola,AFRO,2024-08,-100
AO,Angola,AFRO,2024-09,Inf
AO,Angola,AFRO,2024-10,-100
AO,Angola,AFRO,2024-11,Inf
AO,Angola,AFRO,2024-12,-100
AO,Angola,AFRO,2025-01,NA
AO,Angola,AFRO,2025-02,NA
AO,Angola,AFRO,2025-03,NA
AO,Angola,AFRO,2025-04,NA
AO,Angola,AFRO,2025-05,NA
AR,Argentina,AMRO,2020-01,NA
AR,Argentina,AMRO,2020-02,NA
AR,Argentina,AMRO,2020-03,Inf
AR,Argentina,AMRO,2020-04,226.2090483619345
AR,Argentina,AMRO,2020-05,305.117168818747
AR,Argentina,AMRO,2020-06,201.25723055129265
AR,Argentina,AMRO,2020-07,127.24779090499425
AR,Argentina,AMRO,2020-08,126.27494934689832
AR,Argentina,AMRO,2020-09,17.17502714854541
AR,Argentina,AMRO,2020-10,22.541948491155047
AR,Argentina,AMRO,2020-11,-13.682693762090642
AR,Argentina,AMRO,2020-12,-48.23121074523716
AR,Argentina,AMRO,2021-01,115.949594104268
AR,Argentina,AMRO,2021-02,-47.915818767805874
AR,Argentina,AMRO,2021-03,14.631918522077497
AR,Argentina,AMRO,2021-04,166.04594821153864
AR,Argentina,AMRO,2021-05,54.97686207093554
AR,Argentina,AMRO,2021-06,-29.762104242489233
AR,Argentina,AMRO,2021-07,-31.963699807715855
AR,Argentina,AMRO,2021-08,-26.250692524013346
AR,Argentina,AMRO,2021-09,-76.66813529559062
AR,Argentina,AMRO,2021-10,-44.683394693583665
AR,Argentina,AMRO,2021-11,-1.37285721302618
AR,Argentina,AMRO,2021-12,299.7385393062576
AR,Argentina,AMRO,2022-01,1669.4439080302243
AR,Argentina,AMRO,2022-02,-82.43478450670409
AR,Argentina,AMRO,2022-03,-76.24789303745332
AR,Argentina,AMRO,2022-04,-54.13175370646955
AR,Argentina,AMRO,2022-05,191.29658927848703
AR,Argentina,AMRO,2022-06,-13.73221424376196
AR,Argentina,AMRO,2022-07,41.38829713248267
AR,Argentina,AMRO,2022-08,-38.945297330882546
AR,Argentina,AMRO,2022-09,-74.39322240879255
AR,Argentina,AMRO,2022-10,-65.37506209637357
AR,Argentina,AMRO,2022-11,-19.923481587757056
AR,Argentina,AMRO,2022-12,1857.620640229336
AR,Argentina,AMRO,2023-01,-10.919385937080516
AR,Argentina,AMRO,2023-02,-95.21219759445464
AR,Argentina,AMRO,2023-03,-88.09728183118742
AR,Argentina,AMRO,2023-04,-100
AR,Argentina,AMRO,2023-05,NA
AR,Argentina,AMRO,2023-06,NA
AR,Argentina,AMRO,2023-07,NA
AR,Argentina,AMRO,2023-08,NA
AR,Argentina,AMRO,2023-09,NA
AR,Argentina,AMRO,2023-10,NA
AR,Argentina,AMRO,2023-11,NA
AR,Argentina,AMRO,2023-12,NA
AR,Argentina,AMRO,2024-01,Inf
AR,Argentina,AMRO,2024-02,4.884177822451684
AR,Argentina,AMRO,2024-03,-60.60724864959052
AR,Argentina,AMRO,2024-04,-88.22293486674776
AR,Argentina,AMRO,2024-05,-61.314553990610335
AR,Argentina,AMRO,2024-06,49.271844660194176
AR,Argentina,AMRO,2024-07,-40.487804878048784
AR,Argentina,AMRO,2024-08,65.02732240437157
AR,Argentina,AMRO,2024-09,222.01986754966887
AR,Argentina,AMRO,2024-10,57.326478149100254
AR,Argentina,AMRO,2024-11,-7.516339869281046
AR,Argentina,AMRO,2024-12,-66.92579505300354
AR,Argentina,AMRO,2025-01,-63.78205128205128
AR,Argentina,AMRO,2025-02,0.2949852507374631
AR,Argentina,AMRO,2025-03,88.52941176470588
AR,Argentina,AMRO,2025-04,-43.6817472698908
AR,Argentina,AMRO,2025-05,-66.7590027700831
AS,American Samoa,WPRO,2020-01,NA
AS,American Samoa,WPRO,2020-02,NA
AS,American Samoa,WPRO,2020-03,NA
AS,American Samoa,WPRO,2020-04,NA
AS,American Samoa,WPRO,2020-05,NA
AS,American Samoa,WPRO,2020-06,NA
AS,American Samoa,WPRO,2020-07,NA
AS,American Samoa,WPRO,2020-08,NA
AS,American Samoa,WPRO,2020-09,NA
AS,American Samoa,WPRO,2020-10,NA
AS,American Samoa,WPRO,2020-11,NA
AS,American Samoa,WPRO,2020-12,NA
AS,American Samoa,WPRO,2021-01,NA
AS,American Samoa,WPRO,2021-02,NA
AS,American Samoa,WPRO,2021-03,NA
AS,American Samoa,WPRO,2021-04,NA
AS,American Samoa,WPRO,2021-05,NA
AS,American Samoa,WPRO,2021-06,NA
AS,American Samoa,WPRO,2021-07,NA
AS,American Samoa,WPRO,2021-08,NA
AS,American Samoa,WPRO,2021-09,Inf
AS,American Samoa,WPRO,2021-10,200
AS,American Samoa,WPRO,2021-11,-66.66666666666666
AS,American Samoa,WPRO,2021-12,500
AS,American Samoa,WPRO,2022-01,16.666666666666664
AS,American Samoa,WPRO,2022-02,842.8571428571429
AS,American Samoa,WPRO,2022-03,4739.393939393939
AS,American Samoa,WPRO,2022-04,-22.13525360050094
AS,American Samoa,WPRO,2022-05,-84.72054684358665
AS,American Samoa,WPRO,2022-06,-5.263157894736842
AS,American Samoa,WPRO,2022-07,250.27777777777777
AS,American Samoa,WPRO,2022-08,-68.12053925455987
AS,American Samoa,WPRO,2022-09,-80.34825870646766
AS,American Samoa,WPRO,2022-10,-87.34177215189874
AS,American Samoa,WPRO,2022-11,-30
AS,American Samoa,WPRO,2022-12,-71.42857142857143
AS,American Samoa,WPRO,2023-01,2600
AS,American Samoa,WPRO,2023-02,-100
AS,American Samoa,WPRO,2023-03,Inf
AS,American Samoa,WPRO,2023-04,25
AS,American Samoa,WPRO,2023-05,-60
AS,American Samoa,WPRO,2023-06,-50
AS,American Samoa,WPRO,2023-07,800
AS,American Samoa,WPRO,2023-08,-100
AS,American Samoa,WPRO,2023-09,Inf
AS,American Samoa,WPRO,2023-10,-100
AS,American Samoa,WPRO,2023-11,NA
AS,American Samoa,WPRO,2023-12,NA
AS,American Samoa,WPRO,2024-01,NA
AS,American Samoa,WPRO,2024-02,NA
AS,American Samoa,WPRO,2024-03,NA
AS,American Samoa,WPRO,2024-04,NA
AS,American Samoa,WPRO,2024-05,NA
AS,American Samoa,WPRO,2024-06,NA
AS,American Samoa,WPRO,2024-07,NA
AS,American Samoa,WPRO,2024-08,NA
AS,American Samoa,WPRO,2024-09,NA
AS,American Samoa,WPRO,2024-10,NA
AS,American Samoa,WPRO,2024-11,NA
AS,American Samoa,WPRO,2024-12,NA
AS,American Samoa,WPRO,2025-01,NA
AS,American Samoa,WPRO,2025-02,NA
AS,American Samoa,WPRO,2025-03,NA
AS,American Samoa,WPRO,2025-04,NA
AS,American Samoa,WPRO,2025-05,NA
AT,Austria,EURO,2020-01,NA
AT,Austria,EURO,2020-02,NA
AT,Austria,EURO,2020-03,Inf
AT,Austria,EURO,2020-04,42.21593206631621
AT,Austria,EURO,2020-05,-79.86920671026442
AT,Austria,EURO,2020-06,-35.663841807909606
AT,Austria,EURO,2020-07,205.8177826564215
AT,Austria,EURO,2020-08,136.10911701363963
AT,Austria,EURO,2020-09,134.99543934326545
AT,Austria,EURO,2020-10,139.26122396170268
AT,Austria,EURO,2020-11,428.1654724888468
AT,Austria,EURO,2020-12,-62.48835375904823
AT,Austria,EURO,2021-01,-16.990556253070583
AT,Austria,EURO,2021-02,-29.240785190543516
AT,Austria,EURO,2021-03,75.6110594795539
AT,Austria,EURO,2021-04,-3.855364301496368
AT,Austria,EURO,2021-05,-48.692014476599375
AT,Austria,EURO,2021-06,-82.93415582673998
AT,Austria,EURO,2021-07,-6.5535124941065535
AT,Austria,EURO,2021-08,379.9865455768584
AT,Austria,EURO,2021-09,77.0427470217239
AT,Austria,EURO,2021-10,80.98875870804306
AT,Austria,EURO,2021-11,236.30071077091307
AT,Austria,EURO,2021-12,-58.517234764117354
AT,Austria,EURO,2022-01,329.1105903009116
AT,Austria,EURO,2022-02,53.59673397813519
AT,Austria,EURO,2022-03,28.10317372540205
AT,Austria,EURO,2022-04,-63.14941258929525
AT,Austria,EURO,2022-05,-62.54329901322336
AT,Austria,EURO,2022-06,-8.464259772403219
AT,Austria,EURO,2022-07,169.12468129817267
AT,Austria,EURO,2022-08,-57.39660802236565
AT,Austria,EURO,2022-09,-9.78365353805929
AT,Austria,EURO,2022-10,162.19038350890403
AT,Austria,EURO,2022-11,-69.58351056192073
AT,Austria,EURO,2022-12,19.828983700008905
AT,Austria,EURO,2023-01,-30.183153450480184
AT,Austria,EURO,2023-02,33.03558120222302
AT,Austria,EURO,2023-03,-0.32011524148693526
AT,Austria,EURO,2023-04,-65.44016699450043
AT,Austria,EURO,2023-05,-73.10551503043256
AT,Austria,EURO,2023-06,-62.24410469033428
AT,Austria,EURO,2023-07,-88.28643331045527
AT,Austria,EURO,2023-08,-100
AT,Austria,EURO,2023-09,NA
AT,Austria,EURO,2023-10,NA
AT,Austria,EURO,2023-11,Inf
AT,Austria,EURO,2023-12,67.57575757575758
AT,Austria,EURO,2024-01,-77.9385171790235
AT,Austria,EURO,2024-02,-68.85245901639344
AT,Austria,EURO,2024-03,-71.05263157894737
AT,Austria,EURO,2024-04,-63.63636363636363
AT,Austria,EURO,2024-05,-25
AT,Austria,EURO,2024-06,733.3333333333333
AT,Austria,EURO,2024-07,124
AT,Austria,EURO,2024-08,14.285714285714285
AT,Austria,EURO,2024-09,154.6875
AT,Austria,EURO,2024-10,25.153374233128833
AT,Austria,EURO,2024-11,-56.86274509803921
AT,Austria,EURO,2024-12,1.1363636363636365
AT,Austria,EURO,2025-01,-57.30337078651685
AT,Austria,EURO,2025-02,-39.473684210526315
AT,Austria,EURO,2025-03,-13.043478260869565
AT,Austria,EURO,2025-04,-75
AT,Austria,EURO,2025-05,-60
AU,Australia,WPRO,2020-01,NA
AU,Australia,WPRO,2020-02,350
AU,Australia,WPRO,2020-03,20938.888888888887
AU,Australia,WPRO,2020-04,-23.58067071560602
AU,Australia,WPRO,2020-05,-83.34485141672425
AU,Australia,WPRO,2020-06,-5.394190871369295
AU,Australia,WPRO,2020-07,1283.5526315789475
AU,Australia,WPRO,2020-08,83.81676969408781
AU,Australia,WPRO,2020-09,-87.33293093041303
AU,Australia,WPRO,2020-10,-67.12049012933969
AU,Australia,WPRO,2020-11,-20.082815734989648
AU,Australia,WPRO,2020-12,6.476683937823833
AU,Australia,WPRO,2021-01,25.304136253041364
AU,Australia,WPRO,2021-02,-69.12621359223301
AU,Australia,WPRO,2021-03,82.38993710691824
AU,Australia,WPRO,2021-04,40
AU,Australia,WPRO,2021-05,6.403940886699508
AU,Australia,WPRO,2021-06,70.60185185185185
AU,Australia,WPRO,2021-07,301.6282225237449
AU,Australia,WPRO,2021-08,638.7162162162161
AU,Australia,WPRO,2021-09,121.75523644013538
AU,Australia,WPRO,2021-10,44.02029326238941
AU,Australia,WPRO,2021-11,-46.38571469484778
AU,Australia,WPRO,2021-12,314.4707673406159
AU,Australia,WPRO,2022-01,1160.7963552473868
AU,Australia,WPRO,2022-02,-64.54450713482908
AU,Australia,WPRO,2022-03,65.86016661453054
AU,Australia,WPRO,2022-04,17.438880134750953
AU,Australia,WPRO,2022-05,9.430193463206765
AU,Australia,WPRO,2022-06,-47.26305004277594
AU,Australia,WPRO,2022-07,45.951394419245254
AU,Australia,WPRO,2022-08,-38.31062023881698
AU,Australia,WPRO,2022-09,-66.09409294780036
AU,Australia,WPRO,2022-10,-29.6108817018202
AU,Australia,WPRO,2022-11,46.24616559840536
AU,Australia,WPRO,2022-12,73.89585110159842
AU,Australia,WPRO,2023-01,-34.88948389837071
AU,Australia,WPRO,2023-02,-74.147624882866
AU,Australia,WPRO,2023-03,15.345043914680051
AU,Australia,WPRO,2023-04,68.75521229921317
AU,Australia,WPRO,2023-05,0.4519312720683555
AU,Australia,WPRO,2023-06,-20.31100717270096
AU,Australia,WPRO,2023-07,-60.71470111929281
AU,Australia,WPRO,2023-08,-52.40958367495673
AU,Australia,WPRO,2023-09,-0.7944104134762634
AU,Australia,WPRO,2023-10,31.93439459720212
AU,Australia,WPRO,2023-11,42.819012797074954
AU,Australia,WPRO,2023-12,33.06878984152991
AU,Australia,WPRO,2024-01,-21.684174073646545
AU,Australia,WPRO,2024-02,-24.148180902547473
AU,Australia,WPRO,2024-03,-1.1562004080707322
AU,Australia,WPRO,2024-04,-41.40235910878113
AU,Australia,WPRO,2024-05,9.80764929545963
AU,Australia,WPRO,2024-06,-100
AU,Australia,WPRO,2024-07,NA
AU,Australia,WPRO,2024-08,NA
AU,Australia,WPRO,2024-09,NA
AU,Australia,WPRO,2024-10,NA
AU,Australia,WPRO,2024-11,NA
AU,Australia,WPRO,2024-12,NA
AU,Australia,WPRO,2025-01,NA
AU,Australia,WPRO,2025-02,NA
AU,Australia,WPRO,2025-03,NA
AU,Australia,WPRO,2025-04,NA
AU,Australia,WPRO,2025-05,NA
AW,Aruba,AMRO,2020-01,NA
AW,Aruba,AMRO,2020-02,NA
AW,Aruba,AMRO,2020-03,Inf
AW,Aruba,AMRO,2020-04,17.391304347826086
AW,Aruba,AMRO,2020-05,-98.14814814814817
AW,Aruba,AMRO,2020-06,-100
AW,Aruba,AMRO,2020-07,Inf
AW,Aruba,AMRO,2020-08,10718.75
AW,Aruba,AMRO,2020-09,10.22530329289428
AW,Aruba,AMRO,2020-10,-66.82389937106919
AW,Aruba,AMRO,2020-11,-36.492890995260666
AW,Aruba,AMRO,2020-12,8.706467661691542
AW,Aruba,AMRO,2021-01,272.99771167048056
AW,Aruba,AMRO,2021-02,-41.96319018404908
AW,Aruba,AMRO,2021-03,34.143763213530654
AW,Aruba,AMRO,2021-04,10.00788022064618
AW,Aruba,AMRO,2021-05,-65.0429799426934
AW,Aruba,AMRO,2021-06,-65.57377049180327
AW,Aruba,AMRO,2021-07,-0.5952380952380952
AW,Aruba,AMRO,2021-08,1711.9760479041915
AW,Aruba,AMRO,2021-09,-65.86252478519498
AW,Aruba,AMRO,2021-10,-48.59632139399807
AW,Aruba,AMRO,2021-11,-28.24858757062147
AW,Aruba,AMRO,2021-12,136.74540682414698
AW,Aruba,AMRO,2022-01,1624.279379157428
AW,Aruba,AMRO,2022-02,-93.9754388220922
AW,Aruba,AMRO,2022-03,-79.93596584845251
AW,Aruba,AMRO,2022-04,220.74468085106383
AW,Aruba,AMRO,2022-05,251.24378109452735
AW,Aruba,AMRO,2022-06,70.6798866855524
AW,Aruba,AMRO,2022-07,-47.41355463347164
AW,Aruba,AMRO,2022-08,-64.75539189900053
AW,Aruba,AMRO,2022-09,-67.16417910447761
AW,Aruba,AMRO,2022-10,65.45454545454545
AW,Aruba,AMRO,2022-11,-35.714285714285715
AW,Aruba,AMRO,2022-12,-21.36752136752137
AW,Aruba,AMRO,2023-01,30.978260869565215
AW,Aruba,AMRO,2023-02,-78.83817427385893
AW,Aruba,AMRO,2023-03,7.84313725490196
AW,Aruba,AMRO,2023-04,-72.72727272727273
AW,Aruba,AMRO,2023-05,340
AW,Aruba,AMRO,2023-06,-69.6969696969697
AW,Aruba,AMRO,2023-07,20
AW,Aruba,AMRO,2023-08,-100
AW,Aruba,AMRO,2023-09,NA
AW,Aruba,AMRO,2023-10,NA
AW,Aruba,AMRO,2023-11,NA
AW,Aruba,AMRO,2023-12,NA
AW,Aruba,AMRO,2024-01,NA
AW,Aruba,AMRO,2024-02,NA
AW,Aruba,AMRO,2024-03,NA
AW,Aruba,AMRO,2024-04,NA
AW,Aruba,AMRO,2024-05,NA
AW,Aruba,AMRO,2024-06,NA
AW,Aruba,AMRO,2024-07,NA
AW,Aruba,AMRO,2024-08,NA
AW,Aruba,AMRO,2024-09,NA
AW,Aruba,AMRO,2024-10,NA
AW,Aruba,AMRO,2024-11,NA
AW,Aruba,AMRO,2024-12,NA
AW,Aruba,AMRO,2025-01,NA
AW,Aruba,AMRO,2025-02,NA
AW,Aruba,AMRO,2025-03,NA
AW,Aruba,AMRO,2025-04,NA
AW,Aruba,AMRO,2025-05,NA
AZ,Azerbaijan,EURO,2020-01,NA
AZ,Azerbaijan,EURO,2020-02,NA
AZ,Azerbaijan,EURO,2020-03,Inf
AZ,Azerbaijan,EURO,2020-04,882.9931972789116
AZ,Azerbaijan,EURO,2020-05,135.0865051903114
AZ,Azerbaijan,EURO,2020-06,205.56373270532825
AZ,Azerbaijan,EURO,2020-07,34.32562620423892
AZ,Azerbaijan,EURO,2020-08,-52.13368715484472
AZ,Azerbaijan,EURO,2020-09,-43.04764758765358
AZ,Azerbaijan,EURO,2020-10,121.88897658510918
AZ,Azerbaijan,EURO,2020-11,630.2821911311358
AZ,Azerbaijan,EURO,2020-12,65.52636706065724
AZ,Azerbaijan,EURO,2021-01,-82.17673195947073
AZ,Azerbaijan,EURO,2021-02,-77.68972538660503
AZ,Azerbaijan,EURO,2021-03,402.73803650715337
AZ,Azerbaijan,EURO,2021-04,180.13836416270055
AZ,Azerbaijan,EURO,2021-05,-61.01585077502408
AZ,Azerbaijan,EURO,2021-06,-90.68649474346302
AZ,Azerbaijan,EURO,2021-07,105.54751567776172
AZ,Azerbaijan,EURO,2021-08,1635.015254635062
AZ,Azerbaijan,EURO,2021-09,-10.957810872593974
AZ,Azerbaijan,EURO,2021-10,-25.115452391079785
AZ,Azerbaijan,EURO,2021-11,11.59752510396592
AZ,Azerbaijan,EURO,2021-12,-45.470079255435174
AZ,Azerbaijan,EURO,2022-01,24.08160544036269
AZ,Azerbaijan,EURO,2022-02,257.097952823599
AZ,Azerbaijan,EURO,2022-03,-94.4063677879009
AZ,Azerbaijan,EURO,2022-04,-89.49562878278414
AZ,Azerbaijan,EURO,2022-05,-64.02048655569781
AZ,Azerbaijan,EURO,2022-06,36.29893238434164
AZ,Azerbaijan,EURO,2022-07,1274.4125326370756
AZ,Azerbaijan,EURO,2022-08,149.9050151975684
AZ,Azerbaijan,EURO,2022-09,-30.801976434815657
AZ,Azerbaijan,EURO,2022-10,-72.09711084257937
AZ,Azerbaijan,EURO,2022-11,-60.98425196850393
AZ,Azerbaijan,EURO,2022-12,71.54389505549949
AZ,Azerbaijan,EURO,2023-01,16.88235294117647
AZ,Azerbaijan,EURO,2023-02,-69.19979869149472
AZ,Azerbaijan,EURO,2023-03,39.37908496732026
AZ,Azerbaijan,EURO,2023-04,135.52168815943728
AZ,Azerbaijan,EURO,2023-05,-77.20258835241414
AZ,Azerbaijan,EURO,2023-06,-81.6593886462882
AZ,Azerbaijan,EURO,2023-07,28.57142857142857
AZ,Azerbaijan,EURO,2023-08,-37.96296296296296
AZ,Azerbaijan,EURO,2023-09,1001.4925373134328
AZ,Azerbaijan,EURO,2023-10,55.28455284552846
AZ,Azerbaijan,EURO,2023-11,-91.71029668411867
AZ,Azerbaijan,EURO,2023-12,114.73684210526316
AZ,Azerbaijan,EURO,2024-01,5.88235294117647
AZ,Azerbaijan,EURO,2024-02,106.4814814814815
AZ,Azerbaijan,EURO,2024-03,-20.179372197309416
AZ,Azerbaijan,EURO,2024-04,-78.37078651685393
AZ,Azerbaijan,EURO,2024-05,-2.5974025974025974
AZ,Azerbaijan,EURO,2024-06,21.333333333333336
AZ,Azerbaijan,EURO,2024-07,96.7032967032967
AZ,Azerbaijan,EURO,2024-08,49.162011173184354
AZ,Azerbaijan,EURO,2024-09,46.81647940074906
AZ,Azerbaijan,EURO,2024-10,-69.13265306122449
AZ,Azerbaijan,EURO,2024-11,-85.12396694214877
AZ,Azerbaijan,EURO,2024-12,-66.66666666666666
AZ,Azerbaijan,EURO,2025-01,0
AZ,Azerbaijan,EURO,2025-02,-50
AZ,Azerbaijan,EURO,2025-03,-66.66666666666666
AZ,Azerbaijan,EURO,2025-04,100
AZ,Azerbaijan,EURO,2025-05,-100
BA,Bosnia and Herzegovina,EURO,2020-01,NA
BA,Bosnia and Herzegovina,EURO,2020-02,NA
BA,Bosnia and Herzegovina,EURO,2020-03,Inf
BA,Bosnia and Herzegovina,EURO,2020-04,267.29559748427675
BA,Bosnia and Herzegovina,EURO,2020-05,-13.6986301369863
BA,Bosnia and Herzegovina,EURO,2020-06,59.12698412698413
BA,Bosnia and Herzegovina,EURO,2020-07,271.19700748129674
BA,Bosnia and Herzegovina,EURO,2020-08,59.52300974135035
BA,Bosnia and Herzegovina,EURO,2020-09,-23.678669193514423
BA,Bosnia and Herzegovina,EURO,2020-10,78.76948544626845
BA,Bosnia and Herzegovina,EURO,2020-11,262.3119067829308
BA,Bosnia and Herzegovina,EURO,2020-12,-51.823138524450506
BA,Bosnia and Herzegovina,EURO,2021-01,-44.46949602122016
BA,Bosnia and Herzegovina,EURO,2021-02,-21.988695167582197
BA,Bosnia and Herzegovina,EURO,2021-03,228.4518828451883
BA,Bosnia and Herzegovina,EURO,2021-04,-1.8300450520428773
BA,Bosnia and Herzegovina,EURO,2021-05,-73.2023040891252
BA,Bosnia and Herzegovina,EURO,2021-06,-87.84693516003307
BA,Bosnia and Herzegovina,EURO,2021-07,-52.1865889212828
BA,Bosnia and Herzegovina,EURO,2021-08,1409.1463414634147
BA,Bosnia and Herzegovina,EURO,2021-09,152.13468013468014
BA,Bosnia and Herzegovina,EURO,2021-10,18.327012445916353
BA,Bosnia and Herzegovina,EURO,2021-11,-10.346695557963164
BA,Bosnia and Herzegovina,EURO,2021-12,-29.008056394763344
BA,Bosnia and Herzegovina,EURO,2022-01,313.4761330590822
BA,Bosnia and Herzegovina,EURO,2022-02,-57.1977494167696
BA,Bosnia and Herzegovina,EURO,2022-03,-84.33392112856684
BA,Bosnia and Herzegovina,EURO,2022-04,-50.933742645177794
BA,Bosnia and Herzegovina,EURO,2022-05,-43.95203336809176
BA,Bosnia and Herzegovina,EURO,2022-06,-45.02325581395349
BA,Bosnia and Herzegovina,EURO,2022-07,1132.6565143824027
BA,Bosnia and Herzegovina,EURO,2022-08,31.42072752230611
BA,Bosnia and Herzegovina,EURO,2022-09,-68.19511176101942
BA,Bosnia and Herzegovina,EURO,2022-10,-48.99835796387521
BA,Bosnia and Herzegovina,EURO,2022-11,-63.68319381841597
BA,Bosnia and Herzegovina,EURO,2022-12,-14.53900709219858
BA,Bosnia and Herzegovina,EURO,2023-01,40.04149377593361
BA,Bosnia and Herzegovina,EURO,2023-02,-53.629629629629626
BA,Bosnia and Herzegovina,EURO,2023-03,63.25878594249201
BA,Bosnia and Herzegovina,EURO,2023-04,-16.2426614481409
BA,Bosnia and Herzegovina,EURO,2023-05,-78.27102803738318
BA,Bosnia and Herzegovina,EURO,2023-06,-32.25806451612903
BA,Bosnia and Herzegovina,EURO,2023-07,-84.12698412698413
BA,Bosnia and Herzegovina,EURO,2023-08,10
BA,Bosnia and Herzegovina,EURO,2023-09,554.5454545454546
BA,Bosnia and Herzegovina,EURO,2023-10,80.55555555555556
BA,Bosnia and Herzegovina,EURO,2023-11,-31.538461538461537
BA,Bosnia and Herzegovina,EURO,2023-12,71.91011235955057
BA,Bosnia and Herzegovina,EURO,2024-01,-62.74509803921568
BA,Bosnia and Herzegovina,EURO,2024-02,-36.84210526315789
BA,Bosnia and Herzegovina,EURO,2024-03,-27.77777777777778
BA,Bosnia and Herzegovina,EURO,2024-04,-61.53846153846154
BA,Bosnia and Herzegovina,EURO,2024-05,-30
BA,Bosnia and Herzegovina,EURO,2024-06,0
BA,Bosnia and Herzegovina,EURO,2024-07,114.28571428571428
BA,Bosnia and Herzegovina,EURO,2024-08,606.6666666666666
BA,Bosnia and Herzegovina,EURO,2024-09,11.320754716981131
BA,Bosnia and Herzegovina,EURO,2024-10,-40.67796610169492
BA,Bosnia and Herzegovina,EURO,2024-11,-34.285714285714285
BA,Bosnia and Herzegovina,EURO,2024-12,195.65217391304347
BA,Bosnia and Herzegovina,EURO,2025-01,-55.14705882352941
BA,Bosnia and Herzegovina,EURO,2025-02,-29.50819672131147
BA,Bosnia and Herzegovina,EURO,2025-03,-34.883720930232556
BA,Bosnia and Herzegovina,EURO,2025-04,-85.71428571428571
BA,Bosnia and Herzegovina,EURO,2025-05,-100
BB,Barbados,AMRO,2020-01,NA
BB,Barbados,AMRO,2020-02,NA
BB,Barbados,AMRO,2020-03,Inf
BB,Barbados,AMRO,2020-04,120.83333333333331
BB,Barbados,AMRO,2020-05,-71.69811320754717
BB,Barbados,AMRO,2020-06,-66.66666666666666
BB,Barbados,AMRO,2020-07,120
BB,Barbados,AMRO,2020-08,427.27272727272725
BB,Barbados,AMRO,2020-09,-58.620689655172406
BB,Barbados,AMRO,2020-10,54.166666666666664
BB,Barbados,AMRO,2020-11,16.216216216216218
BB,Barbados,AMRO,2020-12,79.06976744186046
BB,Barbados,AMRO,2021-01,1394.8051948051948
BB,Barbados,AMRO,2021-02,29.973935708079928
BB,Barbados,AMRO,2021-03,-59.29144385026738
BB,Barbados,AMRO,2021-04,-64.36781609195403
BB,Barbados,AMRO,2021-05,-12.903225806451612
BB,Barbados,AMRO,2021-06,-69.84126984126983
BB,Barbados,AMRO,2021-07,363.15789473684214
BB,Barbados,AMRO,2021-08,73.86363636363636
BB,Barbados,AMRO,2021-09,469.0631808278867
BB,Barbados,AMRO,2021-10,285.2986217457887
BB,Barbados,AMRO,2021-11,-25.894276629570744
BB,Barbados,AMRO,2021-12,-63.716814159292035
BB,Barbados,AMRO,2022-01,462.52771618625275
BB,Barbados,AMRO,2022-02,-20.831690973590856
BB,Barbados,AMRO,2022-03,-72.05211185793709
BB,Barbados,AMRO,2022-04,153.562945368171
BB,Barbados,AMRO,2022-05,54.894613583138174
BB,Barbados,AMRO,2022-06,-73.64680979739946
BB,Barbados,AMRO,2022-07,131.46873207114172
BB,Barbados,AMRO,2022-08,10.707646548519024
BB,Barbados,AMRO,2022-09,-79.21191089219747
BB,Barbados,AMRO,2022-10,-43.94184168012924
BB,Barbados,AMRO,2022-11,-4.707012487992316
BB,Barbados,AMRO,2022-12,10.786290322580646
BB,Barbados,AMRO,2023-01,-41.58325750682438
BB,Barbados,AMRO,2023-02,-23.98753894080997
BB,Barbados,AMRO,2023-03,-68.64754098360656
BB,Barbados,AMRO,2023-04,336.60130718954247
BB,Barbados,AMRO,2023-05,-50.898203592814376
BB,Barbados,AMRO,2023-06,-100
BB,Barbados,AMRO,2023-07,NA
BB,Barbados,AMRO,2023-08,NA
BB,Barbados,AMRO,2023-09,NA
BB,Barbados,AMRO,2023-10,NA
BB,Barbados,AMRO,2023-11,NA
BB,Barbados,AMRO,2023-12,NA
BB,Barbados,AMRO,2024-01,Inf
BB,Barbados,AMRO,2024-02,-68.65671641791045
BB,Barbados,AMRO,2024-03,-49.2063492063492
BB,Barbados,AMRO,2024-04,-53.125
BB,Barbados,AMRO,2024-05,646.6666666666666
BB,Barbados,AMRO,2024-06,8.035714285714286
BB,Barbados,AMRO,2024-07,54.54545454545454
BB,Barbados,AMRO,2024-08,20.32085561497326
BB,Barbados,AMRO,2024-09,-64.88888888888889
BB,Barbados,AMRO,2024-10,-92.40506329113924
BB,Barbados,AMRO,2024-11,-83.33333333333334
BB,Barbados,AMRO,2024-12,0
BB,Barbados,AMRO,2025-01,100
BB,Barbados,AMRO,2025-02,-50
BB,Barbados,AMRO,2025-03,0
BB,Barbados,AMRO,2025-04,-100
BB,Barbados,AMRO,2025-05,NA
BD,Bangladesh,SEARO,2020-01,NA
BD,Bangladesh,SEARO,2020-02,NA
BD,Bangladesh,SEARO,2020-03,Inf
BD,Bangladesh,SEARO,2020-04,11083.333333333332
BD,Bangladesh,SEARO,2020-05,677.5149031296572
BD,Bangladesh,SEARO,2020-06,117.1550422886168
BD,Bangladesh,SEARO,2020-07,-5.481386676081824
BD,Bangladesh,SEARO,2020-08,1.987953213643686
BD,Bangladesh,SEARO,2020-09,-44.68747496251531
BD,Bangladesh,SEARO,2020-10,-17.917890990357158
BD,Bangladesh,SEARO,2020-11,60.31461920488063
BD,Bangladesh,SEARO,2020-12,-26.498616178135613
BD,Bangladesh,SEARO,2021-01,-44.39357309428553
BD,Bangladesh,SEARO,2021-02,-57.38140125428033
BD,Bangladesh,SEARO,2021-03,346.85384129276883
BD,Bangladesh,SEARO,2021-04,202.2505959836761
BD,Bangladesh,SEARO,2021-05,-64.23453291267846
BD,Bangladesh,SEARO,2021-06,67.406742916947
BD,Bangladesh,SEARO,2021-07,208.37389479324816
BD,Bangladesh,SEARO,2021-08,19.068598879914852
BD,Bangladesh,SEARO,2021-09,-82.42211965874333
BD,Bangladesh,SEARO,2021-10,-68.54049192237174
BD,Bangladesh,SEARO,2021-11,-65.66417418077853
BD,Bangladesh,SEARO,2021-12,19.599679743795036
BD,Bangladesh,SEARO,2022-01,2605.569688043915
BD,Bangladesh,SEARO,2022-02,-22.13540249110496
BD,Bangladesh,SEARO,2022-03,-94.5331367414902
BD,Bangladesh,SEARO,2022-04,-85.18949081608929
BD,Bangladesh,SEARO,2022-05,-33.202511773940344
BD,Bangladesh,SEARO,2022-06,1282.6086956521738
BD,Bangladesh,SEARO,2022-07,240.67652558218597
BD,Bangladesh,SEARO,2022-08,-84.88174832851013
BD,Bangladesh,SEARO,2022-09,71.17161716171617
BD,Bangladesh,SEARO,2022-10,29.77923455123879
BD,Bangladesh,SEARO,2022-11,-89.78606447778932
BD,Bangladesh,SEARO,2022-12,-63.85454545454545
BD,Bangladesh,SEARO,2023-01,2.2132796780684103
BD,Bangladesh,SEARO,2023-02,-45.66929133858268
BD,Bangladesh,SEARO,2023-03,-30.07246376811594
BD,Bangladesh,SEARO,2023-04,19.689119170984455
BD,Bangladesh,SEARO,2023-05,219.91341991341992
BD,Bangladesh,SEARO,2023-06,343.97834912043305
BD,Bangladesh,SEARO,2023-07,-34.22736970435843
BD,Bangladesh,SEARO,2023-08,-59.406858202038926
BD,Bangladesh,SEARO,2023-09,-56.05022831050229
BD,Bangladesh,SEARO,2023-10,-34.54545454545455
BD,Bangladesh,SEARO,2023-11,-45.63492063492063
BD,Bangladesh,SEARO,2023-12,69.34306569343066
BD,Bangladesh,SEARO,2024-01,204.31034482758625
BD,Bangladesh,SEARO,2024-02,74.78753541076487
BD,Bangladesh,SEARO,2024-03,4.294975688816856
BD,Bangladesh,SEARO,2024-04,-64.95726495726495
BD,Bangladesh,SEARO,2024-05,-11.97339246119734
BD,Bangladesh,SEARO,2024-06,61.712846347607055
BD,Bangladesh,SEARO,2024-07,-53.426791277258566
BD,Bangladesh,SEARO,2024-08,-75.91973244147158
BD,Bangladesh,SEARO,2024-09,-36.11111111111111
BD,Bangladesh,SEARO,2024-10,-19.565217391304348
BD,Bangladesh,SEARO,2024-11,10.81081081081081
BD,Bangladesh,SEARO,2024-12,-4.878048780487805
BD,Bangladesh,SEARO,2025-01,-25.64102564102564
BD,Bangladesh,SEARO,2025-02,-3.4482758620689653
BD,Bangladesh,SEARO,2025-03,3.571428571428571
BD,Bangladesh,SEARO,2025-04,-17.24137931034483
BD,Bangladesh,SEARO,2025-05,-100
BE,Belgium,EURO,2020-01,NA
BE,Belgium,EURO,2020-02,Inf
BE,Belgium,EURO,2020-03,1202900
BE,Belgium,EURO,2020-04,194.83790523690777
BE,Belgium,EURO,2020-05,-67.98894809552003
BE,Belgium,EURO,2020-06,-75.00440373436675
BE,Belgium,EURO,2020-07,71.49400986610289
BE,Belgium,EURO,2020-08,280.62461475241423
BE,Belgium,EURO,2020-09,62.07287449392712
BE,Belgium,EURO,2020-10,641.8332001065813
BE,Belgium,EURO,2020-11,7.711648288495384
BE,Belgium,EURO,2020-12,-74.56482593037215
BE,Belgium,EURO,2021-01,10.97672894133071
BE,Belgium,EURO,2021-02,-12.086889748663577
BE,Belgium,EURO,2021-03,65.40742109418306
BE,Belgium,EURO,2021-04,6.218011211308799
BE,Belgium,EURO,2021-05,-16.909030068358906
BE,Belgium,EURO,2021-06,-75.79652279971005
BE,Belgium,EURO,2021-07,42.685999524601854
BE,Belgium,EURO,2021-08,115.14626507629772
BE,Belgium,EURO,2021-09,-13.387741196147058
BE,Belgium,EURO,2021-10,150.31021473654098
BE,Belgium,EURO,2021-11,157.15663304665847
BE,Belgium,EURO,2021-12,-10.95611498601424
BE,Belgium,EURO,2022-01,236.9212580248685
BE,Belgium,EURO,2022-02,-60.45432871474138
BE,Belgium,EURO,2022-03,-41.581541271086245
BE,Belgium,EURO,2022-04,-6.589209423118543
BE,Belgium,EURO,2022-05,-49.702024687544245
BE,Belgium,EURO,2022-06,-39.43069665873361
BE,Belgium,EURO,2022-07,184.07036025124637
BE,Belgium,EURO,2022-08,-70.96580683863228
BE,Belgium,EURO,2022-09,-13.603920497233796
BE,Belgium,EURO,2022-10,65.09279206277053
BE,Belgium,EURO,2022-11,-74.72345927309296
BE,Belgium,EURO,2022-12,79.28388746803068
BE,Belgium,EURO,2023-01,-47.81000686849474
BE,Belgium,EURO,2023-02,49.74185057703989
BE,Belgium,EURO,2023-03,51.25578879762025
BE,Belgium,EURO,2023-04,-51.85938407902382
BE,Belgium,EURO,2023-05,-77.22018476393853
BE,Belgium,EURO,2023-06,-66.43570409618911
BE,Belgium,EURO,2023-07,-33.940497874924105
BE,Belgium,EURO,2023-08,284.8345588235294
BE,Belgium,EURO,2023-09,129.973728206353
BE,Belgium,EURO,2023-10,5.659985460587808
BE,Belgium,EURO,2023-11,-42.27442500491449
BE,Belgium,EURO,2023-12,174.85101311084625
BE,Belgium,EURO,2024-01,-54.20022302069136
BE,Belgium,EURO,2024-02,-51.21060462599757
BE,Belgium,EURO,2024-03,-62.93318547269199
BE,Belgium,EURO,2024-04,-58.78833208676141
BE,Belgium,EURO,2024-05,30.49001814882033
BE,Belgium,EURO,2024-06,375.6606397774687
BE,Belgium,EURO,2024-07,61.549707602339176
BE,Belgium,EURO,2024-08,-26.42533936651584
BE,Belgium,EURO,2024-09,83.39483394833948
BE,Belgium,EURO,2024-10,-28.611670020120723
BE,Belgium,EURO,2024-11,-60.97331830139046
BE,Belgium,EURO,2024-12,2.696196437168994
BE,Belgium,EURO,2025-01,-38.443506797937175
BE,Belgium,EURO,2025-02,-34.57730388423458
BE,Belgium,EURO,2025-03,-12.80558789289872
BE,Belgium,EURO,2025-04,0.9345794392523364
BE,Belgium,EURO,2025-05,-82.67195767195767
BF,Burkina Faso,AFRO,2020-01,NA
BF,Burkina Faso,AFRO,2020-02,NA
BF,Burkina Faso,AFRO,2020-03,Inf
BF,Burkina Faso,AFRO,2020-04,84.68468468468468
BF,Burkina Faso,AFRO,2020-05,-45.609756097560975
BF,Burkina Faso,AFRO,2020-06,-53.36322869955157
BF,Burkina Faso,AFRO,2020-07,35.57692307692308
BF,Burkina Faso,AFRO,2020-08,90.0709219858156
BF,Burkina Faso,AFRO,2020-09,138.80597014925374
BF,Burkina Faso,AFRO,2020-10,-30.78125
BF,Burkina Faso,AFRO,2020-11,-8.577878103837472
BF,Burkina Faso,AFRO,2020-12,761.2345679012345
BF,Burkina Faso,AFRO,2021-01,24.36926605504587
BF,Burkina Faso,AFRO,2021-02,-69.06408483171968
BF,Burkina Faso,AFRO,2021-03,-50.22354694485842
BF,Burkina Faso,AFRO,2021-04,-14.520958083832337
BF,Burkina Faso,AFRO,2021-05,-70.57793345008757
BF,Burkina Faso,AFRO,2021-06,-72.02380952380952
BF,Burkina Faso,AFRO,2021-07,38.297872340425535
BF,Burkina Faso,AFRO,2021-08,236.92307692307693
BF,Burkina Faso,AFRO,2021-09,92.23744292237444
BF,Burkina Faso,AFRO,2021-10,70.54631828978623
BF,Burkina Faso,AFRO,2021-11,12.813370473537605
BF,Burkina Faso,AFRO,2021-12,64.07407407407408
BF,Burkina Faso,AFRO,2022-01,169.67644845748683
BF,Burkina Faso,AFRO,2022-02,-96.45647321428572
BF,Burkina Faso,AFRO,2022-03,-51.181102362204726
BF,Burkina Faso,AFRO,2022-04,-16.129032258064516
BF,Burkina Faso,AFRO,2022-05,-34.61538461538461
BF,Burkina Faso,AFRO,2022-06,326.4705882352941
BF,Burkina Faso,AFRO,2022-07,-42.06896551724138
BF,Burkina Faso,AFRO,2022-08,-100
BF,Burkina Faso,AFRO,2022-09,Inf
BF,Burkina Faso,AFRO,2022-10,-100
BF,Burkina Faso,AFRO,2022-11,NA
BF,Burkina Faso,AFRO,2022-12,Inf
BF,Burkina Faso,AFRO,2023-01,-90.93333333333334
BF,Burkina Faso,AFRO,2023-02,-52.94117647058824
BF,Burkina Faso,AFRO,2023-03,-100
BF,Burkina Faso,AFRO,2023-04,NA
BF,Burkina Faso,AFRO,2023-05,NA
BF,Burkina Faso,AFRO,2023-06,NA
BF,Burkina Faso,AFRO,2023-07,NA
BF,Burkina Faso,AFRO,2023-08,NA
BF,Burkina Faso,AFRO,2023-09,NA
BF,Burkina Faso,AFRO,2023-10,Inf
BF,Burkina Faso,AFRO,2023-11,245.45454545454547
BF,Burkina Faso,AFRO,2023-12,-89.47368421052632
BF,Burkina Faso,AFRO,2024-01,-100
BF,Burkina Faso,AFRO,2024-02,NA
BF,Burkina Faso,AFRO,2024-03,Inf
BF,Burkina Faso,AFRO,2024-04,-88.88888888888889
BF,Burkina Faso,AFRO,2024-05,500
BF,Burkina Faso,AFRO,2024-06,-50
BF,Burkina Faso,AFRO,2024-07,166.66666666666669
BF,Burkina Faso,AFRO,2024-08,-100
BF,Burkina Faso,AFRO,2024-09,Inf
BF,Burkina Faso,AFRO,2024-10,500
BF,Burkina Faso,AFRO,2024-11,-16.666666666666664
BF,Burkina Faso,AFRO,2024-12,-70
BF,Burkina Faso,AFRO,2025-01,-33.33333333333333
BF,Burkina Faso,AFRO,2025-02,300
BF,Burkina Faso,AFRO,2025-03,150
BF,Burkina Faso,AFRO,2025-04,-45
BF,Burkina Faso,AFRO,2025-05,-100
BG,Bulgaria,EURO,2020-01,NA
BG,Bulgaria,EURO,2020-02,NA
BG,Bulgaria,EURO,2020-03,Inf
BG,Bulgaria,EURO,2020-04,175.72254335260115
BG,Bulgaria,EURO,2020-05,27.148846960167717
BG,Bulgaria,EURO,2020-06,74.11376751854905
BG,Bulgaria,EURO,2020-07,169.27083333333331
BG,Bulgaria,EURO,2020-08,2.9013539651837523
BG,Bulgaria,EURO,2020-09,-34.50102529049898
BG,Bulgaria,EURO,2020-10,358.25723975997914
BG,Bulgaria,EURO,2020-11,493.1397665812696
BG,Bulgaria,EURO,2020-12,-46.59787877333589
BG,Bulgaria,EURO,2021-01,-61.83475025612453
BG,Bulgaria,EURO,2021-02,32.278421399642085
BG,Bulgaria,EURO,2021-03,188.6072344061521
BG,Bulgaria,EURO,2021-04,-14.474982729695055
BG,Bulgaria,EURO,2021-05,-69.53555459397086
BG,Bulgaria,EURO,2021-06,-84.40414753089343
BG,Bulgaria,EURO,2021-07,-35.82270795385549
BG,Bulgaria,EURO,2021-08,1201.7502365184484
BG,Bulgaria,EURO,2021-09,49.77651804208002
BG,Bulgaria,EURO,2021-10,163.6533469199602
BG,Bulgaria,EURO,2021-11,-19.39541731848716
BG,Bulgaria,EURO,2021-12,-48.33605425091046
BG,Bulgaria,EURO,2022-01,353.72784726212046
BG,Bulgaria,EURO,2022-02,-27.636487605318266
BG,Bulgaria,EURO,2022-03,-69.50815700209982
BG,Bulgaria,EURO,2022-04,-56.31925131329184
BG,Bulgaria,EURO,2022-05,-40.54067710965134
BG,Bulgaria,EURO,2022-06,-54.856802923429925
BG,Bulgaria,EURO,2022-07,591.2650602409639
BG,Bulgaria,EURO,2022-08,-38.65196078431373
BG,Bulgaria,EURO,2022-09,-32.214675722466374
BG,Bulgaria,EURO,2022-10,51.69613621480026
BG,Bulgaria,EURO,2022-11,-64.27214643412191
BG,Bulgaria,EURO,2022-12,-43.34219429676172
BG,Bulgaria,EURO,2023-01,-14.096822350181275
BG,Bulgaria,EURO,2023-02,-65.56603773584906
BG,Bulgaria,EURO,2023-03,88.89689978370583
BG,Bulgaria,EURO,2023-04,93.0534351145038
BG,Bulgaria,EURO,2023-05,-42.052194543297745
BG,Bulgaria,EURO,2023-06,-44.42169907881269
BG,Bulgaria,EURO,2023-07,-53.71393492940454
BG,Bulgaria,EURO,2023-08,20.159151193633953
BG,Bulgaria,EURO,2023-09,149.22737306843268
BG,Bulgaria,EURO,2023-10,339.0611160318866
BG,Bulgaria,EURO,2023-11,-44.81541254791204
BG,Bulgaria,EURO,2023-12,9.76055565710108
BG,Bulgaria,EURO,2024-01,-45.11240632805995
BG,Bulgaria,EURO,2024-02,-67.38470873786407
BG,Bulgaria,EURO,2024-03,-62.13953488372093
BG,Bulgaria,EURO,2024-04,-80.5896805896806
BG,Bulgaria,EURO,2024-05,0
BG,Bulgaria,EURO,2024-06,72.15189873417721
BG,Bulgaria,EURO,2024-07,95.58823529411764
BG,Bulgaria,EURO,2024-08,607.1428571428571
BG,Bulgaria,EURO,2024-09,78.73471557682083
BG,Bulgaria,EURO,2024-10,-17.93575252825699
BG,Bulgaria,EURO,2024-11,-66.00217470097861
BG,Bulgaria,EURO,2024-12,-63.75266524520256
BG,Bulgaria,EURO,2025-01,-64.70588235294117
BG,Bulgaria,EURO,2025-02,-54.166666666666664
BG,Bulgaria,EURO,2025-03,-50.90909090909091
BG,Bulgaria,EURO,2025-04,-51.85185185185185
BG,Bulgaria,EURO,2025-05,-7.6923076923076925
BH,Bahrain,EMRO,2020-01,NA
BH,Bahrain,EMRO,2020-02,NA
BH,Bahrain,EMRO,2020-03,Inf
BH,Bahrain,EMRO,2020-04,343.9075630252101
BH,Bahrain,EMRO,2020-05,288.2631329862754
BH,Bahrain,EMRO,2020-06,76.42613359336909
BH,Bahrain,EMRO,2020-07,-6.867486527566672
BH,Bahrain,EMRO,2020-08,-6.201780415430267
BH,Bahrain,EMRO,2020-09,37.488136665612146
BH,Bahrain,EMRO,2020-10,-35.57294063506673
BH,Bahrain,EMRO,2020-11,-40.44642857142857
BH,Bahrain,EMRO,2020-12,-26.941529235382312
BH,Bahrain,EMRO,2021-01,127.94992817566182
BH,Bahrain,EMRO,2021-02,72.41627655743608
BH,Bahrain,EMRO,2021-03,-0.5847953216374269
BH,Bahrain,EMRO,2021-04,55.02626050420169
BH,Bahrain,EMRO,2021-05,121.44526882813294
BH,Bahrain,EMRO,2021-06,-55.18022152867022
BH,Bahrain,EMRO,2021-07,-88.33287820862917
BH,Bahrain,EMRO,2021-08,12.14160327677004
BH,Bahrain,EMRO,2021-09,-34.8030263501174
BH,Bahrain,EMRO,2021-10,-18.007202881152462
BH,Bahrain,EMRO,2021-11,-63.00634455832114
BH,Bahrain,EMRO,2021-12,159.36675461741424
BH,Bahrain,EMRO,2022-01,4096.541200406918
BH,Bahrain,EMRO,2022-02,78.61921846213517
BH,Bahrain,EMRO,2022-03,-72.19749199283426
BH,Bahrain,EMRO,2022-04,-62.24738846041199
BH,Bahrain,EMRO,2022-05,17.364882337729508
BH,Bahrain,EMRO,2022-06,79.59678307810951
BH,Bahrain,EMRO,2022-07,30.76923076923077
BH,Bahrain,EMRO,2022-08,-72.7225818557088
BH,Bahrain,EMRO,2022-09,-36.14789337919175
BH,Bahrain,EMRO,2022-10,50.82143819014274
BH,Bahrain,EMRO,2022-11,-43.875
BH,Bahrain,EMRO,2022-12,-86.5097041043589
BH,Bahrain,EMRO,2023-01,-100
BH,Bahrain,EMRO,2023-02,NA
BH,Bahrain,EMRO,2023-03,NA
BH,Bahrain,EMRO,2023-04,NA
BH,Bahrain,EMRO,2023-05,NA
BH,Bahrain,EMRO,2023-06,NA
BH,Bahrain,EMRO,2023-07,NA
BH,Bahrain,EMRO,2023-08,NA
BH,Bahrain,EMRO,2023-09,NA
BH,Bahrain,EMRO,2023-10,NA
BH,Bahrain,EMRO,2023-11,NA
BH,Bahrain,EMRO,2023-12,NA
BH,Bahrain,EMRO,2024-01,NA
BH,Bahrain,EMRO,2024-02,NA
BH,Bahrain,EMRO,2024-03,NA
BH,Bahrain,EMRO,2024-04,NA
BH,Bahrain,EMRO,2024-05,NA
BH,Bahrain,EMRO,2024-06,NA
BH,Bahrain,EMRO,2024-07,NA
BH,Bahrain,EMRO,2024-08,NA
BH,Bahrain,EMRO,2024-09,NA
BH,Bahrain,EMRO,2024-10,NA
BH,Bahrain,EMRO,2024-11,NA
BH,Bahrain,EMRO,2024-12,NA
BH,Bahrain,EMRO,2025-01,NA
BH,Bahrain,EMRO,2025-02,NA
BH,Bahrain,EMRO,2025-03,NA
BH,Bahrain,EMRO,2025-04,NA
BH,Bahrain,EMRO,2025-05,NA
BI,Burundi,AFRO,2020-01,NA
BI,Burundi,AFRO,2020-02,NA
BI,Burundi,AFRO,2020-03,NA
BI,Burundi,AFRO,2020-04,Inf
BI,Burundi,AFRO,2020-05,220.00000000000003
BI,Burundi,AFRO,2020-06,122.91666666666669
BI,Burundi,AFRO,2020-07,63.55140186915887
BI,Burundi,AFRO,2020-08,-42.857142857142854
BI,Burundi,AFRO,2020-09,-61
BI,Burundi,AFRO,2020-10,84.61538461538461
BI,Burundi,AFRO,2020-11,83.33333333333334
BI,Burundi,AFRO,2020-12,-8.333333333333332
BI,Burundi,AFRO,2021-01,582.6446280991736
BI,Burundi,AFRO,2021-02,-29.539951573849876
BI,Burundi,AFRO,2021-03,-5.498281786941581
BI,Burundi,AFRO,2021-04,101.27272727272728
BI,Burundi,AFRO,2021-05,-17.253839205058718
BI,Burundi,AFRO,2021-06,-30.89519650655022
BI,Burundi,AFRO,2021-07,81.67456556082149
BI,Burundi,AFRO,2021-08,417.9130434782609
BI,Burundi,AFRO,2021-09,-16.453995970449967
BI,Burundi,AFRO,2021-10,-48.11093247588424
BI,Burundi,AFRO,2021-11,-87.8001549186677
BI,Burundi,AFRO,2021-12,1994.2857142857144
BI,Burundi,AFRO,2022-01,57.34424738517509
BI,Burundi,AFRO,2022-02,-93.03468208092484
BI,Burundi,AFRO,2022-03,-50.06915629322268
BI,Burundi,AFRO,2022-04,88.64265927977839
BI,Burundi,AFRO,2022-05,324.37591776798826
BI,Burundi,AFRO,2022-06,-80.65743944636678
BI,Burundi,AFRO,2022-07,536.4937388193202
BI,Burundi,AFRO,2022-08,-12.67566048341765
BI,Burundi,AFRO,2022-09,-71.96652719665272
BI,Burundi,AFRO,2022-10,-60.84959816303099
BI,Burundi,AFRO,2022-11,60.70381231671554
BI,Burundi,AFRO,2022-12,88.5036496350365
BI,Burundi,AFRO,2023-01,39.49661181026137
BI,Burundi,AFRO,2023-02,-89.31297709923665
BI,Burundi,AFRO,2023-03,-74.02597402597402
BI,Burundi,AFRO,2023-04,12.5
BI,Burundi,AFRO,2023-05,-31.11111111111111
BI,Burundi,AFRO,2023-06,1125.8064516129032
BI,Burundi,AFRO,2023-07,-75.78947368421053
BI,Burundi,AFRO,2023-08,-94.56521739130434
BI,Burundi,AFRO,2023-09,2440
BI,Burundi,AFRO,2023-10,-100
BI,Burundi,AFRO,2023-11,Inf
BI,Burundi,AFRO,2023-12,393.75
BI,Burundi,AFRO,2024-01,27.848101265822784
BI,Burundi,AFRO,2024-02,-96.03960396039604
BI,Burundi,AFRO,2024-03,-25
BI,Burundi,AFRO,2024-04,-100
BI,Burundi,AFRO,2024-05,NA
BI,Burundi,AFRO,2024-06,NA
BI,Burundi,AFRO,2024-07,NA
BI,Burundi,AFRO,2024-08,NA
BI,Burundi,AFRO,2024-09,NA
BI,Burundi,AFRO,2024-10,NA
BI,Burundi,AFRO,2024-11,NA
BI,Burundi,AFRO,2024-12,NA
BI,Burundi,AFRO,2025-01,NA
BI,Burundi,AFRO,2025-02,NA
BI,Burundi,AFRO,2025-03,NA
BI,Burundi,AFRO,2025-04,NA
BI,Burundi,AFRO,2025-05,NA
BJ,Benin,AFRO,2020-01,NA
BJ,Benin,AFRO,2020-02,NA
BJ,Benin,AFRO,2020-03,Inf
BJ,Benin,AFRO,2020-04,1800
BJ,Benin,AFRO,2020-05,214.03508771929825
BJ,Benin,AFRO,2020-06,408.3798882681565
BJ,Benin,AFRO,2020-07,-31.758241758241756
BJ,Benin,AFRO,2020-08,-39.61352657004831
BJ,Benin,AFRO,2020-09,-52
BJ,Benin,AFRO,2020-10,28.88888888888889
BJ,Benin,AFRO,2020-11,79.74137931034483
BJ,Benin,AFRO,2020-12,-44.60431654676259
BJ,Benin,AFRO,2021-01,151.5151515151515
BJ,Benin,AFRO,2021-02,218.0722891566265
BJ,Benin,AFRO,2021-03,-20.67099567099567
BJ,Benin,AFRO,2021-04,-57.70804911323329
BJ,Benin,AFRO,2021-05,-45.483870967741936
BJ,Benin,AFRO,2021-06,-66.86390532544378
BJ,Benin,AFRO,2021-07,37.5
BJ,Benin,AFRO,2021-08,2606.493506493506
BJ,Benin,AFRO,2021-09,151.10364683301341
BJ,Benin,AFRO,2021-10,-82.88744506019492
BJ,Benin,AFRO,2021-11,-94.3606923506421
BJ,Benin,AFRO,2021-12,-15.84158415841584
BJ,Benin,AFRO,2022-01,1682.3529411764707
BJ,Benin,AFRO,2022-02,-92.27722772277228
BJ,Benin,AFRO,2022-03,-77.77777777777779
BJ,Benin,AFRO,2022-04,-53.84615384615385
BJ,Benin,AFRO,2022-05,1433.3333333333337
BJ,Benin,AFRO,2022-06,101.63043478260867
BJ,Benin,AFRO,2022-07,-57.95148247978437
BJ,Benin,AFRO,2022-08,11.538461538461538
BJ,Benin,AFRO,2022-09,67.81609195402298
BJ,Benin,AFRO,2022-10,-55.47945205479452
BJ,Benin,AFRO,2022-11,-47.69230769230769
BJ,Benin,AFRO,2022-12,-92.64705882352942
BJ,Benin,AFRO,2023-01,0
BJ,Benin,AFRO,2023-02,80
BJ,Benin,AFRO,2023-03,55.55555555555556
BJ,Benin,AFRO,2023-04,-92.85714285714286
BJ,Benin,AFRO,2023-05,-100
BJ,Benin,AFRO,2023-06,NA
BJ,Benin,AFRO,2023-07,NA
BJ,Benin,AFRO,2023-08,Inf
BJ,Benin,AFRO,2023-09,-70.58823529411765
BJ,Benin,AFRO,2023-10,-100
BJ,Benin,AFRO,2023-11,NA
BJ,Benin,AFRO,2023-12,NA
BJ,Benin,AFRO,2024-01,NA
BJ,Benin,AFRO,2024-02,NA
BJ,Benin,AFRO,2024-03,NA
BJ,Benin,AFRO,2024-04,NA
BJ,Benin,AFRO,2024-05,NA
BJ,Benin,AFRO,2024-06,NA
BJ,Benin,AFRO,2024-07,NA
BJ,Benin,AFRO,2024-08,NA
BJ,Benin,AFRO,2024-09,NA
BJ,Benin,AFRO,2024-10,NA
BJ,Benin,AFRO,2024-11,NA
BJ,Benin,AFRO,2024-12,NA
BJ,Benin,AFRO,2025-01,NA
BJ,Benin,AFRO,2025-02,NA
BJ,Benin,AFRO,2025-03,NA
BJ,Benin,AFRO,2025-04,NA
BJ,Benin,AFRO,2025-05,NA
BL,Saint Barth�lemy,NA,2020-01,NA
BL,Saint Barth�lemy,NA,2020-02,NA
BL,Saint Barth�lemy,NA,2020-03,Inf
BL,Saint Barth�lemy,NA,2020-04,-80
BL,Saint Barth�lemy,NA,2020-05,-100
BL,Saint Barth�lemy,NA,2020-06,NA
BL,Saint Barth�lemy,NA,2020-07,Inf
BL,Saint Barth�lemy,NA,2020-08,1000
BL,Saint Barth�lemy,NA,2020-09,172.72727272727272
BL,Saint Barth�lemy,NA,2020-10,16.666666666666664
BL,Saint Barth�lemy,NA,2020-11,25.71428571428571
BL,Saint Barth�lemy,NA,2020-12,40.909090909090914
BL,Saint Barth�lemy,NA,2021-01,206.4516129032258
BL,Saint Barth�lemy,NA,2021-02,22.63157894736842
BL,Saint Barth�lemy,NA,2021-03,5.150214592274678
BL,Saint Barth�lemy,NA,2021-04,-51.42857142857142
BL,Saint Barth�lemy,NA,2021-05,-60.50420168067227
BL,Saint Barth�lemy,NA,2021-06,-57.446808510638306
BL,Saint Barth�lemy,NA,2021-07,10
BL,Saint Barth�lemy,NA,2021-08,2295.4545454545455
BL,Saint Barth�lemy,NA,2021-09,-92.0303605313093
BL,Saint Barth�lemy,NA,2021-10,-38.095238095238095
BL,Saint Barth�lemy,NA,2021-11,-53.84615384615385
BL,Saint Barth�lemy,NA,2021-12,350
BL,Saint Barth�lemy,NA,2022-01,3050
BL,Saint Barth�lemy,NA,2022-02,-83.30393885949442
BL,Saint Barth�lemy,NA,2022-03,-39.436619718309856
BL,Saint Barth�lemy,NA,2022-04,225.5813953488372
BL,Saint Barth�lemy,NA,2022-05,-73.03571428571428
BL,Saint Barth�lemy,NA,2022-06,-31.78807947019868
BL,Saint Barth�lemy,NA,2022-07,328.15533980582524
BL,Saint Barth�lemy,NA,2022-08,-71.65532879818595
BL,Saint Barth�lemy,NA,2022-09,-82.39999999999999
BL,Saint Barth�lemy,NA,2022-10,72.72727272727273
BL,Saint Barth�lemy,NA,2022-11,-34.21052631578947
BL,Saint Barth�lemy,NA,2022-12,116
BL,Saint Barth�lemy,NA,2023-01,-55.55555555555556
BL,Saint Barth�lemy,NA,2023-02,-41.66666666666667
BL,Saint Barth�lemy,NA,2023-03,171.42857142857142
BL,Saint Barth�lemy,NA,2023-04,-78.94736842105263
BL,Saint Barth�lemy,NA,2023-05,0
BL,Saint Barth�lemy,NA,2023-06,62.5
BL,Saint Barth�lemy,NA,2023-07,-100
BL,Saint Barth�lemy,NA,2023-08,NA
BL,Saint Barth�lemy,NA,2023-09,NA
BL,Saint Barth�lemy,NA,2023-10,NA
BL,Saint Barth�lemy,NA,2023-11,NA
BL,Saint Barth�lemy,NA,2023-12,NA
BL,Saint Barth�lemy,NA,2024-01,NA
BL,Saint Barth�lemy,NA,2024-02,NA
BL,Saint Barth�lemy,NA,2024-03,NA
BL,Saint Barth�lemy,NA,2024-04,NA
BL,Saint Barth�lemy,NA,2024-05,NA
BL,Saint Barth�lemy,NA,2024-06,NA
BL,Saint Barth�lemy,NA,2024-07,NA
BL,Saint Barth�lemy,NA,2024-08,NA
BL,Saint Barth�lemy,NA,2024-09,NA
BL,Saint Barth�lemy,NA,2024-10,NA
BL,Saint Barth�lemy,NA,2024-11,NA
BL,Saint Barth�lemy,NA,2024-12,NA
BL,Saint Barth�lemy,NA,2025-01,NA
BL,Saint Barth�lemy,NA,2025-02,NA
BL,Saint Barth�lemy,NA,2025-03,NA
BL,Saint Barth�lemy,NA,2025-04,NA
BL,Saint Barth�lemy,NA,2025-05,NA
BM,Bermuda,AMRO,2020-01,NA
BM,Bermuda,AMRO,2020-02,NA
BM,Bermuda,AMRO,2020-03,Inf
BM,Bermuda,AMRO,2020-04,382.3529411764706
BM,Bermuda,AMRO,2020-05,-50
BM,Bermuda,AMRO,2020-06,-85.36585365853658
BM,Bermuda,AMRO,2020-07,16.666666666666664
BM,Bermuda,AMRO,2020-08,114.28571428571428
BM,Bermuda,AMRO,2020-09,-13.333333333333334
BM,Bermuda,AMRO,2020-10,-30.76923076923077
BM,Bermuda,AMRO,2020-11,533.3333333333333
BM,Bermuda,AMRO,2020-12,450.87719298245617
BM,Bermuda,AMRO,2021-01,-58.59872611464968
BM,Bermuda,AMRO,2021-02,-89.23076923076924
BM,Bermuda,AMRO,2021-03,1628.5714285714284
BM,Bermuda,AMRO,2021-04,465.28925619834706
BM,Bermuda,AMRO,2021-05,-87.13450292397661
BM,Bermuda,AMRO,2021-06,-89.20454545454545
BM,Bermuda,AMRO,2021-07,47.368421052631575
BM,Bermuda,AMRO,2021-08,992.8571428571428
BM,Bermuda,AMRO,2021-09,598.6928104575163
BM,Bermuda,AMRO,2021-10,-68.89616463985033
BM,Bermuda,AMRO,2021-11,-87.51879699248121
BM,Bermuda,AMRO,2021-12,302.4096385542168
BM,Bermuda,AMRO,2022-01,1243.7125748502997
BM,Bermuda,AMRO,2022-02,-79.09982174688056
BM,Bermuda,AMRO,2022-03,-7.889125799573561
BM,Bermuda,AMRO,2022-04,3.935185185185185
BM,Bermuda,AMRO,2022-05,67.37193763919822
BM,Bermuda,AMRO,2022-06,-20.02661343978709
BM,Bermuda,AMRO,2022-07,2.828618968386023
BM,Bermuda,AMRO,2022-08,-41.74757281553398
BM,Bermuda,AMRO,2022-09,-70.97222222222223
BM,Bermuda,AMRO,2022-10,4.30622009569378
BM,Bermuda,AMRO,2022-11,-43.57798165137615
BM,Bermuda,AMRO,2022-12,-23.577235772357724
BM,Bermuda,AMRO,2023-01,122.34042553191487
BM,Bermuda,AMRO,2023-02,-84.21052631578947
BM,Bermuda,AMRO,2023-03,51.51515151515152
BM,Bermuda,AMRO,2023-04,-78
BM,Bermuda,AMRO,2023-05,-100
BM,Bermuda,AMRO,2023-06,NA
BM,Bermuda,AMRO,2023-07,NA
BM,Bermuda,AMRO,2023-08,NA
BM,Bermuda,AMRO,2023-09,NA
BM,Bermuda,AMRO,2023-10,NA
BM,Bermuda,AMRO,2023-11,NA
BM,Bermuda,AMRO,2023-12,NA
BM,Bermuda,AMRO,2024-01,NA
BM,Bermuda,AMRO,2024-02,NA
BM,Bermuda,AMRO,2024-03,NA
BM,Bermuda,AMRO,2024-04,NA
BM,Bermuda,AMRO,2024-05,NA
BM,Bermuda,AMRO,2024-06,NA
BM,Bermuda,AMRO,2024-07,NA
BM,Bermuda,AMRO,2024-08,NA
BM,Bermuda,AMRO,2024-09,NA
BM,Bermuda,AMRO,2024-10,NA
BM,Bermuda,AMRO,2024-11,NA
BM,Bermuda,AMRO,2024-12,NA
BM,Bermuda,AMRO,2025-01,NA
BM,Bermuda,AMRO,2025-02,NA
BM,Bermuda,AMRO,2025-03,NA
BM,Bermuda,AMRO,2025-04,NA
BM,Bermuda,AMRO,2025-05,NA
BN,Brunei Darussalam,WPRO,2020-01,NA
BN,Brunei Darussalam,WPRO,2020-02,NA
BN,Brunei Darussalam,WPRO,2020-03,Inf
BN,Brunei Darussalam,WPRO,2020-04,-85
BN,Brunei Darussalam,WPRO,2020-05,-83.33333333333334
BN,Brunei Darussalam,WPRO,2020-06,-100
BN,Brunei Darussalam,WPRO,2020-07,NA
BN,Brunei Darussalam,WPRO,2020-08,Inf
BN,Brunei Darussalam,WPRO,2020-09,-33.33333333333333
BN,Brunei Darussalam,WPRO,2020-10,0
BN,Brunei Darussalam,WPRO,2020-11,0
BN,Brunei Darussalam,WPRO,2020-12,0
BN,Brunei Darussalam,WPRO,2021-01,1300
BN,Brunei Darussalam,WPRO,2021-02,-78.57142857142857
BN,Brunei Darussalam,WPRO,2021-03,250
BN,Brunei Darussalam,WPRO,2021-04,-23.809523809523807
BN,Brunei Darussalam,WPRO,2021-05,18.75
BN,Brunei Darussalam,WPRO,2021-06,-10.526315789473683
BN,Brunei Darussalam,WPRO,2021-07,264.70588235294116
BN,Brunei Darussalam,WPRO,2021-08,3519.3548387096776
BN,Brunei Darussalam,WPRO,2021-09,77.13903743315508
BN,Brunei Darussalam,WPRO,2021-10,65.78616352201257
BN,Brunei Darussalam,WPRO,2021-11,-71.07738998482549
BN,Brunei Darussalam,WPRO,2021-12,-78.43651626442812
BN,Brunei Darussalam,WPRO,2022-01,135.03649635036496
BN,Brunei Darussalam,WPRO,2022-02,4354.865424430642
BN,Brunei Darussalam,WPRO,2022-03,67.20732444113956
BN,Brunei Darussalam,WPRO,2022-04,-86.49730390794375
BN,Brunei Darussalam,WPRO,2022-05,-28.26265953067106
BN,Brunei Darussalam,WPRO,2022-06,28.17790530846485
BN,Brunei Darussalam,WPRO,2022-07,450
BN,Brunei Darussalam,WPRO,2022-08,-68.37617274151862
BN,Brunei Darussalam,WPRO,2022-09,-61.020657699980696
BN,Brunei Darussalam,WPRO,2022-10,119.38253260690112
BN,Brunei Darussalam,WPRO,2022-11,27.009331727874773
BN,Brunei Darussalam,WPRO,2022-12,-36.63565799608936
BN,Brunei Darussalam,WPRO,2023-01,-38.236394239760614
BN,Brunei Darussalam,WPRO,2023-02,-58.03179409538228
BN,Brunei Darussalam,WPRO,2023-03,43.001443001443
BN,Brunei Darussalam,WPRO,2023-04,53.75882946518667
BN,Brunei Darussalam,WPRO,2023-05,199.95077932731743
BN,Brunei Darussalam,WPRO,2023-06,-83.27863472267805
BN,Brunei Darussalam,WPRO,2023-07,-76.57834478246647
BN,Brunei Darussalam,WPRO,2023-08,-37.709497206703915
BN,Brunei Darussalam,WPRO,2023-09,53.36322869955157
BN,Brunei Darussalam,WPRO,2023-10,88.30409356725146
BN,Brunei Darussalam,WPRO,2023-11,61.95652173913043
BN,Brunei Darussalam,WPRO,2023-12,674.9760306807286
BN,Brunei Darussalam,WPRO,2024-01,-28.962019052332057
BN,Brunei Darussalam,WPRO,2024-02,-90.36050156739812
BN,Brunei Darussalam,WPRO,2024-03,-63.59530261969286
BN,Brunei Darussalam,WPRO,2024-04,-58.80893300248139
BN,Brunei Darussalam,WPRO,2024-05,231.32530120481923
BN,Brunei Darussalam,WPRO,2024-06,143.0909090909091
BN,Brunei Darussalam,WPRO,2024-07,20.56843679880329
BN,Brunei Darussalam,WPRO,2024-08,-51.736972704714645
BN,Brunei Darussalam,WPRO,2024-09,-18.637532133676093
BN,Brunei Darussalam,WPRO,2024-10,-31.595576619273302
BN,Brunei Darussalam,WPRO,2024-11,-23.556581986143183
BN,Brunei Darussalam,WPRO,2024-12,106.04229607250755
BN,Brunei Darussalam,WPRO,2025-01,-62.17008797653959
BN,Brunei Darussalam,WPRO,2025-02,-100
BN,Brunei Darussalam,WPRO,2025-03,NA
BN,Brunei Darussalam,WPRO,2025-04,NA
BN,Brunei Darussalam,WPRO,2025-05,NA
BO,Bolivia (Plurinational State of),AMRO,2020-01,NA
BO,Bolivia (Plurinational State of),AMRO,2020-02,NA
BO,Bolivia (Plurinational State of),AMRO,2020-03,Inf
BO,Bolivia (Plurinational State of),AMRO,2020-04,696.6666666666666
BO,Bolivia (Plurinational State of),AMRO,2020-05,1005.1603905160392
BO,Bolivia (Plurinational State of),AMRO,2020-06,161.13074204946994
BO,Bolivia (Plurinational State of),AMRO,2020-07,78.97254977769185
BO,Bolivia (Plurinational State of),AMRO,2020-08,29.48721410633759
BO,Bolivia (Plurinational State of),AMRO,2020-09,-60.76783517193919
BO,Bolivia (Plurinational State of),AMRO,2020-10,-60.718651995960244
BO,Bolivia (Plurinational State of),AMRO,2020-11,-47.469553450608934
BO,Bolivia (Plurinational State of),AMRO,2020-12,134.31221020092735
BO,Bolivia (Plurinational State of),AMRO,2021-01,557.4538258575199
BO,Bolivia (Plurinational State of),AMRO,2021-02,-42.311293936657634
BO,Bolivia (Plurinational State of),AMRO,2021-03,-39.65042464998986
BO,Bolivia (Plurinational State of),AMRO,2021-04,30.552353506243996
BO,Bolivia (Plurinational State of),AMRO,2021-05,152.6691438872742
BO,Bolivia (Plurinational State of),AMRO,2021-06,-2.7490608346195287
BO,Bolivia (Plurinational State of),AMRO,2021-07,-46.12516843838898
BO,Bolivia (Plurinational State of),AMRO,2021-08,-39.999444181974816
BO,Bolivia (Plurinational State of),AMRO,2021-09,-55.24779990736453
BO,Bolivia (Plurinational State of),AMRO,2021-10,50.24839577727178
BO,Bolivia (Plurinational State of),AMRO,2021-11,51.567128194530554
BO,Bolivia (Plurinational State of),AMRO,2021-12,82.39331000318138
BO,Bolivia (Plurinational State of),AMRO,2022-01,564.0835243695803
BO,Bolivia (Plurinational State of),AMRO,2022-02,-81.20370717796706
BO,Bolivia (Plurinational State of),AMRO,2022-03,-81.15343154868847
BO,Bolivia (Plurinational State of),AMRO,2022-04,-69.07107297955724
BO,Bolivia (Plurinational State of),AMRO,2022-05,42.842465753424655
BO,Bolivia (Plurinational State of),AMRO,2022-06,172.2128985854711
BO,Bolivia (Plurinational State of),AMRO,2022-07,888.9554342082085
BO,Bolivia (Plurinational State of),AMRO,2022-08,-40.321144221007074
BO,Bolivia (Plurinational State of),AMRO,2022-09,-86.94542687021534
BO,Bolivia (Plurinational State of),AMRO,2022-10,-81.31001371742113
BO,Bolivia (Plurinational State of),AMRO,2022-11,-27.155963302752298
BO,Bolivia (Plurinational State of),AMRO,2022-12,2933.8371116708645
BO,Bolivia (Plurinational State of),AMRO,2023-01,11.673539423795422
BO,Bolivia (Plurinational State of),AMRO,2023-02,-86.11186835518326
BO,Bolivia (Plurinational State of),AMRO,2023-03,-49.58957887223412
BO,Bolivia (Plurinational State of),AMRO,2023-04,-39.1858407079646
BO,Bolivia (Plurinational State of),AMRO,2023-05,-9.19674039580908
BO,Bolivia (Plurinational State of),AMRO,2023-06,104.16666666666669
BO,Bolivia (Plurinational State of),AMRO,2023-07,35.63579277864992
BO,Bolivia (Plurinational State of),AMRO,2023-08,-67.52314814814815
BO,Bolivia (Plurinational State of),AMRO,2023-09,-35.56664290805417
BO,Bolivia (Plurinational State of),AMRO,2023-10,0.11061946902654868
BO,Bolivia (Plurinational State of),AMRO,2023-11,-27.18232044198895
BO,Bolivia (Plurinational State of),AMRO,2023-12,191.50227617602428
BO,Bolivia (Plurinational State of),AMRO,2024-01,-98.33420093701196
BO,Bolivia (Plurinational State of),AMRO,2024-02,-68.75
BO,Bolivia (Plurinational State of),AMRO,2024-03,-70
BO,Bolivia (Plurinational State of),AMRO,2024-04,-33.33333333333333
BO,Bolivia (Plurinational State of),AMRO,2024-05,-50
BO,Bolivia (Plurinational State of),AMRO,2024-06,0
BO,Bolivia (Plurinational State of),AMRO,2024-07,100
BO,Bolivia (Plurinational State of),AMRO,2024-08,200
BO,Bolivia (Plurinational State of),AMRO,2024-09,-66.66666666666666
BO,Bolivia (Plurinational State of),AMRO,2024-10,-50
BO,Bolivia (Plurinational State of),AMRO,2024-11,-100
BO,Bolivia (Plurinational State of),AMRO,2024-12,NA
BO,Bolivia (Plurinational State of),AMRO,2025-01,Inf
BO,Bolivia (Plurinational State of),AMRO,2025-02,-92.85714285714286
BO,Bolivia (Plurinational State of),AMRO,2025-03,-100
BO,Bolivia (Plurinational State of),AMRO,2025-04,Inf
BO,Bolivia (Plurinational State of),AMRO,2025-05,-100
BQ,"Bonaire, Saint Eustatius and Saba",AMRO,2020-01,NA
BQ,"Bonaire, Saint Eustatius and Saba",AMRO,2020-02,NA
BQ,"Bonaire, Saint Eustatius and Saba",AMRO,2020-03,NA
BQ,"Bonaire, Saint Eustatius and Saba",AMRO,2020-04,Inf
BQ,"Bonaire, Saint Eustatius and Saba",AMRO,2020-05,-60
BQ,"Bonaire, Saint Eustatius and Saba",AMRO,2020-06,-100
BQ,"Bonaire, Saint Eustatius and Saba",AMRO,2020-07,Inf
BQ,"Bonaire, Saint Eustatius and Saba",AMRO,2020-08,0
BQ,"Bonaire, Saint Eustatius and Saba",AMRO,2020-09,1650
BQ,"Bonaire, Saint Eustatius and Saba",AMRO,2020-10,-7.142857142857142
BQ,"Bonaire, Saint Eustatius and Saba",AMRO,2020-11,-83.07692307692308
BQ,"Bonaire, Saint Eustatius and Saba",AMRO,2020-12,90.9090909090909
BQ,"Bonaire, Saint Eustatius and Saba",AMRO,2021-01,880.952380952381
BQ,"Bonaire, Saint Eustatius and Saba",AMRO,2021-02,-78.64077669902912
BQ,"Bonaire, Saint Eustatius and Saba",AMRO,2021-03,1752.2727272727273
BQ,"Bonaire, Saint Eustatius and Saba",AMRO,2021-04,-62.45398773006134
BQ,"Bonaire, Saint Eustatius and Saba",AMRO,2021-05,-80.71895424836602
BQ,"Bonaire, Saint Eustatius and Saba",AMRO,2021-06,-59.32203389830508
BQ,"Bonaire, Saint Eustatius and Saba",AMRO,2021-07,125
BQ,"Bonaire, Saint Eustatius and Saba",AMRO,2021-08,72.22222222222221
BQ,"Bonaire, Saint Eustatius and Saba",AMRO,2021-09,131.18279569892474
BQ,"Bonaire, Saint Eustatius and Saba",AMRO,2021-10,92.09302325581396
BQ,"Bonaire, Saint Eustatius and Saba",AMRO,2021-11,0.48426150121065376
BQ,"Bonaire, Saint Eustatius and Saba",AMRO,2021-12,-0.48192771084337355
BQ,"Bonaire, Saint Eustatius and Saba",AMRO,2022-01,774.3341404358354
BQ,"Bonaire, Saint Eustatius and Saba",AMRO,2022-02,-79.72860703406258
BQ,"Bonaire, Saint Eustatius and Saba",AMRO,2022-03,-37.56830601092896
BQ,"Bonaire, Saint Eustatius and Saba",AMRO,2022-04,239.6061269146608
BQ,"Bonaire, Saint Eustatius and Saba",AMRO,2022-05,-68.75
BQ,"Bonaire, Saint Eustatius and Saba",AMRO,2022-06,-49.69072164948454
BQ,"Bonaire, Saint Eustatius and Saba",AMRO,2022-07,110.65573770491804
BQ,"Bonaire, Saint Eustatius and Saba",AMRO,2022-08,-34.04669260700389
BQ,"Bonaire, Saint Eustatius and Saba",AMRO,2022-09,-55.75221238938053
BQ,"Bonaire, Saint Eustatius and Saba",AMRO,2022-10,-15.333333333333332
BQ,"Bonaire, Saint Eustatius and Saba",AMRO,2022-11,-25.984251968503933
BQ,"Bonaire, Saint Eustatius and Saba",AMRO,2022-12,82.97872340425532
BQ,"Bonaire, Saint Eustatius and Saba",AMRO,2023-01,-61.04651162790697
BQ,"Bonaire, Saint Eustatius and Saba",AMRO,2023-02,-68.65671641791045
BQ,"Bonaire, Saint Eustatius and Saba",AMRO,2023-03,104.76190476190476
BQ,"Bonaire, Saint Eustatius and Saba",AMRO,2023-04,-11.627906976744184
BQ,"Bonaire, Saint Eustatius and Saba",AMRO,2023-05,-36.84210526315789
BQ,"Bonaire, Saint Eustatius and Saba",AMRO,2023-06,-50
BQ,"Bonaire, Saint Eustatius and Saba",AMRO,2023-07,-91.66666666666666
BQ,"Bonaire, Saint Eustatius and Saba",AMRO,2023-08,-100
BQ,"Bonaire, Saint Eustatius and Saba",AMRO,2023-09,NA
BQ,"Bonaire, Saint Eustatius and Saba",AMRO,2023-10,NA
BQ,"Bonaire, Saint Eustatius and Saba",AMRO,2023-11,NA
BQ,"Bonaire, Saint Eustatius and Saba",AMRO,2023-12,NA
BQ,"Bonaire, Saint Eustatius and Saba",AMRO,2024-01,NA
BQ,"Bonaire, Saint Eustatius and Saba",AMRO,2024-02,NA
BQ,"Bonaire, Saint Eustatius and Saba",AMRO,2024-03,NA
BQ,"Bonaire, Saint Eustatius and Saba",AMRO,2024-04,NA
BQ,"Bonaire, Saint Eustatius and Saba",AMRO,2024-05,NA
BQ,"Bonaire, Saint Eustatius and Saba",AMRO,2024-06,NA
BQ,"Bonaire, Saint Eustatius and Saba",AMRO,2024-07,NA
BQ,"Bonaire, Saint Eustatius and Saba",AMRO,2024-08,NA
BQ,"Bonaire, Saint Eustatius and Saba",AMRO,2024-09,NA
BQ,"Bonaire, Saint Eustatius and Saba",AMRO,2024-10,NA
BQ,"Bonaire, Saint Eustatius and Saba",AMRO,2024-11,NA
BQ,"Bonaire, Saint Eustatius and Saba",AMRO,2024-12,NA
BQ,"Bonaire, Saint Eustatius and Saba",AMRO,2025-01,NA
BQ,"Bonaire, Saint Eustatius and Saba",AMRO,2025-02,NA
BQ,"Bonaire, Saint Eustatius and Saba",AMRO,2025-03,NA
BQ,"Bonaire, Saint Eustatius and Saba",AMRO,2025-04,NA
BQ,"Bonaire, Saint Eustatius and Saba",AMRO,2025-05,NA
BR,Brazil,AMRO,2020-01,NA
BR,Brazil,AMRO,2020-02,NA
BR,Brazil,AMRO,2020-03,Inf
BR,Brazil,AMRO,2020-04,1350.921861281826
BR,Brazil,AMRO,2020-05,731.3586671507524
BR,Brazil,AMRO,2020-06,96.47379364390022
BR,Brazil,AMRO,2020-07,31.931519570070932
BR,Brazil,AMRO,2020-08,36.78846341043362
BR,Brazil,AMRO,2020-09,-39.45616540432465
BR,Brazil,AMRO,2020-10,-24.950780393530813
BR,Brazil,AMRO,2020-11,33.22842044867576
BR,Brazil,AMRO,2020-12,36.794190985809784
BR,Brazil,AMRO,2021-01,37.98869617669661
BR,Brazil,AMRO,2021-02,-19.93086032960209
BR,Brazil,AMRO,2021-03,45.74521152599211
BR,Brazil,AMRO,2021-04,-5.958587508928645
BR,Brazil,AMRO,2021-05,17.580309320202723
BR,Brazil,AMRO,2021-06,-10.396166418853824
BR,Brazil,AMRO,2021-07,-32.16994763909821
BR,Brazil,AMRO,2021-08,-18.189134317235546
BR,Brazil,AMRO,2021-09,-41.78893718215189
BR,Brazil,AMRO,2021-10,-25.320261018742684
BR,Brazil,AMRO,2021-11,-41.125411938984726
BR,Brazil,AMRO,2021-12,-40.5216078532905
BR,Brazil,AMRO,2022-01,1619.1592022414734
BR,Brazil,AMRO,2022-02,26.382089741728898
BR,Brazil,AMRO,2022-03,-65.47220939088407
BR,Brazil,AMRO,2022-04,-56.15923374277752
BR,Brazil,AMRO,2022-05,8.57654164491835
BR,Brazil,AMRO,2022-06,89.20504491388073
BR,Brazil,AMRO,2022-07,60.390047013623146
BR,Brazil,AMRO,2022-08,-67.28709862112822
BR,Brazil,AMRO,2022-09,-55.808865621719406
BR,Brazil,AMRO,2022-10,-22.588623893424337
BR,Brazil,AMRO,2022-11,65.45803842264914
BR,Brazil,AMRO,2022-12,197.86296581478632
BR,Brazil,AMRO,2023-01,-31.585275031441252
BR,Brazil,AMRO,2023-02,-65.62397852848125
BR,Brazil,AMRO,2023-03,-19.67949612673599
BR,Brazil,AMRO,2023-04,32.90595505740011
BR,Brazil,AMRO,2023-05,-74.46157366358722
BR,Brazil,AMRO,2023-06,-100
BR,Brazil,AMRO,2023-07,NA
BR,Brazil,AMRO,2023-08,NA
BR,Brazil,AMRO,2023-09,NA
BR,Brazil,AMRO,2023-10,NA
BR,Brazil,AMRO,2023-11,NA
BR,Brazil,AMRO,2023-12,NA
BR,Brazil,AMRO,2024-01,NA
BR,Brazil,AMRO,2024-02,NA
BR,Brazil,AMRO,2024-03,NA
BR,Brazil,AMRO,2024-04,NA
BR,Brazil,AMRO,2024-05,NA
BR,Brazil,AMRO,2024-06,NA
BR,Brazil,AMRO,2024-07,NA
BR,Brazil,AMRO,2024-08,NA
BR,Brazil,AMRO,2024-09,NA
BR,Brazil,AMRO,2024-10,NA
BR,Brazil,AMRO,2024-11,NA
BR,Brazil,AMRO,2024-12,NA
BR,Brazil,AMRO,2025-01,Inf
BR,Brazil,AMRO,2025-02,17.999340985227086
BR,Brazil,AMRO,2025-03,-50.23968538384567
BR,Brazil,AMRO,2025-04,-80.52002712371689
BR,Brazil,AMRO,2025-05,-59.60869043332133
BS,Bahamas,AMRO,2020-01,NA
BS,Bahamas,AMRO,2020-02,NA
BS,Bahamas,AMRO,2020-03,Inf
BS,Bahamas,AMRO,2020-04,600
BS,Bahamas,AMRO,2020-05,-53.96825396825397
BS,Bahamas,AMRO,2020-06,-89.65517241379311
BS,Bahamas,AMRO,2020-07,6966.666666666667
BS,Bahamas,AMRO,2020-08,721.2264150943396
BS,Bahamas,AMRO,2020-09,-0.4595060310166571
BS,Bahamas,AMRO,2020-10,47.83612233121754
BS,Bahamas,AMRO,2020-11,-55.34738485558157
BS,Bahamas,AMRO,2020-12,-74.47552447552448
BS,Bahamas,AMRO,2021-01,35.273972602739725
BS,Bahamas,AMRO,2021-02,-9.113924050632912
BS,Bahamas,AMRO,2021-03,37.04735376044568
BS,Bahamas,AMRO,2021-04,106.5040650406504
BS,Bahamas,AMRO,2021-05,68.30708661417323
BS,Bahamas,AMRO,2021-06,-56.49122807017544
BS,Bahamas,AMRO,2021-07,108.73655913978494
BS,Bahamas,AMRO,2021-08,155.8918222794591
BS,Bahamas,AMRO,2021-09,-32.71263210870659
BS,Bahamas,AMRO,2021-10,-36.76140613313388
BS,Bahamas,AMRO,2021-11,-79.00650502661148
BS,Bahamas,AMRO,2021-12,147.6056338028169
BS,Bahamas,AMRO,2022-01,907.5085324232084
BS,Bahamas,AMRO,2022-02,-92.82971996386632
BS,Bahamas,AMRO,2022-03,-79.05511811023622
BS,Bahamas,AMRO,2022-04,57.14285714285714
BS,Bahamas,AMRO,2022-05,456.4593301435407
BS,Bahamas,AMRO,2022-06,2.1496130696474633
BS,Bahamas,AMRO,2022-07,-24.074074074074073
BS,Bahamas,AMRO,2022-08,-62.74944567627494
BS,Bahamas,AMRO,2022-09,-36.01190476190476
BS,Bahamas,AMRO,2022-10,-44.65116279069768
BS,Bahamas,AMRO,2022-11,-24.369747899159663
BS,Bahamas,AMRO,2022-12,-83.33333333333334
BS,Bahamas,AMRO,2023-01,-100
BS,Bahamas,AMRO,2023-02,NA
BS,Bahamas,AMRO,2023-03,NA
BS,Bahamas,AMRO,2023-04,Inf
BS,Bahamas,AMRO,2023-05,-100
BS,Bahamas,AMRO,2023-06,NA
BS,Bahamas,AMRO,2023-07,NA
BS,Bahamas,AMRO,2023-08,NA
BS,Bahamas,AMRO,2023-09,NA
BS,Bahamas,AMRO,2023-10,Inf
BS,Bahamas,AMRO,2023-11,6.666666666666667
BS,Bahamas,AMRO,2023-12,100
BS,Bahamas,AMRO,2024-01,378.125
BS,Bahamas,AMRO,2024-02,-18.30065359477124
BS,Bahamas,AMRO,2024-03,-14.4
BS,Bahamas,AMRO,2024-04,-79.43925233644859
BS,Bahamas,AMRO,2024-05,104.54545454545456
BS,Bahamas,AMRO,2024-06,302.22222222222223
BS,Bahamas,AMRO,2024-07,91.71270718232044
BS,Bahamas,AMRO,2024-08,-100
BS,Bahamas,AMRO,2024-09,NA
BS,Bahamas,AMRO,2024-10,NA
BS,Bahamas,AMRO,2024-11,NA
BS,Bahamas,AMRO,2024-12,NA
BS,Bahamas,AMRO,2025-01,NA
BS,Bahamas,AMRO,2025-02,NA
BS,Bahamas,AMRO,2025-03,NA
BS,Bahamas,AMRO,2025-04,NA
BS,Bahamas,AMRO,2025-05,NA
BT,Bhutan,SEARO,2020-01,NA
BT,Bhutan,SEARO,2020-02,NA
BT,Bhutan,SEARO,2020-03,Inf
BT,Bhutan,SEARO,2020-04,33.33333333333333
BT,Bhutan,SEARO,2020-05,800
BT,Bhutan,SEARO,2020-06,-8.333333333333332
BT,Bhutan,SEARO,2020-07,-42.42424242424242
BT,Bhutan,SEARO,2020-08,578.9473684210526
BT,Bhutan,SEARO,2020-09,-62.01550387596899
BT,Bhutan,SEARO,2020-10,36.734693877551024
BT,Bhutan,SEARO,2020-11,-16.417910447761194
BT,Bhutan,SEARO,2020-12,258.92857142857144
BT,Bhutan,SEARO,2021-01,30.34825870646766
BT,Bhutan,SEARO,2021-02,-96.94656488549616
BT,Bhutan,SEARO,2021-03,-37.5
BT,Bhutan,SEARO,2021-04,2900
BT,Bhutan,SEARO,2021-05,293.3333333333333
BT,Bhutan,SEARO,2021-06,-25.42372881355932
BT,Bhutan,SEARO,2021-07,-1.3636363636363635
BT,Bhutan,SEARO,2021-08,-75.11520737327189
BT,Bhutan,SEARO,2021-09,-95.37037037037037
BT,Bhutan,SEARO,2021-10,340
BT,Bhutan,SEARO,2021-11,-13.636363636363637
BT,Bhutan,SEARO,2021-12,5.263157894736842
BT,Bhutan,SEARO,2022-01,10025
BT,Bhutan,SEARO,2022-02,270.8148148148148
BT,Bhutan,SEARO,2022-03,71.60740444799573
BT,Bhutan,SEARO,2022-04,153.6939313984169
BT,Bhutan,SEARO,2022-05,-94.3287143250436
BT,Bhutan,SEARO,2022-06,-95.46925566343042
BT,Bhutan,SEARO,2022-07,877.3809523809524
BT,Bhutan,SEARO,2022-08,-33.49573690621194
BT,Bhutan,SEARO,2022-09,63.55311355311355
BT,Bhutan,SEARO,2022-10,-53.97536394176932
BT,Bhutan,SEARO,2022-11,-70.07299270072993
BT,Bhutan,SEARO,2022-12,-77.23577235772358
BT,Bhutan,SEARO,2023-01,164.28571428571428
BT,Bhutan,SEARO,2023-02,-79.72972972972973
BT,Bhutan,SEARO,2023-03,86.66666666666667
BT,Bhutan,SEARO,2023-04,-35.714285714285715
BT,Bhutan,SEARO,2023-05,-72.22222222222221
BT,Bhutan,SEARO,2023-06,-60
BT,Bhutan,SEARO,2023-07,800
BT,Bhutan,SEARO,2023-08,-66.66666666666666
BT,Bhutan,SEARO,2023-09,-100
BT,Bhutan,SEARO,2023-10,NA
BT,Bhutan,SEARO,2023-11,NA
BT,Bhutan,SEARO,2023-12,NA
BT,Bhutan,SEARO,2024-01,NA
BT,Bhutan,SEARO,2024-02,NA
BT,Bhutan,SEARO,2024-03,NA
BT,Bhutan,SEARO,2024-04,NA
BT,Bhutan,SEARO,2024-05,NA
BT,Bhutan,SEARO,2024-06,NA
BT,Bhutan,SEARO,2024-07,NA
BT,Bhutan,SEARO,2024-08,NA
BT,Bhutan,SEARO,2024-09,NA
BT,Bhutan,SEARO,2024-10,NA
BT,Bhutan,SEARO,2024-11,NA
BT,Bhutan,SEARO,2024-12,NA
BT,Bhutan,SEARO,2025-01,NA
BT,Bhutan,SEARO,2025-02,NA
BT,Bhutan,SEARO,2025-03,NA
BT,Bhutan,SEARO,2025-04,NA
BT,Bhutan,SEARO,2025-05,NA
BW,Botswana,AFRO,2020-01,NA
BW,Botswana,AFRO,2020-02,NA
BW,Botswana,AFRO,2020-03,NA
BW,Botswana,AFRO,2020-04,Inf
BW,Botswana,AFRO,2020-05,-40.909090909090914
BW,Botswana,AFRO,2020-06,592.3076923076924
BW,Botswana,AFRO,2020-07,523.3333333333334
BW,Botswana,AFRO,2020-08,68.80570409982175
BW,Botswana,AFRO,2020-09,36.008447729672646
BW,Botswana,AFRO,2020-10,133.07453416149067
BW,Botswana,AFRO,2020-11,49.566955363091274
BW,Botswana,AFRO,2020-12,-22.561247216035635
BW,Botswana,AFRO,2021-01,122.40437158469946
BW,Botswana,AFRO,2021-02,17.729212466054573
BW,Botswana,AFRO,2021-03,0.10984182776801409
BW,Botswana,AFRO,2021-04,1.239850779021286
BW,Botswana,AFRO,2021-05,-8.44261406741086
BW,Botswana,AFRO,2021-06,48.61505681818182
BW,Botswana,AFRO,2021-07,155.30067702110713
BW,Botswana,AFRO,2021-08,70.97619567591177
BW,Botswana,AFRO,2021-09,-61.45648960823312
BW,Botswana,AFRO,2021-10,-56.29882119017186
BW,Botswana,AFRO,2021-11,-15.64294225977684
BW,Botswana,AFRO,2021-12,123.62912546551944
BW,Botswana,AFRO,2022-01,132.881589525669
BW,Botswana,AFRO,2022-02,26.858016471864676
BW,Botswana,AFRO,2022-03,-97.67717606811026
BW,Botswana,AFRO,2022-04,-66.77824267782427
BW,Botswana,AFRO,2022-05,36.02015113350126
BW,Botswana,AFRO,2022-06,2891.666666666667
BW,Botswana,AFRO,2022-07,-81.70844939647168
BW,Botswana,AFRO,2022-08,-93.67174280879864
BW,Botswana,AFRO,2022-09,120.85561497326202
BW,Botswana,AFRO,2022-10,-92.97820823244552
BW,Botswana,AFRO,2022-11,1327.586206896552
BW,Botswana,AFRO,2022-12,205.31400966183577
BW,Botswana,AFRO,2023-01,12.579113924050631
BW,Botswana,AFRO,2023-02,-78.63668306394939
BW,Botswana,AFRO,2023-03,-76.31578947368422
BW,Botswana,AFRO,2023-04,-63.888888888888886
BW,Botswana,AFRO,2023-05,226.9230769230769
BW,Botswana,AFRO,2023-06,60
BW,Botswana,AFRO,2023-07,-11.029411764705882
BW,Botswana,AFRO,2023-08,-56.19834710743802
BW,Botswana,AFRO,2023-09,-54.71698113207547
BW,Botswana,AFRO,2023-10,233.33333333333337
BW,Botswana,AFRO,2023-11,-38.75
BW,Botswana,AFRO,2023-12,-73.46938775510205
BW,Botswana,AFRO,2024-01,338.46153846153845
BW,Botswana,AFRO,2024-02,131.57894736842107
BW,Botswana,AFRO,2024-03,-71.96969696969697
BW,Botswana,AFRO,2024-04,-81.08108108108108
BW,Botswana,AFRO,2024-05,-100
BW,Botswana,AFRO,2024-06,NA
BW,Botswana,AFRO,2024-07,Inf
BW,Botswana,AFRO,2024-08,-100
BW,Botswana,AFRO,2024-09,NA
BW,Botswana,AFRO,2024-10,NA
BW,Botswana,AFRO,2024-11,NA
BW,Botswana,AFRO,2024-12,Inf
BW,Botswana,AFRO,2025-01,-100
BW,Botswana,AFRO,2025-02,NA
BW,Botswana,AFRO,2025-03,NA
BW,Botswana,AFRO,2025-04,NA
BW,Botswana,AFRO,2025-05,NA
BY,Belarus,EURO,2020-01,NA
BY,Belarus,EURO,2020-02,NA
BY,Belarus,EURO,2020-03,Inf
BY,Belarus,EURO,2020-04,10002.127659574468
BY,Belarus,EURO,2020-05,237.7000842459983
BY,Belarus,EURO,2020-06,-39.38817512785331
BY,Belarus,EURO,2020-07,-69.60950764006792
BY,Belarus,EURO,2020-08,-23.463687150837988
BY,Belarus,EURO,2020-09,27.538155275381555
BY,Belarus,EURO,2020-10,140.68678459937564
BY,Belarus,EURO,2020-11,203.76855454676468
BY,Belarus,EURO,2020-12,22.394857319069196
BY,Belarus,EURO,2021-01,19.477499127873173
BY,Belarus,EURO,2021-02,-36.10660524266805
BY,Belarus,EURO,2021-03,-19.59176419812638
BY,Belarus,EURO,2021-04,7.486107602930033
BY,Belarus,EURO,2021-05,17.389771759245658
BY,Belarus,EURO,2021-06,-42.21404799439482
BY,Belarus,EURO,2021-07,8.682284675009743
BY,Belarus,EURO,2021-08,51.69734640210375
BY,Belarus,EURO,2021-09,32.18816484122606
BY,Belarus,EURO,2021-10,38.89484978540773
BY,Belarus,EURO,2021-11,-25.559704161480912
BY,Belarus,EURO,2021-12,-18.454531478207397
BY,Belarus,EURO,2022-01,8.406193292955955
BY,Belarus,EURO,2022-02,279.8521739130435
BY,Belarus,EURO,2022-03,-74.15527779685462
BY,Belarus,EURO,2022-04,-58.05487278283399
BY,Belarus,EURO,2022-05,-71.31770668356035
BY,Belarus,EURO,2022-06,-100
BY,Belarus,EURO,2022-07,Inf
BY,Belarus,EURO,2022-08,-100
BY,Belarus,EURO,2022-09,NA
BY,Belarus,EURO,2022-10,NA
BY,Belarus,EURO,2022-11,NA
BY,Belarus,EURO,2022-12,NA
BY,Belarus,EURO,2023-01,NA
BY,Belarus,EURO,2023-02,NA
BY,Belarus,EURO,2023-03,NA
BY,Belarus,EURO,2023-04,NA
BY,Belarus,EURO,2023-05,NA
BY,Belarus,EURO,2023-06,NA
BY,Belarus,EURO,2023-07,NA
BY,Belarus,EURO,2023-08,NA
BY,Belarus,EURO,2023-09,NA
BY,Belarus,EURO,2023-10,NA
BY,Belarus,EURO,2023-11,NA
BY,Belarus,EURO,2023-12,NA
BY,Belarus,EURO,2024-01,NA
BY,Belarus,EURO,2024-02,NA
BY,Belarus,EURO,2024-03,NA
BY,Belarus,EURO,2024-04,NA
BY,Belarus,EURO,2024-05,NA
BY,Belarus,EURO,2024-06,NA
BY,Belarus,EURO,2024-07,NA
BY,Belarus,EURO,2024-08,NA
BY,Belarus,EURO,2024-09,Inf
BY,Belarus,EURO,2024-10,-100
BY,Belarus,EURO,2024-11,Inf
BY,Belarus,EURO,2024-12,-100
BY,Belarus,EURO,2025-01,NA
BY,Belarus,EURO,2025-02,Inf
BY,Belarus,EURO,2025-03,-25
BY,Belarus,EURO,2025-04,-100
BY,Belarus,EURO,2025-05,NA
BZ,Belize,AMRO,2020-01,NA
BZ,Belize,AMRO,2020-02,NA
BZ,Belize,AMRO,2020-03,Inf
BZ,Belize,AMRO,2020-04,700
BZ,Belize,AMRO,2020-05,-100
BZ,Belize,AMRO,2020-06,Inf
BZ,Belize,AMRO,2020-07,300
BZ,Belize,AMRO,2020-08,3325
BZ,Belize,AMRO,2020-09,14.11192214111922
BZ,Belize,AMRO,2020-10,32.40938166311301
BZ,Belize,AMRO,2020-11,104.26731078904992
BZ,Belize,AMRO,2020-12,93.25975561687032
BZ,Belize,AMRO,2021-01,-71.71119722618805
BZ,Belize,AMRO,2021-02,-70.00720980533526
BZ,Belize,AMRO,2021-03,-70.67307692307693
BZ,Belize,AMRO,2021-04,50.81967213114754
BZ,Belize,AMRO,2021-05,4.3478260869565215
BZ,Belize,AMRO,2021-06,80.20833333333334
BZ,Belize,AMRO,2021-07,125.4335260115607
BZ,Belize,AMRO,2021-08,168.5897435897436
BZ,Belize,AMRO,2021-09,71.26491646778042
BZ,Belize,AMRO,2021-10,100.61315496098103
BZ,Belize,AMRO,2021-11,-53.223117532647954
BZ,Belize,AMRO,2021-12,-60.26136026136027
BZ,Belize,AMRO,2022-01,1318.8340807174886
BZ,Belize,AMRO,2022-02,-67.8150021070375
BZ,Belize,AMRO,2022-03,-89.62356792144026
BZ,Belize,AMRO,2022-04,-70.347003154574125
BZ,Belize,AMRO,2022-05,767.0212765957447
BZ,Belize,AMRO,2022-06,144.66257668711657
BZ,Belize,AMRO,2022-07,2.156469408224674
BZ,Belize,AMRO,2022-08,-73.58861070201277
BZ,Belize,AMRO,2022-09,-44.51672862453532
BZ,Belize,AMRO,2022-10,-73.36683417085426
BZ,Belize,AMRO,2022-11,-56.60377358490566
BZ,Belize,AMRO,2022-12,860.8695652173913
BZ,Belize,AMRO,2023-01,41.02564102564102
BZ,Belize,AMRO,2023-02,-86.09625668449198
BZ,Belize,AMRO,2023-03,-67.6923076923077
BZ,Belize,AMRO,2023-04,-100
BZ,Belize,AMRO,2023-05,Inf
BZ,Belize,AMRO,2023-06,338.0952380952381
BZ,Belize,AMRO,2023-07,70.65217391304348
BZ,Belize,AMRO,2023-08,40.12738853503185
BZ,Belize,AMRO,2023-09,-49.54545454545455
BZ,Belize,AMRO,2023-10,-100
BZ,Belize,AMRO,2023-11,NA
BZ,Belize,AMRO,2023-12,NA
BZ,Belize,AMRO,2024-01,Inf
BZ,Belize,AMRO,2024-02,75
BZ,Belize,AMRO,2024-03,-71.42857142857143
BZ,Belize,AMRO,2024-04,-100
BZ,Belize,AMRO,2024-05,NA
BZ,Belize,AMRO,2024-06,Inf
BZ,Belize,AMRO,2024-07,50
BZ,Belize,AMRO,2024-08,-33.33333333333333
BZ,Belize,AMRO,2024-09,550
BZ,Belize,AMRO,2024-10,-92.3076923076923
BZ,Belize,AMRO,2024-11,-100
BZ,Belize,AMRO,2024-12,NA
BZ,Belize,AMRO,2025-01,Inf
BZ,Belize,AMRO,2025-02,-100
BZ,Belize,AMRO,2025-03,NA
BZ,Belize,AMRO,2025-04,NA
BZ,Belize,AMRO,2025-05,NA
CA,Canada,AMRO,2020-01,NA
CA,Canada,AMRO,2020-02,700
CA,Canada,AMRO,2020-03,58225
CA,Canada,AMRO,2020-04,740.1628804114874
CA,Canada,AMRO,2020-05,16.14203356971583
CA,Canada,AMRO,2020-06,-70.62156819679333
CA,Canada,AMRO,2020-07,-22.17404306220096
CA,Canada,AMRO,2020-08,35.609990393852065
CA,Canada,AMRO,2020-09,63.95834809095417
CA,Canada,AMRO,2020-10,164.73688758316771
CA,Canada,AMRO,2020-11,140.43997649977155
CA,Canada,AMRO,2020-12,22.29318817364863
CA,Canada,AMRO,2021-01,28.513628265538888
CA,Canada,AMRO,2021-02,-60.80621199557766
CA,Canada,AMRO,2021-03,4.7975846794631645
CA,Canada,AMRO,2021-04,118.6198847625857
CA,Canada,AMRO,2021-05,0.8503066009378382
CA,Canada,AMRO,2021-06,-81.86491680695111
CA,Canada,AMRO,2021-07,-64.73650994004417
CA,Canada,AMRO,2021-08,352.8337061894109
CA,Canada,AMRO,2021-09,85.04899135446686
CA,Canada,AMRO,2021-10,0.8454138523284477
CA,Canada,AMRO,2021-11,-38.1906266270153
CA,Canada,AMRO,2021-12,156.3453878331882
CA,Canada,AMRO,2022-01,487.1842140438424
CA,Canada,AMRO,2022-02,-75.24777079790307
CA,Canada,AMRO,2022-03,-39.06454171664182
CA,Canada,AMRO,2022-04,60.51289468554072
CA,Canada,AMRO,2022-05,-32.82519608534512
CA,Canada,AMRO,2022-06,-60.066137488991664
CA,Canada,AMRO,2022-07,95.30166055702414
CA,Canada,AMRO,2022-08,-24.07627593942793
CA,Canada,AMRO,2022-09,-27.264131430428744
CA,Canada,AMRO,2022-10,37.44718882027949
CA,Canada,AMRO,2022-11,-31.793462197789207
CA,Canada,AMRO,2022-12,-5.582759168580549
CA,Canada,AMRO,2023-01,14.75537741333415
CA,Canada,AMRO,2023-02,-45.791950513924625
CA,Canada,AMRO,2023-03,-13.828636072991982
CA,Canada,AMRO,2023-04,-4.09829047632638
CA,Canada,AMRO,2023-05,-60.40234502871768
CA,Canada,AMRO,2023-06,-64.79783556290396
CA,Canada,AMRO,2023-07,-12.51067463706234
CA,Canada,AMRO,2023-08,41.75207418252806
CA,Canada,AMRO,2023-09,110.4320881390945
CA,Canada,AMRO,2023-10,91.89299738219894
CA,Canada,AMRO,2023-11,-5.94705205269216
CA,Canada,AMRO,2023-12,26.443658779802377
CA,Canada,AMRO,2024-01,-47.0820189274448
CA,Canada,AMRO,2024-02,-44.81777536919117
CA,Canada,AMRO,2024-03,-25.104345691136754
CA,Canada,AMRO,2024-04,-29.142763481396493
CA,Canada,AMRO,2024-05,34.74439046958131
CA,Canada,AMRO,2024-06,-36.29184549356223
CA,Canada,AMRO,2024-07,-48.45055241174885
CA,Canada,AMRO,2024-08,-98.01359121798224
CA,Canada,AMRO,2024-09,-100
CA,Canada,AMRO,2024-10,NA
CA,Canada,AMRO,2024-11,NA
CA,Canada,AMRO,2024-12,NA
CA,Canada,AMRO,2025-01,NA
CA,Canada,AMRO,2025-02,NA
CA,Canada,AMRO,2025-03,NA
CA,Canada,AMRO,2025-04,NA
CA,Canada,AMRO,2025-05,NA
CD,Democratic Republic of the Congo,AFRO,2020-01,NA
CD,Democratic Republic of the Congo,AFRO,2020-02,NA
CD,Democratic Republic of the Congo,AFRO,2020-03,Inf
CD,Democratic Republic of the Congo,AFRO,2020-04,480
CD,Democratic Republic of the Congo,AFRO,2020-05,591.2466843501326
CD,Democratic Republic of the Congo,AFRO,2020-06,44.97313891020722
CD,Democratic Republic of the Congo,AFRO,2020-07,-46.98253043938592
CD,Democratic Republic of the Congo,AFRO,2020-08,-39.34098851722416
CD,Democratic Republic of the Congo,AFRO,2020-09,-53.333333333333336
CD,Democratic Republic of the Congo,AFRO,2020-10,-3.1746031746031744
CD,Democratic Republic of the Congo,AFRO,2020-11,180.6921675774135
CD,Democratic Republic of the Congo,AFRO,2020-12,168.39714471122647
CD,Democratic Republic of the Congo,AFRO,2021-01,43.447775628626694
CD,Democratic Republic of the Congo,AFRO,2021-02,-47.04196864992415
CD,Democratic Republic of the Congo,AFRO,2021-03,-35.80521960534691
CD,Democratic Republic of the Congo,AFRO,2021-04,-18.393653941497274
CD,Democratic Republic of the Congo,AFRO,2021-05,20.352369380315917
CD,Democratic Republic of the Congo,AFRO,2021-06,339.02069661786976
CD,Democratic Republic of the Congo,AFRO,2021-07,-9.463033229849373
CD,Democratic Republic of the Congo,AFRO,2021-08,-14.46532893065786
CD,Democratic Republic of the Congo,AFRO,2021-09,-69.20564216778025
CD,Democratic Republic of the Congo,AFRO,2021-10,-68.90067502410801
CD,Democratic Republic of the Congo,AFRO,2021-11,12.248062015503876
CD,Democratic Republic of the Congo,AFRO,2021-12,2212.0165745856357
CD,Democratic Republic of the Congo,AFRO,2022-01,-37.48133102335862
CD,Democratic Republic of the Congo,AFRO,2022-02,-93.98948877209746
CD,Democratic Republic of the Congo,AFRO,2022-03,-3.1796502384737675
CD,Democratic Republic of the Congo,AFRO,2022-04,-33.66174055829228
CD,Democratic Republic of the Congo,AFRO,2022-05,319.55445544554453
CD,Democratic Republic of the Congo,AFRO,2022-06,48.023598820059
CD,Democratic Republic of the Congo,AFRO,2022-07,-57.15424471901156
CD,Democratic Republic of the Congo,AFRO,2022-08,-76.46511627906976
CD,Democratic Republic of the Congo,AFRO,2022-09,-20.55335968379447
CD,Democratic Republic of the Congo,AFRO,2022-10,0
CD,Democratic Republic of the Congo,AFRO,2022-11,456.2189054726368
CD,Democratic Republic of the Congo,AFRO,2022-12,-22.450805008944545
CD,Democratic Republic of the Congo,AFRO,2023-01,-48.904267589388695
CD,Democratic Republic of the Congo,AFRO,2023-02,-46.95259593679458
CD,Democratic Republic of the Congo,AFRO,2023-03,-37.4468085106383
CD,Democratic Republic of the Congo,AFRO,2023-04,115.64625850340136
CD,Democratic Republic of the Congo,AFRO,2023-05,152.36593059936908
CD,Democratic Republic of the Congo,AFRO,2023-06,-27.625
CD,Democratic Republic of the Congo,AFRO,2023-07,-81.69257340241796
CD,Democratic Republic of the Congo,AFRO,2023-08,686.7924528301887
CD,Democratic Republic of the Congo,AFRO,2023-09,-56.83453237410072
CD,Democratic Republic of the Congo,AFRO,2023-10,11.38888888888889
CD,Democratic Republic of the Congo,AFRO,2023-11,-89.77556109725685
CD,Democratic Republic of the Congo,AFRO,2023-12,-87.8048780487805
CD,Democratic Republic of the Congo,AFRO,2024-01,7259.999999999999
CD,Democratic Republic of the Congo,AFRO,2024-02,22.282608695652172
CD,Democratic Republic of the Congo,AFRO,2024-03,-56.888888888888886
CD,Democratic Republic of the Congo,AFRO,2024-04,-5.154639175257731
CD,Democratic Republic of the Congo,AFRO,2024-05,-11.956521739130435
CD,Democratic Republic of the Congo,AFRO,2024-06,-8.641975308641975
CD,Democratic Republic of the Congo,AFRO,2024-07,-12.837837837837837
CD,Democratic Republic of the Congo,AFRO,2024-08,-100
CD,Democratic Republic of the Congo,AFRO,2024-09,NA
CD,Democratic Republic of the Congo,AFRO,2024-10,Inf
CD,Democratic Republic of the Congo,AFRO,2024-11,20
CD,Democratic Republic of the Congo,AFRO,2024-12,266.66666666666663
CD,Democratic Republic of the Congo,AFRO,2025-01,-100
CD,Democratic Republic of the Congo,AFRO,2025-02,NA
CD,Democratic Republic of the Congo,AFRO,2025-03,NA
CD,Democratic Republic of the Congo,AFRO,2025-04,NA
CD,Democratic Republic of the Congo,AFRO,2025-05,Inf
CF,Central African Republic,AFRO,2020-01,NA
CF,Central African Republic,AFRO,2020-02,NA
CF,Central African Republic,AFRO,2020-03,Inf
CF,Central African Republic,AFRO,2020-04,30.76923076923077
CF,Central African Republic,AFRO,2020-05,5911.764705882353
CF,Central African Republic,AFRO,2020-06,191.97651663405088
CF,Central African Republic,AFRO,2020-07,-55.59651474530831
CF,Central African Republic,AFRO,2020-08,-88.30188679245283
CF,Central African Republic,AFRO,2020-09,-16.7741935483871
CF,Central African Republic,AFRO,2020-10,-55.03875968992248
CF,Central African Republic,AFRO,2020-11,-3.4482758620689653
CF,Central African Republic,AFRO,2020-12,-1.7857142857142856
CF,Central African Republic,AFRO,2021-01,-9.090909090909092
CF,Central African Republic,AFRO,2021-02,-32
CF,Central African Republic,AFRO,2021-03,1038.235294117647
CF,Central African Republic,AFRO,2021-04,644.9612403100775
CF,Central African Republic,AFRO,2021-05,-39.021852237252865
CF,Central African Republic,AFRO,2021-06,-92.4914675767918
CF,Central African Republic,AFRO,2021-07,-34.090909090909086
CF,Central African Republic,AFRO,2021-08,85.0574712643678
CF,Central African Republic,AFRO,2021-09,-57.14285714285714
CF,Central African Republic,AFRO,2021-10,214.49275362318843
CF,Central African Republic,AFRO,2021-11,-30.87557603686636
CF,Central African Republic,AFRO,2021-12,250.66666666666669
CF,Central African Republic,AFRO,2022-01,233.65019011406844
CF,Central African Republic,AFRO,2022-02,-83.07692307692308
CF,Central African Republic,AFRO,2022-03,-89.56228956228956
CF,Central African Republic,AFRO,2022-04,-90.32258064516128
CF,Central African Republic,AFRO,2022-05,466.6666666666667
CF,Central African Republic,AFRO,2022-06,1611.764705882353
CF,Central African Republic,AFRO,2022-07,-59.106529209622
CF,Central African Republic,AFRO,2022-08,-15.126050420168069
CF,Central African Republic,AFRO,2022-09,-47.52475247524752
CF,Central African Republic,AFRO,2022-10,571.6981132075472
CF,Central African Republic,AFRO,2022-11,-89.60674157303372
CF,Central African Republic,AFRO,2022-12,-13.513513513513514
CF,Central African Republic,AFRO,2023-01,-78.125
CF,Central African Republic,AFRO,2023-02,-100
CF,Central African Republic,AFRO,2023-03,NA
CF,Central African Republic,AFRO,2023-04,NA
CF,Central African Republic,AFRO,2023-05,NA
CF,Central African Republic,AFRO,2023-06,NA
CF,Central African Republic,AFRO,2023-07,NA
CF,Central African Republic,AFRO,2023-08,NA
CF,Central African Republic,AFRO,2023-09,NA
CF,Central African Republic,AFRO,2023-10,NA
CF,Central African Republic,AFRO,2023-11,Inf
CF,Central African Republic,AFRO,2023-12,-30.23255813953488
CF,Central African Republic,AFRO,2024-01,-100
CF,Central African Republic,AFRO,2024-02,NA
CF,Central African Republic,AFRO,2024-03,NA
CF,Central African Republic,AFRO,2024-04,NA
CF,Central African Republic,AFRO,2024-05,NA
CF,Central African Republic,AFRO,2024-06,NA
CF,Central African Republic,AFRO,2024-07,Inf
CF,Central African Republic,AFRO,2024-08,-100
CF,Central African Republic,AFRO,2024-09,Inf
CF,Central African Republic,AFRO,2024-10,0
CF,Central African Republic,AFRO,2024-11,-100
CF,Central African Republic,AFRO,2024-12,NA
CF,Central African Republic,AFRO,2025-01,NA
CF,Central African Republic,AFRO,2025-02,NA
CF,Central African Republic,AFRO,2025-03,Inf
CF,Central African Republic,AFRO,2025-04,125
CF,Central African Republic,AFRO,2025-05,-83.33333333333334
CG,Congo,AFRO,2020-01,NA
CG,Congo,AFRO,2020-02,NA
CG,Congo,AFRO,2020-03,Inf
CG,Congo,AFRO,2020-04,852.6315789473686
CG,Congo,AFRO,2020-05,123.20441988950276
CG,Congo,AFRO,2020-06,79.45544554455446
CG,Congo,AFRO,2020-07,152.41379310344826
CG,Congo,AFRO,2020-08,-55.19125683060109
CG,Congo,AFRO,2020-09,35.609756097560975
CG,Congo,AFRO,2020-10,-82.10431654676259
CG,Congo,AFRO,2020-11,143.21608040201005
CG,Congo,AFRO,2020-12,27.066115702479337
CG,Congo,AFRO,2021-01,171.70731707317074
CG,Congo,AFRO,2021-02,-54.51825254338719
CG,Congo,AFRO,2021-03,13.289473684210526
CG,Congo,AFRO,2021-04,15.795586527293844
CG,Congo,AFRO,2021-05,17.051153460381144
CG,Congo,AFRO,2021-06,-35.646958011996574
CG,Congo,AFRO,2021-07,-25.432756324900136
CG,Congo,AFRO,2021-08,-22.857142857142858
CG,Congo,AFRO,2021-09,51.85185185185185
CG,Congo,AFRO,2021-10,422.2560975609756
CG,Congo,AFRO,2021-11,-62.05487448920023
CG,Congo,AFRO,2021-12,-13.923076923076923
CG,Congo,AFRO,2022-01,223.1456657730116
CG,Congo,AFRO,2022-02,-93.0033185840708
CG,Congo,AFRO,2022-03,-80.63241106719367
CG,Congo,AFRO,2022-04,-55.10204081632652
CG,Congo,AFRO,2022-05,4.545454545454546
CG,Congo,AFRO,2022-06,230.43478260869568
CG,Congo,AFRO,2022-07,771.0526315789474
CG,Congo,AFRO,2022-08,-90.785498489426
CG,Congo,AFRO,2022-09,6.557377049180328
CG,Congo,AFRO,2022-10,100
CG,Congo,AFRO,2022-11,-88.46153846153845
CG,Congo,AFRO,2022-12,-86.66666666666667
CG,Congo,AFRO,2023-01,200
CG,Congo,AFRO,2023-02,33.33333333333333
CG,Congo,AFRO,2023-03,725
CG,Congo,AFRO,2023-04,-25.75757575757576
CG,Congo,AFRO,2023-05,-91.83673469387756
CG,Congo,AFRO,2023-06,-100
CG,Congo,AFRO,2023-07,NA
CG,Congo,AFRO,2023-08,NA
CG,Congo,AFRO,2023-09,NA
CG,Congo,AFRO,2023-10,Inf
CG,Congo,AFRO,2023-11,-69.23076923076923
CG,Congo,AFRO,2023-12,-100
CG,Congo,AFRO,2024-01,NA
CG,Congo,AFRO,2024-02,Inf
CG,Congo,AFRO,2024-03,100
CG,Congo,AFRO,2024-04,50
CG,Congo,AFRO,2024-05,-66.66666666666666
CG,Congo,AFRO,2024-06,500
CG,Congo,AFRO,2024-07,-83.33333333333334
CG,Congo,AFRO,2024-08,400
CG,Congo,AFRO,2024-09,-60
CG,Congo,AFRO,2024-10,-100
CG,Congo,AFRO,2024-11,NA
CG,Congo,AFRO,2024-12,NA
CG,Congo,AFRO,2025-01,NA
CG,Congo,AFRO,2025-02,NA
CG,Congo,AFRO,2025-03,NA
CG,Congo,AFRO,2025-04,NA
CG,Congo,AFRO,2025-05,NA
CH,Switzerland,EURO,2020-01,NA
CH,Switzerland,EURO,2020-02,NA
CH,Switzerland,EURO,2020-03,Inf
CH,Switzerland,EURO,2020-04,-19.61038961038961
CH,Switzerland,EURO,2020-05,-87.1990153088699
CH,Switzerland,EURO,2020-06,-54.86778846153846
CH,Switzerland,EURO,2020-07,276.03195739014643
CH,Switzerland,EURO,2020-08,172.27337110481585
CH,Switzerland,EURO,2020-09,36.14254129275589
CH,Switzerland,EURO,2020-10,552.3022544898739
CH,Switzerland,EURO,2020-11,199.36294538904264
CH,Switzerland,EURO,2020-12,-46.15975422427036
CH,Switzerland,EURO,2021-01,-20.94823591411723
CH,Switzerland,EURO,2021-02,-62.86752028688995
CH,Switzerland,EURO,2021-03,20.537980560886524
CH,Switzerland,EURO,2021-04,40.78220898282016
CH,Switzerland,EURO,2021-05,-21.040823027251836
CH,Switzerland,EURO,2021-06,-81.2668930625823
CH,Switzerland,EURO,2021-07,40.62153163152053
CH,Switzerland,EURO,2021-08,443.2342366044024
CH,Switzerland,EURO,2021-09,-3.5660666720477843
CH,Switzerland,EURO,2021-10,-32.70724521226731
CH,Switzerland,EURO,2021-11,217.84417135180857
CH,Switzerland,EURO,2021-12,97.85625396229072
CH,Switzerland,EURO,2022-01,277.24203405921793
CH,Switzerland,EURO,2022-02,-39.53309865579474
CH,Switzerland,EURO,2022-03,12.412033809538674
CH,Switzerland,EURO,2022-04,-74.30281619524386
CH,Switzerland,EURO,2022-05,-65.65169625329436
CH,Switzerland,EURO,2022-06,37.13536659966792
CH,Switzerland,EURO,2022-07,177.20934974892305
CH,Switzerland,EURO,2022-08,-67.22083272031779
CH,Switzerland,EURO,2022-09,-19.118884649910235
CH,Switzerland,EURO,2022-10,161.14627590392786
CH,Switzerland,EURO,2022-11,-45.02091772362042
CH,Switzerland,EURO,2022-12,-26.502240527580835
CH,Switzerland,EURO,2023-01,-82.52781384036417
CH,Switzerland,EURO,2023-02,-62.8668171557562
CH,Switzerland,EURO,2023-03,62.96859169199595
CH,Switzerland,EURO,2023-04,-0.9014609884986012
CH,Switzerland,EURO,2023-05,-53.528858218318696
CH,Switzerland,EURO,2023-06,-53.56058049274384
CH,Switzerland,EURO,2023-07,-44.912790697674424
CH,Switzerland,EURO,2023-08,103.82585751978893
CH,Switzerland,EURO,2023-09,123.88349514563106
CH,Switzerland,EURO,2023-10,78.60653368025442
CH,Switzerland,EURO,2023-11,95.98575590806088
CH,Switzerland,EURO,2023-12,32.79649818301949
CH,Switzerland,EURO,2024-01,-74.93625225449344
CH,Switzerland,EURO,2024-02,-64.5409429280397
CH,Switzerland,EURO,2024-03,-44.29671098670399
CH,Switzerland,EURO,2024-04,-53.894472361809044
CH,Switzerland,EURO,2024-05,49.59128065395095
CH,Switzerland,EURO,2024-06,144.62659380692168
CH,Switzerland,EURO,2024-07,48.92032762472077
CH,Switzerland,EURO,2024-08,-0.4
CH,Switzerland,EURO,2024-09,88.50401606425703
CH,Switzerland,EURO,2024-10,29.640479360852197
CH,Switzerland,EURO,2024-11,-24.65078060805259
CH,Switzerland,EURO,2024-12,-1.88113413304253
CH,Switzerland,EURO,2025-01,-59.18310641844957
CH,Switzerland,EURO,2025-02,-56.16065350578625
CH,Switzerland,EURO,2025-03,-20.341614906832294
CH,Switzerland,EURO,2025-04,-37.8167641325536
CH,Switzerland,EURO,2025-05,-55.4858934169279
CI,C�te d'Ivoire,AFRO,2020-01,NA
CI,C�te d'Ivoire,AFRO,2020-02,NA
CI,C�te d'Ivoire,AFRO,2020-03,Inf
CI,C�te d'Ivoire,AFRO,2020-04,446.067415730337
CI,C�te d'Ivoire,AFRO,2020-05,69.65020576131687
CI,C�te d'Ivoire,AFRO,2020-06,272.65009096422074
CI,C�te d'Ivoire,AFRO,2020-07,6.590724165988608
CI,C�te d'Ivoire,AFRO,2020-08,-61.60305343511451
CI,C�te d'Ivoire,AFRO,2020-09,-36.739562624254475
CI,C�te d'Ivoire,AFRO,2020-10,-47.89440603394092
CI,C�te d'Ivoire,AFRO,2020-11,5.669481302774427
CI,C�te d'Ivoire,AFRO,2020-12,-11.415525114155251
CI,C�te d'Ivoire,AFRO,2021-01,685.6958762886597
CI,C�te d'Ivoire,AFRO,2021-02,-26.96408069542398
CI,C�te d'Ivoire,AFRO,2021-03,120.90725353694138
CI,C�te d'Ivoire,AFRO,2021-04,-65.92457049913591
CI,C�te d'Ivoire,AFRO,2021-05,-58.97971360381862
CI,C�te d'Ivoire,AFRO,2021-06,-28.654545454545456
CI,C�te d'Ivoire,AFRO,2021-07,40.46890927624872
CI,C�te d'Ivoire,AFRO,2021-08,284.76052249637155
CI,C�te d'Ivoire,AFRO,2021-09,-7.167106752168993
CI,C�te d'Ivoire,AFRO,2021-10,-69.24014628199919
CI,C�te d'Ivoire,AFRO,2021-11,-72.78731836195509
CI,C�te d'Ivoire,AFRO,2021-12,420.1456310679611
CI,C�te d'Ivoire,AFRO,2022-01,682.8278114792347
CI,C�te d'Ivoire,AFRO,2022-02,-94.96900333810206
CI,C�te d'Ivoire,AFRO,2022-03,-72.74881516587678
CI,C�te d'Ivoire,AFRO,2022-04,-17.391304347826086
CI,C�te d'Ivoire,AFRO,2022-05,55.78947368421052
CI,C�te d'Ivoire,AFRO,2022-06,175.67567567567568
CI,C�te d'Ivoire,AFRO,2022-07,182.72058823529412
CI,C�te d'Ivoire,AFRO,2022-08,-43.64976159514521
CI,C�te d'Ivoire,AFRO,2022-09,-59.769230769230774
CI,C�te d'Ivoire,AFRO,2022-10,21.414913957934992
CI,C�te d'Ivoire,AFRO,2022-11,-80.94488188976378
CI,C�te d'Ivoire,AFRO,2022-12,-60.33057851239669
CI,C�te d'Ivoire,AFRO,2023-01,-14.583333333333334
CI,C�te d'Ivoire,AFRO,2023-02,407.3170731707317
CI,C�te d'Ivoire,AFRO,2023-03,-44.71153846153847
CI,C�te d'Ivoire,AFRO,2023-04,-77.39130434782608
CI,C�te d'Ivoire,AFRO,2023-05,-73.07692307692307
CI,C�te d'Ivoire,AFRO,2023-06,-28.57142857142857
CI,C�te d'Ivoire,AFRO,2023-07,-40
CI,C�te d'Ivoire,AFRO,2023-08,-100
CI,C�te d'Ivoire,AFRO,2023-09,NA
CI,C�te d'Ivoire,AFRO,2023-10,Inf
CI,C�te d'Ivoire,AFRO,2023-11,-38.46153846153847
CI,C�te d'Ivoire,AFRO,2023-12,-75
CI,C�te d'Ivoire,AFRO,2024-01,-100
CI,C�te d'Ivoire,AFRO,2024-02,NA
CI,C�te d'Ivoire,AFRO,2024-03,Inf
CI,C�te d'Ivoire,AFRO,2024-04,23.52941176470588
CI,C�te d'Ivoire,AFRO,2024-05,-90.47619047619048
CI,C�te d'Ivoire,AFRO,2024-06,50
CI,C�te d'Ivoire,AFRO,2024-07,33.33333333333333
CI,C�te d'Ivoire,AFRO,2024-08,25
CI,C�te d'Ivoire,AFRO,2024-09,40
CI,C�te d'Ivoire,AFRO,2024-10,14.285714285714285
CI,C�te d'Ivoire,AFRO,2024-11,-62.5
CI,C�te d'Ivoire,AFRO,2024-12,-33.33333333333333
CI,C�te d'Ivoire,AFRO,2025-01,0
CI,C�te d'Ivoire,AFRO,2025-02,200
CI,C�te d'Ivoire,AFRO,2025-03,150
CI,C�te d'Ivoire,AFRO,2025-04,-66.66666666666666
CI,C�te d'Ivoire,AFRO,2025-05,-60
CK,Cook Islands,WPRO,2020-01,NA
CK,Cook Islands,WPRO,2020-02,NA
CK,Cook Islands,WPRO,2020-03,NA
CK,Cook Islands,WPRO,2020-04,NA
CK,Cook Islands,WPRO,2020-05,NA
CK,Cook Islands,WPRO,2020-06,NA
CK,Cook Islands,WPRO,2020-07,NA
CK,Cook Islands,WPRO,2020-08,NA
CK,Cook Islands,WPRO,2020-09,NA
CK,Cook Islands,WPRO,2020-10,NA
CK,Cook Islands,WPRO,2020-11,NA
CK,Cook Islands,WPRO,2020-12,NA
CK,Cook Islands,WPRO,2021-01,NA
CK,Cook Islands,WPRO,2021-02,NA
CK,Cook Islands,WPRO,2021-03,NA
CK,Cook Islands,WPRO,2021-04,NA
CK,Cook Islands,WPRO,2021-05,NA
CK,Cook Islands,WPRO,2021-06,NA
CK,Cook Islands,WPRO,2021-07,NA
CK,Cook Islands,WPRO,2021-08,NA
CK,Cook Islands,WPRO,2021-09,NA
CK,Cook Islands,WPRO,2021-10,NA
CK,Cook Islands,WPRO,2021-11,NA
CK,Cook Islands,WPRO,2021-12,NA
CK,Cook Islands,WPRO,2022-01,NA
CK,Cook Islands,WPRO,2022-02,Inf
CK,Cook Islands,WPRO,2022-03,13750
CK,Cook Islands,WPRO,2022-04,140.57761732851986
CK,Cook Islands,WPRO,2022-05,-72.71908763505402
CK,Cook Islands,WPRO,2022-06,-85.47854785478548
CK,Cook Islands,WPRO,2022-07,107.57575757575756
CK,Cook Islands,WPRO,2022-08,-18.613138686131386
CK,Cook Islands,WPRO,2022-09,-44.39461883408072
CK,Cook Islands,WPRO,2022-10,-100
CK,Cook Islands,WPRO,2022-11,NA
CK,Cook Islands,WPRO,2022-12,Inf
CK,Cook Islands,WPRO,2023-01,58.47457627118644
CK,Cook Islands,WPRO,2023-02,-92.24598930481284
CK,Cook Islands,WPRO,2023-03,-68.96551724137932
CK,Cook Islands,WPRO,2023-04,177.77777777777777
CK,Cook Islands,WPRO,2023-05,132
CK,Cook Islands,WPRO,2023-06,-60.3448275862069
CK,Cook Islands,WPRO,2023-07,-65.21739130434783
CK,Cook Islands,WPRO,2023-08,-87.5
CK,Cook Islands,WPRO,2023-09,500
CK,Cook Islands,WPRO,2023-10,66.66666666666666
CK,Cook Islands,WPRO,2023-11,-40
CK,Cook Islands,WPRO,2023-12,383.33333333333337
CK,Cook Islands,WPRO,2024-01,120.6896551724138
CK,Cook Islands,WPRO,2024-02,-43.75
CK,Cook Islands,WPRO,2024-03,-41.66666666666667
CK,Cook Islands,WPRO,2024-04,-90.47619047619048
CK,Cook Islands,WPRO,2024-05,-100
CK,Cook Islands,WPRO,2024-06,Inf
CK,Cook Islands,WPRO,2024-07,1600
CK,Cook Islands,WPRO,2024-08,76.47058823529412
CK,Cook Islands,WPRO,2024-09,-100
CK,Cook Islands,WPRO,2024-10,Inf
CK,Cook Islands,WPRO,2024-11,-100
CK,Cook Islands,WPRO,2024-12,NA
CK,Cook Islands,WPRO,2025-01,NA
CK,Cook Islands,WPRO,2025-02,NA
CK,Cook Islands,WPRO,2025-03,NA
CK,Cook Islands,WPRO,2025-04,NA
CK,Cook Islands,WPRO,2025-05,NA
CL,Chile,AMRO,2020-01,NA
CL,Chile,AMRO,2020-02,NA
CL,Chile,AMRO,2020-03,Inf
CL,Chile,AMRO,2020-04,473.5463593504453
CL,Chile,AMRO,2020-05,648.9268426340305
CL,Chile,AMRO,2020-06,110.86341463414637
CL,Chile,AMRO,2020-07,-56.14662132463507
CL,Chile,AMRO,2020-08,-15.04629019069976
CL,Chile,AMRO,2020-09,-25.53208004098297
CL,Chile,AMRO,2020-10,-7.102355638941004
CL,Chile,AMRO,2020-11,8.608038058479007
CL,Chile,AMRO,2020-12,2.177730944854233
CL,Chile,AMRO,2021-01,151.76632357996482
CL,Chile,AMRO,2021-02,-20.872889659936067
CL,Chile,AMRO,2021-03,50.728800828275034
CL,Chile,AMRO,2021-04,29.902016902926025
CL,Chile,AMRO,2021-05,7.28208690603324
CL,Chile,AMRO,2021-06,-16.457996085916548
CL,Chile,AMRO,2021-07,-62.341080249412904
CL,Chile,AMRO,2021-08,-54.71301088976608
CL,Chile,AMRO,2021-09,-53.3627268102425
CL,Chile,AMRO,2021-10,204.6469347683805
CL,Chile,AMRO,2021-11,53.25121741621312
CL,Chile,AMRO,2021-12,-34.50467289719626
CL,Chile,AMRO,2022-01,633.654394977169
CL,Chile,AMRO,2022-02,194.34562882714667
CL,Chile,AMRO,2022-03,-52.93177007504256
CL,Chile,AMRO,2022-04,-76.26395687291173
CL,Chile,AMRO,2022-05,38.12607817043718
CL,Chile,AMRO,2022-06,87.99831575341489
CL,Chile,AMRO,2022-07,8.393217096197429
CL,Chile,AMRO,2022-08,-11.07842416219264
CL,Chile,AMRO,2022-09,-54.28941647236751
CL,Chile,AMRO,2022-10,26.88241528161915
CL,Chile,AMRO,2022-11,5.092319079729188
CL,Chile,AMRO,2022-12,-34.98061514603257
CL,Chile,AMRO,2023-01,8.295237716648115
CL,Chile,AMRO,2023-02,-57.7144377862
CL,Chile,AMRO,2023-03,92.860088109551
CL,Chile,AMRO,2023-04,-61.93117882702435
CL,Chile,AMRO,2023-05,-90.44958765629156
CL,Chile,AMRO,2023-06,-74.99226245744352
CL,Chile,AMRO,2023-07,2.9702970297029703
CL,Chile,AMRO,2023-08,96.51442307692308
CL,Chile,AMRO,2023-09,78.77675840978593
CL,Chile,AMRO,2023-10,303.489565514882
CL,Chile,AMRO,2023-11,29.07410547736137
CL,Chile,AMRO,2023-12,-17.079419299743808
CL,Chile,AMRO,2024-01,0.18220708231006896
CL,Chile,AMRO,2024-02,88.05155780483948
CL,Chile,AMRO,2024-03,17.884025062024307
CL,Chile,AMRO,2024-04,-91.4782050367411
CL,Chile,AMRO,2024-05,-74.96860611134366
CL,Chile,AMRO,2024-06,-45.48494983277592
CL,Chile,AMRO,2024-07,-15.644171779141104
CL,Chile,AMRO,2024-08,78.54545454545455
CL,Chile,AMRO,2024-09,113.23828920570264
CL,Chile,AMRO,2024-10,36.77172874880611
CL,Chile,AMRO,2024-11,63.47765363128491
CL,Chile,AMRO,2024-12,54.12217001281504
CL,Chile,AMRO,2025-01,-97.9490022172949
CL,Chile,AMRO,2025-02,-32.432432432432435
CL,Chile,AMRO,2025-03,6
CL,Chile,AMRO,2025-04,-56.60377358490566
CL,Chile,AMRO,2025-05,-86.95652173913044
CM,Cameroon,AFRO,2020-01,NA
CM,Cameroon,AFRO,2020-02,NA
CM,Cameroon,AFRO,2020-03,Inf
CM,Cameroon,AFRO,2020-04,1601.1111111111113
CM,Cameroon,AFRO,2020-05,179.75179621162638
CM,Cameroon,AFRO,2020-06,73.73336446416063
CM,Cameroon,AFRO,2020-07,-54.80446176589167
CM,Cameroon,AFRO,2020-08,-27.624145108534048
CM,Cameroon,AFRO,2020-09,-30.320460147904683
CM,Cameroon,AFRO,2020-10,-43.69103773584906
CM,Cameroon,AFRO,2020-11,177.69633507853405
CM,Cameroon,AFRO,2020-12,-30.92006033182504
CM,Cameroon,AFRO,2021-01,120.3056768558952
CM,Cameroon,AFRO,2021-02,33.82061446977205
CM,Cameroon,AFRO,2021-03,237.08572486576557
CM,Cameroon,AFRO,2021-04,-8.34340327364605
CM,Cameroon,AFRO,2021-05,-50.12884281176964
CM,Cameroon,AFRO,2021-06,-76.82047584715212
CM,Cameroon,AFRO,2021-07,-37.4805598755832
CM,Cameroon,AFRO,2021-08,77.9436152570481
CM,Cameroon,AFRO,2021-09,277.12022367194777
CM,Cameroon,AFRO,2021-10,48.83232423081675
CM,Cameroon,AFRO,2021-11,-76.7538397675384
CM,Cameroon,AFRO,2021-12,-45.42857142857143
CM,Cameroon,AFRO,2022-01,489.0052356020942
CM,Cameroon,AFRO,2022-02,-82.62222222222222
CM,Cameroon,AFRO,2022-03,-74.61636828644501
CM,Cameroon,AFRO,2022-04,-46.34760705289673
CM,Cameroon,AFRO,2022-05,-28.638497652582164
CM,Cameroon,AFRO,2022-06,0
CM,Cameroon,AFRO,2022-07,143.42105263157893
CM,Cameroon,AFRO,2022-08,566.2162162162163
CM,Cameroon,AFRO,2022-09,-71.11561866125761
CM,Cameroon,AFRO,2022-10,-58.98876404494382
CM,Cameroon,AFRO,2022-11,-100
CM,Cameroon,AFRO,2022-12,NA
CM,Cameroon,AFRO,2023-01,Inf
CM,Cameroon,AFRO,2023-02,-37.086092715231786
CM,Cameroon,AFRO,2023-03,57.89473684210527
CM,Cameroon,AFRO,2023-04,-24.666666666666668
CM,Cameroon,AFRO,2023-05,-76.10619469026548
CM,Cameroon,AFRO,2023-06,-53.70370370370371
CM,Cameroon,AFRO,2023-07,-100
CM,Cameroon,AFRO,2023-08,NA
CM,Cameroon,AFRO,2023-09,NA
CM,Cameroon,AFRO,2023-10,Inf
CM,Cameroon,AFRO,2023-11,36.84210526315789
CM,Cameroon,AFRO,2023-12,-92.3076923076923
CM,Cameroon,AFRO,2024-01,-100
CM,Cameroon,AFRO,2024-02,NA
CM,Cameroon,AFRO,2024-03,Inf
CM,Cameroon,AFRO,2024-04,266.66666666666663
CM,Cameroon,AFRO,2024-05,69.6969696969697
CM,Cameroon,AFRO,2024-06,-92.85714285714286
CM,Cameroon,AFRO,2024-07,-25
CM,Cameroon,AFRO,2024-08,466.6666666666667
CM,Cameroon,AFRO,2024-09,-58.82352941176471
CM,Cameroon,AFRO,2024-10,85.71428571428571
CM,Cameroon,AFRO,2024-11,-100
CM,Cameroon,AFRO,2024-12,NA
CM,Cameroon,AFRO,2025-01,NA
CM,Cameroon,AFRO,2025-02,NA
CM,Cameroon,AFRO,2025-03,Inf
CM,Cameroon,AFRO,2025-04,-25
CM,Cameroon,AFRO,2025-05,0
CN,China,WPRO,2020-01,NA
CN,China,WPRO,2020-02,3681.209068010075
CN,China,WPRO,2020-03,-92.94003224216262
CN,China,WPRO,2020-04,-62.3136440837894
CN,China,WPRO,2020-05,-88.3825738607912
CN,China,WPRO,2020-06,167.24137931034485
CN,China,WPRO,2020-07,165.96774193548387
CN,China,WPRO,2020-08,112.97756215888415
CN,China,WPRO,2020-09,-82.48861047835992
CN,China,WPRO,2020-10,15.121951219512194
CN,China,WPRO,2020-11,133.75706214689265
CN,China,WPRO,2020-12,80.96676737160121
CN,China,WPRO,2021-01,55.25876460767947
CN,China,WPRO,2021-02,-79.65591397849462
CN,China,WPRO,2021-03,-17.758985200845668
CN,China,WPRO,2021-04,1.0282776349614395
CN,China,WPRO,2021-05,874.8091603053435
CN,China,WPRO,2021-06,-5.873140172278778
CN,China,WPRO,2021-07,-74.2789794786467
CN,China,WPRO,2021-08,49.97304582210242
CN,China,WPRO,2021-09,-46.08195542774982
CN,China,WPRO,2021-10,5.533333333333333
CN,China,WPRO,2021-11,6.506632975363234
CN,China,WPRO,2021-12,83.51126927639383
CN,China,WPRO,2022-01,162.89592760180994
CN,China,WPRO,2022-02,1893.631669535284
CN,China,WPRO,2022-03,263.2867132867133
CN,China,WPRO,2022-04,-78.46015959586701
CN,China,WPRO,2022-05,1366.713950226173
CN,China,WPRO,2022-06,-6.854229485506981
CN,China,WPRO,2022-07,-42.07531943588007
CN,China,WPRO,2022-08,-30.597978059797803
CN,China,WPRO,2022-09,56.61693384070573
CN,China,WPRO,2022-10,38.26592921124213
CN,China,WPRO,2022-11,-54.02352545167092
CN,China,WPRO,2022-12,7515.035489612532
CN,China,WPRO,2023-01,-31.869319365322717
CN,China,WPRO,2023-02,-98.50673078263928
CN,China,WPRO,2023-03,-52.38475261412193
CN,China,WPRO,2023-04,-96.37640109235392
CN,China,WPRO,2023-05,105.7035040431267
CN,China,WPRO,2023-06,-0.5293778499921379
CN,China,WPRO,2023-07,-24.844556855306145
CN,China,WPRO,2023-08,-58.157470377900864
CN,China,WPRO,2023-09,-10.338471849865952
CN,China,WPRO,2023-10,37.413567557465896
CN,China,WPRO,2023-11,-72.09302325581395
CN,China,WPRO,2023-12,12.183235867446394
CN,China,WPRO,2024-01,118.375325803649
CN,China,WPRO,2024-02,39.208275313308135
CN,China,WPRO,2024-03,81.42326378965419
CN,China,WPRO,2024-04,-55.00157529930687
CN,China,WPRO,2024-05,2.2580080518116574
CN,China,WPRO,2024-06,-23.176994180075315
CN,China,WPRO,2024-07,70.25401069518716
CN,China,WPRO,2024-08,-10.430571914670852
CN,China,WPRO,2024-09,-61.04617182933957
CN,China,WPRO,2024-10,-83.64591147786948
CN,China,WPRO,2024-11,-59.40366972477064
CN,China,WPRO,2024-12,83.05084745762711
CN,China,WPRO,2025-01,-43.82716049382716
CN,China,WPRO,2025-02,-100
CN,China,WPRO,2025-03,NA
CN,China,WPRO,2025-04,NA
CN,China,WPRO,2025-05,NA
CO,Colombia,AMRO,2020-01,NA
CO,Colombia,AMRO,2020-02,NA
CO,Colombia,AMRO,2020-03,Inf
CO,Colombia,AMRO,2020-04,475.103734439834
CO,Colombia,AMRO,2020-05,424.4588744588745
CO,Colombia,AMRO,2020-06,164.84156463520887
CO,Colombia,AMRO,2020-07,158.1622052152232
CO,Colombia,AMRO,2020-08,139.42414100698193
CO,Colombia,AMRO,2020-09,-41.79013331316408
CO,Colombia,AMRO,2020-10,-3.4514454010404387
CO,Colombia,AMRO,2020-11,45.32984423676013
CO,Colombia,AMRO,2020-12,-2.528055204960764
CO,Colombia,AMRO,2021-01,76.9638666136518
CO,Colombia,AMRO,2021-02,-66.76270465237431
CO,Colombia,AMRO,2021-03,-26.689559042588197
CO,Colombia,AMRO,2021-04,204.54690113835733
CO,Colombia,AMRO,2021-05,61.31074711889113
CO,Colombia,AMRO,2021-06,24.609690991872405
CO,Colombia,AMRO,2021-07,-18.28776865254826
CO,Colombia,AMRO,2021-08,-68.11862548695896
CO,Colombia,AMRO,2021-09,-75.77125196362874
CO,Colombia,AMRO,2021-10,6.726504751847941
CO,Colombia,AMRO,2021-11,21.715642623924015
CO,Colombia,AMRO,2021-12,-6.197467037344129
CO,Colombia,AMRO,2022-01,1146.4322235124878
CO,Colombia,AMRO,2022-02,-69.2267581074429
CO,Colombia,AMRO,2022-03,-89.05231194675271
CO,Colombia,AMRO,2022-04,-67.55819712729074
CO,Colombia,AMRO,2022-05,60.966921119592875
CO,Colombia,AMRO,2022-06,278.5883654758141
CO,Colombia,AMRO,2022-07,138.9277437942337
CO,Colombia,AMRO,2022-08,-70.46852609136346
CO,Colombia,AMRO,2022-09,-79.41533272183922
CO,Colombia,AMRO,2022-10,-54.5206267069139
CO,Colombia,AMRO,2022-11,59.70290771175727
CO,Colombia,AMRO,2022-12,366.4555709479517
CO,Colombia,AMRO,2023-01,-23.75901569792109
CO,Colombia,AMRO,2023-02,-82.44296048970506
CO,Colombia,AMRO,2023-03,-25.641838351822503
CO,Colombia,AMRO,2023-04,20.460358056265985
CO,Colombia,AMRO,2023-05,-51.94621372965322
CO,Colombia,AMRO,2023-06,-100
CO,Colombia,AMRO,2023-07,NA
CO,Colombia,AMRO,2023-08,NA
CO,Colombia,AMRO,2023-09,NA
CO,Colombia,AMRO,2023-10,NA
CO,Colombia,AMRO,2023-11,NA
CO,Colombia,AMRO,2023-12,NA
CO,Colombia,AMRO,2024-01,Inf
CO,Colombia,AMRO,2024-02,-8.279819647492827
CO,Colombia,AMRO,2024-03,-32.23596007746164
CO,Colombia,AMRO,2024-04,-86.8762365355023
CO,Colombia,AMRO,2024-05,-4.857621440536013
CO,Colombia,AMRO,2024-06,192.0774647887324
CO,Colombia,AMRO,2024-07,111.03074141048825
CO,Colombia,AMRO,2024-08,-30.505569837189373
CO,Colombia,AMRO,2024-09,-67.48869708179203
CO,Colombia,AMRO,2024-10,-70.03792667509482
CO,Colombia,AMRO,2024-11,-21.09704641350211
CO,Colombia,AMRO,2024-12,-42.780748663101605
CO,Colombia,AMRO,2025-01,120.5607476635514
CO,Colombia,AMRO,2025-02,151.27118644067795
CO,Colombia,AMRO,2025-03,179.59527824620574
CO,Colombia,AMRO,2025-04,-48.854041013269
CO,Colombia,AMRO,2025-05,-69.22169811320755
CR,Costa Rica,AMRO,2020-01,NA
CR,Costa Rica,AMRO,2020-02,NA
CR,Costa Rica,AMRO,2020-03,Inf
CR,Costa Rica,AMRO,2020-04,61.21673003802282
CR,Costa Rica,AMRO,2020-05,-20.99056603773585
CR,Costa Rica,AMRO,2020-06,441.4925373134328
CR,Costa Rica,AMRO,2020-07,497.1885336273429
CR,Costa Rica,AMRO,2020-08,129.07781777900857
CR,Costa Rica,AMRO,2020-09,30.282882011605416
CR,Costa Rica,AMRO,2020-10,-4.08586186632025
CR,Costa Rica,AMRO,2020-11,13.727829732344404
CR,Costa Rica,AMRO,2020-12,-23.52907817506451
CR,Costa Rica,AMRO,2021-01,8.32437242760206
CR,Costa Rica,AMRO,2021-02,-62.124323954268505
CR,Costa Rica,AMRO,2021-03,-2.0605512878445547
CR,Costa Rica,AMRO,2021-04,100.71975639014488
CR,Costa Rica,AMRO,2021-05,254.78116954762783
CR,Costa Rica,AMRO,2021-06,-39.22277509977712
CR,Costa Rica,AMRO,2021-07,-19.82815598149372
CR,Costa Rica,AMRO,2021-08,52.05169800281893
CR,Costa Rica,AMRO,2021-09,14.380159507485658
CR,Costa Rica,AMRO,2021-10,-41.10523257591975
CR,Costa Rica,AMRO,2021-11,-82.18402741717728
CR,Costa Rica,AMRO,2021-12,-56.820169046925095
CR,Costa Rica,AMRO,2022-01,3712.251096861289
CR,Costa Rica,AMRO,2022-02,6.228033676531777
CR,Costa Rica,AMRO,2022-03,-73.11987465831055
CR,Costa Rica,AMRO,2022-04,-59.5150989024617
CR,Costa Rica,AMRO,2022-05,231.2452136621229
CR,Costa Rica,AMRO,2022-06,44.98543487307533
CR,Costa Rica,AMRO,2022-07,44.52576859293277
CR,Costa Rica,AMRO,2022-08,-51.08843162133834
CR,Costa Rica,AMRO,2022-09,-33.96720128127044
CR,Costa Rica,AMRO,2022-10,-39.45273801796878
CR,Costa Rica,AMRO,2022-11,-41.19837508463101
CR,Costa Rica,AMRO,2022-12,49.22279792746114
CR,Costa Rica,AMRO,2023-01,57.46527777777778
CR,Costa Rica,AMRO,2023-02,-26.546612764914865
CR,Costa Rica,AMRO,2023-03,2.8296642205915057
CR,Costa Rica,AMRO,2023-04,-67.5731199653998
CR,Costa Rica,AMRO,2023-05,-68.43947982660887
CR,Costa Rica,AMRO,2023-06,-100
CR,Costa Rica,AMRO,2023-07,NA
CR,Costa Rica,AMRO,2023-08,NA
CR,Costa Rica,AMRO,2023-09,NA
CR,Costa Rica,AMRO,2023-10,NA
CR,Costa Rica,AMRO,2023-11,NA
CR,Costa Rica,AMRO,2023-12,NA
CR,Costa Rica,AMRO,2024-01,Inf
CR,Costa Rica,AMRO,2024-02,-39.300411522633745
CR,Costa Rica,AMRO,2024-03,-29.830508474576273
CR,Costa Rica,AMRO,2024-04,-14.975845410628018
CR,Costa Rica,AMRO,2024-05,2.840909090909091
CR,Costa Rica,AMRO,2024-06,52.20994475138122
CR,Costa Rica,AMRO,2024-07,74.41016333938293
CR,Costa Rica,AMRO,2024-08,-31.42559833506764
CR,Costa Rica,AMRO,2024-09,-63.88467374810318
CR,Costa Rica,AMRO,2024-10,-65.96638655462185
CR,Costa Rica,AMRO,2024-11,-32.098765432098766
CR,Costa Rica,AMRO,2024-12,-30.909090909090907
CR,Costa Rica,AMRO,2025-01,452.6315789473684
CR,Costa Rica,AMRO,2025-02,2.380952380952381
CR,Costa Rica,AMRO,2025-03,222.32558139534885
CR,Costa Rica,AMRO,2025-04,-58.297258297258296
CR,Costa Rica,AMRO,2025-05,-100
CU,Cuba,AMRO,2020-01,NA
CU,Cuba,AMRO,2020-02,NA
CU,Cuba,AMRO,2020-03,Inf
CU,Cuba,AMRO,2020-04,923.529411764706
CU,Cuba,AMRO,2020-05,-43.51395730706076
CU,Cuba,AMRO,2020-06,-55.66860465116279
CU,Cuba,AMRO,2020-07,-51.47540983606558
CU,Cuba,AMRO,2020-08,877.7027027027026
CU,Cuba,AMRO,2020-09,2.7643400138217
CU,Cuba,AMRO,2020-10,-24.546065904505713
CU,Cuba,AMRO,2020-11,46.07843137254902
CU,Cuba,AMRO,2020-12,74.80170835875533
CU,Cuba,AMRO,2021-01,410.85514834205935
CU,Cuba,AMRO,2021-02,60.474173271385624
CU,Cuba,AMRO,2021-03,-4.5301656235364245
CU,Cuba,AMRO,2021-04,28.14520804531062
CU,Cuba,AMRO,2021-05,38.40398134614046
CU,Cuba,AMRO,2021-06,-0.5029042721717921
CU,Cuba,AMRO,2021-07,265.0812504738558
CU,Cuba,AMRO,2021-08,114.62560311230176
CU,Cuba,AMRO,2021-09,-31.19311327996491
CU,Cuba,AMRO,2021-10,-51.32914270178547
CU,Cuba,AMRO,2021-11,-89.65434215215109
CU,Cuba,AMRO,2021-12,-76.35449636939117
CU,Cuba,AMRO,2022-01,2862.0078740157483
CU,Cuba,AMRO,2022-02,-61.56708978533927
CU,Cuba,AMRO,2022-03,-39.11810478990144
CU,Cuba,AMRO,2022-04,-14.08202681208816
CU,Cuba,AMRO,2022-05,-75.26611570247934
CU,Cuba,AMRO,2022-06,-82.11708099438653
CU,Cuba,AMRO,2022-07,212.25710014947688
CU,Cuba,AMRO,2022-08,12.589755864049785
CU,Cuba,AMRO,2022-09,-66.36904761904762
CU,Cuba,AMRO,2022-10,-80.65739570164348
CU,Cuba,AMRO,2022-11,-43.13725490196079
CU,Cuba,AMRO,2022-12,427.5862068965517
CU,Cuba,AMRO,2023-01,23.52941176470588
CU,Cuba,AMRO,2023-02,-67.54850088183422
CU,Cuba,AMRO,2023-03,8.695652173913043
CU,Cuba,AMRO,2023-04,55.00000000000001
CU,Cuba,AMRO,2023-05,63.2258064516129
CU,Cuba,AMRO,2023-06,-100
CU,Cuba,AMRO,2023-07,NA
CU,Cuba,AMRO,2023-08,NA
CU,Cuba,AMRO,2023-09,NA
CU,Cuba,AMRO,2023-10,NA
CU,Cuba,AMRO,2023-11,NA
CU,Cuba,AMRO,2023-12,NA
CU,Cuba,AMRO,2024-01,Inf
CU,Cuba,AMRO,2024-02,22.22222222222222
CU,Cuba,AMRO,2024-03,-75.75757575757575
CU,Cuba,AMRO,2024-04,-100
CU,Cuba,AMRO,2024-05,NA
CU,Cuba,AMRO,2024-06,NA
CU,Cuba,AMRO,2024-07,NA
CU,Cuba,AMRO,2024-08,NA
CU,Cuba,AMRO,2024-09,NA
CU,Cuba,AMRO,2024-10,NA
CU,Cuba,AMRO,2024-11,NA
CU,Cuba,AMRO,2024-12,NA
CU,Cuba,AMRO,2025-01,NA
CU,Cuba,AMRO,2025-02,Inf
CU,Cuba,AMRO,2025-03,-60
CU,Cuba,AMRO,2025-04,-50
CU,Cuba,AMRO,2025-05,-100
CV,Cabo Verde,AFRO,2020-01,NA
CV,Cabo Verde,AFRO,2020-02,NA
CV,Cabo Verde,AFRO,2020-03,Inf
CV,Cabo Verde,AFRO,2020-04,1600
CV,Cabo Verde,AFRO,2020-05,289.4117647058823
CV,Cabo Verde,AFRO,2020-06,102.41691842900302
CV,Cabo Verde,AFRO,2020-07,74.17910447761194
CV,Cabo Verde,AFRO,2020-08,30.248500428449017
CV,Cabo Verde,AFRO,2020-09,26.51315789473684
CV,Cabo Verde,AFRO,2020-10,36.29745189807592
CV,Cabo Verde,AFRO,2020-11,-9.271270507439908
CV,Cabo Verde,AFRO,2020-12,-58.031959629941134
CV,Cabo Verde,AFRO,2021-01,128.75751503006012
CV,Cabo Verde,AFRO,2021-02,-41.17389399912396
CV,Cabo Verde,AFRO,2021-03,26.135517498138498
CV,Cabo Verde,AFRO,2021-04,199.6458087367178
CV,Cabo Verde,AFRO,2021-05,61.13081166272656
CV,Cabo Verde,AFRO,2021-06,-74.67905611932999
CV,Cabo Verde,AFRO,2021-07,-42.201834862385326
CV,Cabo Verde,AFRO,2021-08,34.168755221386796
CV,Cabo Verde,AFRO,2021-09,40.28642590286426
CV,Cabo Verde,AFRO,2021-10,-64.18109187749667
CV,Cabo Verde,AFRO,2021-11,-81.28872366790583
CV,Cabo Verde,AFRO,2021-12,333.7748344370861
CV,Cabo Verde,AFRO,2022-01,2441.2213740458014
CV,Cabo Verde,AFRO,2022-02,-98.65425052568338
CV,Cabo Verde,AFRO,2022-03,-70.53571428571429
CV,Cabo Verde,AFRO,2022-04,-15.151515151515152
CV,Cabo Verde,AFRO,2022-05,410.71428571428567
CV,Cabo Verde,AFRO,2022-06,1033.9160839160838
CV,Cabo Verde,AFRO,2022-07,-19.02559358618563
CV,Cabo Verde,AFRO,2022-08,-94.24980959634424
CV,Cabo Verde,AFRO,2022-09,-67.54966887417218
CV,Cabo Verde,AFRO,2022-10,-22.448979591836736
CV,Cabo Verde,AFRO,2022-11,1405.2631578947369
CV,Cabo Verde,AFRO,2022-12,-61.36363636363637
CV,Cabo Verde,AFRO,2023-01,-83.2579185520362
CV,Cabo Verde,AFRO,2023-02,-62.16216216216216
CV,Cabo Verde,AFRO,2023-03,14.285714285714285
CV,Cabo Verde,AFRO,2023-04,1212.5
CV,Cabo Verde,AFRO,2023-05,111.42857142857144
CV,Cabo Verde,AFRO,2023-06,-73.1981981981982
CV,Cabo Verde,AFRO,2023-07,27.73109243697479
CV,Cabo Verde,AFRO,2023-08,-40.78947368421053
CV,Cabo Verde,AFRO,2023-09,75.55555555555556
CV,Cabo Verde,AFRO,2023-10,-72.15189873417721
CV,Cabo Verde,AFRO,2023-11,-100
CV,Cabo Verde,AFRO,2023-12,NA
CV,Cabo Verde,AFRO,2024-01,NA
CV,Cabo Verde,AFRO,2024-02,NA
CV,Cabo Verde,AFRO,2024-03,NA
CV,Cabo Verde,AFRO,2024-04,NA
CV,Cabo Verde,AFRO,2024-05,NA
CV,Cabo Verde,AFRO,2024-06,NA
CV,Cabo Verde,AFRO,2024-07,NA
CV,Cabo Verde,AFRO,2024-08,NA
CV,Cabo Verde,AFRO,2024-09,NA
CV,Cabo Verde,AFRO,2024-10,NA
CV,Cabo Verde,AFRO,2024-11,NA
CV,Cabo Verde,AFRO,2024-12,NA
CV,Cabo Verde,AFRO,2025-01,NA
CV,Cabo Verde,AFRO,2025-02,NA
CV,Cabo Verde,AFRO,2025-03,NA
CV,Cabo Verde,AFRO,2025-04,NA
CV,Cabo Verde,AFRO,2025-05,NA
CW,Cura�ao,AMRO,2020-01,NA
CW,Cura�ao,AMRO,2020-02,NA
CW,Cura�ao,AMRO,2020-03,Inf
CW,Cura�ao,AMRO,2020-04,0
CW,Cura�ao,AMRO,2020-05,-14.285714285714285
CW,Cura�ao,AMRO,2020-06,-50
CW,Cura�ao,AMRO,2020-07,100
CW,Cura�ao,AMRO,2020-08,333.33333333333337
CW,Cura�ao,AMRO,2020-09,900
CW,Cura�ao,AMRO,2020-10,87.6923076923077
CW,Cura�ao,AMRO,2020-11,154.71311475409837
CW,Cura�ao,AMRO,2020-12,61.30329847144006
CW,Cura�ao,AMRO,2021-01,-73.91521197007481
CW,Cura�ao,AMRO,2021-02,-74.37858508604207
CW,Cura�ao,AMRO,2021-03,1347.761194029851
CW,Cura�ao,AMRO,2021-04,177.01030927835052
CW,Cura�ao,AMRO,2021-05,-95.36657982880536
CW,Cura�ao,AMRO,2021-06,-77.51004016064257
CW,Cura�ao,AMRO,2021-07,1169.642857142857
CW,Cura�ao,AMRO,2021-08,194.79606188466943
CW,Cura�ao,AMRO,2021-09,-46.56488549618321
CW,Cura�ao,AMRO,2021-10,-28.660714285714285
CW,Cura�ao,AMRO,2021-11,-59.82478097622027
CW,Cura�ao,AMRO,2021-12,188.1619937694704
CW,Cura�ao,AMRO,2022-01,1891.675675675676
CW,Cura�ao,AMRO,2022-02,-88.35694512294414
CW,Cura�ao,AMRO,2022-03,-54.03263403263403
CW,Cura�ao,AMRO,2022-04,90.26369168356996
CW,Cura�ao,AMRO,2022-05,0.906183368869936
CW,Cura�ao,AMRO,2022-06,-56.78816693079768
CW,Cura�ao,AMRO,2022-07,-23.838630806845966
CW,Cura�ao,AMRO,2022-08,-65.65008025682182
CW,Cura�ao,AMRO,2022-09,-62.616822429906534
CW,Cura�ao,AMRO,2022-10,37.5
CW,Cura�ao,AMRO,2022-11,-16.363636363636363
CW,Cura�ao,AMRO,2022-12,60.86956521739131
CW,Cura�ao,AMRO,2023-01,-55.4054054054054
CW,Cura�ao,AMRO,2023-02,-80.3030303030303
CW,Cura�ao,AMRO,2023-03,-46.15384615384615
CW,Cura�ao,AMRO,2023-04,-28.57142857142857
CW,Cura�ao,AMRO,2023-05,180
CW,Cura�ao,AMRO,2023-06,-64.28571428571429
CW,Cura�ao,AMRO,2023-07,1220
CW,Cura�ao,AMRO,2023-08,-100
CW,Cura�ao,AMRO,2023-09,NA
CW,Cura�ao,AMRO,2023-10,NA
CW,Cura�ao,AMRO,2023-11,NA
CW,Cura�ao,AMRO,2023-12,NA
CW,Cura�ao,AMRO,2024-01,NA
CW,Cura�ao,AMRO,2024-02,NA
CW,Cura�ao,AMRO,2024-03,NA
CW,Cura�ao,AMRO,2024-04,NA
CW,Cura�ao,AMRO,2024-05,NA
CW,Cura�ao,AMRO,2024-06,NA
CW,Cura�ao,AMRO,2024-07,NA
CW,Cura�ao,AMRO,2024-08,NA
CW,Cura�ao,AMRO,2024-09,NA
CW,Cura�ao,AMRO,2024-10,NA
CW,Cura�ao,AMRO,2024-11,NA
CW,Cura�ao,AMRO,2024-12,NA
CW,Cura�ao,AMRO,2025-01,NA
CW,Cura�ao,AMRO,2025-02,NA
CW,Cura�ao,AMRO,2025-03,NA
CW,Cura�ao,AMRO,2025-04,NA
CW,Cura�ao,AMRO,2025-05,NA
CY,Cyprus,EURO,2020-01,NA
CY,Cyprus,EURO,2020-02,NA
CY,Cyprus,EURO,2020-03,Inf
CY,Cyprus,EURO,2020-04,252.5139664804469
CY,Cyprus,EURO,2020-05,-78.92234548335975
CY,Cyprus,EURO,2020-06,-61.65413533834586
CY,Cyprus,EURO,2020-07,15.68627450980392
CY,Cyprus,EURO,2020-08,628.8135593220339
CY,Cyprus,EURO,2020-09,-53.25581395348837
CY,Cyprus,EURO,2020-10,775.6218905472637
CY,Cyprus,EURO,2020-11,285.625
CY,Cyprus,EURO,2020-12,34.978635626933844
CY,Cyprus,EURO,2021-01,29.199869009933415
CY,Cyprus,EURO,2021-02,-68.67184859749915
CY,Cyprus,EURO,2021-03,170.9007551240561
CY,Cyprus,EURO,2021-04,74.86311597809856
CY,Cyprus,EURO,2021-05,-37.978935382863646
CY,Cyprus,EURO,2021-06,-79.33724986230953
CY,Cyprus,EURO,2021-07,913.2385606397156
CY,Cyprus,EURO,2021-08,-28.56453875833041
CY,Cyprus,EURO,2021-09,-69.93801018842449
CY,Cyprus,EURO,2021-10,-5.206206614944875
CY,Cyprus,EURO,2021-11,85.31122119319406
CY,Cyprus,EURO,2021-12,96.54811715481172
CY,Cyprus,EURO,2022-01,482.5439063331559
CY,Cyprus,EURO,2022-02,-29.640457193901376
CY,Cyprus,EURO,2022-03,26.76804108838041
CY,Cyprus,EURO,2022-04,-26.2814676560295
CY,Cyprus,EURO,2022-05,-69.67348514087224
CY,Cyprus,EURO,2022-06,-24.89309712889432
CY,Cyprus,EURO,2022-07,294.4286295241968
CY,Cyprus,EURO,2022-08,-77.03027803553631
CY,Cyprus,EURO,2022-09,-32.408169372334854
CY,Cyprus,EURO,2022-10,52.79468732706143
CY,Cyprus,EURO,2022-11,9.518290474465774
CY,Cyprus,EURO,2022-12,-5.602222369204313
CY,Cyprus,EURO,2023-01,-0.8267937219730941
CY,Cyprus,EURO,2023-02,-54.571145965804725
CY,Cyprus,EURO,2023-03,-12.581648522550545
CY,Cyprus,EURO,2023-04,-33.53495819249244
CY,Cyprus,EURO,2023-05,-35.65310492505353
CY,Cyprus,EURO,2023-06,-100
CY,Cyprus,EURO,2023-07,NA
CY,Cyprus,EURO,2023-08,NA
CY,Cyprus,EURO,2023-09,NA
CY,Cyprus,EURO,2023-10,NA
CY,Cyprus,EURO,2023-11,Inf
CY,Cyprus,EURO,2023-12,249.18586789554533
CY,Cyprus,EURO,2024-01,8.956537040295618
CY,Cyprus,EURO,2024-02,-82.21899224806202
CY,Cyprus,EURO,2024-03,-53.905540417802
CY,Cyprus,EURO,2024-04,-68.86699507389163
CY,Cyprus,EURO,2024-05,89.24050632911393
CY,Cyprus,EURO,2024-06,511.5384615384615
CY,Cyprus,EURO,2024-07,78.91714520098442
CY,Cyprus,EURO,2024-08,-56.701818737582144
CY,Cyprus,EURO,2024-09,-11.930815390045888
CY,Cyprus,EURO,2024-10,-43.44689378757515
CY,Cyprus,EURO,2024-11,-19.773210489014883
CY,Cyprus,EURO,2024-12,7.773851590106007
CY,Cyprus,EURO,2025-01,-11.229508196721312
CY,Cyprus,EURO,2025-02,-68.05170821791322
CY,Cyprus,EURO,2025-03,-35.26011560693642
CY,Cyprus,EURO,2025-04,-100
CY,Cyprus,EURO,2025-05,NA
CZ,Czechia,EURO,2020-01,NA
CZ,Czechia,EURO,2020-02,NA
CZ,Czechia,EURO,2020-03,Inf
CZ,Czechia,EURO,2020-04,75.69884457696608
CZ,Czechia,EURO,2020-05,-59.22783198981757
CZ,Czechia,EURO,2020-06,8.896982310093653
CZ,Czechia,EURO,2020-07,87.33874820831342
CZ,Czechia,EURO,2020-08,126.95740882427953
CZ,Czechia,EURO,2020-09,341.01584447690755
CZ,Czechia,EURO,2020-10,378.8768282117923
CZ,Czechia,EURO,2020-11,43.42236884111951
CZ,Czechia,EURO,2020-12,-42.83170344428451
CZ,Czechia,EURO,2021-01,106.76461426643132
CZ,Czechia,EURO,2021-02,-20.244432169131493
CZ,Czechia,EURO,2021-03,11.89348087866076
CZ,Czechia,EURO,2021-04,-62.56660230641808
CZ,Czechia,EURO,2021-05,-59.675676691376125
CZ,Czechia,EURO,2021-06,-86.6891891891892
CZ,Czechia,EURO,2021-07,-2.4680553124453
CZ,Czechia,EURO,2021-08,17.390524048815507
CZ,Czechia,EURO,2021-09,66.01437089130103
CZ,Czechia,EURO,2021-10,594.2720324155079
CZ,Czechia,EURO,2021-11,390.5466169701954
CZ,Czechia,EURO,2021-12,-10.482440485847476
CZ,Czechia,EURO,2022-01,86.40008940950459
CZ,Czechia,EURO,2022-02,11.171807395259748
CZ,Czechia,EURO,2022-03,-63.06099215933788
CZ,Czechia,EURO,2022-04,-49.574217886794834
CZ,Czechia,EURO,2022-05,-77.33885293496209
CZ,Czechia,EURO,2022-06,-60.042129981352296
CZ,Czechia,EURO,2022-07,548.2412928873908
CZ,Czechia,EURO,2022-08,-3.8689206484641634
CZ,Czechia,EURO,2022-09,12.42337669542063
CZ,Czechia,EURO,2022-10,17.063061284910688
CZ,Czechia,EURO,2022-11,-77.49747091552858
CZ,Czechia,EURO,2022-12,1.985576472791983
CZ,Czechia,EURO,2023-01,-47.768390118468176
CZ,Czechia,EURO,2023-02,69.12527472527472
CZ,Czechia,EURO,2023-03,18.00602973282046
CZ,Czechia,EURO,2023-04,-57.84512377764074
CZ,Czechia,EURO,2023-05,-82.8944618599791
CZ,Czechia,EURO,2023-06,-58.70494807574832
CZ,Czechia,EURO,2023-07,-48.96449704142012
CZ,Czechia,EURO,2023-08,184.9275362318841
CZ,Czechia,EURO,2023-09,447.3041709053916
CZ,Czechia,EURO,2023-10,200.72490706319704
CZ,Czechia,EURO,2023-11,52.87718647629644
CZ,Czechia,EURO,2023-12,127.5329505943236
CZ,Czechia,EURO,2024-01,-83.13550588151676
CZ,Czechia,EURO,2024-02,-77.00979875671689
CZ,Czechia,EURO,2024-03,-69.79835013748854
CZ,Czechia,EURO,2024-04,-58.877086494688925
CZ,Czechia,EURO,2024-05,-1.107011070110701
CZ,Czechia,EURO,2024-06,144.40298507462686
CZ,Czechia,EURO,2024-07,83.51145038167938
CZ,Czechia,EURO,2024-08,213.3943427620632
CZ,Czechia,EURO,2024-09,456.7825856118928
CZ,Czechia,EURO,2024-10,23.529131305425764
CZ,Czechia,EURO,2024-11,-70.07217569184454
CZ,Czechia,EURO,2024-12,-28.011348981171007
CZ,Czechia,EURO,2025-01,-59.44106055177356
CZ,Czechia,EURO,2025-02,-25.662544169611305
CZ,Czechia,EURO,2025-03,-19.132501485442663
CZ,Czechia,EURO,2025-04,-54.15135929463629
CZ,Czechia,EURO,2025-05,-70.67307692307693
DE,Germany,EURO,2020-01,NA
DE,Germany,EURO,2020-02,1350
DE,Germany,EURO,2020-03,220151.724137931
DE,Germany,EURO,2020-04,45.457392012274354
DE,Germany,EURO,2020-05,-72.80105050157145
DE,Germany,EURO,2020-06,-52.27146814404432
DE,Germany,EURO,2020-07,0.32335627228256364
DE,Germany,EURO,2020-08,208.30578512396696
DE,Germany,EURO,2020-09,17.25774024929634
DE,Germany,EURO,2020-10,263.29012642022724
DE,Germany,EURO,2020-11,287.68453377298414
DE,Germany,EURO,2020-12,-2.9536508760966425
DE,Germany,EURO,2021-01,-6.150984799828731
DE,Germany,EURO,2021-02,-60.06002366728925
DE,Germany,EURO,2021-03,51.148107162618025
DE,Germany,EURO,2021-04,52.00495962920867
DE,Germany,EURO,2021-05,-26.428740672837513
DE,Germany,EURO,2021-06,-87.62294952140101
DE,Germany,EURO,2021-07,-32.295354690099394
DE,Germany,EURO,2021-08,479.7788558467742
DE,Germany,EURO,2021-09,42.0777527235187
DE,Germany,EURO,2021-10,58.554344957875536
DE,Germany,EURO,2021-11,190.411699015193
DE,Germany,EURO,2021-12,-0.8842700100660773
DE,Germany,EURO,2022-01,146.6797721127169
DE,Germany,EURO,2022-02,66.07223351310809
DE,Germany,EURO,2022-03,16.983220729036034
DE,Germany,EURO,2022-04,-33.729562442627966
DE,Germany,EURO,2022-05,-48.37263322086702
DE,Germany,EURO,2022-06,-20.041997867910624
DE,Germany,EURO,2022-07,94.94954272394511
DE,Germany,EURO,2022-08,-62.21395381164876
DE,Germany,EURO,2022-09,-20.064188884338535
DE,Germany,EURO,2022-10,183.9966611996887
DE,Germany,EURO,2022-11,-69.96483758403626
DE,Germany,EURO,2022-12,6.6399524590602015
DE,Germany,EURO,2023-01,-39.48455244388918
DE,Germany,EURO,2023-02,-24.65112977361147
DE,Germany,EURO,2023-03,-46.86906276006093
DE,Germany,EURO,2023-04,-65.01071296638345
DE,Germany,EURO,2023-05,-68.0462294297338
DE,Germany,EURO,2023-06,-61.66791488611834
DE,Germany,EURO,2023-07,-87.36926790024135
DE,Germany,EURO,2023-08,-100
DE,Germany,EURO,2023-09,NA
DE,Germany,EURO,2023-10,NA
DE,Germany,EURO,2023-11,NA
DE,Germany,EURO,2023-12,NA
DE,Germany,EURO,2024-01,NA
DE,Germany,EURO,2024-02,NA
DE,Germany,EURO,2024-03,NA
DE,Germany,EURO,2024-04,NA
DE,Germany,EURO,2024-05,NA
DE,Germany,EURO,2024-06,NA
DE,Germany,EURO,2024-07,NA
DE,Germany,EURO,2024-08,NA
DE,Germany,EURO,2024-09,NA
DE,Germany,EURO,2024-10,Inf
DE,Germany,EURO,2024-11,3.4482758620689653
DE,Germany,EURO,2024-12,-3.3333333333333335
DE,Germany,EURO,2025-01,-62.06896551724138
DE,Germany,EURO,2025-02,-81.81818181818183
DE,Germany,EURO,2025-03,150
DE,Germany,EURO,2025-04,-60
DE,Germany,EURO,2025-05,-100
DJ,Djibouti,EMRO,2020-01,NA
DJ,Djibouti,EMRO,2020-02,NA
DJ,Djibouti,EMRO,2020-03,Inf
DJ,Djibouti,EMRO,2020-04,6520
DJ,Djibouti,EMRO,2020-05,120.1409869083585
DJ,Djibouti,EMRO,2020-06,-33.71454711802379
DJ,Djibouti,EMRO,2020-07,-72.67080745341616
DJ,Djibouti,EMRO,2020-08,-12.626262626262626
DJ,Djibouti,EMRO,2020-09,-93.0635838150289
DJ,Djibouti,EMRO,2020-10,404.1666666666667
DJ,Djibouti,EMRO,2020-11,20.66115702479339
DJ,Djibouti,EMRO,2020-12,-11.643835616438356
DJ,Djibouti,EMRO,2021-01,-2.3255813953488373
DJ,Djibouti,EMRO,2021-02,6.349206349206349
DJ,Djibouti,EMRO,2021-03,783.5820895522388
DJ,Djibouti,EMRO,2021-04,195.35472972972977
DJ,Djibouti,EMRO,2021-05,-77.66657134686874
DJ,Djibouti,EMRO,2021-06,-90.65300896286811
DJ,Djibouti,EMRO,2021-07,-52.054794520547944
DJ,Djibouti,EMRO,2021-08,165.71428571428572
DJ,Djibouti,EMRO,2021-09,540.8602150537635
DJ,Djibouti,EMRO,2021-10,93.6241610738255
DJ,Djibouti,EMRO,2021-11,-97.74696707105718
DJ,Djibouti,EMRO,2021-12,146.15384615384613
DJ,Djibouti,EMRO,2022-01,2825
DJ,Djibouti,EMRO,2022-02,-94.28418803418803
DJ,Djibouti,EMRO,2022-03,-69.1588785046729
DJ,Djibouti,EMRO,2022-04,-6.0606060606060606
DJ,Djibouti,EMRO,2022-05,122.58064516129032
DJ,Djibouti,EMRO,2022-06,-85.5072463768116
DJ,Djibouti,EMRO,2022-07,-100
DJ,Djibouti,EMRO,2022-08,NA
DJ,Djibouti,EMRO,2022-09,NA
DJ,Djibouti,EMRO,2022-10,NA
DJ,Djibouti,EMRO,2022-11,NA
DJ,Djibouti,EMRO,2022-12,NA
DJ,Djibouti,EMRO,2023-01,NA
DJ,Djibouti,EMRO,2023-02,NA
DJ,Djibouti,EMRO,2023-03,NA
DJ,Djibouti,EMRO,2023-04,NA
DJ,Djibouti,EMRO,2023-05,NA
DJ,Djibouti,EMRO,2023-06,NA
DJ,Djibouti,EMRO,2023-07,NA
DJ,Djibouti,EMRO,2023-08,NA
DJ,Djibouti,EMRO,2023-09,NA
DJ,Djibouti,EMRO,2023-10,NA
DJ,Djibouti,EMRO,2023-11,NA
DJ,Djibouti,EMRO,2023-12,NA
DJ,Djibouti,EMRO,2024-01,NA
DJ,Djibouti,EMRO,2024-02,NA
DJ,Djibouti,EMRO,2024-03,NA
DJ,Djibouti,EMRO,2024-04,NA
DJ,Djibouti,EMRO,2024-05,NA
DJ,Djibouti,EMRO,2024-06,NA
DJ,Djibouti,EMRO,2024-07,NA
DJ,Djibouti,EMRO,2024-08,NA
DJ,Djibouti,EMRO,2024-09,NA
DJ,Djibouti,EMRO,2024-10,NA
DJ,Djibouti,EMRO,2024-11,NA
DJ,Djibouti,EMRO,2024-12,NA
DJ,Djibouti,EMRO,2025-01,NA
DJ,Djibouti,EMRO,2025-02,NA
DJ,Djibouti,EMRO,2025-03,NA
DJ,Djibouti,EMRO,2025-04,NA
DJ,Djibouti,EMRO,2025-05,NA
DK,Denmark,EURO,2020-01,NA
DK,Denmark,EURO,2020-02,NA
DK,Denmark,EURO,2020-03,Inf
DK,Denmark,EURO,2020-04,183.6892321671967
DK,Denmark,EURO,2020-05,-48.94298526585522
DK,Denmark,EURO,2020-06,-66.53074027603513
DK,Denmark,EURO,2020-07,-27.4601686972821
DK,Denmark,EURO,2020-08,327.00258397932816
DK,Denmark,EURO,2020-09,185.44629349470495
DK,Denmark,EURO,2020-10,39.89824040703837
DK,Denmark,EURO,2020-11,195.06743445976664
DK,Denmark,EURO,2020-12,86.97326862337262
DK,Denmark,EURO,2021-01,-35.54997047230577
DK,Denmark,EURO,2021-02,-73.07151380838731
DK,Denmark,EURO,2021-03,48.904012028171245
DK,Denmark,EURO,2021-04,6.079608864324813
DK,Denmark,EURO,2021-05,62.43675166574821
DK,Denmark,EURO,2021-06,-58.873056994818654
DK,Denmark,EURO,2021-07,35.785526809148855
DK,Denmark,EURO,2021-08,79.35052742033469
DK,Denmark,EURO,2021-09,-58.94380292532717
DK,Denmark,EURO,2021-10,121.75804395109876
DK,Denmark,EURO,2021-11,198.934623059492
DK,Denmark,EURO,2021-12,149.39017491457923
DK,Denmark,EURO,2022-01,344.4693457214666
DK,Denmark,EURO,2022-02,7.633869061349806
DK,Denmark,EURO,2022-03,-70.84940309165239
DK,Denmark,EURO,2022-04,-77.29002791169754
DK,Denmark,EURO,2022-05,-62.23463687150838
DK,Denmark,EURO,2022-06,1.2251555150963436
DK,Denmark,EURO,2022-07,158.25308202495597
DK,Denmark,EURO,2022-08,-43.33720255368544
DK,Denmark,EURO,2022-09,-43.39854552903821
DK,Denmark,EURO,2022-10,86.54089757509954
DK,Denmark,EURO,2022-11,-58.76603691218199
DK,Denmark,EURO,2022-12,85.12527937889661
DK,Denmark,EURO,2023-01,-44.441620333598095
DK,Denmark,EURO,2023-02,-78.63555784296906
DK,Denmark,EURO,2023-03,18.629550321199144
DK,Denmark,EURO,2023-04,-3.1137184115523464
DK,Denmark,EURO,2023-05,-57.102934326967855
DK,Denmark,EURO,2023-06,-69.97828447339847
DK,Denmark,EURO,2023-07,-32.368896925858955
DK,Denmark,EURO,2023-08,115.50802139037432
DK,Denmark,EURO,2023-09,64.1439205955335
DK,Denmark,EURO,2023-10,-75.88813303099018
DK,Denmark,EURO,2023-11,1431.974921630094
DK,Denmark,EURO,2023-12,113.66891753632083
DK,Denmark,EURO,2024-01,-84.14096916299559
DK,Denmark,EURO,2024-02,-69.26328502415458
DK,Denmark,EURO,2024-03,-34.577603143418465
DK,Denmark,EURO,2024-04,-47.44744744744745
DK,Denmark,EURO,2024-05,37.142857142857146
DK,Denmark,EURO,2024-06,182.91666666666663
DK,Denmark,EURO,2024-07,149.04270986745215
DK,Denmark,EURO,2024-08,-9.875813128326437
DK,Denmark,EURO,2024-09,36.74540682414698
DK,Denmark,EURO,2024-10,-19.817658349328216
DK,Denmark,EURO,2024-11,-34.230999401555955
DK,Denmark,EURO,2024-12,26.84258416742493
DK,Denmark,EURO,2025-01,-52.58249641319943
DK,Denmark,EURO,2025-02,-10.136157337367626
DK,Denmark,EURO,2025-03,-7.744107744107744
DK,Denmark,EURO,2025-04,-65.51094890510949
DK,Denmark,EURO,2025-05,-48.67724867724868
DM,Dominica,AMRO,2020-01,NA
DM,Dominica,AMRO,2020-02,NA
DM,Dominica,AMRO,2020-03,Inf
DM,Dominica,AMRO,2020-04,-54.54545454545454
DM,Dominica,AMRO,2020-05,-100
DM,Dominica,AMRO,2020-06,Inf
DM,Dominica,AMRO,2020-07,-100
DM,Dominica,AMRO,2020-08,Inf
DM,Dominica,AMRO,2020-09,100
DM,Dominica,AMRO,2020-10,250
DM,Dominica,AMRO,2020-11,235.71428571428572
DM,Dominica,AMRO,2020-12,-76.59574468085107
DM,Dominica,AMRO,2021-01,90.9090909090909
DM,Dominica,AMRO,2021-02,19.047619047619047
DM,Dominica,AMRO,2021-03,-24
DM,Dominica,AMRO,2021-04,-36.84210526315789
DM,Dominica,AMRO,2021-05,25
DM,Dominica,AMRO,2021-06,-66.66666666666666
DM,Dominica,AMRO,2021-07,220.00000000000003
DM,Dominica,AMRO,2021-08,8831.25
DM,Dominica,AMRO,2021-09,15.815255423372989
DM,Dominica,AMRO,2021-10,-9.969788519637463
DM,Dominica,AMRO,2021-11,-33.355704697986575
DM,Dominica,AMRO,2021-12,-21.148036253776432
DM,Dominica,AMRO,2022-01,215.83652618135375
DM,Dominica,AMRO,2022-02,-16.053376465830972
DM,Dominica,AMRO,2022-03,-66.42581888246627
DM,Dominica,AMRO,2022-04,-67.2883787661406
DM,Dominica,AMRO,2022-05,892.1052631578947
DM,Dominica,AMRO,2022-06,-75.37577365163573
DM,Dominica,AMRO,2022-07,-100
DM,Dominica,AMRO,2022-08,NA
DM,Dominica,AMRO,2022-09,NA
DM,Dominica,AMRO,2022-10,Inf
DM,Dominica,AMRO,2022-11,-100
DM,Dominica,AMRO,2022-12,NA
DM,Dominica,AMRO,2023-01,NA
DM,Dominica,AMRO,2023-02,NA
DM,Dominica,AMRO,2023-03,NA
DM,Dominica,AMRO,2023-04,NA
DM,Dominica,AMRO,2023-05,Inf
DM,Dominica,AMRO,2023-06,284.61538461538464
DM,Dominica,AMRO,2023-07,2
DM,Dominica,AMRO,2023-08,-70.58823529411765
DM,Dominica,AMRO,2023-09,-66.66666666666666
DM,Dominica,AMRO,2023-10,40
DM,Dominica,AMRO,2023-11,-64.28571428571429
DM,Dominica,AMRO,2023-12,-100
DM,Dominica,AMRO,2024-01,NA
DM,Dominica,AMRO,2024-02,NA
DM,Dominica,AMRO,2024-03,NA
DM,Dominica,AMRO,2024-04,NA
DM,Dominica,AMRO,2024-05,NA
DM,Dominica,AMRO,2024-06,NA
DM,Dominica,AMRO,2024-07,NA
DM,Dominica,AMRO,2024-08,NA
DM,Dominica,AMRO,2024-09,NA
DM,Dominica,AMRO,2024-10,NA
DM,Dominica,AMRO,2024-11,NA
DM,Dominica,AMRO,2024-12,NA
DM,Dominica,AMRO,2025-01,NA
DM,Dominica,AMRO,2025-02,NA
DM,Dominica,AMRO,2025-03,NA
DM,Dominica,AMRO,2025-04,NA
DM,Dominica,AMRO,2025-05,NA
DO,Dominican Republic,AMRO,2020-01,NA
DO,Dominican Republic,AMRO,2020-02,NA
DO,Dominican Republic,AMRO,2020-03,Inf
DO,Dominican Republic,AMRO,2020-04,819.9655765920826
DO,Dominican Republic,AMRO,2020-05,105.46304957904584
DO,Dominican Republic,AMRO,2020-06,24.84975414314333
DO,Dominican Republic,AMRO,2020-07,120.82269710451465
DO,Dominican Republic,AMRO,2020-08,8.432143211018264
DO,Dominican Republic,AMRO,2020-09,-47.51446847395675
DO,Dominican Republic,AMRO,2020-10,-24.200568742382913
DO,Dominican Republic,AMRO,2020-11,42.6766710052829
DO,Dominican Republic,AMRO,2020-12,24.963777837402738
DO,Dominican Republic,AMRO,2021-01,100.16747541546786
DO,Dominican Republic,AMRO,2021-02,-43.24330122498016
DO,Dominican Republic,AMRO,2021-03,-52.47580889023284
DO,Dominican Republic,AMRO,2021-04,-1.6781993159945916
DO,Dominican Republic,AMRO,2021-05,115.02993043196894
DO,Dominican Republic,AMRO,2021-06,18.670528929350688
DO,Dominican Republic,AMRO,2021-07,-44.21302900618165
DO,Dominican Republic,AMRO,2021-08,-43.45380156836004
DO,Dominican Republic,AMRO,2021-09,-26.499849261380763
DO,Dominican Republic,AMRO,2021-10,228.68471424665023
DO,Dominican Republic,AMRO,2021-11,6.22712146422629
DO,Dominican Republic,AMRO,2021-12,-71.11641931315347
DO,Dominican Republic,AMRO,2022-01,1783.7310195227765
DO,Dominican Republic,AMRO,2022-02,-84.71326577614002
DO,Dominican Republic,AMRO,2022-03,-82.25047080979284
DO,Dominican Republic,AMRO,2022-04,-67.16180371352786
DO,Dominican Republic,AMRO,2022-05,229.56381260096933
DO,Dominican Republic,AMRO,2022-06,370.4656862745098
DO,Dominican Republic,AMRO,2022-07,37.38473560823131
DO,Dominican Republic,AMRO,2022-08,-64.5026733912252
DO,Dominican Republic,AMRO,2022-09,-22.198483068048287
DO,Dominican Republic,AMRO,2022-10,-69.98489633392833
DO,Dominican Republic,AMRO,2022-11,-2.607502287282708
DO,Dominican Republic,AMRO,2022-12,318.1775481446689
DO,Dominican Republic,AMRO,2023-01,-82.02852970908683
DO,Dominican Republic,AMRO,2023-02,-64.375
DO,Dominican Republic,AMRO,2023-03,-68.42105263157895
DO,Dominican Republic,AMRO,2023-04,-40
DO,Dominican Republic,AMRO,2023-05,-46.2962962962963
DO,Dominican Republic,AMRO,2023-06,-100
DO,Dominican Republic,AMRO,2023-07,NA
DO,Dominican Republic,AMRO,2023-08,NA
DO,Dominican Republic,AMRO,2023-09,NA
DO,Dominican Republic,AMRO,2023-10,NA
DO,Dominican Republic,AMRO,2023-11,NA
DO,Dominican Republic,AMRO,2023-12,NA
DO,Dominican Republic,AMRO,2024-01,NA
DO,Dominican Republic,AMRO,2024-02,NA
DO,Dominican Republic,AMRO,2024-03,NA
DO,Dominican Republic,AMRO,2024-04,NA
DO,Dominican Republic,AMRO,2024-05,NA
DO,Dominican Republic,AMRO,2024-06,NA
DO,Dominican Republic,AMRO,2024-07,NA
DO,Dominican Republic,AMRO,2024-08,NA
DO,Dominican Republic,AMRO,2024-09,NA
DO,Dominican Republic,AMRO,2024-10,NA
DO,Dominican Republic,AMRO,2024-11,NA
DO,Dominican Republic,AMRO,2024-12,NA
DO,Dominican Republic,AMRO,2025-01,NA
DO,Dominican Republic,AMRO,2025-02,NA
DO,Dominican Republic,AMRO,2025-03,NA
DO,Dominican Republic,AMRO,2025-04,NA
DO,Dominican Republic,AMRO,2025-05,NA
DZ,Algeria,AFRO,2020-01,NA
DZ,Algeria,AFRO,2020-02,NA
DZ,Algeria,AFRO,2020-03,Inf
DZ,Algeria,AFRO,2020-04,517.1806167400881
DZ,Algeria,AFRO,2020-05,114.52533904354031
DZ,Algeria,AFRO,2020-06,-38.42954583264016
DZ,Algeria,AFRO,2020-07,272.7641178059984
DZ,Algeria,AFRO,2020-08,23.354595534937665
DZ,Algeria,AFRO,2020-09,-58.09143260077565
DZ,Algeria,AFRO,2020-10,-33.87549074593382
DZ,Algeria,AFRO,2020-11,442.45122985581
DZ,Algeria,AFRO,2020-12,-34.934719724806506
DZ,Algeria,AFRO,2021-01,-44.33763893060979
DZ,Algeria,AFRO,2021-02,-36.98866702644361
DZ,Algeria,AFRO,2021-03,-35.080507022953064
DZ,Algeria,AFRO,2021-04,5.171503957783641
DZ,Algeria,AFRO,2021-05,93.67787255393878
DZ,Algeria,AFRO,2021-06,25.090673575129536
DZ,Algeria,AFRO,2021-07,135.63218390804596
DZ,Algeria,AFRO,2021-08,48.551966600747086
DZ,Algeria,AFRO,2021-09,-76.6204183060675
DZ,Algeria,AFRO,2021-10,-52.11944831076806
DZ,Algeria,AFRO,2021-11,-4.281183932346723
DZ,Algeria,AFRO,2021-12,76.58752070679182
DZ,Algeria,AFRO,2022-01,414.9155722326454
DZ,Algeria,AFRO,2022-02,-53.0333394060849
DZ,Algeria,AFRO,2022-03,-94.55003878975953
DZ,Algeria,AFRO,2022-04,-83.3926453143535
DZ,Algeria,AFRO,2022-05,-20
DZ,Algeria,AFRO,2022-06,40.17857142857143
DZ,Algeria,AFRO,2022-07,756.0509554140127
DZ,Algeria,AFRO,2022-08,108.40773809523807
DZ,Algeria,AFRO,2022-09,-83.29168154230632
DZ,Algeria,AFRO,2022-10,-58.76068376068376
DZ,Algeria,AFRO,2022-11,16.580310880829018
DZ,Algeria,AFRO,2022-12,-40.88888888888889
DZ,Algeria,AFRO,2023-01,31.57894736842105
DZ,Algeria,AFRO,2023-02,-60
DZ,Algeria,AFRO,2023-03,84.28571428571429
DZ,Algeria,AFRO,2023-04,11.627906976744184
DZ,Algeria,AFRO,2023-05,-14.583333333333334
DZ,Algeria,AFRO,2023-06,-90.2439024390244
DZ,Algeria,AFRO,2023-07,-58.333333333333336
DZ,Algeria,AFRO,2023-08,280
DZ,Algeria,AFRO,2023-09,26.31578947368421
DZ,Algeria,AFRO,2023-10,87.5
DZ,Algeria,AFRO,2023-11,13.333333333333334
DZ,Algeria,AFRO,2023-12,-62.74509803921568
DZ,Algeria,AFRO,2024-01,-100
DZ,Algeria,AFRO,2024-02,NA
DZ,Algeria,AFRO,2024-03,Inf
DZ,Algeria,AFRO,2024-04,50
DZ,Algeria,AFRO,2024-05,-44.44444444444444
DZ,Algeria,AFRO,2024-06,20
DZ,Algeria,AFRO,2024-07,1183.3333333333337
DZ,Algeria,AFRO,2024-08,-49.35064935064935
DZ,Algeria,AFRO,2024-09,-56.41025641025641
DZ,Algeria,AFRO,2024-10,-88.23529411764706
DZ,Algeria,AFRO,2024-11,0
DZ,Algeria,AFRO,2024-12,1550
DZ,Algeria,AFRO,2025-01,-69.6969696969697
DZ,Algeria,AFRO,2025-02,-10
DZ,Algeria,AFRO,2025-03,44.44444444444444
DZ,Algeria,AFRO,2025-04,23.076923076923077
DZ,Algeria,AFRO,2025-05,-31.25
EC,Ecuador,AMRO,2020-01,NA
EC,Ecuador,AMRO,2020-02,NA
EC,Ecuador,AMRO,2020-03,Inf
EC,Ecuador,AMRO,2020-04,1046.2424574876577
EC,Ecuador,AMRO,2020-05,-22.83690658499234
EC,Ecuador,AMRO,2020-06,-2.4373604564624163
EC,Ecuador,AMRO,2020-07,61.85875023838281
EC,Ecuador,AMRO,2020-08,29.094336658549995
EC,Ecuador,AMRO,2020-09,-35.883784606023724
EC,Ecuador,AMRO,2020-10,21.62752075919336
EC,Ecuador,AMRO,2020-11,22.0887137674092
EC,Ecuador,AMRO,2020-12,-41.31650423390318
EC,Ecuador,AMRO,2021-01,120.55540430166076
EC,Ecuador,AMRO,2021-02,-18.972966300456733
EC,Ecuador,AMRO,2021-03,22.181596587446677
EC,Ecuador,AMRO,2021-04,24.825436408977556
EC,Ecuador,AMRO,2021-05,3.859754270302667
EC,Ecuador,AMRO,2021-06,-44.94585184757728
EC,Ecuador,AMRO,2021-07,-4.412843716152475
EC,Ecuador,AMRO,2021-08,-25.692667592660285
EC,Ecuador,AMRO,2021-09,-65.45329332480692
EC,Ecuador,AMRO,2021-10,26.142674070909862
EC,Ecuador,AMRO,2021-11,3.916920645671069
EC,Ecuador,AMRO,2021-12,65.44644796871606
EC,Ecuador,AMRO,2022-01,1053.6799947475542
EC,Ecuador,AMRO,2022-02,-35.847413739137366
EC,Ecuador,AMRO,2022-03,-75.61631197494833
EC,Ecuador,AMRO,2022-04,-60.87605049659839
EC,Ecuador,AMRO,2022-05,-26.01822577645527
EC,Ecuador,AMRO,2022-06,240.03267973856208
EC,Ecuador,AMRO,2022-07,124.02691013935608
EC,Ecuador,AMRO,2022-08,-50.18645018645018
EC,Ecuador,AMRO,2022-09,-69.55283206359721
EC,Ecuador,AMRO,2022-10,-45.7680591818973
EC,Ecuador,AMRO,2022-11,29.50852557673019
EC,Ecuador,AMRO,2022-12,302.2924411400248
EC,Ecuador,AMRO,2023-01,-43.93577699060527
EC,Ecuador,AMRO,2023-02,-85.59851658539935
EC,Ecuador,AMRO,2023-03,-9.966618979494516
EC,Ecuador,AMRO,2023-04,46.02754237288136
EC,Ecuador,AMRO,2023-05,-81.53790351831701
EC,Ecuador,AMRO,2023-06,-100
EC,Ecuador,AMRO,2023-07,NA
EC,Ecuador,AMRO,2023-08,NA
EC,Ecuador,AMRO,2023-09,NA
EC,Ecuador,AMRO,2023-10,Inf
EC,Ecuador,AMRO,2023-11,149.6881496881497
EC,Ecuador,AMRO,2023-12,269.8584512905912
EC,Ecuador,AMRO,2024-01,-27.26249437190455
EC,Ecuador,AMRO,2024-02,-39.61621788919839
EC,Ecuador,AMRO,2024-03,7.534597642234751
EC,Ecuador,AMRO,2024-04,-82.22116301239275
EC,Ecuador,AMRO,2024-05,-42.89544235924933
EC,Ecuador,AMRO,2024-06,142.72300469483568
EC,Ecuador,AMRO,2024-07,-2.127659574468085
EC,Ecuador,AMRO,2024-08,91.30434782608695
EC,Ecuador,AMRO,2024-09,-58.057851239669425
EC,Ecuador,AMRO,2024-10,-67.24137931034483
EC,Ecuador,AMRO,2024-11,-54.88721804511278
EC,Ecuador,AMRO,2024-12,118.33333333333331
EC,Ecuador,AMRO,2025-01,174.8091603053435
EC,Ecuador,AMRO,2025-02,13.333333333333334
EC,Ecuador,AMRO,2025-03,-36.76470588235294
EC,Ecuador,AMRO,2025-04,-70.54263565891473
EC,Ecuador,AMRO,2025-05,-67.10526315789474
EE,Estonia,EURO,2020-01,NA
EE,Estonia,EURO,2020-02,NA
EE,Estonia,EURO,2020-03,Inf
EE,Estonia,EURO,2020-04,-84.2989084802687
EE,Estonia,EURO,2020-05,-76.2566844919786
EE,Estonia,EURO,2020-06,-45.94594594594595
EE,Estonia,EURO,2020-07,-65
EE,Estonia,EURO,2020-08,714.2857142857143
EE,Estonia,EURO,2020-09,162.5730994152047
EE,Estonia,EURO,2020-10,28.396436525612472
EE,Estonia,EURO,2020-11,581.786643538595
EE,Estonia,EURO,2020-12,71.7720391807658
EE,Estonia,EURO,2021-01,38.95430645041842
EE,Estonia,EURO,2021-02,17.667750359750574
EE,Estonia,EURO,2021-03,70.33245765014946
EE,Estonia,EURO,2021-04,-70.66691485401265
EE,Estonia,EURO,2021-05,-19.354546278669204
EE,Estonia,EURO,2021-06,-83.82419064748201
EE,Estonia,EURO,2021-07,7.574704656011119
EE,Estonia,EURO,2021-08,488.24289405684755
EE,Estonia,EURO,2021-09,36.42653195695146
EE,Estonia,EURO,2021-10,233.90485390002416
EE,Estonia,EURO,2021-11,-61.04963718328873
EE,Estonia,EURO,2021-12,-5.613665903323637
EE,Estonia,EURO,2022-01,527.2786885245902
EE,Estonia,EURO,2022-02,64.04871419611122
EE,Estonia,EURO,2022-03,-63.138107042038115
EE,Estonia,EURO,2022-04,-68.68809099866891
EE,Estonia,EURO,2022-05,-64.25219455639596
EE,Estonia,EURO,2022-06,-49.945945945945944
EE,Estonia,EURO,2022-07,155.9086701635298
EE,Estonia,EURO,2022-08,-19.158427779117435
EE,Estonia,EURO,2022-09,-38.65771812080537
EE,Estonia,EURO,2022-10,30.391441769997567
EE,Estonia,EURO,2022-11,-62.558269625209775
EE,Estonia,EURO,2022-12,32.47011952191235
EE,Estonia,EURO,2023-01,-24.81203007518797
EE,Estonia,EURO,2023-02,-38.65
EE,Estonia,EURO,2023-03,8.394458027709861
EE,Estonia,EURO,2023-04,31.80451127819549
EE,Estonia,EURO,2023-05,-58.3000570450656
EE,Estonia,EURO,2023-06,-54.85636114911081
EE,Estonia,EURO,2023-07,-52.121212121212125
EE,Estonia,EURO,2023-08,-33.54430379746836
EE,Estonia,EURO,2023-09,220.00000000000003
EE,Estonia,EURO,2023-10,114.88095238095238
EE,Estonia,EURO,2023-11,179.9168975069252
EE,Estonia,EURO,2023-12,80.65314200890649
EE,Estonia,EURO,2024-01,-69.26869350862778
EE,Estonia,EURO,2024-02,-67.29055258467022
EE,Estonia,EURO,2024-03,-38.96457765667575
EE,Estonia,EURO,2024-04,-76.78571428571429
EE,Estonia,EURO,2024-05,55.769230769230774
EE,Estonia,EURO,2024-06,61.72839506172839
EE,Estonia,EURO,2024-07,62.59541984732825
EE,Estonia,EURO,2024-08,112.20657276995306
EE,Estonia,EURO,2024-09,32.07964601769911
EE,Estonia,EURO,2024-10,-6.197654941373535
EE,Estonia,EURO,2024-11,-19.464285714285715
EE,Estonia,EURO,2024-12,87.36141906873614
EE,Estonia,EURO,2025-01,-50.41420118343195
EE,Estonia,EURO,2025-02,-45.10739856801909
EE,Estonia,EURO,2025-03,-38.69565217391304
EE,Estonia,EURO,2025-04,-61.702127659574465
EE,Estonia,EURO,2025-05,-64.81481481481481
EG,Egypt,EMRO,2020-01,NA
EG,Egypt,EMRO,2020-02,Inf
EG,Egypt,EMRO,2020-03,57400
EG,Egypt,EMRO,2020-04,550.9565217391304
EG,Egypt,EMRO,2020-05,411.0873630777451
EG,Egypt,EMRO,2020-06,111.57344485101936
EG,Egypt,EMRO,2020-07,-31.659831002618965
EG,Egypt,EMRO,2020-08,-75.00361532899494
EG,Egypt,EMRO,2020-09,-38.6896152733584
EG,Egypt,EMRO,2020-10,-13.635291342297712
EG,Egypt,EMRO,2020-11,139.98907402349084
EG,Egypt,EMRO,2020-12,83.61028909628955
EG,Egypt,EMRO,2021-01,111.39970245474832
EG,Egypt,EMRO,2021-02,-51.87813388851421
EG,Egypt,EMRO,2021-03,6.849064651757968
EG,Egypt,EMRO,2021-04,26.63815226689478
EG,Egypt,EMRO,2021-05,76.02900117085473
EG,Egypt,EMRO,2021-06,-50.50781549796618
EG,Egypt,EMRO,2021-07,-79.4272717874496
EG,Egypt,EMRO,2021-08,-8.065326633165828
EG,Egypt,EMRO,2021-09,263.51462148127905
EG,Egypt,EMRO,2021-10,119.07375385309376
EG,Egypt,EMRO,2021-11,-11.860393287346854
EG,Egypt,EMRO,2021-12,-3.621072304637309
EG,Egypt,EMRO,2022-01,65.46681210358341
EG,Egypt,EMRO,2022-02,44.657942282338006
EG,Egypt,EMRO,2022-03,-58.586642812536915
EG,Egypt,EMRO,2022-04,-66.56477972042222
EG,Egypt,EMRO,2022-05,-94.19795221843005
EG,Egypt,EMRO,2022-06,-69.74789915966386
EG,Egypt,EMRO,2022-07,457.6388888888889
EG,Egypt,EMRO,2022-08,-48.06973848069738
EG,Egypt,EMRO,2022-09,-84.89208633093526
EG,Egypt,EMRO,2022-10,-44.44444444444444
EG,Egypt,EMRO,2022-11,2.857142857142857
EG,Egypt,EMRO,2022-12,100
EG,Egypt,EMRO,2023-01,68.05555555555556
EG,Egypt,EMRO,2023-02,2.479338842975207
EG,Egypt,EMRO,2023-03,-0.8064516129032258
EG,Egypt,EMRO,2023-04,14.634146341463412
EG,Egypt,EMRO,2023-05,-100
EG,Egypt,EMRO,2023-06,NA
EG,Egypt,EMRO,2023-07,NA
EG,Egypt,EMRO,2023-08,NA
EG,Egypt,EMRO,2023-09,NA
EG,Egypt,EMRO,2023-10,NA
EG,Egypt,EMRO,2023-11,NA
EG,Egypt,EMRO,2023-12,NA
EG,Egypt,EMRO,2024-01,NA
EG,Egypt,EMRO,2024-02,NA
EG,Egypt,EMRO,2024-03,NA
EG,Egypt,EMRO,2024-04,NA
EG,Egypt,EMRO,2024-05,NA
EG,Egypt,EMRO,2024-06,NA
EG,Egypt,EMRO,2024-07,NA
EG,Egypt,EMRO,2024-08,NA
EG,Egypt,EMRO,2024-09,NA
EG,Egypt,EMRO,2024-10,NA
EG,Egypt,EMRO,2024-11,NA
EG,Egypt,EMRO,2024-12,NA
EG,Egypt,EMRO,2025-01,NA
EG,Egypt,EMRO,2025-02,NA
EG,Egypt,EMRO,2025-03,NA
EG,Egypt,EMRO,2025-04,NA
EG,Egypt,EMRO,2025-05,NA
ER,Eritrea,AFRO,2020-01,NA
ER,Eritrea,AFRO,2020-02,NA
ER,Eritrea,AFRO,2020-03,Inf
ER,Eritrea,AFRO,2020-04,450
ER,Eritrea,AFRO,2020-05,-100
ER,Eritrea,AFRO,2020-06,Inf
ER,Eritrea,AFRO,2020-07,-52.63157894736842
ER,Eritrea,AFRO,2020-08,-23.61111111111111
ER,Eritrea,AFRO,2020-09,3.636363636363636
ER,Eritrea,AFRO,2020-10,50.877192982456144
ER,Eritrea,AFRO,2020-11,34.883720930232556
ER,Eritrea,AFRO,2020-12,262.0689655172414
ER,Eritrea,AFRO,2021-01,170.9523809523809
ER,Eritrea,AFRO,2021-02,-37.434094903339194
ER,Eritrea,AFRO,2021-03,-49.29775280898877
ER,Eritrea,AFRO,2021-04,9.97229916897507
ER,Eritrea,AFRO,2021-05,14.86146095717884
ER,Eritrea,AFRO,2021-06,276.9736842105263
ER,Eritrea,AFRO,2021-07,-58.40605002908668
ER,Eritrea,AFRO,2021-08,-79.86013986013985
ER,Eritrea,AFRO,2021-09,-61.80555555555556
ER,Eritrea,AFRO,2021-10,149.0909090909091
ER,Eritrea,AFRO,2021-11,245.985401459854
ER,Eritrea,AFRO,2021-12,19.831223628691983
ER,Eritrea,AFRO,2022-01,187.85211267605635
ER,Eritrea,AFRO,2022-02,-88.25688073394495
ER,Eritrea,AFRO,2022-03,-87.5
ER,Eritrea,AFRO,2022-04,-58.333333333333336
ER,Eritrea,AFRO,2022-05,130
ER,Eritrea,AFRO,2022-06,34.78260869565217
ER,Eritrea,AFRO,2022-07,687.0967741935484
ER,Eritrea,AFRO,2022-08,-51.229508196721305
ER,Eritrea,AFRO,2022-09,-85.71428571428571
ER,Eritrea,AFRO,2022-10,17.647058823529413
ER,Eritrea,AFRO,2022-11,-95
ER,Eritrea,AFRO,2022-12,-100
ER,Eritrea,AFRO,2023-01,NA
ER,Eritrea,AFRO,2023-02,NA
ER,Eritrea,AFRO,2023-03,NA
ER,Eritrea,AFRO,2023-04,NA
ER,Eritrea,AFRO,2023-05,NA
ER,Eritrea,AFRO,2023-06,NA
ER,Eritrea,AFRO,2023-07,NA
ER,Eritrea,AFRO,2023-08,NA
ER,Eritrea,AFRO,2023-09,NA
ER,Eritrea,AFRO,2023-10,NA
ER,Eritrea,AFRO,2023-11,NA
ER,Eritrea,AFRO,2023-12,NA
ER,Eritrea,AFRO,2024-01,NA
ER,Eritrea,AFRO,2024-02,NA
ER,Eritrea,AFRO,2024-03,NA
ER,Eritrea,AFRO,2024-04,NA
ER,Eritrea,AFRO,2024-05,NA
ER,Eritrea,AFRO,2024-06,NA
ER,Eritrea,AFRO,2024-07,NA
ER,Eritrea,AFRO,2024-08,NA
ER,Eritrea,AFRO,2024-09,NA
ER,Eritrea,AFRO,2024-10,NA
ER,Eritrea,AFRO,2024-11,NA
ER,Eritrea,AFRO,2024-12,NA
ER,Eritrea,AFRO,2025-01,NA
ER,Eritrea,AFRO,2025-02,NA
ER,Eritrea,AFRO,2025-03,NA
ER,Eritrea,AFRO,2025-04,NA
ER,Eritrea,AFRO,2025-05,NA
ES,Spain,EURO,2020-01,NA
ES,Spain,EURO,2020-02,433.3333333333333
ES,Spain,EURO,2020-03,680181.25
ES,Spain,EURO,2020-04,1.807156966328265
ES,Spain,EURO,2020-05,-75.3338988557196
ES,Spain,EURO,2020-06,-63.593458456810446
ES,Spain,EURO,2020-07,225.73610692392725
ES,Spain,EURO,2020-08,522.8388967729993
ES,Spain,EURO,2020-09,45.05886956564811
ES,Spain,EURO,2020-10,26.126922879923516
ES,Spain,EURO,2020-11,43.51827034753864
ES,Spain,EURO,2020-12,-55.49016056984184
ES,Spain,EURO,2021-01,298.52978571912934
ES,Spain,EURO,2021-02,-68.56686790614874
ES,Spain,EURO,2021-03,-51.570820561746814
ES,Spain,EURO,2021-04,53.96168946390398
ES,Spain,EURO,2021-05,-12.611280003629927
ES,Spain,EURO,2021-06,-44.958877650626185
ES,Spain,EURO,2021-07,443.8923844651768
ES,Spain,EURO,2021-08,-15.39464829576595
ES,Spain,EURO,2021-09,-81.64672696410854
ES,Spain,EURO,2021-10,-34.33897774997766
ES,Spain,EURO,2021-11,140.3640384451816
ES,Spain,EURO,2021-12,557.1600447281631
ES,Spain,EURO,2022-01,343.2160111312859
ES,Spain,EURO,2022-02,-77.99618515368728
ES,Spain,EURO,2022-03,-48.76370274093468
ES,Spain,EURO,2022-04,-31.93851445862851
ES,Spain,EURO,2022-05,71.59545395530589
ES,Spain,EURO,2022-06,-29.42978465831185
ES,Spain,EURO,2022-07,36.20034099705027
ES,Spain,EURO,2022-08,-82.66399918593198
ES,Spain,EURO,2022-09,-32.67030666829101
ES,Spain,EURO,2022-10,71.21097476724677
ES,Spain,EURO,2022-11,-22.414157523586265
ES,Spain,EURO,2022-12,-9.695873990787064
ES,Spain,EURO,2023-01,-27.71713792063187
ES,Spain,EURO,2023-02,-53.94115303625292
ES,Spain,EURO,2023-03,22.9457555912517
ES,Spain,EURO,2023-04,57.14237855946399
ES,Spain,EURO,2023-05,-5.877587566887672
ES,Spain,EURO,2023-06,-41.755379388448475
ES,Spain,EURO,2023-07,-93.14019055026247
ES,Spain,EURO,2023-08,-100
ES,Spain,EURO,2023-09,NA
ES,Spain,EURO,2023-10,NA
ES,Spain,EURO,2023-11,NA
ES,Spain,EURO,2023-12,NA
ES,Spain,EURO,2024-01,NA
ES,Spain,EURO,2024-02,NA
ES,Spain,EURO,2024-03,NA
ES,Spain,EURO,2024-04,NA
ES,Spain,EURO,2024-05,NA
ES,Spain,EURO,2024-06,NA
ES,Spain,EURO,2024-07,NA
ES,Spain,EURO,2024-08,NA
ES,Spain,EURO,2024-09,NA
ES,Spain,EURO,2024-10,NA
ES,Spain,EURO,2024-11,NA
ES,Spain,EURO,2024-12,NA
ES,Spain,EURO,2025-01,NA
ES,Spain,EURO,2025-02,NA
ES,Spain,EURO,2025-03,NA
ES,Spain,EURO,2025-04,NA
ES,Spain,EURO,2025-05,NA
ET,Ethiopia,AFRO,2020-01,NA
ET,Ethiopia,AFRO,2020-02,NA
ET,Ethiopia,AFRO,2020-03,Inf
ET,Ethiopia,AFRO,2020-04,562.5
ET,Ethiopia,AFRO,2020-05,787.7358490566038
ET,Ethiopia,AFRO,2020-06,378.9585547290117
ET,Ethiopia,AFRO,2020-07,70.35722209895717
ET,Ethiopia,AFRO,2020-08,374.1599374837197
ET,Ethiopia,AFRO,2020-09,-36.69724770642202
ET,Ethiopia,AFRO,2020-10,-12.53145882148746
ET,Ethiopia,AFRO,2020-11,-20.26986804246453
ET,Ethiopia,AFRO,2020-12,-16.108760577401693
ET,Ethiopia,AFRO,2021-01,8.343840391604243
ET,Ethiopia,AFRO,2021-02,44.01013143483023
ET,Ethiopia,AFRO,2021-03,93.6397775348196
ET,Ethiopia,AFRO,2021-04,28.046445404556163
ET,Ethiopia,AFRO,2021-05,-61.18747723394874
ET,Ethiopia,AFRO,2021-06,-76.87824154112126
ET,Ethiopia,AFRO,2021-07,-45.204016235847035
ET,Ethiopia,AFRO,2021-08,938.2456140350876
ET,Ethiopia,AFRO,2021-09,34.3096391423529
ET,Ethiopia,AFRO,2021-10,-32.579400581525384
ET,Ethiopia,AFRO,2021-11,-74.21936554012025
ET,Ethiopia,AFRO,2021-12,295.25494611548976
ET,Ethiopia,AFRO,2022-01,180.81227363366295
ET,Ethiopia,AFRO,2022-02,-94.39018027940408
ET,Ethiopia,AFRO,2022-03,-74.52854559545337
ET,Ethiopia,AFRO,2022-04,-18.255578093306287
ET,Ethiopia,AFRO,2022-05,125.18610421836227
ET,Ethiopia,AFRO,2022-06,725.6198347107438
ET,Ethiopia,AFRO,2022-07,-66.78678678678679
ET,Ethiopia,AFRO,2022-08,-81.15330520393812
ET,Ethiopia,AFRO,2022-09,-60.23454157782516
ET,Ethiopia,AFRO,2022-10,16.353887399463808
ET,Ethiopia,AFRO,2022-11,20.506912442396313
ET,Ethiopia,AFRO,2022-12,403.6328871892925
ET,Ethiopia,AFRO,2023-01,-10.02277904328018
ET,Ethiopia,AFRO,2023-02,-79.19831223628691
ET,Ethiopia,AFRO,2023-03,-3.2454361054766734
ET,Ethiopia,AFRO,2023-04,-17.19077568134172
ET,Ethiopia,AFRO,2023-05,-85.0632911392405
ET,Ethiopia,AFRO,2023-06,-49.15254237288136
ET,Ethiopia,AFRO,2023-07,-13.333333333333334
ET,Ethiopia,AFRO,2023-08,73.07692307692307
ET,Ethiopia,AFRO,2023-09,53.333333333333336
ET,Ethiopia,AFRO,2023-10,-75.36231884057972
ET,Ethiopia,AFRO,2023-11,58.82352941176471
ET,Ethiopia,AFRO,2023-12,-51.85185185185185
ET,Ethiopia,AFRO,2024-01,-100
ET,Ethiopia,AFRO,2024-02,Inf
ET,Ethiopia,AFRO,2024-03,-100
ET,Ethiopia,AFRO,2024-04,Inf
ET,Ethiopia,AFRO,2024-05,-55.55555555555556
ET,Ethiopia,AFRO,2024-06,0
ET,Ethiopia,AFRO,2024-07,350
ET,Ethiopia,AFRO,2024-08,61.111111111111114
ET,Ethiopia,AFRO,2024-09,-62.06896551724138
ET,Ethiopia,AFRO,2024-10,0
ET,Ethiopia,AFRO,2024-11,27.27272727272727
ET,Ethiopia,AFRO,2024-12,57.14285714285714
ET,Ethiopia,AFRO,2025-01,-31.818181818181817
ET,Ethiopia,AFRO,2025-02,-33.33333333333333
ET,Ethiopia,AFRO,2025-03,0
ET,Ethiopia,AFRO,2025-04,-70
ET,Ethiopia,AFRO,2025-05,-100
FI,Finland,EURO,2020-01,NA
FI,Finland,EURO,2020-02,Inf
FI,Finland,EURO,2020-03,133950
FI,Finland,EURO,2020-04,5.856023871689668
FI,Finland,EURO,2020-05,-62.29739252995067
FI,Finland,EURO,2020-06,-81.4018691588785
FI,Finland,EURO,2020-07,51.256281407035175
FI,Finland,EURO,2020-08,242.19269102990037
FI,Finland,EURO,2020-09,251.5533980582524
FI,Finland,EURO,2020-10,49.323391328362334
FI,Finland,EURO,2020-11,136.65618642500462
FI,Finland,EURO,2020-12,-36.644263832447635
FI,Finland,EURO,2021-01,43.83865794991982
FI,Finland,EURO,2021-02,38.77025984049396
FI,Finland,EURO,2021-03,-3.380299097762946
FI,Finland,EURO,2021-04,-56.69331627758235
FI,Finland,EURO,2021-05,-22.640673460345592
FI,Finland,EURO,2021-06,-22.623138602520047
FI,Finland,EURO,2021-07,241.1300271403898
FI,Finland,EURO,2021-08,54.918269926225946
FI,Finland,EURO,2021-09,-35.916709463560395
FI,Finland,EURO,2021-10,61.1467288357861
FI,Finland,EURO,2021-11,52.75102852751029
FI,Finland,EURO,2021-12,256.249445052831
FI,Finland,EURO,2022-01,117.7732914610438
FI,Finland,EURO,2022-02,-29.999427753934192
FI,Finland,EURO,2022-03,6.470687616151377
FI,Finland,EURO,2022-04,-49.30743952252741
FI,Finland,EURO,2022-05,-39.48340973806975
FI,Finland,EURO,2022-06,-24.646265767870258
FI,Finland,EURO,2022-07,73.80040300259073
FI,Finland,EURO,2022-08,-59.1183590266276
FI,Finland,EURO,2022-09,21.71839940164547
FI,Finland,EURO,2022-10,65.89087743554293
FI,Finland,EURO,2022-11,-27.045005556241513
FI,Finland,EURO,2022-12,-43.90615413907635
FI,Finland,EURO,2023-01,-83.15670375259288
FI,Finland,EURO,2023-02,-40.41648007165249
FI,Finland,EURO,2023-03,84.36677940623825
FI,Finland,EURO,2023-04,76.98736241337139
FI,Finland,EURO,2023-05,-58.044454681561675
FI,Finland,EURO,2023-06,-52.78616524842163
FI,Finland,EURO,2023-07,-49.18604651162791
FI,Finland,EURO,2023-08,30.549199084668192
FI,Finland,EURO,2023-09,85.45135845749343
FI,Finland,EURO,2023-10,396.4083175803403
FI,Finland,EURO,2023-11,-72.87699923838538
FI,Finland,EURO,2023-12,-100
FI,Finland,EURO,2024-01,NA
FI,Finland,EURO,2024-02,NA
FI,Finland,EURO,2024-03,NA
FI,Finland,EURO,2024-04,NA
FI,Finland,EURO,2024-05,NA
FI,Finland,EURO,2024-06,NA
FI,Finland,EURO,2024-07,NA
FI,Finland,EURO,2024-08,NA
FI,Finland,EURO,2024-09,NA
FI,Finland,EURO,2024-10,Inf
FI,Finland,EURO,2024-11,16.648936170212767
FI,Finland,EURO,2024-12,99.2248062015504
FI,Finland,EURO,2025-01,-47.81414511329824
FI,Finland,EURO,2025-02,-61.622807017543856
FI,Finland,EURO,2025-03,-46.285714285714285
FI,Finland,EURO,2025-04,-69.7872340425532
FI,Finland,EURO,2025-05,-52.112676056338024
FJ,Fiji,WPRO,2020-01,NA
FJ,Fiji,WPRO,2020-02,NA
FJ,Fiji,WPRO,2020-03,Inf
FJ,Fiji,WPRO,2020-04,160
FJ,Fiji,WPRO,2020-05,-100
FJ,Fiji,WPRO,2020-06,NA
FJ,Fiji,WPRO,2020-07,Inf
FJ,Fiji,WPRO,2020-08,-88.88888888888889
FJ,Fiji,WPRO,2020-09,300
FJ,Fiji,WPRO,2020-10,-75
FJ,Fiji,WPRO,2020-11,400
FJ,Fiji,WPRO,2020-12,60
FJ,Fiji,WPRO,2021-01,12.5
FJ,Fiji,WPRO,2021-02,-55.55555555555556
FJ,Fiji,WPRO,2021-03,100
FJ,Fiji,WPRO,2021-04,200
FJ,Fiji,WPRO,2021-05,1191.6666666666663
FJ,Fiji,WPRO,2021-06,929.0322580645162
FJ,Fiji,WPRO,2021-07,512.7899686520376
FJ,Fiji,WPRO,2021-08,17.086146920401063
FJ,Fiji,WPRO,2021-09,-79.34288710241174
FJ,Fiji,WPRO,2021-10,-70.05076142131979
FJ,Fiji,WPRO,2021-11,-77.18926553672316
FJ,Fiji,WPRO,2021-12,39.3188854489164
FJ,Fiji,WPRO,2022-01,2000.2222222222224
FJ,Fiji,WPRO,2022-02,-84.84816421542693
FJ,Fiji,WPRO,2022-03,-61.66201117318436
FJ,Fiji,WPRO,2022-04,-73.04189435336977
FJ,Fiji,WPRO,2022-05,181.75675675675672
FJ,Fiji,WPRO,2022-06,25.179856115107913
FJ,Fiji,WPRO,2022-07,299.6168582375479
FJ,Fiji,WPRO,2022-08,-72.81879194630872
FJ,Fiji,WPRO,2022-09,-77.77777777777779
FJ,Fiji,WPRO,2022-10,-82.53968253968253
FJ,Fiji,WPRO,2022-11,404.54545454545456
FJ,Fiji,WPRO,2022-12,194.5945945945946
FJ,Fiji,WPRO,2023-01,-63.91437308868502
FJ,Fiji,WPRO,2023-02,-41.52542372881356
FJ,Fiji,WPRO,2023-03,-68.11594202898551
FJ,Fiji,WPRO,2023-04,-54.54545454545454
FJ,Fiji,WPRO,2023-05,-100
FJ,Fiji,WPRO,2023-06,Inf
FJ,Fiji,WPRO,2023-07,-90.43478260869566
FJ,Fiji,WPRO,2023-08,-100
FJ,Fiji,WPRO,2023-09,NA
FJ,Fiji,WPRO,2023-10,NA
FJ,Fiji,WPRO,2023-11,NA
FJ,Fiji,WPRO,2023-12,NA
FJ,Fiji,WPRO,2024-01,NA
FJ,Fiji,WPRO,2024-02,NA
FJ,Fiji,WPRO,2024-03,NA
FJ,Fiji,WPRO,2024-04,NA
FJ,Fiji,WPRO,2024-05,NA
FJ,Fiji,WPRO,2024-06,NA
FJ,Fiji,WPRO,2024-07,NA
FJ,Fiji,WPRO,2024-08,NA
FJ,Fiji,WPRO,2024-09,NA
FJ,Fiji,WPRO,2024-10,NA
FJ,Fiji,WPRO,2024-11,NA
FJ,Fiji,WPRO,2024-12,NA
FJ,Fiji,WPRO,2025-01,NA
FJ,Fiji,WPRO,2025-02,NA
FJ,Fiji,WPRO,2025-03,NA
FJ,Fiji,WPRO,2025-04,NA
FJ,Fiji,WPRO,2025-05,NA
FK,Falkland Islands (Malvinas),NA,2020-01,NA
FK,Falkland Islands (Malvinas),NA,2020-02,NA
FK,Falkland Islands (Malvinas),NA,2020-03,NA
FK,Falkland Islands (Malvinas),NA,2020-04,Inf
FK,Falkland Islands (Malvinas),NA,2020-05,-100
FK,Falkland Islands (Malvinas),NA,2020-06,NA
FK,Falkland Islands (Malvinas),NA,2020-07,NA
FK,Falkland Islands (Malvinas),NA,2020-08,NA
FK,Falkland Islands (Malvinas),NA,2020-09,NA
FK,Falkland Islands (Malvinas),NA,2020-10,NA
FK,Falkland Islands (Malvinas),NA,2020-11,Inf
FK,Falkland Islands (Malvinas),NA,2020-12,200
FK,Falkland Islands (Malvinas),NA,2021-01,-8.333333333333332
FK,Falkland Islands (Malvinas),NA,2021-02,0
FK,Falkland Islands (Malvinas),NA,2021-03,-100
FK,Falkland Islands (Malvinas),NA,2021-04,Inf
FK,Falkland Islands (Malvinas),NA,2021-05,-100
FK,Falkland Islands (Malvinas),NA,2021-06,NA
FK,Falkland Islands (Malvinas),NA,2021-07,NA
FK,Falkland Islands (Malvinas),NA,2021-08,Inf
FK,Falkland Islands (Malvinas),NA,2021-09,-25
FK,Falkland Islands (Malvinas),NA,2021-10,-33.33333333333333
FK,Falkland Islands (Malvinas),NA,2021-11,400
FK,Falkland Islands (Malvinas),NA,2021-12,-80
FK,Falkland Islands (Malvinas),NA,2022-01,300
FK,Falkland Islands (Malvinas),NA,2022-02,162.5
FK,Falkland Islands (Malvinas),NA,2022-03,-57.14285714285714
FK,Falkland Islands (Malvinas),NA,2022-04,266.66666666666663
FK,Falkland Islands (Malvinas),NA,2022-05,4478.787878787879
FK,Falkland Islands (Malvinas),NA,2022-06,-90.46988749172732
FK,Falkland Islands (Malvinas),NA,2022-07,-77.77777777777779
FK,Falkland Islands (Malvinas),NA,2022-08,46.875
FK,Falkland Islands (Malvinas),NA,2022-09,-100
FK,Falkland Islands (Malvinas),NA,2022-10,Inf
FK,Falkland Islands (Malvinas),NA,2022-11,-100
FK,Falkland Islands (Malvinas),NA,2022-12,NA
FK,Falkland Islands (Malvinas),NA,2023-01,NA
FK,Falkland Islands (Malvinas),NA,2023-02,NA
FK,Falkland Islands (Malvinas),NA,2023-03,NA
FK,Falkland Islands (Malvinas),NA,2023-04,NA
FK,Falkland Islands (Malvinas),NA,2023-05,NA
FK,Falkland Islands (Malvinas),NA,2023-06,NA
FK,Falkland Islands (Malvinas),NA,2023-07,NA
FK,Falkland Islands (Malvinas),NA,2023-08,NA
FK,Falkland Islands (Malvinas),NA,2023-09,NA
FK,Falkland Islands (Malvinas),NA,2023-10,NA
FK,Falkland Islands (Malvinas),NA,2023-11,NA
FK,Falkland Islands (Malvinas),NA,2023-12,NA
FK,Falkland Islands (Malvinas),NA,2024-01,NA
FK,Falkland Islands (Malvinas),NA,2024-02,NA
FK,Falkland Islands (Malvinas),NA,2024-03,NA
FK,Falkland Islands (Malvinas),NA,2024-04,NA
FK,Falkland Islands (Malvinas),NA,2024-05,NA
FK,Falkland Islands (Malvinas),NA,2024-06,NA
FK,Falkland Islands (Malvinas),NA,2024-07,NA
FK,Falkland Islands (Malvinas),NA,2024-08,NA
FK,Falkland Islands (Malvinas),NA,2024-09,NA
FK,Falkland Islands (Malvinas),NA,2024-10,NA
FK,Falkland Islands (Malvinas),NA,2024-11,NA
FK,Falkland Islands (Malvinas),NA,2024-12,NA
FK,Falkland Islands (Malvinas),NA,2025-01,NA
FK,Falkland Islands (Malvinas),NA,2025-02,NA
FK,Falkland Islands (Malvinas),NA,2025-03,NA
FK,Falkland Islands (Malvinas),NA,2025-04,NA
FK,Falkland Islands (Malvinas),NA,2025-05,NA
FM,Micronesia (Federated States of),WPRO,2020-01,NA
FM,Micronesia (Federated States of),WPRO,2020-02,NA
FM,Micronesia (Federated States of),WPRO,2020-03,NA
FM,Micronesia (Federated States of),WPRO,2020-04,NA
FM,Micronesia (Federated States of),WPRO,2020-05,NA
FM,Micronesia (Federated States of),WPRO,2020-06,NA
FM,Micronesia (Federated States of),WPRO,2020-07,NA
FM,Micronesia (Federated States of),WPRO,2020-08,NA
FM,Micronesia (Federated States of),WPRO,2020-09,NA
FM,Micronesia (Federated States of),WPRO,2020-10,NA
FM,Micronesia (Federated States of),WPRO,2020-11,NA
FM,Micronesia (Federated States of),WPRO,2020-12,NA
FM,Micronesia (Federated States of),WPRO,2021-01,NA
FM,Micronesia (Federated States of),WPRO,2021-02,NA
FM,Micronesia (Federated States of),WPRO,2021-03,NA
FM,Micronesia (Federated States of),WPRO,2021-04,NA
FM,Micronesia (Federated States of),WPRO,2021-05,NA
FM,Micronesia (Federated States of),WPRO,2021-06,NA
FM,Micronesia (Federated States of),WPRO,2021-07,NA
FM,Micronesia (Federated States of),WPRO,2021-08,NA
FM,Micronesia (Federated States of),WPRO,2021-09,NA
FM,Micronesia (Federated States of),WPRO,2021-10,NA
FM,Micronesia (Federated States of),WPRO,2021-11,NA
FM,Micronesia (Federated States of),WPRO,2021-12,NA
FM,Micronesia (Federated States of),WPRO,2022-01,NA
FM,Micronesia (Federated States of),WPRO,2022-02,NA
FM,Micronesia (Federated States of),WPRO,2022-03,NA
FM,Micronesia (Federated States of),WPRO,2022-04,Inf
FM,Micronesia (Federated States of),WPRO,2022-05,1300
FM,Micronesia (Federated States of),WPRO,2022-06,-71.42857142857143
FM,Micronesia (Federated States of),WPRO,2022-07,65150
FM,Micronesia (Federated States of),WPRO,2022-08,-65.42145593869732
FM,Micronesia (Federated States of),WPRO,2022-09,67.31301939058172
FM,Micronesia (Federated States of),WPRO,2022-10,295.6622516556291
FM,Micronesia (Federated States of),WPRO,2022-11,-99.9665243953469
FM,Micronesia (Federated States of),WPRO,2022-12,725
FM,Micronesia (Federated States of),WPRO,2023-01,4754.545454545455
FM,Micronesia (Federated States of),WPRO,2023-02,-82.70911360799002
FM,Micronesia (Federated States of),WPRO,2023-03,533.5740072202167
FM,Micronesia (Federated States of),WPRO,2023-04,-78.51851851851852
FM,Micronesia (Federated States of),WPRO,2023-05,0.2652519893899204
FM,Micronesia (Federated States of),WPRO,2023-06,-99.73544973544972
FM,Micronesia (Federated States of),WPRO,2023-07,1200
FM,Micronesia (Federated States of),WPRO,2023-08,430.7692307692308
FM,Micronesia (Federated States of),WPRO,2023-09,-91.30434782608695
FM,Micronesia (Federated States of),WPRO,2023-10,-100
FM,Micronesia (Federated States of),WPRO,2023-11,NA
FM,Micronesia (Federated States of),WPRO,2023-12,NA
FM,Micronesia (Federated States of),WPRO,2024-01,NA
FM,Micronesia (Federated States of),WPRO,2024-02,NA
FM,Micronesia (Federated States of),WPRO,2024-03,NA
FM,Micronesia (Federated States of),WPRO,2024-04,NA
FM,Micronesia (Federated States of),WPRO,2024-05,NA
FM,Micronesia (Federated States of),WPRO,2024-06,-Inf
FM,Micronesia (Federated States of),WPRO,2024-07,-6197.701149425287
FM,Micronesia (Federated States of),WPRO,2024-08,-100
FM,Micronesia (Federated States of),WPRO,2024-09,NA
FM,Micronesia (Federated States of),WPRO,2024-10,NA
FM,Micronesia (Federated States of),WPRO,2024-11,NA
FM,Micronesia (Federated States of),WPRO,2024-12,NA
FM,Micronesia (Federated States of),WPRO,2025-01,NA
FM,Micronesia (Federated States of),WPRO,2025-02,NA
FM,Micronesia (Federated States of),WPRO,2025-03,NA
FM,Micronesia (Federated States of),WPRO,2025-04,NA
FM,Micronesia (Federated States of),WPRO,2025-05,NA
FO,Faroe Islands,NA,2020-01,NA
FO,Faroe Islands,NA,2020-02,NA
FO,Faroe Islands,NA,2020-03,Inf
FO,Faroe Islands,NA,2020-04,-80.12820512820514
FO,Faroe Islands,NA,2020-05,-100
FO,Faroe Islands,NA,2020-06,NA
FO,Faroe Islands,NA,2020-07,Inf
FO,Faroe Islands,NA,2020-08,640.7407407407408
FO,Faroe Islands,NA,2020-09,-75.5
FO,Faroe Islands,NA,2020-10,-38.775510204081634
FO,Faroe Islands,NA,2020-11,-60
FO,Faroe Islands,NA,2020-12,475
FO,Faroe Islands,NA,2021-01,20.28985507246377
FO,Faroe Islands,NA,2021-02,-95.18072289156626
FO,Faroe Islands,NA,2021-03,-25
FO,Faroe Islands,NA,2021-04,-33.33333333333333
FO,Faroe Islands,NA,2021-05,2350
FO,Faroe Islands,NA,2021-06,20.40816326530612
FO,Faroe Islands,NA,2021-07,237.28813559322032
FO,Faroe Islands,NA,2021-08,-84.92462311557789
FO,Faroe Islands,NA,2021-09,283.33333333333337
FO,Faroe Islands,NA,2021-10,741.7391304347826
FO,Faroe Islands,NA,2021-11,43.595041322314046
FO,Faroe Islands,NA,2021-12,20.431654676258994
FO,Faroe Islands,NA,2022-01,704.778972520908
FO,Faroe Islands,NA,2022-02,15.172209026128266
FO,Faroe Islands,NA,2022-03,-96.64862077855118
FO,Faroe Islands,NA,2022-04,-100
FO,Faroe Islands,NA,2022-05,NA
FO,Faroe Islands,NA,2022-06,NA
FO,Faroe Islands,NA,2022-07,NA
FO,Faroe Islands,NA,2022-08,NA
FO,Faroe Islands,NA,2022-09,NA
FO,Faroe Islands,NA,2022-10,NA
FO,Faroe Islands,NA,2022-11,NA
FO,Faroe Islands,NA,2022-12,NA
FO,Faroe Islands,NA,2023-01,NA
FO,Faroe Islands,NA,2023-02,NA
FO,Faroe Islands,NA,2023-03,NA
FO,Faroe Islands,NA,2023-04,NA
FO,Faroe Islands,NA,2023-05,NA
FO,Faroe Islands,NA,2023-06,NA
FO,Faroe Islands,NA,2023-07,NA
FO,Faroe Islands,NA,2023-08,NA
FO,Faroe Islands,NA,2023-09,NA
FO,Faroe Islands,NA,2023-10,NA
FO,Faroe Islands,NA,2023-11,NA
FO,Faroe Islands,NA,2023-12,NA
FO,Faroe Islands,NA,2024-01,NA
FO,Faroe Islands,NA,2024-02,NA
FO,Faroe Islands,NA,2024-03,NA
FO,Faroe Islands,NA,2024-04,NA
FO,Faroe Islands,NA,2024-05,NA
FO,Faroe Islands,NA,2024-06,NA
FO,Faroe Islands,NA,2024-07,NA
FO,Faroe Islands,NA,2024-08,NA
FO,Faroe Islands,NA,2024-09,NA
FO,Faroe Islands,NA,2024-10,NA
FO,Faroe Islands,NA,2024-11,NA
FO,Faroe Islands,NA,2024-12,NA
FO,Faroe Islands,NA,2025-01,NA
FO,Faroe Islands,NA,2025-02,NA
FO,Faroe Islands,NA,2025-03,NA
FO,Faroe Islands,NA,2025-04,NA
FO,Faroe Islands,NA,2025-05,NA
FR,France,EURO,2020-01,NA
FR,France,EURO,2020-02,333.33333333333337
FR,France,EURO,2020-03,-100
FR,France,EURO,2020-04,NA
FR,France,EURO,2020-05,Inf
FR,France,EURO,2020-06,14.314444575890215
FR,France,EURO,2020-07,47.49042740349788
FR,France,EURO,2020-08,588.9278697726635
FR,France,EURO,2020-09,162.37854683967163
FR,France,EURO,2020-10,140.72059902414028
FR,France,EURO,2020-11,61.91033666482838
FR,France,EURO,2020-12,-67.54691387288187
FR,France,EURO,2021-01,81.93050240445845
FR,France,EURO,2021-02,-18.33455347774895
FR,France,EURO,2021-03,39.429166305196496
FR,France,EURO,2021-04,22.54986489369267
FR,France,EURO,2021-05,-42.67051560548861
FR,France,EURO,2021-06,-79.12569873042447
FR,France,EURO,2021-07,104.00416174227504
FR,France,EURO,2021-08,240.1415145723368
FR,France,EURO,2021-09,-66.01581208338975
FR,France,EURO,2021-10,-31.02522145880095
FR,France,EURO,2021-11,166.63333809455793
FR,France,EURO,2021-12,250.8810013485784
FR,France,EURO,2022-01,535.607205159591
FR,France,EURO,2022-02,-62.13450900079059
FR,France,EURO,2022-03,-39.1615686030069
FR,France,EURO,2022-04,47.30625573196158
FR,France,EURO,2022-05,-65.10828386159608
FR,France,EURO,2022-06,-3.283713209384457
FR,France,EURO,2022-07,189.19415823543252
FR,France,EURO,2022-08,-81.09039673094158
FR,France,EURO,2022-09,6.486268336123915
FR,France,EURO,2022-10,159.8455828230467
FR,France,EURO,2022-11,-50.57877569322899
FR,France,EURO,2022-12,83.51168851441415
FR,France,EURO,2023-01,-77.5547703555928
FR,France,EURO,2023-02,-70.67019588337004
FR,France,EURO,2023-03,63.60158284710585
FR,France,EURO,2023-04,56.82156145297932
FR,France,EURO,2023-05,-60.06704543666095
FR,France,EURO,2023-06,-47.371221377054354
FR,France,EURO,2023-07,-100
FR,France,EURO,2023-08,NA
FR,France,EURO,2023-09,NA
FR,France,EURO,2023-10,NA
FR,France,EURO,2023-11,NA
FR,France,EURO,2023-12,NA
FR,France,EURO,2024-01,NA
FR,France,EURO,2024-02,NA
FR,France,EURO,2024-03,NA
FR,France,EURO,2024-04,NA
FR,France,EURO,2024-05,Inf
FR,France,EURO,2024-06,508.9965397923875
FR,France,EURO,2024-07,-14.62121212121212
FR,France,EURO,2024-08,-22.89263531499556
FR,France,EURO,2024-09,87.8596087456847
FR,France,EURO,2024-10,5.176110260336906
FR,France,EURO,2024-11,-53.3197437390798
FR,France,EURO,2024-12,14.12975670617592
FR,France,EURO,2025-01,-28.751024870183112
FR,France,EURO,2025-02,-50.59455312619869
FR,France,EURO,2025-03,3.9596273291925463
FR,France,EURO,2025-04,-5.825242718446602
FR,France,EURO,2025-05,-52.894528152260115
GA,Gabon,AFRO,2020-01,NA
GA,Gabon,AFRO,2020-02,NA
GA,Gabon,AFRO,2020-03,Inf
GA,Gabon,AFRO,2020-04,2328.5714285714284
GA,Gabon,AFRO,2020-05,1357.6470588235293
GA,Gabon,AFRO,2020-06,3.066989507667474
GA,Gabon,AFRO,2020-07,-30.501174628034455
GA,Gabon,AFRO,2020-08,-14.309859154929578
GA,Gabon,AFRO,2020-09,-85.33859303090073
GA,Gabon,AFRO,2020-10,-14.349775784753364
GA,Gabon,AFRO,2020-11,42.40837696335078
GA,Gabon,AFRO,2020-12,12.5
GA,Gabon,AFRO,2021-01,308.8235294117647
GA,Gabon,AFRO,2021-02,205.0359712230216
GA,Gabon,AFRO,2021-03,1.2054507337526206
GA,Gabon,AFRO,2021-04,3.754531330916624
GA,Gabon,AFRO,2021-05,-51.784377339655606
GA,Gabon,AFRO,2021-06,-67.96066252587993
GA,Gabon,AFRO,2021-07,-44.91114701130856
GA,Gabon,AFRO,2021-08,44.868035190615835
GA,Gabon,AFRO,2021-09,569.4331983805669
GA,Gabon,AFRO,2021-10,93.4986392500756
GA,Gabon,AFRO,2021-11,-72.29254571026723
GA,Gabon,AFRO,2021-12,-11.336717428087988
GA,Gabon,AFRO,2022-01,399.4910941475827
GA,Gabon,AFRO,2022-02,-89.65868568517575
GA,Gabon,AFRO,2022-03,-93.8423645320197
GA,Gabon,AFRO,2022-04,-74
GA,Gabon,AFRO,2022-05,307.69230769230774
GA,Gabon,AFRO,2022-06,228.30188679245285
GA,Gabon,AFRO,2022-07,294.8275862068965
GA,Gabon,AFRO,2022-08,-79.91266375545851
GA,Gabon,AFRO,2022-09,-69.56521739130434
GA,Gabon,AFRO,2022-10,504.7619047619048
GA,Gabon,AFRO,2022-11,-88.9763779527559
GA,Gabon,AFRO,2022-12,-78.57142857142857
GA,Gabon,AFRO,2023-01,-66.66666666666666
GA,Gabon,AFRO,2023-02,-100
GA,Gabon,AFRO,2023-03,NA
GA,Gabon,AFRO,2023-04,Inf
GA,Gabon,AFRO,2023-05,-100
GA,Gabon,AFRO,2023-06,NA
GA,Gabon,AFRO,2023-07,NA
GA,Gabon,AFRO,2023-08,NA
GA,Gabon,AFRO,2023-09,NA
GA,Gabon,AFRO,2023-10,Inf
GA,Gabon,AFRO,2023-11,1700
GA,Gabon,AFRO,2023-12,-96.29629629629628
GA,Gabon,AFRO,2024-01,-100
GA,Gabon,AFRO,2024-02,NA
GA,Gabon,AFRO,2024-03,NA
GA,Gabon,AFRO,2024-04,NA
GA,Gabon,AFRO,2024-05,NA
GA,Gabon,AFRO,2024-06,NA
GA,Gabon,AFRO,2024-07,NA
GA,Gabon,AFRO,2024-08,NA
GA,Gabon,AFRO,2024-09,Inf
GA,Gabon,AFRO,2024-10,-100
GA,Gabon,AFRO,2024-11,NA
GA,Gabon,AFRO,2024-12,Inf
GA,Gabon,AFRO,2025-01,1100
GA,Gabon,AFRO,2025-02,-100
GA,Gabon,AFRO,2025-03,NA
GA,Gabon,AFRO,2025-04,NA
GA,Gabon,AFRO,2025-05,NA
GB,United Kingdom of Great Britain and Northern Ireland,EURO,2020-01,NA
GB,United Kingdom of Great Britain and Northern Ireland,EURO,2020-02,Inf
GB,United Kingdom of Great Britain and Northern Ireland,EURO,2020-03,67745.71428571429
GB,United Kingdom of Great Britain and Northern Ireland,EURO,2020-04,430.291417501895
GB,United Kingdom of Great Britain and Northern Ireland,EURO,2020-05,-17.000071472248916
GB,United Kingdom of Great Britain and Northern Ireland,EURO,2020-06,-73.11607792108386
GB,United Kingdom of Great Britain and Northern Ireland,EURO,2020-07,-36.41184425937789
GB,United Kingdom of Great Britain and Northern Ireland,EURO,2020-08,103.2853864666704
GB,United Kingdom of Great Britain and Northern Ireland,EURO,2020-09,198.4499325459101
GB,United Kingdom of Great Britain and Northern Ireland,EURO,2020-10,320.90682656826573
GB,United Kingdom of Great Britain and Northern Ireland,EURO,2020-11,61.92524925317196
GB,United Kingdom of Great Britain and Northern Ireland,EURO,2020-12,-4.648858629814363
GB,United Kingdom of Great Britain and Northern Ireland,EURO,2021-01,118.08096709673666
GB,United Kingdom of Great Britain and Northern Ireland,EURO,2021-02,-76.13954647915011
GB,United Kingdom of Great Britain and Northern Ireland,EURO,2021-03,-56.90462290556134
GB,United Kingdom of Great Britain and Northern Ireland,EURO,2021-04,-48.40194210403044
GB,United Kingdom of Great Britain and Northern Ireland,EURO,2021-05,3.4412533277717117
GB,United Kingdom of Great Britain and Northern Ireland,EURO,2021-06,206.3416196214242
GB,United Kingdom of Great Britain and Northern Ireland,EURO,2021-07,279.9651561199404
GB,United Kingdom of Great Britain and Northern Ireland,EURO,2021-08,8.26751957091227
GB,United Kingdom of Great Britain and Northern Ireland,EURO,2021-09,-10.619055103141344
GB,United Kingdom of Great Britain and Northern Ireland,EURO,2021-10,48.42872124464061
GB,United Kingdom of Great Britain and Northern Ireland,EURO,2021-11,-20.97680255320175
GB,United Kingdom of Great Britain and Northern Ireland,EURO,2021-12,100.00448843106892
GB,United Kingdom of Great Britain and Northern Ireland,EURO,2022-01,114.53137342908435
GB,United Kingdom of Great Britain and Northern Ireland,EURO,2022-02,-67.0187764696923
GB,United Kingdom of Great Britain and Northern Ireland,EURO,2022-03,20.675034556080444
GB,United Kingdom of Great Britain and Northern Ireland,EURO,2022-04,-40.37240275049426
GB,United Kingdom of Great Britain and Northern Ireland,EURO,2022-05,-71.55973817027747
GB,United Kingdom of Great Britain and Northern Ireland,EURO,2022-06,7.10249376172099
GB,United Kingdom of Great Britain and Northern Ireland,EURO,2022-07,104.68571825491
GB,United Kingdom of Great Britain and Northern Ireland,EURO,2022-08,-76.3277933786371
GB,United Kingdom of Great Britain and Northern Ireland,EURO,2022-09,-20.75130214555359
GB,United Kingdom of Great Britain and Northern Ireland,EURO,2022-10,105.23158093084606
GB,United Kingdom of Great Britain and Northern Ireland,EURO,2022-11,-64.42409040328178
GB,United Kingdom of Great Britain and Northern Ireland,EURO,2022-12,51.54433777227212
GB,United Kingdom of Great Britain and Northern Ireland,EURO,2023-01,-14.711752644736752
GB,United Kingdom of Great Britain and Northern Ireland,EURO,2023-02,-19.959426216414812
GB,United Kingdom of Great Britain and Northern Ireland,EURO,2023-03,21.386233460394756
GB,United Kingdom of Great Britain and Northern Ireland,EURO,2023-04,-33.16837380596156
GB,United Kingdom of Great Britain and Northern Ireland,EURO,2023-05,-57.768948805628675
GB,United Kingdom of Great Britain and Northern Ireland,EURO,2023-06,-51.70826901232051
GB,United Kingdom of Great Britain and Northern Ireland,EURO,2023-07,-3.1483715319662244
GB,United Kingdom of Great Britain and Northern Ireland,EURO,2023-08,96.93610661352596
GB,United Kingdom of Great Britain and Northern Ireland,EURO,2023-09,58.863521376170006
GB,United Kingdom of Great Britain and Northern Ireland,EURO,2023-10,28.10963594020582
GB,United Kingdom of Great Britain and Northern Ireland,EURO,2023-11,-66.71431456938208
GB,United Kingdom of Great Britain and Northern Ireland,EURO,2023-12,101.965177612846
GB,United Kingdom of Great Britain and Northern Ireland,EURO,2024-01,-33.56137471976333
GB,United Kingdom of Great Britain and Northern Ireland,EURO,2024-02,-51.00535726709803
GB,United Kingdom of Great Britain and Northern Ireland,EURO,2024-03,-44.19909116728202
GB,United Kingdom of Great Britain and Northern Ireland,EURO,2024-04,-14.213004199007509
GB,United Kingdom of Great Britain and Northern Ireland,EURO,2024-05,58.55829130821715
GB,United Kingdom of Great Britain and Northern Ireland,EURO,2024-06,76.81945743685688
GB,United Kingdom of Great Britain and Northern Ireland,EURO,2024-07,3.2694952915035445
GB,United Kingdom of Great Britain and Northern Ireland,EURO,2024-08,-46.3422131147541
GB,United Kingdom of Great Britain and Northern Ireland,EURO,2024-09,34.17987397364903
GB,United Kingdom of Great Britain and Northern Ireland,EURO,2024-10,3.593283051088658
GB,United Kingdom of Great Britain and Northern Ireland,EURO,2024-11,-54.783982416374755
GB,United Kingdom of Great Britain and Northern Ireland,EURO,2024-12,2.5975998784748597
GB,United Kingdom of Great Britain and Northern Ireland,EURO,2025-01,-39.13236600533018
GB,United Kingdom of Great Britain and Northern Ireland,EURO,2025-02,-3.916322062758453
GB,United Kingdom of Great Britain and Northern Ireland,EURO,2025-03,38.9873417721519
GB,United Kingdom of Great Britain and Northern Ireland,EURO,2025-04,-1.8032786885245904
GB,United Kingdom of Great Britain and Northern Ireland,EURO,2025-05,-52.290855128918565
GD,Grenada,AMRO,2020-01,NA
GD,Grenada,AMRO,2020-02,NA
GD,Grenada,AMRO,2020-03,Inf
GD,Grenada,AMRO,2020-04,14.285714285714285
GD,Grenada,AMRO,2020-05,0
GD,Grenada,AMRO,2020-06,-100
GD,Grenada,AMRO,2020-07,NA
GD,Grenada,AMRO,2020-08,Inf
GD,Grenada,AMRO,2020-09,-100
GD,Grenada,AMRO,2020-10,Inf
GD,Grenada,AMRO,2020-11,225
GD,Grenada,AMRO,2020-12,476.9230769230769
GD,Grenada,AMRO,2021-01,-57.333333333333336
GD,Grenada,AMRO,2021-02,-100
GD,Grenada,AMRO,2021-03,Inf
GD,Grenada,AMRO,2021-04,-42.857142857142854
GD,Grenada,AMRO,2021-05,-50
GD,Grenada,AMRO,2021-06,-50
GD,Grenada,AMRO,2021-07,200
GD,Grenada,AMRO,2021-08,4266.666666666666
GD,Grenada,AMRO,2021-09,3312.2137404580153
GD,Grenada,AMRO,2021-10,-75.99552572706935
GD,Grenada,AMRO,2021-11,-95.43336439888164
GD,Grenada,AMRO,2021-12,38.775510204081634
GD,Grenada,AMRO,2022-01,9150
GD,Grenada,AMRO,2022-02,-77.21780604133545
GD,Grenada,AMRO,2022-03,-78.85554780181437
GD,Grenada,AMRO,2022-04,47.194719471947195
GD,Grenada,AMRO,2022-05,625.1121076233184
GD,Grenada,AMRO,2022-06,-81.19975262832406
GD,Grenada,AMRO,2022-07,-15.13157894736842
GD,Grenada,AMRO,2022-08,-2.5193798449612403
GD,Grenada,AMRO,2022-09,-50.89463220675944
GD,Grenada,AMRO,2022-10,-77.7327935222672
GD,Grenada,AMRO,2022-11,-54.54545454545454
GD,Grenada,AMRO,2022-12,76
GD,Grenada,AMRO,2023-01,-54.54545454545454
GD,Grenada,AMRO,2023-02,-100
GD,Grenada,AMRO,2023-03,NA
GD,Grenada,AMRO,2023-04,Inf
GD,Grenada,AMRO,2023-05,-100
GD,Grenada,AMRO,2023-06,NA
GD,Grenada,AMRO,2023-07,NA
GD,Grenada,AMRO,2023-08,NA
GD,Grenada,AMRO,2023-09,NA
GD,Grenada,AMRO,2023-10,NA
GD,Grenada,AMRO,2023-11,NA
GD,Grenada,AMRO,2023-12,NA
GD,Grenada,AMRO,2024-01,NA
GD,Grenada,AMRO,2024-02,NA
GD,Grenada,AMRO,2024-03,NA
GD,Grenada,AMRO,2024-04,NA
GD,Grenada,AMRO,2024-05,NA
GD,Grenada,AMRO,2024-06,NA
GD,Grenada,AMRO,2024-07,NA
GD,Grenada,AMRO,2024-08,NA
GD,Grenada,AMRO,2024-09,NA
GD,Grenada,AMRO,2024-10,NA
GD,Grenada,AMRO,2024-11,NA
GD,Grenada,AMRO,2024-12,NA
GD,Grenada,AMRO,2025-01,NA
GD,Grenada,AMRO,2025-02,NA
GD,Grenada,AMRO,2025-03,NA
GD,Grenada,AMRO,2025-04,NA
GD,Grenada,AMRO,2025-05,NA
GE,Georgia,EURO,2020-01,NA
GE,Georgia,EURO,2020-02,NA
GE,Georgia,EURO,2020-03,Inf
GE,Georgia,EURO,2020-04,294.8979591836735
GE,Georgia,EURO,2020-05,-22.997416020671835
GE,Georgia,EURO,2020-06,-52.68456375838926
GE,Georgia,EURO,2020-07,46.808510638297875
GE,Georgia,EURO,2020-08,63.28502415458937
GE,Georgia,EURO,2020-09,1019.8224852071004
GE,Georgia,EURO,2020-10,512.3381770145311
GE,Georgia,EURO,2020-11,348.44889329939167
GE,Georgia,EURO,2020-12,-14.143182889635067
GE,Georgia,EURO,2021-01,-59.09096002779116
GE,Georgia,EURO,2021-02,-65.35637977318797
GE,Georgia,EURO,2021-03,-24.543369969162647
GE,Georgia,EURO,2021-04,145.72985434349786
GE,Georgia,EURO,2021-05,69.94456289978677
GE,Georgia,EURO,2021-06,-50.01756499046473
GE,Georgia,EURO,2021-07,96.98278026005322
GE,Georgia,EURO,2021-08,257.7210286209445
GE,Georgia,EURO,2021-09,-54.84863813506793
GE,Georgia,EURO,2021-10,77.9199671789693
GE,Georgia,EURO,2021-11,5.8862134716864
GE,Georgia,EURO,2021-12,-28.195356472795496
GE,Georgia,EURO,2022-01,178.09142763825542
GE,Georgia,EURO,2022-02,84.65803989010297
GE,Georgia,EURO,2022-03,-90.16227733432676
GE,Georgia,EURO,2022-04,-81.6689371724122
GE,Georgia,EURO,2022-05,-63.484066003274975
GE,Georgia,EURO,2022-06,12.969989651604005
GE,Georgia,EURO,2022-07,748.5190839694657
GE,Georgia,EURO,2022-08,92.39267335996256
GE,Georgia,EURO,2022-09,-14.071150680831964
GE,Georgia,EURO,2022-10,-68.14610043316428
GE,Georgia,EURO,2022-11,-70.79404127374606
GE,Georgia,EURO,2022-12,-38.043986897519886
GE,Georgia,EURO,2023-01,146.71450151057402
GE,Georgia,EURO,2023-02,78.52441451094444
GE,Georgia,EURO,2023-03,-37.76901311840864
GE,Georgia,EURO,2023-04,-14.136125654450264
GE,Georgia,EURO,2023-05,-55.0385109114249
GE,Georgia,EURO,2023-06,-37.865810135617416
GE,Georgia,EURO,2023-07,56.00229753015509
GE,Georgia,EURO,2023-08,163.80706921944034
GE,Georgia,EURO,2023-09,-100
GE,Georgia,EURO,2023-10,NA
GE,Georgia,EURO,2023-11,Inf
GE,Georgia,EURO,2023-12,-8.484162895927602
GE,Georgia,EURO,2024-01,90.85290482076638
GE,Georgia,EURO,2024-02,46.82642487046632
GE,Georgia,EURO,2024-03,-24.834583149536833
GE,Georgia,EURO,2024-04,-75.76291079812206
GE,Georgia,EURO,2024-05,-63.922518159806295
GE,Georgia,EURO,2024-06,66.44295302013423
GE,Georgia,EURO,2024-07,63.306451612903224
GE,Georgia,EURO,2024-08,2.4691358024691357
GE,Georgia,EURO,2024-09,-50.12048192771085
GE,Georgia,EURO,2024-10,-76.32850241545893
GE,Georgia,EURO,2024-11,-100
GE,Georgia,EURO,2024-12,NA
GE,Georgia,EURO,2025-01,NA
GE,Georgia,EURO,2025-02,NA
GE,Georgia,EURO,2025-03,NA
GE,Georgia,EURO,2025-04,NA
GE,Georgia,EURO,2025-05,NA
GF,French Guiana,NA,2020-01,NA
GF,French Guiana,NA,2020-02,NA
GF,French Guiana,NA,2020-03,Inf
GF,French Guiana,NA,2020-04,151.61290322580646
GF,French Guiana,NA,2020-05,319.2307692307692
GF,French Guiana,NA,2020-06,825.0764525993883
GF,French Guiana,NA,2020-07,27.96694214876033
GF,French Guiana,NA,2020-08,-54.94704210798243
GF,French Guiana,NA,2020-09,-54.87385321100917
GF,French Guiana,NA,2020-10,-34.81575603557815
GF,French Guiana,NA,2020-11,56.53021442495126
GF,French Guiana,NA,2020-12,98.50560398505604
GF,French Guiana,NA,2021-01,107.65370138017563
GF,French Guiana,NA,2021-02,-83.56495468277946
GF,French Guiana,NA,2021-03,-45.77205882352941
GF,French Guiana,NA,2021-04,545.4237288135594
GF,French Guiana,NA,2021-05,159.29621848739495
GF,French Guiana,NA,2021-06,-28.64087502531902
GF,French Guiana,NA,2021-07,-36.21913142208345
GF,French Guiana,NA,2021-08,115.48731642189588
GF,French Guiana,NA,2021-09,11.833952912019829
GF,French Guiana,NA,2021-10,-10.637119113573409
GF,French Guiana,NA,2021-11,-74.47819797478817
GF,French Guiana,NA,2021-12,10.526315789473683
GF,French Guiana,NA,2022-01,1952.2344322344325
GF,French Guiana,NA,2022-02,-91.3968514618213
GF,French Guiana,NA,2022-03,-57.38589211618257
GF,French Guiana,NA,2022-04,69.71762414800389
GF,French Guiana,NA,2022-05,45.15203671830178
GF,French Guiana,NA,2022-06,56.48221343873517
GF,French Guiana,NA,2022-07,43.066430916898206
GF,French Guiana,NA,2022-08,-82.15042372881356
GF,French Guiana,NA,2022-09,-61.62215628090999
GF,French Guiana,NA,2022-10,-26.54639175257732
GF,French Guiana,NA,2022-11,318.2456140350877
GF,French Guiana,NA,2022-12,95.0503355704698
GF,French Guiana,NA,2023-01,-89.16129032258064
GF,French Guiana,NA,2023-02,-94.84126984126983
GF,French Guiana,NA,2023-03,-100
GF,French Guiana,NA,2023-04,NA
GF,French Guiana,NA,2023-05,NA
GF,French Guiana,NA,2023-06,NA
GF,French Guiana,NA,2023-07,NA
GF,French Guiana,NA,2023-08,NA
GF,French Guiana,NA,2023-09,NA
GF,French Guiana,NA,2023-10,NA
GF,French Guiana,NA,2023-11,NA
GF,French Guiana,NA,2023-12,NA
GF,French Guiana,NA,2024-01,NA
GF,French Guiana,NA,2024-02,NA
GF,French Guiana,NA,2024-03,NA
GF,French Guiana,NA,2024-04,NA
GF,French Guiana,NA,2024-05,NA
GF,French Guiana,NA,2024-06,NA
GF,French Guiana,NA,2024-07,NA
GF,French Guiana,NA,2024-08,NA
GF,French Guiana,NA,2024-09,NA
GF,French Guiana,NA,2024-10,NA
GF,French Guiana,NA,2024-11,NA
GF,French Guiana,NA,2024-12,NA
GF,French Guiana,NA,2025-01,NA
GF,French Guiana,NA,2025-02,NA
GF,French Guiana,NA,2025-03,NA
GF,French Guiana,NA,2025-04,NA
GF,French Guiana,NA,2025-05,NA
GG,Guernsey,NA,2020-01,NA
GG,Guernsey,NA,2020-02,NA
GG,Guernsey,NA,2020-03,Inf
GG,Guernsey,NA,2020-04,332.60869565217394
GG,Guernsey,NA,2020-05,-96.4824120603015
GG,Guernsey,NA,2020-06,-100
GG,Guernsey,NA,2020-07,NA
GG,Guernsey,NA,2020-08,NA
GG,Guernsey,NA,2020-09,Inf
GG,Guernsey,NA,2020-10,60
GG,Guernsey,NA,2020-11,162.5
GG,Guernsey,NA,2020-12,-47.61904761904761
GG,Guernsey,NA,2021-01,1681.8181818181818
GG,Guernsey,NA,2021-02,67.3469387755102
GG,Guernsey,NA,2021-03,-100
GG,Guernsey,NA,2021-04,Inf
GG,Guernsey,NA,2021-05,-100
GG,Guernsey,NA,2021-06,Inf
GG,Guernsey,NA,2021-07,658.3333333333333
GG,Guernsey,NA,2021-08,257.14285714285717
GG,Guernsey,NA,2021-09,-4
GG,Guernsey,NA,2021-10,83.33333333333334
GG,Guernsey,NA,2021-11,181.993006993007
GG,Guernsey,NA,2021-12,79.72721636701799
GG,Guernsey,NA,2022-01,54.88099344601587
GG,Guernsey,NA,2022-02,-42.271714922049
GG,Guernsey,NA,2022-03,175.46296296296296
GG,Guernsey,NA,2022-04,-53.31932773109243
GG,Guernsey,NA,2022-05,-57.3057305730573
GG,Guernsey,NA,2022-06,-35.55867884750527
GG,Guernsey,NA,2022-07,268.92039258451473
GG,Guernsey,NA,2022-08,-78.51019804906886
GG,Guernsey,NA,2022-09,-38.376891334250345
GG,Guernsey,NA,2022-10,173.4375
GG,Guernsey,NA,2022-11,-63.91836734693877
GG,Guernsey,NA,2022-12,132.579185520362
GG,Guernsey,NA,2023-01,-10.408560311284049
GG,Guernsey,NA,2023-02,-76.76438653637351
GG,Guernsey,NA,2023-03,42.99065420560748
GG,Guernsey,NA,2023-04,-70.26143790849673
GG,Guernsey,NA,2023-05,-100
GG,Guernsey,NA,2023-06,NA
GG,Guernsey,NA,2023-07,NA
GG,Guernsey,NA,2023-08,NA
GG,Guernsey,NA,2023-09,NA
GG,Guernsey,NA,2023-10,NA
GG,Guernsey,NA,2023-11,NA
GG,Guernsey,NA,2023-12,NA
GG,Guernsey,NA,2024-01,NA
GG,Guernsey,NA,2024-02,NA
GG,Guernsey,NA,2024-03,NA
GG,Guernsey,NA,2024-04,NA
GG,Guernsey,NA,2024-05,NA
GG,Guernsey,NA,2024-06,NA
GG,Guernsey,NA,2024-07,NA
GG,Guernsey,NA,2024-08,NA
GG,Guernsey,NA,2024-09,NA
GG,Guernsey,NA,2024-10,NA
GG,Guernsey,NA,2024-11,NA
GG,Guernsey,NA,2024-12,NA
GG,Guernsey,NA,2025-01,NA
GG,Guernsey,NA,2025-02,NA
GG,Guernsey,NA,2025-03,NA
GG,Guernsey,NA,2025-04,NA
GG,Guernsey,NA,2025-05,NA
GH,Ghana,AFRO,2020-01,NA
GH,Ghana,AFRO,2020-02,NA
GH,Ghana,AFRO,2020-03,Inf
GH,Ghana,AFRO,2020-04,707.0921985815603
GH,Ghana,AFRO,2020-05,470.21089630931453
GH,Ghana,AFRO,2020-06,47.680690399137
GH,Ghana,AFRO,2020-07,69.81112386517792
GH,Ghana,AFRO,2020-08,-33.4111718798009
GH,Ghana,AFRO,2020-09,-80.0110741971207
GH,Ghana,AFRO,2020-10,-46.95290858725762
GH,Ghana,AFRO,2020-11,249.4342906875544
GH,Ghana,AFRO,2020-12,-27.995018679950185
GH,Ghana,AFRO,2021-01,353.16499481148395
GH,Ghana,AFRO,2021-02,26.455995725517138
GH,Ghana,AFRO,2021-03,-62.55809742258707
GH,Ghana,AFRO,2021-04,-69.17620506206674
GH,Ghana,AFRO,2021-05,-19.089958158995817
GH,Ghana,AFRO,2021-06,23.012281835811248
GH,Ghana,AFRO,2021-07,249.71098265895955
GH,Ghana,AFRO,2021-08,153.44853493613823
GH,Ghana,AFRO,2021-09,-55.06017667635027
GH,Ghana,AFRO,2021-10,-55.47493403693932
GH,Ghana,AFRO,2021-11,-77.8962962962963
GH,Ghana,AFRO,2021-12,1261.6621983914208
GH,Ghana,AFRO,2022-01,56.77298680842685
GH,Ghana,AFRO,2022-02,-82.36734693877551
GH,Ghana,AFRO,2022-03,-68.05555555555556
GH,Ghana,AFRO,2022-04,-72.46376811594203
GH,Ghana,AFRO,2022-05,25.101214574898783
GH,Ghana,AFRO,2022-06,1281.2297734627832
GH,Ghana,AFRO,2022-07,-44.283036551077785
GH,Ghana,AFRO,2022-08,-80.95037846930194
GH,Ghana,AFRO,2022-09,14.79028697571744
GH,Ghana,AFRO,2022-10,209.03846153846155
GH,Ghana,AFRO,2022-11,-81.20721841941506
GH,Ghana,AFRO,2022-12,-90.39735099337749
GH,Ghana,AFRO,2023-01,155.17241379310346
GH,Ghana,AFRO,2023-02,-18.91891891891892
GH,Ghana,AFRO,2023-03,300
GH,Ghana,AFRO,2023-04,0.4166666666666667
GH,Ghana,AFRO,2023-05,-100
GH,Ghana,AFRO,2023-06,NA
GH,Ghana,AFRO,2023-07,NA
GH,Ghana,AFRO,2023-08,NA
GH,Ghana,AFRO,2023-09,NA
GH,Ghana,AFRO,2023-10,Inf
GH,Ghana,AFRO,2023-11,-26
GH,Ghana,AFRO,2023-12,-90.54054054054052
GH,Ghana,AFRO,2024-01,-57.14285714285714
GH,Ghana,AFRO,2024-02,-100
GH,Ghana,AFRO,2024-03,Inf
GH,Ghana,AFRO,2024-04,182.5
GH,Ghana,AFRO,2024-05,-65.48672566371681
GH,Ghana,AFRO,2024-06,-48.717948717948715
GH,Ghana,AFRO,2024-07,-55.00000000000001
GH,Ghana,AFRO,2024-08,11.11111111111111
GH,Ghana,AFRO,2024-09,459.99999999999994
GH,Ghana,AFRO,2024-10,78.57142857142857
GH,Ghana,AFRO,2024-11,-3
GH,Ghana,AFRO,2024-12,-89.69072164948454
GH,Ghana,AFRO,2025-01,-80
GH,Ghana,AFRO,2025-02,-50
GH,Ghana,AFRO,2025-03,1400
GH,Ghana,AFRO,2025-04,106.66666666666669
GH,Ghana,AFRO,2025-05,-22.58064516129032
GI,Gibraltar,NA,2020-01,NA
GI,Gibraltar,NA,2020-02,NA
GI,Gibraltar,NA,2020-03,Inf
GI,Gibraltar,NA,2020-04,66.66666666666666
GI,Gibraltar,NA,2020-05,-68.75
GI,Gibraltar,NA,2020-06,-40
GI,Gibraltar,NA,2020-07,-40
GI,Gibraltar,NA,2020-08,888.8888888888889
GI,Gibraltar,NA,2020-09,1.1235955056179776
GI,Gibraltar,NA,2020-10,207.7777777777778
GI,Gibraltar,NA,2020-11,29.24187725631769
GI,Gibraltar,NA,2020-12,49.44134078212291
GI,Gibraltar,NA,2021-01,378.8785046728973
GI,Gibraltar,NA,2021-02,-94.53551912568308
GI,Gibraltar,NA,2021-03,-73.57142857142858
GI,Gibraltar,NA,2021-04,-51.35135135135135
GI,Gibraltar,NA,2021-05,-44.44444444444444
GI,Gibraltar,NA,2021-06,350
GI,Gibraltar,NA,2021-07,822.2222222222222
GI,Gibraltar,NA,2021-08,37.34939759036144
GI,Gibraltar,NA,2021-09,-68.59649122807018
GI,Gibraltar,NA,2021-10,163.68715083798884
GI,Gibraltar,NA,2021-11,151.6949152542373
GI,Gibraltar,NA,2021-12,-17.50841750841751
GI,Gibraltar,NA,2022-01,370.4081632653061
GI,Gibraltar,NA,2022-02,-44.4468546637744
GI,Gibraltar,NA,2022-03,-49.746192893401016
GI,Gibraltar,NA,2022-04,-10.1010101010101
GI,Gibraltar,NA,2022-05,-42.09161624891962
GI,Gibraltar,NA,2022-06,31.19402985074627
GI,Gibraltar,NA,2022-07,-32.195676905574516
GI,Gibraltar,NA,2022-08,-75.33557046979867
GI,Gibraltar,NA,2022-09,-70.74829931972789
GI,Gibraltar,NA,2022-10,-32.55813953488372
GI,Gibraltar,NA,2022-11,148.27586206896552
GI,Gibraltar,NA,2022-12,13.88888888888889
GI,Gibraltar,NA,2023-01,51.21951219512195
GI,Gibraltar,NA,2023-02,-80.64516129032258
GI,Gibraltar,NA,2023-03,62.5
GI,Gibraltar,NA,2023-04,125.64102564102564
GI,Gibraltar,NA,2023-05,-100
GI,Gibraltar,NA,2023-06,NA
GI,Gibraltar,NA,2023-07,NA
GI,Gibraltar,NA,2023-08,NA
GI,Gibraltar,NA,2023-09,NA
GI,Gibraltar,NA,2023-10,NA
GI,Gibraltar,NA,2023-11,NA
GI,Gibraltar,NA,2023-12,NA
GI,Gibraltar,NA,2024-01,NA
GI,Gibraltar,NA,2024-02,NA
GI,Gibraltar,NA,2024-03,NA
GI,Gibraltar,NA,2024-04,NA
GI,Gibraltar,NA,2024-05,NA
GI,Gibraltar,NA,2024-06,NA
GI,Gibraltar,NA,2024-07,NA
GI,Gibraltar,NA,2024-08,NA
GI,Gibraltar,NA,2024-09,NA
GI,Gibraltar,NA,2024-10,NA
GI,Gibraltar,NA,2024-11,NA
GI,Gibraltar,NA,2024-12,NA
GI,Gibraltar,NA,2025-01,NA
GI,Gibraltar,NA,2025-02,NA
GI,Gibraltar,NA,2025-03,NA
GI,Gibraltar,NA,2025-04,NA
GI,Gibraltar,NA,2025-05,NA
GL,Greenland,EURO,2020-01,NA
GL,Greenland,EURO,2020-02,NA
GL,Greenland,EURO,2020-03,Inf
GL,Greenland,EURO,2020-04,-90
GL,Greenland,EURO,2020-05,100
GL,Greenland,EURO,2020-06,-100
GL,Greenland,EURO,2020-07,NA
GL,Greenland,EURO,2020-08,Inf
GL,Greenland,EURO,2020-09,-100
GL,Greenland,EURO,2020-10,Inf
GL,Greenland,EURO,2020-11,-66.66666666666666
GL,Greenland,EURO,2020-12,700
GL,Greenland,EURO,2021-01,-50
GL,Greenland,EURO,2021-02,-100
GL,Greenland,EURO,2021-03,Inf
GL,Greenland,EURO,2021-04,-100
GL,Greenland,EURO,2021-05,Inf
GL,Greenland,EURO,2021-06,11.11111111111111
GL,Greenland,EURO,2021-07,320
GL,Greenland,EURO,2021-08,464.28571428571433
GL,Greenland,EURO,2021-09,-5.485232067510549
GL,Greenland,EURO,2021-10,9.821428571428571
GL,Greenland,EURO,2021-11,86.58536585365853
GL,Greenland,EURO,2021-12,92.37472766884532
GL,Greenland,EURO,2022-01,861.0419026047564
GL,Greenland,EURO,2022-02,-87.06104171576715
GL,Greenland,EURO,2022-03,-77.59562841530054
GL,Greenland,EURO,2022-04,-100
GL,Greenland,EURO,2022-05,NA
GL,Greenland,EURO,2022-06,NA
GL,Greenland,EURO,2022-07,NA
GL,Greenland,EURO,2022-08,NA
GL,Greenland,EURO,2022-09,NA
GL,Greenland,EURO,2022-10,NA
GL,Greenland,EURO,2022-11,NA
GL,Greenland,EURO,2022-12,NA
GL,Greenland,EURO,2023-01,NA
GL,Greenland,EURO,2023-02,NA
GL,Greenland,EURO,2023-03,NA
GL,Greenland,EURO,2023-04,NA
GL,Greenland,EURO,2023-05,NA
GL,Greenland,EURO,2023-06,NA
GL,Greenland,EURO,2023-07,NA
GL,Greenland,EURO,2023-08,NA
GL,Greenland,EURO,2023-09,NA
GL,Greenland,EURO,2023-10,NA
GL,Greenland,EURO,2023-11,NA
GL,Greenland,EURO,2023-12,NA
GL,Greenland,EURO,2024-01,NA
GL,Greenland,EURO,2024-02,NA
GL,Greenland,EURO,2024-03,NA
GL,Greenland,EURO,2024-04,NA
GL,Greenland,EURO,2024-05,NA
GL,Greenland,EURO,2024-06,NA
GL,Greenland,EURO,2024-07,NA
GL,Greenland,EURO,2024-08,NA
GL,Greenland,EURO,2024-09,NA
GL,Greenland,EURO,2024-10,NA
GL,Greenland,EURO,2024-11,NA
GL,Greenland,EURO,2024-12,NA
GL,Greenland,EURO,2025-01,NA
GL,Greenland,EURO,2025-02,NA
GL,Greenland,EURO,2025-03,NA
GL,Greenland,EURO,2025-04,NA
GL,Greenland,EURO,2025-05,NA
GM,Gambia,AFRO,2020-01,NA
GM,Gambia,AFRO,2020-02,NA
GM,Gambia,AFRO,2020-03,Inf
GM,Gambia,AFRO,2020-04,133.33333333333331
GM,Gambia,AFRO,2020-05,114.28571428571428
GM,Gambia,AFRO,2020-06,33.33333333333333
GM,Gambia,AFRO,2020-07,1060
GM,Gambia,AFRO,2020-08,1057.7586206896551
GM,Gambia,AFRO,2020-09,-77.4385703648548
GM,Gambia,AFRO,2020-10,-84.98349834983499
GM,Gambia,AFRO,2020-11,-18.68131868131868
GM,Gambia,AFRO,2020-12,-21.62162162162162
GM,Gambia,AFRO,2021-01,413.7931034482759
GM,Gambia,AFRO,2021-02,108.7248322147651
GM,Gambia,AFRO,2021-03,13.826366559485532
GM,Gambia,AFRO,2021-04,-38.27683615819209
GM,Gambia,AFRO,2021-05,-68.8787185354691
GM,Gambia,AFRO,2021-06,-44.11764705882353
GM,Gambia,AFRO,2021-07,1563.157894736842
GM,Gambia,AFRO,2021-08,87.10443037974683
GM,Gambia,AFRO,2021-09,-90.19027484143764
GM,Gambia,AFRO,2021-10,-84.05172413793103
GM,Gambia,AFRO,2021-11,-32.432432432432435
GM,Gambia,AFRO,2021-12,476
GM,Gambia,AFRO,2022-01,1099.3055555555554
GM,Gambia,AFRO,2022-02,-95.59930515344529
GM,Gambia,AFRO,2022-03,-35.526315789473685
GM,Gambia,AFRO,2022-04,-85.71428571428571
GM,Gambia,AFRO,2022-05,14.285714285714285
GM,Gambia,AFRO,2022-06,-25
GM,Gambia,AFRO,2022-07,2233.333333333333
GM,Gambia,AFRO,2022-08,65
GM,Gambia,AFRO,2022-09,-73.16017316017316
GM,Gambia,AFRO,2022-10,95.16129032258064
GM,Gambia,AFRO,2022-11,-80.99173553719008
GM,Gambia,AFRO,2022-12,-100
GM,Gambia,AFRO,2023-01,NA
GM,Gambia,AFRO,2023-02,Inf
GM,Gambia,AFRO,2023-03,0
GM,Gambia,AFRO,2023-04,100
GM,Gambia,AFRO,2023-05,-100
GM,Gambia,AFRO,2023-06,NA
GM,Gambia,AFRO,2023-07,NA
GM,Gambia,AFRO,2023-08,NA
GM,Gambia,AFRO,2023-09,NA
GM,Gambia,AFRO,2023-10,NA
GM,Gambia,AFRO,2023-11,NA
GM,Gambia,AFRO,2023-12,NA
GM,Gambia,AFRO,2024-01,NA
GM,Gambia,AFRO,2024-02,NA
GM,Gambia,AFRO,2024-03,NA
GM,Gambia,AFRO,2024-04,NA
GM,Gambia,AFRO,2024-05,Inf
GM,Gambia,AFRO,2024-06,-100
GM,Gambia,AFRO,2024-07,NA
GM,Gambia,AFRO,2024-08,NA
GM,Gambia,AFRO,2024-09,NA
GM,Gambia,AFRO,2024-10,NA
GM,Gambia,AFRO,2024-11,NA
GM,Gambia,AFRO,2024-12,NA
GM,Gambia,AFRO,2025-01,NA
GM,Gambia,AFRO,2025-02,NA
GM,Gambia,AFRO,2025-03,NA
GM,Gambia,AFRO,2025-04,NA
GM,Gambia,AFRO,2025-05,NA
GN,Guinea,AFRO,2020-01,NA
GN,Guinea,AFRO,2020-02,NA
GN,Guinea,AFRO,2020-03,Inf
GN,Guinea,AFRO,2020-04,11955.555555555557
GN,Guinea,AFRO,2020-05,140.7373271889401
GN,Guinea,AFRO,2020-06,-39.31852986217458
GN,Guinea,AFRO,2020-07,3.2176656151419554
GN,Guinea,AFRO,2020-08,42.053789731051346
GN,Guinea,AFRO,2020-09,-44.19104991394149
GN,Guinea,AFRO,2020-10,-13.569776407093292
GN,Guinea,AFRO,2020-11,22.21231043710972
GN,Guinea,AFRO,2020-12,-53.64963503649635
GN,Guinea,AFRO,2021-01,35.118110236220474
GN,Guinea,AFRO,2021-02,70.16317016317016
GN,Guinea,AFRO,2021-03,151.91780821917808
GN,Guinea,AFRO,2021-04,-37.92822185970636
GN,Guinea,AFRO,2021-05,-46.60534384581691
GN,Guinea,AFRO,2021-06,-57.34208367514356
GN,Guinea,AFRO,2021-07,150.19230769230768
GN,Guinea,AFRO,2021-08,238.739431206764
GN,Guinea,AFRO,2021-09,-78.12570909916042
GN,Guinea,AFRO,2021-10,-70.0207468879668
GN,Guinea,AFRO,2021-11,-61.93771626297578
GN,Guinea,AFRO,2021-12,233.63636363636363
GN,Guinea,AFRO,2022-01,1230.517711171662
GN,Guinea,AFRO,2022-02,-92.21789883268482
GN,Guinea,AFRO,2022-03,-82.63157894736842
GN,Guinea,AFRO,2022-04,36.36363636363637
GN,Guinea,AFRO,2022-05,138.88888888888889
GN,Guinea,AFRO,2022-06,66.97674418604652
GN,Guinea,AFRO,2022-07,-14.763231197771589
GN,Guinea,AFRO,2022-08,-54.90196078431373
GN,Guinea,AFRO,2022-09,147.82608695652172
GN,Guinea,AFRO,2022-10,-37.719298245614034
GN,Guinea,AFRO,2022-11,-74.64788732394366
GN,Guinea,AFRO,2022-12,-35.18518518518518
GN,Guinea,AFRO,2023-01,25.71428571428571
GN,Guinea,AFRO,2023-02,-43.18181818181818
GN,Guinea,AFRO,2023-03,380
GN,Guinea,AFRO,2023-04,35.833333333333336
GN,Guinea,AFRO,2023-05,-100
GN,Guinea,AFRO,2023-06,NA
GN,Guinea,AFRO,2023-07,NA
GN,Guinea,AFRO,2023-08,NA
GN,Guinea,AFRO,2023-09,NA
GN,Guinea,AFRO,2023-10,Inf
GN,Guinea,AFRO,2023-11,-20
GN,Guinea,AFRO,2023-12,-100
GN,Guinea,AFRO,2024-01,NA
GN,Guinea,AFRO,2024-02,NA
GN,Guinea,AFRO,2024-03,NA
GN,Guinea,AFRO,2024-04,NA
GN,Guinea,AFRO,2024-05,NA
GN,Guinea,AFRO,2024-06,NA
GN,Guinea,AFRO,2024-07,NA
GN,Guinea,AFRO,2024-08,Inf
GN,Guinea,AFRO,2024-09,200
GN,Guinea,AFRO,2024-10,100
GN,Guinea,AFRO,2024-11,-100
GN,Guinea,AFRO,2024-12,NA
GN,Guinea,AFRO,2025-01,NA
GN,Guinea,AFRO,2025-02,NA
GN,Guinea,AFRO,2025-03,NA
GN,Guinea,AFRO,2025-04,Inf
GN,Guinea,AFRO,2025-05,-100
GP,Guadeloupe,NA,2020-01,NA
GP,Guadeloupe,NA,2020-02,NA
GP,Guadeloupe,NA,2020-03,Inf
GP,Guadeloupe,NA,2020-04,-44.79166666666667
GP,Guadeloupe,NA,2020-05,-75.47169811320755
GP,Guadeloupe,NA,2020-06,53.84615384615385
GP,Guadeloupe,NA,2020-07,5
GP,Guadeloupe,NA,2020-08,3385.7142857142853
GP,Guadeloupe,NA,2020-09,449.0437158469946
GP,Guadeloupe,NA,2020-10,-37.29783528240856
GP,Guadeloupe,NA,2020-11,-65.47619047619048
GP,Guadeloupe,NA,2020-12,-68.27586206896552
GP,Guadeloupe,NA,2021-01,94.20289855072464
GP,Guadeloupe,NA,2021-02,51.49253731343284
GP,Guadeloupe,NA,2021-03,90.14778325123152
GP,Guadeloupe,NA,2021-04,46.24352331606217
GP,Guadeloupe,NA,2021-05,37.46678476527901
GP,Guadeloupe,NA,2021-06,-78.57603092783505
GP,Guadeloupe,NA,2021-07,16.390977443609025
GP,Guadeloupe,NA,2021-08,3398.7080103359176
GP,Guadeloupe,NA,2021-09,-71.51772525849334
GP,Guadeloupe,NA,2021-10,-82.2637106184364
GP,Guadeloupe,NA,2021-11,-55.70175438596491
GP,Guadeloupe,NA,2021-12,17.986798679867988
GP,Guadeloupe,NA,2022-01,6666.993006993008
GP,Guadeloupe,NA,2022-02,-57.942708333333336
GP,Guadeloupe,NA,2022-03,-43.7171359771979
GP,Guadeloupe,NA,2022-04,1.5105212608050291
GP,Guadeloupe,NA,2022-05,9.7195940134182
GP,Guadeloupe,NA,2022-06,-34.53276889306993
GP,Guadeloupe,NA,2022-07,111.543527721231
GP,Guadeloupe,NA,2022-08,-68.20446054568097
GP,Guadeloupe,NA,2022-09,-51.71799893181414
GP,Guadeloupe,NA,2022-10,-42.44100294985251
GP,Guadeloupe,NA,2022-11,-21.58872517616912
GP,Guadeloupe,NA,2022-12,103.75816993464052
GP,Guadeloupe,NA,2023-01,-36.84843624699278
GP,Guadeloupe,NA,2023-02,-80.6984126984127
GP,Guadeloupe,NA,2023-03,-2.631578947368421
GP,Guadeloupe,NA,2023-04,65.54054054054053
GP,Guadeloupe,NA,2023-05,-62.65306122448979
GP,Guadeloupe,NA,2023-06,118.0327868852459
GP,Guadeloupe,NA,2023-07,-100
GP,Guadeloupe,NA,2023-08,NA
GP,Guadeloupe,NA,2023-09,NA
GP,Guadeloupe,NA,2023-10,NA
GP,Guadeloupe,NA,2023-11,NA
GP,Guadeloupe,NA,2023-12,NA
GP,Guadeloupe,NA,2024-01,NA
GP,Guadeloupe,NA,2024-02,NA
GP,Guadeloupe,NA,2024-03,NA
GP,Guadeloupe,NA,2024-04,NA
GP,Guadeloupe,NA,2024-05,NA
GP,Guadeloupe,NA,2024-06,NA
GP,Guadeloupe,NA,2024-07,NA
GP,Guadeloupe,NA,2024-08,NA
GP,Guadeloupe,NA,2024-09,NA
GP,Guadeloupe,NA,2024-10,NA
GP,Guadeloupe,NA,2024-11,NA
GP,Guadeloupe,NA,2024-12,NA
GP,Guadeloupe,NA,2025-01,NA
GP,Guadeloupe,NA,2025-02,NA
GP,Guadeloupe,NA,2025-03,NA
GP,Guadeloupe,NA,2025-04,NA
GP,Guadeloupe,NA,2025-05,NA
GQ,Equatorial Guinea,AFRO,2020-01,NA
GQ,Equatorial Guinea,AFRO,2020-02,NA
GQ,Equatorial Guinea,AFRO,2020-03,Inf
GQ,Equatorial Guinea,AFRO,2020-04,1992.3076923076924
GQ,Equatorial Guinea,AFRO,2020-05,430.5147058823529
GQ,Equatorial Guinea,AFRO,2020-06,21.067221067221062
GQ,Equatorial Guinea,AFRO,2020-07,-25.414997137950778
GQ,Equatorial Guinea,AFRO,2020-08,-87.49040675364543
GQ,Equatorial Guinea,AFRO,2020-09,-46.62576687116564
GQ,Equatorial Guinea,AFRO,2020-10,-41.37931034482759
GQ,Equatorial Guinea,AFRO,2020-11,45.09803921568628
GQ,Equatorial Guinea,AFRO,2020-12,12.162162162162163
GQ,Equatorial Guinea,AFRO,2021-01,259.0361445783132
GQ,Equatorial Guinea,AFRO,2021-02,88.25503355704699
GQ,Equatorial Guinea,AFRO,2021-03,45.98930481283423
GQ,Equatorial Guinea,AFRO,2021-04,-21.245421245421245
GQ,Equatorial Guinea,AFRO,2021-05,50.3875968992248
GQ,Equatorial Guinea,AFRO,2021-06,-80
GQ,Equatorial Guinea,AFRO,2021-07,-19.072164948453608
GQ,Equatorial Guinea,AFRO,2021-08,184.0764331210191
GQ,Equatorial Guinea,AFRO,2021-09,456.0538116591928
GQ,Equatorial Guinea,AFRO,2021-10,-36.65322580645161
GQ,Equatorial Guinea,AFRO,2021-11,-87.14194780394652
GQ,Equatorial Guinea,AFRO,2021-12,-74.75247524752476
GQ,Equatorial Guinea,AFRO,2022-01,4158.823529411765
GQ,Equatorial Guinea,AFRO,2022-02,-96.22467771639045
GQ,Equatorial Guinea,AFRO,2022-03,-76.82926829268293
GQ,Equatorial Guinea,AFRO,2022-04,-78.94736842105263
GQ,Equatorial Guinea,AFRO,2022-05,250
GQ,Equatorial Guinea,AFRO,2022-06,428.57142857142856
GQ,Equatorial Guinea,AFRO,2022-07,908.108108108108
GQ,Equatorial Guinea,AFRO,2022-08,-84.98659517426273
GQ,Equatorial Guinea,AFRO,2022-09,-46.42857142857143
GQ,Equatorial Guinea,AFRO,2022-10,171.66666666666666
GQ,Equatorial Guinea,AFRO,2022-11,-93.86503067484662
GQ,Equatorial Guinea,AFRO,2022-12,-70
GQ,Equatorial Guinea,AFRO,2023-01,33.33333333333333
GQ,Equatorial Guinea,AFRO,2023-02,825
GQ,Equatorial Guinea,AFRO,2023-03,-100
GQ,Equatorial Guinea,AFRO,2023-04,NA
GQ,Equatorial Guinea,AFRO,2023-05,NA
GQ,Equatorial Guinea,AFRO,2023-06,NA
GQ,Equatorial Guinea,AFRO,2023-07,NA
GQ,Equatorial Guinea,AFRO,2023-08,NA
GQ,Equatorial Guinea,AFRO,2023-09,NA
GQ,Equatorial Guinea,AFRO,2023-10,NA
GQ,Equatorial Guinea,AFRO,2023-11,NA
GQ,Equatorial Guinea,AFRO,2023-12,NA
GQ,Equatorial Guinea,AFRO,2024-01,NA
GQ,Equatorial Guinea,AFRO,2024-02,NA
GQ,Equatorial Guinea,AFRO,2024-03,NA
GQ,Equatorial Guinea,AFRO,2024-04,NA
GQ,Equatorial Guinea,AFRO,2024-05,NA
GQ,Equatorial Guinea,AFRO,2024-06,NA
GQ,Equatorial Guinea,AFRO,2024-07,NA
GQ,Equatorial Guinea,AFRO,2024-08,NA
GQ,Equatorial Guinea,AFRO,2024-09,NA
GQ,Equatorial Guinea,AFRO,2024-10,NA
GQ,Equatorial Guinea,AFRO,2024-11,NA
GQ,Equatorial Guinea,AFRO,2024-12,NA
GQ,Equatorial Guinea,AFRO,2025-01,NA
GQ,Equatorial Guinea,AFRO,2025-02,NA
GQ,Equatorial Guinea,AFRO,2025-03,NA
GQ,Equatorial Guinea,AFRO,2025-04,NA
GQ,Equatorial Guinea,AFRO,2025-05,NA
GR,Greece,EURO,2020-01,NA
GR,Greece,EURO,2020-02,NA
GR,Greece,EURO,2020-03,Inf
GR,Greece,EURO,2020-04,-6.606606606606606
GR,Greece,EURO,2020-05,-67.68488745980707
GR,Greece,EURO,2020-06,21.393034825870647
GR,Greece,EURO,2020-07,81.14754098360656
GR,Greece,EURO,2020-08,618.0995475113123
GR,Greece,EURO,2020-09,18.85633270321361
GR,Greece,EURO,2020-10,92.75016567263089
GR,Greece,EURO,2020-11,434.3326686378326
GR,Greece,EURO,2020-12,-62.42600504452566
GR,Greece,EURO,2021-01,-26.20384957873827
GR,Greece,EURO,2021-02,66.71926486285794
GR,Greece,EURO,2021-03,83.04150544219581
GR,Greece,EURO,2021-04,23.33242084131764
GR,Greece,EURO,2021-05,-15.502614185656505
GR,Greece,EURO,2021-06,-73.59611231101512
GR,Greece,EURO,2021-07,203.310672635826
GR,Greece,EURO,2021-08,90.9162141477459
GR,Greece,EURO,2021-09,-41.14401886018078
GR,Greece,EURO,2021-10,57.686818889465485
GR,Greece,EURO,2021-11,87.03463737710312
GR,Greece,EURO,2021-12,-15.297610865202213
GR,Greece,EURO,2022-01,450.8062631455947
GR,Greece,EURO,2022-02,-43.61414004271147
GR,Greece,EURO,2022-03,10.690494852902754
GR,Greece,EURO,2022-04,-34.09835508364317
GR,Greece,EURO,2022-05,-53.92955793189606
GR,Greece,EURO,2022-06,9.695616479251669
GR,Greece,EURO,2022-07,218.39056998520184
GR,Greece,EURO,2022-08,-60.49345122027228
GR,Greece,EURO,2022-09,-46.927893045332226
GR,Greece,EURO,2022-10,75.87926041056217
GR,Greece,EURO,2022-11,-23.207714818284543
GR,Greece,EURO,2022-12,-19.38839035862737
GR,Greece,EURO,2023-01,15.751495814838796
GR,Greece,EURO,2023-02,-65.4583072184819
GR,Greece,EURO,2023-03,-24.798064541304093
GR,Greece,EURO,2023-04,-7.365608136156081
GR,Greece,EURO,2023-05,-22.825934743033187
GR,Greece,EURO,2023-06,-55.58700780257666
GR,Greece,EURO,2023-07,-4.518712207877104
GR,Greece,EURO,2023-08,93.05091998288404
GR,Greece,EURO,2023-09,54.663534001241246
GR,Greece,EURO,2023-10,67.8208031184614
GR,Greece,EURO,2023-11,-43.317791327219005
GR,Greece,EURO,2023-12,118.90442328552489
GR,Greece,EURO,2024-01,-42.79834824501032
GR,Greece,EURO,2024-02,-72.94559280025025
GR,Greece,EURO,2024-03,-52.076847816419104
GR,Greece,EURO,2024-04,-16.01707498144024
GR,Greece,EURO,2024-05,-37.25966850828729
GR,Greece,EURO,2024-06,313.98379711165904
GR,Greece,EURO,2024-07,71.95609631583424
GR,Greece,EURO,2024-08,3.7803067788223648
GR,Greece,EURO,2024-09,6.665395251263469
GR,Greece,EURO,2024-10,-25.254782764169494
GR,Greece,EURO,2024-11,-30.77981102738907
GR,Greece,EURO,2024-12,11.092872570194384
GR,Greece,EURO,2025-01,-32.8874718096275
GR,Greece,EURO,2025-02,-68.91077636152954
GR,Greece,EURO,2025-03,14.647782333209095
GR,Greece,EURO,2025-04,-32.41222366710013
GR,Greece,EURO,2025-05,-42.42424242424242
GT,Guatemala,AMRO,2020-01,NA
GT,Guatemala,AMRO,2020-02,NA
GT,Guatemala,AMRO,2020-03,Inf
GT,Guatemala,AMRO,2020-04,358.4415584415584
GT,Guatemala,AMRO,2020-05,1083.28611898017
GT,Guatemala,AMRO,2020-06,168.6377783097917
GT,Guatemala,AMRO,2020-07,155.4496034221549
GT,Guatemala,AMRO,2020-08,1.824588333798493
GT,Guatemala,AMRO,2020-09,-45.10227155925583
GT,Guatemala,AMRO,2020-10,-6.8214441739998755
GT,Guatemala,AMRO,2020-11,14.976557267247154
GT,Guatemala,AMRO,2020-12,-22.09600372830013
GT,Guatemala,AMRO,2021-01,79.06976744186046
GT,Guatemala,AMRO,2021-02,-36.45550590888212
GT,Guatemala,AMRO,2021-03,22.987448248669253
GT,Guatemala,AMRO,2021-04,50.98584023510553
GT,Guatemala,AMRO,2021-05,15.121916693208762
GT,Guatemala,AMRO,2021-06,13.787273286197358
GT,Guatemala,AMRO,2021-07,61.999189517763064
GT,Guatemala,AMRO,2021-08,88.34133813621506
GT,Guatemala,AMRO,2021-09,-24.86873212499004
GT,Guatemala,AMRO,2021-10,-37.77563022238984
GT,Guatemala,AMRO,2021-11,-69.5196787757112
GT,Guatemala,AMRO,2021-12,-53.18461442863357
GT,Guatemala,AMRO,2022-01,703.1988319617733
GT,Guatemala,AMRO,2022-02,45.47783120982268
GT,Guatemala,AMRO,2022-03,-43.69157020662706
GT,Guatemala,AMRO,2022-04,-63.29231389953601
GT,Guatemala,AMRO,2022-05,-1.2420312156517916
GT,Guatemala,AMRO,2022-06,87.86867000556484
GT,Guatemala,AMRO,2022-07,328.5545023696682
GT,Guatemala,AMRO,2022-08,-59.37309925352502
GT,Guatemala,AMRO,2022-09,-61.30080470916484
GT,Guatemala,AMRO,2022-10,-9.57928518046336
GT,Guatemala,AMRO,2022-11,-37.02353169972773
GT,Guatemala,AMRO,2022-12,230.78051416660236
GT,Guatemala,AMRO,2023-01,-27.916258227139057
GT,Guatemala,AMRO,2023-02,-71.12514165452485
GT,Guatemala,AMRO,2023-03,-23.58152052029603
GT,Guatemala,AMRO,2023-04,-13.294203961848863
GT,Guatemala,AMRO,2023-05,-64.44406837028261
GT,Guatemala,AMRO,2023-06,-99.71442170395048
GT,Guatemala,AMRO,2023-07,100
GT,Guatemala,AMRO,2023-08,-25
GT,Guatemala,AMRO,2023-09,-55.55555555555556
GT,Guatemala,AMRO,2023-10,-100
GT,Guatemala,AMRO,2023-11,Inf
GT,Guatemala,AMRO,2023-12,200
GT,Guatemala,AMRO,2024-01,366.66666666666663
GT,Guatemala,AMRO,2024-02,0
GT,Guatemala,AMRO,2024-03,-14.285714285714285
GT,Guatemala,AMRO,2024-04,-25
GT,Guatemala,AMRO,2024-05,-66.66666666666666
GT,Guatemala,AMRO,2024-06,66.66666666666666
GT,Guatemala,AMRO,2024-07,20
GT,Guatemala,AMRO,2024-08,150
GT,Guatemala,AMRO,2024-09,-46.666666666666664
GT,Guatemala,AMRO,2024-10,-100
GT,Guatemala,AMRO,2024-11,Inf
GT,Guatemala,AMRO,2024-12,-100
GT,Guatemala,AMRO,2025-01,Inf
GT,Guatemala,AMRO,2025-02,55.2
GT,Guatemala,AMRO,2025-03,330.4123711340206
GT,Guatemala,AMRO,2025-04,-31.257485029940117
GT,Guatemala,AMRO,2025-05,-63.58885017421603
GU,Guam,WPRO,2020-01,NA
GU,Guam,WPRO,2020-02,NA
GU,Guam,WPRO,2020-03,Inf
GU,Guam,WPRO,2020-04,49.09090909090909
GU,Guam,WPRO,2020-05,-64.63414634146342
GU,Guam,WPRO,2020-06,155.17241379310346
GU,Guam,WPRO,2020-07,20.27027027027027
GU,Guam,WPRO,2020-08,1034.8314606741574
GU,Guam,WPRO,2020-09,0.49504950495049505
GU,Guam,WPRO,2020-10,77.4384236453202
GU,Guam,WPRO,2020-11,38.811771238201
GU,Guam,WPRO,2020-12,-82.44
GU,Guam,WPRO,2021-01,-34.851936218678816
GU,Guam,WPRO,2021-02,-48.6013986013986
GU,Guam,WPRO,2021-03,-57.14285714285714
GU,Guam,WPRO,2021-04,69.84126984126983
GU,Guam,WPRO,2021-05,106.54205607476636
GU,Guam,WPRO,2021-06,-30.316742081447963
GU,Guam,WPRO,2021-07,3.896103896103896
GU,Guam,WPRO,2021-08,802.5
GU,Guam,WPRO,2021-09,99.7229916897507
GU,Guam,WPRO,2021-10,-25.312066574202497
GU,Guam,WPRO,2021-11,-81.10492107706592
GU,Guam,WPRO,2021-12,-65.84766584766585
GU,Guam,WPRO,2022-01,7351.079136690648
GU,Guam,WPRO,2022-02,12.802935212899488
GU,Guam,WPRO,2022-03,-79.93666010442523
GU,Guam,WPRO,2022-04,-68.98464163822526
GU,Guam,WPRO,2022-05,23.24621733149931
GU,Guam,WPRO,2022-06,101.5625
GU,Guam,WPRO,2022-07,72.09302325581395
GU,Guam,WPRO,2022-08,-35.489060489060485
GU,Guam,WPRO,2022-09,-65.8852867830424
GU,Guam,WPRO,2022-10,-62.42690058479532
GU,Guam,WPRO,2022-11,75.09727626459144
GU,Guam,WPRO,2022-12,-19.77777777777778
GU,Guam,WPRO,2023-01,93.07479224376732
GU,Guam,WPRO,2023-02,-70.58823529411765
GU,Guam,WPRO,2023-03,-34.63414634146341
GU,Guam,WPRO,2023-04,52.98507462686567
GU,Guam,WPRO,2023-05,27.31707317073171
GU,Guam,WPRO,2023-06,-29.88505747126437
GU,Guam,WPRO,2023-07,-10.92896174863388
GU,Guam,WPRO,2023-08,-63.80368098159509
GU,Guam,WPRO,2023-09,162.71186440677968
GU,Guam,WPRO,2023-10,-61.29032258064516
GU,Guam,WPRO,2023-11,111.66666666666669
GU,Guam,WPRO,2023-12,-21.25984251968504
GU,Guam,WPRO,2024-01,-100
GU,Guam,WPRO,2024-02,NA
GU,Guam,WPRO,2024-03,NA
GU,Guam,WPRO,2024-04,NA
GU,Guam,WPRO,2024-05,NA
GU,Guam,WPRO,2024-06,NA
GU,Guam,WPRO,2024-07,NA
GU,Guam,WPRO,2024-08,NA
GU,Guam,WPRO,2024-09,NA
GU,Guam,WPRO,2024-10,NA
GU,Guam,WPRO,2024-11,NA
GU,Guam,WPRO,2024-12,NA
GU,Guam,WPRO,2025-01,NA
GU,Guam,WPRO,2025-02,NA
GU,Guam,WPRO,2025-03,NA
GU,Guam,WPRO,2025-04,NA
GU,Guam,WPRO,2025-05,NA
GW,Guinea-Bissau,AFRO,2020-01,NA
GW,Guinea-Bissau,AFRO,2020-02,NA
GW,Guinea-Bissau,AFRO,2020-03,Inf
GW,Guinea-Bissau,AFRO,2020-04,2400
GW,Guinea-Bissau,AFRO,2020-05,2308
GW,Guinea-Bissau,AFRO,2020-06,-70.265780730897
GW,Guinea-Bissau,AFRO,2020-07,-5.027932960893855
GW,Guinea-Bissau,AFRO,2020-08,-42.64705882352941
GW,Guinea-Bissau,AFRO,2020-09,-10.256410256410255
GW,Guinea-Bissau,AFRO,2020-10,-54.85714285714286
GW,Guinea-Bissau,AFRO,2020-11,-75.9493670886076
GW,Guinea-Bissau,AFRO,2020-12,31.57894736842105
GW,Guinea-Bissau,AFRO,2021-01,652
GW,Guinea-Bissau,AFRO,2021-02,233.51063829787236
GW,Guinea-Bissau,AFRO,2021-03,-40.66985645933015
GW,Guinea-Bissau,AFRO,2021-04,-75.26881720430107
GW,Guinea-Bissau,AFRO,2021-05,-56.52173913043478
GW,Guinea-Bissau,AFRO,2021-06,100
GW,Guinea-Bissau,AFRO,2021-07,358.75
GW,Guinea-Bissau,AFRO,2021-08,323.1607629427793
GW,Guinea-Bissau,AFRO,2021-09,-78.30006439150033
GW,Guinea-Bissau,AFRO,2021-10,-90.80118694362018
GW,Guinea-Bissau,AFRO,2021-11,887.0967741935484
GW,Guinea-Bissau,AFRO,2021-12,-91.5032679738562
GW,Guinea-Bissau,AFRO,2022-01,4207.692307692308
GW,Guinea-Bissau,AFRO,2022-02,-62.94642857142857
GW,Guinea-Bissau,AFRO,2022-03,-68.67469879518072
GW,Guinea-Bissau,AFRO,2022-04,-57.692307692307686
GW,Guinea-Bissau,AFRO,2022-05,50.90909090909091
GW,Guinea-Bissau,AFRO,2022-06,-4.819277108433735
GW,Guinea-Bissau,AFRO,2022-07,16.455696202531644
GW,Guinea-Bissau,AFRO,2022-08,-44.565217391304344
GW,Guinea-Bissau,AFRO,2022-09,533.3333333333333
GW,Guinea-Bissau,AFRO,2022-10,-89.47368421052632
GW,Guinea-Bissau,AFRO,2022-11,-100
GW,Guinea-Bissau,AFRO,2022-12,Inf
GW,Guinea-Bissau,AFRO,2023-01,-93.93939393939394
GW,Guinea-Bissau,AFRO,2023-02,16.666666666666664
GW,Guinea-Bissau,AFRO,2023-03,5471.428571428572
GW,Guinea-Bissau,AFRO,2023-04,-32.30769230769231
GW,Guinea-Bissau,AFRO,2023-05,-100
GW,Guinea-Bissau,AFRO,2023-06,NA
GW,Guinea-Bissau,AFRO,2023-07,NA
GW,Guinea-Bissau,AFRO,2023-08,NA
GW,Guinea-Bissau,AFRO,2023-09,NA
GW,Guinea-Bissau,AFRO,2023-10,NA
GW,Guinea-Bissau,AFRO,2023-11,NA
GW,Guinea-Bissau,AFRO,2023-12,NA
GW,Guinea-Bissau,AFRO,2024-01,NA
GW,Guinea-Bissau,AFRO,2024-02,NA
GW,Guinea-Bissau,AFRO,2024-03,NA
GW,Guinea-Bissau,AFRO,2024-04,NA
GW,Guinea-Bissau,AFRO,2024-05,NA
GW,Guinea-Bissau,AFRO,2024-06,NA
GW,Guinea-Bissau,AFRO,2024-07,NA
GW,Guinea-Bissau,AFRO,2024-08,NA
GW,Guinea-Bissau,AFRO,2024-09,NA
GW,Guinea-Bissau,AFRO,2024-10,NA
GW,Guinea-Bissau,AFRO,2024-11,NA
GW,Guinea-Bissau,AFRO,2024-12,NA
GW,Guinea-Bissau,AFRO,2025-01,NA
GW,Guinea-Bissau,AFRO,2025-02,NA
GW,Guinea-Bissau,AFRO,2025-03,NA
GW,Guinea-Bissau,AFRO,2025-04,NA
GW,Guinea-Bissau,AFRO,2025-05,NA
GY,Guyana,AMRO,2020-01,NA
GY,Guyana,AMRO,2020-02,NA
GY,Guyana,AMRO,2020-03,Inf
GY,Guyana,AMRO,2020-04,1260
GY,Guyana,AMRO,2020-05,13.23529411764706
GY,Guyana,AMRO,2020-06,3.896103896103896
GY,Guyana,AMRO,2020-07,52.5
GY,Guyana,AMRO,2020-08,578.688524590164
GY,Guyana,AMRO,2020-09,84.66183574879227
GY,Guyana,AMRO,2020-10,-18.181818181818183
GY,Guyana,AMRO,2020-11,7.913669064748201
GY,Guyana,AMRO,2020-12,-27.481481481481477
GY,Guyana,AMRO,2021-01,26.557711950970376
GY,Guyana,AMRO,2021-02,-20.500403551251008
GY,Guyana,AMRO,2021-03,51.675126903553306
GY,Guyana,AMRO,2021-04,63.38688085676038
GY,Guyana,AMRO,2021-05,75.1741089717329
GY,Guyana,AMRO,2021-06,-31.01028999064546
GY,Guyana,AMRO,2021-07,-26.23728813559322
GY,Guyana,AMRO,2021-08,43.244485294117645
GY,Guyana,AMRO,2021-09,83.79852422200834
GY,Guyana,AMRO,2021-10,-17.12340722639204
GY,Guyana,AMRO,2021-11,-53.26453243470935
GY,Guyana,AMRO,2021-12,-37.85488958990536
GY,Guyana,AMRO,2022-01,1345.7577955039883
GY,Guyana,AMRO,2022-02,-80.55374429452776
GY,Guyana,AMRO,2022-03,-90.53391797781792
GY,Guyana,AMRO,2022-04,-49.863760217983646
GY,Guyana,AMRO,2022-05,505.4347826086956
GY,Guyana,AMRO,2022-06,117.7737881508079
GY,Guyana,AMRO,2022-07,15.333882934872218
GY,Guyana,AMRO,2022-08,-57.18370264474625
GY,Guyana,AMRO,2022-09,-69.2821368948247
GY,Guyana,AMRO,2022-10,-66.03260869565217
GY,Guyana,AMRO,2022-11,3.2
GY,Guyana,AMRO,2022-12,240.31007751937983
GY,Guyana,AMRO,2023-01,109.11161731207288
GY,Guyana,AMRO,2023-02,-84.31372549019608
GY,Guyana,AMRO,2023-03,-66.66666666666666
GY,Guyana,AMRO,2023-04,0
GY,Guyana,AMRO,2023-05,52.083333333333336
GY,Guyana,AMRO,2023-06,63.013698630136986
GY,Guyana,AMRO,2023-07,79.83193277310924
GY,Guyana,AMRO,2023-08,-74.76635514018692
GY,Guyana,AMRO,2023-09,-42.592592592592595
GY,Guyana,AMRO,2023-10,-45.16129032258064
GY,Guyana,AMRO,2023-11,-76.47058823529412
GY,Guyana,AMRO,2023-12,125
GY,Guyana,AMRO,2024-01,288.88888888888886
GY,Guyana,AMRO,2024-02,597.1428571428571
GY,Guyana,AMRO,2024-03,-41.80327868852459
GY,Guyana,AMRO,2024-04,-88.02816901408451
GY,Guyana,AMRO,2024-05,58.82352941176471
GY,Guyana,AMRO,2024-06,507.40740740740745
GY,Guyana,AMRO,2024-07,-17.682926829268293
GY,Guyana,AMRO,2024-08,-75.55555555555556
GY,Guyana,AMRO,2024-09,-78.78787878787878
GY,Guyana,AMRO,2024-10,-42.857142857142854
GY,Guyana,AMRO,2024-11,-100
GY,Guyana,AMRO,2024-12,Inf
GY,Guyana,AMRO,2025-01,50
GY,Guyana,AMRO,2025-02,0
GY,Guyana,AMRO,2025-03,633.3333333333333
GY,Guyana,AMRO,2025-04,-50
GY,Guyana,AMRO,2025-05,-68.18181818181817
HN,Honduras,AMRO,2020-01,NA
HN,Honduras,AMRO,2020-02,NA
HN,Honduras,AMRO,2020-03,Inf
HN,Honduras,AMRO,2020-04,682.089552238806
HN,Honduras,AMRO,2020-05,719.6564885496183
HN,Honduras,AMRO,2020-06,158.62630966239814
HN,Honduras,AMRO,2020-07,94.13935902052576
HN,Honduras,AMRO,2020-08,-1.4560630651518665
HN,Honduras,AMRO,2020-09,-29.273916521575455
HN,Honduras,AMRO,2020-10,20.039920159680637
HN,Honduras,AMRO,2020-11,-15.463917525773196
HN,Honduras,AMRO,2020-12,-24.436139522685547
HN,Honduras,AMRO,2021-01,138.18655097613885
HN,Honduras,AMRO,2021-02,-16.939273614804563
HN,Honduras,AMRO,2021-03,-23.57352747686505
HN,Honduras,AMRO,2021-04,11.0926202226558
HN,Honduras,AMRO,2021-05,58.86667699777881
HN,Honduras,AMRO,2021-06,-28.798569338318973
HN,Honduras,AMRO,2021-07,29.171613846013333
HN,Honduras,AMRO,2021-08,72.39270310400904
HN,Honduras,AMRO,2021-09,-43.36074482702049
HN,Honduras,AMRO,2021-10,-55.23371592019986
HN,Honduras,AMRO,2021-11,-79.72339048851505
HN,Honduras,AMRO,2021-12,-52.73234942161946
HN,Honduras,AMRO,2022-01,980.253164556962
HN,Honduras,AMRO,2022-02,58.57354894148895
HN,Honduras,AMRO,2022-03,-58.38218631459677
HN,Honduras,AMRO,2022-04,-77.22537878787878
HN,Honduras,AMRO,2022-05,33.471933471933475
HN,Honduras,AMRO,2022-06,-31.230529595015575
HN,Honduras,AMRO,2022-07,637.3725934314836
HN,Honduras,AMRO,2022-08,8.216863769006297
HN,Honduras,AMRO,2022-09,-83.37354527391427
HN,Honduras,AMRO,2022-10,-65.94110115236876
HN,Honduras,AMRO,2022-11,11.403508771929824
HN,Honduras,AMRO,2022-12,536.8953880764903
HN,Honduras,AMRO,2023-01,21.352878841398802
HN,Honduras,AMRO,2023-02,-77.29588123999417
HN,Honduras,AMRO,2023-03,-79.03846153846153
HN,Honduras,AMRO,2023-04,-72.47706422018348
HN,Honduras,AMRO,2023-05,-32.22222222222222
HN,Honduras,AMRO,2023-06,-81.9672131147541
HN,Honduras,AMRO,2023-07,909.0909090909092
HN,Honduras,AMRO,2023-08,-83.78378378378379
HN,Honduras,AMRO,2023-09,-66.66666666666666
HN,Honduras,AMRO,2023-10,-50
HN,Honduras,AMRO,2023-11,-100
HN,Honduras,AMRO,2023-12,Inf
HN,Honduras,AMRO,2024-01,1750
HN,Honduras,AMRO,2024-02,-82.43243243243244
HN,Honduras,AMRO,2024-03,-61.53846153846154
HN,Honduras,AMRO,2024-04,0
HN,Honduras,AMRO,2024-05,-40
HN,Honduras,AMRO,2024-06,733.3333333333333
HN,Honduras,AMRO,2024-07,-4
HN,Honduras,AMRO,2024-08,-62.5
HN,Honduras,AMRO,2024-09,-44.44444444444444
HN,Honduras,AMRO,2024-10,-100
HN,Honduras,AMRO,2024-11,NA
HN,Honduras,AMRO,2024-12,Inf
HN,Honduras,AMRO,2025-01,200
HN,Honduras,AMRO,2025-02,-66.66666666666666
HN,Honduras,AMRO,2025-03,300
HN,Honduras,AMRO,2025-04,-50
HN,Honduras,AMRO,2025-05,-100
HR,Croatia,EURO,2020-01,NA
HR,Croatia,EURO,2020-02,NA
HR,Croatia,EURO,2020-03,Inf
HR,Croatia,EURO,2020-04,106.84931506849315
HR,Croatia,EURO,2020-05,-83.07579102281089
HR,Croatia,EURO,2020-06,64.34782608695652
HR,Croatia,EURO,2020-07,473.5449735449736
HR,Croatia,EURO,2020-08,133.809963099631
HR,Croatia,EURO,2020-09,21.24679423949497
HR,Croatia,EURO,2020-10,192.09241783273671
HR,Croatia,EURO,2020-11,399.8551693404635
HR,Croatia,EURO,2020-12,-10.15779971916999
HR,Croatia,EURO,2021-01,-65.54410250685322
HR,Croatia,EURO,2021-02,-62.1031031751746
HR,Croatia,EURO,2021-03,121.1836230645008
HR,Croatia,EURO,2021-04,138.2365572925614
HR,Croatia,EURO,2021-05,-37.655711993654336
HR,Croatia,EURO,2021-06,-89.43989821588642
HR,Croatia,EURO,2021-07,-20.89266155531216
HR,Croatia,EURO,2021-08,257.1478020076151
HR,Croatia,EURO,2021-09,154.3128513277767
HR,Croatia,EURO,2021-10,159.05106707317074
HR,Croatia,EURO,2021-11,95.58367046708348
HR,Croatia,EURO,2021-12,-29.95381652977104
HR,Croatia,EURO,2022-01,153.8523489932886
HR,Croatia,EURO,2022-02,-47.518612521150594
HR,Croatia,EURO,2022-03,-68.13792658746152
HR,Croatia,EURO,2022-04,-39.09182899064002
HR,Croatia,EURO,2022-05,-20.862233666985087
HR,Croatia,EURO,2022-06,-53.6895140128057
HR,Croatia,EURO,2022-07,361.7633726201269
HR,Croatia,EURO,2022-08,-37.122662347224264
HR,Croatia,EURO,2022-09,-33.040593286494925
HR,Croatia,EURO,2022-10,5.840862722238414
HR,Croatia,EURO,2022-11,-66.10122817646086
HR,Croatia,EURO,2022-12,44.272948822095856
HR,Croatia,EURO,2023-01,-35.799549549549546
HR,Croatia,EURO,2023-02,-78.96860199964918
HR,Croatia,EURO,2023-03,17.514595496246873
HR,Croatia,EURO,2023-04,63.37828246983677
HR,Croatia,EURO,2023-05,-43.78801042571677
HR,Croatia,EURO,2023-06,-77.74343122102009
HR,Croatia,EURO,2023-07,-54.513888888888886
HR,Croatia,EURO,2023-08,45.80152671755725
HR,Croatia,EURO,2023-09,313.6125654450262
HR,Croatia,EURO,2023-10,44.936708860759495
HR,Croatia,EURO,2023-11,707.3362445414848
HR,Croatia,EURO,2023-12,162.52704456945045
HR,Croatia,EURO,2024-01,-72.87786385363442
HR,Croatia,EURO,2024-02,-79.70221817076877
HR,Croatia,EURO,2024-03,-67.96407185628742
HR,Croatia,EURO,2024-04,-61.6822429906542
HR,Croatia,EURO,2024-05,78.65853658536585
HR,Croatia,EURO,2024-06,180.20477815699655
HR,Croatia,EURO,2024-07,201.5834348355664
HR,Croatia,EURO,2024-08,111.30856219709209
HR,Croatia,EURO,2024-09,171.2729357798165
HR,Croatia,EURO,2024-10,-47.375466779398295
HR,Croatia,EURO,2024-11,-65.13589503280225
HR,Croatia,EURO,2024-12,-13.287250384024576
HR,Croatia,EURO,2025-01,-33.52524357838795
HR,Croatia,EURO,2025-02,-29.11392405063291
HR,Croatia,EURO,2025-03,-49.06015037593985
HR,Croatia,EURO,2025-04,-76.93726937269373
HR,Croatia,EURO,2025-05,-64
HT,Haiti,AMRO,2020-01,NA
HT,Haiti,AMRO,2020-02,NA
HT,Haiti,AMRO,2020-03,Inf
HT,Haiti,AMRO,2020-04,700
HT,Haiti,AMRO,2020-05,2262.5
HT,Haiti,AMRO,2020-06,173.67724867724868
HT,Haiti,AMRO,2020-07,-62.83228612856452
HT,Haiti,AMRO,2020-08,-40.572171651495445
HT,Haiti,AMRO,2020-09,-44.201312910284464
HT,Haiti,AMRO,2020-10,-35.09803921568627
HT,Haiti,AMRO,2020-11,-24.773413897280967
HT,Haiti,AMRO,2020-12,133.73493975903614
HT,Haiti,AMRO,2021-01,213.74570446735396
HT,Haiti,AMRO,2021-02,-52.95728368017525
HT,Haiti,AMRO,2021-03,-68.33527357392316
HT,Haiti,AMRO,2021-04,6.985294117647059
HT,Haiti,AMRO,2021-05,570.446735395189
HT,Haiti,AMRO,2021-06,85.18708354689902
HT,Haiti,AMRO,2021-07,-59.64572377525602
HT,Haiti,AMRO,2021-08,-40.94650205761317
HT,Haiti,AMRO,2021-09,9.059233449477352
HT,Haiti,AMRO,2021-10,131.629392971246
HT,Haiti,AMRO,2021-11,-46.02298850574712
HT,Haiti,AMRO,2021-12,-39.608177172061325
HT,Haiti,AMRO,2022-01,389.4217207334274
HT,Haiti,AMRO,2022-02,-74.12103746397695
HT,Haiti,AMRO,2022-03,-79.28730512249443
HT,Haiti,AMRO,2022-04,-29.56989247311828
HT,Haiti,AMRO,2022-05,21.374045801526716
HT,Haiti,AMRO,2022-06,310.062893081761
HT,Haiti,AMRO,2022-07,43.40490797546012
HT,Haiti,AMRO,2022-08,10.909090909090908
HT,Haiti,AMRO,2022-09,-69.23818707810993
HT,Haiti,AMRO,2022-10,-78.99686520376176
HT,Haiti,AMRO,2022-11,-49.25373134328358
HT,Haiti,AMRO,2022-12,47.05882352941176
HT,Haiti,AMRO,2023-01,227.99999999999997
HT,Haiti,AMRO,2023-02,-23.17073170731707
HT,Haiti,AMRO,2023-03,-100
HT,Haiti,AMRO,2023-04,Inf
HT,Haiti,AMRO,2023-05,-100
HT,Haiti,AMRO,2023-06,NA
HT,Haiti,AMRO,2023-07,NA
HT,Haiti,AMRO,2023-08,NA
HT,Haiti,AMRO,2023-09,NA
HT,Haiti,AMRO,2023-10,NA
HT,Haiti,AMRO,2023-11,NA
HT,Haiti,AMRO,2023-12,NA
HT,Haiti,AMRO,2024-01,Inf
HT,Haiti,AMRO,2024-02,-45.97701149425287
HT,Haiti,AMRO,2024-03,-55.319148936170215
HT,Haiti,AMRO,2024-04,-47.61904761904761
HT,Haiti,AMRO,2024-05,190.9090909090909
HT,Haiti,AMRO,2024-06,3.125
HT,Haiti,AMRO,2024-07,-57.57575757575758
HT,Haiti,AMRO,2024-08,121.42857142857142
HT,Haiti,AMRO,2024-09,51.61290322580645
HT,Haiti,AMRO,2024-10,-17.02127659574468
HT,Haiti,AMRO,2024-11,164.1025641025641
HT,Haiti,AMRO,2024-12,-31.06796116504854
HT,Haiti,AMRO,2025-01,-85.91549295774648
HT,Haiti,AMRO,2025-02,10
HT,Haiti,AMRO,2025-03,-100
HT,Haiti,AMRO,2025-04,NA
HT,Haiti,AMRO,2025-05,NA
HU,Hungary,EURO,2020-01,NA
HU,Hungary,EURO,2020-02,NA
HU,Hungary,EURO,2020-03,Inf
HU,Hungary,EURO,2020-04,412.74509803921575
HU,Hungary,EURO,2020-05,-34.655831739961755
HU,Hungary,EURO,2020-06,-80.17556693489392
HU,Hungary,EURO,2020-07,9.59409594095941
HU,Hungary,EURO,2020-08,315.4882154882155
HU,Hungary,EURO,2020-09,1386.6288492706644
HU,Hungary,EURO,2020-10,92.05778141182884
HU,Hungary,EURO,2020-11,332.20844095024546
HU,Hungary,EURO,2020-12,-31.35474126608878
HU,Hungary,EURO,2021-01,-50.7083887384845
HU,Hungary,EURO,2021-02,18.41206381244421
HU,Hungary,EURO,2021-03,236.4233851802075
HU,Hungary,EURO,2021-04,-33.91031949410997
HU,Hungary,EURO,2021-05,-74.55789233139461
HU,Hungary,EURO,2021-06,-88.76397983427015
HU,Hungary,EURO,2021-07,-69.28829293450232
HU,Hungary,EURO,2021-08,118.72376154492024
HU,Hungary,EURO,2021-09,221.38195777351245
HU,Hungary,EURO,2021-10,417.6899187768753
HU,Hungary,EURO,2021-11,374.0753558985718
HU,Hungary,EURO,2021-12,-18.02072332079292
HU,Hungary,EURO,2022-01,60.90286270645089
HU,Hungary,EURO,2022-02,-0.07822070044423454
HU,Hungary,EURO,2022-03,-77.77679309937375
HU,Hungary,EURO,2022-04,-14.271234879702249
HU,Hungary,EURO,2022-05,-48.01046613043899
HU,Hungary,EURO,2022-06,-72.76319713689233
HU,Hungary,EURO,2022-07,452.94278675061594
HU,Hungary,EURO,2022-08,75.52601613941285
HU,Hungary,EURO,2022-09,-34.620429000550004
HU,Hungary,EURO,2022-10,26.753666954270923
HU,Hungary,EURO,2022-11,-64.97796232323061
HU,Hungary,EURO,2022-12,-6.093294460641399
HU,Hungary,EURO,2023-01,-46.15026389320087
HU,Hungary,EURO,2023-02,-69.79917363313155
HU,Hungary,EURO,2023-03,11.104040725421571
HU,Hungary,EURO,2023-04,-17.124856815578465
HU,Hungary,EURO,2023-05,-52.97166551485832
HU,Hungary,EURO,2023-06,-69.65466568699486
HU,Hungary,EURO,2023-07,-61.25907990314769
HU,Hungary,EURO,2023-08,71.875
HU,Hungary,EURO,2023-09,539.2727272727273
HU,Hungary,EURO,2023-10,164.50511945392492
HU,Hungary,EURO,2023-11,2.129032258064516
HU,Hungary,EURO,2023-12,161.90777005685408
HU,Hungary,EURO,2024-01,-80.87313072841292
HU,Hungary,EURO,2024-02,-73.89659520807061
HU,Hungary,EURO,2024-03,-78.4219001610306
HU,Hungary,EURO,2024-04,-41.7910447761194
HU,Hungary,EURO,2024-05,-33.33333333333333
HU,Hungary,EURO,2024-06,19.230769230769234
HU,Hungary,EURO,2024-07,177.4193548387097
HU,Hungary,EURO,2024-08,219.7674418604651
HU,Hungary,EURO,2024-09,388.3636363636364
HU,Hungary,EURO,2024-10,-13.40282948622487
HU,Hungary,EURO,2024-11,-68.91659501289767
HU,Hungary,EURO,2024-12,-34.716459197786996
HU,Hungary,EURO,2025-01,-50
HU,Hungary,EURO,2025-02,-4.23728813559322
HU,Hungary,EURO,2025-03,-51.32743362831859
HU,Hungary,EURO,2025-04,-74.54545454545455
HU,Hungary,EURO,2025-05,-92.85714285714286
ID,Indonesia,SEARO,2020-01,NA
ID,Indonesia,SEARO,2020-02,NA
ID,Indonesia,SEARO,2020-03,Inf
ID,Indonesia,SEARO,2020-04,491.2062256809338
ID,Indonesia,SEARO,2020-05,131.55192839278664
ID,Indonesia,SEARO,2020-06,56.54027627764198
ID,Indonesia,SEARO,2020-07,62.573991357083194
ID,Indonesia,SEARO,2020-08,63.67718012866334
ID,Indonesia,SEARO,2020-09,40.78471511429546
ID,Indonesia,SEARO,2020-10,10.991663435440092
ID,Indonesia,SEARO,2020-11,26.249137547052815
ID,Indonesia,SEARO,2020-12,23.897643787096865
ID,Indonesia,SEARO,2021-01,103.76942361487222
ID,Indonesia,SEARO,2021-02,-29.765528882117778
ID,Indonesia,SEARO,2021-03,-37.011938202247194
ID,Indonesia,SEARO,2021-04,-10.121956506927798
ID,Indonesia,SEARO,2021-05,20.49356001350709
ID,Indonesia,SEARO,2021-06,71.15706875153705
ID,Indonesia,SEARO,2021-07,251.26327010021288
ID,Indonesia,SEARO,2021-08,-13.686725944895407
ID,Indonesia,SEARO,2021-09,-85.21126915794322
ID,Indonesia,SEARO,2021-10,-72.91365458854392
ID,Indonesia,SEARO,2021-11,-68.14417388911818
ID,Indonesia,SEARO,2021-12,-49.70633960960442
ID,Indonesia,SEARO,2022-01,1298.3513652756312
ID,Indonesia,SEARO,2022-02,1369.074988332965
ID,Indonesia,SEARO,2022-03,-61.58204795315869
ID,Indonesia,SEARO,2022-04,-90.16513657658756
ID,Indonesia,SEARO,2022-05,-77.28831559616789
ID,Indonesia,SEARO,2022-06,153.63857769118363
ID,Indonesia,SEARO,2022-07,386.43032723920726
ID,Indonesia,SEARO,2022-08,9.91653967326506
ID,Indonesia,SEARO,2022-09,-45.24302113414652
ID,Indonesia,SEARO,2022-10,-10.668415874057068
ID,Indonesia,SEARO,2022-11,134.41763470547633
ID,Indonesia,SEARO,2022-12,-58.72749370387541
ID,Indonesia,SEARO,2023-01,-79.5856102003643
ID,Indonesia,SEARO,2023-02,-54.978065283664215
ID,Indonesia,SEARO,2023-03,38.81090008257638
ID,Indonesia,SEARO,2023-04,265.116002379536
ID,Indonesia,SEARO,2023-05,2.8643117831074036
ID,Indonesia,SEARO,2023-06,-82.60208445528559
ID,Indonesia,SEARO,2023-07,-78.40495265841224
ID,Indonesia,SEARO,2023-08,-71.75379426644182
ID,Indonesia,SEARO,2023-09,-61.791044776119406
ID,Indonesia,SEARO,2023-10,-100
ID,Indonesia,SEARO,2023-11,NA
ID,Indonesia,SEARO,2023-12,Inf
ID,Indonesia,SEARO,2024-01,-29.2770651001079
ID,Indonesia,SEARO,2024-02,-88.16748601457874
ID,Indonesia,SEARO,2024-03,-17.621776504297994
ID,Indonesia,SEARO,2024-04,-95.30434782608695
ID,Indonesia,SEARO,2024-05,122.22222222222224
ID,Indonesia,SEARO,2024-06,216.66666666666663
ID,Indonesia,SEARO,2024-07,-29.47368421052631
ID,Indonesia,SEARO,2024-08,30.597014925373134
ID,Indonesia,SEARO,2024-09,-53.142857142857146
ID,Indonesia,SEARO,2024-10,14.634146341463412
ID,Indonesia,SEARO,2024-11,92.5531914893617
ID,Indonesia,SEARO,2024-12,23.756906077348063
ID,Indonesia,SEARO,2025-01,-63.83928571428571
ID,Indonesia,SEARO,2025-02,-65.4320987654321
ID,Indonesia,SEARO,2025-03,-64.28571428571429
ID,Indonesia,SEARO,2025-04,50
ID,Indonesia,SEARO,2025-05,73.33333333333333
IE,Ireland,EURO,2020-01,NA
IE,Ireland,EURO,2020-02,NA
IE,Ireland,EURO,2020-03,Inf
IE,Ireland,EURO,2020-04,657.3314474304573
IE,Ireland,EURO,2020-05,-58.33904002988234
IE,Ireland,EURO,2020-06,-91.9605499103407
IE,Ireland,EURO,2020-07,-19.888475836431223
IE,Ireland,EURO,2020-08,534.3387470997679
IE,Ireland,EURO,2020-09,109.80248719824432
IE,Ireland,EURO,2020-10,283.96094839609486
IE,Ireland,EURO,2020-11,-25.36324010170723
IE,Ireland,EURO,2020-12,-24.571115707507
IE,Ireland,EURO,2021-01,785.5068957173966
IE,Ireland,EURO,2021-02,-77.81390604222453
IE,Ireland,EURO,2021-03,-38.10911777987602
IE,Ireland,EURO,2021-04,-17.643937383921465
IE,Ireland,EURO,2021-05,21.673646907216497
IE,Ireland,EURO,2021-06,-36.274574700469984
IE,Ireland,EURO,2021-07,108.24763685467956
IE,Ireland,EURO,2021-08,177.06005586592178
IE,Ireland,EURO,2021-09,-29.298766765685482
IE,Ireland,EURO,2021-10,49.68297216775738
IE,Ireland,EURO,2021-11,88.60025177775509
IE,Ireland,EURO,2021-12,26.30814609021946
IE,Ireland,EURO,2022-01,241.26645194923907
IE,Ireland,EURO,2022-02,-72.32334181538153
IE,Ireland,EURO,2022-03,-1.153796717047611
IE,Ireland,EURO,2022-04,-33.765001950540416
IE,Ireland,EURO,2022-05,-56.01043988405261
IE,Ireland,EURO,2022-06,-20.327636449555015
IE,Ireland,EURO,2022-07,76.63766969816793
IE,Ireland,EURO,2022-08,-81.25023318285265
IE,Ireland,EURO,2022-09,-29.24087155506915
IE,Ireland,EURO,2022-10,42.1541057367829
IE,Ireland,EURO,2022-11,-32.482690405539074
IE,Ireland,EURO,2022-12,47.55347201875183
IE,Ireland,EURO,2023-01,8.508737092930897
IE,Ireland,EURO,2023-02,-73.8036416872541
IE,Ireland,EURO,2023-03,13.09814879497031
IE,Ireland,EURO,2023-04,15.99752933909821
IE,Ireland,EURO,2023-05,-49.17465388711395
IE,Ireland,EURO,2023-06,-34.52069146149817
IE,Ireland,EURO,2023-07,-8.799999999999999
IE,Ireland,EURO,2023-08,171.140350877193
IE,Ireland,EURO,2023-09,-7.538013587835652
IE,Ireland,EURO,2023-10,9.34219734079776
IE,Ireland,EURO,2023-11,-40.928
IE,Ireland,EURO,2023-12,72.48104008667389
IE,Ireland,EURO,2024-01,16.363065326633166
IE,Ireland,EURO,2024-02,-56.2753036437247
IE,Ireland,EURO,2024-03,-46.41975308641975
IE,Ireland,EURO,2024-04,-21.428571428571427
IE,Ireland,EURO,2024-05,57.18475073313783
IE,Ireland,EURO,2024-06,246.6417910447761
IE,Ireland,EURO,2024-07,-0.1883745963401507
IE,Ireland,EURO,2024-08,-36.07441358856835
IE,Ireland,EURO,2024-09,8.730493462673977
IE,Ireland,EURO,2024-10,-50.65942591155935
IE,Ireland,EURO,2024-11,-37.65723270440252
IE,Ireland,EURO,2024-12,-11.979823455233293
IE,Ireland,EURO,2025-01,-6.446991404011461
IE,Ireland,EURO,2025-02,-37.21286370597244
IE,Ireland,EURO,2025-03,12.682926829268292
IE,Ireland,EURO,2025-04,11.471861471861471
IE,Ireland,EURO,2025-05,-37.0873786407767
IL,Israel,EURO,2020-01,NA
IL,Israel,EURO,2020-02,Inf
IL,Israel,EURO,2020-03,38840
IL,Israel,EURO,2020-04,192.01335387776064
IL,Israel,EURO,2020-05,-85.09365930876793
IL,Israel,EURO,2020-06,284.60176991150445
IL,Israel,EURO,2020-07,480.4724651020095
IL,Israel,EURO,2020-08,37.98789672577364
IL,Israel,EURO,2020-09,120.44392523364486
IL,Israel,EURO,2020-10,-29.81139287793097
IL,Israel,EURO,2020-11,-68.78403802356668
IL,Israel,EURO,2020-12,155.51149881046788
IL,Israel,EURO,2021-01,274.5142768466791
IL,Israel,EURO,2021-02,-44.56838362953049
IL,Israel,EURO,2021-03,-56.67790427352983
IL,Israel,EURO,2021-04,-89.50910188939694
IL,Israel,EURO,2021-05,-72.89473684210527
IL,Israel,EURO,2021-06,-9.83009708737864
IL,Israel,EURO,2021-07,1194.414535666218
IL,Israel,EURO,2021-08,881.2269300753835
IL,Israel,EURO,2021-09,14.347856033994033
IL,Israel,EURO,2021-10,-70.31910999494947
IL,Israel,EURO,2021-11,-78.71583121282609
IL,Israel,EURO,2021-12,60.59850374064838
IL,Israel,EURO,2022-01,6375.580014614542
IL,Israel,EURO,2022-02,-40.950128112629095
IL,Israel,EURO,2022-03,-72.10007835043666
IL,Israel,EURO,2022-04,-12.746793609479615
IL,Israel,EURO,2022-05,-61.23981944853302
IL,Israel,EURO,2022-06,104.04678421792129
IL,Israel,EURO,2022-07,75.14872921047898
IL,Israel,EURO,2022-08,-82.16995232664395
IL,Israel,EURO,2022-09,-45.69436443455633
IL,Israel,EURO,2022-10,-6.770795230082668
IL,Israel,EURO,2022-11,27.747479106995726
IL,Israel,EURO,2022-12,26.2323781442919
IL,Israel,EURO,2023-01,-31.666666666666664
IL,Israel,EURO,2023-02,-53.82232508456472
IL,Israel,EURO,2023-03,9.098619785642686
IL,Israel,EURO,2023-04,-30.016255565764364
IL,Israel,EURO,2023-05,-57.10967481316905
IL,Israel,EURO,2023-06,-36.94372498234048
IL,Israel,EURO,2023-07,-1.1202389843166545
IL,Israel,EURO,2023-08,4.040785498489425
IL,Israel,EURO,2023-09,72.99455535390199
IL,Israel,EURO,2023-10,-44.292908099034825
IL,Israel,EURO,2023-11,-100
IL,Israel,EURO,2023-12,NA
IL,Israel,EURO,2024-01,NA
IL,Israel,EURO,2024-02,NA
IL,Israel,EURO,2024-03,NA
IL,Israel,EURO,2024-04,NA
IL,Israel,EURO,2024-05,NA
IL,Israel,EURO,2024-06,NA
IL,Israel,EURO,2024-07,NA
IL,Israel,EURO,2024-08,NA
IL,Israel,EURO,2024-09,NA
IL,Israel,EURO,2024-10,NA
IL,Israel,EURO,2024-11,NA
IL,Israel,EURO,2024-12,NA
IL,Israel,EURO,2025-01,NA
IL,Israel,EURO,2025-02,NA
IL,Israel,EURO,2025-03,NA
IL,Israel,EURO,2025-04,NA
IL,Israel,EURO,2025-05,NA
IM,Isle of Man,NA,2020-01,NA
IM,Isle of Man,NA,2020-02,NA
IM,Isle of Man,NA,2020-03,Inf
IM,Isle of Man,NA,2020-04,768.75
IM,Isle of Man,NA,2020-05,-89.92805755395683
IM,Isle of Man,NA,2020-06,-100
IM,Isle of Man,NA,2020-07,NA
IM,Isle of Man,NA,2020-08,NA
IM,Isle of Man,NA,2020-09,Inf
IM,Isle of Man,NA,2020-10,100
IM,Isle of Man,NA,2020-11,162.5
IM,Isle of Man,NA,2020-12,-71.42857142857143
IM,Isle of Man,NA,2021-01,850
IM,Isle of Man,NA,2021-02,-14.035087719298245
IM,Isle of Man,NA,2021-03,2083.673469387755
IM,Isle of Man,NA,2021-04,-97.196261682243
IM,Isle of Man,NA,2021-05,-73.33333333333333
IM,Isle of Man,NA,2021-06,75
IM,Isle of Man,NA,2021-07,15400
IM,Isle of Man,NA,2021-08,29.03225806451613
IM,Isle of Man,NA,2021-09,-71.85714285714285
IM,Isle of Man,NA,2021-10,189.46700507614213
IM,Isle of Man,NA,2021-11,-36.825953529153885
IM,Isle of Man,NA,2021-12,96.2526023594726
IM,Isle of Man,NA,2022-01,162.3762376237624
IM,Isle of Man,NA,2022-02,-81.88679245283019
IM,Isle of Man,NA,2022-03,278.7202380952381
IM,Isle of Man,NA,2022-04,-23.398821218074655
IM,Isle of Man,NA,2022-05,-66.65811746601693
IM,Isle of Man,NA,2022-06,-34.23076923076923
IM,Isle of Man,NA,2022-07,353.2163742690058
IM,Isle of Man,NA,2022-08,-91.9483870967742
IM,Isle of Man,NA,2022-09,-100
IM,Isle of Man,NA,2022-10,NA
IM,Isle of Man,NA,2022-11,NA
IM,Isle of Man,NA,2022-12,NA
IM,Isle of Man,NA,2023-01,NA
IM,Isle of Man,NA,2023-02,NA
IM,Isle of Man,NA,2023-03,NA
IM,Isle of Man,NA,2023-04,NA
IM,Isle of Man,NA,2023-05,NA
IM,Isle of Man,NA,2023-06,NA
IM,Isle of Man,NA,2023-07,NA
IM,Isle of Man,NA,2023-08,NA
IM,Isle of Man,NA,2023-09,NA
IM,Isle of Man,NA,2023-10,NA
IM,Isle of Man,NA,2023-11,NA
IM,Isle of Man,NA,2023-12,NA
IM,Isle of Man,NA,2024-01,NA
IM,Isle of Man,NA,2024-02,NA
IM,Isle of Man,NA,2024-03,NA
IM,Isle of Man,NA,2024-04,NA
IM,Isle of Man,NA,2024-05,NA
IM,Isle of Man,NA,2024-06,NA
IM,Isle of Man,NA,2024-07,NA
IM,Isle of Man,NA,2024-08,NA
IM,Isle of Man,NA,2024-09,NA
IM,Isle of Man,NA,2024-10,NA
IM,Isle of Man,NA,2024-11,NA
IM,Isle of Man,NA,2024-12,NA
IM,Isle of Man,NA,2025-01,NA
IM,Isle of Man,NA,2025-02,NA
IM,Isle of Man,NA,2025-03,NA
IM,Isle of Man,NA,2025-04,NA
IM,Isle of Man,NA,2025-05,NA
IN,India,SEARO,2020-01,NA
IN,India,SEARO,2020-02,Inf
IN,India,SEARO,2020-03,13785.714285714286
IN,India,SEARO,2020-04,2525.205761316872
IN,India,SEARO,2020-05,509.9737429948662
IN,India,SEARO,2020-06,122.75790731591358
IN,India,SEARO,2020-07,147.07916565719495
IN,India,SEARO,2020-08,151.81559142860144
IN,India,SEARO,2020-09,13.563253664106108
IN,India,SEARO,2020-10,-23.574178942843883
IN,India,SEARO,2020-11,-18.38246329740386
IN,India,SEARO,2020-12,-47.97939674420918
IN,India,SEARO,2021-01,-29.763337950086232
IN,India,SEARO,2021-02,-37.21524609865439
IN,India,SEARO,2021-03,149.57865969852918
IN,India,SEARO,2021-04,470.1894974585463
IN,India,SEARO,2021-05,119.19460331944283
IN,India,SEARO,2021-06,-78.61488292057123
IN,India,SEARO,2021-07,-51.30318686032186
IN,India,SEARO,2021-08,16.194615348137116
IN,India,SEARO,2021-09,-27.617412965780357
IN,India,SEARO,2021-10,-35.20462768151277
IN,India,SEARO,2021-11,-51.78138924027685
IN,India,SEARO,2021-12,-28.388192084164658
IN,India,SEARO,2022-01,2842.7615398615826
IN,India,SEARO,2022-02,-71.08030486605811
IN,India,SEARO,2022-03,-94.33339091190751
IN,India,SEARO,2022-04,-63.137725478052175
IN,India,SEARO,2022-05,150.7035598025832
IN,India,SEARO,2022-06,148.0994366374165
IN,India,SEARO,2022-07,165.83294643987676
IN,India,SEARO,2022-08,-38.345892118290735
IN,India,SEARO,2022-09,-58.80161000821486
IN,India,SEARO,2022-10,-47.39908239676963
IN,India,SEARO,2022-11,-77.07006369426752
IN,India,SEARO,2022-12,-71.26865671641791
IN,India,SEARO,2023-01,-0.1984126984126984
IN,India,SEARO,2023-02,-38.94812940538587
IN,India,SEARO,2023-03,436.7081113084666
IN,India,SEARO,2023-04,1230.623276337562
IN,India,SEARO,2023-05,-81.61389807744919
IN,India,SEARO,2023-06,-90.5129072257919
IN,India,SEARO,2023-07,-61.12167300380228
IN,India,SEARO,2023-08,-15.95354523227384
IN,India,SEARO,2023-09,13.6
IN,India,SEARO,2023-10,74.13572343149808
IN,India,SEARO,2023-11,-80.91911764705883
IN,India,SEARO,2023-12,2098.073217726397
IN,India,SEARO,2024-01,4.3478260869565215
IN,India,SEARO,2024-02,-66.74227150537635
IN,India,SEARO,2024-03,34.50366254104572
IN,India,SEARO,2024-04,-51.30516431924883
IN,India,SEARO,2024-05,-1.3883532587736214
IN,India,SEARO,2024-06,-56.66797027766914
IN,India,SEARO,2024-07,-26.263537906137184
IN,India,SEARO,2024-08,32.80293757649939
IN,India,SEARO,2024-09,0
IN,India,SEARO,2024-10,-45.52995391705069
IN,India,SEARO,2024-11,-56.0067681895093
IN,India,SEARO,2024-12,-64.23076923076924
IN,India,SEARO,2025-01,-46.236559139784944
IN,India,SEARO,2025-02,-70
IN,India,SEARO,2025-03,46.666666666666664
IN,India,SEARO,2025-04,45.45454545454545
IN,India,SEARO,2025-05,268.75
IQ,Iraq,EMRO,2020-01,NA
IQ,Iraq,EMRO,2020-02,NA
IQ,Iraq,EMRO,2020-03,Inf
IQ,Iraq,EMRO,2020-04,148.4189723320158
IQ,Iraq,EMRO,2020-05,251.31264916467785
IQ,Iraq,EMRO,2020-06,739.7418478260869
IQ,Iraq,EMRO,2020-07,73.42448022004692
IQ,Iraq,EMRO,2020-08,86.3957954315747
IQ,Iraq,EMRO,2020-09,-1.1261918864131204
IQ,Iraq,EMRO,2020-10,-12.941791888494215
IQ,Iraq,EMRO,2020-11,-3.4075050395410136
IQ,Iraq,EMRO,2020-12,-57.90223542159971
IQ,Iraq,EMRO,2021-01,-32.925782925782926
IQ,Iraq,EMRO,2021-02,160.52304303023843
IQ,Iraq,EMRO,2021-03,84.01232968261978
IQ,Iraq,EMRO,2021-04,46.85508019804915
IQ,Iraq,EMRO,2021-05,-15.046105859254736
IQ,Iraq,EMRO,2021-06,-24.177756653992397
IQ,Iraq,EMRO,2021-07,74.15924904406694
IQ,Iraq,EMRO,2021-08,46.152184965064855
IQ,Iraq,EMRO,2021-09,-62.051525160766005
IQ,Iraq,EMRO,2021-10,-49.24072812226224
IQ,Iraq,EMRO,2021-11,-60.23588071723079
IQ,Iraq,EMRO,2021-12,-46.83707097500201
IQ,Iraq,EMRO,2022-01,697.3314182038101
IQ,Iraq,EMRO,2022-02,-2.473665746982583
IQ,Iraq,EMRO,2022-03,-83.37384067974568
IQ,Iraq,EMRO,2022-04,-62.61255993451058
IQ,Iraq,EMRO,2022-05,-42.19580857053488
IQ,Iraq,EMRO,2022-06,177.92207792207793
IQ,Iraq,EMRO,2022-07,928.6507009345794
IQ,Iraq,EMRO,2022-08,-86.65663477281545
IQ,Iraq,EMRO,2022-09,-88.4105255691893
IQ,Iraq,EMRO,2022-10,19.033047735618112
IQ,Iraq,EMRO,2022-11,13.98457583547558
IQ,Iraq,EMRO,2022-12,-23.049165539016688
IQ,Iraq,EMRO,2023-01,-89.91793669402111
IQ,Iraq,EMRO,2023-02,-100
IQ,Iraq,EMRO,2023-03,NA
IQ,Iraq,EMRO,2023-04,NA
IQ,Iraq,EMRO,2023-05,NA
IQ,Iraq,EMRO,2023-06,NA
IQ,Iraq,EMRO,2023-07,NA
IQ,Iraq,EMRO,2023-08,NA
IQ,Iraq,EMRO,2023-09,NA
IQ,Iraq,EMRO,2023-10,NA
IQ,Iraq,EMRO,2023-11,NA
IQ,Iraq,EMRO,2023-12,NA
IQ,Iraq,EMRO,2024-01,NA
IQ,Iraq,EMRO,2024-02,NA
IQ,Iraq,EMRO,2024-03,NA
IQ,Iraq,EMRO,2024-04,NA
IQ,Iraq,EMRO,2024-05,NA
IQ,Iraq,EMRO,2024-06,NA
IQ,Iraq,EMRO,2024-07,NA
IQ,Iraq,EMRO,2024-08,NA
IQ,Iraq,EMRO,2024-09,NA
IQ,Iraq,EMRO,2024-10,NA
IQ,Iraq,EMRO,2024-11,NA
IQ,Iraq,EMRO,2024-12,NA
IQ,Iraq,EMRO,2025-01,NA
IQ,Iraq,EMRO,2025-02,NA
IQ,Iraq,EMRO,2025-03,NA
IQ,Iraq,EMRO,2025-04,NA
IQ,Iraq,EMRO,2025-05,NA
IR,Iran (Islamic Republic of),EMRO,2020-01,NA
IR,Iran (Islamic Republic of),EMRO,2020-02,Inf
IR,Iran (Islamic Republic of),EMRO,2020-03,126257.14285714288
IR,Iran (Islamic Republic of),EMRO,2020-04,52.40248728094969
IR,Iran (Islamic Republic of),EMRO,2020-05,10.57492581602374
IR,Iran (Islamic Republic of),EMRO,2020-06,19.469323404112576
IR,Iran (Islamic Republic of),EMRO,2020-07,-3.609434227151481
IR,Iran (Islamic Republic of),EMRO,2020-08,20.85378464585852
IR,Iran (Islamic Republic of),EMRO,2020-09,-14.1087289248828
IR,Iran (Islamic Republic of),EMRO,2020-10,67.83920303072821
IR,Iran (Islamic Republic of),EMRO,2020-11,211.9019553749822
IR,Iran (Islamic Republic of),EMRO,2020-12,-30.53654038928527
IR,Iran (Islamic Republic of),EMRO,2021-01,-16.358753530582952
IR,Iran (Islamic Republic of),EMRO,2021-02,-2.4634632418069087
IR,Iran (Islamic Republic of),EMRO,2021-03,5.8346103638117945
IR,Iran (Islamic Republic of),EMRO,2021-04,136.90852862837633
IR,Iran (Islamic Republic of),EMRO,2021-05,-2.629047227399286
IR,Iran (Islamic Republic of),EMRO,2021-06,-48.70674707804851
IR,Iran (Islamic Republic of),EMRO,2021-07,91.2273147885861
IR,Iran (Islamic Republic of),EMRO,2021-08,143.16703633989923
IR,Iran (Islamic Republic of),EMRO,2021-09,-49.29343173359801
IR,Iran (Islamic Republic of),EMRO,2021-10,-36.489555968475685
IR,Iran (Islamic Republic of),EMRO,2021-11,-52.358613105732154
IR,Iran (Islamic Republic of),EMRO,2021-12,-58.80988935359204
IR,Iran (Islamic Republic of),EMRO,2022-01,79.01136188370778
IR,Iran (Islamic Republic of),EMRO,2022-02,408.8815175404586
IR,Iran (Islamic Republic of),EMRO,2022-03,-83.37293300976353
IR,Iran (Islamic Republic of),EMRO,2022-04,-43.38119240364544
IR,Iran (Islamic Republic of),EMRO,2022-05,-76.20760457413486
IR,Iran (Islamic Republic of),EMRO,2022-06,-70.53858267716535
IR,Iran (Islamic Republic of),EMRO,2022-07,3005.3025443660467
IR,Iran (Islamic Republic of),EMRO,2022-08,-3.14318173993872
IR,Iran (Islamic Republic of),EMRO,2022-09,-82.43833084524064
IR,Iran (Islamic Republic of),EMRO,2022-10,-56.723607512953365
IR,Iran (Islamic Republic of),EMRO,2022-11,-79.77738284538397
IR,Iran (Islamic Republic of),EMRO,2022-12,-44.26456984273821
IR,Iran (Islamic Republic of),EMRO,2023-01,175.10373443983403
IR,Iran (Islamic Republic of),EMRO,2023-02,3.378582202111614
IR,Iran (Islamic Republic of),EMRO,2023-03,397.7531368543916
IR,Iran (Islamic Republic of),EMRO,2023-04,40.327119240239185
IR,Iran (Islamic Republic of),EMRO,2023-05,-86.9866733508794
IR,Iran (Islamic Republic of),EMRO,2023-06,-73.32263242375602
IR,Iran (Islamic Republic of),EMRO,2023-07,-37.30445246690734
IR,Iran (Islamic Republic of),EMRO,2023-08,49.90403071017274
IR,Iran (Islamic Republic of),EMRO,2023-09,293.7259923175416
IR,Iran (Islamic Republic of),EMRO,2023-10,73.52845528455283
IR,Iran (Islamic Republic of),EMRO,2023-11,-57.27136431784107
IR,Iran (Islamic Republic of),EMRO,2023-12,-53.68421052631579
IR,Iran (Islamic Republic of),EMRO,2024-01,-27.36742424242424
IR,Iran (Islamic Republic of),EMRO,2024-02,66.7535853976532
IR,Iran (Islamic Republic of),EMRO,2024-03,-72.32212666145426
IR,Iran (Islamic Republic of),EMRO,2024-04,-100
IR,Iran (Islamic Republic of),EMRO,2024-05,NA
IR,Iran (Islamic Republic of),EMRO,2024-06,NA
IR,Iran (Islamic Republic of),EMRO,2024-07,NA
IR,Iran (Islamic Republic of),EMRO,2024-08,NA
IR,Iran (Islamic Republic of),EMRO,2024-09,NA
IR,Iran (Islamic Republic of),EMRO,2024-10,NA
IR,Iran (Islamic Republic of),EMRO,2024-11,NA
IR,Iran (Islamic Republic of),EMRO,2024-12,NA
IR,Iran (Islamic Republic of),EMRO,2025-01,NA
IR,Iran (Islamic Republic of),EMRO,2025-02,NA
IR,Iran (Islamic Republic of),EMRO,2025-03,NA
IR,Iran (Islamic Republic of),EMRO,2025-04,NA
IR,Iran (Islamic Republic of),EMRO,2025-05,NA
IS,Iceland,EURO,2020-01,NA
IS,Iceland,EURO,2020-02,Inf
IS,Iceland,EURO,2020-03,7546.666666666667
IS,Iceland,EURO,2020-04,-43.85353095030514
IS,Iceland,EURO,2020-05,-97.82608695652172
IS,Iceland,EURO,2020-06,0
IS,Iceland,EURO,2020-07,142.85714285714286
IS,Iceland,EURO,2020-08,652.9411764705882
IS,Iceland,EURO,2020-09,114.453125
IS,Iceland,EURO,2020-10,237.52276867030963
IS,Iceland,EURO,2020-11,-52.671343766864545
IS,Iceland,EURO,2020-12,-61.23147092360319
IS,Iceland,EURO,2021-01,-15.88235294117647
IS,Iceland,EURO,2021-02,-83.56643356643356
IS,Iceland,EURO,2021-03,174.468085106383
IS,Iceland,EURO,2021-04,63.565891472868216
IS,Iceland,EURO,2021-05,-26.066350710900476
IS,Iceland,EURO,2021-06,-57.692307692307686
IS,Iceland,EURO,2021-07,898.4848484848485
IS,Iceland,EURO,2021-08,416.0849772382398
IS,Iceland,EURO,2021-09,-70.18523963540136
IS,Iceland,EURO,2021-10,99.11242603550296
IS,Iceland,EURO,2021-11,99.851411589896
IS,Iceland,EURO,2021-12,59.60346964064435
IS,Iceland,EURO,2022-01,442.9658385093168
IS,Iceland,EURO,2022-02,57.16246746932823
IS,Iceland,EURO,2022-03,4.066963879537804
IS,Iceland,EURO,2022-04,-88.83196363000525
IS,Iceland,EURO,2022-05,-45.95271645529983
IS,Iceland,EURO,2022-06,88.73117033603708
IS,Iceland,EURO,2022-07,80.53722179585571
IS,Iceland,EURO,2022-08,-75.11477639857166
IS,Iceland,EURO,2022-09,-56.61086436624531
IS,Iceland,EURO,2022-10,-0.47244094488188976
IS,Iceland,EURO,2022-11,-7.832278481012659
IS,Iceland,EURO,2022-12,-1.0300429184549356
IS,Iceland,EURO,2023-01,-48.30875975715525
IS,Iceland,EURO,2023-02,-12.248322147651008
IS,Iceland,EURO,2023-03,-65.77437858508604
IS,Iceland,EURO,2023-04,-44.6927374301676
IS,Iceland,EURO,2023-05,-44.44444444444444
IS,Iceland,EURO,2023-06,27.27272727272727
IS,Iceland,EURO,2023-07,12.857142857142856
IS,Iceland,EURO,2023-08,81.0126582278481
IS,Iceland,EURO,2023-09,29.37062937062937
IS,Iceland,EURO,2023-10,0.5405405405405406
IS,Iceland,EURO,2023-11,10.75268817204301
IS,Iceland,EURO,2023-12,24.75728155339806
IS,Iceland,EURO,2024-01,-66.14785992217898
IS,Iceland,EURO,2024-02,-75.86206896551724
IS,Iceland,EURO,2024-03,-23.809523809523807
IS,Iceland,EURO,2024-04,6.25
IS,Iceland,EURO,2024-05,176.47058823529412
IS,Iceland,EURO,2024-06,234.04255319148936
IS,Iceland,EURO,2024-07,34.394904458598724
IS,Iceland,EURO,2024-08,-49.763033175355446
IS,Iceland,EURO,2024-09,45.28301886792453
IS,Iceland,EURO,2024-10,-55.84415584415584
IS,Iceland,EURO,2024-11,-48.52941176470589
IS,Iceland,EURO,2024-12,-5.714285714285714
IS,Iceland,EURO,2025-01,-48.48484848484848
IS,Iceland,EURO,2025-02,-64.70588235294117
IS,Iceland,EURO,2025-03,0
IS,Iceland,EURO,2025-04,166.66666666666669
IS,Iceland,EURO,2025-05,-75
IT,Italy,EURO,2020-01,NA
IT,Italy,EURO,2020-02,Inf
IT,Italy,EURO,2020-03,116853.16455696202
IT,Italy,EURO,2020-04,11.349344647321766
IT,Italy,EURO,2020-05,-63.731179346611064
IT,Italy,EURO,2020-06,-78.90547530351351
IT,Italy,EURO,2020-07,-27.22652776013213
IT,Italy,EURO,2020-08,266.4280726256983
IT,Italy,EURO,2020-09,96.5362809090476
IT,Italy,EURO,2020-10,376.1217909868852
IT,Italy,EURO,2020-11,439.7128382678649
IT,Italy,EURO,2020-12,-55.26031038949155
IT,Italy,EURO,2021-01,5.9778471737539824
IT,Italy,EURO,2021-02,-27.17045927087292
IT,Italy,EURO,2021-03,65.1627408876577
IT,Italy,EURO,2021-04,-27.695615856028716
IT,Italy,EURO,2021-05,-39.711342470266075
IT,Italy,EURO,2021-06,-83.21532378632304
IT,Italy,EURO,2021-07,25.206854455848443
IT,Italy,EURO,2021-08,282.0941066011844
IT,Italy,EURO,2021-09,-37.1875871259197
IT,Italy,EURO,2021-10,-17.07605154864094
IT,Italy,EURO,2021-11,106.35155364028124
IT,Italy,EURO,2021-12,175.90118311196696
IT,Italy,EURO,2022-01,728.4641616470664
IT,Italy,EURO,2022-02,-63.2366688312088
IT,Italy,EURO,2022-03,-17.7823005747382
IT,Italy,EURO,2022-04,12.960607242697897
IT,Italy,EURO,2022-05,-27.072646129960148
IT,Italy,EURO,2022-06,-37.33828132483399
IT,Italy,EURO,2022-07,247.3791137804866
IT,Italy,EURO,2022-08,-72.1032941356833
IT,Italy,EURO,2022-09,-36.90917949494269
IT,Italy,EURO,2022-10,151.27754813993346
IT,Italy,EURO,2022-11,-36.074950389621016
IT,Italy,EURO,2022-12,-8.008877273451906
IT,Italy,EURO,2023-01,-44.831402258886335
IT,Italy,EURO,2023-02,-70.22980630576036
IT,Italy,EURO,2023-03,-21.08009305417082
IT,Italy,EURO,2023-04,21.44797237545795
IT,Italy,EURO,2023-05,-42.52563691368834
IT,Italy,EURO,2023-06,-50.67191529795032
IT,Italy,EURO,2023-07,-40.91603987036018
IT,Italy,EURO,2023-08,71.09294141999585
IT,Italy,EURO,2023-09,245.09104107434516
IT,Italy,EURO,2023-10,59.512331936824026
IT,Italy,EURO,2023-11,-18.519841313449895
IT,Italy,EURO,2023-12,82.83217231217421
IT,Italy,EURO,2024-01,-83.29890823251696
IT,Italy,EURO,2024-02,-80.90106007067138
IT,Italy,EURO,2024-03,-58.93848288621647
IT,Italy,EURO,2024-04,-38.073782033230074
IT,Italy,EURO,2024-05,46.56662119145066
IT,Italy,EURO,2024-06,228.94818492088115
IT,Italy,EURO,2024-07,287.44576495000945
IT,Italy,EURO,2024-08,53.33641697300192
IT,Italy,EURO,2024-09,-11.55653637316229
IT,Italy,EURO,2024-10,-26.96250022438832
IT,Italy,EURO,2024-11,-70.5655369036793
IT,Italy,EURO,2024-12,-20.24883099532398
IT,Italy,EURO,2025-01,-43.70223013297037
IT,Italy,EURO,2025-02,-53.28249953505673
IT,Italy,EURO,2025-03,-22.969745222929937
IT,Italy,EURO,2025-04,-53.850129198966414
IT,Italy,EURO,2025-05,-100
JE,Jersey,NA,2020-01,NA
JE,Jersey,NA,2020-02,NA
JE,Jersey,NA,2020-03,Inf
JE,Jersey,NA,2020-04,386.6666666666667
JE,Jersey,NA,2020-05,-87.21461187214612
JE,Jersey,NA,2020-06,-57.14285714285714
JE,Jersey,NA,2020-07,0
JE,Jersey,NA,2020-08,216.66666666666663
JE,Jersey,NA,2020-09,-2.631578947368421
JE,Jersey,NA,2020-10,270.27027027027026
JE,Jersey,NA,2020-11,203.6496350364963
JE,Jersey,NA,2020-12,308.41346153846155
JE,Jersey,NA,2021-01,-70.86521483225427
JE,Jersey,NA,2021-02,-86.86868686868688
JE,Jersey,NA,2021-03,-86.15384615384616
JE,Jersey,NA,2021-04,-22.22222222222222
JE,Jersey,NA,2021-05,42.857142857142854
JE,Jersey,NA,2021-06,1870
JE,Jersey,NA,2021-07,2094.92385786802
JE,Jersey,NA,2021-08,-64.98612395929695
JE,Jersey,NA,2021-09,-55.878467635402906
JE,Jersey,NA,2021-10,70.20958083832335
JE,Jersey,NA,2021-11,143.88742304309588
JE,Jersey,NA,2021-12,30.90515686981609
JE,Jersey,NA,2022-01,258.2920110192838
JE,Jersey,NA,2022-02,-47.76257112102107
JE,Jersey,NA,2022-03,22.740653517809832
JE,Jersey,NA,2022-04,-53.099892073390095
JE,Jersey,NA,2022-05,-70.44234211199182
JE,Jersey,NA,2022-06,108.04498269896196
JE,Jersey,NA,2022-07,109.48024948024948
JE,Jersey,NA,2022-08,-83.62445414847161
JE,Jersey,NA,2022-09,28.12121212121212
JE,Jersey,NA,2022-10,71.61778618732261
JE,Jersey,NA,2022-11,-40.07717750826902
JE,Jersey,NA,2022-12,128.3348666053358
JE,Jersey,NA,2023-01,-60.03223207091055
JE,Jersey,NA,2023-02,-98.68951612903226
JE,Jersey,NA,2023-03,-100
JE,Jersey,NA,2023-04,NA
JE,Jersey,NA,2023-05,NA
JE,Jersey,NA,2023-06,NA
JE,Jersey,NA,2023-07,NA
JE,Jersey,NA,2023-08,NA
JE,Jersey,NA,2023-09,NA
JE,Jersey,NA,2023-10,NA
JE,Jersey,NA,2023-11,NA
JE,Jersey,NA,2023-12,NA
JE,Jersey,NA,2024-01,NA
JE,Jersey,NA,2024-02,NA
JE,Jersey,NA,2024-03,NA
JE,Jersey,NA,2024-04,NA
JE,Jersey,NA,2024-05,NA
JE,Jersey,NA,2024-06,NA
JE,Jersey,NA,2024-07,NA
JE,Jersey,NA,2024-08,NA
JE,Jersey,NA,2024-09,NA
JE,Jersey,NA,2024-10,NA
JE,Jersey,NA,2024-11,NA
JE,Jersey,NA,2024-12,NA
JE,Jersey,NA,2025-01,NA
JE,Jersey,NA,2025-02,NA
JE,Jersey,NA,2025-03,NA
JE,Jersey,NA,2025-04,NA
JE,Jersey,NA,2025-05,NA
JM,Jamaica,AMRO,2020-01,NA
JM,Jamaica,AMRO,2020-02,NA
JM,Jamaica,AMRO,2020-03,Inf
JM,Jamaica,AMRO,2020-04,760
JM,Jamaica,AMRO,2020-05,11.24031007751938
JM,Jamaica,AMRO,2020-06,-61.32404181184668
JM,Jamaica,AMRO,2020-07,30.630630630630627
JM,Jamaica,AMRO,2020-08,713.7931034482759
JM,Jamaica,AMRO,2020-09,225.6779661016949
JM,Jamaica,AMRO,2020-10,-26.72391360915951
JM,Jamaica,AMRO,2020-11,-29.01278409090909
JM,Jamaica,AMRO,2020-12,0.80040020010005
JM,Jamaica,AMRO,2021-01,41.09181141439206
JM,Jamaica,AMRO,2021-02,156.41927541329582
JM,Jamaica,AMRO,2021-03,104.80109739369
JM,Jamaica,AMRO,2021-04,-52.31078365706631
JM,Jamaica,AMRO,2021-05,-50.74438202247191
JM,Jamaica,AMRO,2021-06,-54.66210436270317
JM,Jamaica,AMRO,2021-07,17.232704402515722
JM,Jamaica,AMRO,2021-08,646.0300429184549
JM,Jamaica,AMRO,2021-09,19.480799654825255
JM,Jamaica,AMRO,2021-10,-60.52964188985857
JM,Jamaica,AMRO,2021-11,-66.22445867642574
JM,Jamaica,AMRO,2021-12,-44.33408577878104
JM,Jamaica,AMRO,2022-01,2437.4695863746956
JM,Jamaica,AMRO,2022-02,-86.33937418096973
JM,Jamaica,AMRO,2022-03,-83.34113242863828
JM,Jamaica,AMRO,2022-04,20.926966292134832
JM,Jamaica,AMRO,2022-05,692.5667828106853
JM,Jamaica,AMRO,2022-06,-12.61723329425557
JM,Jamaica,AMRO,2022-07,-33.506624182458495
JM,Jamaica,AMRO,2022-08,-19.8234552332913
JM,Jamaica,AMRO,2022-09,-31.61371500471846
JM,Jamaica,AMRO,2022-10,-63.79944802207912
JM,Jamaica,AMRO,2022-11,-69.12325285895807
JM,Jamaica,AMRO,2022-12,-31.275720164609055
JM,Jamaica,AMRO,2023-01,268.86227544910184
JM,Jamaica,AMRO,2023-02,28.084415584415584
JM,Jamaica,AMRO,2023-03,-56.65399239543726
JM,Jamaica,AMRO,2023-04,-27.485380116959064
JM,Jamaica,AMRO,2023-05,-27.82258064516129
JM,Jamaica,AMRO,2023-06,67.0391061452514
JM,Jamaica,AMRO,2023-07,133.44481605351172
JM,Jamaica,AMRO,2023-08,-59.885386819484246
JM,Jamaica,AMRO,2023-09,-22.142857142857142
JM,Jamaica,AMRO,2023-10,-46.788990825688074
JM,Jamaica,AMRO,2023-11,-69.82758620689656
JM,Jamaica,AMRO,2023-12,0
JM,Jamaica,AMRO,2024-01,94.28571428571428
JM,Jamaica,AMRO,2024-02,-7.352941176470589
JM,Jamaica,AMRO,2024-03,-53.96825396825397
JM,Jamaica,AMRO,2024-04,-48.27586206896552
JM,Jamaica,AMRO,2024-05,66.66666666666666
JM,Jamaica,AMRO,2024-06,620
JM,Jamaica,AMRO,2024-07,-16.666666666666664
JM,Jamaica,AMRO,2024-08,-44
JM,Jamaica,AMRO,2024-09,-50
JM,Jamaica,AMRO,2024-10,-35.714285714285715
JM,Jamaica,AMRO,2024-11,-51.85185185185185
JM,Jamaica,AMRO,2024-12,-46.15384615384615
JM,Jamaica,AMRO,2025-01,71.42857142857143
JM,Jamaica,AMRO,2025-02,-16.666666666666664
JM,Jamaica,AMRO,2025-03,160
JM,Jamaica,AMRO,2025-04,26.923076923076923
JM,Jamaica,AMRO,2025-05,-24.24242424242424
JO,Jordan,EMRO,2020-01,NA
JO,Jordan,EMRO,2020-02,NA
JO,Jordan,EMRO,2020-03,Inf
JO,Jordan,EMRO,2020-04,-23.983739837398375
JO,Jordan,EMRO,2020-05,22.459893048128343
JO,Jordan,EMRO,2020-06,33.624454148471614
JO,Jordan,EMRO,2020-07,-39.21568627450981
JO,Jordan,EMRO,2020-08,297.31182795698925
JO,Jordan,EMRO,2020-09,734.6414073071719
JO,Jordan,EMRO,2020-10,592.1044098573282
JO,Jordan,EMRO,2020-11,274.70777015156125
JO,Jordan,EMRO,2020-12,-52.70850655480467
JO,Jordan,EMRO,2021-01,-48.02437637976391
JO,Jordan,EMRO,2021-02,54.69250724858843
JO,Jordan,EMRO,2021-03,221.6549932590181
JO,Jordan,EMRO,2021-04,-39.53597734579859
JO,Jordan,EMRO,2021-05,-70.65178797869642
JO,Jordan,EMRO,2021-06,-59.15428044705612
JO,Jordan,EMRO,2021-07,2.983074753173484
JO,Jordan,EMRO,2021-08,108.36814353215092
JO,Jordan,EMRO,2021-09,-19.659524122518732
JO,Jordan,EMRO,2021-10,71.89724290272437
JO,Jordan,EMRO,2021-11,86.74741801913284
JO,Jordan,EMRO,2021-12,42.88372093023256
JO,Jordan,EMRO,2022-01,30.055829052511417
JO,Jordan,EMRO,2022-02,187.95918507292788
JO,Jordan,EMRO,2022-03,-82.06668762264006
JO,Jordan,EMRO,2022-04,-95.67105315574914
JO,Jordan,EMRO,2022-05,-63.43558282208589
JO,Jordan,EMRO,2022-06,89.59731543624162
JO,Jordan,EMRO,2022-07,612.3451327433628
JO,Jordan,EMRO,2022-08,25.467420336666873
JO,Jordan,EMRO,2022-09,-43.05658695975048
JO,Jordan,EMRO,2022-10,-100
JO,Jordan,EMRO,2022-11,NA
JO,Jordan,EMRO,2022-12,NA
JO,Jordan,EMRO,2023-01,NA
JO,Jordan,EMRO,2023-02,NA
JO,Jordan,EMRO,2023-03,NA
JO,Jordan,EMRO,2023-04,NA
JO,Jordan,EMRO,2023-05,NA
JO,Jordan,EMRO,2023-06,NA
JO,Jordan,EMRO,2023-07,NA
JO,Jordan,EMRO,2023-08,NA
JO,Jordan,EMRO,2023-09,NA
JO,Jordan,EMRO,2023-10,NA
JO,Jordan,EMRO,2023-11,NA
JO,Jordan,EMRO,2023-12,NA
JO,Jordan,EMRO,2024-01,NA
JO,Jordan,EMRO,2024-02,NA
JO,Jordan,EMRO,2024-03,NA
JO,Jordan,EMRO,2024-04,NA
JO,Jordan,EMRO,2024-05,NA
JO,Jordan,EMRO,2024-06,NA
JO,Jordan,EMRO,2024-07,NA
JO,Jordan,EMRO,2024-08,NA
JO,Jordan,EMRO,2024-09,NA
JO,Jordan,EMRO,2024-10,NA
JO,Jordan,EMRO,2024-11,NA
JO,Jordan,EMRO,2024-12,NA
JO,Jordan,EMRO,2025-01,NA
JO,Jordan,EMRO,2025-02,NA
JO,Jordan,EMRO,2025-03,NA
JO,Jordan,EMRO,2025-04,NA
JO,Jordan,EMRO,2025-05,NA
JP,Japan,WPRO,2020-01,NA
JP,Japan,WPRO,2020-02,4200
JP,Japan,WPRO,2020-03,1110.077519379845
JP,Japan,WPRO,2020-04,636.0025624599616
JP,Japan,WPRO,2020-05,-68.06510575332926
JP,Japan,WPRO,2020-06,-58.0539656582175
JP,Japan,WPRO,2020-07,614.2300194931773
JP,Japan,WPRO,2020-08,244.6324599708879
JP,Japan,WPRO,2020-09,-61.91858930362704
JP,Japan,WPRO,2020-10,2.8975460973242755
JP,Japan,WPRO,2020-11,224.1646456480733
JP,Japan,WPRO,2020-12,50.99856605498867
JP,Japan,WPRO,2021-01,137.00573913761545
JP,Japan,WPRO,2021-02,-74.88182757859772
JP,Japan,WPRO,2021-03,-17.140215004045775
JP,Japan,WPRO,2021-04,174.12460589827293
JP,Japan,WPRO,2021-05,80.78962635752018
JP,Japan,WPRO,2021-06,-71.13622033058596
JP,Japan,WPRO,2021-07,45.68062571924555
JP,Japan,WPRO,2021-08,681.8005328763272
JP,Japan,WPRO,2021-09,-58.8451480427936
JP,Japan,WPRO,2021-10,-88.2697837385721
JP,Japan,WPRO,2021-11,-84.82031998297208
JP,Japan,WPRO,2021-12,8.576770273428371
JP,Japan,WPRO,2022-01,20086.160137752908
JP,Japan,WPRO,2022-02,143.64071401686198
JP,Japan,WPRO,2022-03,-37.71946562379922
JP,Japan,WPRO,2022-04,-9.894322179974829
JP,Japan,WPRO,2022-05,-10.191976404768646
JP,Japan,WPRO,2022-06,-61.638482739696535
JP,Japan,WPRO,2022-07,646.9065490796157
JP,Japan,WPRO,2022-08,70.54715931269745
JP,Japan,WPRO,2022-09,-49.47255533846358
JP,Japan,WPRO,2022-10,-56.05817564884721
JP,Japan,WPRO,2022-11,75.86368900552809
JP,Japan,WPRO,2022-12,72.7500857868681
JP,Japan,WPRO,2023-01,9.414997650063963
JP,Japan,WPRO,2023-02,-81.87108482151348
JP,Japan,WPRO,2023-03,-67.74037599527183
JP,Japan,WPRO,2023-04,22.916169193145983
JP,Japan,WPRO,2023-05,-70.0039523573467
JP,Japan,WPRO,2023-06,-100
JP,Japan,WPRO,2023-07,NA
JP,Japan,WPRO,2023-08,NA
JP,Japan,WPRO,2023-09,NA
JP,Japan,WPRO,2023-10,NA
JP,Japan,WPRO,2023-11,NA
JP,Japan,WPRO,2023-12,NA
JP,Japan,WPRO,2024-01,NA
JP,Japan,WPRO,2024-02,NA
JP,Japan,WPRO,2024-03,NA
JP,Japan,WPRO,2024-04,NA
JP,Japan,WPRO,2024-05,NA
JP,Japan,WPRO,2024-06,NA
JP,Japan,WPRO,2024-07,NA
JP,Japan,WPRO,2024-08,NA
JP,Japan,WPRO,2024-09,NA
JP,Japan,WPRO,2024-10,NA
JP,Japan,WPRO,2024-11,NA
JP,Japan,WPRO,2024-12,NA
JP,Japan,WPRO,2025-01,NA
JP,Japan,WPRO,2025-02,NA
JP,Japan,WPRO,2025-03,NA
JP,Japan,WPRO,2025-04,NA
JP,Japan,WPRO,2025-05,NA
KE,Kenya,AFRO,2020-01,NA
KE,Kenya,AFRO,2020-02,NA
KE,Kenya,AFRO,2020-03,Inf
KE,Kenya,AFRO,2020-04,702.6315789473684
KE,Kenya,AFRO,2020-05,406.55737704918033
KE,Kenya,AFRO,2020-06,153.915857605178
KE,Kenya,AFRO,2020-07,176.1152179454499
KE,Kenya,AFRO,2020-08,58.3364106351551
KE,Kenya,AFRO,2020-09,-76.22879132412105
KE,Kenya,AFRO,2020-10,167.8194751042433
KE,Kenya,AFRO,2020-11,209.6895320084257
KE,Kenya,AFRO,2020-12,-60.851693035635066
KE,Kenya,AFRO,2021-01,-63.49901797854661
KE,Kenya,AFRO,2021-02,2.918046357615894
KE,Kenya,AFRO,2021-03,376.2115423285743
KE,Kenya,AFRO,2021-04,13.959969597162402
KE,Kenya,AFRO,2021-05,-47.50629909589447
KE,Kenya,AFRO,2021-06,-15.945507164537304
KE,Kenya,AFRO,2021-07,20.52401746724891
KE,Kenya,AFRO,2021-08,163.6845039018952
KE,Kenya,AFRO,2021-09,-63.52658281365606
KE,Kenya,AFRO,2021-10,-64.4932261102659
KE,Kenya,AFRO,2021-11,-66.39461334421547
KE,Kenya,AFRO,2021-12,1504.007285974499
KE,Kenya,AFRO,2022-01,50.94253917783329
KE,Kenya,AFRO,2022-02,-95.80700170528638
KE,Kenya,AFRO,2022-03,-72.54784688995215
KE,Kenya,AFRO,2022-04,-27.886710239651418
KE,Kenya,AFRO,2022-05,199.09365558912387
KE,Kenya,AFRO,2022-06,635.3535353535353
KE,Kenya,AFRO,2022-07,-22.623626373626372
KE,Kenya,AFRO,2022-08,-90.16509852654004
KE,Kenya,AFRO,2022-09,-57.400722021660656
KE,Kenya,AFRO,2022-10,191.94915254237287
KE,Kenya,AFRO,2022-11,245.71843251088535
KE,Kenya,AFRO,2022-12,-57.59865659109992
KE,Kenya,AFRO,2023-01,-68.8118811881188
KE,Kenya,AFRO,2023-02,-58.730158730158735
KE,Kenya,AFRO,2023-03,-60
KE,Kenya,AFRO,2023-04,78.84615384615384
KE,Kenya,AFRO,2023-05,-84.94623655913979
KE,Kenya,AFRO,2023-06,4678.571428571428
KE,Kenya,AFRO,2023-07,-73.84155455904335
KE,Kenya,AFRO,2023-08,-61.71428571428571
KE,Kenya,AFRO,2023-09,-61.19402985074627
KE,Kenya,AFRO,2023-10,207.6923076923077
KE,Kenya,AFRO,2023-11,-96.25
KE,Kenya,AFRO,2023-12,-100
KE,Kenya,AFRO,2024-01,NA
KE,Kenya,AFRO,2024-02,NA
KE,Kenya,AFRO,2024-03,Inf
KE,Kenya,AFRO,2024-04,-100
KE,Kenya,AFRO,2024-05,NA
KE,Kenya,AFRO,2024-06,Inf
KE,Kenya,AFRO,2024-07,-75
KE,Kenya,AFRO,2024-08,200
KE,Kenya,AFRO,2024-09,-100
KE,Kenya,AFRO,2024-10,NA
KE,Kenya,AFRO,2024-11,Inf
KE,Kenya,AFRO,2024-12,175
KE,Kenya,AFRO,2025-01,-45.45454545454545
KE,Kenya,AFRO,2025-02,-66.66666666666666
KE,Kenya,AFRO,2025-03,0
KE,Kenya,AFRO,2025-04,-50
KE,Kenya,AFRO,2025-05,-100
KG,Kyrgyzstan,EURO,2020-01,NA
KG,Kyrgyzstan,EURO,2020-02,NA
KG,Kyrgyzstan,EURO,2020-03,NA
KG,Kyrgyzstan,EURO,2020-04,NA
KG,Kyrgyzstan,EURO,2020-05,NA
KG,Kyrgyzstan,EURO,2020-06,NA
KG,Kyrgyzstan,EURO,2020-07,NA
KG,Kyrgyzstan,EURO,2020-08,NA
KG,Kyrgyzstan,EURO,2020-09,NA
KG,Kyrgyzstan,EURO,2020-10,NA
KG,Kyrgyzstan,EURO,2020-11,NA
KG,Kyrgyzstan,EURO,2020-12,NA
KG,Kyrgyzstan,EURO,2021-01,NA
KG,Kyrgyzstan,EURO,2021-02,NA
KG,Kyrgyzstan,EURO,2021-03,NA
KG,Kyrgyzstan,EURO,2021-04,NA
KG,Kyrgyzstan,EURO,2021-05,NA
KG,Kyrgyzstan,EURO,2021-06,Inf
KG,Kyrgyzstan,EURO,2021-07,471.3789290791344
KG,Kyrgyzstan,EURO,2021-08,-51.7084093547852
KG,Kyrgyzstan,EURO,2021-09,-84.38376552750587
KG,Kyrgyzstan,EURO,2021-10,10.337243401759531
KG,Kyrgyzstan,EURO,2021-11,-34.95016611295681
KG,Kyrgyzstan,EURO,2021-12,-37.640449438202246
KG,Kyrgyzstan,EURO,2022-01,826.6994266994267
KG,Kyrgyzstan,EURO,2022-02,-80.69818824569155
KG,Kyrgyzstan,EURO,2022-03,-82.05128205128204
KG,Kyrgyzstan,EURO,2022-04,-75
KG,Kyrgyzstan,EURO,2022-05,-88.77551020408163
KG,Kyrgyzstan,EURO,2022-06,354.54545454545456
KG,Kyrgyzstan,EURO,2022-07,5346
KG,Kyrgyzstan,EURO,2022-08,-28.755049577671688
KG,Kyrgyzstan,EURO,2022-09,-81.08247422680412
KG,Kyrgyzstan,EURO,2022-10,0.544959128065395
KG,Kyrgyzstan,EURO,2022-11,-78.59078590785907
KG,Kyrgyzstan,EURO,2022-12,-54.43037974683544
KG,Kyrgyzstan,EURO,2023-01,-33.33333333333333
KG,Kyrgyzstan,EURO,2023-02,237.5
KG,Kyrgyzstan,EURO,2023-03,62.96296296296296
KG,Kyrgyzstan,EURO,2023-04,-37.121212121212125
KG,Kyrgyzstan,EURO,2023-05,-89.1566265060241
KG,Kyrgyzstan,EURO,2023-06,88.88888888888889
KG,Kyrgyzstan,EURO,2023-07,29.411764705882355
KG,Kyrgyzstan,EURO,2023-08,27.27272727272727
KG,Kyrgyzstan,EURO,2023-09,35.714285714285715
KG,Kyrgyzstan,EURO,2023-10,-7.894736842105263
KG,Kyrgyzstan,EURO,2023-11,-80
KG,Kyrgyzstan,EURO,2023-12,71.42857142857143
KG,Kyrgyzstan,EURO,2024-01,-16.666666666666664
KG,Kyrgyzstan,EURO,2024-02,-100
KG,Kyrgyzstan,EURO,2024-03,NA
KG,Kyrgyzstan,EURO,2024-04,NA
KG,Kyrgyzstan,EURO,2024-05,NA
KG,Kyrgyzstan,EURO,2024-06,NA
KG,Kyrgyzstan,EURO,2024-07,NA
KG,Kyrgyzstan,EURO,2024-08,NA
KG,Kyrgyzstan,EURO,2024-09,NA
KG,Kyrgyzstan,EURO,2024-10,NA
KG,Kyrgyzstan,EURO,2024-11,NA
KG,Kyrgyzstan,EURO,2024-12,NA
KG,Kyrgyzstan,EURO,2025-01,NA
KG,Kyrgyzstan,EURO,2025-02,NA
KG,Kyrgyzstan,EURO,2025-03,NA
KG,Kyrgyzstan,EURO,2025-04,NA
KG,Kyrgyzstan,EURO,2025-05,NA
KH,Cambodia,WPRO,2020-01,NA
KH,Cambodia,WPRO,2020-02,Inf
KH,Cambodia,WPRO,2020-03,10000
KH,Cambodia,WPRO,2020-04,-80.19801980198021
KH,Cambodia,WPRO,2020-05,-85
KH,Cambodia,WPRO,2020-06,366.66666666666663
KH,Cambodia,WPRO,2020-07,514.2857142857143
KH,Cambodia,WPRO,2020-08,-44.18604651162791
KH,Cambodia,WPRO,2020-09,-93.75
KH,Cambodia,WPRO,2020-10,266.66666666666663
KH,Cambodia,WPRO,2020-11,154.54545454545453
KH,Cambodia,WPRO,2020-12,75
KH,Cambodia,WPRO,2021-01,108.16326530612244
KH,Cambodia,WPRO,2021-02,247.05882352941177
KH,Cambodia,WPRO,2021-03,310.4519774011299
KH,Cambodia,WPRO,2021-04,469.993117687543
KH,Cambodia,WPRO,2021-05,135.9212750543347
KH,Cambodia,WPRO,2021-06,-10.154050872613746
KH,Cambodia,WPRO,2021-07,43.970378809455994
KH,Cambodia,WPRO,2021-08,-23.696288676109837
KH,Cambodia,WPRO,2021-09,-12.476017630282604
KH,Cambodia,WPRO,2021-10,-44.10213875229575
KH,Cambodia,WPRO,2021-11,-83.41282458929517
KH,Cambodia,WPRO,2021-12,-76.86900958466454
KH,Cambodia,WPRO,2022-01,134.80662983425415
KH,Cambodia,WPRO,2022-02,914.2352941176472
KH,Cambodia,WPRO,2022-03,-35.72671383830182
KH,Cambodia,WPRO,2022-04,-86.37430066774951
KH,Cambodia,WPRO,2022-05,-93.90728476821192
KH,Cambodia,WPRO,2022-06,-100
KH,Cambodia,WPRO,2022-07,Inf
KH,Cambodia,WPRO,2022-08,59.877800407331975
KH,Cambodia,WPRO,2022-09,-62.42038216560509
KH,Cambodia,WPRO,2022-10,-48.47457627118644
KH,Cambodia,WPRO,2022-11,-51.31578947368421
KH,Cambodia,WPRO,2022-12,489.1891891891892
KH,Cambodia,WPRO,2023-01,-56.42201834862385
KH,Cambodia,WPRO,2023-02,-84.73684210526315
KH,Cambodia,WPRO,2023-03,-68.96551724137932
KH,Cambodia,WPRO,2023-04,11.11111111111111
KH,Cambodia,WPRO,2023-05,240
KH,Cambodia,WPRO,2023-06,276.4705882352941
KH,Cambodia,WPRO,2023-07,-67.1875
KH,Cambodia,WPRO,2023-08,-92.85714285714286
KH,Cambodia,WPRO,2023-09,-66.66666666666666
KH,Cambodia,WPRO,2023-10,100
KH,Cambodia,WPRO,2023-11,450
KH,Cambodia,WPRO,2023-12,445.45454545454544
KH,Cambodia,WPRO,2024-01,13.333333333333334
KH,Cambodia,WPRO,2024-02,-83.82352941176471
KH,Cambodia,WPRO,2024-03,-36.36363636363637
KH,Cambodia,WPRO,2024-04,85.71428571428571
KH,Cambodia,WPRO,2024-05,146.15384615384613
KH,Cambodia,WPRO,2024-06,353.125
KH,Cambodia,WPRO,2024-07,-84.13793103448276
KH,Cambodia,WPRO,2024-08,-60.86956521739131
KH,Cambodia,WPRO,2024-09,-77.77777777777779
KH,Cambodia,WPRO,2024-10,-50
KH,Cambodia,WPRO,2024-11,-100
KH,Cambodia,WPRO,2024-12,Inf
KH,Cambodia,WPRO,2025-01,-100
KH,Cambodia,WPRO,2025-02,NA
KH,Cambodia,WPRO,2025-03,NA
KH,Cambodia,WPRO,2025-04,NA
KH,Cambodia,WPRO,2025-05,NA
KI,Kiribati,WPRO,2020-01,NA
KI,Kiribati,WPRO,2020-02,NA
KI,Kiribati,WPRO,2020-03,NA
KI,Kiribati,WPRO,2020-04,NA
KI,Kiribati,WPRO,2020-05,NA
KI,Kiribati,WPRO,2020-06,NA
KI,Kiribati,WPRO,2020-07,NA
KI,Kiribati,WPRO,2020-08,NA
KI,Kiribati,WPRO,2020-09,NA
KI,Kiribati,WPRO,2020-10,NA
KI,Kiribati,WPRO,2020-11,NA
KI,Kiribati,WPRO,2020-12,NA
KI,Kiribati,WPRO,2021-01,NA
KI,Kiribati,WPRO,2021-02,NA
KI,Kiribati,WPRO,2021-03,NA
KI,Kiribati,WPRO,2021-04,NA
KI,Kiribati,WPRO,2021-05,NA
KI,Kiribati,WPRO,2021-06,NA
KI,Kiribati,WPRO,2021-07,NA
KI,Kiribati,WPRO,2021-08,NA
KI,Kiribati,WPRO,2021-09,NA
KI,Kiribati,WPRO,2021-10,NA
KI,Kiribati,WPRO,2021-11,NA
KI,Kiribati,WPRO,2021-12,NA
KI,Kiribati,WPRO,2022-01,Inf
KI,Kiribati,WPRO,2022-02,600.5494505494505
KI,Kiribati,WPRO,2022-03,-94.07843137254902
KI,Kiribati,WPRO,2022-04,-92.71523178807946
KI,Kiribati,WPRO,2022-05,100
KI,Kiribati,WPRO,2022-06,527.2727272727273
KI,Kiribati,WPRO,2022-07,40.57971014492754
KI,Kiribati,WPRO,2022-08,-100
KI,Kiribati,WPRO,2022-09,NA
KI,Kiribati,WPRO,2022-10,NA
KI,Kiribati,WPRO,2022-11,NA
KI,Kiribati,WPRO,2022-12,NA
KI,Kiribati,WPRO,2023-01,Inf
KI,Kiribati,WPRO,2023-02,-99.68314321926488
KI,Kiribati,WPRO,2023-03,-80
KI,Kiribati,WPRO,2023-04,1000
KI,Kiribati,WPRO,2023-05,-63.63636363636363
KI,Kiribati,WPRO,2023-06,1200
KI,Kiribati,WPRO,2023-07,-98.07692307692308
KI,Kiribati,WPRO,2023-08,200
KI,Kiribati,WPRO,2023-09,-100
KI,Kiribati,WPRO,2023-10,NA
KI,Kiribati,WPRO,2023-11,NA
KI,Kiribati,WPRO,2023-12,NA
KI,Kiribati,WPRO,2024-01,NA
KI,Kiribati,WPRO,2024-02,NA
KI,Kiribati,WPRO,2024-03,NA
KI,Kiribati,WPRO,2024-04,NA
KI,Kiribati,WPRO,2024-05,NA
KI,Kiribati,WPRO,2024-06,NA
KI,Kiribati,WPRO,2024-07,NA
KI,Kiribati,WPRO,2024-08,NA
KI,Kiribati,WPRO,2024-09,NA
KI,Kiribati,WPRO,2024-10,NA
KI,Kiribati,WPRO,2024-11,NA
KI,Kiribati,WPRO,2024-12,NA
KI,Kiribati,WPRO,2025-01,NA
KI,Kiribati,WPRO,2025-02,NA
KI,Kiribati,WPRO,2025-03,NA
KI,Kiribati,WPRO,2025-04,NA
KI,Kiribati,WPRO,2025-05,NA
KM,Comoros,AFRO,2020-01,NA
KM,Comoros,AFRO,2020-02,NA
KM,Comoros,AFRO,2020-03,NA
KM,Comoros,AFRO,2020-04,NA
KM,Comoros,AFRO,2020-05,Inf
KM,Comoros,AFRO,2020-06,159.6774193548387
KM,Comoros,AFRO,2020-07,-62.11180124223602
KM,Comoros,AFRO,2020-08,13.114754098360656
KM,Comoros,AFRO,2020-09,-26.08695652173913
KM,Comoros,AFRO,2020-10,0
KM,Comoros,AFRO,2020-11,68.62745098039215
KM,Comoros,AFRO,2020-12,39.53488372093023
KM,Comoros,AFRO,2021-01,1555.8333333333333
KM,Comoros,AFRO,2021-02,-57.07096124811273
KM,Comoros,AFRO,2021-03,-86.04923798358733
KM,Comoros,AFRO,2021-04,75.63025210084034
KM,Comoros,AFRO,2021-05,-75.11961722488039
KM,Comoros,AFRO,2021-06,-17.307692307692307
KM,Comoros,AFRO,2021-07,125.5813953488372
KM,Comoros,AFRO,2021-08,-57.73195876288659
KM,Comoros,AFRO,2021-09,34.146341463414636
KM,Comoros,AFRO,2021-10,158.1818181818182
KM,Comoros,AFRO,2021-11,68.30985915492957
KM,Comoros,AFRO,2021-12,362.3430962343096
KM,Comoros,AFRO,2022-01,101.44796380090496
KM,Comoros,AFRO,2022-02,-90.8355795148248
KM,Comoros,AFRO,2022-03,-75.49019607843137
KM,Comoros,AFRO,2022-04,-56.00000000000001
KM,Comoros,AFRO,2022-05,-9.090909090909092
KM,Comoros,AFRO,2022-06,-5
KM,Comoros,AFRO,2022-07,873.6842105263157
KM,Comoros,AFRO,2022-08,-34.5945945945946
KM,Comoros,AFRO,2022-09,-81.81818181818183
KM,Comoros,AFRO,2022-10,1559.0909090909092
KM,Comoros,AFRO,2022-11,-64.93150684931507
KM,Comoros,AFRO,2022-12,-86.71875
KM,Comoros,AFRO,2023-01,-35.294117647058826
KM,Comoros,AFRO,2023-02,-9.090909090909092
KM,Comoros,AFRO,2023-03,670
KM,Comoros,AFRO,2023-04,-62.33766233766234
KM,Comoros,AFRO,2023-05,-100
KM,Comoros,AFRO,2023-06,NA
KM,Comoros,AFRO,2023-07,NA
KM,Comoros,AFRO,2023-08,NA
KM,Comoros,AFRO,2023-09,NA
KM,Comoros,AFRO,2023-10,NA
KM,Comoros,AFRO,2023-11,NA
KM,Comoros,AFRO,2023-12,NA
KM,Comoros,AFRO,2024-01,NA
KM,Comoros,AFRO,2024-02,NA
KM,Comoros,AFRO,2024-03,NA
KM,Comoros,AFRO,2024-04,NA
KM,Comoros,AFRO,2024-05,NA
KM,Comoros,AFRO,2024-06,NA
KM,Comoros,AFRO,2024-07,NA
KM,Comoros,AFRO,2024-08,NA
KM,Comoros,AFRO,2024-09,NA
KM,Comoros,AFRO,2024-10,NA
KM,Comoros,AFRO,2024-11,NA
KM,Comoros,AFRO,2024-12,NA
KM,Comoros,AFRO,2025-01,NA
KM,Comoros,AFRO,2025-02,NA
KM,Comoros,AFRO,2025-03,NA
KM,Comoros,AFRO,2025-04,NA
KM,Comoros,AFRO,2025-05,NA
KN,Saint Kitts and Nevis,AMRO,2020-01,NA
KN,Saint Kitts and Nevis,AMRO,2020-02,NA
KN,Saint Kitts and Nevis,AMRO,2020-03,Inf
KN,Saint Kitts and Nevis,AMRO,2020-04,550
KN,Saint Kitts and Nevis,AMRO,2020-05,-100
KN,Saint Kitts and Nevis,AMRO,2020-06,NA
KN,Saint Kitts and Nevis,AMRO,2020-07,Inf
KN,Saint Kitts and Nevis,AMRO,2020-08,-100
KN,Saint Kitts and Nevis,AMRO,2020-09,Inf
KN,Saint Kitts and Nevis,AMRO,2020-10,-100
KN,Saint Kitts and Nevis,AMRO,2020-11,Inf
KN,Saint Kitts and Nevis,AMRO,2020-12,166.66666666666669
KN,Saint Kitts and Nevis,AMRO,2021-01,-12.5
KN,Saint Kitts and Nevis,AMRO,2021-02,-42.857142857142854
KN,Saint Kitts and Nevis,AMRO,2021-03,-25
KN,Saint Kitts and Nevis,AMRO,2021-04,-100
KN,Saint Kitts and Nevis,AMRO,2021-05,Inf
KN,Saint Kitts and Nevis,AMRO,2021-06,1400
KN,Saint Kitts and Nevis,AMRO,2021-07,-62.5
KN,Saint Kitts and Nevis,AMRO,2021-08,241.4814814814815
KN,Saint Kitts and Nevis,AMRO,2021-09,75.92190889370933
KN,Saint Kitts and Nevis,AMRO,2021-10,2.7127003699136867
KN,Saint Kitts and Nevis,AMRO,2021-11,-86.67466986794717
KN,Saint Kitts and Nevis,AMRO,2021-12,-48.64864864864865
KN,Saint Kitts and Nevis,AMRO,2022-01,4403.508771929824
KN,Saint Kitts and Nevis,AMRO,2022-02,-95.20841449162448
KN,Saint Kitts and Nevis,AMRO,2022-03,-82.11382113821138
KN,Saint Kitts and Nevis,AMRO,2022-04,-36.36363636363637
KN,Saint Kitts and Nevis,AMRO,2022-05,935.7142857142858
KN,Saint Kitts and Nevis,AMRO,2022-06,65.51724137931035
KN,Saint Kitts and Nevis,AMRO,2022-07,112.08333333333331
KN,Saint Kitts and Nevis,AMRO,2022-08,-89.58742632612967
KN,Saint Kitts and Nevis,AMRO,2022-09,-35.84905660377358
KN,Saint Kitts and Nevis,AMRO,2022-10,-85.29411764705883
KN,Saint Kitts and Nevis,AMRO,2022-11,60
KN,Saint Kitts and Nevis,AMRO,2022-12,-25
KN,Saint Kitts and Nevis,AMRO,2023-01,383.33333333333337
KN,Saint Kitts and Nevis,AMRO,2023-02,-82.75862068965517
KN,Saint Kitts and Nevis,AMRO,2023-03,-80
KN,Saint Kitts and Nevis,AMRO,2023-04,0
KN,Saint Kitts and Nevis,AMRO,2023-05,300
KN,Saint Kitts and Nevis,AMRO,2023-06,0
KN,Saint Kitts and Nevis,AMRO,2023-07,-75
KN,Saint Kitts and Nevis,AMRO,2023-08,-100
KN,Saint Kitts and Nevis,AMRO,2023-09,NA
KN,Saint Kitts and Nevis,AMRO,2023-10,NA
KN,Saint Kitts and Nevis,AMRO,2023-11,NA
KN,Saint Kitts and Nevis,AMRO,2023-12,NA
KN,Saint Kitts and Nevis,AMRO,2024-01,NA
KN,Saint Kitts and Nevis,AMRO,2024-02,NA
KN,Saint Kitts and Nevis,AMRO,2024-03,NA
KN,Saint Kitts and Nevis,AMRO,2024-04,NA
KN,Saint Kitts and Nevis,AMRO,2024-05,NA
KN,Saint Kitts and Nevis,AMRO,2024-06,NA
KN,Saint Kitts and Nevis,AMRO,2024-07,NA
KN,Saint Kitts and Nevis,AMRO,2024-08,NA
KN,Saint Kitts and Nevis,AMRO,2024-09,NA
KN,Saint Kitts and Nevis,AMRO,2024-10,NA
KN,Saint Kitts and Nevis,AMRO,2024-11,NA
KN,Saint Kitts and Nevis,AMRO,2024-12,NA
KN,Saint Kitts and Nevis,AMRO,2025-01,NA
KN,Saint Kitts and Nevis,AMRO,2025-02,NA
KN,Saint Kitts and Nevis,AMRO,2025-03,NA
KN,Saint Kitts and Nevis,AMRO,2025-04,NA
KN,Saint Kitts and Nevis,AMRO,2025-05,NA
KP,Democratic People's Republic of Korea,SEARO,2020-01,NA
KP,Democratic People's Republic of Korea,SEARO,2020-02,NA
KP,Democratic People's Republic of Korea,SEARO,2020-03,NA
KP,Democratic People's Republic of Korea,SEARO,2020-04,NA
KP,Democratic People's Republic of Korea,SEARO,2020-05,NA
KP,Democratic People's Republic of Korea,SEARO,2020-06,NA
KP,Democratic People's Republic of Korea,SEARO,2020-07,NA
KP,Democratic People's Republic of Korea,SEARO,2020-08,NA
KP,Democratic People's Republic of Korea,SEARO,2020-09,NA
KP,Democratic People's Republic of Korea,SEARO,2020-10,NA
KP,Democratic People's Republic of Korea,SEARO,2020-11,NA
KP,Democratic People's Republic of Korea,SEARO,2020-12,NA
KP,Democratic People's Republic of Korea,SEARO,2021-01,NA
KP,Democratic People's Republic of Korea,SEARO,2021-02,NA
KP,Democratic People's Republic of Korea,SEARO,2021-03,NA
KP,Democratic People's Republic of Korea,SEARO,2021-04,NA
KP,Democratic People's Republic of Korea,SEARO,2021-05,NA
KP,Democratic People's Republic of Korea,SEARO,2021-06,NA
KP,Democratic People's Republic of Korea,SEARO,2021-07,NA
KP,Democratic People's Republic of Korea,SEARO,2021-08,NA
KP,Democratic People's Republic of Korea,SEARO,2021-09,NA
KP,Democratic People's Republic of Korea,SEARO,2021-10,NA
KP,Democratic People's Republic of Korea,SEARO,2021-11,NA
KP,Democratic People's Republic of Korea,SEARO,2021-12,NA
KP,Democratic People's Republic of Korea,SEARO,2022-01,NA
KP,Democratic People's Republic of Korea,SEARO,2022-02,NA
KP,Democratic People's Republic of Korea,SEARO,2022-03,NA
KP,Democratic People's Republic of Korea,SEARO,2022-04,NA
KP,Democratic People's Republic of Korea,SEARO,2022-05,NA
KP,Democratic People's Republic of Korea,SEARO,2022-06,NA
KP,Democratic People's Republic of Korea,SEARO,2022-07,NA
KP,Democratic People's Republic of Korea,SEARO,2022-08,NA
KP,Democratic People's Republic of Korea,SEARO,2022-09,NA
KP,Democratic People's Republic of Korea,SEARO,2022-10,NA
KP,Democratic People's Republic of Korea,SEARO,2022-11,NA
KP,Democratic People's Republic of Korea,SEARO,2022-12,NA
KP,Democratic People's Republic of Korea,SEARO,2023-01,NA
KP,Democratic People's Republic of Korea,SEARO,2023-02,NA
KP,Democratic People's Republic of Korea,SEARO,2023-03,NA
KP,Democratic People's Republic of Korea,SEARO,2023-04,NA
KP,Democratic People's Republic of Korea,SEARO,2023-05,NA
KP,Democratic People's Republic of Korea,SEARO,2023-06,NA
KP,Democratic People's Republic of Korea,SEARO,2023-07,NA
KP,Democratic People's Republic of Korea,SEARO,2023-08,NA
KP,Democratic People's Republic of Korea,SEARO,2023-09,NA
KP,Democratic People's Republic of Korea,SEARO,2023-10,NA
KP,Democratic People's Republic of Korea,SEARO,2023-11,NA
KP,Democratic People's Republic of Korea,SEARO,2023-12,NA
KP,Democratic People's Republic of Korea,SEARO,2024-01,NA
KP,Democratic People's Republic of Korea,SEARO,2024-02,NA
KP,Democratic People's Republic of Korea,SEARO,2024-03,NA
KP,Democratic People's Republic of Korea,SEARO,2024-04,NA
KP,Democratic People's Republic of Korea,SEARO,2024-05,NA
KP,Democratic People's Republic of Korea,SEARO,2024-06,NA
KP,Democratic People's Republic of Korea,SEARO,2024-07,NA
KP,Democratic People's Republic of Korea,SEARO,2024-08,NA
KP,Democratic People's Republic of Korea,SEARO,2024-09,NA
KP,Democratic People's Republic of Korea,SEARO,2024-10,NA
KP,Democratic People's Republic of Korea,SEARO,2024-11,NA
KP,Democratic People's Republic of Korea,SEARO,2024-12,NA
KP,Democratic People's Republic of Korea,SEARO,2025-01,NA
KP,Democratic People's Republic of Korea,SEARO,2025-02,NA
KP,Democratic People's Republic of Korea,SEARO,2025-03,NA
KP,Democratic People's Republic of Korea,SEARO,2025-04,NA
KP,Democratic People's Republic of Korea,SEARO,2025-05,NA
KR,Republic of Korea,WPRO,2020-01,NA
KR,Republic of Korea,WPRO,2020-02,18333.333333333336
KR,Republic of Korea,WPRO,2020-03,1532.368896925859
KR,Republic of Korea,WPRO,2020-04,-87.31583028691703
KR,Republic of Korea,WPRO,2020-05,-35.37117903930131
KR,Republic of Korea,WPRO,2020-06,68.51351351351352
KR,Republic of Korea,WPRO,2020-07,15.076182838813152
KR,Republic of Korea,WPRO,2020-08,286.6898954703833
KR,Republic of Korea,WPRO,2020-09,-29.500810956929175
KR,Republic of Korea,WPRO,2020-10,-43.123721881390594
KR,Republic of Korea,WPRO,2020-11,256.17977528089887
KR,Republic of Korea,WPRO,2020-12,191.4069400630915
KR,Republic of Korea,WPRO,2021-01,-6.261366588724345
KR,Republic of Korea,WPRO,2021-02,-46.79878048780488
KR,Republic of Korea,WPRO,2021-03,5.122861856386212
KR,Republic of Korea,WPRO,2021-04,42.48781696539192
KR,Republic of Korea,WPRO,2021-05,21.50020288678917
KR,Republic of Korea,WPRO,2021-06,-27.318702290076335
KR,Republic of Korea,WPRO,2021-07,127.08415386635158
KR,Republic of Korea,WPRO,2021-08,73.10227207030121
KR,Republic of Korea,WPRO,2021-09,-10.65243892256567
KR,Republic of Korea,WPRO,2021-10,17.434210526315788
KR,Republic of Korea,WPRO,2021-11,23.842946269416856
KR,Republic of Korea,WPRO,2021-12,115.21982188066262
KR,Republic of Korea,WPRO,2022-01,39.74646053896542
KR,Republic of Korea,WPRO,2022-02,877.9675429001163
KR,Republic of Korea,WPRO,2022-03,287.47748231900545
KR,Republic of Korea,WPRO,2022-04,-44.447476427024526
KR,Republic of Korea,WPRO,2022-05,-76.51654376318092
KR,Republic of Korea,WPRO,2022-06,-78.99844676876907
KR,Republic of Korea,WPRO,2022-07,495.3785559067562
KR,Republic of Korea,WPRO,2022-08,121.74119520788705
KR,Republic of Korea,WPRO,2022-09,-48.98914135935018
KR,Republic of Korea,WPRO,2022-10,-43.85715420672122
KR,Republic of Korea,WPRO,2022-11,52.25439792918248
KR,Republic of Korea,WPRO,2022-12,23.07986533373084
KR,Republic of Korea,WPRO,2023-01,-13.417819753139486
KR,Republic of Korea,WPRO,2023-02,-76.56717739673918
KR,Republic of Korea,WPRO,2023-03,-22.5892343326357
KR,Republic of Korea,WPRO,2023-04,48.54389040528445
KR,Republic of Korea,WPRO,2023-05,18.53870477802953
KR,Republic of Korea,WPRO,2023-06,-21.965313062528487
KR,Republic of Korea,WPRO,2023-07,132.72509979462362
KR,Republic of Korea,WPRO,2023-08,49.977330662361034
KR,Republic of Korea,WPRO,2023-09,-69.76401816905862
KR,Republic of Korea,WPRO,2023-10,-100
KR,Republic of Korea,WPRO,2023-11,NA
KR,Republic of Korea,WPRO,2023-12,NA
KR,Republic of Korea,WPRO,2024-01,NA
KR,Republic of Korea,WPRO,2024-02,NA
KR,Republic of Korea,WPRO,2024-03,NA
KR,Republic of Korea,WPRO,2024-04,NA
KR,Republic of Korea,WPRO,2024-05,NA
KR,Republic of Korea,WPRO,2024-06,NA
KR,Republic of Korea,WPRO,2024-07,NA
KR,Republic of Korea,WPRO,2024-08,NA
KR,Republic of Korea,WPRO,2024-09,NA
KR,Republic of Korea,WPRO,2024-10,NA
KR,Republic of Korea,WPRO,2024-11,NA
KR,Republic of Korea,WPRO,2024-12,NA
KR,Republic of Korea,WPRO,2025-01,NA
KR,Republic of Korea,WPRO,2025-02,NA
KR,Republic of Korea,WPRO,2025-03,NA
KR,Republic of Korea,WPRO,2025-04,NA
KR,Republic of Korea,WPRO,2025-05,NA
KW,Kuwait,EMRO,2020-01,NA
KW,Kuwait,EMRO,2020-02,NA
KW,Kuwait,EMRO,2020-03,Inf
KW,Kuwait,EMRO,2020-04,1030.6382978723404
KW,Kuwait,EMRO,2020-05,776.9288671433948
KW,Kuwait,EMRO,2020-06,-21.892703862660944
KW,Kuwait,EMRO,2020-07,3.9507665256332767
KW,Kuwait,EMRO,2020-08,10.556084152658842
KW,Kuwait,EMRO,2020-09,-9.275639493186707
KW,Kuwait,EMRO,2020-10,-6.571805006587615
KW,Kuwait,EMRO,2020-11,19.96841155234657
KW,Kuwait,EMRO,2020-12,-65.89242053789731
KW,Kuwait,EMRO,2021-01,109.16735594154947
KW,Kuwait,EMRO,2021-02,66.5326566928096
KW,Kuwait,EMRO,2021-03,47.57004907392749
KW,Kuwait,EMRO,2021-04,2.5155546020167345
KW,Kuwait,EMRO,2021-05,8.075655313137654
KW,Kuwait,EMRO,2021-06,4.582092803717958
KW,Kuwait,EMRO,2021-07,-3.1199370457806785
KW,Kuwait,EMRO,2021-08,-57.99608199149505
KW,Kuwait,EMRO,2021-09,-88.14696849050165
KW,Kuwait,EMRO,2021-10,-42.130518234165066
KW,Kuwait,EMRO,2021-11,-49.17081260364842
KW,Kuwait,EMRO,2021-12,168.35236541598695
KW,Kuwait,EMRO,2022-01,7143.22188449848
KW,Kuwait,EMRO,2022-02,-28.963248315163113
KW,Kuwait,EMRO,2022-03,-88.47248969175695
KW,Kuwait,EMRO,2022-04,-69.775545762017
KW,Kuwait,EMRO,2022-05,-35.334011529331974
KW,Kuwait,EMRO,2022-06,354.5883586785527
KW,Kuwait,EMRO,2022-07,46.33752451263122
KW,Kuwait,EMRO,2022-08,-78.52751064165221
KW,Kuwait,EMRO,2022-09,-28.450807635829666
KW,Kuwait,EMRO,2022-10,42.58594150846588
KW,Kuwait,EMRO,2022-11,-78.26556315221302
KW,Kuwait,EMRO,2022-12,-68.37748344370861
KW,Kuwait,EMRO,2023-01,19.3717277486911
KW,Kuwait,EMRO,2023-02,35.96491228070175
KW,Kuwait,EMRO,2023-03,437.4193548387096
KW,Kuwait,EMRO,2023-04,-59.18367346938776
KW,Kuwait,EMRO,2023-05,-81.02941176470588
KW,Kuwait,EMRO,2023-06,-66.66666666666666
KW,Kuwait,EMRO,2023-07,-13.953488372093023
KW,Kuwait,EMRO,2023-08,202.7027027027027
KW,Kuwait,EMRO,2023-09,43.75
KW,Kuwait,EMRO,2023-10,25.465838509316768
KW,Kuwait,EMRO,2023-11,-78.71287128712872
KW,Kuwait,EMRO,2023-12,32.55813953488372
KW,Kuwait,EMRO,2024-01,556.140350877193
KW,Kuwait,EMRO,2024-02,-47.05882352941176
KW,Kuwait,EMRO,2024-03,-67.17171717171718
KW,Kuwait,EMRO,2024-04,3.076923076923077
KW,Kuwait,EMRO,2024-05,-100
KW,Kuwait,EMRO,2024-06,NA
KW,Kuwait,EMRO,2024-07,NA
KW,Kuwait,EMRO,2024-08,NA
KW,Kuwait,EMRO,2024-09,NA
KW,Kuwait,EMRO,2024-10,NA
KW,Kuwait,EMRO,2024-11,NA
KW,Kuwait,EMRO,2024-12,NA
KW,Kuwait,EMRO,2025-01,NA
KW,Kuwait,EMRO,2025-02,NA
KW,Kuwait,EMRO,2025-03,NA
KW,Kuwait,EMRO,2025-04,NA
KW,Kuwait,EMRO,2025-05,NA
KY,Cayman Islands,AMRO,2020-01,NA
KY,Cayman Islands,AMRO,2020-02,NA
KY,Cayman Islands,AMRO,2020-03,Inf
KY,Cayman Islands,AMRO,2020-04,675
KY,Cayman Islands,AMRO,2020-05,14.516129032258066
KY,Cayman Islands,AMRO,2020-06,-22.535211267605636
KY,Cayman Islands,AMRO,2020-07,-87.27272727272727
KY,Cayman Islands,AMRO,2020-08,-71.42857142857143
KY,Cayman Islands,AMRO,2020-09,150
KY,Cayman Islands,AMRO,2020-10,480
KY,Cayman Islands,AMRO,2020-11,20.689655172413794
KY,Cayman Islands,AMRO,2020-12,25.71428571428571
KY,Cayman Islands,AMRO,2021-01,63.63636363636363
KY,Cayman Islands,AMRO,2021-02,-33.33333333333333
KY,Cayman Islands,AMRO,2021-03,2.083333333333333
KY,Cayman Islands,AMRO,2021-04,-4.081632653061225
KY,Cayman Islands,AMRO,2021-05,0
KY,Cayman Islands,AMRO,2021-06,-40.42553191489361
KY,Cayman Islands,AMRO,2021-07,-3.571428571428571
KY,Cayman Islands,AMRO,2021-08,62.96296296296296
KY,Cayman Islands,AMRO,2021-09,161.36363636363637
KY,Cayman Islands,AMRO,2021-10,643.4782608695652
KY,Cayman Islands,AMRO,2021-11,495.0877192982456
KY,Cayman Islands,AMRO,2021-12,-67.61006289308176
KY,Cayman Islands,AMRO,2022-01,227.79126213592232
KY,Cayman Islands,AMRO,2022-02,3.3876342095520178
KY,Cayman Islands,AMRO,2022-03,-77.92300805729633
KY,Cayman Islands,AMRO,2022-04,-6.81265206812652
KY,Cayman Islands,AMRO,2022-05,136.90165361183637
KY,Cayman Islands,AMRO,2022-06,-1.0286554004408524
KY,Cayman Islands,AMRO,2022-07,-28.06236080178174
KY,Cayman Islands,AMRO,2022-08,-51.08359133126935
KY,Cayman Islands,AMRO,2022-09,-48.52320675105485
KY,Cayman Islands,AMRO,2022-10,-5.532786885245901
KY,Cayman Islands,AMRO,2022-11,-59.219088937093275
KY,Cayman Islands,AMRO,2022-12,47.87234042553192
KY,Cayman Islands,AMRO,2023-01,-100
KY,Cayman Islands,AMRO,2023-02,NA
KY,Cayman Islands,AMRO,2023-03,NA
KY,Cayman Islands,AMRO,2023-04,NA
KY,Cayman Islands,AMRO,2023-05,NA
KY,Cayman Islands,AMRO,2023-06,NA
KY,Cayman Islands,AMRO,2023-07,NA
KY,Cayman Islands,AMRO,2023-08,NA
KY,Cayman Islands,AMRO,2023-09,NA
KY,Cayman Islands,AMRO,2023-10,NA
KY,Cayman Islands,AMRO,2023-11,NA
KY,Cayman Islands,AMRO,2023-12,NA
KY,Cayman Islands,AMRO,2024-01,NA
KY,Cayman Islands,AMRO,2024-02,NA
KY,Cayman Islands,AMRO,2024-03,NA
KY,Cayman Islands,AMRO,2024-04,NA
KY,Cayman Islands,AMRO,2024-05,NA
KY,Cayman Islands,AMRO,2024-06,NA
KY,Cayman Islands,AMRO,2024-07,NA
KY,Cayman Islands,AMRO,2024-08,NA
KY,Cayman Islands,AMRO,2024-09,NA
KY,Cayman Islands,AMRO,2024-10,NA
KY,Cayman Islands,AMRO,2024-11,NA
KY,Cayman Islands,AMRO,2024-12,NA
KY,Cayman Islands,AMRO,2025-01,NA
KY,Cayman Islands,AMRO,2025-02,NA
KY,Cayman Islands,AMRO,2025-03,NA
KY,Cayman Islands,AMRO,2025-04,NA
KY,Cayman Islands,AMRO,2025-05,NA
KZ,Kazakhstan,EURO,2020-01,NA
KZ,Kazakhstan,EURO,2020-02,NA
KZ,Kazakhstan,EURO,2020-03,Inf
KZ,Kazakhstan,EURO,2020-04,715.8450704225352
KZ,Kazakhstan,EURO,2020-05,256.3659905049633
KZ,Kazakhstan,EURO,2020-06,108.36865689717816
KZ,Kazakhstan,EURO,2020-07,211.86864283638477
KZ,Kazakhstan,EURO,2020-08,-7.519988072385709
KZ,Kazakhstan,EURO,2020-09,-82.19942767320947
KZ,Kazakhstan,EURO,2020-10,-19.370542284614515
KZ,Kazakhstan,EURO,2020-11,260.46054479078913
KZ,Kazakhstan,EURO,2020-12,-5.839046431910252
KZ,Kazakhstan,EURO,2021-01,54.82976875025856
KZ,Kazakhstan,EURO,2021-02,-26.459507841932293
KZ,Kazakhstan,EURO,2021-03,4.269001598604854
KZ,Kazakhstan,EURO,2021-04,137.08840029269314
KZ,Kazakhstan,EURO,2021-05,19.830398871285382
KZ,Kazakhstan,EURO,2021-06,-57.47838351628135
KZ,Kazakhstan,EURO,2021-07,228.28670320161524
KZ,Kazakhstan,EURO,2021-08,129.05277770456084
KZ,Kazakhstan,EURO,2021-09,-60.55711332139118
KZ,Kazakhstan,EURO,2021-10,-35.371688645116116
KZ,Kazakhstan,EURO,2021-11,-49.167870470687376
KZ,Kazakhstan,EURO,2021-12,-48.95947426067908
KZ,Kazakhstan,EURO,2022-01,1306.1245795151376
KZ,Kazakhstan,EURO,2022-02,-67.88330501064164
KZ,Kazakhstan,EURO,2022-03,-95.54356899762408
KZ,Kazakhstan,EURO,2022-04,-79.65417867435158
KZ,Kazakhstan,EURO,2022-05,-23.79603399433428
KZ,Kazakhstan,EURO,2022-06,7.62081784386617
KZ,Kazakhstan,EURO,2022-07,7543.868739205527
KZ,Kazakhstan,EURO,2022-08,-14.67983189479868
KZ,Kazakhstan,EURO,2022-09,-84.85739254786685
KZ,Kazakhstan,EURO,2022-10,-70.04197271773347
KZ,Kazakhstan,EURO,2022-11,8.231173380035026
KZ,Kazakhstan,EURO,2022-12,194.0129449838188
KZ,Kazakhstan,EURO,2023-01,-21.90423775454045
KZ,Kazakhstan,EURO,2023-02,-49.330514446793515
KZ,Kazakhstan,EURO,2023-03,-17.89522484932777
KZ,Kazakhstan,EURO,2023-04,24.44946357989836
KZ,Kazakhstan,EURO,2023-05,-88.79310344827587
KZ,Kazakhstan,EURO,2023-06,-100
KZ,Kazakhstan,EURO,2023-07,NA
KZ,Kazakhstan,EURO,2023-08,NA
KZ,Kazakhstan,EURO,2023-09,NA
KZ,Kazakhstan,EURO,2023-10,NA
KZ,Kazakhstan,EURO,2023-11,Inf
KZ,Kazakhstan,EURO,2023-12,-8.791208791208792
KZ,Kazakhstan,EURO,2024-01,116.86746987951808
KZ,Kazakhstan,EURO,2024-02,47.5
KZ,Kazakhstan,EURO,2024-03,-61.016949152542374
KZ,Kazakhstan,EURO,2024-04,-74.8792270531401
KZ,Kazakhstan,EURO,2024-05,-71.15384615384616
KZ,Kazakhstan,EURO,2024-06,-100
KZ,Kazakhstan,EURO,2024-07,NA
KZ,Kazakhstan,EURO,2024-08,NA
KZ,Kazakhstan,EURO,2024-09,NA
KZ,Kazakhstan,EURO,2024-10,NA
KZ,Kazakhstan,EURO,2024-11,NA
KZ,Kazakhstan,EURO,2024-12,NA
KZ,Kazakhstan,EURO,2025-01,NA
KZ,Kazakhstan,EURO,2025-02,NA
KZ,Kazakhstan,EURO,2025-03,NA
KZ,Kazakhstan,EURO,2025-04,NA
KZ,Kazakhstan,EURO,2025-05,NA
LA,Lao People's Democratic Republic,WPRO,2020-01,NA
LA,Lao People's Democratic Republic,WPRO,2020-02,NA
LA,Lao People's Democratic Republic,WPRO,2020-03,Inf
LA,Lao People's Democratic Republic,WPRO,2020-04,116.66666666666669
LA,Lao People's Democratic Republic,WPRO,2020-05,-100
LA,Lao People's Democratic Republic,WPRO,2020-06,NA
LA,Lao People's Democratic Republic,WPRO,2020-07,Inf
LA,Lao People's Democratic Republic,WPRO,2020-08,100
LA,Lao People's Democratic Republic,WPRO,2020-09,-50
LA,Lao People's Democratic Republic,WPRO,2020-10,0
LA,Lao People's Democratic Republic,WPRO,2020-11,1400
LA,Lao People's Democratic Republic,WPRO,2020-12,-86.66666666666667
LA,Lao People's Democratic Republic,WPRO,2021-01,50
LA,Lao People's Democratic Republic,WPRO,2021-02,-66.66666666666666
LA,Lao People's Democratic Republic,WPRO,2021-03,300
LA,Lao People's Democratic Republic,WPRO,2021-04,6475
LA,Lao People's Democratic Republic,WPRO,2021-05,485.171102661597
LA,Lao People's Democratic Republic,WPRO,2021-06,-87.06952566601689
LA,Lao People's Democratic Republic,WPRO,2021-07,1262.8140703517588
LA,Lao People's Democratic Republic,WPRO,2021-08,264.2699115044248
LA,Lao People's Democratic Republic,WPRO,2021-09,-27.340823970037455
LA,Lao People's Democratic Republic,WPRO,2021-10,157.06324881582614
LA,Lao People's Democratic Republic,WPRO,2021-11,69.34207673964882
LA,Lao People's Democratic Republic,WPRO,2021-12,11.092264857426311
LA,Lao People's Democratic Republic,WPRO,2022-01,-21.37527727364388
LA,Lao People's Democratic Republic,WPRO,2022-02,-66.71307661305097
LA,Lao People's Democratic Republic,WPRO,2022-03,179.40561364887176
LA,Lao People's Democratic Republic,WPRO,2022-04,46.852347935707535
LA,Lao People's Democratic Republic,WPRO,2022-05,-87.40510234192665
LA,Lao People's Democratic Republic,WPRO,2022-06,-93.99361022364218
LA,Lao People's Democratic Republic,WPRO,2022-07,235.1063829787234
LA,Lao People's Democratic Republic,WPRO,2022-08,169.41798941798942
LA,Lao People's Democratic Republic,WPRO,2022-09,-23.29143754909662
LA,Lao People's Democratic Republic,WPRO,2022-10,-72.452636968766
LA,Lao People's Democratic Republic,WPRO,2022-11,-32.52788104089219
LA,Lao People's Democratic Republic,WPRO,2022-12,189.25619834710744
LA,Lao People's Democratic Republic,WPRO,2023-01,-69.52380952380952
LA,Lao People's Democratic Republic,WPRO,2023-02,-83.75
LA,Lao People's Democratic Republic,WPRO,2023-03,-63.46153846153846
LA,Lao People's Democratic Republic,WPRO,2023-04,131.57894736842107
LA,Lao People's Democratic Republic,WPRO,2023-05,236.36363636363637
LA,Lao People's Democratic Republic,WPRO,2023-06,31.08108108108108
LA,Lao People's Democratic Republic,WPRO,2023-07,64.94845360824742
LA,Lao People's Democratic Republic,WPRO,2023-08,-79.375
LA,Lao People's Democratic Republic,WPRO,2023-09,-10.606060606060606
LA,Lao People's Democratic Republic,WPRO,2023-10,-54.23728813559322
LA,Lao People's Democratic Republic,WPRO,2023-11,-74.07407407407408
LA,Lao People's Democratic Republic,WPRO,2023-12,14.285714285714285
LA,Lao People's Democratic Republic,WPRO,2024-01,0
LA,Lao People's Democratic Republic,WPRO,2024-02,225
LA,Lao People's Democratic Republic,WPRO,2024-03,-15.384615384615383
LA,Lao People's Democratic Republic,WPRO,2024-04,209.0909090909091
LA,Lao People's Democratic Republic,WPRO,2024-05,-77.94117647058823
LA,Lao People's Democratic Republic,WPRO,2024-06,-26.666666666666668
LA,Lao People's Democratic Republic,WPRO,2024-07,-63.63636363636363
LA,Lao People's Democratic Republic,WPRO,2024-08,-100
LA,Lao People's Democratic Republic,WPRO,2024-09,NA
LA,Lao People's Democratic Republic,WPRO,2024-10,NA
LA,Lao People's Democratic Republic,WPRO,2024-11,NA
LA,Lao People's Democratic Republic,WPRO,2024-12,NA
LA,Lao People's Democratic Republic,WPRO,2025-01,NA
LA,Lao People's Democratic Republic,WPRO,2025-02,NA
LA,Lao People's Democratic Republic,WPRO,2025-03,NA
LA,Lao People's Democratic Republic,WPRO,2025-04,NA
LA,Lao People's Democratic Republic,WPRO,2025-05,NA
LB,Lebanon,EMRO,2020-01,NA
LB,Lebanon,EMRO,2020-02,Inf
LB,Lebanon,EMRO,2020-03,41000
LB,Lebanon,EMRO,2020-04,-28.953771289537713
LB,Lebanon,EMRO,2020-05,66.78082191780823
LB,Lebanon,EMRO,2020-06,8.41889117043121
LB,Lebanon,EMRO,2020-07,252.8409090909091
LB,Lebanon,EMRO,2020-08,581.3204508856683
LB,Lebanon,EMRO,2020-09,49.31852202001103
LB,Lebanon,EMRO,2020-10,83.41159710863715
LB,Lebanon,EMRO,2020-11,60.079972383637305
LB,Lebanon,EMRO,2020-12,-21.226660916132047
LB,Lebanon,EMRO,2021-01,195.2914337857876
LB,Lebanon,EMRO,2021-02,-42.937709072086896
LB,Lebanon,EMRO,2021-03,15.84170480084482
LB,Lebanon,EMRO,2021-04,-28.383764010144574
LB,Lebanon,EMRO,2021-05,-66.51761672405634
LB,Lebanon,EMRO,2021-06,-79.72900521518741
LB,Lebanon,EMRO,2021-07,144.45780235633566
LB,Lebanon,EMRO,2021-08,341.03472017310906
LB,Lebanon,EMRO,2021-09,-49.96208742194469
LB,Lebanon,EMRO,2021-10,-12.626465213709498
LB,Lebanon,EMRO,2021-11,29.713323811467045
LB,Lebanon,EMRO,2021-12,74.96165794958512
LB,Lebanon,EMRO,2022-01,341.80845564271425
LB,Lebanon,EMRO,2022-02,-19.88248162185537
LB,Lebanon,EMRO,2022-03,-84.00398773200916
LB,Lebanon,EMRO,2022-04,-76.88857131515223
LB,Lebanon,EMRO,2022-05,-52.851253864651326
LB,Lebanon,EMRO,2022-06,211.00182149362476
LB,Lebanon,EMRO,2022-07,657.4909218695092
LB,Lebanon,EMRO,2022-08,-44.942551842516274
LB,Lebanon,EMRO,2022-09,-80.28592293000787
LB,Lebanon,EMRO,2022-10,-46.74455050577006
LB,Lebanon,EMRO,2022-11,-53.04975922953451
LB,Lebanon,EMRO,2022-12,-0.7977207977207977
LB,Lebanon,EMRO,2023-01,252.441125789776
LB,Lebanon,EMRO,2023-02,-43.75814863102999
LB,Lebanon,EMRO,2023-03,-25.18110692552883
LB,Lebanon,EMRO,2023-04,-4.686289697908598
LB,Lebanon,EMRO,2023-05,-67.49288906948395
LB,Lebanon,EMRO,2023-06,24.5
LB,Lebanon,EMRO,2023-07,-100
LB,Lebanon,EMRO,2023-08,Inf
LB,Lebanon,EMRO,2023-09,-100
LB,Lebanon,EMRO,2023-10,NA
LB,Lebanon,EMRO,2023-11,NA
LB,Lebanon,EMRO,2023-12,NA
LB,Lebanon,EMRO,2024-01,NA
LB,Lebanon,EMRO,2024-02,NA
LB,Lebanon,EMRO,2024-03,NA
LB,Lebanon,EMRO,2024-04,NA
LB,Lebanon,EMRO,2024-05,NA
LB,Lebanon,EMRO,2024-06,NA
LB,Lebanon,EMRO,2024-07,NA
LB,Lebanon,EMRO,2024-08,NA
LB,Lebanon,EMRO,2024-09,NA
LB,Lebanon,EMRO,2024-10,NA
LB,Lebanon,EMRO,2024-11,NA
LB,Lebanon,EMRO,2024-12,NA
LB,Lebanon,EMRO,2025-01,NA
LB,Lebanon,EMRO,2025-02,NA
LB,Lebanon,EMRO,2025-03,NA
LB,Lebanon,EMRO,2025-04,NA
LB,Lebanon,EMRO,2025-05,NA
LC,Saint Lucia,AMRO,2020-01,NA
LC,Saint Lucia,AMRO,2020-02,NA
LC,Saint Lucia,AMRO,2020-03,Inf
LC,Saint Lucia,AMRO,2020-04,300
LC,Saint Lucia,AMRO,2020-05,-75
LC,Saint Lucia,AMRO,2020-06,-66.66666666666666
LC,Saint Lucia,AMRO,2020-07,400
LC,Saint Lucia,AMRO,2020-08,-60
LC,Saint Lucia,AMRO,2020-09,-50
LC,Saint Lucia,AMRO,2020-10,2400
LC,Saint Lucia,AMRO,2020-11,676
LC,Saint Lucia,AMRO,2020-12,-69.58762886597938
LC,Saint Lucia,AMRO,2021-01,1408.4745762711866
LC,Saint Lucia,AMRO,2021-02,142.80898876404495
LC,Saint Lucia,AMRO,2021-03,-61.360481258676536
LC,Saint Lucia,AMRO,2021-04,-67.42514970059881
LC,Saint Lucia,AMRO,2021-05,110.29411764705884
LC,Saint Lucia,AMRO,2021-06,-60.31468531468531
LC,Saint Lucia,AMRO,2021-07,11.894273127753303
LC,Saint Lucia,AMRO,2021-08,826.3779527559055
LC,Saint Lucia,AMRO,2021-09,35.31661708457289
LC,Saint Lucia,AMRO,2021-10,-53.42336683417085
LC,Saint Lucia,AMRO,2021-11,-72.4881995954147
LC,Saint Lucia,AMRO,2021-12,-18.87254901960784
LC,Saint Lucia,AMRO,2022-01,2057.703927492447
LC,Saint Lucia,AMRO,2022-02,-68.7482497899748
LC,Saint Lucia,AMRO,2022-03,-87.90322580645162
LC,Saint Lucia,AMRO,2022-04,13.333333333333334
LC,Saint Lucia,AMRO,2022-05,655.8823529411765
LC,Saint Lucia,AMRO,2022-06,-40.6398616515348
LC,Saint Lucia,AMRO,2022-07,-23.16096139839767
LC,Saint Lucia,AMRO,2022-08,-27.582938388625593
LC,Saint Lucia,AMRO,2022-09,-70.02617801047121
LC,Saint Lucia,AMRO,2022-10,196.94323144104803
LC,Saint Lucia,AMRO,2022-11,-89.41176470588236
LC,Saint Lucia,AMRO,2022-12,-48.61111111111111
LC,Saint Lucia,AMRO,2023-01,48.64864864864865
LC,Saint Lucia,AMRO,2023-02,265.4545454545455
LC,Saint Lucia,AMRO,2023-03,-88.05970149253731
LC,Saint Lucia,AMRO,2023-04,0
LC,Saint Lucia,AMRO,2023-05,12.5
LC,Saint Lucia,AMRO,2023-06,-11.11111111111111
LC,Saint Lucia,AMRO,2023-07,79.16666666666666
LC,Saint Lucia,AMRO,2023-08,27.906976744186046
LC,Saint Lucia,AMRO,2023-09,-60
LC,Saint Lucia,AMRO,2023-10,-77.27272727272727
LC,Saint Lucia,AMRO,2023-11,-60
LC,Saint Lucia,AMRO,2023-12,-100
LC,Saint Lucia,AMRO,2024-01,Inf
LC,Saint Lucia,AMRO,2024-02,-100
LC,Saint Lucia,AMRO,2024-03,NA
LC,Saint Lucia,AMRO,2024-04,NA
LC,Saint Lucia,AMRO,2024-05,NA
LC,Saint Lucia,AMRO,2024-06,NA
LC,Saint Lucia,AMRO,2024-07,NA
LC,Saint Lucia,AMRO,2024-08,NA
LC,Saint Lucia,AMRO,2024-09,NA
LC,Saint Lucia,AMRO,2024-10,NA
LC,Saint Lucia,AMRO,2024-11,NA
LC,Saint Lucia,AMRO,2024-12,NA
LC,Saint Lucia,AMRO,2025-01,NA
LC,Saint Lucia,AMRO,2025-02,NA
LC,Saint Lucia,AMRO,2025-03,NA
LC,Saint Lucia,AMRO,2025-04,Inf
LC,Saint Lucia,AMRO,2025-05,-100
LI,Liechtenstein,NA,2020-01,NA
LI,Liechtenstein,NA,2020-02,NA
LI,Liechtenstein,NA,2020-03,Inf
LI,Liechtenstein,NA,2020-04,-70.3125
LI,Liechtenstein,NA,2020-05,-100
LI,Liechtenstein,NA,2020-06,NA
LI,Liechtenstein,NA,2020-07,Inf
LI,Liechtenstein,NA,2020-08,425
LI,Liechtenstein,NA,2020-09,-47.61904761904761
LI,Liechtenstein,NA,2020-10,2572.7272727272725
LI,Liechtenstein,NA,2020-11,202.72108843537416
LI,Liechtenstein,NA,2020-12,-11.797752808988765
LI,Liechtenstein,NA,2021-01,-38.98089171974522
LI,Liechtenstein,NA,2021-02,-82.6722338204593
LI,Liechtenstein,NA,2021-03,7.228915662650602
LI,Liechtenstein,NA,2021-04,162.92134831460675
LI,Liechtenstein,NA,2021-05,-44.44444444444444
LI,Liechtenstein,NA,2021-06,-81.53846153846153
LI,Liechtenstein,NA,2021-07,116.66666666666669
LI,Liechtenstein,NA,2021-08,288.46153846153845
LI,Liechtenstein,NA,2021-09,-13.861386138613865
LI,Liechtenstein,NA,2021-10,-25.287356321839084
LI,Liechtenstein,NA,2021-11,683.0769230769231
LI,Liechtenstein,NA,2021-12,33.20235756385069
LI,Liechtenstein,NA,2022-01,120.13274336283186
LI,Liechtenstein,NA,2022-02,-2.21105527638191
LI,Liechtenstein,NA,2022-03,41.41829393627955
LI,Liechtenstein,NA,2022-04,-76.06589147286822
LI,Liechtenstein,NA,2022-05,-64.37246963562752
LI,Liechtenstein,NA,2022-06,10.795454545454543
LI,Liechtenstein,NA,2022-07,126.66666666666666
LI,Liechtenstein,NA,2022-08,-55.09049773755657
LI,Liechtenstein,NA,2022-09,22.16624685138539
LI,Liechtenstein,NA,2022-10,117.93814432989691
LI,Liechtenstein,NA,2022-11,-75.21286660359509
LI,Liechtenstein,NA,2022-12,43.12977099236641
LI,Liechtenstein,NA,2023-01,-81.6
LI,Liechtenstein,NA,2023-02,-21.73913043478261
LI,Liechtenstein,NA,2023-03,0
LI,Liechtenstein,NA,2023-04,-88.88888888888889
LI,Liechtenstein,NA,2023-05,-16.666666666666664
LI,Liechtenstein,NA,2023-06,-40
LI,Liechtenstein,NA,2023-07,-66.66666666666666
LI,Liechtenstein,NA,2023-08,100
LI,Liechtenstein,NA,2023-09,550
LI,Liechtenstein,NA,2023-10,46.15384615384615
LI,Liechtenstein,NA,2023-11,57.89473684210527
LI,Liechtenstein,NA,2023-12,0
LI,Liechtenstein,NA,2024-01,-86.66666666666667
LI,Liechtenstein,NA,2024-02,-25
LI,Liechtenstein,NA,2024-03,-66.66666666666666
LI,Liechtenstein,NA,2024-04,-100
LI,Liechtenstein,NA,2024-05,Inf
LI,Liechtenstein,NA,2024-06,200
LI,Liechtenstein,NA,2024-07,200
LI,Liechtenstein,NA,2024-08,-88.88888888888889
LI,Liechtenstein,NA,2024-09,700
LI,Liechtenstein,NA,2024-10,0
LI,Liechtenstein,NA,2024-11,-50
LI,Liechtenstein,NA,2024-12,0
LI,Liechtenstein,NA,2025-01,-25
LI,Liechtenstein,NA,2025-02,-66.66666666666666
LI,Liechtenstein,NA,2025-03,0
LI,Liechtenstein,NA,2025-04,-100
LI,Liechtenstein,NA,2025-05,NA
LK,Sri Lanka,SEARO,2020-01,NA
LK,Sri Lanka,SEARO,2020-02,Inf
LK,Sri Lanka,SEARO,2020-03,2100
LK,Sri Lanka,SEARO,2020-04,213.63636363636363
LK,Sri Lanka,SEARO,2020-05,240
LK,Sri Lanka,SEARO,2020-06,-65.55839727195226
LK,Sri Lanka,SEARO,2020-07,84.4059405940594
LK,Sri Lanka,SEARO,2020-08,-69.12751677852349
LK,Sri Lanka,SEARO,2020-09,51.30434782608696
LK,Sri Lanka,SEARO,2020-10,1196.551724137931
LK,Sri Lanka,SEARO,2020-11,246.01063829787236
LK,Sri Lanka,SEARO,2020-12,12.541634640020495
LK,Sri Lanka,SEARO,2021-01,31.491178144564596
LK,Sri Lanka,SEARO,2021-02,-17.391680734103794
LK,Sri Lanka,SEARO,2021-03,-53.649462929001835
LK,Sri Lanka,SEARO,2021-04,5.030522269952521
LK,Sri Lanka,SEARO,2021-05,783.3602410935314
LK,Sri Lanka,SEARO,2021-06,-14.507816212396282
LK,Sri Lanka,SEARO,2021-07,-38.86212695607559
LK,Sri Lanka,SEARO,2021-08,214.7069793463565
LK,Sri Lanka,SEARO,2021-09,-39.19394383828507
LK,Sri Lanka,SEARO,2021-10,-66.54403703252527
LK,Sri Lanka,SEARO,2021-11,-21.908680454413048
LK,Sri Lanka,SEARO,2021-12,-1.482724856623304
LK,Sri Lanka,SEARO,2022-01,25.202328553173363
LK,Sri Lanka,SEARO,2022-02,32.05564375897785
LK,Sri Lanka,SEARO,2022-03,-54.62014083700693
LK,Sri Lanka,SEARO,2022-04,-85.68094366996782
LK,Sri Lanka,SEARO,2022-05,-71.1013215859031
LK,Sri Lanka,SEARO,2022-06,-59.7560975609756
LK,Sri Lanka,SEARO,2022-07,528.4090909090909
LK,Sri Lanka,SEARO,2022-08,141.71187462326702
LK,Sri Lanka,SEARO,2022-09,-76.05985037406484
LK,Sri Lanka,SEARO,2022-10,-62.39583333333333
LK,Sri Lanka,SEARO,2022-11,57.340720221606645
LK,Sri Lanka,SEARO,2022-12,-62.5
LK,Sri Lanka,SEARO,2023-01,-36.15023474178404
LK,Sri Lanka,SEARO,2023-02,-71.32352941176471
LK,Sri Lanka,SEARO,2023-03,-5.128205128205128
LK,Sri Lanka,SEARO,2023-04,172.97297297297297
LK,Sri Lanka,SEARO,2023-05,172.27722772277227
LK,Sri Lanka,SEARO,2023-06,-65.45454545454545
LK,Sri Lanka,SEARO,2023-07,-64.21052631578948
LK,Sri Lanka,SEARO,2023-08,-73.52941176470588
LK,Sri Lanka,SEARO,2023-09,11.11111111111111
LK,Sri Lanka,SEARO,2023-10,10
LK,Sri Lanka,SEARO,2023-11,181.8181818181818
LK,Sri Lanka,SEARO,2023-12,151.61290322580646
LK,Sri Lanka,SEARO,2024-01,-52.56410256410257
LK,Sri Lanka,SEARO,2024-02,-86.48648648648648
LK,Sri Lanka,SEARO,2024-03,0
LK,Sri Lanka,SEARO,2024-04,-100
LK,Sri Lanka,SEARO,2024-05,Inf
LK,Sri Lanka,SEARO,2024-06,64.28571428571429
LK,Sri Lanka,SEARO,2024-07,-73.91304347826086
LK,Sri Lanka,SEARO,2024-08,-83.33333333333334
LK,Sri Lanka,SEARO,2024-09,300
LK,Sri Lanka,SEARO,2024-10,75
LK,Sri Lanka,SEARO,2024-11,-100
LK,Sri Lanka,SEARO,2024-12,Inf
LK,Sri Lanka,SEARO,2025-01,-100
LK,Sri Lanka,SEARO,2025-02,NA
LK,Sri Lanka,SEARO,2025-03,NA
LK,Sri Lanka,SEARO,2025-04,NA
LK,Sri Lanka,SEARO,2025-05,NA
LR,Liberia,AFRO,2020-01,NA
LR,Liberia,AFRO,2020-02,NA
LR,Liberia,AFRO,2020-03,Inf
LR,Liberia,AFRO,2020-04,3050
LR,Liberia,AFRO,2020-05,30.15873015873016
LR,Liberia,AFRO,2020-06,189.0243902439024
LR,Liberia,AFRO,2020-07,-18.9873417721519
LR,Liberia,AFRO,2020-08,-54.947916666666664
LR,Liberia,AFRO,2020-09,-76.30057803468208
LR,Liberia,AFRO,2020-10,36.58536585365854
LR,Liberia,AFRO,2020-11,251.78571428571428
LR,Liberia,AFRO,2020-12,2.538071065989848
LR,Liberia,AFRO,2021-01,-34.15841584158416
LR,Liberia,AFRO,2021-02,-48.1203007518797
LR,Liberia,AFRO,2021-03,-37.68115942028986
LR,Liberia,AFRO,2021-04,-4.651162790697675
LR,Liberia,AFRO,2021-05,136.58536585365854
LR,Liberia,AFRO,2021-06,1537.1134020618558
LR,Liberia,AFRO,2021-07,9.82367758186398
LR,Liberia,AFRO,2021-08,-89.56422018348624
LR,Liberia,AFRO,2021-09,-53.2967032967033
LR,Liberia,AFRO,2021-10,-82.35294117647058
LR,Liberia,AFRO,2021-11,-60
LR,Liberia,AFRO,2021-12,6633.333333333333
LR,Liberia,AFRO,2022-01,158.4158415841584
LR,Liberia,AFRO,2022-02,-89.272030651341
LR,Liberia,AFRO,2022-03,-86.60714285714286
LR,Liberia,AFRO,2022-04,133.33333333333331
LR,Liberia,AFRO,2022-05,-37.142857142857146
LR,Liberia,AFRO,2022-06,95.45454545454544
LR,Liberia,AFRO,2022-07,13.953488372093023
LR,Liberia,AFRO,2022-08,583.6734693877551
LR,Liberia,AFRO,2022-09,-73.13432835820896
LR,Liberia,AFRO,2022-10,-71.11111111111111
LR,Liberia,AFRO,2022-11,38.46153846153847
LR,Liberia,AFRO,2022-12,-58.333333333333336
LR,Liberia,AFRO,2023-01,-20
LR,Liberia,AFRO,2023-02,133.33333333333331
LR,Liberia,AFRO,2023-03,-100
LR,Liberia,AFRO,2023-04,NA
LR,Liberia,AFRO,2023-05,NA
LR,Liberia,AFRO,2023-06,NA
LR,Liberia,AFRO,2023-07,NA
LR,Liberia,AFRO,2023-08,-Inf
LR,Liberia,AFRO,2023-09,-100
LR,Liberia,AFRO,2023-10,NA
LR,Liberia,AFRO,2023-11,NA
LR,Liberia,AFRO,2023-12,NA
LR,Liberia,AFRO,2024-01,NA
LR,Liberia,AFRO,2024-02,NA
LR,Liberia,AFRO,2024-03,NA
LR,Liberia,AFRO,2024-04,NA
LR,Liberia,AFRO,2024-05,NA
LR,Liberia,AFRO,2024-06,NA
LR,Liberia,AFRO,2024-07,NA
LR,Liberia,AFRO,2024-08,NA
LR,Liberia,AFRO,2024-09,Inf
LR,Liberia,AFRO,2024-10,-100
LR,Liberia,AFRO,2024-11,NA
LR,Liberia,AFRO,2024-12,NA
LR,Liberia,AFRO,2025-01,NA
LR,Liberia,AFRO,2025-02,NA
LR,Liberia,AFRO,2025-03,NA
LR,Liberia,AFRO,2025-04,NA
LR,Liberia,AFRO,2025-05,NA
LS,Lesotho,AFRO,2020-01,NA
LS,Lesotho,AFRO,2020-02,NA
LS,Lesotho,AFRO,2020-03,NA
LS,Lesotho,AFRO,2020-04,NA
LS,Lesotho,AFRO,2020-05,Inf
LS,Lesotho,AFRO,2020-06,1150
LS,Lesotho,AFRO,2020-07,1576
LS,Lesotho,AFRO,2020-08,47.97136038186158
LS,Lesotho,AFRO,2020-09,-20.64516129032258
LS,Lesotho,AFRO,2020-10,-22.35772357723577
LS,Lesotho,AFRO,2020-11,-55.75916230366492
LS,Lesotho,AFRO,2020-12,176.9230769230769
LS,Lesotho,AFRO,2021-01,1197.4358974358977
LS,Lesotho,AFRO,2021-02,-69.66403162055336
LS,Lesotho,AFRO,2021-03,-89.41368078175896
LS,Lesotho,AFRO,2021-04,-78.46153846153847
LS,Lesotho,AFRO,2021-05,145.23809523809524
LS,Lesotho,AFRO,2021-06,296.11650485436894
LS,Lesotho,AFRO,2021-07,302.20588235294116
LS,Lesotho,AFRO,2021-08,18.281535648994517
LS,Lesotho,AFRO,2021-09,207.2642967542504
LS,Lesotho,AFRO,2021-10,-85.7478202548625
LS,Lesotho,AFRO,2021-11,-83.29411764705881
LS,Lesotho,AFRO,2021-12,4410.56338028169
LS,Lesotho,AFRO,2022-01,-36.53395784543326
LS,Lesotho,AFRO,2022-02,-88.97908979089792
LS,Lesotho,AFRO,2022-03,-55.35714285714286
LS,Lesotho,AFRO,2022-04,9
LS,Lesotho,AFRO,2022-05,71.10091743119266
LS,Lesotho,AFRO,2022-06,21.179624664879356
LS,Lesotho,AFRO,2022-07,-34.51327433628318
LS,Lesotho,AFRO,2022-08,-40.87837837837838
LS,Lesotho,AFRO,2022-09,-53.714285714285715
LS,Lesotho,AFRO,2022-10,-100
LS,Lesotho,AFRO,2022-11,NA
LS,Lesotho,AFRO,2022-12,NA
LS,Lesotho,AFRO,2023-01,NA
LS,Lesotho,AFRO,2023-02,NA
LS,Lesotho,AFRO,2023-03,NA
LS,Lesotho,AFRO,2023-04,NA
LS,Lesotho,AFRO,2023-05,NA
LS,Lesotho,AFRO,2023-06,NA
LS,Lesotho,AFRO,2023-07,NA
LS,Lesotho,AFRO,2023-08,NA
LS,Lesotho,AFRO,2023-09,Inf
LS,Lesotho,AFRO,2023-10,-86.99851411589896
LS,Lesotho,AFRO,2023-11,-41.714285714285715
LS,Lesotho,AFRO,2023-12,-75.49019607843137
LS,Lesotho,AFRO,2024-01,-100
LS,Lesotho,AFRO,2024-02,NA
LS,Lesotho,AFRO,2024-03,NA
LS,Lesotho,AFRO,2024-04,NA
LS,Lesotho,AFRO,2024-05,NA
LS,Lesotho,AFRO,2024-06,NA
LS,Lesotho,AFRO,2024-07,NA
LS,Lesotho,AFRO,2024-08,NA
LS,Lesotho,AFRO,2024-09,NA
LS,Lesotho,AFRO,2024-10,NA
LS,Lesotho,AFRO,2024-11,NA
LS,Lesotho,AFRO,2024-12,NA
LS,Lesotho,AFRO,2025-01,NA
LS,Lesotho,AFRO,2025-02,NA
LS,Lesotho,AFRO,2025-03,NA
LS,Lesotho,AFRO,2025-04,NA
LS,Lesotho,AFRO,2025-05,NA
LT,Lithuania,EURO,2020-01,NA
LT,Lithuania,EURO,2020-02,NA
LT,Lithuania,EURO,2020-03,Inf
LT,Lithuania,EURO,2020-04,275.19083969465646
LT,Lithuania,EURO,2020-05,-63.377416073245165
LT,Lithuania,EURO,2020-06,-61.111111111111114
LT,Lithuania,EURO,2020-07,12.857142857142856
LT,Lithuania,EURO,2020-08,497.46835443037975
LT,Lithuania,EURO,2020-09,74.15254237288136
LT,Lithuania,EURO,2020-10,286.1313868613139
LT,Lithuania,EURO,2020-11,694.8645242596093
LT,Lithuania,EURO,2020-12,44.52019501367474
LT,Lithuania,EURO,2021-01,-31.120923726721703
LT,Lithuania,EURO,2021-02,-70.70359162220275
LT,Lithuania,EURO,2021-03,1.019367991845056
LT,Lithuania,EURO,2021-04,85.44231416078036
LT,Lithuania,EURO,2021-05,19.58209388376986
LT,Lithuania,EURO,2021-06,-86.33660963475306
LT,Lithuania,EURO,2021-07,-49.267317939609235
LT,Lithuania,EURO,2021-08,649.7155361050328
LT,Lithuania,EURO,2021-09,62.815947697157206
LT,Lithuania,EURO,2021-10,202.73555141259143
LT,Lithuania,EURO,2021-11,-28.4276223072277
LT,Lithuania,EURO,2021-12,-25.931993050384712
LT,Lithuania,EURO,2022-01,306.2484641333244
LT,Lithuania,EURO,2022-02,46.0359968985257
LT,Lithuania,EURO,2022-03,-48.90403479374165
LT,Lithuania,EURO,2022-04,-65.59291931050238
LT,Lithuania,EURO,2022-05,-80.95013708019191
LT,Lithuania,EURO,2022-06,-45.57004722284687
LT,Lithuania,EURO,2022-07,397.0873786407767
LT,Lithuania,EURO,2022-08,33.28623670212766
LT,Lithuania,EURO,2022-09,-10.616075325809067
LT,Lithuania,EURO,2022-10,-17.342774425337474
LT,Lithuania,EURO,2022-11,-70.97944887538506
LT,Lithuania,EURO,2022-12,64.38854151519557
LT,Lithuania,EURO,2023-01,-13.772666961521452
LT,Lithuania,EURO,2023-02,-16.46491588018055
LT,Lithuania,EURO,2023-03,8.485816038315118
LT,Lithuania,EURO,2023-04,-37.43491057278696
LT,Lithuania,EURO,2023-05,-66.69079066401302
LT,Lithuania,EURO,2023-06,-46.7680608365019
LT,Lithuania,EURO,2023-07,-40.51020408163265
LT,Lithuania,EURO,2023-08,71.01200686106347
LT,Lithuania,EURO,2023-09,418.555667001003
LT,Lithuania,EURO,2023-10,101.52804642166345
LT,Lithuania,EURO,2023-11,15.92283328534408
LT,Lithuania,EURO,2023-12,45.760887564166254
LT,Lithuania,EURO,2024-01,-59.80687304742971
LT,Lithuania,EURO,2024-02,-61.46127755794234
LT,Lithuania,EURO,2024-03,-56.32563256325632
LT,Lithuania,EURO,2024-04,-65.07136859781696
LT,Lithuania,EURO,2024-05,-18.75
LT,Lithuania,EURO,2024-06,74.55621301775149
LT,Lithuania,EURO,2024-07,140.84745762711864
LT,Lithuania,EURO,2024-08,302.67417311752286
LT,Lithuania,EURO,2024-09,216.86473261097515
LT,Lithuania,EURO,2024-10,-57.603000386079096
LT,Lithuania,EURO,2024-11,-59.33394041888903
LT,Lithuania,EURO,2024-12,-8.957133717210493
LT,Lithuania,EURO,2025-01,-41.5671117357695
LT,Lithuania,EURO,2025-02,-7.215874924834637
LT,Lithuania,EURO,2025-03,7.582631237848347
LT,Lithuania,EURO,2025-04,-52.59036144578313
LT,Lithuania,EURO,2025-05,-69.8856416772554
LU,Luxembourg,EURO,2020-01,NA
LU,Luxembourg,EURO,2020-02,NA
LU,Luxembourg,EURO,2020-03,Inf
LU,Luxembourg,EURO,2020-04,-39.81481481481482
LU,Luxembourg,EURO,2020-05,-86.696832579185525
LU,Luxembourg,EURO,2020-06,21.08843537414966
LU,Luxembourg,EURO,2020-07,655.6179775280899
LU,Luxembourg,EURO,2020-08,-3.7918215613382897
LU,Luxembourg,EURO,2020-09,16.228748068006183
LU,Luxembourg,EURO,2020-10,230.11968085106383
LU,Luxembourg,EURO,2020-11,206.6062437059416
LU,Luxembourg,EURO,2020-12,-29.146685935755105
LU,Luxembourg,EURO,2021-01,-54.524383460040795
LU,Luxembourg,EURO,2021-02,1.3863404689092762
LU,Luxembourg,EURO,2021-03,19.666197466318117
LU,Luxembourg,EURO,2021-04,-6.31826583767434
LU,Luxembourg,EURO,2021-05,-32.789237668161434
LU,Luxembourg,EURO,2021-06,-79.5569789164665
LU,Luxembourg,EURO,2021-07,318.668407310705
LU,Luxembourg,EURO,2021-08,-22.014343623323978
LU,Luxembourg,EURO,2021-09,-1.599360255897641
LU,Luxembourg,EURO,2021-10,80.00812677773263
LU,Luxembourg,EURO,2021-11,67.44920993227991
LU,Luxembourg,EURO,2021-12,55.98544081962793
LU,Luxembourg,EURO,2022-01,498.70365569095145
LU,Luxembourg,EURO,2022-02,-57.00675558635025
LU,Luxembourg,EURO,2022-03,14.098173515981737
LU,Luxembourg,EURO,2022-04,-15.81378924756496
LU,Luxembourg,EURO,2022-05,-46.55527980705372
LU,Luxembourg,EURO,2022-06,13.891432308698496
LU,Luxembourg,EURO,2022-07,71.67796026185827
LU,Luxembourg,EURO,2022-08,-82.53947016323254
LU,Luxembourg,EURO,2022-09,6.417624521072797
LU,Luxembourg,EURO,2022-10,212.88928892889288
LU,Luxembourg,EURO,2022-11,-62.7984580864162
LU,Luxembourg,EURO,2022-12,56.27899783482834
LU,Luxembourg,EURO,2023-01,-57.49628896585849
LU,Luxembourg,EURO,2023-02,-4.516880093131548
LU,Luxembourg,EURO,2023-03,66.5203608875884
LU,Luxembourg,EURO,2023-04,-70.5813442670962
LU,Luxembourg,EURO,2023-05,-72.32453957192632
LU,Luxembourg,EURO,2023-06,-71.94244604316546
LU,Luxembourg,EURO,2023-07,32.69230769230769
LU,Luxembourg,EURO,2023-08,83.57487922705315
LU,Luxembourg,EURO,2023-09,165.78947368421052
LU,Luxembourg,EURO,2023-10,60.3960396039604
LU,Luxembourg,EURO,2023-11,-34.135802469135804
LU,Luxembourg,EURO,2023-12,175.53889409559514
LU,Luxembourg,EURO,2024-01,-74.45578231292517
LU,Luxembourg,EURO,2024-02,-53.92809587217043
LU,Luxembourg,EURO,2024-03,-60.40462427745664
LU,Luxembourg,EURO,2024-04,-44.52554744525548
LU,Luxembourg,EURO,2024-05,65.78947368421053
LU,Luxembourg,EURO,2024-06,478.57142857142856
LU,Luxembourg,EURO,2024-07,59.12208504801097
LU,Luxembourg,EURO,2024-08,-47.5
LU,Luxembourg,EURO,2024-09,59.44170771756979
LU,Luxembourg,EURO,2024-10,11.019567456230693
LU,Luxembourg,EURO,2024-11,-63.26530612244898
LU,Luxembourg,EURO,2024-12,6.8181818181818175
LU,Luxembourg,EURO,2025-01,-27.18676122931442
LU,Luxembourg,EURO,2025-02,-25
LU,Luxembourg,EURO,2025-03,-38.961038961038966
LU,Luxembourg,EURO,2025-04,-19.148936170212767
LU,Luxembourg,EURO,2025-05,-47.368421052631575
LV,Latvia,EURO,2020-01,NA
LV,Latvia,EURO,2020-02,NA
LV,Latvia,EURO,2020-03,Inf
LV,Latvia,EURO,2020-04,34.293948126801155
LV,Latvia,EURO,2020-05,-45.70815450643777
LV,Latvia,EURO,2020-06,-80.23715415019763
LV,Latvia,EURO,2020-07,106
LV,Latvia,EURO,2020-08,68.93203883495146
LV,Latvia,EURO,2020-09,62.643678160919535
LV,Latvia,EURO,2020-10,960.7773851590108
LV,Latvia,EURO,2020-11,309.6269153897402
LV,Latvia,EURO,2020-12,57.39611287305847
LV,Latvia,EURO,2021-01,54.52854559545337
LV,Latvia,EURO,2021-02,-33.31438697382059
LV,Latvia,EURO,2021-03,-25.525194284281778
LV,Latvia,EURO,2021-04,-3.8912077554867377
LV,Latvia,EURO,2021-05,24.55869991594284
LV,Latvia,EURO,2021-06,-76.87549207063323
LV,Latvia,EURO,2021-07,-69.09046692607004
LV,Latvia,EURO,2021-08,201.96695515342248
LV,Latvia,EURO,2021-09,224.8306409588327
LV,Latvia,EURO,2021-10,416.18673297505416
LV,Latvia,EURO,2021-11,-48.29456280204497
LV,Latvia,EURO,2021-12,-42.84426278776222
LV,Latvia,EURO,2022-01,518.1407088021874
LV,Latvia,EURO,2022-02,121.60550536756324
LV,Latvia,EURO,2022-03,-45.831909870832774
LV,Latvia,EURO,2022-04,-81.08293885881119
LV,Latvia,EURO,2022-05,-67.70556283948305
LV,Latvia,EURO,2022-06,-38.82380234311565
LV,Latvia,EURO,2022-07,476.583238528631
LV,Latvia,EURO,2022-08,8.398829293959025
LV,Latvia,EURO,2022-09,-16.967509025270758
LV,Latvia,EURO,2022-10,0.906101571063208
LV,Latvia,EURO,2022-11,-60.71040625678905
LV,Latvia,EURO,2022-12,-6.92102110404571
LV,Latvia,EURO,2023-01,-77.07920792079209
LV,Latvia,EURO,2023-02,-69.76241900647948
LV,Latvia,EURO,2023-03,6
LV,Latvia,EURO,2023-04,26.010781671159027
LV,Latvia,EURO,2023-05,-67.59358288770053
LV,Latvia,EURO,2023-06,-35.973597359735976
LV,Latvia,EURO,2023-07,-46.391752577319586
LV,Latvia,EURO,2023-08,-5.769230769230769
LV,Latvia,EURO,2023-09,314.2857142857143
LV,Latvia,EURO,2023-10,18.7192118226601
LV,Latvia,EURO,2023-11,87.34439834024896
LV,Latvia,EURO,2023-12,-100
LV,Latvia,EURO,2024-01,NA
LV,Latvia,EURO,2024-02,NA
LV,Latvia,EURO,2024-03,Inf
LV,Latvia,EURO,2024-04,-22.22222222222222
LV,Latvia,EURO,2024-05,-100
LV,Latvia,EURO,2024-06,NA
LV,Latvia,EURO,2024-07,NA
LV,Latvia,EURO,2024-08,NA
LV,Latvia,EURO,2024-09,NA
LV,Latvia,EURO,2024-10,NA
LV,Latvia,EURO,2024-11,Inf
LV,Latvia,EURO,2024-12,-66.66666666666666
LV,Latvia,EURO,2025-01,300
LV,Latvia,EURO,2025-02,-100
LV,Latvia,EURO,2025-03,Inf
LV,Latvia,EURO,2025-04,-100
LV,Latvia,EURO,2025-05,NA
LY,Libya,EMRO,2020-01,NA
LY,Libya,EMRO,2020-02,NA
LY,Libya,EMRO,2020-03,Inf
LY,Libya,EMRO,2020-04,5800
LY,Libya,EMRO,2020-05,-1.694915254237288
LY,Libya,EMRO,2020-06,925.8620689655172
LY,Libya,EMRO,2020-07,187.7310924369748
LY,Libya,EMRO,2020-08,515.2453271028038
LY,Libya,EMRO,2020-09,79.15123896325834
LY,Libya,EMRO,2020-10,19.48065712771595
LY,Libya,EMRO,2020-11,19.30719418078595
LY,Libya,EMRO,2020-12,-39.10554295698725
LY,Libya,EMRO,2021-01,22.08180708180708
LY,Libya,EMRO,2021-02,-25.948892333850075
LY,Libya,EMRO,2021-03,59.76499189627229
LY,Libya,EMRO,2021-04,-21.227491757545017
LY,Libya,EMRO,2021-05,-46.002361021678475
LY,Libya,EMRO,2021-06,-27.317897247341747
LY,Libya,EMRO,2021-07,412.3735302160241
LY,Libya,EMRO,2021-08,97.96130753835892
LY,Libya,EMRO,2021-09,-56.594236109238935
LY,Libya,EMRO,2021-10,-35.82807987329586
LY,Libya,EMRO,2021-11,-31.610530391018195
LY,Libya,EMRO,2021-12,-1.8114916501556748
LY,Libya,EMRO,2022-01,151.369270683194
LY,Libya,EMRO,2022-02,108.1737385321101
LY,Libya,EMRO,2022-03,-87.23884810841332
LY,Libya,EMRO,2022-04,-94.77660263328296
LY,Libya,EMRO,2022-05,-76.85950413223141
LY,Libya,EMRO,2022-06,8.928571428571429
LY,Libya,EMRO,2022-07,2040.1639344262296
LY,Libya,EMRO,2022-08,-23.51589429337419
LY,Libya,EMRO,2022-09,-89.58437656484726
LY,Libya,EMRO,2022-10,-61.53846153846154
LY,Libya,EMRO,2022-11,-45
LY,Libya,EMRO,2022-12,-2.272727272727273
LY,Libya,EMRO,2023-01,-11.627906976744184
LY,Libya,EMRO,2023-02,-68.42105263157895
LY,Libya,EMRO,2023-03,191.66666666666669
LY,Libya,EMRO,2023-04,31.428571428571427
LY,Libya,EMRO,2023-05,-78.26086956521739
LY,Libya,EMRO,2023-06,-60
LY,Libya,EMRO,2023-07,-100
LY,Libya,EMRO,2023-08,Inf
LY,Libya,EMRO,2023-09,-50
LY,Libya,EMRO,2023-10,-100
LY,Libya,EMRO,2023-11,NA
LY,Libya,EMRO,2023-12,NA
LY,Libya,EMRO,2024-01,NA
LY,Libya,EMRO,2024-02,NA
LY,Libya,EMRO,2024-03,NA
LY,Libya,EMRO,2024-04,NA
LY,Libya,EMRO,2024-05,NA
LY,Libya,EMRO,2024-06,NA
LY,Libya,EMRO,2024-07,NA
LY,Libya,EMRO,2024-08,NA
LY,Libya,EMRO,2024-09,NA
LY,Libya,EMRO,2024-10,NA
LY,Libya,EMRO,2024-11,NA
LY,Libya,EMRO,2024-12,NA
LY,Libya,EMRO,2025-01,NA
LY,Libya,EMRO,2025-02,NA
LY,Libya,EMRO,2025-03,NA
LY,Libya,EMRO,2025-04,NA
LY,Libya,EMRO,2025-05,NA
MA,Morocco,EMRO,2020-01,NA
MA,Morocco,EMRO,2020-02,NA
MA,Morocco,EMRO,2020-03,Inf
MA,Morocco,EMRO,2020-04,799.2307692307693
MA,Morocco,EMRO,2020-05,10.721414314228689
MA,Morocco,EMRO,2020-06,5.511202678341489
MA,Morocco,EMRO,2020-07,89.60214791310716
MA,Morocco,EMRO,2020-08,420.22399588053554
MA,Morocco,EMRO,2020-09,36.559352651505776
MA,Morocco,EMRO,2020-10,43.55350185738878
MA,Morocco,EMRO,2020-11,95.94420600858368
MA,Morocco,EMRO,2020-12,-47.89952778833579
MA,Morocco,EMRO,2021-01,-50.3808393303163
MA,Morocco,EMRO,2021-02,-68.30471728675023
MA,Morocco,EMRO,2021-03,-13.924050632911392
MA,Morocco,EMRO,2021-04,34.07928388746803
MA,Morocco,EMRO,2021-05,-33.026772940936034
MA,Morocco,EMRO,2021-06,5.340250228867867
MA,Morocco,EMRO,2021-07,343.5882580146775
MA,Morocco,EMRO,2021-08,497.2615264051548
MA,Morocco,EMRO,2021-09,-71.19255020592631
MA,Morocco,EMRO,2021-10,-77.99946861675882
MA,Morocco,EMRO,2021-11,-78.79118983265283
MA,Morocco,EMRO,2021-12,61.03579175704989
MA,Morocco,EMRO,2022-01,2822.2596396699782
MA,Morocco,EMRO,2022-02,-81.78654359187108
MA,Morocco,EMRO,2022-03,-93.12559316671938
MA,Morocco,EMRO,2022-04,-19.60423377818684
MA,Morocco,EMRO,2022-05,75.27189467658843
MA,Morocco,EMRO,2022-06,1034.1933376877855
MA,Morocco,EMRO,2022-07,67.86547265973681
MA,Morocco,EMRO,2022-08,-93.95004974441662
MA,Morocco,EMRO,2022-09,-83.3853132974199
MA,Morocco,EMRO,2022-10,19.453924914675767
MA,Morocco,EMRO,2022-11,289
MA,Morocco,EMRO,2022-12,8.299669482188762
MA,Morocco,EMRO,2023-01,-66.83621566632758
MA,Morocco,EMRO,2023-02,-77.50511247443764
MA,Morocco,EMRO,2023-03,-18.181818181818183
MA,Morocco,EMRO,2023-04,367.22222222222223
MA,Morocco,EMRO,2023-05,51.01070154577883
MA,Morocco,EMRO,2023-06,-68.26771653543308
MA,Morocco,EMRO,2023-07,-66.00496277915633
MA,Morocco,EMRO,2023-08,105.83941605839416
MA,Morocco,EMRO,2023-09,282.97872340425533
MA,Morocco,EMRO,2023-10,-34.53703703703704
MA,Morocco,EMRO,2023-11,-42.857142857142854
MA,Morocco,EMRO,2023-12,29.455445544554458
MA,Morocco,EMRO,2024-01,-7.648183556405354
MA,Morocco,EMRO,2024-02,-41.61490683229814
MA,Morocco,EMRO,2024-03,-83.68794326241135
MA,Morocco,EMRO,2024-04,-23.91304347826087
MA,Morocco,EMRO,2024-05,-100
MA,Morocco,EMRO,2024-06,NA
MA,Morocco,EMRO,2024-07,NA
MA,Morocco,EMRO,2024-08,NA
MA,Morocco,EMRO,2024-09,NA
MA,Morocco,EMRO,2024-10,NA
MA,Morocco,EMRO,2024-11,NA
MA,Morocco,EMRO,2024-12,NA
MA,Morocco,EMRO,2025-01,NA
MA,Morocco,EMRO,2025-02,NA
MA,Morocco,EMRO,2025-03,NA
MA,Morocco,EMRO,2025-04,NA
MA,Morocco,EMRO,2025-05,NA
MC,Monaco,EURO,2020-01,NA
MC,Monaco,EURO,2020-02,-100
MC,Monaco,EURO,2020-03,Inf
MC,Monaco,EURO,2020-04,11.538461538461538
MC,Monaco,EURO,2020-05,-89.65517241379311
MC,Monaco,EURO,2020-06,-33.33333333333333
MC,Monaco,EURO,2020-07,400
MC,Monaco,EURO,2020-08,420
MC,Monaco,EURO,2020-09,13.461538461538462
MC,Monaco,EURO,2020-10,30.508474576271187
MC,Monaco,EURO,2020-11,172.72727272727272
MC,Monaco,EURO,2020-12,-16.19047619047619
MC,Monaco,EURO,2021-01,277.84090909090907
MC,Monaco,EURO,2021-02,-30.22556390977444
MC,Monaco,EURO,2021-03,-34.48275862068966
MC,Monaco,EURO,2021-04,-45.06578947368421
MC,Monaco,EURO,2021-05,-49.700598802395206
MC,Monaco,EURO,2021-06,-32.142857142857146
MC,Monaco,EURO,2021-07,324.56140350877195
MC,Monaco,EURO,2021-08,73.96694214876032
MC,Monaco,EURO,2021-09,-73.63420427553444
MC,Monaco,EURO,2021-10,-2.702702702702702
MC,Monaco,EURO,2021-11,159.25925925925927
MC,Monaco,EURO,2021-12,277.5
MC,Monaco,EURO,2022-01,280.7000946073794
MC,Monaco,EURO,2022-02,-72.96222664015905
MC,Monaco,EURO,2022-03,13.786764705882351
MC,Monaco,EURO,2022-04,-7.512116316639742
MC,Monaco,EURO,2022-05,-50.56768558951965
MC,Monaco,EURO,2022-06,24.204946996466433
MC,Monaco,EURO,2022-07,78.94736842105263
MC,Monaco,EURO,2022-08,-78.69634340222575
MC,Monaco,EURO,2022-09,-28.73134328358209
MC,Monaco,EURO,2022-10,109.9476439790576
MC,Monaco,EURO,2022-11,0.24937655860349128
MC,Monaco,EURO,2022-12,36.81592039800995
MC,Monaco,EURO,2023-01,-74.90909090909092
MC,Monaco,EURO,2023-02,-58.69565217391305
MC,Monaco,EURO,2023-03,-8.771929824561402
MC,Monaco,EURO,2023-04,32.69230769230769
MC,Monaco,EURO,2023-05,-44.927536231884055
MC,Monaco,EURO,2023-06,-13.157894736842104
MC,Monaco,EURO,2023-07,-21.21212121212121
MC,Monaco,EURO,2023-08,88.46153846153845
MC,Monaco,EURO,2023-09,51.02040816326531
MC,Monaco,EURO,2023-10,55.4054054054054
MC,Monaco,EURO,2023-11,-20.869565217391305
MC,Monaco,EURO,2023-12,-100
MC,Monaco,EURO,2024-01,NA
MC,Monaco,EURO,2024-02,NA
MC,Monaco,EURO,2024-03,NA
MC,Monaco,EURO,2024-04,NA
MC,Monaco,EURO,2024-05,NA
MC,Monaco,EURO,2024-06,NA
MC,Monaco,EURO,2024-07,NA
MC,Monaco,EURO,2024-08,NA
MC,Monaco,EURO,2024-09,NA
MC,Monaco,EURO,2024-10,NA
MC,Monaco,EURO,2024-11,NA
MC,Monaco,EURO,2024-12,NA
MC,Monaco,EURO,2025-01,NA
MC,Monaco,EURO,2025-02,NA
MC,Monaco,EURO,2025-03,NA
MC,Monaco,EURO,2025-04,NA
MC,Monaco,EURO,2025-05,NA
MD,Republic of Moldova,EURO,2020-01,NA
MD,Republic of Moldova,EURO,2020-02,NA
MD,Republic of Moldova,EURO,2020-03,Inf
MD,Republic of Moldova,EURO,2020-04,1230.3030303030305
MD,Republic of Moldova,EURO,2020-05,56.00390497884803
MD,Republic of Moldova,EURO,2020-06,66.49979140592407
MD,Republic of Moldova,EURO,2020-07,-15.45978451515911
MD,Republic of Moldova,EURO,2020-08,101.185536455246
MD,Republic of Moldova,EURO,2020-09,4.080730701237478
MD,Republic of Moldova,EURO,2020-10,45.47062986553432
MD,Republic of Moldova,EURO,2020-11,69.12186815859887
MD,Republic of Moldova,EURO,2020-12,1.0959928659781952
MD,Republic of Moldova,EURO,2021-01,-47.31106305486
MD,Republic of Moldova,EURO,2021-02,36.86342280066965
MD,Republic of Moldova,EURO,2021-03,61.00698417709032
MD,Republic of Moldova,EURO,2021-04,-43.04970100970493
MD,Republic of Moldova,EURO,2021-05,-73.28943971081848
MD,Republic of Moldova,EURO,2021-06,-77.09038182696955
MD,Republic of Moldova,EURO,2021-07,44.44444444444444
MD,Republic of Moldova,EURO,2021-08,299.36708860759495
MD,Republic of Moldova,EURO,2021-09,163.23296354992075
MD,Republic of Moldova,EURO,2021-10,125.7120363080628
MD,Republic of Moldova,EURO,2021-11,-48.27239525626821
MD,Republic of Moldova,EURO,2021-12,-52.31049938518901
MD,Republic of Moldova,EURO,2022-01,431.4813274557099
MD,Republic of Moldova,EURO,2022-02,-1.3098591549295775
MD,Republic of Moldova,EURO,2022-03,-82.09726781155352
MD,Republic of Moldova,EURO,2022-04,-61.169176262178915
MD,Republic of Moldova,EURO,2022-05,-54.81295620437956
MD,Republic of Moldova,EURO,2022-06,-62.847046945986875
MD,Republic of Moldova,EURO,2022-07,1596.195652173913
MD,Republic of Moldova,EURO,2022-08,195.5863505286767
MD,Republic of Moldova,EURO,2022-09,-44.85515297688409
MD,Republic of Moldova,EURO,2022-10,-78.937539928252
MD,Republic of Moldova,EURO,2022-11,-78.11479234717686
MD,Republic of Moldova,EURO,2022-12,53.41151385927505
MD,Republic of Moldova,EURO,2023-01,72.41139680333565
MD,Republic of Moldova,EURO,2023-02,253.84925433293023
MD,Republic of Moldova,EURO,2023-03,18.350609408816492
MD,Republic of Moldova,EURO,2023-04,-75.1395572666025
MD,Republic of Moldova,EURO,2023-05,-88.6566008517228
MD,Republic of Moldova,EURO,2023-06,-62.45733788395904
MD,Republic of Moldova,EURO,2023-07,1.818181818181818
MD,Republic of Moldova,EURO,2023-08,248.21428571428572
MD,Republic of Moldova,EURO,2023-09,527.1794871794872
MD,Republic of Moldova,EURO,2023-10,21.34096484055601
MD,Republic of Moldova,EURO,2023-11,-56.23315363881402
MD,Republic of Moldova,EURO,2023-12,139.41493456505003
MD,Republic of Moldova,EURO,2024-01,-16.109324758842444
MD,Republic of Moldova,EURO,2024-02,-51.55231889612879
MD,Republic of Moldova,EURO,2024-03,-64.00316455696202
MD,Republic of Moldova,EURO,2024-04,-50.54945054945055
MD,Republic of Moldova,EURO,2024-05,-68.88888888888889
MD,Republic of Moldova,EURO,2024-06,80
MD,Republic of Moldova,EURO,2024-07,667.4603174603175
MD,Republic of Moldova,EURO,2024-08,625.129265770424
MD,Republic of Moldova,EURO,2024-09,-10.89560752994866
MD,Republic of Moldova,EURO,2024-10,-90.84507042253522
MD,Republic of Moldova,EURO,2024-11,-72.55244755244755
MD,Republic of Moldova,EURO,2024-12,-35.6687898089172
MD,Republic of Moldova,EURO,2025-01,-66.33663366336634
MD,Republic of Moldova,EURO,2025-02,-14.705882352941178
MD,Republic of Moldova,EURO,2025-03,-55.172413793103445
MD,Republic of Moldova,EURO,2025-04,-61.53846153846154
MD,Republic of Moldova,EURO,2025-05,20
ME,Montenegro,EURO,2020-01,NA
ME,Montenegro,EURO,2020-02,NA
ME,Montenegro,EURO,2020-03,NA
ME,Montenegro,EURO,2020-04,NA
ME,Montenegro,EURO,2020-05,Inf
ME,Montenegro,EURO,2020-06,1133.3333333333337
ME,Montenegro,EURO,2020-07,-100
ME,Montenegro,EURO,2020-08,Inf
ME,Montenegro,EURO,2020-09,192.27642276422765
ME,Montenegro,EURO,2020-10,9.509735744089012
ME,Montenegro,EURO,2020-11,53.040165105572314
ME,Montenegro,EURO,2020-12,19.40871369294606
ME,Montenegro,EURO,2021-01,113.73468855876988
ME,Montenegro,EURO,2021-02,-39.90976710157298
ME,Montenegro,EURO,2021-03,-4.721320346320346
ME,Montenegro,EURO,2021-04,-54.9481754933977
ME,Montenegro,EURO,2021-05,-55.215884021430824
ME,Montenegro,EURO,2021-06,-79.6622097114708
ME,Montenegro,EURO,2021-07,71.79930795847751
ME,Montenegro,EURO,2021-08,875.3272910372608
ME,Montenegro,EURO,2021-09,56.644295302013425
ME,Montenegro,EURO,2021-10,-3.493507349548481
ME,Montenegro,EURO,2021-11,-15.784440953486785
ME,Montenegro,EURO,2021-12,-45.32846715328468
ME,Montenegro,EURO,2022-01,400.8455718736092
ME,Montenegro,EURO,2022-02,-69.72039571115455
ME,Montenegro,EURO,2022-03,-74.75300792331018
ME,Montenegro,EURO,2022-04,-26.695079426578843
ME,Montenegro,EURO,2022-05,25.317124735729383
ME,Montenegro,EURO,2022-06,0.6326444538169549
ME,Montenegro,EURO,2022-07,245.138306789606
ME,Montenegro,EURO,2022-08,83.01153612629022
ME,Montenegro,EURO,2022-09,-70.93756220556034
ME,Montenegro,EURO,2022-10,-25.662100456621005
ME,Montenegro,EURO,2022-11,-72.54299754299754
ME,Montenegro,EURO,2022-12,2.013422818791946
ME,Montenegro,EURO,2023-01,87.82894736842105
ME,Montenegro,EURO,2023-02,10.683012259194395
ME,Montenegro,EURO,2023-03,-16.191983122362867
ME,Montenegro,EURO,2023-04,7.11139081183134
ME,Montenegro,EURO,2023-05,-77.2032902467685
ME,Montenegro,EURO,2023-06,-95.10309278350516
ME,Montenegro,EURO,2023-07,-100
ME,Montenegro,EURO,2023-08,NA
ME,Montenegro,EURO,2023-09,NA
ME,Montenegro,EURO,2023-10,NA
ME,Montenegro,EURO,2023-11,NA
ME,Montenegro,EURO,2023-12,NA
ME,Montenegro,EURO,2024-01,NA
ME,Montenegro,EURO,2024-02,NA
ME,Montenegro,EURO,2024-03,NA
ME,Montenegro,EURO,2024-04,NA
ME,Montenegro,EURO,2024-05,NA
ME,Montenegro,EURO,2024-06,NA
ME,Montenegro,EURO,2024-07,NA
ME,Montenegro,EURO,2024-08,NA
ME,Montenegro,EURO,2024-09,NA
ME,Montenegro,EURO,2024-10,NA
ME,Montenegro,EURO,2024-11,NA
ME,Montenegro,EURO,2024-12,NA
ME,Montenegro,EURO,2025-01,NA
ME,Montenegro,EURO,2025-02,NA
ME,Montenegro,EURO,2025-03,NA
ME,Montenegro,EURO,2025-04,NA
ME,Montenegro,EURO,2025-05,NA
MF,Saint Martin (French part),NA,2020-01,NA
MF,Saint Martin (French part),NA,2020-02,NA
MF,Saint Martin (French part),NA,2020-03,Inf
MF,Saint Martin (French part),NA,2020-04,116.66666666666669
MF,Saint Martin (French part),NA,2020-05,-88.46153846153845
MF,Saint Martin (French part),NA,2020-06,-66.66666666666666
MF,Saint Martin (French part),NA,2020-07,600
MF,Saint Martin (French part),NA,2020-08,2242.8571428571427
MF,Saint Martin (French part),NA,2020-09,3.658536585365854
MF,Saint Martin (French part),NA,2020-10,-6.470588235294119
MF,Saint Martin (French part),NA,2020-11,-6.918238993710692
MF,Saint Martin (French part),NA,2020-12,100
MF,Saint Martin (French part),NA,2021-01,2.364864864864865
MF,Saint Martin (French part),NA,2021-02,-12.54125412541254
MF,Saint Martin (French part),NA,2021-03,-61.13207547169811
MF,Saint Martin (French part),NA,2021-04,-31.06796116504854
MF,Saint Martin (French part),NA,2021-05,295.77464788732397
MF,Saint Martin (French part),NA,2021-06,27.402135231316727
MF,Saint Martin (French part),NA,2021-07,-40.78212290502793
MF,Saint Martin (French part),NA,2021-08,266.50943396226415
MF,Saint Martin (French part),NA,2021-09,-43.5006435006435
MF,Saint Martin (French part),NA,2021-10,-66.74259681093395
MF,Saint Martin (French part),NA,2021-11,-38.35616438356164
MF,Saint Martin (French part),NA,2021-12,-3.3333333333333335
MF,Saint Martin (French part),NA,2022-01,6009.19540229885
MF,Saint Martin (French part),NA,2022-02,-92.30479774223896
MF,Saint Martin (French part),NA,2022-03,-64.30317848410758
MF,Saint Martin (French part),NA,2022-04,124.65753424657537
MF,Saint Martin (French part),NA,2022-05,13.414634146341465
MF,Saint Martin (French part),NA,2022-06,-29.03225806451613
MF,Saint Martin (French part),NA,2022-07,170.83333333333331
MF,Saint Martin (French part),NA,2022-08,-61.67832167832168
MF,Saint Martin (French part),NA,2022-09,-86.4963503649635
MF,Saint Martin (French part),NA,2022-10,29.72972972972973
MF,Saint Martin (French part),NA,2022-11,-33.33333333333333
MF,Saint Martin (French part),NA,2022-12,281.25
MF,Saint Martin (French part),NA,2023-01,-47.540983606557376
MF,Saint Martin (French part),NA,2023-02,-68.75
MF,Saint Martin (French part),NA,2023-03,-20
MF,Saint Martin (French part),NA,2023-04,25
MF,Saint Martin (French part),NA,2023-05,-85
MF,Saint Martin (French part),NA,2023-06,600
MF,Saint Martin (French part),NA,2023-07,-100
MF,Saint Martin (French part),NA,2023-08,NA
MF,Saint Martin (French part),NA,2023-09,NA
MF,Saint Martin (French part),NA,2023-10,NA
MF,Saint Martin (French part),NA,2023-11,NA
MF,Saint Martin (French part),NA,2023-12,NA
MF,Saint Martin (French part),NA,2024-01,NA
MF,Saint Martin (French part),NA,2024-02,NA
MF,Saint Martin (French part),NA,2024-03,NA
MF,Saint Martin (French part),NA,2024-04,NA
MF,Saint Martin (French part),NA,2024-05,NA
MF,Saint Martin (French part),NA,2024-06,NA
MF,Saint Martin (French part),NA,2024-07,NA
MF,Saint Martin (French part),NA,2024-08,NA
MF,Saint Martin (French part),NA,2024-09,NA
MF,Saint Martin (French part),NA,2024-10,NA
MF,Saint Martin (French part),NA,2024-11,NA
MF,Saint Martin (French part),NA,2024-12,NA
MF,Saint Martin (French part),NA,2025-01,NA
MF,Saint Martin (French part),NA,2025-02,NA
MF,Saint Martin (French part),NA,2025-03,NA
MF,Saint Martin (French part),NA,2025-04,NA
MF,Saint Martin (French part),NA,2025-05,NA
MG,Madagascar,AFRO,2020-01,NA
MG,Madagascar,AFRO,2020-02,NA
MG,Madagascar,AFRO,2020-03,Inf
MG,Madagascar,AFRO,2020-04,95.23809523809524
MG,Madagascar,AFRO,2020-05,673.170731707317
MG,Madagascar,AFRO,2020-06,96.68769716088327
MG,Madagascar,AFRO,2020-07,450.20048115477147
MG,Madagascar,AFRO,2020-08,-13.64232619151727
MG,Madagascar,AFRO,2020-09,-75.25738396624473
MG,Madagascar,AFRO,2020-10,-51.50068212824011
MG,Madagascar,AFRO,2020-11,-47.53867791842475
MG,Madagascar,AFRO,2020-12,0
MG,Madagascar,AFRO,2021-01,262.19839142091155
MG,Madagascar,AFRO,2021-02,-19.31902294596595
MG,Madagascar,AFRO,2021-03,214.6788990825688
MG,Madagascar,AFRO,2021-04,254.54810495626825
MG,Madagascar,AFRO,2021-05,-54.60899597072609
MG,Madagascar,AFRO,2021-06,-83.18840579710145
MG,Madagascar,AFRO,2021-07,-48.814655172413794
MG,Madagascar,AFRO,2021-08,-59.36842105263158
MG,Madagascar,AFRO,2021-09,280.82901554404145
MG,Madagascar,AFRO,2021-10,-95.23809523809524
MG,Madagascar,AFRO,2021-11,1894.2857142857144
MG,Madagascar,AFRO,2021-12,752.2922636103152
MG,Madagascar,AFRO,2022-01,51.95831232139856
MG,Madagascar,AFRO,2022-02,-51.991150442477874
MG,Madagascar,AFRO,2022-03,-91.93548387096774
MG,Madagascar,AFRO,2022-04,-59.14285714285714
MG,Madagascar,AFRO,2022-05,57.34265734265735
MG,Madagascar,AFRO,2022-06,346.22222222222223
MG,Madagascar,AFRO,2022-07,10.557768924302788
MG,Madagascar,AFRO,2022-08,-87.83783783783784
MG,Madagascar,AFRO,2022-09,-62.96296296296296
MG,Madagascar,AFRO,2022-10,40
MG,Madagascar,AFRO,2022-11,632.8571428571428
MG,Madagascar,AFRO,2022-12,-7.212475633528265
MG,Madagascar,AFRO,2023-01,-80.67226890756302
MG,Madagascar,AFRO,2023-02,-58.69565217391305
MG,Madagascar,AFRO,2023-03,384.2105263157895
MG,Madagascar,AFRO,2023-04,1.6304347826086956
MG,Madagascar,AFRO,2023-05,-72.19251336898395
MG,Madagascar,AFRO,2023-06,-98.07692307692308
MG,Madagascar,AFRO,2023-07,2700
MG,Madagascar,AFRO,2023-08,-46.42857142857143
MG,Madagascar,AFRO,2023-09,-20
MG,Madagascar,AFRO,2023-10,0
MG,Madagascar,AFRO,2023-11,216.66666666666663
MG,Madagascar,AFRO,2023-12,131.57894736842107
MG,Madagascar,AFRO,2024-01,-80.68181818181817
MG,Madagascar,AFRO,2024-02,-58.82352941176471
MG,Madagascar,AFRO,2024-03,-14.285714285714285
MG,Madagascar,AFRO,2024-04,33.33333333333333
MG,Madagascar,AFRO,2024-05,212.5
MG,Madagascar,AFRO,2024-06,-64
MG,Madagascar,AFRO,2024-07,22.22222222222222
MG,Madagascar,AFRO,2024-08,-54.54545454545454
MG,Madagascar,AFRO,2024-09,-60
MG,Madagascar,AFRO,2024-10,100
MG,Madagascar,AFRO,2024-11,150
MG,Madagascar,AFRO,2024-12,70
MG,Madagascar,AFRO,2025-01,35.294117647058826
MG,Madagascar,AFRO,2025-02,21.73913043478261
MG,Madagascar,AFRO,2025-03,-64.28571428571429
MG,Madagascar,AFRO,2025-04,-30
MG,Madagascar,AFRO,2025-05,-71.42857142857143
MH,Marshall Islands,WPRO,2020-01,NA
MH,Marshall Islands,WPRO,2020-02,NA
MH,Marshall Islands,WPRO,2020-03,NA
MH,Marshall Islands,WPRO,2020-04,NA
MH,Marshall Islands,WPRO,2020-05,NA
MH,Marshall Islands,WPRO,2020-06,NA
MH,Marshall Islands,WPRO,2020-07,NA
MH,Marshall Islands,WPRO,2020-08,NA
MH,Marshall Islands,WPRO,2020-09,NA
MH,Marshall Islands,WPRO,2020-10,NA
MH,Marshall Islands,WPRO,2020-11,Inf
MH,Marshall Islands,WPRO,2020-12,-100
MH,Marshall Islands,WPRO,2021-01,NA
MH,Marshall Islands,WPRO,2021-02,NA
MH,Marshall Islands,WPRO,2021-03,NA
MH,Marshall Islands,WPRO,2021-04,NA
MH,Marshall Islands,WPRO,2021-05,NA
MH,Marshall Islands,WPRO,2021-06,NA
MH,Marshall Islands,WPRO,2021-07,NA
MH,Marshall Islands,WPRO,2021-08,NA
MH,Marshall Islands,WPRO,2021-09,NA
MH,Marshall Islands,WPRO,2021-10,NA
MH,Marshall Islands,WPRO,2021-11,NA
MH,Marshall Islands,WPRO,2021-12,NA
MH,Marshall Islands,WPRO,2022-01,Inf
MH,Marshall Islands,WPRO,2022-02,-100
MH,Marshall Islands,WPRO,2022-03,NA
MH,Marshall Islands,WPRO,2022-04,Inf
MH,Marshall Islands,WPRO,2022-05,-75
MH,Marshall Islands,WPRO,2022-06,-50
MH,Marshall Islands,WPRO,2022-07,4500
MH,Marshall Islands,WPRO,2022-08,31928.26086956522
MH,Marshall Islands,WPRO,2022-09,-96.75558270549108
MH,Marshall Islands,WPRO,2022-10,-79.07949790794979
MH,Marshall Islands,WPRO,2022-11,66
MH,Marshall Islands,WPRO,2022-12,-98.19277108433737
MH,Marshall Islands,WPRO,2023-01,1233.3333333333337
MH,Marshall Islands,WPRO,2023-02,-15
MH,Marshall Islands,WPRO,2023-03,208.82352941176472
MH,Marshall Islands,WPRO,2023-04,240.9523809523809
MH,Marshall Islands,WPRO,2023-05,-100
MH,Marshall Islands,WPRO,2023-06,Inf
MH,Marshall Islands,WPRO,2023-07,-100
MH,Marshall Islands,WPRO,2023-08,NA
MH,Marshall Islands,WPRO,2023-09,Inf
MH,Marshall Islands,WPRO,2023-10,-85.71428571428571
MH,Marshall Islands,WPRO,2023-11,-100
MH,Marshall Islands,WPRO,2023-12,NA
MH,Marshall Islands,WPRO,2024-01,NA
MH,Marshall Islands,WPRO,2024-02,NA
MH,Marshall Islands,WPRO,2024-03,Inf
MH,Marshall Islands,WPRO,2024-04,-100
MH,Marshall Islands,WPRO,2024-05,Inf
MH,Marshall Islands,WPRO,2024-06,-94.28571428571428
MH,Marshall Islands,WPRO,2024-07,1025
MH,Marshall Islands,WPRO,2024-08,-100
MH,Marshall Islands,WPRO,2024-09,NA
MH,Marshall Islands,WPRO,2024-10,NA
MH,Marshall Islands,WPRO,2024-11,NA
MH,Marshall Islands,WPRO,2024-12,NA
MH,Marshall Islands,WPRO,2025-01,NA
MH,Marshall Islands,WPRO,2025-02,NA
MH,Marshall Islands,WPRO,2025-03,NA
MH,Marshall Islands,WPRO,2025-04,NA
MH,Marshall Islands,WPRO,2025-05,NA
MK,North Macedonia,EURO,2020-01,NA
MK,North Macedonia,EURO,2020-02,NA
MK,North Macedonia,EURO,2020-03,Inf
MK,North Macedonia,EURO,2020-04,290.5263157894737
MK,North Macedonia,EURO,2020-05,-17.61006289308176
MK,North Macedonia,EURO,2020-06,324.9727371864776
MK,North Macedonia,EURO,2020-07,2.5917372337695666
MK,North Macedonia,EURO,2020-08,3.0515257628814405
MK,North Macedonia,EURO,2020-09,-19.02912621359223
MK,North Macedonia,EURO,2020-10,185.6115107913669
MK,North Macedonia,EURO,2020-11,263.9168765743073
MK,North Macedonia,EURO,2020-12,-42.52754225067774
MK,North Macedonia,EURO,2021-01,-45.15254917703733
MK,North Macedonia,EURO,2021-02,-5.974382433668801
MK,North Macedonia,EURO,2021-03,135.43835749732412
MK,North Macedonia,EURO,2021-04,-3.219540419904116
MK,North Macedonia,EURO,2021-05,-80.19387624375453
MK,North Macedonia,EURO,2021-06,-91.09529969814577
MK,North Macedonia,EURO,2021-07,-0.9685230024213076
MK,North Macedonia,EURO,2021-08,4676.528117359413
MK,North Macedonia,EURO,2021-09,-26.47932022932023
MK,North Macedonia,EURO,2021-10,-11.334679384529696
MK,North Macedonia,EURO,2021-11,-2.6776599921476247
MK,North Macedonia,EURO,2021-12,-33.79861223172503
MK,North Macedonia,EURO,2022-01,454.29616087751367
MK,North Macedonia,EURO,2022-02,-37.568161829375555
MK,North Macedonia,EURO,2022-03,-72.42022962597731
MK,North Macedonia,EURO,2022-04,-47.73336738602987
MK,North Macedonia,EURO,2022-05,-34.88883459565111
MK,North Macedonia,EURO,2022-06,-36.17260787992495
MK,North Macedonia,EURO,2022-07,759.9647266313933
MK,North Macedonia,EURO,2022-08,-19.85233798195242
MK,North Macedonia,EURO,2022-09,-76.58648925281474
MK,North Macedonia,EURO,2022-10,-43.67941712204007
MK,North Macedonia,EURO,2022-11,-52.39327296248383
MK,North Macedonia,EURO,2022-12,0
MK,North Macedonia,EURO,2023-01,26.222826086956523
MK,North Macedonia,EURO,2023-02,-48.65446716899892
MK,North Macedonia,EURO,2023-03,38.9937106918239
MK,North Macedonia,EURO,2023-04,-16.7420814479638
MK,North Macedonia,EURO,2023-05,-79.52898550724638
MK,North Macedonia,EURO,2023-06,-76.10619469026548
MK,North Macedonia,EURO,2023-07,3.7037037037037033
MK,North Macedonia,EURO,2023-08,164.28571428571428
MK,North Macedonia,EURO,2023-09,782.4324324324325
MK,North Macedonia,EURO,2023-10,16.998468606431853
MK,North Macedonia,EURO,2023-11,-73.69109947643979
MK,North Macedonia,EURO,2023-12,22.885572139303484
MK,North Macedonia,EURO,2024-01,-25.910931174089068
MK,North Macedonia,EURO,2024-02,-74.31693989071039
MK,North Macedonia,EURO,2024-03,-29.78723404255319
MK,North Macedonia,EURO,2024-04,-72.72727272727273
MK,North Macedonia,EURO,2024-05,-11.11111111111111
MK,North Macedonia,EURO,2024-06,262.5
MK,North Macedonia,EURO,2024-07,531.0344827586207
MK,North Macedonia,EURO,2024-08,320.21857923497265
MK,North Macedonia,EURO,2024-09,-46.94408322496749
MK,North Macedonia,EURO,2024-10,-85.7843137254902
MK,North Macedonia,EURO,2024-11,-72.41379310344827
MK,North Macedonia,EURO,2024-12,-62.5
MK,North Macedonia,EURO,2025-01,150
MK,North Macedonia,EURO,2025-02,-13.333333333333334
MK,North Macedonia,EURO,2025-03,-100
MK,North Macedonia,EURO,2025-04,NA
MK,North Macedonia,EURO,2025-05,NA
ML,Mali,AFRO,2020-01,NA
ML,Mali,AFRO,2020-02,NA
ML,Mali,AFRO,2020-03,Inf
ML,Mali,AFRO,2020-04,1976.470588235294
ML,Mali,AFRO,2020-05,148.72521246458922
ML,Mali,AFRO,2020-06,-7.744874715261959
ML,Mali,AFRO,2020-07,-59.25925925925925
ML,Mali,AFRO,2020-08,11.818181818181818
ML,Mali,AFRO,2020-09,-12.466124661246612
ML,Mali,AFRO,2020-10,21.36222910216718
ML,Mali,AFRO,2020-11,202.8061224489796
ML,Mali,AFRO,2020-12,61.33108677337826
ML,Mali,AFRO,2021-01,-21.93211488250653
ML,Mali,AFRO,2021-02,-80.20066889632108
ML,Mali,AFRO,2021-03,375.6756756756757
ML,Mali,AFRO,2021-04,168.9630681818182
ML,Mali,AFRO,2021-05,-81.38368101399524
ML,Mali,AFRO,2021-06,-78.86524822695036
ML,Mali,AFRO,2021-07,-15.436241610738255
ML,Mali,AFRO,2021-08,142.85714285714286
ML,Mali,AFRO,2021-09,0.32679738562091504
ML,Mali,AFRO,2021-10,188.2736156351791
ML,Mali,AFRO,2021-11,42.59887005649718
ML,Mali,AFRO,2021-12,114.81774960380348
ML,Mali,AFRO,2022-01,268.75691626706015
ML,Mali,AFRO,2022-02,-96.36891067320197
ML,Mali,AFRO,2022-03,-72.72727272727273
ML,Mali,AFRO,2022-04,159.5959595959596
ML,Mali,AFRO,2022-05,40.46692607003891
ML,Mali,AFRO,2022-06,-81.99445983379502
ML,Mali,AFRO,2022-07,6.153846153846154
ML,Mali,AFRO,2022-08,33.33333333333333
ML,Mali,AFRO,2022-09,1298.913043478261
ML,Mali,AFRO,2022-10,-89.8989898989899
ML,Mali,AFRO,2022-11,-79.23076923076923
ML,Mali,AFRO,2022-12,-62.96296296296296
ML,Mali,AFRO,2023-01,0
ML,Mali,AFRO,2023-02,2090
ML,Mali,AFRO,2023-03,-50.2283105022831
ML,Mali,AFRO,2023-04,-65.13761467889908
ML,Mali,AFRO,2023-05,-89.47368421052632
ML,Mali,AFRO,2023-06,-25
ML,Mali,AFRO,2023-07,-100
ML,Mali,AFRO,2023-08,Inf
ML,Mali,AFRO,2023-09,100
ML,Mali,AFRO,2023-10,-25
ML,Mali,AFRO,2023-11,-66.66666666666666
ML,Mali,AFRO,2023-12,200
ML,Mali,AFRO,2024-01,-100
ML,Mali,AFRO,2024-02,NA
ML,Mali,AFRO,2024-03,NA
ML,Mali,AFRO,2024-04,NA
ML,Mali,AFRO,2024-05,NA
ML,Mali,AFRO,2024-06,NA
ML,Mali,AFRO,2024-07,Inf
ML,Mali,AFRO,2024-08,-100
ML,Mali,AFRO,2024-09,Inf
ML,Mali,AFRO,2024-10,-50
ML,Mali,AFRO,2024-11,300
ML,Mali,AFRO,2024-12,-62.5
ML,Mali,AFRO,2025-01,-100
ML,Mali,AFRO,2025-02,NA
ML,Mali,AFRO,2025-03,Inf
ML,Mali,AFRO,2025-04,50
ML,Mali,AFRO,2025-05,-100
MM,Myanmar,SEARO,2020-01,NA
MM,Myanmar,SEARO,2020-02,NA
MM,Myanmar,SEARO,2020-03,Inf
MM,Myanmar,SEARO,2020-04,1625
MM,Myanmar,SEARO,2020-05,-43.47826086956522
MM,Myanmar,SEARO,2020-06,-3.8461538461538463
MM,Myanmar,SEARO,2020-07,-32
MM,Myanmar,SEARO,2020-08,733.3333333333333
MM,Myanmar,SEARO,2020-09,2068.470588235294
MM,Myanmar,SEARO,2020-10,266.72092013888886
MM,Myanmar,SEARO,2020-11,30.74829126845578
MM,Myanmar,SEARO,2020-12,-23.263708162664916
MM,Myanmar,SEARO,2021-01,-46.15293874782506
MM,Myanmar,SEARO,2021-02,-90.41020866422038
MM,Myanmar,SEARO,2021-03,-72.07310108509422
MM,Myanmar,SEARO,2021-04,-31.083844580777097
MM,Myanmar,SEARO,2021-05,151.92878338278933
MM,Myanmar,SEARO,2021-06,1029.4464075382805
MM,Myanmar,SEARO,2021-07,1113.5259151110647
MM,Myanmar,SEARO,2021-08,5.508529196923473
MM,Myanmar,SEARO,2021-09,-46.362044390144575
MM,Myanmar,SEARO,2021-10,-36.3455522823215
MM,Myanmar,SEARO,2021-11,-48.73923519167919
MM,Myanmar,SEARO,2021-12,-62.52792256142964
MM,Myanmar,SEARO,2022-01,-29.94287133631396
MM,Myanmar,SEARO,2022-02,803.1022868285766
MM,Myanmar,SEARO,2022-03,-51.59390703517588
MM,Myanmar,SEARO,2022-04,-92.33171127331713
MM,Myanmar,SEARO,2022-05,-70.06874669487044
MM,Myanmar,SEARO,2022-06,-57.42049469964664
MM,Myanmar,SEARO,2022-07,122.40663900414938
MM,Myanmar,SEARO,2022-08,62.31343283582089
MM,Myanmar,SEARO,2022-09,640.2298850574713
MM,Myanmar,SEARO,2022-10,58.742236024844715
MM,Myanmar,SEARO,2022-11,-84.91636505918028
MM,Myanmar,SEARO,2022-12,-71.14137483787289
MM,Myanmar,SEARO,2023-01,-53.48314606741573
MM,Myanmar,SEARO,2023-02,-55.55555555555556
MM,Myanmar,SEARO,2023-03,76.08695652173914
MM,Myanmar,SEARO,2023-04,396.2962962962963
MM,Myanmar,SEARO,2023-05,371.51741293532336
MM,Myanmar,SEARO,2023-06,-56.89791611711949
MM,Myanmar,SEARO,2023-07,-53.85556915544676
MM,Myanmar,SEARO,2023-08,-85.27851458885941
MM,Myanmar,SEARO,2023-09,-22.52252252252252
MM,Myanmar,SEARO,2023-10,2.3255813953488373
MM,Myanmar,SEARO,2023-11,-60.22727272727273
MM,Myanmar,SEARO,2023-12,105.71428571428572
MM,Myanmar,SEARO,2024-01,231.94444444444449
MM,Myanmar,SEARO,2024-02,-50.2092050209205
MM,Myanmar,SEARO,2024-03,21.84873949579832
MM,Myanmar,SEARO,2024-04,-2.7586206896551726
MM,Myanmar,SEARO,2024-05,127.65957446808513
MM,Myanmar,SEARO,2024-06,-0.3115264797507788
MM,Myanmar,SEARO,2024-07,-60.62499999999999
MM,Myanmar,SEARO,2024-08,-18.253968253968253
MM,Myanmar,SEARO,2024-09,87.37864077669903
MM,Myanmar,SEARO,2024-10,-68.9119170984456
MM,Myanmar,SEARO,2024-11,-68.33333333333333
MM,Myanmar,SEARO,2024-12,-63.1578947368421
MM,Myanmar,SEARO,2025-01,-100
MM,Myanmar,SEARO,2025-02,NA
MM,Myanmar,SEARO,2025-03,NA
MM,Myanmar,SEARO,2025-04,NA
MM,Myanmar,SEARO,2025-05,Inf
MN,Mongolia,WPRO,2020-01,NA
MN,Mongolia,WPRO,2020-02,NA
MN,Mongolia,WPRO,2020-03,Inf
MN,Mongolia,WPRO,2020-04,116.66666666666669
MN,Mongolia,WPRO,2020-05,442.3076923076923
MN,Mongolia,WPRO,2020-06,-71.63120567375887
MN,Mongolia,WPRO,2020-07,72.5
MN,Mongolia,WPRO,2020-08,-81.15942028985508
MN,Mongolia,WPRO,2020-09,-7.6923076923076925
MN,Mongolia,WPRO,2020-10,100
MN,Mongolia,WPRO,2020-11,1762.5
MN,Mongolia,WPRO,2020-12,-24.60850111856823
MN,Mongolia,WPRO,2021-01,105.63798219584572
MN,Mongolia,WPRO,2021-02,64.21356421356421
MN,Mongolia,WPRO,2021-03,307.46924428822496
MN,Mongolia,WPRO,2021-04,412.18460211343546
MN,Mongolia,WPRO,2021-05,14.105263157894738
MN,Mongolia,WPRO,2021-06,95.81549815498155
MN,Mongolia,WPRO,2021-07,-12.431688840312065
MN,Mongolia,WPRO,2021-08,14.702274634702706
MN,Mongolia,WPRO,2021-09,176.52764488471135
MN,Mongolia,WPRO,2021-10,58.98216999565784
MN,Mongolia,WPRO,2021-11,-68.26358038126207
MN,Mongolia,WPRO,2021-12,-68.28028561055307
MN,Mongolia,WPRO,2022-01,539.6964686930348
MN,Mongolia,WPRO,2022-02,-56.05707166430304
MN,Mongolia,WPRO,2022-03,-83.79254701473405
MN,Mongolia,WPRO,2022-04,-85.74485903042711
MN,Mongolia,WPRO,2022-05,202.6762402088773
MN,Mongolia,WPRO,2022-06,-24.239810222126376
MN,Mongolia,WPRO,2022-07,424.7936236834614
MN,Mongolia,WPRO,2022-08,63.99435886309395
MN,Mongolia,WPRO,2022-09,-81.99378183502017
MN,Mongolia,WPRO,2022-10,-61.00293901542984
MN,Mongolia,WPRO,2022-11,242.81676872350445
MN,Mongolia,WPRO,2022-12,109.02720527617478
MN,Mongolia,WPRO,2023-01,-96.35180437783475
MN,Mongolia,WPRO,2023-02,-94.95495495495496
MN,Mongolia,WPRO,2023-03,-50
MN,Mongolia,WPRO,2023-04,528.5714285714286
MN,Mongolia,WPRO,2023-05,1407.9545454545455
MN,Mongolia,WPRO,2023-06,10.776186887716657
MN,Mongolia,WPRO,2023-07,-93.06122448979592
MN,Mongolia,WPRO,2023-08,-70.58823529411765
MN,Mongolia,WPRO,2023-09,240
MN,Mongolia,WPRO,2023-10,5.88235294117647
MN,Mongolia,WPRO,2023-11,-32.407407407407405
MN,Mongolia,WPRO,2023-12,68.4931506849315
MN,Mongolia,WPRO,2024-01,-73.17073170731707
MN,Mongolia,WPRO,2024-02,-21.21212121212121
MN,Mongolia,WPRO,2024-03,46.15384615384615
MN,Mongolia,WPRO,2024-04,-15.789473684210526
MN,Mongolia,WPRO,2024-05,-43.75
MN,Mongolia,WPRO,2024-06,-55.55555555555556
MN,Mongolia,WPRO,2024-07,-100
MN,Mongolia,WPRO,2024-08,NA
MN,Mongolia,WPRO,2024-09,NA
MN,Mongolia,WPRO,2024-10,NA
MN,Mongolia,WPRO,2024-11,NA
MN,Mongolia,WPRO,2024-12,NA
MN,Mongolia,WPRO,2025-01,NA
MN,Mongolia,WPRO,2025-02,NA
MN,Mongolia,WPRO,2025-03,NA
MN,Mongolia,WPRO,2025-04,NA
MN,Mongolia,WPRO,2025-05,NA
MP,Northern Mariana Islands,WPRO,2020-01,NA
MP,Northern Mariana Islands,WPRO,2020-02,NA
MP,Northern Mariana Islands,WPRO,2020-03,NA
MP,Northern Mariana Islands,WPRO,2020-04,Inf
MP,Northern Mariana Islands,WPRO,2020-05,-42.857142857142854
MP,Northern Mariana Islands,WPRO,2020-06,0
MP,Northern Mariana Islands,WPRO,2020-07,12.5
MP,Northern Mariana Islands,WPRO,2020-08,88.88888888888889
MP,Northern Mariana Islands,WPRO,2020-09,-17.647058823529413
MP,Northern Mariana Islands,WPRO,2020-10,28.57142857142857
MP,Northern Mariana Islands,WPRO,2020-11,-5.555555555555555
MP,Northern Mariana Islands,WPRO,2020-12,0
MP,Northern Mariana Islands,WPRO,2021-01,-41.17647058823529
MP,Northern Mariana Islands,WPRO,2021-02,10
MP,Northern Mariana Islands,WPRO,2021-03,45.45454545454545
MP,Northern Mariana Islands,WPRO,2021-04,-68.75
MP,Northern Mariana Islands,WPRO,2021-05,280
MP,Northern Mariana Islands,WPRO,2021-06,-100
MP,Northern Mariana Islands,WPRO,2021-07,Inf
MP,Northern Mariana Islands,WPRO,2021-08,628.5714285714286
MP,Northern Mariana Islands,WPRO,2021-09,-50.98039215686274
MP,Northern Mariana Islands,WPRO,2021-10,84
MP,Northern Mariana Islands,WPRO,2021-11,932.608695652174
MP,Northern Mariana Islands,WPRO,2021-12,343.36842105263156
MP,Northern Mariana Islands,WPRO,2022-01,-6.41025641025641
MP,Northern Mariana Islands,WPRO,2022-02,135.9208523592085
MP,Northern Mariana Islands,WPRO,2022-03,-67.56989247311827
MP,Northern Mariana Islands,WPRO,2022-04,-86.80371352785146
MP,Northern Mariana Islands,WPRO,2022-05,-43.71859296482412
MP,Northern Mariana Islands,WPRO,2022-06,110.71428571428572
MP,Northern Mariana Islands,WPRO,2022-07,392.79661016949154
MP,Northern Mariana Islands,WPRO,2022-08,-66.38005159071368
MP,Northern Mariana Islands,WPRO,2022-09,-87.7237851662404
MP,Northern Mariana Islands,WPRO,2022-10,-100
MP,Northern Mariana Islands,WPRO,2022-11,NA
MP,Northern Mariana Islands,WPRO,2022-12,Inf
MP,Northern Mariana Islands,WPRO,2023-01,144.6153846153846
MP,Northern Mariana Islands,WPRO,2023-02,59.74842767295597
MP,Northern Mariana Islands,WPRO,2023-03,-51.181102362204726
MP,Northern Mariana Islands,WPRO,2023-04,-38.70967741935484
MP,Northern Mariana Islands,WPRO,2023-05,13.157894736842104
MP,Northern Mariana Islands,WPRO,2023-06,-24.418604651162788
MP,Northern Mariana Islands,WPRO,2023-07,47.69230769230769
MP,Northern Mariana Islands,WPRO,2023-08,-26.041666666666668
MP,Northern Mariana Islands,WPRO,2023-09,53.52112676056338
MP,Northern Mariana Islands,WPRO,2023-10,-61.46788990825688
MP,Northern Mariana Islands,WPRO,2023-11,-61.904761904761905
MP,Northern Mariana Islands,WPRO,2023-12,-56.25
MP,Northern Mariana Islands,WPRO,2024-01,300
MP,Northern Mariana Islands,WPRO,2024-02,325
MP,Northern Mariana Islands,WPRO,2024-03,2.5210084033613445
MP,Northern Mariana Islands,WPRO,2024-04,-58.19672131147541
MP,Northern Mariana Islands,WPRO,2024-05,-35.294117647058826
MP,Northern Mariana Islands,WPRO,2024-06,18.181818181818183
MP,Northern Mariana Islands,WPRO,2024-07,279.48717948717945
MP,Northern Mariana Islands,WPRO,2024-08,-46.62162162162162
MP,Northern Mariana Islands,WPRO,2024-09,-68.35443037974683
MP,Northern Mariana Islands,WPRO,2024-10,-100
MP,Northern Mariana Islands,WPRO,2024-11,NA
MP,Northern Mariana Islands,WPRO,2024-12,NA
MP,Northern Mariana Islands,WPRO,2025-01,NA
MP,Northern Mariana Islands,WPRO,2025-02,NA
MP,Northern Mariana Islands,WPRO,2025-03,NA
MP,Northern Mariana Islands,WPRO,2025-04,NA
MP,Northern Mariana Islands,WPRO,2025-05,NA
MQ,Martinique,NA,2020-01,NA
MQ,Martinique,NA,2020-02,NA
MQ,Martinique,NA,2020-03,Inf
MQ,Martinique,NA,2020-04,-17.20430107526882
MQ,Martinique,NA,2020-05,-61.038961038961034
MQ,Martinique,NA,2020-06,40
MQ,Martinique,NA,2020-07,-35.714285714285715
MQ,Martinique,NA,2020-08,1111.111111111111
MQ,Martinique,NA,2020-09,114.6788990825688
MQ,Martinique,NA,2020-10,113.96011396011396
MQ,Martinique,NA,2020-11,73.96804260985353
MQ,Martinique,NA,2020-12,-74.77994642173746
MQ,Martinique,NA,2021-01,-54.77996965098634
MQ,Martinique,NA,2021-02,26.174496644295303
MQ,Martinique,NA,2021-03,113.56382978723406
MQ,Martinique,NA,2021-04,266.3760896637609
MQ,Martinique,NA,2021-05,-49.42216179469748
MQ,Martinique,NA,2021-06,-79.36827956989248
MQ,Martinique,NA,2021-07,1505.5374592833878
MQ,Martinique,NA,2021-08,280.158247108947
MQ,Martinique,NA,2021-09,-73.68982815668694
MQ,Martinique,NA,2021-10,-50.02028397565923
MQ,Martinique,NA,2021-11,-25.7711038961039
MQ,Martinique,NA,2021-12,44.99726626571897
MQ,Martinique,NA,2022-01,1400.9803921568628
MQ,Martinique,NA,2022-02,-32.5880520524544
MQ,Martinique,NA,2022-03,6.979950808675561
MQ,Martinique,NA,2022-04,-75.95708363813704
MQ,Martinique,NA,2022-05,152.6658939437844
MQ,Martinique,NA,2022-06,62.83043752508745
MQ,Martinique,NA,2022-07,-44.85138751936893
MQ,Martinique,NA,2022-08,-74.3933588761175
MQ,Martinique,NA,2022-09,14.962593516209475
MQ,Martinique,NA,2022-10,-23.297180043383943
MQ,Martinique,NA,2022-11,-73.98190045248869
MQ,Martinique,NA,2022-12,198.04347826086956
MQ,Martinique,NA,2023-01,-54.15754923413567
MQ,Martinique,NA,2023-02,-76.45186953062849
MQ,Martinique,NA,2023-03,81.08108108108108
MQ,Martinique,NA,2023-04,-21.455223880597018
MQ,Martinique,NA,2023-05,-82.18527315914488
MQ,Martinique,NA,2023-06,405.33333333333337
MQ,Martinique,NA,2023-07,-100
MQ,Martinique,NA,2023-08,NA
MQ,Martinique,NA,2023-09,NA
MQ,Martinique,NA,2023-10,NA
MQ,Martinique,NA,2023-11,NA
MQ,Martinique,NA,2023-12,NA
MQ,Martinique,NA,2024-01,NA
MQ,Martinique,NA,2024-02,NA
MQ,Martinique,NA,2024-03,NA
MQ,Martinique,NA,2024-04,NA
MQ,Martinique,NA,2024-05,NA
MQ,Martinique,NA,2024-06,NA
MQ,Martinique,NA,2024-07,NA
MQ,Martinique,NA,2024-08,NA
MQ,Martinique,NA,2024-09,NA
MQ,Martinique,NA,2024-10,NA
MQ,Martinique,NA,2024-11,NA
MQ,Martinique,NA,2024-12,NA
MQ,Martinique,NA,2025-01,NA
MQ,Martinique,NA,2025-02,NA
MQ,Martinique,NA,2025-03,NA
MQ,Martinique,NA,2025-04,NA
MQ,Martinique,NA,2025-05,NA
MR,Mauritania,AFRO,2020-01,NA
MR,Mauritania,AFRO,2020-02,NA
MR,Mauritania,AFRO,2020-03,Inf
MR,Mauritania,AFRO,2020-04,-60
MR,Mauritania,AFRO,2020-05,23700
MR,Mauritania,AFRO,2020-06,644.1176470588235
MR,Mauritania,AFRO,2020-07,-39.97741389045737
MR,Mauritania,AFRO,2020-08,-59.21919096895578
MR,Mauritania,AFRO,2020-09,-48.78892733564014
MR,Mauritania,AFRO,2020-10,-54.729729729729726
MR,Mauritania,AFRO,2020-11,339.80099502487565
MR,Mauritania,AFRO,2020-12,462.10407239819
MR,Mauritania,AFRO,2021-01,-37.774200040249546
MR,Mauritania,AFRO,2021-02,-81.27425614489003
MR,Mauritania,AFRO,2021-03,-1.7271157167530224
MR,Mauritania,AFRO,2021-04,-23.374340949033392
MR,Mauritania,AFRO,2021-05,191.5137614678899
MR,Mauritania,AFRO,2021-06,-10.22816679779701
MR,Mauritania,AFRO,2021-07,158.6327782646801
MR,Mauritania,AFRO,2021-08,225.4151135208404
MR,Mauritania,AFRO,2021-09,-72.28990940331147
MR,Mauritania,AFRO,2021-10,-47.27546035325066
MR,Mauritania,AFRO,2021-11,34.92516037063436
MR,Mauritania,AFRO,2021-12,-29.318541996830422
MR,Mauritania,AFRO,2022-01,1221.0762331838564
MR,Mauritania,AFRO,2022-02,-97.1713057252772
MR,Mauritania,AFRO,2022-03,-92.6
MR,Mauritania,AFRO,2022-04,-54.054054054054056
MR,Mauritania,AFRO,2022-05,2364.7058823529414
MR,Mauritania,AFRO,2022-06,-22.195704057279237
MR,Mauritania,AFRO,2022-07,854.601226993865
MR,Mauritania,AFRO,2022-08,-92.96272493573264
MR,Mauritania,AFRO,2022-09,-85.38812785388129
MR,Mauritania,AFRO,2022-10,1643.75
MR,Mauritania,AFRO,2022-11,-87.45519713261649
MR,Mauritania,AFRO,2022-12,-87.14285714285714
MR,Mauritania,AFRO,2023-01,-11.11111111111111
MR,Mauritania,AFRO,2023-02,-75
MR,Mauritania,AFRO,2023-03,1250
MR,Mauritania,AFRO,2023-04,462.962962962963
MR,Mauritania,AFRO,2023-05,-57.89473684210527
MR,Mauritania,AFRO,2023-06,-54.6875
MR,Mauritania,AFRO,2023-07,-93.10344827586206
MR,Mauritania,AFRO,2023-08,0
MR,Mauritania,AFRO,2023-09,2050
MR,Mauritania,AFRO,2023-10,-90.69767441860463
MR,Mauritania,AFRO,2023-11,-25
MR,Mauritania,AFRO,2023-12,666.6666666666667
MR,Mauritania,AFRO,2024-01,56.52173913043478
MR,Mauritania,AFRO,2024-02,-36.11111111111111
MR,Mauritania,AFRO,2024-03,-91.30434782608695
MR,Mauritania,AFRO,2024-04,-100
MR,Mauritania,AFRO,2024-05,Inf
MR,Mauritania,AFRO,2024-06,-82.35294117647058
MR,Mauritania,AFRO,2024-07,33.33333333333333
MR,Mauritania,AFRO,2024-08,-25
MR,Mauritania,AFRO,2024-09,-100
MR,Mauritania,AFRO,2024-10,Inf
MR,Mauritania,AFRO,2024-11,200
MR,Mauritania,AFRO,2024-12,-66.66666666666666
MR,Mauritania,AFRO,2025-01,100
MR,Mauritania,AFRO,2025-02,100
MR,Mauritania,AFRO,2025-03,-100
MR,Mauritania,AFRO,2025-04,Inf
MR,Mauritania,AFRO,2025-05,-50
MS,Montserrat,AMRO,2020-01,NA
MS,Montserrat,AMRO,2020-02,NA
MS,Montserrat,AMRO,2020-03,Inf
MS,Montserrat,AMRO,2020-04,20
MS,Montserrat,AMRO,2020-05,-100
MS,Montserrat,AMRO,2020-06,NA
MS,Montserrat,AMRO,2020-07,Inf
MS,Montserrat,AMRO,2020-08,-100
MS,Montserrat,AMRO,2020-09,NA
MS,Montserrat,AMRO,2020-10,NA
MS,Montserrat,AMRO,2020-11,NA
MS,Montserrat,AMRO,2020-12,NA
MS,Montserrat,AMRO,2021-01,NA
MS,Montserrat,AMRO,2021-02,Inf
MS,Montserrat,AMRO,2021-03,-100
MS,Montserrat,AMRO,2021-04,NA
MS,Montserrat,AMRO,2021-05,NA
MS,Montserrat,AMRO,2021-06,NA
MS,Montserrat,AMRO,2021-07,Inf
MS,Montserrat,AMRO,2021-08,400
MS,Montserrat,AMRO,2021-09,40
MS,Montserrat,AMRO,2021-10,14.285714285714285
MS,Montserrat,AMRO,2021-11,-62.5
MS,Montserrat,AMRO,2021-12,-66.66666666666666
MS,Montserrat,AMRO,2022-01,11600
MS,Montserrat,AMRO,2022-02,-99.14529914529916
MS,Montserrat,AMRO,2022-03,1100
MS,Montserrat,AMRO,2022-04,-83.33333333333334
MS,Montserrat,AMRO,2022-05,38950
MS,Montserrat,AMRO,2022-06,-92.57362355953906
MS,Montserrat,AMRO,2022-07,-34.48275862068966
MS,Montserrat,AMRO,2022-08,89.47368421052632
MS,Montserrat,AMRO,2022-09,269.44444444444446
MS,Montserrat,AMRO,2022-10,-95.86466165413536
MS,Montserrat,AMRO,2022-11,-100
MS,Montserrat,AMRO,2022-12,NA
MS,Montserrat,AMRO,2023-01,NA
MS,Montserrat,AMRO,2023-02,NA
MS,Montserrat,AMRO,2023-03,NA
MS,Montserrat,AMRO,2023-04,NA
MS,Montserrat,AMRO,2023-05,NA
MS,Montserrat,AMRO,2023-06,NA
MS,Montserrat,AMRO,2023-07,NA
MS,Montserrat,AMRO,2023-08,NA
MS,Montserrat,AMRO,2023-09,NA
MS,Montserrat,AMRO,2023-10,NA
MS,Montserrat,AMRO,2023-11,NA
MS,Montserrat,AMRO,2023-12,NA
MS,Montserrat,AMRO,2024-01,NA
MS,Montserrat,AMRO,2024-02,NA
MS,Montserrat,AMRO,2024-03,NA
MS,Montserrat,AMRO,2024-04,NA
MS,Montserrat,AMRO,2024-05,NA
MS,Montserrat,AMRO,2024-06,NA
MS,Montserrat,AMRO,2024-07,NA
MS,Montserrat,AMRO,2024-08,NA
MS,Montserrat,AMRO,2024-09,NA
MS,Montserrat,AMRO,2024-10,NA
MS,Montserrat,AMRO,2024-11,NA
MS,Montserrat,AMRO,2024-12,NA
MS,Montserrat,AMRO,2025-01,NA
MS,Montserrat,AMRO,2025-02,NA
MS,Montserrat,AMRO,2025-03,NA
MS,Montserrat,AMRO,2025-04,NA
MS,Montserrat,AMRO,2025-05,NA
MT,Malta,EURO,2020-01,NA
MT,Malta,EURO,2020-02,NA
MT,Malta,EURO,2020-03,Inf
MT,Malta,EURO,2020-04,83.64779874213836
MT,Malta,EURO,2020-05,-41.78082191780822
MT,Malta,EURO,2020-06,-69.41176470588235
MT,Malta,EURO,2020-07,-40.38461538461539
MT,Malta,EURO,2020-08,4164.5161290322585
MT,Malta,EURO,2020-09,-11.875945537065052
MT,Malta,EURO,2020-10,120.68669527896996
MT,Malta,EURO,2020-11,67.36678335278103
MT,Malta,EURO,2020-12,-40.71577968858936
MT,Malta,EURO,2021-01,123.36338690709523
MT,Malta,EURO,2021-02,-19.76131976131976
MT,Malta,EURO,2021-03,35.32370953630796
MT,Malta,EURO,2021-04,-79.8448359463391
MT,Malta,EURO,2021-05,-69.60705693664796
MT,Malta,EURO,2021-06,-77.57255936675462
MT,Malta,EURO,2021-07,3651.7647058823527
MT,Malta,EURO,2021-08,-27.21856381310755
MT,Malta,EURO,2021-09,-57.69065058164584
MT,Malta,EURO,2021-10,-42.057026476578415
MT,Malta,EURO,2021-11,191.3884007029877
MT,Malta,EURO,2021-12,378.4680337756333
MT,Malta,EURO,2022-01,155.48972645909492
MT,Malta,EURO,2022-02,-83.08663903690547
MT,Malta,EURO,2022-03,78.0046674445741
MT,Malta,EURO,2022-04,120.8456243854474
MT,Malta,EURO,2022-05,-70.60700504600771
MT,Malta,EURO,2022-06,62.30749810653875
MT,Malta,EURO,2022-07,82.87447503499766
MT,Malta,EURO,2022-08,-90.34617674576847
MT,Malta,EURO,2022-09,-49.42731277533039
MT,Malta,EURO,2022-10,34.66898954703833
MT,Malta,EURO,2022-11,-44.372574385511
MT,Malta,EURO,2022-12,8.837209302325581
MT,Malta,EURO,2023-01,74.14529914529915
MT,Malta,EURO,2023-02,-49.079754601226995
MT,Malta,EURO,2023-03,26.746987951807228
MT,Malta,EURO,2023-04,-1.1406844106463878
MT,Malta,EURO,2023-05,-55.38461538461539
MT,Malta,EURO,2023-06,-4.741379310344827
MT,Malta,EURO,2023-07,106.78733031674209
MT,Malta,EURO,2023-08,35.886214442013134
MT,Malta,EURO,2023-09,-39.130434782608695
MT,Malta,EURO,2023-10,-25.132275132275133
MT,Malta,EURO,2023-11,-64.31095406360424
MT,Malta,EURO,2023-12,230.69306930693068
MT,Malta,EURO,2024-01,8.682634730538922
MT,Malta,EURO,2024-02,-67.21763085399449
MT,Malta,EURO,2024-03,-83.19327731092437
MT,Malta,EURO,2024-04,-10
MT,Malta,EURO,2024-05,288.88888888888886
MT,Malta,EURO,2024-06,570
MT,Malta,EURO,2024-07,89.76545842217483
MT,Malta,EURO,2024-08,-71.34831460674157
MT,Malta,EURO,2024-09,-44.31372549019608
MT,Malta,EURO,2024-10,-61.267605633802816
MT,Malta,EURO,2024-11,-40
MT,Malta,EURO,2024-12,-33.33333333333333
MT,Malta,EURO,2025-01,-40.909090909090914
MT,Malta,EURO,2025-02,-23.076923076923077
MT,Malta,EURO,2025-03,180
MT,Malta,EURO,2025-04,-3.571428571428571
MT,Malta,EURO,2025-05,-14.814814814814811
MU,Mauritius,AFRO,2020-01,NA
MU,Mauritius,AFRO,2020-02,NA
MU,Mauritius,AFRO,2020-03,Inf
MU,Mauritius,AFRO,2020-04,124.50980392156865
MU,Mauritius,AFRO,2020-05,-98.2532751091703
MU,Mauritius,AFRO,2020-06,50
MU,Mauritius,AFRO,2020-07,-50
MU,Mauritius,AFRO,2020-08,-33.33333333333333
MU,Mauritius,AFRO,2020-09,950
MU,Mauritius,AFRO,2020-10,223.80952380952385
MU,Mauritius,AFRO,2020-11,0
MU,Mauritius,AFRO,2020-12,-64.70588235294117
MU,Mauritius,AFRO,2021-01,70.83333333333334
MU,Mauritius,AFRO,2021-02,2.4390243902439024
MU,Mauritius,AFRO,2021-03,519.047619047619
MU,Mauritius,AFRO,2021-04,29.230769230769234
MU,Mauritius,AFRO,2021-05,-44.345238095238095
MU,Mauritius,AFRO,2021-06,160.42780748663102
MU,Mauritius,AFRO,2021-07,279.6714579055442
MU,Mauritius,AFRO,2021-08,249.75662520281233
MU,Mauritius,AFRO,2021-09,78.24338951600433
MU,Mauritius,AFRO,2021-10,91.24663832740522
MU,Mauritius,AFRO,2021-11,62.59922885007938
MU,Mauritius,AFRO,2021-12,-70.77137676105454
MU,Mauritius,AFRO,2022-01,40.42187649136203
MU,Mauritius,AFRO,2022-02,313.6827079934747
MU,Mauritius,AFRO,2022-03,-27.8914247219073
MU,Mauritius,AFRO,2022-04,-72.50375974114752
MU,Mauritius,AFRO,2022-05,-57.363056269163835
MU,Mauritius,AFRO,2022-06,-22.95432458697765
MU,Mauritius,AFRO,2022-07,344.0464177598385
MU,Mauritius,AFRO,2022-08,-44.35291444154073
MU,Mauritius,AFRO,2022-09,-54.456355283307815
MU,Mauritius,AFRO,2022-10,-15.893297466935666
MU,Mauritius,AFRO,2022-11,281.4765458422175
MU,Mauritius,AFRO,2022-12,-26.234891357507163
MU,Mauritius,AFRO,2023-01,-65.25857169918545
MU,Mauritius,AFRO,2023-02,-76.03598691384951
MU,Mauritius,AFRO,2023-03,71.67235494880546
MU,Mauritius,AFRO,2023-04,154.0755467196819
MU,Mauritius,AFRO,2023-05,36.33281168492436
MU,Mauritius,AFRO,2023-06,-67.07480390281232
MU,Mauritius,AFRO,2023-07,-59.61650203370134
MU,Mauritius,AFRO,2023-08,25.899280575539567
MU,Mauritius,AFRO,2023-09,-75.31428571428572
MU,Mauritius,AFRO,2023-10,62.96296296296296
MU,Mauritius,AFRO,2023-11,692.6136363636364
MU,Mauritius,AFRO,2023-12,285.23297491039426
MU,Mauritius,AFRO,2024-01,-69.90137700037216
MU,Mauritius,AFRO,2024-02,-87.60432766615148
MU,Mauritius,AFRO,2024-03,-72.06982543640898
MU,Mauritius,AFRO,2024-04,23.214285714285715
MU,Mauritius,AFRO,2024-05,57.971014492753625
MU,Mauritius,AFRO,2024-06,-13.761467889908255
MU,Mauritius,AFRO,2024-07,11.702127659574469
MU,Mauritius,AFRO,2024-08,26.666666666666668
MU,Mauritius,AFRO,2024-09,68.04511278195488
MU,Mauritius,AFRO,2024-10,-41.16331096196867
MU,Mauritius,AFRO,2024-11,-16.34980988593156
MU,Mauritius,AFRO,2024-12,346.3636363636364
MU,Mauritius,AFRO,2025-01,35.74338085539715
MU,Mauritius,AFRO,2025-02,-79.44486121530383
MU,Mauritius,AFRO,2025-03,-96.71532846715328
MU,Mauritius,AFRO,2025-04,-22.22222222222222
MU,Mauritius,AFRO,2025-05,-28.57142857142857
MV,Maldives,SEARO,2020-01,NA
MV,Maldives,SEARO,2020-02,NA
MV,Maldives,SEARO,2020-03,Inf
MV,Maldives,SEARO,2020-04,975
MV,Maldives,SEARO,2020-05,762.7906976744187
MV,Maldives,SEARO,2020-06,-56.06469002695418
MV,Maldives,SEARO,2020-07,50
MV,Maldives,SEARO,2020-08,346.319018404908
MV,Maldives,SEARO,2020-09,-44.306987399770904
MV,Maldives,SEARO,2020-10,-42.122583299053886
MV,Maldives,SEARO,2020-11,5.828002842928217
MV,Maldives,SEARO,2020-12,-56.34654130288784
MV,Maldives,SEARO,2021-01,238
MV,Maldives,SEARO,2021-02,79.88165680473372
MV,Maldives,SEARO,2021-03,-5.592105263157895
MV,Maldives,SEARO,2021-04,16.59072634682391
MV,Maldives,SEARO,2021-05,723.264367816092
MV,Maldives,SEARO,2021-06,-73.07885624930191
MV,Maldives,SEARO,2021-07,-64.49538429623483
MV,Maldives,SEARO,2021-08,18.054338299737072
MV,Maldives,SEARO,2021-09,-11.630784459292254
MV,Maldives,SEARO,2021-10,-4.17250070008401
MV,Maldives,SEARO,2021-11,7.5394506136762125
MV,Maldives,SEARO,2021-12,-7.608695652173914
MV,Maldives,SEARO,2022-01,1113.5882352941178
MV,Maldives,SEARO,2022-02,-18.796956037031652
MV,Maldives,SEARO,2022-03,-77.70250104458903
MV,Maldives,SEARO,2022-04,-71.93146834426449
MV,Maldives,SEARO,2022-05,-73.05674773485931
MV,Maldives,SEARO,2022-06,222.30088495575225
MV,Maldives,SEARO,2022-07,59.19824272377814
MV,Maldives,SEARO,2022-08,-87.20248361503967
MV,Maldives,SEARO,2022-09,-49.865229110512125
MV,Maldives,SEARO,2022-10,73.11827956989248
MV,Maldives,SEARO,2022-11,-21.11801242236025
MV,Maldives,SEARO,2022-12,-76.37795275590551
MV,Maldives,SEARO,2023-01,-38.333333333333336
MV,Maldives,SEARO,2023-02,-54.054054054054056
MV,Maldives,SEARO,2023-03,129.41176470588235
MV,Maldives,SEARO,2023-04,1602.5641025641023
MV,Maldives,SEARO,2023-05,-67.46987951807229
MV,Maldives,SEARO,2023-06,-85.18518518518519
MV,Maldives,SEARO,2023-07,-87.5
MV,Maldives,SEARO,2023-08,75
MV,Maldives,SEARO,2023-09,-100
MV,Maldives,SEARO,2023-10,NA
MV,Maldives,SEARO,2023-11,NA
MV,Maldives,SEARO,2023-12,NA
MV,Maldives,SEARO,2024-01,NA
MV,Maldives,SEARO,2024-02,NA
MV,Maldives,SEARO,2024-03,NA
MV,Maldives,SEARO,2024-04,NA
MV,Maldives,SEARO,2024-05,NA
MV,Maldives,SEARO,2024-06,NA
MV,Maldives,SEARO,2024-07,NA
MV,Maldives,SEARO,2024-08,NA
MV,Maldives,SEARO,2024-09,NA
MV,Maldives,SEARO,2024-10,NA
MV,Maldives,SEARO,2024-11,NA
MV,Maldives,SEARO,2024-12,NA
MV,Maldives,SEARO,2025-01,NA
MV,Maldives,SEARO,2025-02,NA
MV,Maldives,SEARO,2025-03,NA
MV,Maldives,SEARO,2025-04,NA
MV,Maldives,SEARO,2025-05,NA
MW,Malawi,AFRO,2020-01,NA
MW,Malawi,AFRO,2020-02,NA
MW,Malawi,AFRO,2020-03,NA
MW,Malawi,AFRO,2020-04,Inf
MW,Malawi,AFRO,2020-05,645.4545454545454
MW,Malawi,AFRO,2020-06,208.53658536585365
MW,Malawi,AFRO,2020-07,231.8840579710145
MW,Malawi,AFRO,2020-08,-21.754664549424373
MW,Malawi,AFRO,2020-09,-87.92491121258244
MW,Malawi,AFRO,2020-10,-49.159663865546214
MW,Malawi,AFRO,2020-11,14.049586776859504
MW,Malawi,AFRO,2020-12,130.43478260869566
MW,Malawi,AFRO,2021-01,5294.33962264151
MW,Malawi,AFRO,2021-02,-51.60895417978314
MW,Malawi,AFRO,2021-03,-80.0024093482713
MW,Malawi,AFRO,2021-04,-66.6867469879518
MW,Malawi,AFRO,2021-05,-42.495479204339965
MW,Malawi,AFRO,2021-06,285.2201257861635
MW,Malawi,AFRO,2021-07,921.3877551020408
MW,Malawi,AFRO,2021-08,-2.1179667519181584
MW,Malawi,AFRO,2021-09,-90.33232628398792
MW,Malawi,AFRO,2021-10,-74.91554054054053
MW,Malawi,AFRO,2021-11,-68.01346801346801
MW,Malawi,AFRO,2021-12,9155.78947368421
MW,Malawi,AFRO,2022-01,55.885363357215965
MW,Malawi,AFRO,2022-02,-93.25162325818924
MW,Malawi,AFRO,2022-03,-68.21621621621622
MW,Malawi,AFRO,2022-04,-52.72108843537416
MW,Malawi,AFRO,2022-05,56.11510791366906
MW,Malawi,AFRO,2022-06,76.95852534562212
MW,Malawi,AFRO,2022-07,164.84375
MW,Malawi,AFRO,2022-08,-53.88397246804326
MW,Malawi,AFRO,2022-09,-62.68656716417911
MW,Malawi,AFRO,2022-10,-49.714285714285715
MW,Malawi,AFRO,2022-11,-130.6818181818182
MW,Malawi,AFRO,2022-12,-433.3333333333333
MW,Malawi,AFRO,2023-01,175.55555555555554
MW,Malawi,AFRO,2023-02,-29.03225806451613
MW,Malawi,AFRO,2023-03,-82.95454545454545
MW,Malawi,AFRO,2023-04,-43.333333333333336
MW,Malawi,AFRO,2023-05,-47.05882352941176
MW,Malawi,AFRO,2023-06,600
MW,Malawi,AFRO,2023-07,93.65079365079364
MW,Malawi,AFRO,2023-08,-44.26229508196721
MW,Malawi,AFRO,2023-09,-1.4705882352941175
MW,Malawi,AFRO,2023-10,82.08955223880598
MW,Malawi,AFRO,2023-11,-42.62295081967213
MW,Malawi,AFRO,2023-12,-77.14285714285715
MW,Malawi,AFRO,2024-01,-100
MW,Malawi,AFRO,2024-02,NA
MW,Malawi,AFRO,2024-03,NA
MW,Malawi,AFRO,2024-04,NA
MW,Malawi,AFRO,2024-05,NA
MW,Malawi,AFRO,2024-06,NA
MW,Malawi,AFRO,2024-07,NA
MW,Malawi,AFRO,2024-08,NA
MW,Malawi,AFRO,2024-09,NA
MW,Malawi,AFRO,2024-10,NA
MW,Malawi,AFRO,2024-11,NA
MW,Malawi,AFRO,2024-12,NA
MW,Malawi,AFRO,2025-01,NA
MW,Malawi,AFRO,2025-02,NA
MW,Malawi,AFRO,2025-03,NA
MW,Malawi,AFRO,2025-04,NA
MW,Malawi,AFRO,2025-05,NA
MX,Mexico,AMRO,2020-01,NA
MX,Mexico,AMRO,2020-02,Inf
MX,Mexico,AMRO,2020-03,211500
MX,Mexico,AMRO,2020-04,875.7561436672967
MX,Mexico,AMRO,2020-05,372.0540514360439
MX,Mexico,AMRO,2020-06,45.97137433950649
MX,Mexico,AMRO,2020-07,32.07962269190489
MX,Mexico,AMRO,2020-08,8.754676415962875
MX,Mexico,AMRO,2020-09,-32.67486127557961
MX,Mexico,AMRO,2020-10,8.13957714028215
MX,Mexico,AMRO,2020-11,56.528840079039696
MX,Mexico,AMRO,2020-12,19.958521724568794
MX,Mexico,AMRO,2021-01,73.00653243847874
MX,Mexico,AMRO,2021-02,-58.59410721711767
MX,Mexico,AMRO,2021-03,-34.31119772148104
MX,Mexico,AMRO,2021-04,-30.07842510820535
MX,Mexico,AMRO,2021-05,-13.118873815559011
MX,Mexico,AMRO,2021-06,10.391675640479829
MX,Mexico,AMRO,2021-07,210.8392599902451
MX,Mexico,AMRO,2021-08,122.46176639091516
MX,Mexico,AMRO,2021-09,-53.996017269434674
MX,Mexico,AMRO,2021-10,-42.51555508013764
MX,Mexico,AMRO,2021-11,-53.17830515203017
MX,Mexico,AMRO,2021-12,-3.4748625554745978
MX,Mexico,AMRO,2022-01,1750.1399906672889
MX,Mexico,AMRO,2022-02,-73.9048061309344
MX,Mexico,AMRO,2022-03,-85.09676612389703
MX,Mexico,AMRO,2022-04,-65.03452485408003
MX,Mexico,AMRO,2022-05,83.63973596639572
MX,Mexico,AMRO,2022-06,513.4331461842379
MX,Mexico,AMRO,2022-07,320.56561743341405
MX,Mexico,AMRO,2022-08,-78.10892283883804
MX,Mexico,AMRO,2022-09,-76.94577549614185
MX,Mexico,AMRO,2022-10,-60.20762035135752
MX,Mexico,AMRO,2022-11,16.89696691703457
MX,Mexico,AMRO,2022-12,354.2966450853443
MX,Mexico,AMRO,2023-01,52.76608149251798
MX,Mexico,AMRO,2023-02,-43.97399201385208
MX,Mexico,AMRO,2023-03,-6.515377046698792
MX,Mexico,AMRO,2023-04,-29.27984455329312
MX,Mexico,AMRO,2023-05,-70.35298607136042
MX,Mexico,AMRO,2023-06,-100
MX,Mexico,AMRO,2023-07,NA
MX,Mexico,AMRO,2023-08,NA
MX,Mexico,AMRO,2023-09,NA
MX,Mexico,AMRO,2023-10,NA
MX,Mexico,AMRO,2023-11,NA
MX,Mexico,AMRO,2023-12,NA
MX,Mexico,AMRO,2024-01,Inf
MX,Mexico,AMRO,2024-02,58.48719475878499
MX,Mexico,AMRO,2024-03,-41.26268320180383
MX,Mexico,AMRO,2024-04,-61.228406909788866
MX,Mexico,AMRO,2024-05,-23.432343234323433
MX,Mexico,AMRO,2024-06,95.47413793103448
MX,Mexico,AMRO,2024-07,208.71003307607495
MX,Mexico,AMRO,2024-08,-24.46428571428571
MX,Mexico,AMRO,2024-09,-56.35933806146573
MX,Mexico,AMRO,2024-10,-78.65655471289274
MX,Mexico,AMRO,2024-11,-44.16243654822335
MX,Mexico,AMRO,2024-12,-34.54545454545455
MX,Mexico,AMRO,2025-01,-100
MX,Mexico,AMRO,2025-02,NA
MX,Mexico,AMRO,2025-03,NA
MX,Mexico,AMRO,2025-04,NA
MX,Mexico,AMRO,2025-05,NA
MY,Malaysia,WPRO,2020-01,NA
MY,Malaysia,WPRO,2020-02,350
MY,Malaysia,WPRO,2020-03,12666.666666666668
MY,Malaysia,WPRO,2020-04,48.912097476066144
MY,Malaysia,WPRO,2020-05,-40.97019286966686
MY,Malaysia,WPRO,2020-06,-57.72277227722772
MY,Malaysia,WPRO,2020-07,-68.61826697892272
MY,Malaysia,WPRO,2020-08,61.56716417910447
MY,Malaysia,WPRO,2020-09,235.33487297921477
MY,Malaysia,WPRO,2020-10,931.198347107438
MY,Malaysia,WPRO,2020-11,150.01001803245842
MY,Malaysia,WPRO,2020-12,8.788801624191912
MY,Malaysia,WPRO,2021-01,172.71142323936746
MY,Malaysia,WPRO,2021-02,-22.7500697827281
MY,Malaysia,WPRO,2021-03,-51.98675882647768
MY,Malaysia,WPRO,2021-04,23.805593319091088
MY,Malaysia,WPRO,2021-05,238.42699713714265
MY,Malaysia,WPRO,2021-06,-2.3616526933617625
MY,Malaysia,WPRO,2021-07,65.79532979260007
MY,Malaysia,WPRO,2021-08,147.91545867783384
MY,Malaysia,WPRO,2021-09,-28.94747860033408
MY,Malaysia,WPRO,2021-10,-44.44595709403307
MY,Malaysia,WPRO,2021-11,-44.34158598719126
MY,Malaysia,WPRO,2021-12,-22.875786928121755
MY,Malaysia,WPRO,2022-01,6.341010369537248
MY,Malaysia,WPRO,2022-02,343.61363727414766
MY,Malaysia,WPRO,2022-03,29.906692290464047
MY,Malaysia,WPRO,2022-04,-59.37244084306711
MY,Malaysia,WPRO,2022-05,-75.13363859742785
MY,Malaysia,WPRO,2022-06,-27.154869875173755
MY,Malaysia,WPRO,2022-07,127.85943699225392
MY,Malaysia,WPRO,2022-08,-19.794205926736648
MY,Malaysia,WPRO,2022-09,-41.89056475039542
MY,Malaysia,WPRO,2022-10,18.37718596004341
MY,Malaysia,WPRO,2022-11,31.52342164980989
MY,Malaysia,WPRO,2022-12,-55.398379743364146
MY,Malaysia,WPRO,2023-01,-67.81011425936363
MY,Malaysia,WPRO,2023-02,-49.72542777556705
MY,Malaysia,WPRO,2023-03,12.078518283995567
MY,Malaysia,WPRO,2023-04,216.75141242937852
MY,Malaysia,WPRO,2023-05,17.67591188798716
MY,Malaysia,WPRO,2023-06,-44.99052671466465
MY,Malaysia,WPRO,2023-07,-54.05386787903837
MY,Malaysia,WPRO,2023-08,-50.569715142428784
MY,Malaysia,WPRO,2023-09,1.0615711252653928
MY,Malaysia,WPRO,2023-10,57.23289315726291
MY,Malaysia,WPRO,2023-11,79.88165680473372
MY,Malaysia,WPRO,2023-12,820.617572156197
MY,Malaysia,WPRO,2024-01,-50.846598047464816
MY,Malaysia,WPRO,2024-02,-86.63383749560325
MY,Malaysia,WPRO,2024-03,-51.94736842105263
MY,Malaysia,WPRO,2024-04,-20.299379335523916
MY,Malaysia,WPRO,2024-05,101.69491525423727
MY,Malaysia,WPRO,2024-06,203.3159209629798
MY,Malaysia,WPRO,2024-07,-25.286409584425307
MY,Malaysia,WPRO,2024-08,-63.97073561836039
MY,Malaysia,WPRO,2024-09,-15.21557719054242
MY,Malaysia,WPRO,2024-10,13.188976377952756
MY,Malaysia,WPRO,2024-11,23.47826086956522
MY,Malaysia,WPRO,2024-12,68.02816901408451
MY,Malaysia,WPRO,2025-01,-100
MY,Malaysia,WPRO,2025-02,NA
MY,Malaysia,WPRO,2025-03,NA
MY,Malaysia,WPRO,2025-04,NA
MY,Malaysia,WPRO,2025-05,NA
MZ,Mozambique,AFRO,2020-01,NA
MZ,Mozambique,AFRO,2020-02,NA
MZ,Mozambique,AFRO,2020-03,Inf
MZ,Mozambique,AFRO,2020-04,675
MZ,Mozambique,AFRO,2020-05,180.64516129032256
MZ,Mozambique,AFRO,2020-06,241.95402298850576
MZ,Mozambique,AFRO,2020-07,30.58823529411765
MZ,Mozambique,AFRO,2020-08,175.93307593307594
MZ,Mozambique,AFRO,2020-09,86.42723880597015
MZ,Mozambique,AFRO,2020-10,3.5276457343007257
MZ,Mozambique,AFRO,2020-11,-10.802319961333978
MZ,Mozambique,AFRO,2020-12,-30.2086155513411
MZ,Mozambique,AFRO,2021-01,658.6568322981367
MZ,Mozambique,AFRO,2021-02,7.798188609732384
MZ,Mozambique,AFRO,2021-03,-60.89144159111406
MZ,Mozambique,AFRO,2021-04,-68.05437553101105
MZ,Mozambique,AFRO,2021-05,-58.92857142857143
MZ,Mozambique,AFRO,2021-06,268.17761332099906
MZ,Mozambique,AFRO,2021-07,755.678391959799
MZ,Mozambique,AFRO,2021-08,8.538877143528307
MZ,Mozambique,AFRO,2021-09,-87.09555242939075
MZ,Mozambique,AFRO,2021-10,-83.35429769392033
MZ,Mozambique,AFRO,2021-11,-70.7808564231738
MZ,Mozambique,AFRO,2021-12,5650.862068965517
MZ,Mozambique,AFRO,2022-01,341.2831659421376
MZ,Mozambique,AFRO,2022-02,-97.79536653305252
MZ,Mozambique,AFRO,2022-03,-84.51463790446842
MZ,Mozambique,AFRO,2022-04,-39.800995024875625
MZ,Mozambique,AFRO,2022-05,183.4710743801653
MZ,Mozambique,AFRO,2022-06,432.3615160349854
MZ,Mozambique,AFRO,2022-07,11.555312157721795
MZ,Mozambique,AFRO,2022-08,-75.45409916543937
MZ,Mozambique,AFRO,2022-09,-69
MZ,Mozambique,AFRO,2022-10,65.16129032258064
MZ,Mozambique,AFRO,2022-11,-41.796875
MZ,Mozambique,AFRO,2022-12,132.21476510067114
MZ,Mozambique,AFRO,2023-01,345.08670520231215
MZ,Mozambique,AFRO,2023-02,-58.57142857142858
MZ,Mozambique,AFRO,2023-03,-70.84639498432603
MZ,Mozambique,AFRO,2023-04,-55.376344086021504
MZ,Mozambique,AFRO,2023-05,-100
MZ,Mozambique,AFRO,2023-06,NA
MZ,Mozambique,AFRO,2023-07,NA
MZ,Mozambique,AFRO,2023-08,Inf
MZ,Mozambique,AFRO,2023-09,-94.11764705882352
MZ,Mozambique,AFRO,2023-10,-15.384615384615383
MZ,Mozambique,AFRO,2023-11,345.45454545454544
MZ,Mozambique,AFRO,2023-12,-59.18367346938776
MZ,Mozambique,AFRO,2024-01,60
MZ,Mozambique,AFRO,2024-02,-93.75
MZ,Mozambique,AFRO,2024-03,250
MZ,Mozambique,AFRO,2024-04,171.42857142857142
MZ,Mozambique,AFRO,2024-05,0
MZ,Mozambique,AFRO,2024-06,21.052631578947366
MZ,Mozambique,AFRO,2024-07,-65.21739130434783
MZ,Mozambique,AFRO,2024-08,-87.5
MZ,Mozambique,AFRO,2024-09,-100
MZ,Mozambique,AFRO,2024-10,Inf
MZ,Mozambique,AFRO,2024-11,100
MZ,Mozambique,AFRO,2024-12,725
MZ,Mozambique,AFRO,2025-01,-42.42424242424242
MZ,Mozambique,AFRO,2025-02,-78.94736842105263
MZ,Mozambique,AFRO,2025-03,-25
MZ,Mozambique,AFRO,2025-04,-100
MZ,Mozambique,AFRO,2025-05,Inf
NC,New Caledonia,WPRO,2020-01,NA
NC,New Caledonia,WPRO,2020-02,NA
NC,New Caledonia,WPRO,2020-03,Inf
NC,New Caledonia,WPRO,2020-04,-80
NC,New Caledonia,WPRO,2020-05,-66.66666666666666
NC,New Caledonia,WPRO,2020-06,100
NC,New Caledonia,WPRO,2020-07,-50
NC,New Caledonia,WPRO,2020-08,0
NC,New Caledonia,WPRO,2020-09,300
NC,New Caledonia,WPRO,2020-10,-100
NC,New Caledonia,WPRO,2020-11,Inf
NC,New Caledonia,WPRO,2020-12,20
NC,New Caledonia,WPRO,2021-01,50
NC,New Caledonia,WPRO,2021-02,22.22222222222222
NC,New Caledonia,WPRO,2021-03,472.72727272727275
NC,New Caledonia,WPRO,2021-04,-95.23809523809524
NC,New Caledonia,WPRO,2021-05,33.33333333333333
NC,New Caledonia,WPRO,2021-06,-75
NC,New Caledonia,WPRO,2021-07,100
NC,New Caledonia,WPRO,2021-08,150
NC,New Caledonia,WPRO,2021-09,120880
NC,New Caledonia,WPRO,2021-10,-20.929079186642426
NC,New Caledonia,WPRO,2021-11,-76.2283085929333
NC,New Caledonia,WPRO,2021-12,-46.17414248021108
NC,New Caledonia,WPRO,2022-01,890.5228758169935
NC,New Caledonia,WPRO,2022-02,466.87561860772024
NC,New Caledonia,WPRO,2022-03,-79.25736235595392
NC,New Caledonia,WPRO,2022-04,-95.98765432098766
NC,New Caledonia,WPRO,2022-05,407.34265734265733
NC,New Caledonia,WPRO,2022-06,3.859407305306685
NC,New Caledonia,WPRO,2022-07,316.7883211678832
NC,New Caledonia,WPRO,2022-08,-38.91100143289285
NC,New Caledonia,WPRO,2022-09,-83.73729476153244
NC,New Caledonia,WPRO,2022-10,-76.12179487179486
NC,New Caledonia,WPRO,2022-11,471.8120805369128
NC,New Caledonia,WPRO,2022-12,358.21596244131456
NC,New Caledonia,WPRO,2023-01,-79.66188524590164
NC,New Caledonia,WPRO,2023-02,-93.57682619647356
NC,New Caledonia,WPRO,2023-03,-50.98039215686274
NC,New Caledonia,WPRO,2023-04,4
NC,New Caledonia,WPRO,2023-05,-100
NC,New Caledonia,WPRO,2023-06,Inf
NC,New Caledonia,WPRO,2023-07,-100
NC,New Caledonia,WPRO,2023-08,NA
NC,New Caledonia,WPRO,2023-09,NA
NC,New Caledonia,WPRO,2023-10,NA
NC,New Caledonia,WPRO,2023-11,NA
NC,New Caledonia,WPRO,2023-12,NA
NC,New Caledonia,WPRO,2024-01,NA
NC,New Caledonia,WPRO,2024-02,NA
NC,New Caledonia,WPRO,2024-03,NA
NC,New Caledonia,WPRO,2024-04,Inf
NC,New Caledonia,WPRO,2024-05,-100
NC,New Caledonia,WPRO,2024-06,NA
NC,New Caledonia,WPRO,2024-07,NA
NC,New Caledonia,WPRO,2024-08,NA
NC,New Caledonia,WPRO,2024-09,Inf
NC,New Caledonia,WPRO,2024-10,-100
NC,New Caledonia,WPRO,2024-11,NA
NC,New Caledonia,WPRO,2024-12,NA
NC,New Caledonia,WPRO,2025-01,NA
NC,New Caledonia,WPRO,2025-02,NA
NC,New Caledonia,WPRO,2025-03,NA
NC,New Caledonia,WPRO,2025-04,NA
NC,New Caledonia,WPRO,2025-05,NA
NE,Niger,AFRO,2020-01,NA
NE,Niger,AFRO,2020-02,NA
NE,Niger,AFRO,2020-03,Inf
NE,Niger,AFRO,2020-04,3220.0000000000005
NE,Niger,AFRO,2020-05,-59.036144578313255
NE,Niger,AFRO,2020-06,-58.82352941176471
NE,Niger,AFRO,2020-07,-50
NE,Niger,AFRO,2020-08,-8.928571428571429
NE,Niger,AFRO,2020-09,-62.74509803921568
NE,Niger,AFRO,2020-10,10.526315789473683
NE,Niger,AFRO,2020-11,1180.952380952381
NE,Niger,AFRO,2020-12,504.089219330855
NE,Niger,AFRO,2021-01,-13.415384615384616
NE,Niger,AFRO,2021-02,-81.80525941719972
NE,Niger,AFRO,2021-03,-16.015625
NE,Niger,AFRO,2021-04,-20.46511627906977
NE,Niger,AFRO,2021-05,47.368421052631575
NE,Niger,AFRO,2021-06,-73.01587301587301
NE,Niger,AFRO,2021-07,76.47058823529412
NE,Niger,AFRO,2021-08,100.83333333333331
NE,Niger,AFRO,2021-09,-43.98340248962656
NE,Niger,AFRO,2021-10,170.37037037037038
NE,Niger,AFRO,2021-11,69.58904109589041
NE,Niger,AFRO,2021-12,-49.919224555735056
NE,Niger,AFRO,2022-01,345.16129032258067
NE,Niger,AFRO,2022-02,-92.89855072463769
NE,Niger,AFRO,2022-03,-43.87755102040816
NE,Niger,AFRO,2022-04,105.45454545454544
NE,Niger,AFRO,2022-05,16.8141592920354
NE,Niger,AFRO,2022-06,-68.18181818181817
NE,Niger,AFRO,2022-07,-38.095238095238095
NE,Niger,AFRO,2022-08,692.3076923076924
NE,Niger,AFRO,2022-09,-58.7378640776699
NE,Niger,AFRO,2022-10,-72.94117647058823
NE,Niger,AFRO,2022-11,-73.91304347826086
NE,Niger,AFRO,2022-12,766.6666666666667
NE,Niger,AFRO,2023-01,-53.84615384615385
NE,Niger,AFRO,2023-02,-87.5
NE,Niger,AFRO,2023-03,-100
NE,Niger,AFRO,2023-04,NA
NE,Niger,AFRO,2023-05,Inf
NE,Niger,AFRO,2023-06,-100
NE,Niger,AFRO,2023-07,Inf
NE,Niger,AFRO,2023-08,-100
NE,Niger,AFRO,2023-09,NA
NE,Niger,AFRO,2023-10,NA
NE,Niger,AFRO,2023-11,NA
NE,Niger,AFRO,2023-12,NA
NE,Niger,AFRO,2024-01,NA
NE,Niger,AFRO,2024-02,NA
NE,Niger,AFRO,2024-03,NA
NE,Niger,AFRO,2024-04,NA
NE,Niger,AFRO,2024-05,Inf
NE,Niger,AFRO,2024-06,-50
NE,Niger,AFRO,2024-07,-100
NE,Niger,AFRO,2024-08,NA
NE,Niger,AFRO,2024-09,Inf
NE,Niger,AFRO,2024-10,-88.88888888888889
NE,Niger,AFRO,2024-11,-100
NE,Niger,AFRO,2024-12,Inf
NE,Niger,AFRO,2025-01,200
NE,Niger,AFRO,2025-02,433.3333333333333
NE,Niger,AFRO,2025-03,-18.75
NE,Niger,AFRO,2025-04,-76.92307692307693
NE,Niger,AFRO,2025-05,-100
NG,Nigeria,AFRO,2020-01,NA
NG,Nigeria,AFRO,2020-02,NA
NG,Nigeria,AFRO,2020-03,Inf
NG,Nigeria,AFRO,2020-04,1018.5567010309278
NG,Nigeria,AFRO,2020-05,699.3548387096774
NG,Nigeria,AFRO,2020-06,63.98016833852185
NG,Nigeria,AFRO,2020-07,11.79862185346646
NG,Nigeria,AFRO,2020-08,-13.522012578616351
NG,Nigeria,AFRO,2020-09,-67.48363636363636
NG,Nigeria,AFRO,2020-10,-16.52874077387609
NG,Nigeria,AFRO,2020-11,44.69453376205787
NG,Nigeria,AFRO,2020-12,200.85185185185185
NG,Nigeria,AFRO,2021-01,189.18503016127048
NG,Nigeria,AFRO,2021-02,-47.084991805197845
NG,Nigeria,AFRO,2021-03,-71.5526950925181
NG,Nigeria,AFRO,2021-04,-68.96210407239819
NG,Nigeria,AFRO,2021-05,-27.061503416856493
NG,Nigeria,AFRO,2021-06,-26.296064959400372
NG,Nigeria,AFRO,2021-07,190.67796610169492
NG,Nigeria,AFRO,2021-08,485.65597667638485
NG,Nigeria,AFRO,2021-09,-34.199522102747906
NG,Nigeria,AFRO,2021-10,-41.85201997276442
NG,Nigeria,AFRO,2021-11,-72.74264897215717
NG,Nigeria,AFRO,2021-12,951.6467780429592
NG,Nigeria,AFRO,2022-01,-22.812273057371097
NG,Nigeria,AFRO,2022-02,-91.29130894978243
NG,Nigeria,AFRO,2022-03,-46.320054017555705
NG,Nigeria,AFRO,2022-04,-51.069182389937104
NG,Nigeria,AFRO,2022-05,-11.825192802056556
NG,Nigeria,AFRO,2022-06,171.13702623906707
NG,Nigeria,AFRO,2022-07,332.1505376344086
NG,Nigeria,AFRO,2022-08,-39.53719830803683
NG,Nigeria,AFRO,2022-09,-26.79012345679012
NG,Nigeria,AFRO,2022-10,-46.48679033164699
NG,Nigeria,AFRO,2022-11,-81.61764705882352
NG,Nigeria,AFRO,2022-12,-41.714285714285715
NG,Nigeria,AFRO,2023-01,-52.94117647058824
NG,Nigeria,AFRO,2023-02,181.25
NG,Nigeria,AFRO,2023-03,-54.07407407407408
NG,Nigeria,AFRO,2023-04,-75.80645161290323
NG,Nigeria,AFRO,2023-05,-100
NG,Nigeria,AFRO,2023-06,NA
NG,Nigeria,AFRO,2023-07,NA
NG,Nigeria,AFRO,2023-08,Inf
NG,Nigeria,AFRO,2023-09,-76.86170212765957
NG,Nigeria,AFRO,2023-10,-59.77011494252874
NG,Nigeria,AFRO,2023-11,-100
NG,Nigeria,AFRO,2023-12,Inf
NG,Nigeria,AFRO,2024-01,-100
NG,Nigeria,AFRO,2024-02,NA
NG,Nigeria,AFRO,2024-03,NA
NG,Nigeria,AFRO,2024-04,NA
NG,Nigeria,AFRO,2024-05,NA
NG,Nigeria,AFRO,2024-06,NA
NG,Nigeria,AFRO,2024-07,NA
NG,Nigeria,AFRO,2024-08,Inf
NG,Nigeria,AFRO,2024-09,-100
NG,Nigeria,AFRO,2024-10,NA
NG,Nigeria,AFRO,2024-11,NA
NG,Nigeria,AFRO,2024-12,Inf
NG,Nigeria,AFRO,2025-01,300
NG,Nigeria,AFRO,2025-02,0
NG,Nigeria,AFRO,2025-03,100
NG,Nigeria,AFRO,2025-04,-100
NG,Nigeria,AFRO,2025-05,Inf
NI,Nicaragua,AMRO,2020-01,NA
NI,Nicaragua,AMRO,2020-02,NA
NI,Nicaragua,AMRO,2020-03,Inf
NI,Nicaragua,AMRO,2020-04,350
NI,Nicaragua,AMRO,2020-05,9611.111111111111
NI,Nicaragua,AMRO,2020-06,29.176201372997713
NI,Nicaragua,AMRO,2020-07,-12.311780336581045
NI,Nicaragua,AMRO,2020-08,-33.83838383838384
NI,Nicaragua,AMRO,2020-09,-38.01526717557252
NI,Nicaragua,AMRO,2020-10,-26.84729064039409
NI,Nicaragua,AMRO,2020-11,-10.1010101010101
NI,Nicaragua,AMRO,2020-12,-39.70037453183521
NI,Nicaragua,AMRO,2021-01,25.465838509316768
NI,Nicaragua,AMRO,2021-02,-25.742574257425744
NI,Nicaragua,AMRO,2021-03,-2.666666666666667
NI,Nicaragua,AMRO,2021-04,10.95890410958904
NI,Nicaragua,AMRO,2021-05,136.41975308641975
NI,Nicaragua,AMRO,2021-06,48.56396866840731
NI,Nicaragua,AMRO,2021-07,60.105448154657296
NI,Nicaragua,AMRO,2021-08,70.58177826564214
NI,Nicaragua,AMRO,2021-09,21.62162162162162
NI,Nicaragua,AMRO,2021-10,11.587301587301589
NI,Nicaragua,AMRO,2021-11,-77.99905168326221
NI,Nicaragua,AMRO,2021-12,-56.68103448275862
NI,Nicaragua,AMRO,2022-01,-25.37313432835821
NI,Nicaragua,AMRO,2022-02,84.66666666666667
NI,Nicaragua,AMRO,2022-03,-4.693140794223827
NI,Nicaragua,AMRO,2022-04,-43.56060606060606
NI,Nicaragua,AMRO,2022-05,-8.053691275167784
NI,Nicaragua,AMRO,2022-06,-18.97810218978102
NI,Nicaragua,AMRO,2022-07,69.36936936936937
NI,Nicaragua,AMRO,2022-08,-34.04255319148936
NI,Nicaragua,AMRO,2022-09,-8.064516129032258
NI,Nicaragua,AMRO,2022-10,6.140350877192982
NI,Nicaragua,AMRO,2022-11,-45.45454545454545
NI,Nicaragua,AMRO,2022-12,101.51515151515152
NI,Nicaragua,AMRO,2023-01,53.383458646616546
NI,Nicaragua,AMRO,2023-02,-66.17647058823529
NI,Nicaragua,AMRO,2023-03,-46.3768115942029
NI,Nicaragua,AMRO,2023-04,-40.54054054054054
NI,Nicaragua,AMRO,2023-05,59.09090909090909
NI,Nicaragua,AMRO,2023-06,302.85714285714283
NI,Nicaragua,AMRO,2023-07,-17.73049645390071
NI,Nicaragua,AMRO,2023-08,-68.10344827586206
NI,Nicaragua,AMRO,2023-09,-18.91891891891892
NI,Nicaragua,AMRO,2023-10,-40
NI,Nicaragua,AMRO,2023-11,-33.33333333333333
NI,Nicaragua,AMRO,2023-12,141.66666666666669
NI,Nicaragua,AMRO,2024-01,-65.51724137931035
NI,Nicaragua,AMRO,2024-02,-30
NI,Nicaragua,AMRO,2024-03,-28.57142857142857
NI,Nicaragua,AMRO,2024-04,0
NI,Nicaragua,AMRO,2024-05,0
NI,Nicaragua,AMRO,2024-06,260
NI,Nicaragua,AMRO,2024-07,0
NI,Nicaragua,AMRO,2024-08,-61.111111111111114
NI,Nicaragua,AMRO,2024-09,-42.857142857142854
NI,Nicaragua,AMRO,2024-10,-100
NI,Nicaragua,AMRO,2024-11,Inf
NI,Nicaragua,AMRO,2024-12,-50
NI,Nicaragua,AMRO,2025-01,3900
NI,Nicaragua,AMRO,2025-02,-35
NI,Nicaragua,AMRO,2025-03,34.61538461538461
NI,Nicaragua,AMRO,2025-04,-74.28571428571429
NI,Nicaragua,AMRO,2025-05,-44.44444444444444
NL,Netherlands (Kingdom of the),EURO,2020-01,NA
NL,Netherlands (Kingdom of the),EURO,2020-02,NA
NL,Netherlands (Kingdom of the),EURO,2020-03,Inf
NL,Netherlands (Kingdom of the),EURO,2020-04,117.1174142480211
NL,Netherlands (Kingdom of the),EURO,2020-05,-69.51238037368981
NL,Netherlands (Kingdom of the),EURO,2020-06,-55.56801195814649
NL,Netherlands (Kingdom of the),EURO,2020-07,-10.4008971124194
NL,Netherlands (Kingdom of the),EURO,2020-08,455.28785982478104
NL,Netherlands (Kingdom of the),EURO,2020-09,160.48909674874628
NL,Netherlands (Kingdom of the),EURO,2020-10,317.88271431352615
NL,Netherlands (Kingdom of the),EURO,2020-11,11.199743248629538
NL,Netherlands (Kingdom of the),EURO,2020-12,15.431595901666054
NL,Netherlands (Kingdom of the),EURO,2021-01,-15.415636631998357
NL,Netherlands (Kingdom of the),EURO,2021-02,-47.27928941609493
NL,Netherlands (Kingdom of the),EURO,2021-03,51.138562824431624
NL,Netherlands (Kingdom of the),EURO,2021-04,24.506061295070783
NL,Netherlands (Kingdom of the),EURO,2021-05,-12.953547159292972
NL,Netherlands (Kingdom of the),EURO,2021-06,-80.95600901020273
NL,Netherlands (Kingdom of the),EURO,2021-07,378.132428828202
NL,Netherlands (Kingdom of the),EURO,2021-08,-45.02234321851486
NL,Netherlands (Kingdom of the),EURO,2021-09,-34.96189604402634
NL,Netherlands (Kingdom of the),EURO,2021-10,147.15458183544737
NL,Netherlands (Kingdom of the),EURO,2021-11,242.47557494922884
NL,Netherlands (Kingdom of the),EURO,2021-12,-11.519437460559134
NL,Netherlands (Kingdom of the),EURO,2022-01,255.42312708303143
NL,Netherlands (Kingdom of the),EURO,2022-02,8.943059391913241
NL,Netherlands (Kingdom of the),EURO,2022-03,-17.413671921139635
NL,Netherlands (Kingdom of the),EURO,2022-04,-81.32848565521539
NL,Netherlands (Kingdom of the),EURO,2022-05,-83.55725439784004
NL,Netherlands (Kingdom of the),EURO,2022-06,88.51733124236064
NL,Netherlands (Kingdom of the),EURO,2022-07,111.47988206941268
NL,Netherlands (Kingdom of the),EURO,2022-08,-74.14241915890554
NL,Netherlands (Kingdom of the),EURO,2022-09,-19.002237136465325
NL,Netherlands (Kingdom of the),EURO,2022-10,165.22399602275866
NL,Netherlands (Kingdom of the),EURO,2022-11,-73.9771106043092
NL,Netherlands (Kingdom of the),EURO,2022-12,-1.30857577334027
NL,Netherlands (Kingdom of the),EURO,2023-01,-34.01184007785257
NL,Netherlands (Kingdom of the),EURO,2023-02,-14.698291753717584
NL,Netherlands (Kingdom of the),EURO,2023-03,-8.54343754502233
NL,Netherlands (Kingdom of the),EURO,2023-04,-60.916824196597354
NL,Netherlands (Kingdom of the),EURO,2023-05,-67.69447803305118
NL,Netherlands (Kingdom of the),EURO,2023-06,-52.65127885215222
NL,Netherlands (Kingdom of the),EURO,2023-07,-37.15415019762846
NL,Netherlands (Kingdom of the),EURO,2023-08,66.24737945492663
NL,Netherlands (Kingdom of the),EURO,2023-09,77.67969735182851
NL,Netherlands (Kingdom of the),EURO,2023-10,-19.8722498225692
NL,Netherlands (Kingdom of the),EURO,2023-11,244.46412754650137
NL,Netherlands (Kingdom of the),EURO,2023-12,93.23733607611211
NL,Netherlands (Kingdom of the),EURO,2024-01,-58.44311377245509
NL,Netherlands (Kingdom of the),EURO,2024-02,-53.442203009926345
NL,Netherlands (Kingdom of the),EURO,2024-03,-51.5818431911967
NL,Netherlands (Kingdom of the),EURO,2024-04,-61.22159090909091
NL,Netherlands (Kingdom of the),EURO,2024-05,7.6923076923076925
NL,Netherlands (Kingdom of the),EURO,2024-06,292.17687074829934
NL,Netherlands (Kingdom of the),EURO,2024-07,76.14917606244579
NL,Netherlands (Kingdom of the),EURO,2024-08,-29.345150172328903
NL,Netherlands (Kingdom of the),EURO,2024-09,33.937282229965156
NL,Netherlands (Kingdom of the),EURO,2024-10,16.337148803329864
NL,Netherlands (Kingdom of the),EURO,2024-11,-29.11449016100179
NL,Netherlands (Kingdom of the),EURO,2024-12,-27.19242902208202
NL,Netherlands (Kingdom of the),EURO,2025-01,-45.92720970537262
NL,Netherlands (Kingdom of the),EURO,2025-02,-37.980769230769226
NL,Netherlands (Kingdom of the),EURO,2025-03,1.8087855297157625
NL,Netherlands (Kingdom of the),EURO,2025-04,-38.578680203045685
NL,Netherlands (Kingdom of the),EURO,2025-05,-63.63636363636363
NO,Norway,EURO,2020-01,NA
NO,Norway,EURO,2020-02,Inf
NO,Norway,EURO,2020-03,452700
NO,Norway,EURO,2020-04,-33.25971731448763
NO,Norway,EURO,2020-05,-70.78093977498345
NO,Norway,EURO,2020-06,-51.981879954699885
NO,Norway,EURO,2020-07,-36.08490566037736
NO,Norway,EURO,2020-08,504.05904059040586
NO,Norway,EURO,2020-09,83.81185094685401
NO,Norway,EURO,2020-10,45.596543702226654
NO,Norway,EURO,2020-11,307.2814425930153
NO,Norway,EURO,2020-12,-36.97808664462254
NO,Norway,EURO,2021-01,42.00978212538906
NO,Norway,EURO,2021-02,-46.677938505855096
NO,Norway,EURO,2021-03,161.491485613623
NO,Norway,EURO,2021-04,-23.403395311236864
NO,Norway,EURO,2021-05,-17.115215479331574
NO,Norway,EURO,2021-06,-59.7623089983022
NO,Norway,EURO,2021-07,-10.741912798874823
NO,Norway,EURO,2021-08,323.3996454599173
NO,Norway,EURO,2021-09,37.6023446222553
NO,Norway,EURO,2021-10,-30.910443219851924
NO,Norway,EURO,2021-11,162.72264631043257
NO,Norway,EURO,2021-12,112.58893648724155
NO,Norway,EURO,2022-01,243.68445491900223
NO,Norway,EURO,2022-02,20.952232855271006
NO,Norway,EURO,2022-03,-66.89457056203882
NO,Norway,EURO,2022-04,-83.75680407448671
NO,Norway,EURO,2022-05,-64.29803245277103
NO,Norway,EURO,2022-06,26.380502799429134
NO,Norway,EURO,2022-07,-2.3280055594162614
NO,Norway,EURO,2022-08,-65.51049448594806
NO,Norway,EURO,2022-09,-43.60495100567302
NO,Norway,EURO,2022-10,29.080932784636488
NO,Norway,EURO,2022-11,32.02267091746369
NO,Norway,EURO,2022-12,45.37161255701637
NO,Norway,EURO,2023-01,-30.601698043558507
NO,Norway,EURO,2023-02,-68.88297872340425
NO,Norway,EURO,2023-03,43.24786324786325
NO,Norway,EURO,2023-04,55.36992840095465
NO,Norway,EURO,2023-05,-52.68817204301075
NO,Norway,EURO,2023-06,-55.43831168831169
NO,Norway,EURO,2023-07,18.761384335154823
NO,Norway,EURO,2023-08,21.319018404907975
NO,Norway,EURO,2023-09,119.21618204804044
NO,Norway,EURO,2023-10,-55.76701268742791
NO,Norway,EURO,2023-11,685.006518904824
NO,Norway,EURO,2023-12,40.32552732104301
NO,Norway,EURO,2024-01,-73.64185110663985
NO,Norway,EURO,2024-02,-69.64526268522675
NO,Norway,EURO,2024-03,-46.30177514792899
NO,Norway,EURO,2024-04,-21.763085399449036
NO,Norway,EURO,2024-05,46.83098591549296
NO,Norway,EURO,2024-06,252.0383693045563
NO,Norway,EURO,2024-07,72.68392370572208
NO,Norway,EURO,2024-08,32.18934911242604
NO,Norway,EURO,2024-09,61.32497761862131
NO,Norway,EURO,2024-10,-30.965593784683687
NO,Norway,EURO,2024-11,-2.679528403001072
NO,Norway,EURO,2024-12,6.442731277533039
NO,Norway,EURO,2025-01,-48.810139679255045
NO,Norway,EURO,2025-02,-38.40323395654371
NO,Norway,EURO,2025-03,-37.32567678424938
NO,Norway,EURO,2025-04,-47.64397905759162
NO,Norway,EURO,2025-05,-41.75
NP,Nepal,SEARO,2020-01,NA
NP,Nepal,SEARO,2020-02,-100
NP,Nepal,SEARO,2020-03,NA
NP,Nepal,SEARO,2020-04,Inf
NP,Nepal,SEARO,2020-05,3206.521739130435
NP,Nepal,SEARO,2020-06,636.3576594345825
NP,Nepal,SEARO,2020-07,-47.848214285714285
NP,Nepal,SEARO,2020-08,241.51686355076183
NP,Nepal,SEARO,2020-09,74.61900942450372
NP,Nepal,SEARO,2020-10,143.14586742456865
NP,Nepal,SEARO,2020-11,-12.758722474762385
NP,Nepal,SEARO,2020-12,-64.53734656038111
NP,Nepal,SEARO,2021-01,-51.23459145899325
NP,Nepal,SEARO,2021-02,-75.0821724839568
NP,Nepal,SEARO,2021-03,-15.326633165829143
NP,Nepal,SEARO,2021-04,763.5014836795252
NP,Nepal,SEARO,2021-05,1003.9733676975944
NP,Nepal,SEARO,2021-06,-70.21264177739732
NP,Nepal,SEARO,2021-07,-38.76689961465613
NP,Nepal,SEARO,2021-08,67.81363995136206
NP,Nepal,SEARO,2021-09,-59.10558564055628
NP,Nepal,SEARO,2021-10,-34.16847995026422
NP,Nepal,SEARO,2021-11,-60.77061101142696
NP,Nepal,SEARO,2021-12,-23.050072219547424
NP,Nepal,SEARO,2022-01,1826.6385108712657
NP,Nepal,SEARO,2022-02,-78.54672403994479
NP,Nepal,SEARO,2022-03,-94.4482288828338
NP,Nepal,SEARO,2022-04,-71.98364008179959
NP,Nepal,SEARO,2022-05,-6.569343065693431
NP,Nepal,SEARO,2022-06,5.729166666666666
NP,Nepal,SEARO,2022-07,1639.6551724137933
NP,Nepal,SEARO,2022-08,44.952569729576666
NP,Nepal,SEARO,2022-09,-73.22719281109592
NP,Nepal,SEARO,2022-10,-64.42904049616928
NP,Nepal,SEARO,2022-11,-66.35897435897435
NP,Nepal,SEARO,2022-12,-73.17073170731707
NP,Nepal,SEARO,2023-01,47.72727272727273
NP,Nepal,SEARO,2023-02,-66.15384615384615
NP,Nepal,SEARO,2023-03,88.63636363636364
NP,Nepal,SEARO,2023-04,1996.3855421686749
NP,Nepal,SEARO,2023-05,-79.08045977011494
NP,Nepal,SEARO,2023-06,-89.56043956043956
NP,Nepal,SEARO,2023-07,-55.26315789473685
NP,Nepal,SEARO,2023-08,100
NP,Nepal,SEARO,2023-09,-35.294117647058826
NP,Nepal,SEARO,2023-10,-45.45454545454545
NP,Nepal,SEARO,2023-11,-100
NP,Nepal,SEARO,2023-12,NA
NP,Nepal,SEARO,2024-01,NA
NP,Nepal,SEARO,2024-02,NA
NP,Nepal,SEARO,2024-03,NA
NP,Nepal,SEARO,2024-04,NA
NP,Nepal,SEARO,2024-05,NA
NP,Nepal,SEARO,2024-06,NA
NP,Nepal,SEARO,2024-07,NA
NP,Nepal,SEARO,2024-08,NA
NP,Nepal,SEARO,2024-09,NA
NP,Nepal,SEARO,2024-10,NA
NP,Nepal,SEARO,2024-11,NA
NP,Nepal,SEARO,2024-12,NA
NP,Nepal,SEARO,2025-01,NA
NP,Nepal,SEARO,2025-02,NA
NP,Nepal,SEARO,2025-03,NA
NP,Nepal,SEARO,2025-04,NA
NP,Nepal,SEARO,2025-05,NA
NR,Nauru,WPRO,2020-01,NA
NR,Nauru,WPRO,2020-02,NA
NR,Nauru,WPRO,2020-03,NA
NR,Nauru,WPRO,2020-04,NA
NR,Nauru,WPRO,2020-05,NA
NR,Nauru,WPRO,2020-06,NA
NR,Nauru,WPRO,2020-07,NA
NR,Nauru,WPRO,2020-08,NA
NR,Nauru,WPRO,2020-09,NA
NR,Nauru,WPRO,2020-10,NA
NR,Nauru,WPRO,2020-11,NA
NR,Nauru,WPRO,2020-12,NA
NR,Nauru,WPRO,2021-01,NA
NR,Nauru,WPRO,2021-02,NA
NR,Nauru,WPRO,2021-03,NA
NR,Nauru,WPRO,2021-04,NA
NR,Nauru,WPRO,2021-05,NA
NR,Nauru,WPRO,2021-06,NA
NR,Nauru,WPRO,2021-07,NA
NR,Nauru,WPRO,2021-08,NA
NR,Nauru,WPRO,2021-09,NA
NR,Nauru,WPRO,2021-10,NA
NR,Nauru,WPRO,2021-11,NA
NR,Nauru,WPRO,2021-12,NA
NR,Nauru,WPRO,2022-01,NA
NR,Nauru,WPRO,2022-02,NA
NR,Nauru,WPRO,2022-03,NA
NR,Nauru,WPRO,2022-04,Inf
NR,Nauru,WPRO,2022-05,-100
NR,Nauru,WPRO,2022-06,Inf
NR,Nauru,WPRO,2022-07,-16.65278934221482
NR,Nauru,WPRO,2022-08,-89.86013986013987
NR,Nauru,WPRO,2022-09,-100
NR,Nauru,WPRO,2022-10,NA
NR,Nauru,WPRO,2022-11,Inf
NR,Nauru,WPRO,2022-12,-100
NR,Nauru,WPRO,2023-01,Inf
NR,Nauru,WPRO,2023-02,734.3283582089553
NR,Nauru,WPRO,2023-03,-73.8819320214669
NR,Nauru,WPRO,2023-04,-100
NR,Nauru,WPRO,2023-05,NA
NR,Nauru,WPRO,2023-06,NA
NR,Nauru,WPRO,2023-07,NA
NR,Nauru,WPRO,2023-08,NA
NR,Nauru,WPRO,2023-09,NA
NR,Nauru,WPRO,2023-10,NA
NR,Nauru,WPRO,2023-11,NA
NR,Nauru,WPRO,2023-12,NA
NR,Nauru,WPRO,2024-01,NA
NR,Nauru,WPRO,2024-02,NA
NR,Nauru,WPRO,2024-03,NA
NR,Nauru,WPRO,2024-04,NA
NR,Nauru,WPRO,2024-05,NA
NR,Nauru,WPRO,2024-06,NA
NR,Nauru,WPRO,2024-07,NA
NR,Nauru,WPRO,2024-08,NA
NR,Nauru,WPRO,2024-09,NA
NR,Nauru,WPRO,2024-10,NA
NR,Nauru,WPRO,2024-11,NA
NR,Nauru,WPRO,2024-12,NA
NR,Nauru,WPRO,2025-01,NA
NR,Nauru,WPRO,2025-02,NA
NR,Nauru,WPRO,2025-03,NA
NR,Nauru,WPRO,2025-04,NA
NR,Nauru,WPRO,2025-05,NA
NU,Niue,WPRO,2020-01,NA
NU,Niue,WPRO,2020-02,NA
NU,Niue,WPRO,2020-03,NA
NU,Niue,WPRO,2020-04,NA
NU,Niue,WPRO,2020-05,NA
NU,Niue,WPRO,2020-06,NA
NU,Niue,WPRO,2020-07,NA
NU,Niue,WPRO,2020-08,NA
NU,Niue,WPRO,2020-09,NA
NU,Niue,WPRO,2020-10,NA
NU,Niue,WPRO,2020-11,NA
NU,Niue,WPRO,2020-12,NA
NU,Niue,WPRO,2021-01,NA
NU,Niue,WPRO,2021-02,NA
NU,Niue,WPRO,2021-03,NA
NU,Niue,WPRO,2021-04,NA
NU,Niue,WPRO,2021-05,NA
NU,Niue,WPRO,2021-06,NA
NU,Niue,WPRO,2021-07,NA
NU,Niue,WPRO,2021-08,NA
NU,Niue,WPRO,2021-09,NA
NU,Niue,WPRO,2021-10,NA
NU,Niue,WPRO,2021-11,NA
NU,Niue,WPRO,2021-12,NA
NU,Niue,WPRO,2022-01,NA
NU,Niue,WPRO,2022-02,NA
NU,Niue,WPRO,2022-03,Inf
NU,Niue,WPRO,2022-04,-40
NU,Niue,WPRO,2022-05,-66.66666666666666
NU,Niue,WPRO,2022-06,0
NU,Niue,WPRO,2022-07,3600
NU,Niue,WPRO,2022-08,-64.86486486486487
NU,Niue,WPRO,2022-09,53.84615384615385
NU,Niue,WPRO,2022-10,-75
NU,Niue,WPRO,2022-11,420
NU,Niue,WPRO,2022-12,761.5384615384615
NU,Niue,WPRO,2023-01,81.25
NU,Niue,WPRO,2023-02,-98.52216748768473
NU,Niue,WPRO,2023-03,-100
NU,Niue,WPRO,2023-04,NA
NU,Niue,WPRO,2023-05,Inf
NU,Niue,WPRO,2023-06,-78.33333333333333
NU,Niue,WPRO,2023-07,-84.61538461538461
NU,Niue,WPRO,2023-08,1700
NU,Niue,WPRO,2023-09,-19.444444444444446
NU,Niue,WPRO,2023-10,-100
NU,Niue,WPRO,2023-11,Inf
NU,Niue,WPRO,2023-12,1125
NU,Niue,WPRO,2024-01,-100
NU,Niue,WPRO,2024-02,Inf
NU,Niue,WPRO,2024-03,-100
NU,Niue,WPRO,2024-04,Inf
NU,Niue,WPRO,2024-05,-12.5
NU,Niue,WPRO,2024-06,-100
NU,Niue,WPRO,2024-07,NA
NU,Niue,WPRO,2024-08,Inf
NU,Niue,WPRO,2024-09,-61.53846153846154
NU,Niue,WPRO,2024-10,-100
NU,Niue,WPRO,2024-11,NA
NU,Niue,WPRO,2024-12,NA
NU,Niue,WPRO,2025-01,NA
NU,Niue,WPRO,2025-02,NA
NU,Niue,WPRO,2025-03,NA
NU,Niue,WPRO,2025-04,NA
NU,Niue,WPRO,2025-05,NA
NZ,New Zealand,WPRO,2020-01,NA
NZ,New Zealand,WPRO,2020-02,NA
NZ,New Zealand,WPRO,2020-03,Inf
NZ,New Zealand,WPRO,2020-04,35.50420168067227
NZ,New Zealand,WPRO,2020-05,-94.88372093023256
NZ,New Zealand,WPRO,2020-06,-33.33333333333333
NZ,New Zealand,WPRO,2020-07,36.36363636363637
NZ,New Zealand,WPRO,2020-08,473.3333333333333
NZ,New Zealand,WPRO,2020-09,-42.44186046511628
NZ,New Zealand,WPRO,2020-10,3.0303030303030303
NZ,New Zealand,WPRO,2020-11,15.68627450980392
NZ,New Zealand,WPRO,2020-12,-22.033898305084744
NZ,New Zealand,WPRO,2021-01,72.82608695652173
NZ,New Zealand,WPRO,2021-02,-52.83018867924528
NZ,New Zealand,WPRO,2021-03,53.333333333333336
NZ,New Zealand,WPRO,2021-04,-6.086956521739131
NZ,New Zealand,WPRO,2021-05,-33.33333333333333
NZ,New Zealand,WPRO,2021-06,-11.11111111111111
NZ,New Zealand,WPRO,2021-07,95.3125
NZ,New Zealand,WPRO,2021-08,424.8
NZ,New Zealand,WPRO,2021-09,2.591463414634146
NZ,New Zealand,WPRO,2021-10,256.1664190193165
NZ,New Zealand,WPRO,2021-11,101.83562786816856
NZ,New Zealand,WPRO,2021-12,-49.19388176932617
NZ,New Zealand,WPRO,2022-01,2.156224572823434
NZ,New Zealand,WPRO,2022-02,3193.8669852648345
NZ,New Zealand,WPRO,2022-03,517.2967875321912
NZ,New Zealand,WPRO,2022-04,-45.57290034471953
NZ,New Zealand,WPRO,2022-05,-5.859300496971747
NZ,New Zealand,WPRO,2022-06,-36.71239788838728
NZ,New Zealand,WPRO,2022-07,74.57251405826251
NZ,New Zealand,WPRO,2022-08,-60.28184510628875
NZ,New Zealand,WPRO,2022-09,-70.18424147393179
NZ,New Zealand,WPRO,2022-10,192.73672831390425
NZ,New Zealand,WPRO,2022-11,-33.807076201407256
NZ,New Zealand,WPRO,2022-12,64.44618678568197
NZ,New Zealand,WPRO,2023-01,-8.958042983936037
NZ,New Zealand,WPRO,2023-02,-68.41400286019295
NZ,New Zealand,WPRO,2023-03,20.89723559608456
NZ,New Zealand,WPRO,2023-04,44.75037582087191
NZ,New Zealand,WPRO,2023-05,-19.615559806868905
NZ,New Zealand,WPRO,2023-06,-13.0669326140665
NZ,New Zealand,WPRO,2023-07,-38.87730093340981
NZ,New Zealand,WPRO,2023-08,-37.03024356950902
NZ,New Zealand,WPRO,2023-09,-25.836607505758025
NZ,New Zealand,WPRO,2023-10,31.26598465473146
NZ,New Zealand,WPRO,2023-11,34.5765778303528
NZ,New Zealand,WPRO,2023-12,22.01654601861427
NZ,New Zealand,WPRO,2024-01,28.464276633613014
NZ,New Zealand,WPRO,2024-02,-36.04486227939964
NZ,New Zealand,WPRO,2024-03,332.7109552300392
NZ,New Zealand,WPRO,2024-04,-86.67365961808949
NZ,New Zealand,WPRO,2024-05,18.470483005366724
NZ,New Zealand,WPRO,2024-06,113.09173272933182
NZ,New Zealand,WPRO,2024-07,-62.09963151927438
NZ,New Zealand,WPRO,2024-08,-40.72169767224455
NZ,New Zealand,WPRO,2024-09,-23.52941176470588
NZ,New Zealand,WPRO,2024-10,-26.005361930294907
NZ,New Zealand,WPRO,2024-11,35.618729096989966
NZ,New Zealand,WPRO,2024-12,31.915330867242087
NZ,New Zealand,WPRO,2025-01,-24.36516591369372
NZ,New Zealand,WPRO,2025-02,-100
NZ,New Zealand,WPRO,2025-03,NA
NZ,New Zealand,WPRO,2025-04,NA
NZ,New Zealand,WPRO,2025-05,NA
OM,Oman,EMRO,2020-01,NA
OM,Oman,EMRO,2020-02,NA
OM,Oman,EMRO,2020-03,Inf
OM,Oman,EMRO,2020-04,1053.2894736842104
OM,Oman,EMRO,2020-05,385.9098687963491
OM,Oman,EMRO,2020-06,211.45808875322848
OM,Oman,EMRO,2020-07,42.87598944591029
OM,Oman,EMRO,2020-08,-73.23044453238359
OM,Oman,EMRO,2020-09,7.4406228441904
OM,Oman,EMRO,2020-10,46.119977985690696
OM,Oman,EMRO,2020-11,-32.56748273697426
OM,Oman,EMRO,2020-12,-46.83485384472165
OM,Oman,EMRO,2021-01,-4.780248642969707
OM,Oman,EMRO,2021-02,26.149319602795146
OM,Oman,EMRO,2021-03,93.14868804664724
OM,Oman,EMRO,2021-04,137.28301886792454
OM,Oman,EMRO,2021-05,-4.300254452926209
OM,Oman,EMRO,2021-06,50.026588673225206
OM,Oman,EMRO,2021-07,-26.96942844483828
OM,Oman,EMRO,2021-08,-74.04295334587151
OM,Oman,EMRO,2021-09,-81.48883954657006
OM,Oman,EMRO,2021-10,-57.82828282828283
OM,Oman,EMRO,2021-11,-62.4251497005988
OM,Oman,EMRO,2021-12,109.5617529880478
OM,Oman,EMRO,2022-01,5535.931558935361
OM,Oman,EMRO,2022-02,55.5574295834036
OM,Oman,EMRO,2022-03,-84.34132061151469
OM,Oman,EMRO,2022-04,-86.19304805428611
OM,Oman,EMRO,2022-05,-42.92878635907723
OM,Oman,EMRO,2022-06,97.36379613356766
OM,Oman,EMRO,2022-07,433.7488869100623
OM,Oman,EMRO,2022-08,-78.79546212879546
OM,Oman,EMRO,2022-09,-66.08969315499607
OM,Oman,EMRO,2022-10,-1.3921113689095126
OM,Oman,EMRO,2022-11,-22.823529411764707
OM,Oman,EMRO,2022-12,-60.0609756097561
OM,Oman,EMRO,2023-01,7.633587786259542
OM,Oman,EMRO,2023-02,-100
OM,Oman,EMRO,2023-03,NA
OM,Oman,EMRO,2023-04,NA
OM,Oman,EMRO,2023-05,NA
OM,Oman,EMRO,2023-06,NA
OM,Oman,EMRO,2023-07,NA
OM,Oman,EMRO,2023-08,NA
OM,Oman,EMRO,2023-09,NA
OM,Oman,EMRO,2023-10,NA
OM,Oman,EMRO,2023-11,NA
OM,Oman,EMRO,2023-12,NA
OM,Oman,EMRO,2024-01,NA
OM,Oman,EMRO,2024-02,NA
OM,Oman,EMRO,2024-03,NA
OM,Oman,EMRO,2024-04,NA
OM,Oman,EMRO,2024-05,NA
OM,Oman,EMRO,2024-06,NA
OM,Oman,EMRO,2024-07,NA
OM,Oman,EMRO,2024-08,NA
OM,Oman,EMRO,2024-09,NA
OM,Oman,EMRO,2024-10,NA
OM,Oman,EMRO,2024-11,NA
OM,Oman,EMRO,2024-12,NA
OM,Oman,EMRO,2025-01,NA
OM,Oman,EMRO,2025-02,NA
OM,Oman,EMRO,2025-03,NA
OM,Oman,EMRO,2025-04,NA
OM,Oman,EMRO,2025-05,NA
PA,Panama,AMRO,2020-01,NA
PA,Panama,AMRO,2020-02,NA
PA,Panama,AMRO,2020-03,Inf
PA,Panama,AMRO,2020-04,479.1348600508906
PA,Panama,AMRO,2020-05,58.01845342706503
PA,Panama,AMRO,2020-06,141.54038648686222
PA,Panama,AMRO,2020-07,61.666858524231614
PA,Panama,AMRO,2020-08,16.174166904015948
PA,Panama,AMRO,2020-09,-42.36462259814287
PA,Panama,AMRO,2020-10,-1.9779869197639175
PA,Panama,AMRO,2020-11,83.77000271223217
PA,Panama,AMRO,2020-12,91.61697857016352
PA,Panama,AMRO,2021-01,41.09464538788588
PA,Panama,AMRO,2021-02,-76.4960204382431
PA,Panama,AMRO,2021-03,-38.517279821627646
PA,Panama,AMRO,2021-04,-29.42731943185252
PA,Panama,AMRO,2021-05,55.18681083395782
PA,Panama,AMRO,2021-06,51.53145695364238
PA,Panama,AMRO,2021-07,32.78248201766366
PA,Panama,AMRO,2021-08,-5.578221963177564
PA,Panama,AMRO,2021-09,-62.930283224400874
PA,Panama,AMRO,2021-10,-34.743853462631016
PA,Panama,AMRO,2021-11,-29.48063644551186
PA,Panama,AMRO,2021-12,97.55214985100042
PA,Panama,AMRO,2022-01,2046.8914987609096
PA,Panama,AMRO,2022-02,-65.50516177924548
PA,Panama,AMRO,2022-03,-87.39597276377815
PA,Panama,AMRO,2022-04,-7.884104813574974
PA,Panama,AMRO,2022-05,857.0175438596491
PA,Panama,AMRO,2022-06,-14.923399240539478
PA,Panama,AMRO,2022-07,-35.32544287627169
PA,Panama,AMRO,2022-08,-43.333095357083366
PA,Panama,AMRO,2022-09,-63.5267932135058
PA,Panama,AMRO,2022-10,-59.1594703511802
PA,Panama,AMRO,2022-11,231.20947279391032
PA,Panama,AMRO,2022-12,84.00578821927137
PA,Panama,AMRO,2023-01,-72.6002683073507
PA,Panama,AMRO,2023-02,-73.45939557656594
PA,Panama,AMRO,2023-03,59.541984732824424
PA,Panama,AMRO,2023-04,17.703349282296653
PA,Panama,AMRO,2023-05,-37.83875338753388
PA,Panama,AMRO,2023-06,2.452316076294278
PA,Panama,AMRO,2023-07,-52.02127659574468
PA,Panama,AMRO,2023-08,-80.48780487804879
PA,Panama,AMRO,2023-09,-26.704545454545453
PA,Panama,AMRO,2023-10,84.49612403100775
PA,Panama,AMRO,2023-11,-35.714285714285715
PA,Panama,AMRO,2023-12,410.4575163398693
PA,Panama,AMRO,2024-01,66.45326504481433
PA,Panama,AMRO,2024-02,-90.6923076923077
PA,Panama,AMRO,2024-03,-46.28099173553719
PA,Panama,AMRO,2024-04,-50.76923076923077
PA,Panama,AMRO,2024-05,31.25
PA,Panama,AMRO,2024-06,452.3809523809523
PA,Panama,AMRO,2024-07,-2.586206896551724
PA,Panama,AMRO,2024-08,-56.63716814159292
PA,Panama,AMRO,2024-09,-58.16326530612245
PA,Panama,AMRO,2024-10,-65.85365853658537
PA,Panama,AMRO,2024-11,14.285714285714285
PA,Panama,AMRO,2024-12,193.75
PA,Panama,AMRO,2025-01,80.85106382978722
PA,Panama,AMRO,2025-02,44.70588235294118
PA,Panama,AMRO,2025-03,-10.569105691056912
PA,Panama,AMRO,2025-04,-76.36363636363637
PA,Panama,AMRO,2025-05,-96.15384615384616
PE,Peru,AMRO,2020-01,NA
PE,Peru,AMRO,2020-02,NA
PE,Peru,AMRO,2020-03,Inf
PE,Peru,AMRO,2020-04,3209.1338582677167
PE,Peru,AMRO,2020-05,502.66025793556366
PE,Peru,AMRO,2020-06,-2.019946777008299
PE,Peru,AMRO,2020-07,-16.507225235535426
PE,Peru,AMRO,2020-08,145.18084500516423
PE,Peru,AMRO,2020-09,-35.18779527559055
PE,Peru,AMRO,2020-10,-46.22136639473221
PE,Peru,AMRO,2020-11,-15.049925450684498
PE,Peru,AMRO,2020-12,-37.2114668652271
PE,Peru,AMRO,2021-01,154.8155520731862
PE,Peru,AMRO,2021-02,58.3059777775931
PE,Peru,AMRO,2021-03,2.904644912015455
PE,Peru,AMRO,2021-04,19.003065998030824
PE,Peru,AMRO,2021-05,-13.448306904844578
PE,Peru,AMRO,2021-06,-52.59683011391778
PE,Peru,AMRO,2021-07,-39.52688936023488
PE,Peru,AMRO,2021-08,-20.268846001002125
PE,Peru,AMRO,2021-09,-47.79829237637065
PE,Peru,AMRO,2021-10,18.31956494665615
PE,Peru,AMRO,2021-11,9.813346431829345
PE,Peru,AMRO,2021-12,33.26304354771718
PE,Peru,AMRO,2022-01,2028.6190362023497
PE,Peru,AMRO,2022-02,-60.81419433753789
PE,Peru,AMRO,2022-03,-89.7398752550947
PE,Peru,AMRO,2022-04,-57.96447781264007
PE,Peru,AMRO,2022-05,26.76441186271243
PE,Peru,AMRO,2022-06,72.22543504547605
PE,Peru,AMRO,2022-07,768.0759485942795
PE,Peru,AMRO,2022-08,-29.966628336726764
PE,Peru,AMRO,2022-09,-77.16513687762358
PE,Peru,AMRO,2022-10,-68.7600325439233
PE,Peru,AMRO,2022-11,341.55697895403677
PE,Peru,AMRO,2022-12,253.4240897787413
PE,Peru,AMRO,2023-01,-81.03378286951423
PE,Peru,AMRO,2023-02,-89.40784780023782
PE,Peru,AMRO,2023-03,23.79883251010328
PE,Peru,AMRO,2023-04,87.41385564018861
PE,Peru,AMRO,2023-05,-60.42190826398297
PE,Peru,AMRO,2023-06,-100
PE,Peru,AMRO,2023-07,NA
PE,Peru,AMRO,2023-08,NA
PE,Peru,AMRO,2023-09,NA
PE,Peru,AMRO,2023-10,NA
PE,Peru,AMRO,2023-11,NA
PE,Peru,AMRO,2023-12,NA
PE,Peru,AMRO,2024-01,Inf
PE,Peru,AMRO,2024-02,-90.53782152373702
PE,Peru,AMRO,2024-03,-52.52873563218391
PE,Peru,AMRO,2024-04,-66.46489104116223
PE,Peru,AMRO,2024-05,-15.162454873646208
PE,Peru,AMRO,2024-06,106.80851063829788
PE,Peru,AMRO,2024-07,38.88888888888889
PE,Peru,AMRO,2024-08,-39.111111111111114
PE,Peru,AMRO,2024-09,-43.55231143552312
PE,Peru,AMRO,2024-10,-39.6551724137931
PE,Peru,AMRO,2024-11,-45
PE,Peru,AMRO,2024-12,-100
PE,Peru,AMRO,2025-01,Inf
PE,Peru,AMRO,2025-02,-84.72418670438473
PE,Peru,AMRO,2025-03,-44.907407407407405
PE,Peru,AMRO,2025-04,-81.5126050420168
PE,Peru,AMRO,2025-05,-84.0909090909091
PF,French Polynesia,WPRO,2020-01,NA
PF,French Polynesia,WPRO,2020-02,NA
PF,French Polynesia,WPRO,2020-03,Inf
PF,French Polynesia,WPRO,2020-04,-37.142857142857146
PF,French Polynesia,WPRO,2020-05,-86.36363636363636
PF,French Polynesia,WPRO,2020-06,-33.33333333333333
PF,French Polynesia,WPRO,2020-07,-100
PF,French Polynesia,WPRO,2020-08,Inf
PF,French Polynesia,WPRO,2020-09,161.1904761904762
PF,French Polynesia,WPRO,2020-10,290.15496809480396
PF,French Polynesia,WPRO,2020-11,92.4532710280374
PF,French Polynesia,WPRO,2020-12,-70.20759985431589
PF,French Polynesia,WPRO,2021-01,-38.4678076609617
PF,French Polynesia,WPRO,2021-02,-78.34437086092714
PF,French Polynesia,WPRO,2021-03,-32.7217125382263
PF,French Polynesia,WPRO,2021-04,-42.27272727272727
PF,French Polynesia,WPRO,2021-05,-0.7874015748031495
PF,French Polynesia,WPRO,2021-06,6.349206349206349
PF,French Polynesia,WPRO,2021-07,117.1641791044776
PF,French Polynesia,WPRO,2021-08,7079.7250859106525
PF,French Polynesia,WPRO,2021-09,-77.19810462834442
PF,French Polynesia,WPRO,2021-10,-87.42653232577666
PF,French Polynesia,WPRO,2021-11,-84.97495826377296
PF,French Polynesia,WPRO,2021-12,734.4444444444445
PF,French Polynesia,WPRO,2022-01,150.86551264980025
PF,French Polynesia,WPRO,2022-02,878.3970276008492
PF,French Polynesia,WPRO,2022-03,-70.92714153963001
PF,French Polynesia,WPRO,2022-04,-88.43067736518006
PF,French Polynesia,WPRO,2022-05,-60.64516129032258
PF,French Polynesia,WPRO,2022-06,41.80327868852459
PF,French Polynesia,WPRO,2022-07,527.7456647398844
PF,French Polynesia,WPRO,2022-08,-54.00552486187845
PF,French Polynesia,WPRO,2022-09,-85.08508508508508
PF,French Polynesia,WPRO,2022-10,14.093959731543624
PF,French Polynesia,WPRO,2022-11,-17.058823529411764
PF,French Polynesia,WPRO,2022-12,617.0212765957447
PF,French Polynesia,WPRO,2023-01,-95.351137487636
PF,French Polynesia,WPRO,2023-02,82.97872340425532
PF,French Polynesia,WPRO,2023-03,27.906976744186046
PF,French Polynesia,WPRO,2023-04,168.1818181818182
PF,French Polynesia,WPRO,2023-05,-54.91525423728814
PF,French Polynesia,WPRO,2023-06,-84.9624060150376
PF,French Polynesia,WPRO,2023-07,-20
PF,French Polynesia,WPRO,2023-08,-62.5
PF,French Polynesia,WPRO,2023-09,50
PF,French Polynesia,WPRO,2023-10,133.33333333333331
PF,French Polynesia,WPRO,2023-11,123.8095238095238
PF,French Polynesia,WPRO,2023-12,1021.2765957446808
PF,French Polynesia,WPRO,2024-01,-87.85578747628084
PF,French Polynesia,WPRO,2024-02,-87.5
PF,French Polynesia,WPRO,2024-03,-75
PF,French Polynesia,WPRO,2024-04,-50
PF,French Polynesia,WPRO,2024-05,-100
PF,French Polynesia,WPRO,2024-06,Inf
PF,French Polynesia,WPRO,2024-07,145.45454545454547
PF,French Polynesia,WPRO,2024-08,233.33333333333337
PF,French Polynesia,WPRO,2024-09,-76.66666666666667
PF,French Polynesia,WPRO,2024-10,-100
PF,French Polynesia,WPRO,2024-11,NA
PF,French Polynesia,WPRO,2024-12,NA
PF,French Polynesia,WPRO,2025-01,NA
PF,French Polynesia,WPRO,2025-02,NA
PF,French Polynesia,WPRO,2025-03,NA
PF,French Polynesia,WPRO,2025-04,NA
PF,French Polynesia,WPRO,2025-05,NA
PG,Papua New Guinea,WPRO,2020-01,NA
PG,Papua New Guinea,WPRO,2020-02,NA
PG,Papua New Guinea,WPRO,2020-03,Inf
PG,Papua New Guinea,WPRO,2020-04,600
PG,Papua New Guinea,WPRO,2020-05,-100
PG,Papua New Guinea,WPRO,2020-06,Inf
PG,Papua New Guinea,WPRO,2020-07,833.3333333333334
PG,Papua New Guinea,WPRO,2020-08,1400
PG,Papua New Guinea,WPRO,2020-09,-82.61904761904762
PG,Papua New Guinea,WPRO,2020-10,-30.136986301369863
PG,Papua New Guinea,WPRO,2020-11,21.568627450980394
PG,Papua New Guinea,WPRO,2020-12,117.74193548387098
PG,Papua New Guinea,WPRO,2021-01,-35.55555555555556
PG,Papua New Guinea,WPRO,2021-02,416.0919540229885
PG,Papua New Guinea,WPRO,2021-03,798.2182628062361
PG,Papua New Guinea,WPRO,2021-04,36.02777089015621
PG,Papua New Guinea,WPRO,2021-05,-7.4917973022238415
PG,Papua New Guinea,WPRO,2021-06,-74.77832512315271
PG,Papua New Guinea,WPRO,2021-07,-65.078125
PG,Papua New Guinea,WPRO,2021-08,-16.10738255033557
PG,Papua New Guinea,WPRO,2021-09,302.93333333333334
PG,Papua New Guinea,WPRO,2021-10,581.0059563203176
PG,Papua New Guinea,WPRO,2021-11,-48.71720116618076
PG,Papua New Guinea,WPRO,2021-12,-80.29183248057609
PG,Papua New Guinea,WPRO,2022-01,-2.403846153846154
PG,Papua New Guinea,WPRO,2022-02,308.3743842364532
PG,Papua New Guinea,WPRO,2022-03,-52.01447527141134
PG,Papua New Guinea,WPRO,2022-04,-73.80593262946205
PG,Papua New Guinea,WPRO,2022-05,24.37619961612284
PG,Papua New Guinea,WPRO,2022-06,-59.72222222222222
PG,Papua New Guinea,WPRO,2022-07,-69.34865900383141
PG,Papua New Guinea,WPRO,2022-08,10
PG,Papua New Guinea,WPRO,2022-09,18.181818181818183
PG,Papua New Guinea,WPRO,2022-10,365.38461538461536
PG,Papua New Guinea,WPRO,2022-11,24.586776859504138
PG,Papua New Guinea,WPRO,2022-12,3.482587064676617
PG,Papua New Guinea,WPRO,2023-01,-90.3846153846154
PG,Papua New Guinea,WPRO,2023-02,20
PG,Papua New Guinea,WPRO,2023-03,-84.72222222222221
PG,Papua New Guinea,WPRO,2023-04,-27.27272727272727
PG,Papua New Guinea,WPRO,2023-05,162.5
PG,Papua New Guinea,WPRO,2023-06,-100
PG,Papua New Guinea,WPRO,2023-07,NA
PG,Papua New Guinea,WPRO,2023-08,NA
PG,Papua New Guinea,WPRO,2023-09,NA
PG,Papua New Guinea,WPRO,2023-10,NA
PG,Papua New Guinea,WPRO,2023-11,NA
PG,Papua New Guinea,WPRO,2023-12,NA
PG,Papua New Guinea,WPRO,2024-01,NA
PG,Papua New Guinea,WPRO,2024-02,NA
PG,Papua New Guinea,WPRO,2024-03,NA
PG,Papua New Guinea,WPRO,2024-04,NA
PG,Papua New Guinea,WPRO,2024-05,NA
PG,Papua New Guinea,WPRO,2024-06,NA
PG,Papua New Guinea,WPRO,2024-07,NA
PG,Papua New Guinea,WPRO,2024-08,NA
PG,Papua New Guinea,WPRO,2024-09,NA
PG,Papua New Guinea,WPRO,2024-10,NA
PG,Papua New Guinea,WPRO,2024-11,NA
PG,Papua New Guinea,WPRO,2024-12,NA
PG,Papua New Guinea,WPRO,2025-01,NA
PG,Papua New Guinea,WPRO,2025-02,NA
PG,Papua New Guinea,WPRO,2025-03,NA
PG,Papua New Guinea,WPRO,2025-04,NA
PG,Papua New Guinea,WPRO,2025-05,NA
PH,Philippines,WPRO,2020-01,NA
PH,Philippines,WPRO,2020-02,Inf
PH,Philippines,WPRO,2020-03,35633.33333333333
PH,Philippines,WPRO,2020-04,480.13059701492534
PH,Philippines,WPRO,2020-05,59.671972986010616
PH,Philippines,WPRO,2020-06,77.01913393756294
PH,Philippines,WPRO,2020-07,147.6732278985095
PH,Philippines,WPRO,2020-08,209.569092245498
PH,Philippines,WPRO,2020-09,-34.61721103476932
PH,Philippines,WPRO,2020-10,-24.44989162382687
PH,Philippines,WPRO,2020-11,-9.897257187490611
PH,Philippines,WPRO,2020-12,-31.294490289238976
PH,Philippines,WPRO,2021-01,37.361997427996016
PH,Philippines,WPRO,2021-02,-10.388440409107773
PH,Philippines,WPRO,2021-03,186.8795584466785
PH,Philippines,WPRO,2021-04,89.38598540547225
PH,Philippines,WPRO,2021-05,-17.96053276056614
PH,Philippines,WPRO,2021-06,-22.886722861514784
PH,Philippines,WPRO,2021-07,-13.545567681958168
PH,Philippines,WPRO,2021-08,168.7292700400669
PH,Philippines,WPRO,2021-09,32.549419408349465
PH,Philippines,WPRO,2021-10,-44.789678245987155
PH,Philippines,WPRO,2021-11,-85.00568375390863
PH,Philippines,WPRO,2021-12,-84.78358679024566
PH,Philippines,WPRO,2022-01,10355.08574807806
PH,Philippines,WPRO,2022-02,-83.6831254189162
PH,Philippines,WPRO,2022-03,-86.18337810902158
PH,Philippines,WPRO,2022-04,-55.20918271341655
PH,Philippines,WPRO,2022-05,-14.241702842739112
PH,Philippines,WPRO,2022-06,73.44872632266492
PH,Philippines,WPRO,2022-07,573.9973639615891
PH,Philippines,WPRO,2022-08,39.47787462286289
PH,Philippines,WPRO,2022-09,-37.54944669771168
PH,Philippines,WPRO,2022-10,8.091725465041694
PH,Philippines,WPRO,2022-11,-55.09746906803549
PH,Philippines,WPRO,2022-12,-10.750982918690324
PH,Philippines,WPRO,2023-01,-50.4831007292785
PH,Philippines,WPRO,2023-02,-74.76824162679426
PH,Philippines,WPRO,2023-03,14.133333333333336
PH,Philippines,WPRO,2023-04,208.4631360332295
PH,Philippines,WPRO,2023-05,283.6559501767379
PH,Philippines,WPRO,2023-06,-45.617075417891456
PH,Philippines,WPRO,2023-07,-62.13545238191279
PH,Philippines,WPRO,2023-08,-768.2007031000319
PH,Philippines,WPRO,2023-09,-105.41897838148076
PH,Philippines,WPRO,2023-10,79.11150338334805
PH,Philippines,WPRO,2023-11,-29.747043363994745
PH,Philippines,WPRO,2023-12,123.10030395136778
PH,Philippines,WPRO,2024-01,-14.242297212324461
PH,Philippines,WPRO,2024-02,-100
PH,Philippines,WPRO,2024-03,NA
PH,Philippines,WPRO,2024-04,NA
PH,Philippines,WPRO,2024-05,NA
PH,Philippines,WPRO,2024-06,NA
PH,Philippines,WPRO,2024-07,NA
PH,Philippines,WPRO,2024-08,NA
PH,Philippines,WPRO,2024-09,NA
PH,Philippines,WPRO,2024-10,NA
PH,Philippines,WPRO,2024-11,NA
PH,Philippines,WPRO,2024-12,NA
PH,Philippines,WPRO,2025-01,NA
PH,Philippines,WPRO,2025-02,NA
PH,Philippines,WPRO,2025-03,NA
PH,Philippines,WPRO,2025-04,NA
PH,Philippines,WPRO,2025-05,NA
PK,Pakistan,EMRO,2020-01,NA
PK,Pakistan,EMRO,2020-02,NA
PK,Pakistan,EMRO,2020-03,Inf
PK,Pakistan,EMRO,2020-04,766.8016194331984
PK,Pakistan,EMRO,2020-05,409.26669780476414
PK,Pakistan,EMRO,2020-06,142.9077168589614
PK,Pakistan,EMRO,2020-07,-44.87185295938864
PK,Pakistan,EMRO,2020-08,-67.8305298339817
PK,Pakistan,EMRO,2020-09,-39.49755162869917
PK,Pakistan,EMRO,2020-10,23.03469631923429
PK,Pakistan,EMRO,2020-11,273.4870152156504
PK,Pakistan,EMRO,2020-12,18.12292282480511
PK,Pakistan,EMRO,2021-01,-4.400591240308067
PK,Pakistan,EMRO,2021-02,-51.740085715835725
PK,Pakistan,EMRO,2021-03,99.6093640221454
PK,Pakistan,EMRO,2021-04,97.37846171174344
PK,Pakistan,EMRO,2021-05,-9.964191965304725
PK,Pakistan,EMRO,2021-06,-70.20907441591469
PK,Pakistan,EMRO,2021-07,27.737148631758103
PK,Pakistan,EMRO,2021-08,205.40878146274437
PK,Pakistan,EMRO,2021-09,-39.79699653026306
PK,Pakistan,EMRO,2021-10,-59.85212192581185
PK,Pakistan,EMRO,2021-11,-67.45071495050342
PK,Pakistan,EMRO,2021-12,-20.327527943852353
PK,Pakistan,EMRO,2022-01,1171.6911364872217
PK,Pakistan,EMRO,2022-02,-16.49505695617966
PK,Pakistan,EMRO,2022-03,-83.68256114046946
PK,Pakistan,EMRO,2022-04,-73.88439088683863
PK,Pakistan,EMRO,2022-05,-40.30281182408075
PK,Pakistan,EMRO,2022-06,30.71658615136876
PK,Pakistan,EMRO,2022-07,529.7505389590391
PK,Pakistan,EMRO,2022-08,-30.29636150234742
PK,Pakistan,EMRO,2022-09,-71.33235108398232
PK,Pakistan,EMRO,2022-10,-59.54478707782672
PK,Pakistan,EMRO,2022-11,-30.852994555353902
PK,Pakistan,EMRO,2022-12,-48.731408573928256
PK,Pakistan,EMRO,2023-01,2.5597269624573378
PK,Pakistan,EMRO,2023-02,-9.650582362728786
PK,Pakistan,EMRO,2023-03,307.18232044198896
PK,Pakistan,EMRO,2023-04,-26.50384441429218
PK,Pakistan,EMRO,2023-05,-100
PK,Pakistan,EMRO,2023-06,NA
PK,Pakistan,EMRO,2023-07,NA
PK,Pakistan,EMRO,2023-08,NA
PK,Pakistan,EMRO,2023-09,NA
PK,Pakistan,EMRO,2023-10,NA
PK,Pakistan,EMRO,2023-11,NA
PK,Pakistan,EMRO,2023-12,NA
PK,Pakistan,EMRO,2024-01,NA
PK,Pakistan,EMRO,2024-02,NA
PK,Pakistan,EMRO,2024-03,NA
PK,Pakistan,EMRO,2024-04,NA
PK,Pakistan,EMRO,2024-05,NA
PK,Pakistan,EMRO,2024-06,NA
PK,Pakistan,EMRO,2024-07,NA
PK,Pakistan,EMRO,2024-08,NA
PK,Pakistan,EMRO,2024-09,NA
PK,Pakistan,EMRO,2024-10,NA
PK,Pakistan,EMRO,2024-11,NA
PK,Pakistan,EMRO,2024-12,NA
PK,Pakistan,EMRO,2025-01,NA
PK,Pakistan,EMRO,2025-02,NA
PK,Pakistan,EMRO,2025-03,NA
PK,Pakistan,EMRO,2025-04,NA
PK,Pakistan,EMRO,2025-05,NA
PL,Poland,EURO,2020-01,NA
PL,Poland,EURO,2020-02,NA
PL,Poland,EURO,2020-03,Inf
PL,Poland,EURO,2020-04,488.21733821733824
PL,Poland,EURO,2020-05,27.63881681370005
PL,Poland,EURO,2020-06,-17.523174499918685
PL,Poland,EURO,2020-07,-12.1758848466923
PL,Poland,EURO,2020-08,165.12123933542884
PL,Poland,EURO,2020-09,-16.411906677393404
PL,Poland,EURO,2020-10,690.0612937541158
PL,Poland,EURO,2020-11,377.85286536809303
PL,Poland,EURO,2020-12,-63.41159390732173
PL,Poland,EURO,2021-01,-6.258044878964681
PL,Poland,EURO,2021-02,-24.260241604857132
PL,Poland,EURO,2021-03,180.41981519454157
PL,Poland,EURO,2021-04,-6.481089225260536
PL,Poland,EURO,2021-05,-77.63855269818073
PL,Poland,EURO,2021-06,-93.30961104847802
PL,Poland,EURO,2021-07,-66.66666666666666
PL,Poland,EURO,2021-08,142.57503949447076
PL,Poland,EURO,2021-09,144.33409312927387
PL,Poland,EURO,2021-10,712.7607116678882
PL,Poland,EURO,2021-11,295.38496855809984
PL,Poland,EURO,2021-12,12.386185731615017
PL,Poland,EURO,2022-01,48.10899872321897
PL,Poland,EURO,2022-02,0.4449798376296976
PL,Poland,EURO,2022-03,-64.92791189438239
PL,Poland,EURO,2022-04,-83.00493656025009
PL,Poland,EURO,2022-05,-66.75405742821474
PL,Poland,EURO,2022-06,-62.89272750031293
PL,Poland,EURO,2022-07,855.675493337831
PL,Poland,EURO,2022-08,72.27948183968091
PL,Poland,EURO,2022-09,8.809940891443087
PL,Poland,EURO,2022-10,-36.87733601965787
PL,Poland,EURO,2022-11,-83.53692186078423
PL,Poland,EURO,2022-12,28.429063236093494
PL,Poland,EURO,2023-01,-9.5372460496614
PL,Poland,EURO,2023-02,188.38895820336867
PL,Poland,EURO,2023-03,97.86658735094504
PL,Poland,EURO,2023-04,-65.13248698361507
PL,Poland,EURO,2023-05,-88.63413678228494
PL,Poland,EURO,2023-06,-64.62068965517241
PL,Poland,EURO,2023-07,-64.03508771929825
PL,Poland,EURO,2023-08,78.59078590785907
PL,Poland,EURO,2023-09,364.7951441578149
PL,Poland,EURO,2023-10,260.46359777995434
PL,Poland,EURO,2023-11,150.52984331129426
PL,Poland,EURO,2023-12,158.36014605401104
PL,Poland,EURO,2024-01,-70.19520044777164
PL,Poland,EURO,2024-02,-69.04225352112677
PL,Poland,EURO,2024-03,-68.75947831361844
PL,Poland,EURO,2024-04,-75.63106796116504
PL,Poland,EURO,2024-05,1.195219123505976
PL,Poland,EURO,2024-06,173.03149606299212
PL,Poland,EURO,2024-07,182.62436914203315
PL,Poland,EURO,2024-08,315.84183673469386
PL,Poland,EURO,2024-09,230.5011962456291
PL,Poland,EURO,2024-10,-63.036658932714616
PL,Poland,EURO,2024-11,-69.92568042583108
PL,Poland,EURO,2024-12,-18.884621806645516
PL,Poland,EURO,2025-01,-32.66776451214491
PL,Poland,EURO,2025-02,1.3451543870376033
PL,Poland,EURO,2025-03,-13.936651583710407
PL,Poland,EURO,2025-04,-67.26253066947073
PL,Poland,EURO,2025-05,-74.83940042826552
PM,Saint Pierre and Miquelon,NA,2020-01,NA
PM,Saint Pierre and Miquelon,NA,2020-02,NA
PM,Saint Pierre and Miquelon,NA,2020-03,NA
PM,Saint Pierre and Miquelon,NA,2020-04,Inf
PM,Saint Pierre and Miquelon,NA,2020-05,-100
PM,Saint Pierre and Miquelon,NA,2020-06,NA
PM,Saint Pierre and Miquelon,NA,2020-07,Inf
PM,Saint Pierre and Miquelon,NA,2020-08,-66.66666666666666
PM,Saint Pierre and Miquelon,NA,2020-09,600
PM,Saint Pierre and Miquelon,NA,2020-10,-100
PM,Saint Pierre and Miquelon,NA,2020-11,Inf
PM,Saint Pierre and Miquelon,NA,2020-12,0
PM,Saint Pierre and Miquelon,NA,2021-01,300
PM,Saint Pierre and Miquelon,NA,2021-02,-100
PM,Saint Pierre and Miquelon,NA,2021-03,NA
PM,Saint Pierre and Miquelon,NA,2021-04,Inf
PM,Saint Pierre and Miquelon,NA,2021-05,-100
PM,Saint Pierre and Miquelon,NA,2021-06,Inf
PM,Saint Pierre and Miquelon,NA,2021-07,100
PM,Saint Pierre and Miquelon,NA,2021-08,0
PM,Saint Pierre and Miquelon,NA,2021-09,-50
PM,Saint Pierre and Miquelon,NA,2021-10,0
PM,Saint Pierre and Miquelon,NA,2021-11,4200
PM,Saint Pierre and Miquelon,NA,2021-12,-46.51162790697674
PM,Saint Pierre and Miquelon,NA,2022-01,2204.3478260869565
PM,Saint Pierre and Miquelon,NA,2022-02,-30.754716981132074
PM,Saint Pierre and Miquelon,NA,2022-03,154.7683923705722
PM,Saint Pierre and Miquelon,NA,2022-04,-23.957219251336895
PM,Saint Pierre and Miquelon,NA,2022-05,-84.66947960618847
PM,Saint Pierre and Miquelon,NA,2022-06,-84.40366972477065
PM,Saint Pierre and Miquelon,NA,2022-07,1758.8235294117649
PM,Saint Pierre and Miquelon,NA,2022-08,-80.0632911392405
PM,Saint Pierre and Miquelon,NA,2022-09,-33.33333333333333
PM,Saint Pierre and Miquelon,NA,2022-10,-38.095238095238095
PM,Saint Pierre and Miquelon,NA,2022-11,115.38461538461536
PM,Saint Pierre and Miquelon,NA,2022-12,39.285714285714285
PM,Saint Pierre and Miquelon,NA,2023-01,-20.51282051282051
PM,Saint Pierre and Miquelon,NA,2023-02,-88.70967741935483
PM,Saint Pierre and Miquelon,NA,2023-03,28.57142857142857
PM,Saint Pierre and Miquelon,NA,2023-04,-100
PM,Saint Pierre and Miquelon,NA,2023-05,NA
PM,Saint Pierre and Miquelon,NA,2023-06,NA
PM,Saint Pierre and Miquelon,NA,2023-07,NA
PM,Saint Pierre and Miquelon,NA,2023-08,NA
PM,Saint Pierre and Miquelon,NA,2023-09,NA
PM,Saint Pierre and Miquelon,NA,2023-10,NA
PM,Saint Pierre and Miquelon,NA,2023-11,NA
PM,Saint Pierre and Miquelon,NA,2023-12,NA
PM,Saint Pierre and Miquelon,NA,2024-01,NA
PM,Saint Pierre and Miquelon,NA,2024-02,NA
PM,Saint Pierre and Miquelon,NA,2024-03,NA
PM,Saint Pierre and Miquelon,NA,2024-04,NA
PM,Saint Pierre and Miquelon,NA,2024-05,NA
PM,Saint Pierre and Miquelon,NA,2024-06,NA
PM,Saint Pierre and Miquelon,NA,2024-07,NA
PM,Saint Pierre and Miquelon,NA,2024-08,NA
PM,Saint Pierre and Miquelon,NA,2024-09,NA
PM,Saint Pierre and Miquelon,NA,2024-10,NA
PM,Saint Pierre and Miquelon,NA,2024-11,NA
PM,Saint Pierre and Miquelon,NA,2024-12,NA
PM,Saint Pierre and Miquelon,NA,2025-01,NA
PM,Saint Pierre and Miquelon,NA,2025-02,NA
PM,Saint Pierre and Miquelon,NA,2025-03,NA
PM,Saint Pierre and Miquelon,NA,2025-04,NA
PM,Saint Pierre and Miquelon,NA,2025-05,NA
PN,Pitcairn,NA,2020-01,NA
PN,Pitcairn,NA,2020-02,NA
PN,Pitcairn,NA,2020-03,NA
PN,Pitcairn,NA,2020-04,NA
PN,Pitcairn,NA,2020-05,NA
PN,Pitcairn,NA,2020-06,NA
PN,Pitcairn,NA,2020-07,NA
PN,Pitcairn,NA,2020-08,NA
PN,Pitcairn,NA,2020-09,NA
PN,Pitcairn,NA,2020-10,NA
PN,Pitcairn,NA,2020-11,NA
PN,Pitcairn,NA,2020-12,NA
PN,Pitcairn,NA,2021-01,NA
PN,Pitcairn,NA,2021-02,NA
PN,Pitcairn,NA,2021-03,NA
PN,Pitcairn,NA,2021-04,NA
PN,Pitcairn,NA,2021-05,NA
PN,Pitcairn,NA,2021-06,NA
PN,Pitcairn,NA,2021-07,NA
PN,Pitcairn,NA,2021-08,NA
PN,Pitcairn,NA,2021-09,NA
PN,Pitcairn,NA,2021-10,NA
PN,Pitcairn,NA,2021-11,NA
PN,Pitcairn,NA,2021-12,NA
PN,Pitcairn,NA,2022-01,NA
PN,Pitcairn,NA,2022-02,NA
PN,Pitcairn,NA,2022-03,NA
PN,Pitcairn,NA,2022-04,NA
PN,Pitcairn,NA,2022-05,NA
PN,Pitcairn,NA,2022-06,NA
PN,Pitcairn,NA,2022-07,Inf
PN,Pitcairn,NA,2022-08,-100
PN,Pitcairn,NA,2022-09,NA
PN,Pitcairn,NA,2022-10,NA
PN,Pitcairn,NA,2022-11,NA
PN,Pitcairn,NA,2022-12,NA
PN,Pitcairn,NA,2023-01,NA
PN,Pitcairn,NA,2023-02,NA
PN,Pitcairn,NA,2023-03,NA
PN,Pitcairn,NA,2023-04,NA
PN,Pitcairn,NA,2023-05,NA
PN,Pitcairn,NA,2023-06,NA
PN,Pitcairn,NA,2023-07,NA
PN,Pitcairn,NA,2023-08,NA
PN,Pitcairn,NA,2023-09,NA
PN,Pitcairn,NA,2023-10,NA
PN,Pitcairn,NA,2023-11,NA
PN,Pitcairn,NA,2023-12,NA
PN,Pitcairn,NA,2024-01,NA
PN,Pitcairn,NA,2024-02,NA
PN,Pitcairn,NA,2024-03,NA
PN,Pitcairn,NA,2024-04,NA
PN,Pitcairn,NA,2024-05,NA
PN,Pitcairn,NA,2024-06,NA
PN,Pitcairn,NA,2024-07,NA
PN,Pitcairn,NA,2024-08,NA
PN,Pitcairn,NA,2024-09,NA
PN,Pitcairn,NA,2024-10,NA
PN,Pitcairn,NA,2024-11,NA
PN,Pitcairn,NA,2024-12,NA
PN,Pitcairn,NA,2025-01,NA
PN,Pitcairn,NA,2025-02,NA
PN,Pitcairn,NA,2025-03,NA
PN,Pitcairn,NA,2025-04,NA
PN,Pitcairn,NA,2025-05,NA
PR,Puerto Rico,AMRO,2020-01,NA
PR,Puerto Rico,AMRO,2020-02,NA
PR,Puerto Rico,AMRO,2020-03,Inf
PR,Puerto Rico,AMRO,2020-04,150
PR,Puerto Rico,AMRO,2020-05,-44.729729729729726
PR,Puerto Rico,AMRO,2020-06,21.026894865525673
PR,Puerto Rico,AMRO,2020-07,1015.1515151515152
PR,Puerto Rico,AMRO,2020-08,84.6195652173913
PR,Puerto Rico,AMRO,2020-09,-15.062309881267783
PR,Puerto Rico,AMRO,2020-10,20.87569316081331
PR,Puerto Rico,AMRO,2020-11,145.25470706298384
PR,Puerto Rico,AMRO,2020-12,-22.559526129145397
PR,Puerto Rico,AMRO,2021-01,-21.437198067632853
PR,Puerto Rico,AMRO,2021-02,-61.215731488598514
PR,Puerto Rico,AMRO,2021-03,9.892650701899257
PR,Puerto Rico,AMRO,2021-04,262.3685001502855
PR,Puerto Rico,AMRO,2021-05,-66.29893828798939
PR,Puerto Rico,AMRO,2021-06,-82.75904504061039
PR,Puerto Rico,AMRO,2021-07,243.3261955745896
PR,Puerto Rico,AMRO,2021-08,485.6340956340956
PR,Puerto Rico,AMRO,2021-09,-63.26458163229082
PR,Puerto Rico,AMRO,2021-10,-60.45612678778508
PR,Puerto Rico,AMRO,2021-11,-19.452590420332356
PR,Puerto Rico,AMRO,2021-12,1640.1699029126214
PR,Puerto Rico,AMRO,2022-01,296.9715461329242
PR,Puerto Rico,AMRO,2022-02,-93.3874134228129
PR,Puerto Rico,AMRO,2022-03,-55.5260361317747
PR,Puerto Rico,AMRO,2022-04,556.1827956989247
PR,Puerto Rico,AMRO,2022-05,271.14798124630164
PR,Puerto Rico,AMRO,2022-06,-36.61014870458378
PR,Puerto Rico,AMRO,2022-07,-4.611455602526772
PR,Puerto Rico,AMRO,2022-08,-27.01154087986532
PR,Puerto Rico,AMRO,2022-09,-49.94094843756513
PR,Puerto Rico,AMRO,2022-10,-12.926057510824917
PR,Puerto Rico,AMRO,2022-11,2.0401007299735423
PR,Puerto Rico,AMRO,2022-12,52.73812127081315
PR,Puerto Rico,AMRO,2023-01,-5.344323318266418
PR,Puerto Rico,AMRO,2023-02,-58.09420916162489
PR,Puerto Rico,AMRO,2023-03,-36.62472929772094
PR,Puerto Rico,AMRO,2023-04,24.985761939630624
PR,Puerto Rico,AMRO,2023-05,63.40971227704726
PR,Puerto Rico,AMRO,2023-06,-87.0772417639326
PR,Puerto Rico,AMRO,2023-07,-100
PR,Puerto Rico,AMRO,2023-08,NA
PR,Puerto Rico,AMRO,2023-09,NA
PR,Puerto Rico,AMRO,2023-10,NA
PR,Puerto Rico,AMRO,2023-11,NA
PR,Puerto Rico,AMRO,2023-12,NA
PR,Puerto Rico,AMRO,2024-01,NA
PR,Puerto Rico,AMRO,2024-02,NA
PR,Puerto Rico,AMRO,2024-03,NA
PR,Puerto Rico,AMRO,2024-04,NA
PR,Puerto Rico,AMRO,2024-05,NA
PR,Puerto Rico,AMRO,2024-06,NA
PR,Puerto Rico,AMRO,2024-07,NA
PR,Puerto Rico,AMRO,2024-08,NA
PR,Puerto Rico,AMRO,2024-09,NA
PR,Puerto Rico,AMRO,2024-10,NA
PR,Puerto Rico,AMRO,2024-11,NA
PR,Puerto Rico,AMRO,2024-12,NA
PR,Puerto Rico,AMRO,2025-01,NA
PR,Puerto Rico,AMRO,2025-02,NA
PR,Puerto Rico,AMRO,2025-03,NA
PR,Puerto Rico,AMRO,2025-04,NA
PR,Puerto Rico,AMRO,2025-05,NA
PS,"occupied Palestinian territory, including east Jerusalem",EMRO,2020-01,NA
PS,"occupied Palestinian territory, including east Jerusalem",EMRO,2020-02,NA
PS,"occupied Palestinian territory, including east Jerusalem",EMRO,2020-03,Inf
PS,"occupied Palestinian territory, including east Jerusalem",EMRO,2020-04,152.57731958762886
PS,"occupied Palestinian territory, including east Jerusalem",EMRO,2020-05,15.918367346938776
PS,"occupied Palestinian territory, including east Jerusalem",EMRO,2020-06,402.4647887323944
PS,"occupied Palestinian territory, including east Jerusalem",EMRO,2020-07,652.7680448493343
PS,"occupied Palestinian territory, including east Jerusalem",EMRO,2020-08,46.45317445540867
PS,"occupied Palestinian territory, including east Jerusalem",EMRO,2020-09,27.415458937198068
PS,"occupied Palestinian territory, including east Jerusalem",EMRO,2020-10,-35.041157395859315
PS,"occupied Palestinian territory, including east Jerusalem",EMRO,2020-11,155.4949696643883
PS,"occupied Palestinian territory, including east Jerusalem",EMRO,2020-12,61.35325237465432
PS,"occupied Palestinian territory, including east Jerusalem",EMRO,2021-01,-44.15693287877941
PS,"occupied Palestinian territory, including east Jerusalem",EMRO,2021-02,-6.852148385374966
PS,"occupied Palestinian territory, including east Jerusalem",EMRO,2021-03,103.35935821216243
PS,"occupied Palestinian territory, including east Jerusalem",EMRO,2021-04,-1.588531576908175
PS,"occupied Palestinian territory, including east Jerusalem",EMRO,2021-05,-68.54151753758053
PS,"occupied Palestinian territory, including east Jerusalem",EMRO,2021-06,-66.99470959667786
PS,"occupied Palestinian territory, including east Jerusalem",EMRO,2021-07,-58.79007238883144
PS,"occupied Palestinian territory, including east Jerusalem",EMRO,2021-08,742.1999163529904
PS,"occupied Palestinian territory, including east Jerusalem",EMRO,2021-09,203.04414758901524
PS,"occupied Palestinian territory, including east Jerusalem",EMRO,2021-10,-54.9128211851075
PS,"occupied Palestinian territory, including east Jerusalem",EMRO,2021-11,-77.67681907392601
PS,"occupied Palestinian territory, including east Jerusalem",EMRO,2021-12,42.526864213611205
PS,"occupied Palestinian territory, including east Jerusalem",EMRO,2022-01,443.9342015078821
PS,"occupied Palestinian territory, including east Jerusalem",EMRO,2022-02,170.0310819892473
PS,"occupied Palestinian territory, including east Jerusalem",EMRO,2022-03,-91.35699730902644
PS,"occupied Palestinian territory, including east Jerusalem",EMRO,2022-04,-88.2120039593269
PS,"occupied Palestinian territory, including east Jerusalem",EMRO,2022-05,-50.76335877862596
PS,"occupied Palestinian territory, including east Jerusalem",EMRO,2022-06,233.02325581395343
PS,"occupied Palestinian territory, including east Jerusalem",EMRO,2022-07,1353.072625698324
PS,"occupied Palestinian territory, including east Jerusalem",EMRO,2022-08,-65.80161476355248
PS,"occupied Palestinian territory, including east Jerusalem",EMRO,2022-09,-89.40415964024733
PS,"occupied Palestinian territory, including east Jerusalem",EMRO,2022-10,-85.32272325375774
PS,"occupied Palestinian territory, including east Jerusalem",EMRO,2022-11,-80.12048192771084
PS,"occupied Palestinian territory, including east Jerusalem",EMRO,2022-12,381.8181818181818
PS,"occupied Palestinian territory, including east Jerusalem",EMRO,2023-01,-100
PS,"occupied Palestinian territory, including east Jerusalem",EMRO,2023-02,NA
PS,"occupied Palestinian territory, including east Jerusalem",EMRO,2023-03,NA
PS,"occupied Palestinian territory, including east Jerusalem",EMRO,2023-04,NA
PS,"occupied Palestinian territory, including east Jerusalem",EMRO,2023-05,NA
PS,"occupied Palestinian territory, including east Jerusalem",EMRO,2023-06,NA
PS,"occupied Palestinian territory, including east Jerusalem",EMRO,2023-07,NA
PS,"occupied Palestinian territory, including east Jerusalem",EMRO,2023-08,NA
PS,"occupied Palestinian territory, including east Jerusalem",EMRO,2023-09,NA
PS,"occupied Palestinian territory, including east Jerusalem",EMRO,2023-10,NA
PS,"occupied Palestinian territory, including east Jerusalem",EMRO,2023-11,NA
PS,"occupied Palestinian territory, including east Jerusalem",EMRO,2023-12,NA
PS,"occupied Palestinian territory, including east Jerusalem",EMRO,2024-01,NA
PS,"occupied Palestinian territory, including east Jerusalem",EMRO,2024-02,NA
PS,"occupied Palestinian territory, including east Jerusalem",EMRO,2024-03,NA
PS,"occupied Palestinian territory, including east Jerusalem",EMRO,2024-04,NA
PS,"occupied Palestinian territory, including east Jerusalem",EMRO,2024-05,NA
PS,"occupied Palestinian territory, including east Jerusalem",EMRO,2024-06,NA
PS,"occupied Palestinian territory, including east Jerusalem",EMRO,2024-07,NA
PS,"occupied Palestinian territory, including east Jerusalem",EMRO,2024-08,NA
PS,"occupied Palestinian territory, including east Jerusalem",EMRO,2024-09,NA
PS,"occupied Palestinian territory, including east Jerusalem",EMRO,2024-10,NA
PS,"occupied Palestinian territory, including east Jerusalem",EMRO,2024-11,NA
PS,"occupied Palestinian territory, including east Jerusalem",EMRO,2024-12,NA
PS,"occupied Palestinian territory, including east Jerusalem",EMRO,2025-01,NA
PS,"occupied Palestinian territory, including east Jerusalem",EMRO,2025-02,NA
PS,"occupied Palestinian territory, including east Jerusalem",EMRO,2025-03,NA
PS,"occupied Palestinian territory, including east Jerusalem",EMRO,2025-04,NA
PS,"occupied Palestinian territory, including east Jerusalem",EMRO,2025-05,NA
PT,Portugal,EURO,2020-01,NA
PT,Portugal,EURO,2020-02,Inf
PT,Portugal,EURO,2020-03,544700
PT,Portugal,EURO,2020-04,210.20558002936855
PT,Portugal,EURO,2020-05,-37.786982248520715
PT,Portugal,EURO,2020-06,-12.45957770591592
PT,Portugal,EURO,2020-07,-3.672316384180791
PT,Portugal,EURO,2020-08,-5.583126550868486
PT,Portugal,EURO,2020-09,87.75534583681758
PT,Portugal,EURO,2020-10,175.88598333015207
PT,Portugal,EURO,2020-11,269.76084499896217
PT,Portugal,EURO,2020-12,-38.40281416061672
PT,Portugal,EURO,2021-01,212.06865127582017
PT,Portugal,EURO,2021-02,-70.80003504229411
PT,Portugal,EURO,2021-03,-70.95139675978398
PT,Portugal,EURO,2021-04,-34.48473720449851
PT,Portugal,EURO,2021-05,5.143924797103988
PT,Portugal,EURO,2021-06,49.72234562416703
PT,Portugal,EURO,2021-07,208.10028929604627
PT,Portugal,EURO,2021-08,0.8522932466594438
PT,Portugal,EURO,2021-09,-58.637112368402214
PT,Portugal,EURO,2021-10,-26.087207456785848
PT,Portugal,EURO,2021-11,103.52555342989888
PT,Portugal,EURO,2021-12,167.60344529916168
PT,Portugal,EURO,2022-01,919.6051584599172
PT,Portugal,EURO,2022-02,-53.33756579830828
PT,Portugal,EURO,2022-03,-50.75094395342459
PT,Portugal,EURO,2022-04,-18.99897511204932
PT,Portugal,EURO,2022-05,164.94274146031938
PT,Portugal,EURO,2022-06,-34.50040129841063
PT,Portugal,EURO,2022-07,-54.50374568517091
PT,Portugal,EURO,2022-08,-66.17552789444981
PT,Portugal,EURO,2022-09,-2.2742058665459792
PT,Portugal,EURO,2022-10,-35.491620596833485
PT,Portugal,EURO,2022-11,-49.33593574729663
PT,Portugal,EURO,2022-12,-41.01757959527078
PT,Portugal,EURO,2023-01,-32.57507507507508
PT,Portugal,EURO,2023-02,-35.074045206547154
PT,Portugal,EURO,2023-03,12.244897959183673
PT,Portugal,EURO,2023-04,14.36210847975554
PT,Portugal,EURO,2023-05,-14.335337341349366
PT,Portugal,EURO,2023-06,-18.402994385527137
PT,Portugal,EURO,2023-07,31.84250764525994
PT,Portugal,EURO,2023-08,68.20817628298057
PT,Portugal,EURO,2023-09,20.30509351029906
PT,Portugal,EURO,2023-10,-41.865463142058886
PT,Portugal,EURO,2023-11,-64.83056069008009
PT,Portugal,EURO,2023-12,76.76944639103014
PT,Portugal,EURO,2024-01,-50.64420218037661
PT,Portugal,EURO,2024-02,-69.87951807228916
PT,Portugal,EURO,2024-03,-44.13333333333333
PT,Portugal,EURO,2024-04,-28.639618138424822
PT,Portugal,EURO,2024-05,380.9364548494983
PT,Portugal,EURO,2024-06,595.201668984701
PT,Portugal,EURO,2024-07,-18.315494648394516
PT,Portugal,EURO,2024-08,-60.409012980651475
PT,Portugal,EURO,2024-09,-29.81750695948036
PT,Portugal,EURO,2024-10,-56.63287791978845
PT,Portugal,EURO,2024-11,-55.08130081300813
PT,Portugal,EURO,2024-12,30.542986425339368
PT,Portugal,EURO,2025-01,-30.155979202772965
PT,Portugal,EURO,2025-02,-42.67990074441687
PT,Portugal,EURO,2025-03,24.24242424242424
PT,Portugal,EURO,2025-04,-74.56445993031359
PT,Portugal,EURO,2025-05,-100
PW,Palau,WPRO,2020-01,NA
PW,Palau,WPRO,2020-02,NA
PW,Palau,WPRO,2020-03,NA
PW,Palau,WPRO,2020-04,NA
PW,Palau,WPRO,2020-05,NA
PW,Palau,WPRO,2020-06,NA
PW,Palau,WPRO,2020-07,NA
PW,Palau,WPRO,2020-08,NA
PW,Palau,WPRO,2020-09,NA
PW,Palau,WPRO,2020-10,NA
PW,Palau,WPRO,2020-11,NA
PW,Palau,WPRO,2020-12,NA
PW,Palau,WPRO,2021-01,NA
PW,Palau,WPRO,2021-02,NA
PW,Palau,WPRO,2021-03,NA
PW,Palau,WPRO,2021-04,NA
PW,Palau,WPRO,2021-05,NA
PW,Palau,WPRO,2021-06,NA
PW,Palau,WPRO,2021-07,NA
PW,Palau,WPRO,2021-08,Inf
PW,Palau,WPRO,2021-09,50
PW,Palau,WPRO,2021-10,0
PW,Palau,WPRO,2021-11,-100
PW,Palau,WPRO,2021-12,NA
PW,Palau,WPRO,2022-01,Inf
PW,Palau,WPRO,2022-02,44.76629361421988
PW,Palau,WPRO,2022-03,-88.13096862210095
PW,Palau,WPRO,2022-04,56.70498084291188
PW,Palau,WPRO,2022-05,58.19070904645477
PW,Palau,WPRO,2022-06,-75.8887171561051
PW,Palau,WPRO,2022-07,-78.84615384615384
PW,Palau,WPRO,2022-08,251.5151515151515
PW,Palau,WPRO,2022-09,-3.4482758620689653
PW,Palau,WPRO,2022-10,-37.5
PW,Palau,WPRO,2022-11,422.8571428571429
PW,Palau,WPRO,2022-12,-80.32786885245902
PW,Palau,WPRO,2023-01,-75
PW,Palau,WPRO,2023-02,-83.33333333333334
PW,Palau,WPRO,2023-03,166.66666666666669
PW,Palau,WPRO,2023-04,-75
PW,Palau,WPRO,2023-05,400
PW,Palau,WPRO,2023-06,-60
PW,Palau,WPRO,2023-07,2625
PW,Palau,WPRO,2023-08,-31.19266055045872
PW,Palau,WPRO,2023-09,-45.33333333333333
PW,Palau,WPRO,2023-10,-80.48780487804879
PW,Palau,WPRO,2023-11,-62.5
PW,Palau,WPRO,2023-12,433.3333333333333
PW,Palau,WPRO,2024-01,-100
PW,Palau,WPRO,2024-02,NA
PW,Palau,WPRO,2024-03,Inf
PW,Palau,WPRO,2024-04,68
PW,Palau,WPRO,2024-05,-19.047619047619047
PW,Palau,WPRO,2024-06,-82.35294117647058
PW,Palau,WPRO,2024-07,-100
PW,Palau,WPRO,2024-08,NA
PW,Palau,WPRO,2024-09,NA
PW,Palau,WPRO,2024-10,NA
PW,Palau,WPRO,2024-11,NA
PW,Palau,WPRO,2024-12,NA
PW,Palau,WPRO,2025-01,NA
PW,Palau,WPRO,2025-02,NA
PW,Palau,WPRO,2025-03,NA
PW,Palau,WPRO,2025-04,NA
PW,Palau,WPRO,2025-05,NA
PY,Paraguay,AMRO,2020-01,NA
PY,Paraguay,AMRO,2020-02,NA
PY,Paraguay,AMRO,2020-03,Inf
PY,Paraguay,AMRO,2020-04,198.21428571428572
PY,Paraguay,AMRO,2020-05,343.7125748502994
PY,Paraguay,AMRO,2020-06,0.8097165991902834
PY,Paraguay,AMRO,2020-07,236.41231593038825
PY,Paraguay,AMRO,2020-08,363.5893354556307
PY,Paraguay,AMRO,2020-09,83.27896995708156
PY,Paraguay,AMRO,2020-10,-1.494005245410266
PY,Paraguay,AMRO,2020-11,5.439071934578995
PY,Paraguay,AMRO,2020-12,5.749199621229201
PY,Paraguay,AMRO,2021-01,19.384274262323043
PY,Paraguay,AMRO,2021-02,-8.147010500750053
PY,Paraguay,AMRO,2021-03,83.15122292646888
PY,Paraguay,AMRO,2021-04,24.052567886032143
PY,Paraguay,AMRO,2021-05,45.55878829368475
PY,Paraguay,AMRO,2021-06,-21.062904174015284
PY,Paraguay,AMRO,2021-07,-50.56601525262154
PY,Paraguay,AMRO,2021-08,-70.709292515367
PY,Paraguay,AMRO,2021-09,-84.05513836025101
PY,Paraguay,AMRO,2021-10,-22.903225806451612
PY,Paraguay,AMRO,2021-11,36.48535564853557
PY,Paraguay,AMRO,2021-12,54.81299816063765
PY,Paraguay,AMRO,2022-01,3869.821782178218
PY,Paraguay,AMRO,2022-02,-25.731758414972365
PY,Paraguay,AMRO,2022-03,-89.32231849016053
PY,Paraguay,AMRO,2022-04,-83.99798716819726
PY,Paraguay,AMRO,2022-05,27.908805031446544
PY,Paraguay,AMRO,2022-06,199.3853718500307
PY,Paraguay,AMRO,2022-07,958.8585506056252
PY,Paraguay,AMRO,2022-08,-84.3864513252031
PY,Paraguay,AMRO,2022-09,-88.8612939277288
PY,Paraguay,AMRO,2022-10,111.37123745819396
PY,Paraguay,AMRO,2022-11,-88.97679324894516
PY,Paraguay,AMRO,2022-12,1779.9043062200958
PY,Paraguay,AMRO,2023-01,200.68719776024432
PY,Paraguay,AMRO,2023-02,-85.1278144574234
PY,Paraguay,AMRO,2023-03,-94.5930563460444
PY,Paraguay,AMRO,2023-04,-100
PY,Paraguay,AMRO,2023-05,NA
PY,Paraguay,AMRO,2023-06,NA
PY,Paraguay,AMRO,2023-07,NA
PY,Paraguay,AMRO,2023-08,NA
PY,Paraguay,AMRO,2023-09,NA
PY,Paraguay,AMRO,2023-10,NA
PY,Paraguay,AMRO,2023-11,NA
PY,Paraguay,AMRO,2023-12,NA
PY,Paraguay,AMRO,2024-01,NA
PY,Paraguay,AMRO,2024-02,NA
PY,Paraguay,AMRO,2024-03,NA
PY,Paraguay,AMRO,2024-04,NA
PY,Paraguay,AMRO,2024-05,NA
PY,Paraguay,AMRO,2024-06,NA
PY,Paraguay,AMRO,2024-07,NA
PY,Paraguay,AMRO,2024-08,NA
PY,Paraguay,AMRO,2024-09,NA
PY,Paraguay,AMRO,2024-10,NA
PY,Paraguay,AMRO,2024-11,NA
PY,Paraguay,AMRO,2024-12,NA
PY,Paraguay,AMRO,2025-01,NA
PY,Paraguay,AMRO,2025-02,NA
PY,Paraguay,AMRO,2025-03,NA
PY,Paraguay,AMRO,2025-04,NA
PY,Paraguay,AMRO,2025-05,NA
QA,Qatar,EMRO,2020-01,NA
QA,Qatar,EMRO,2020-02,NA
QA,Qatar,EMRO,2020-03,Inf
QA,Qatar,EMRO,2020-04,1386.1016949152545
QA,Qatar,EMRO,2020-05,423.54014598540147
QA,Qatar,EMRO,2020-06,-16.344980829557336
QA,Qatar,EMRO,2020-07,-59.96718835446993
QA,Qatar,EMRO,2020-08,-39.04247707018799
QA,Qatar,EMRO,2020-09,-31.245331341372317
QA,Qatar,EMRO,2020-10,-5.09079621294428
QA,Qatar,EMRO,2020-11,22.845461978740804
QA,Qatar,EMRO,2020-12,-41.08093716719915
QA,Qatar,EMRO,2021-01,82.58020786262992
QA,Qatar,EMRO,2021-02,51.13228560821681
QA,Qatar,EMRO,2021-03,14.124293785310735
QA,Qatar,EMRO,2021-04,74.78117376955086
QA,Qatar,EMRO,2021-05,-36.188990599729074
QA,Qatar,EMRO,2021-06,-70.73657124477324
QA,Qatar,EMRO,2021-07,-23.455704550450648
QA,Qatar,EMRO,2021-08,104.3365881677197
QA,Qatar,EMRO,2021-09,-43.16233309908644
QA,Qatar,EMRO,2021-10,-27.992087042532148
QA,Qatar,EMRO,2021-11,31.73076923076923
QA,Qatar,EMRO,2021-12,25.57351407716371
QA,Qatar,EMRO,2022-01,1732.7797384264063
QA,Qatar,EMRO,2022-02,-77.02667497309848
QA,Qatar,EMRO,2022-03,-78.59678532689084
QA,Qatar,EMRO,2022-04,-22.02257544344621
QA,Qatar,EMRO,2022-05,18.10930576070901
QA,Qatar,EMRO,2022-06,179.88994497248626
QA,Qatar,EMRO,2022-07,154.4414655942806
QA,Qatar,EMRO,2022-08,-32.38269176735038
QA,Qatar,EMRO,2022-09,0.12466237274049448
QA,Qatar,EMRO,2022-10,14.261257522307533
QA,Qatar,EMRO,2022-11,-58.601589103291715
QA,Qatar,EMRO,2022-12,15.891642904145645
QA,Qatar,EMRO,2023-01,-59.61957036055645
QA,Qatar,EMRO,2023-02,-65.54956644012186
QA,Qatar,EMRO,2023-03,184.89795918367344
QA,Qatar,EMRO,2023-04,141.0458452722063
QA,Qatar,EMRO,2023-05,-49.40069341258049
QA,Qatar,EMRO,2023-06,-72.41581832419733
QA,Qatar,EMRO,2023-07,-100
QA,Qatar,EMRO,2023-08,NA
QA,Qatar,EMRO,2023-09,NA
QA,Qatar,EMRO,2023-10,NA
QA,Qatar,EMRO,2023-11,NA
QA,Qatar,EMRO,2023-12,NA
QA,Qatar,EMRO,2024-01,NA
QA,Qatar,EMRO,2024-02,NA
QA,Qatar,EMRO,2024-03,NA
QA,Qatar,EMRO,2024-04,NA
QA,Qatar,EMRO,2024-05,NA
QA,Qatar,EMRO,2024-06,NA
QA,Qatar,EMRO,2024-07,NA
QA,Qatar,EMRO,2024-08,NA
QA,Qatar,EMRO,2024-09,NA
QA,Qatar,EMRO,2024-10,NA
QA,Qatar,EMRO,2024-11,NA
QA,Qatar,EMRO,2024-12,NA
QA,Qatar,EMRO,2025-01,NA
QA,Qatar,EMRO,2025-02,NA
QA,Qatar,EMRO,2025-03,NA
QA,Qatar,EMRO,2025-04,NA
QA,Qatar,EMRO,2025-05,NA
RE,R�union,NA,2020-01,NA
RE,R�union,NA,2020-02,NA
RE,R�union,NA,2020-03,Inf
RE,R�union,NA,2020-04,87.41258741258741
RE,R�union,NA,2020-05,-77.61194029850746
RE,R�union,NA,2020-06,-18.333333333333332
RE,R�union,NA,2020-07,179.59183673469389
RE,R�union,NA,2020-08,556.9343065693431
RE,R�union,NA,2020-09,136.44444444444443
RE,R�union,NA,2020-10,-31.20300751879699
RE,R�union,NA,2020-11,90.64207650273224
RE,R�union,NA,2020-12,-65.28126119670368
RE,R�union,NA,2021-01,12.17750257997936
RE,R�union,NA,2021-02,122.63109475620976
RE,R�union,NA,2021-03,29.958677685950413
RE,R�union,NA,2021-04,20.254372019077906
RE,R�union,NA,2021-05,46.95928080380751
RE,R�union,NA,2021-06,-17.218423893486865
RE,R�union,NA,2021-07,11.128015648772006
RE,R�union,NA,2021-08,175.14179542343047
RE,R�union,NA,2021-09,-67.60022746659085
RE,R�union,NA,2021-10,-68.69240895129442
RE,R�union,NA,2021-11,206.937631394534
RE,R�union,NA,2021-12,191.02739726027397
RE,R�union,NA,2022-01,753.0320859810151
RE,R�union,NA,2022-02,2.629304002354326
RE,R�union,NA,2022-03,-68.58013351852682
RE,R�union,NA,2022-04,34.3467472834612
RE,R�union,NA,2022-05,-14.405808177302251
RE,R�union,NA,2022-06,-83.49702380952381
RE,R�union,NA,2022-07,168.86083558761646
RE,R�union,NA,2022-08,18.59698155394075
RE,R�union,NA,2022-09,-26.60602347174435
RE,R�union,NA,2022-10,-87.08579501669664
RE,R�union,NA,2022-11,17.55345599204376
RE,R�union,NA,2022-12,168.02030456852793
RE,R�union,NA,2023-01,14.31502525252525
RE,R�union,NA,2023-02,-90.43214137788208
RE,R�union,NA,2023-03,-100
RE,R�union,NA,2023-04,NA
RE,R�union,NA,2023-05,NA
RE,R�union,NA,2023-06,NA
RE,R�union,NA,2023-07,NA
RE,R�union,NA,2023-08,NA
RE,R�union,NA,2023-09,NA
RE,R�union,NA,2023-10,NA
RE,R�union,NA,2023-11,NA
RE,R�union,NA,2023-12,NA
RE,R�union,NA,2024-01,NA
RE,R�union,NA,2024-02,NA
RE,R�union,NA,2024-03,NA
RE,R�union,NA,2024-04,NA
RE,R�union,NA,2024-05,NA
RE,R�union,NA,2024-06,NA
RE,R�union,NA,2024-07,NA
RE,R�union,NA,2024-08,NA
RE,R�union,NA,2024-09,NA
RE,R�union,NA,2024-10,NA
RE,R�union,NA,2024-11,NA
RE,R�union,NA,2024-12,NA
RE,R�union,NA,2025-01,NA
RE,R�union,NA,2025-02,NA
RE,R�union,NA,2025-03,NA
RE,R�union,NA,2025-04,NA
RE,R�union,NA,2025-05,NA
RO,Romania,EURO,2020-01,NA
RO,Romania,EURO,2020-02,NA
RO,Romania,EURO,2020-03,Inf
RO,Romania,EURO,2020-04,532.4380165289257
RO,Romania,EURO,2020-05,-7.459435914189262
RO,Romania,EURO,2020-06,-18.933866792186397
RO,Romania,EURO,2020-07,156.29264044128325
RO,Romania,EURO,2020-08,138.75736293611237
RO,Romania,EURO,2020-09,-16.019452022298662
RO,Romania,EURO,2020-10,138.85091237783175
RO,Romania,EURO,2020-11,207.70477068994063
RO,Romania,EURO,2020-12,-43.20359431028983
RO,Romania,EURO,2021-01,-23.42703244055272
RO,Romania,EURO,2021-02,-36.15475706534227
RO,Romania,EURO,2021-03,84.11399939096974
RO,Romania,EURO,2021-04,-15.390745404653613
RO,Romania,EURO,2021-05,-70.9408848173587
RO,Romania,EURO,2021-06,-90.34368884540118
RO,Romania,EURO,2021-07,-49.3666877770741
RO,Romania,EURO,2021-08,756.910569105691
RO,Romania,EURO,2021-09,570.6174281126843
RO,Romania,EURO,2021-10,392.81081316385166
RO,Romania,EURO,2021-11,-70.19548002137648
RO,Romania,EURO,2021-12,-80.12521764902012
RO,Romania,EURO,2022-01,1295.5040262451537
RO,Romania,EURO,2022-02,46.32917479229557
RO,Romania,EURO,2022-03,-79.12037155365364
RO,Romania,EURO,2022-04,-57.17808147312646
RO,Romania,EURO,2022-05,-58.16436957631444
RO,Romania,EURO,2022-06,-64.98609009712528
RO,Romania,EURO,2022-07,1908.3774742124335
RO,Romania,EURO,2022-08,3.6465599211554607
RO,Romania,EURO,2022-09,-64.70284929855693
RO,Romania,EURO,2022-10,-53.38544136897422
RO,Romania,EURO,2022-11,-66.37499491270196
RO,Romania,EURO,2022-12,28.31033648027112
RO,Romania,EURO,2023-01,88.26525799452882
RO,Romania,EURO,2023-02,-23.158633129572102
RO,Romania,EURO,2023-03,79.83176838810641
RO,Romania,EURO,2023-04,-5.794263751405055
RO,Romania,EURO,2023-05,-60.37488934221161
RO,Romania,EURO,2023-06,-68.06216610004857
RO,Romania,EURO,2023-07,-23.600973236009732
RO,Romania,EURO,2023-08,185.828025477707
RO,Romania,EURO,2023-09,429.66573816155994
RO,Romania,EURO,2023-10,10.489087562450695
RO,Romania,EURO,2023-11,-84.29281991480045
RO,Romania,EURO,2023-12,32.83333333333333
RO,Romania,EURO,2024-01,-8.189802669100034
RO,Romania,EURO,2024-02,-35.85538576220649
RO,Romania,EURO,2024-03,-59.945767964361806
RO,Romania,EURO,2024-04,-65.76402321083172
RO,Romania,EURO,2024-05,-39.26553672316384
RO,Romania,EURO,2024-06,224.18604651162792
RO,Romania,EURO,2024-07,372.0946915351506
RO,Romania,EURO,2024-08,189.5760522716912
RO,Romania,EURO,2024-09,-49.23650102324605
RO,Romania,EURO,2024-10,-90.93446351044037
RO,Romania,EURO,2024-11,-56.442417331813
RO,Romania,EURO,2024-12,82.72251308900523
RO,Romania,EURO,2025-01,-43.553008595988544
RO,Romania,EURO,2025-02,-10.913705583756345
RO,Romania,EURO,2025-03,4.273504273504273
RO,Romania,EURO,2025-04,-44.26229508196721
RO,Romania,EURO,2025-05,-55.88235294117647
RS,Serbia,EURO,2020-01,NA
RS,Serbia,EURO,2020-02,NA
RS,Serbia,EURO,2020-03,Inf
RS,Serbia,EURO,2020-04,980.4248861911988
RS,Serbia,EURO,2020-05,-49.41011235955056
RS,Serbia,EURO,2020-06,-33.064963908939475
RS,Serbia,EURO,2020-07,292.82455412691826
RS,Serbia,EURO,2020-08,-15.33101045296167
RS,Serbia,EURO,2020-09,-74.68512283327098
RS,Serbia,EURO,2020-10,173.89162561576356
RS,Serbia,EURO,2020-11,2133.1474820143885
RS,Serbia,EURO,2020-12,29.130256195484964
RS,Serbia,EURO,2021-01,-56.01002918943193
RS,Serbia,EURO,2021-02,-11.310080816673755
RS,Serbia,EURO,2021-03,100.09751730532508
RS,Serbia,EURO,2021-04,-23.018846820647617
RS,Serbia,EURO,2021-05,-64.63701935550827
RS,Serbia,EURO,2021-06,-87.69736455948818
RS,Serbia,EURO,2021-07,-12.333015267175572
RS,Serbia,EURO,2021-08,879.1020408163265
RS,Serbia,EURO,2021-09,316.2692457339781
RS,Serbia,EURO,2021-10,54.98724813395468
RS,Serbia,EURO,2021-11,-52.22815247498309
RS,Serbia,EURO,2021-12,-63.2332122020938
RS,Serbia,EURO,2022-01,782.4250748025703
RS,Serbia,EURO,2022-02,-28.613396331295167
RS,Serbia,EURO,2022-03,-76.00574656704913
RS,Serbia,EURO,2022-04,-45.84854532768664
RS,Serbia,EURO,2022-05,-53.10880052737242
RS,Serbia,EURO,2022-06,-43.86861780305451
RS,Serbia,EURO,2022-07,959.8360655737704
RS,Serbia,EURO,2022-08,61.92747271633583
RS,Serbia,EURO,2022-09,-48.20163451588081
RS,Serbia,EURO,2022-10,-29.246334123071012
RS,Serbia,EURO,2022-11,-66.47842455835506
RS,Serbia,EURO,2022-12,-0.34557235421166305
RS,Serbia,EURO,2023-01,58.98352839185089
RS,Serbia,EURO,2023-02,-27.547542771453887
RS,Serbia,EURO,2023-03,9.864057575615034
RS,Serbia,EURO,2023-04,-11.530227778729236
RS,Serbia,EURO,2023-05,-66.61665779412476
RS,Serbia,EURO,2023-06,-64.16352565961148
RS,Serbia,EURO,2023-07,-58.69741100323624
RS,Serbia,EURO,2023-08,-15.279138099902056
RS,Serbia,EURO,2023-09,335.7225433526012
RS,Serbia,EURO,2023-10,393.1546829397718
RS,Serbia,EURO,2023-11,-100
RS,Serbia,EURO,2023-12,NA
RS,Serbia,EURO,2024-01,NA
RS,Serbia,EURO,2024-02,NA
RS,Serbia,EURO,2024-03,NA
RS,Serbia,EURO,2024-04,NA
RS,Serbia,EURO,2024-05,NA
RS,Serbia,EURO,2024-06,NA
RS,Serbia,EURO,2024-07,NA
RS,Serbia,EURO,2024-08,NA
RS,Serbia,EURO,2024-09,NA
RS,Serbia,EURO,2024-10,NA
RS,Serbia,EURO,2024-11,NA
RS,Serbia,EURO,2024-12,NA
RS,Serbia,EURO,2025-01,Inf
RS,Serbia,EURO,2025-02,-50
RS,Serbia,EURO,2025-03,-100
RS,Serbia,EURO,2025-04,NA
RS,Serbia,EURO,2025-05,NA
RU,Russian Federation,EURO,2020-01,NA
RU,Russian Federation,EURO,2020-02,Inf
RU,Russian Federation,EURO,2020-03,76500
RU,Russian Federation,EURO,2020-04,5083.746736292428
RU,Russian Federation,EURO,2020-05,309.10911036957754
RU,Russian Federation,EURO,2020-06,-29.64043657315925
RU,Russian Federation,EURO,2020-07,-22.11169147046729
RU,Russian Federation,EURO,2020-08,-0.11626078360891444
RU,Russian Federation,EURO,2020-09,-9.406717236182882
RU,Russian Federation,EURO,2020-10,124.96089676746612
RU,Russian Federation,EURO,2020-11,108.4320395983876
RU,Russian Federation,EURO,2020-12,3.374594110179644
RU,Russian Federation,EURO,2021-01,2.4661558240666284
RU,Russian Federation,EURO,2021-02,-50.55680456291061
RU,Russian Federation,EURO,2021-03,-30.807552320291176
RU,Russian Federation,EURO,2021-04,-11.329921498577184
RU,Russian Federation,EURO,2021-05,23.950201246616707
RU,Russian Federation,EURO,2021-06,28.907878074802323
RU,Russian Federation,EURO,2021-07,74.10126105778279
RU,Russian Federation,EURO,2021-08,12.000888559792669
RU,Russian Federation,EURO,2021-09,-28.851519134295756
RU,Russian Federation,EURO,2021-10,103.10452232542752
RU,Russian Federation,EURO,2021-11,-3.3209592662303256
RU,Russian Federation,EURO,2021-12,-22.23545145057227
RU,Russian Federation,EURO,2022-01,63.69401945117551
RU,Russian Federation,EURO,2022-02,238.5987373855658
RU,Russian Federation,EURO,2022-03,-67.6857536787108
RU,Russian Federation,EURO,2022-04,-74.55909313915356
RU,Russian Federation,EURO,2022-05,-50.07972862885455
RU,Russian Federation,EURO,2022-06,-49.253340039272544
RU,Russian Federation,EURO,2022-07,92.77558121145026
RU,Russian Federation,EURO,2022-08,339.8451087848259
RU,Russian Federation,EURO,2022-09,72.46842840871221
RU,Russian Federation,EURO,2022-10,-54.52019397288244
RU,Russian Federation,EURO,2022-11,-76.05611251672468
RU,Russian Federation,EURO,2022-12,25.482822317414705
RU,Russian Federation,EURO,2023-01,-8.124920856021275
RU,Russian Federation,EURO,2023-02,80.73726949560384
RU,Russian Federation,EURO,2023-03,5.832877896262026
RU,Russian Federation,EURO,2023-04,-20.438162204681856
RU,Russian Federation,EURO,2023-05,-74.84367865539116
RU,Russian Federation,EURO,2023-06,-46.69386775471019
RU,Russian Federation,EURO,2023-07,-41.242683475911754
RU,Russian Federation,EURO,2023-08,-41.38409961685824
RU,Russian Federation,EURO,2023-09,132.38009641310563
RU,Russian Federation,EURO,2023-10,194.52199289757743
RU,Russian Federation,EURO,2023-11,151.6958156748045
RU,Russian Federation,EURO,2023-12,107.26594034140766
RU,Russian Federation,EURO,2024-01,-76.38294220625423
RU,Russian Federation,EURO,2024-02,4.678158580661415
RU,Russian Federation,EURO,2024-03,11.534652090603622
RU,Russian Federation,EURO,2024-04,-42.47667894963981
RU,Russian Federation,EURO,2024-05,-34.120125232647055
RU,Russian Federation,EURO,2024-06,-1.6118435460558012
RU,Russian Federation,EURO,2024-07,-49.3077505230824
RU,Russian Federation,EURO,2024-08,113.46711161851232
RU,Russian Federation,EURO,2024-09,209.05276149336623
RU,Russian Federation,EURO,2024-10,-24.767381494349262
RU,Russian Federation,EURO,2024-11,-11.053311393032184
RU,Russian Federation,EURO,2024-12,47.64272926198528
RU,Russian Federation,EURO,2025-01,-74.48935596874158
RU,Russian Federation,EURO,2025-02,-26.17777543044259
RU,Russian Federation,EURO,2025-03,-50.57055982829547
RU,Russian Federation,EURO,2025-04,-100
RU,Russian Federation,EURO,2025-05,NA
RW,Rwanda,AFRO,2020-01,NA
RW,Rwanda,AFRO,2020-02,NA
RW,Rwanda,AFRO,2020-03,Inf
RW,Rwanda,AFRO,2020-04,115.51724137931036
RW,Rwanda,AFRO,2020-05,40.8
RW,Rwanda,AFRO,2020-06,194.88636363636363
RW,Rwanda,AFRO,2020-07,68.40077071290945
RW,Rwanda,AFRO,2020-08,139.24485125858124
RW,Rwanda,AFRO,2020-09,-53.7063605930177
RW,Rwanda,AFRO,2020-10,-74.27685950413223
RW,Rwanda,AFRO,2020-11,233.73493975903617
RW,Rwanda,AFRO,2020-12,131.76895306859203
RW,Rwanda,AFRO,2021-01,279.07580477673935
RW,Rwanda,AFRO,2021-02,-49.705519791809344
RW,Rwanda,AFRO,2021-03,-29.73856209150327
RW,Rwanda,AFRO,2021-04,22.67441860465116
RW,Rwanda,AFRO,2021-05,-29.067930489731435
RW,Rwanda,AFRO,2021-06,266.9487750556793
RW,Rwanda,AFRO,2021-07,259.20126244234035
RW,Rwanda,AFRO,2021-08,-26.893312155723027
RW,Rwanda,AFRO,2021-09,-51.5323810844543
RW,Rwanda,AFRO,2021-10,-71.82641869337148
RW,Rwanda,AFRO,2021-11,-78.19905213270142
RW,Rwanda,AFRO,2021-12,550.1552795031056
RW,Rwanda,AFRO,2022-01,480.128970623358
RW,Rwanda,AFRO,2022-02,-97.18814326883492
RW,Rwanda,AFRO,2022-03,-67.34992679355784
RW,Rwanda,AFRO,2022-04,-65.47085201793722
RW,Rwanda,AFRO,2022-05,237.66233766233765
RW,Rwanda,AFRO,2022-06,200
RW,Rwanda,AFRO,2022-07,84.87179487179488
RW,Rwanda,AFRO,2022-08,-89.73647711511789
RW,Rwanda,AFRO,2022-09,-50.67567567567568
RW,Rwanda,AFRO,2022-10,-6.8493150684931505
RW,Rwanda,AFRO,2022-11,83.82352941176471
RW,Rwanda,AFRO,2022-12,91.2
RW,Rwanda,AFRO,2023-01,-28.870292887029287
RW,Rwanda,AFRO,2023-02,-44.70588235294118
RW,Rwanda,AFRO,2023-03,-89.36170212765957
RW,Rwanda,AFRO,2023-04,-100
RW,Rwanda,AFRO,2023-05,NA
RW,Rwanda,AFRO,2023-06,NA
RW,Rwanda,AFRO,2023-07,NA
RW,Rwanda,AFRO,2023-08,NA
RW,Rwanda,AFRO,2023-09,NA
RW,Rwanda,AFRO,2023-10,NA
RW,Rwanda,AFRO,2023-11,Inf
RW,Rwanda,AFRO,2023-12,-100
RW,Rwanda,AFRO,2024-01,Inf
RW,Rwanda,AFRO,2024-02,-100
RW,Rwanda,AFRO,2024-03,Inf
RW,Rwanda,AFRO,2024-04,25
RW,Rwanda,AFRO,2024-05,13.333333333333334
RW,Rwanda,AFRO,2024-06,-100
RW,Rwanda,AFRO,2024-07,Inf
RW,Rwanda,AFRO,2024-08,-33.33333333333333
RW,Rwanda,AFRO,2024-09,-100
RW,Rwanda,AFRO,2024-10,NA
RW,Rwanda,AFRO,2024-11,NA
RW,Rwanda,AFRO,2024-12,NA
RW,Rwanda,AFRO,2025-01,Inf
RW,Rwanda,AFRO,2025-02,-100
RW,Rwanda,AFRO,2025-03,NA
RW,Rwanda,AFRO,2025-04,NA
RW,Rwanda,AFRO,2025-05,NA
SA,Saudi Arabia,EMRO,2020-01,NA
SA,Saudi Arabia,EMRO,2020-02,NA
SA,Saudi Arabia,EMRO,2020-03,Inf
SA,Saudi Arabia,EMRO,2020-04,1154.862842892768
SA,Saudi Arabia,EMRO,2020-05,344.38924218335984
SA,Saudi Arabia,EMRO,2020-06,41.79026608034583
SA,Saudi Arabia,EMRO,2020-07,-9.094827586206897
SA,Saudi Arabia,EMRO,2020-08,-43.403994495136985
SA,Saudi Arabia,EMRO,2020-09,-61.422616371735664
SA,Saudi Arabia,EMRO,2020-10,-37.69797129085227
SA,Saudi Arabia,EMRO,2020-11,5.0756674035028055
SA,Saudi Arabia,EMRO,2020-12,-58.28950562343231
SA,Saudi Arabia,EMRO,2021-01,11.48399612027158
SA,Saudi Arabia,EMRO,2021-02,60.918740212284675
SA,Saudi Arabia,EMRO,2021-03,16.057525951557096
SA,Saudi Arabia,EMRO,2021-04,118.66207025062889
SA,Saudi Arabia,EMRO,2021-05,57.744258383399384
SA,Saudi Arabia,EMRO,2021-06,-8.91926204046352
SA,Saudi Arabia,EMRO,2021-07,3.638897950710282
SA,Saudi Arabia,EMRO,2021-08,-23.175756882046585
SA,Saudi Arabia,EMRO,2021-09,-88.50523335940701
SA,Saudi Arabia,EMRO,2021-10,-45.268956578094624
SA,Saudi Arabia,EMRO,2021-11,-34.87270574304322
SA,Saudi Arabia,EMRO,2021-12,148.63636363636363
SA,Saudi Arabia,EMRO,2022-01,4542.705667276052
SA,Saudi Arabia,EMRO,2022-02,-49.31562947912237
SA,Saudi Arabia,EMRO,2022-03,-89.87538456757513
SA,Saudi Arabia,EMRO,2022-04,-52.82381829343156
SA,Saudi Arabia,EMRO,2022-05,318.4775536759922
SA,Saudi Arabia,EMRO,2022-06,92.48289800995023
SA,Saudi Arabia,EMRO,2022-07,-25.318040466863213
SA,Saudi Arabia,EMRO,2022-08,-80.21847285312568
SA,Saudi Arabia,EMRO,2022-09,-27.93876435210498
SA,Saudi Arabia,EMRO,2022-10,134.9772382397572
SA,Saudi Arabia,EMRO,2022-11,-44.05876654827252
SA,Saudi Arabia,EMRO,2022-12,-60.63492063492063
SA,Saudi Arabia,EMRO,2023-01,-22.14076246334311
SA,Saudi Arabia,EMRO,2023-02,31.826741996233523
SA,Saudi Arabia,EMRO,2023-03,128.64285714285714
SA,Saudi Arabia,EMRO,2023-04,152.9209621993127
SA,Saudi Arabia,EMRO,2023-05,-88.3399209486166
SA,Saudi Arabia,EMRO,2023-06,-100
SA,Saudi Arabia,EMRO,2023-07,NA
SA,Saudi Arabia,EMRO,2023-08,NA
SA,Saudi Arabia,EMRO,2023-09,NA
SA,Saudi Arabia,EMRO,2023-10,NA
SA,Saudi Arabia,EMRO,2023-11,NA
SA,Saudi Arabia,EMRO,2023-12,NA
SA,Saudi Arabia,EMRO,2024-01,NA
SA,Saudi Arabia,EMRO,2024-02,NA
SA,Saudi Arabia,EMRO,2024-03,NA
SA,Saudi Arabia,EMRO,2024-04,NA
SA,Saudi Arabia,EMRO,2024-05,NA
SA,Saudi Arabia,EMRO,2024-06,NA
SA,Saudi Arabia,EMRO,2024-07,NA
SA,Saudi Arabia,EMRO,2024-08,NA
SA,Saudi Arabia,EMRO,2024-09,NA
SA,Saudi Arabia,EMRO,2024-10,NA
SA,Saudi Arabia,EMRO,2024-11,NA
SA,Saudi Arabia,EMRO,2024-12,NA
SA,Saudi Arabia,EMRO,2025-01,NA
SA,Saudi Arabia,EMRO,2025-02,NA
SA,Saudi Arabia,EMRO,2025-03,NA
SA,Saudi Arabia,EMRO,2025-04,NA
SA,Saudi Arabia,EMRO,2025-05,NA
SB,Solomon Islands,WPRO,2020-01,NA
SB,Solomon Islands,WPRO,2020-02,NA
SB,Solomon Islands,WPRO,2020-03,NA
SB,Solomon Islands,WPRO,2020-04,NA
SB,Solomon Islands,WPRO,2020-05,NA
SB,Solomon Islands,WPRO,2020-06,NA
SB,Solomon Islands,WPRO,2020-07,NA
SB,Solomon Islands,WPRO,2020-08,NA
SB,Solomon Islands,WPRO,2020-09,NA
SB,Solomon Islands,WPRO,2020-10,Inf
SB,Solomon Islands,WPRO,2020-11,225
SB,Solomon Islands,WPRO,2020-12,-100
SB,Solomon Islands,WPRO,2021-01,NA
SB,Solomon Islands,WPRO,2021-02,Inf
SB,Solomon Islands,WPRO,2021-03,0
SB,Solomon Islands,WPRO,2021-04,0
SB,Solomon Islands,WPRO,2021-05,-100
SB,Solomon Islands,WPRO,2021-06,NA
SB,Solomon Islands,WPRO,2021-07,NA
SB,Solomon Islands,WPRO,2021-08,NA
SB,Solomon Islands,WPRO,2021-09,NA
SB,Solomon Islands,WPRO,2021-10,NA
SB,Solomon Islands,WPRO,2021-11,NA
SB,Solomon Islands,WPRO,2021-12,Inf
SB,Solomon Islands,WPRO,2022-01,57950
SB,Solomon Islands,WPRO,2022-02,395.6072351421189
SB,Solomon Islands,WPRO,2022-03,-33.2464372610358
SB,Solomon Islands,WPRO,2022-04,-11.377245508982035
SB,Solomon Islands,WPRO,2022-05,17.2737955346651
SB,Solomon Islands,WPRO,2022-06,-15.581162324649297
SB,Solomon Islands,WPRO,2022-07,-100
SB,Solomon Islands,WPRO,2022-08,NA
SB,Solomon Islands,WPRO,2022-09,NA
SB,Solomon Islands,WPRO,2022-10,NA
SB,Solomon Islands,WPRO,2022-11,Inf
SB,Solomon Islands,WPRO,2022-12,-100
SB,Solomon Islands,WPRO,2023-01,NA
SB,Solomon Islands,WPRO,2023-02,NA
SB,Solomon Islands,WPRO,2023-03,NA
SB,Solomon Islands,WPRO,2023-04,NA
SB,Solomon Islands,WPRO,2023-05,NA
SB,Solomon Islands,WPRO,2023-06,NA
SB,Solomon Islands,WPRO,2023-07,NA
SB,Solomon Islands,WPRO,2023-08,NA
SB,Solomon Islands,WPRO,2023-09,NA
SB,Solomon Islands,WPRO,2023-10,Inf
SB,Solomon Islands,WPRO,2023-11,-100
SB,Solomon Islands,WPRO,2023-12,NA
SB,Solomon Islands,WPRO,2024-01,NA
SB,Solomon Islands,WPRO,2024-02,NA
SB,Solomon Islands,WPRO,2024-03,NA
SB,Solomon Islands,WPRO,2024-04,NA
SB,Solomon Islands,WPRO,2024-05,NA
SB,Solomon Islands,WPRO,2024-06,NA
SB,Solomon Islands,WPRO,2024-07,NA
SB,Solomon Islands,WPRO,2024-08,NA
SB,Solomon Islands,WPRO,2024-09,NA
SB,Solomon Islands,WPRO,2024-10,NA
SB,Solomon Islands,WPRO,2024-11,NA
SB,Solomon Islands,WPRO,2024-12,NA
SB,Solomon Islands,WPRO,2025-01,NA
SB,Solomon Islands,WPRO,2025-02,NA
SB,Solomon Islands,WPRO,2025-03,NA
SB,Solomon Islands,WPRO,2025-04,NA
SB,Solomon Islands,WPRO,2025-05,NA
SC,Seychelles,AFRO,2020-01,NA
SC,Seychelles,AFRO,2020-02,NA
SC,Seychelles,AFRO,2020-03,Inf
SC,Seychelles,AFRO,2020-04,-62.5
SC,Seychelles,AFRO,2020-05,-100
SC,Seychelles,AFRO,2020-06,Inf
SC,Seychelles,AFRO,2020-07,-51.42857142857142
SC,Seychelles,AFRO,2020-08,-41.17647058823529
SC,Seychelles,AFRO,2020-09,-70
SC,Seychelles,AFRO,2020-10,116.66666666666669
SC,Seychelles,AFRO,2020-11,38.46153846153847
SC,Seychelles,AFRO,2020-12,116.66666666666669
SC,Seychelles,AFRO,2021-01,2497.4358974358975
SC,Seychelles,AFRO,2021-02,37.61105626850938
SC,Seychelles,AFRO,2021-03,3.012912482065997
SC,Seychelles,AFRO,2021-04,-33.00835654596101
SC,Seychelles,AFRO,2021-05,565.1767151767152
SC,Seychelles,AFRO,2021-06,-37.30270354742928
SC,Seychelles,AFRO,2021-07,-34.4715852442672
SC,Seychelles,AFRO,2021-08,-26.359832635983267
SC,Seychelles,AFRO,2021-09,-27.066115702479337
SC,Seychelles,AFRO,2021-10,-38.10198300283286
SC,Seychelles,AFRO,2021-11,22.54004576659039
SC,Seychelles,AFRO,2021-12,-3.6414565826330536
SC,Seychelles,AFRO,2022-01,1125
SC,Seychelles,AFRO,2022-02,-81.656383483626
SC,Seychelles,AFRO,2022-03,-66.32169038378612
SC,Seychelles,AFRO,2022-04,175.67221510883482
SC,Seychelles,AFRO,2022-05,-19.693450998606597
SC,Seychelles,AFRO,2022-06,-61.59629843840371
SC,Seychelles,AFRO,2022-07,14.457831325301203
SC,Seychelles,AFRO,2022-08,-44.34210526315789
SC,Seychelles,AFRO,2022-09,19.62174940898345
SC,Seychelles,AFRO,2022-10,497.2332015810276
SC,Seychelles,AFRO,2022-11,-77.23362011912641
SC,Seychelles,AFRO,2022-12,-58.28488372093024
SC,Seychelles,AFRO,2023-01,8.013937282229964
SC,Seychelles,AFRO,2023-02,-100
SC,Seychelles,AFRO,2023-03,Inf
SC,Seychelles,AFRO,2023-04,-100
SC,Seychelles,AFRO,2023-05,NA
SC,Seychelles,AFRO,2023-06,NA
SC,Seychelles,AFRO,2023-07,NA
SC,Seychelles,AFRO,2023-08,NA
SC,Seychelles,AFRO,2023-09,NA
SC,Seychelles,AFRO,2023-10,Inf
SC,Seychelles,AFRO,2023-11,305
SC,Seychelles,AFRO,2023-12,-50
SC,Seychelles,AFRO,2024-01,343.2098765432099
SC,Seychelles,AFRO,2024-02,-79.66573816155989
SC,Seychelles,AFRO,2024-03,-72.6027397260274
SC,Seychelles,AFRO,2024-04,-30
SC,Seychelles,AFRO,2024-05,21.428571428571427
SC,Seychelles,AFRO,2024-06,976.470588235294
SC,Seychelles,AFRO,2024-07,-97.26775956284152
SC,Seychelles,AFRO,2024-08,-100
SC,Seychelles,AFRO,2024-09,NA
SC,Seychelles,AFRO,2024-10,Inf
SC,Seychelles,AFRO,2024-11,-40
SC,Seychelles,AFRO,2024-12,-100
SC,Seychelles,AFRO,2025-01,NA
SC,Seychelles,AFRO,2025-02,NA
SC,Seychelles,AFRO,2025-03,NA
SC,Seychelles,AFRO,2025-04,NA
SC,Seychelles,AFRO,2025-05,NA
SD,Sudan,EMRO,2020-01,NA
SD,Sudan,EMRO,2020-02,NA
SD,Sudan,EMRO,2020-03,Inf
SD,Sudan,EMRO,2020-04,4060
SD,Sudan,EMRO,2020-05,2105.288461538462
SD,Sudan,EMRO,2020-06,-1.591454109439721
SD,Sudan,EMRO,2020-07,-54.12051395657953
SD,Sudan,EMRO,2020-08,-12.892322549493
SD,Sudan,EMRO,2020-09,-76.66297117516629
SD,Sudan,EMRO,2020-10,-68.17102137767222
SD,Sudan,EMRO,2020-11,2934.3283582089553
SD,Sudan,EMRO,2020-12,69.30644367929169
SD,Sudan,EMRO,2021-01,-30.926786751888436
SD,Sudan,EMRO,2021-02,-79.64248159831756
SD,Sudan,EMRO,2021-03,33.78099173553719
SD,Sudan,EMRO,2021-04,61.003861003861005
SD,Sudan,EMRO,2021-05,-18.56115107913669
SD,Sudan,EMRO,2021-06,-33.745583038869256
SD,Sudan,EMRO,2021-07,-39.644444444444446
SD,Sudan,EMRO,2021-08,-39.76435935198822
SD,Sudan,EMRO,2021-09,20.537897310513447
SD,Sudan,EMRO,2021-10,423.5294117647059
SD,Sudan,EMRO,2021-11,-20.805889190236343
SD,Sudan,EMRO,2021-12,69.22700587084148
SD,Sudan,EMRO,2022-01,228.04278693263947
SD,Sudan,EMRO,2022-02,-66.28183660879527
SD,Sudan,EMRO,2022-03,-87.68949294302143
SD,Sudan,EMRO,2022-04,-60.509554140127385
SD,Sudan,EMRO,2022-05,10.75268817204301
SD,Sudan,EMRO,2022-06,46.601941747572816
SD,Sudan,EMRO,2022-07,49.337748344370866
SD,Sudan,EMRO,2022-08,-63.63636363636363
SD,Sudan,EMRO,2022-09,-50.609756097560975
SD,Sudan,EMRO,2022-10,100
SD,Sudan,EMRO,2022-11,-2.4691358024691357
SD,Sudan,EMRO,2022-12,-67.72151898734177
SD,Sudan,EMRO,2023-01,1.96078431372549
SD,Sudan,EMRO,2023-02,28.846153846153843
SD,Sudan,EMRO,2023-03,68.65671641791045
SD,Sudan,EMRO,2023-04,-37.16814159292036
SD,Sudan,EMRO,2023-05,-100
SD,Sudan,EMRO,2023-06,NA
SD,Sudan,EMRO,2023-07,NA
SD,Sudan,EMRO,2023-08,NA
SD,Sudan,EMRO,2023-09,NA
SD,Sudan,EMRO,2023-10,NA
SD,Sudan,EMRO,2023-11,NA
SD,Sudan,EMRO,2023-12,NA
SD,Sudan,EMRO,2024-01,NA
SD,Sudan,EMRO,2024-02,NA
SD,Sudan,EMRO,2024-03,NA
SD,Sudan,EMRO,2024-04,NA
SD,Sudan,EMRO,2024-05,NA
SD,Sudan,EMRO,2024-06,NA
SD,Sudan,EMRO,2024-07,NA
SD,Sudan,EMRO,2024-08,NA
SD,Sudan,EMRO,2024-09,NA
SD,Sudan,EMRO,2024-10,NA
SD,Sudan,EMRO,2024-11,NA
SD,Sudan,EMRO,2024-12,NA
SD,Sudan,EMRO,2025-01,NA
SD,Sudan,EMRO,2025-02,NA
SD,Sudan,EMRO,2025-03,NA
SD,Sudan,EMRO,2025-04,NA
SD,Sudan,EMRO,2025-05,NA
SE,Sweden,EURO,2020-01,NA
SE,Sweden,EURO,2020-02,Inf
SE,Sweden,EURO,2020-03,366200
SE,Sweden,EURO,2020-04,306.87960687960685
SE,Sweden,EURO,2020-05,33.03811057434246
SE,Sweden,EURO,2020-06,38.80371192253379
SE,Sweden,EURO,2020-07,-64.50475982850084
SE,Sweden,EURO,2020-08,-12.959361244753817
SE,Sweden,EURO,2020-09,-8.220628013642244
SE,Sweden,EURO,2020-10,186.36596617119423
SE,Sweden,EURO,2020-11,528.5260425988903
SE,Sweden,EURO,2020-12,16.275460441539767
SE,Sweden,EURO,2021-01,-4.713942837549901
SE,Sweden,EURO,2021-02,-41.46184738955823
SE,Sweden,EURO,2021-03,38.82436882546652
SE,Sweden,EURO,2021-04,23.993231542907747
SE,Sweden,EURO,2021-05,-22.93240994050238
SE,Sweden,EURO,2021-06,-83.2340383278721
SE,Sweden,EURO,2021-07,-60.83802191294048
SE,Sweden,EURO,2021-08,240.76874606175173
SE,Sweden,EURO,2021-09,-4.619082840236686
SE,Sweden,EURO,2021-10,-9.75146368888372
SE,Sweden,EURO,2021-11,26.02680873002234
SE,Sweden,EURO,2021-12,186.2957660053181
SE,Sweden,EURO,2022-01,921.42125693601
SE,Sweden,EURO,2022-02,-64.8000139891118
SE,Sweden,EURO,2022-03,-87.0031031730524
SE,Sweden,EURO,2022-04,-62.23371725614106
SE,Sweden,EURO,2022-05,-38.79630254368801
SE,Sweden,EURO,2022-06,-8.334252011906074
SE,Sweden,EURO,2022-07,204.81058328322308
SE,Sweden,EURO,2022-08,-3.0420201223120933
SE,Sweden,EURO,2022-09,-19.162529502726457
SE,Sweden,EURO,2022-10,39.69292725899824
SE,Sweden,EURO,2022-11,-45.82342342342343
SE,Sweden,EURO,2022-12,176.00771584408673
SE,Sweden,EURO,2023-01,-46.07061091697795
SE,Sweden,EURO,2023-02,-82.70622933238002
SE,Sweden,EURO,2023-03,-35.14211886304909
SE,Sweden,EURO,2023-04,118.32669322709164
SE,Sweden,EURO,2023-05,-32.55474452554745
SE,Sweden,EURO,2023-06,-44.58874458874459
SE,Sweden,EURO,2023-07,-46.484375
SE,Sweden,EURO,2023-08,2.4635036496350367
SE,Sweden,EURO,2023-09,112.37756010685663
SE,Sweden,EURO,2023-10,76.89727463312369
SE,Sweden,EURO,2023-11,205.2145058070633
SE,Sweden,EURO,2023-12,1.3745437601925914
SE,Sweden,EURO,2024-01,-75.6702926306113
SE,Sweden,EURO,2024-02,-66.183879093199
SE,Sweden,EURO,2024-03,-46.64804469273743
SE,Sweden,EURO,2024-04,-49.040139616055846
SE,Sweden,EURO,2024-05,49.65753424657534
SE,Sweden,EURO,2024-06,88.78718535469108
SE,Sweden,EURO,2024-07,88.72727272727273
SE,Sweden,EURO,2024-08,110.78998073217728
SE,Sweden,EURO,2024-09,28.24497257769653
SE,Sweden,EURO,2024-10,-23.90116417201235
SE,Sweden,EURO,2024-11,-23.321885732126137
SE,Sweden,EURO,2024-12,38.5586319218241
SE,Sweden,EURO,2025-01,-43.60858066411989
SE,Sweden,EURO,2025-02,-49.40072954663887
SE,Sweden,EURO,2025-03,-21.627188465499486
SE,Sweden,EURO,2025-04,-51.77398160315374
SE,Sweden,EURO,2025-05,-46.049046321525886
SG,Singapore,WPRO,2020-01,NA
SG,Singapore,WPRO,2020-02,2025
SG,Singapore,WPRO,2020-03,738.8235294117648
SG,Singapore,WPRO,2020-04,1567.741935483871
SG,Singapore,WPRO,2020-05,82.26389706500716
SG,Singapore,WPRO,2020-06,-59.02736123287039
SG,Singapore,WPRO,2020-07,-25.2027027027027
SG,Singapore,WPRO,2020-08,2.8154170430593197
SG,Singapore,WPRO,2020-09,-85.82515741689852
SG,Singapore,WPRO,2020-10,-71.07438016528926
SG,Singapore,WPRO,2020-11,-14.285714285714285
SG,Singapore,WPRO,2020-12,30.833333333333336
SG,Singapore,WPRO,2021-01,223.88535031847132
SG,Singapore,WPRO,2021-02,-60.66863323500492
SG,Singapore,WPRO,2021-03,-9
SG,Singapore,WPRO,2021-04,93.95604395604396
SG,Singapore,WPRO,2021-05,44.759206798866856
SG,Singapore,WPRO,2021-06,-49.510763209393346
SG,Singapore,WPRO,2021-07,216.86046511627904
SG,Singapore,WPRO,2021-08,91.13149847094802
SG,Singapore,WPRO,2021-09,558.816
SG,Singapore,WPRO,2021-10,436.6329900913153
SG,Singapore,WPRO,2021-11,-42.063865607067214
SG,Singapore,WPRO,2021-12,-75.97056663906639
SG,Singapore,WPRO,2022-01,358.7868149015018
SG,Singapore,WPRO,2022-02,413.7743389167587
SG,Singapore,WPRO,2022-03,-0.39304923458833263
SG,Singapore,WPRO,2022-04,-69.49449636552441
SG,Singapore,WPRO,2022-05,3.2578996577798356
SG,Singapore,WPRO,2022-06,-1.1551445249314296
SG,Singapore,WPRO,2022-07,167.34022305626212
SG,Singapore,WPRO,2022-08,-59.28634161920478
SG,Singapore,WPRO,2022-09,-52.434181497279006
SG,Singapore,WPRO,2022-10,255.55555555555551
SG,Singapore,WPRO,2022-11,-68.07649196042053
SG,Singapore,WPRO,2022-12,-52.63492447861488
SG,Singapore,WPRO,2023-01,-29.706671779141104
SG,Singapore,WPRO,2023-02,-54.697940815491606
SG,Singapore,WPRO,2023-03,198.14368854103955
SG,Singapore,WPRO,2023-04,279.5813280382324
SG,Singapore,WPRO,2023-05,-19.223300970873787
SG,Singapore,WPRO,2023-06,-55.51128380751669
SG,Singapore,WPRO,2023-07,-13.764772643162024
SG,Singapore,WPRO,2023-08,-41.54268711375601
SG,Singapore,WPRO,2023-09,20.370007830853563
SG,Singapore,WPRO,2023-10,218.5858339432382
SG,Singapore,WPRO,2023-11,-25.17963575102421
SG,Singapore,WPRO,2023-12,254.07341703056767
SG,Singapore,WPRO,2024-01,-69.21550112731968
SG,Singapore,WPRO,2024-02,-76.07198748043818
SG,Singapore,WPRO,2024-03,-83.97645519947679
SG,Singapore,WPRO,2024-04,-100
SG,Singapore,WPRO,2024-05,NA
SG,Singapore,WPRO,2024-06,NA
SG,Singapore,WPRO,2024-07,NA
SG,Singapore,WPRO,2024-08,NA
SG,Singapore,WPRO,2024-09,NA
SG,Singapore,WPRO,2024-10,NA
SG,Singapore,WPRO,2024-11,NA
SG,Singapore,WPRO,2024-12,NA
SG,Singapore,WPRO,2025-01,NA
SG,Singapore,WPRO,2025-02,NA
SG,Singapore,WPRO,2025-03,NA
SG,Singapore,WPRO,2025-04,NA
SG,Singapore,WPRO,2025-05,NA
SH,Saint Helena,NA,2020-01,NA
SH,Saint Helena,NA,2020-02,NA
SH,Saint Helena,NA,2020-03,NA
SH,Saint Helena,NA,2020-04,NA
SH,Saint Helena,NA,2020-05,NA
SH,Saint Helena,NA,2020-06,NA
SH,Saint Helena,NA,2020-07,NA
SH,Saint Helena,NA,2020-08,NA
SH,Saint Helena,NA,2020-09,NA
SH,Saint Helena,NA,2020-10,NA
SH,Saint Helena,NA,2020-11,NA
SH,Saint Helena,NA,2020-12,NA
SH,Saint Helena,NA,2021-01,NA
SH,Saint Helena,NA,2021-02,NA
SH,Saint Helena,NA,2021-03,NA
SH,Saint Helena,NA,2021-04,NA
SH,Saint Helena,NA,2021-05,NA
SH,Saint Helena,NA,2021-06,NA
SH,Saint Helena,NA,2021-07,NA
SH,Saint Helena,NA,2021-08,NA
SH,Saint Helena,NA,2021-09,NA
SH,Saint Helena,NA,2021-10,NA
SH,Saint Helena,NA,2021-11,NA
SH,Saint Helena,NA,2021-12,NA
SH,Saint Helena,NA,2022-01,NA
SH,Saint Helena,NA,2022-02,NA
SH,Saint Helena,NA,2022-03,NA
SH,Saint Helena,NA,2022-04,NA
SH,Saint Helena,NA,2022-05,NA
SH,Saint Helena,NA,2022-06,NA
SH,Saint Helena,NA,2022-07,NA
SH,Saint Helena,NA,2022-08,Inf
SH,Saint Helena,NA,2022-09,4853.571428571428
SH,Saint Helena,NA,2022-10,-54.57822638788753
SH,Saint Helena,NA,2022-11,-80.7936507936508
SH,Saint Helena,NA,2022-12,-100
SH,Saint Helena,NA,2023-01,NA
SH,Saint Helena,NA,2023-02,NA
SH,Saint Helena,NA,2023-03,NA
SH,Saint Helena,NA,2023-04,NA
SH,Saint Helena,NA,2023-05,NA
SH,Saint Helena,NA,2023-06,NA
SH,Saint Helena,NA,2023-07,NA
SH,Saint Helena,NA,2023-08,NA
SH,Saint Helena,NA,2023-09,NA
SH,Saint Helena,NA,2023-10,NA
SH,Saint Helena,NA,2023-11,NA
SH,Saint Helena,NA,2023-12,NA
SH,Saint Helena,NA,2024-01,NA
SH,Saint Helena,NA,2024-02,NA
SH,Saint Helena,NA,2024-03,NA
SH,Saint Helena,NA,2024-04,NA
SH,Saint Helena,NA,2024-05,NA
SH,Saint Helena,NA,2024-06,NA
SH,Saint Helena,NA,2024-07,NA
SH,Saint Helena,NA,2024-08,NA
SH,Saint Helena,NA,2024-09,NA
SH,Saint Helena,NA,2024-10,NA
SH,Saint Helena,NA,2024-11,NA
SH,Saint Helena,NA,2024-12,NA
SH,Saint Helena,NA,2025-01,NA
SH,Saint Helena,NA,2025-02,NA
SH,Saint Helena,NA,2025-03,NA
SH,Saint Helena,NA,2025-04,NA
SH,Saint Helena,NA,2025-05,NA
SI,Slovenia,EURO,2020-01,NA
SI,Slovenia,EURO,2020-02,NA
SI,Slovenia,EURO,2020-03,Inf
SI,Slovenia,EURO,2020-04,-14.663143989431967
SI,Slovenia,EURO,2020-05,-89.1640866873065
SI,Slovenia,EURO,2020-06,58.57142857142858
SI,Slovenia,EURO,2020-07,354.05405405405406
SI,Slovenia,EURO,2020-08,57.936507936507944
SI,Slovenia,EURO,2020-09,214.82412060301507
SI,Slovenia,EURO,2020-10,647.1268954509178
SI,Slovenia,EURO,2020-11,176.4407413341879
SI,Slovenia,EURO,2020-12,-23.60601259708644
SI,Slovenia,EURO,2021-01,30.273141122913504
SI,Slovenia,EURO,2021-02,-54.3700252378179
SI,Slovenia,EURO,2021-03,-3.4121851599727706
SI,Slovenia,EURO,2021-04,6.704255131706457
SI,Slovenia,EURO,2021-05,-32.042602377807135
SI,Slovenia,EURO,2021-06,-78.57489976916536
SI,Slovenia,EURO,2021-07,-59.90927133541253
SI,Slovenia,EURO,2021-08,464.8514851485149
SI,Slovenia,EURO,2021-09,192.06210091398523
SI,Slovenia,EURO,2021-10,102.23346336862862
SI,Slovenia,EURO,2021-11,72.36036036036036
SI,Slovenia,EURO,2021-12,-52.91166016898082
SI,Slovenia,EURO,2022-01,563.8737985791894
SI,Slovenia,EURO,2022-02,-28.42586472791363
SI,Slovenia,EURO,2022-03,-63.97900291320837
SI,Slovenia,EURO,2022-04,-29.09831687851922
SI,Slovenia,EURO,2022-05,-57.569300964187335
SI,Slovenia,EURO,2022-06,-45.2244483895511
SI,Slovenia,EURO,2022-07,349.5601444578202
SI,Slovenia,EURO,2022-08,-19.5703221553926
SI,Slovenia,EURO,2022-09,25.003201270264043
SI,Slovenia,EURO,2022-10,26.672812948166357
SI,Slovenia,EURO,2022-11,-65.66659658089247
SI,Slovenia,EURO,2022-12,116.10137554173733
SI,Slovenia,EURO,2023-01,-55.17068491956228
SI,Slovenia,EURO,2023-02,-69.26331145149526
SI,Slovenia,EURO,2023-03,76.0797342192691
SI,Slovenia,EURO,2023-04,-57.8167115902965
SI,Slovenia,EURO,2023-05,-83.89776357827476
SI,Slovenia,EURO,2023-06,-61.37566137566137
SI,Slovenia,EURO,2023-07,-68.15068493150685
SI,Slovenia,EURO,2023-08,102.1505376344086
SI,Slovenia,EURO,2023-09,211.17021276595747
SI,Slovenia,EURO,2023-10,179.65811965811966
SI,Slovenia,EURO,2023-11,52.99511002444988
SI,Slovenia,EURO,2023-12,93.7674790251698
SI,Slovenia,EURO,2024-01,-78.24742268041237
SI,Slovenia,EURO,2024-02,-73.17535545023696
SI,Slovenia,EURO,2024-03,-66.78445229681978
SI,Slovenia,EURO,2024-04,-63.82978723404256
SI,Slovenia,EURO,2024-05,76.47058823529412
SI,Slovenia,EURO,2024-06,138.33333333333334
SI,Slovenia,EURO,2024-07,147.55244755244755
SI,Slovenia,EURO,2024-08,114.97175141242936
SI,Slovenia,EURO,2024-09,106.4388961892247
SI,Slovenia,EURO,2024-10,1.9096117122851688
SI,Slovenia,EURO,2024-11,-50.53091817613991
SI,Slovenia,EURO,2024-12,30.176767676767675
SI,Slovenia,EURO,2025-01,-50.4364694471387
SI,Slovenia,EURO,2025-02,-47.74951076320939
SI,Slovenia,EURO,2025-03,-32.58426966292135
SI,Slovenia,EURO,2025-04,-68.88888888888889
SI,Slovenia,EURO,2025-05,-80.35714285714286
SK,Slovakia,EURO,2020-01,NA
SK,Slovakia,EURO,2020-02,NA
SK,Slovakia,EURO,2020-03,Inf
SK,Slovakia,EURO,2020-04,239.17197452229297
SK,Slovakia,EURO,2020-05,-86.66666666666667
SK,Slovakia,EURO,2020-06,0.7042253521126761
SK,Slovakia,EURO,2020-07,260.1398601398601
SK,Slovakia,EURO,2020-08,229.51456310679612
SK,Slovakia,EURO,2020-09,206.54095462581023
SK,Slovakia,EURO,2020-10,568.3006535947712
SK,Slovakia,EURO,2020-11,78.02387458650942
SK,Slovakia,EURO,2020-12,-0.16157699143641946
SK,Slovakia,EURO,2021-01,33.33872794950639
SK,Slovakia,EURO,2021-02,-29.39677145284622
SK,Slovakia,EURO,2021-03,-14.342444559051057
SK,Slovakia,EURO,2021-04,-55.845224476689346
SK,Slovakia,EURO,2021-05,-55.552020362710785
SK,Slovakia,EURO,2021-06,-80.96942427651089
SK,Slovakia,EURO,2021-07,-57.17356260075229
SK,Slovakia,EURO,2021-08,200.37641154328733
SK,Slovakia,EURO,2021-09,474.1854636591479
SK,Slovakia,EURO,2021-10,447.6865997381056
SK,Slovakia,EURO,2021-11,144.6543136082885
SK,Slovakia,EURO,2021-12,-14.398332138901557
SK,Slovakia,EURO,2022-01,10.81259355100591
SK,Slovakia,EURO,2022-02,152.89555621694635
SK,Slovakia,EURO,2022-03,-44.49891252441445
SK,Slovakia,EURO,2022-04,-64.3670661539528
SK,Slovakia,EURO,2022-05,-83.25875742421294
SK,Slovakia,EURO,2022-06,-66.68261672021328
SK,Slovakia,EURO,2022-07,381.4936397209684
SK,Slovakia,EURO,2022-08,-32.19703425941708
SK,Slovakia,EURO,2022-09,-50.911261940673704
SK,Slovakia,EURO,2022-10,41.46716169504545
SK,Slovakia,EURO,2022-11,-71.83710407239819
SK,Slovakia,EURO,2022-12,-2.859897172236504
SK,Slovakia,EURO,2023-01,-31.75653324512074
SK,Slovakia,EURO,2023-02,-2.5690741638390695
SK,Slovakia,EURO,2023-03,14.17910447761194
SK,Slovakia,EURO,2023-04,-45.22875816993464
SK,Slovakia,EURO,2023-05,-60.06364359586317
SK,Slovakia,EURO,2023-06,-91.43426294820716
SK,Slovakia,EURO,2023-07,-4.651162790697675
SK,Slovakia,EURO,2023-08,509.7560975609756
SK,Slovakia,EURO,2023-09,9.2
SK,Slovakia,EURO,2023-10,152.74725274725273
SK,Slovakia,EURO,2023-11,211.30434782608697
SK,Slovakia,EURO,2023-12,145.3445065176909
SK,Slovakia,EURO,2024-01,-70.45540796963947
SK,Slovakia,EURO,2024-02,-70.00642260757868
SK,Slovakia,EURO,2024-03,-67.45182012847965
SK,Slovakia,EURO,2024-04,-76.31578947368422
SK,Slovakia,EURO,2024-05,-27.77777777777778
SK,Slovakia,EURO,2024-06,96.15384615384616
SK,Slovakia,EURO,2024-07,149.0196078431373
SK,Slovakia,EURO,2024-08,295.2755905511811
SK,Slovakia,EURO,2024-09,344.42231075697214
SK,Slovakia,EURO,2024-10,45.54011653966831
SK,Slovakia,EURO,2024-11,-66.89251616877118
SK,Slovakia,EURO,2024-12,-44.74418604651163
SK,Slovakia,EURO,2025-01,-77.10437710437711
SK,Slovakia,EURO,2025-02,-13.23529411764706
SK,Slovakia,EURO,2025-03,-32.20338983050847
SK,Slovakia,EURO,2025-04,-57.49999999999999
SK,Slovakia,EURO,2025-05,-64.70588235294117
SL,Sierra Leone,AFRO,2020-01,NA
SL,Sierra Leone,AFRO,2020-02,NA
SL,Sierra Leone,AFRO,2020-03,NA
SL,Sierra Leone,AFRO,2020-04,Inf
SL,Sierra Leone,AFRO,2020-05,790.6976744186046
SL,Sierra Leone,AFRO,2020-06,-27.15404699738904
SL,Sierra Leone,AFRO,2020-07,-35.842293906810035
SL,Sierra Leone,AFRO,2020-08,-29.88826815642458
SL,Sierra Leone,AFRO,2020-09,-24.701195219123505
SL,Sierra Leone,AFRO,2020-10,-27.513227513227513
SL,Sierra Leone,AFRO,2020-11,-52.55474452554745
SL,Sierra Leone,AFRO,2020-12,113.84615384615384
SL,Sierra Leone,AFRO,2021-01,604.31654676259
SL,Sierra Leone,AFRO,2021-02,-63.32992849846782
SL,Sierra Leone,AFRO,2021-03,-79.10863509749304
SL,Sierra Leone,AFRO,2021-04,9.333333333333334
SL,Sierra Leone,AFRO,2021-05,18.29268292682927
SL,Sierra Leone,AFRO,2021-06,1101.0309278350514
SL,Sierra Leone,AFRO,2021-07,-21.716738197424892
SL,Sierra Leone,AFRO,2021-08,-84.10087719298247
SL,Sierra Leone,AFRO,2021-09,-82.75862068965517
SL,Sierra Leone,AFRO,2021-10,-60
SL,Sierra Leone,AFRO,2021-11,-60
SL,Sierra Leone,AFRO,2021-12,6325
SL,Sierra Leone,AFRO,2022-01,271.98443579766536
SL,Sierra Leone,AFRO,2022-02,-94.76987447698744
SL,Sierra Leone,AFRO,2022-03,-82
SL,Sierra Leone,AFRO,2022-04,-66.66666666666666
SL,Sierra Leone,AFRO,2022-05,66.66666666666666
SL,Sierra Leone,AFRO,2022-06,120
SL,Sierra Leone,AFRO,2022-07,263.6363636363636
SL,Sierra Leone,AFRO,2022-08,-67.5
SL,Sierra Leone,AFRO,2022-09,-69.23076923076923
SL,Sierra Leone,AFRO,2022-10,0
SL,Sierra Leone,AFRO,2022-11,25
SL,Sierra Leone,AFRO,2022-12,-80
SL,Sierra Leone,AFRO,2023-01,-100
SL,Sierra Leone,AFRO,2023-02,NA
SL,Sierra Leone,AFRO,2023-03,Inf
SL,Sierra Leone,AFRO,2023-04,-100
SL,Sierra Leone,AFRO,2023-05,NA
SL,Sierra Leone,AFRO,2023-06,NA
SL,Sierra Leone,AFRO,2023-07,NA
SL,Sierra Leone,AFRO,2023-08,Inf
SL,Sierra Leone,AFRO,2023-09,-100
SL,Sierra Leone,AFRO,2023-10,NA
SL,Sierra Leone,AFRO,2023-11,NA
SL,Sierra Leone,AFRO,2023-12,Inf
SL,Sierra Leone,AFRO,2024-01,-100
SL,Sierra Leone,AFRO,2024-02,NA
SL,Sierra Leone,AFRO,2024-03,Inf
SL,Sierra Leone,AFRO,2024-04,6.666666666666667
SL,Sierra Leone,AFRO,2024-05,193.75
SL,Sierra Leone,AFRO,2024-06,44.680851063829785
SL,Sierra Leone,AFRO,2024-07,-20.588235294117645
SL,Sierra Leone,AFRO,2024-08,-96.29629629629628
SL,Sierra Leone,AFRO,2024-09,0
SL,Sierra Leone,AFRO,2024-10,0
SL,Sierra Leone,AFRO,2024-11,-100
SL,Sierra Leone,AFRO,2024-12,NA
SL,Sierra Leone,AFRO,2025-01,NA
SL,Sierra Leone,AFRO,2025-02,NA
SL,Sierra Leone,AFRO,2025-03,NA
SL,Sierra Leone,AFRO,2025-04,NA
SL,Sierra Leone,AFRO,2025-05,NA
SM,San Marino,EURO,2020-01,NA
SM,San Marino,EURO,2020-02,NA
SM,San Marino,EURO,2020-03,Inf
SM,San Marino,EURO,2020-04,24.890829694323145
SM,San Marino,EURO,2020-05,-39.16083916083916
SM,San Marino,EURO,2020-06,-85.0574712643678
SM,San Marino,EURO,2020-07,-88.46153846153845
SM,San Marino,EURO,2020-08,466.6666666666667
SM,San Marino,EURO,2020-09,-23.52941176470588
SM,San Marino,EURO,2020-10,653.8461538461538
SM,San Marino,EURO,2020-11,672.4489795918367
SM,San Marino,EURO,2020-12,-8.850726552179657
SM,San Marino,EURO,2021-01,14.492753623188406
SM,San Marino,EURO,2021-02,-13.924050632911392
SM,San Marino,EURO,2021-03,30.14705882352941
SM,San Marino,EURO,2021-04,-49.26553672316384
SM,San Marino,EURO,2021-05,-92.20489977728286
SM,San Marino,EURO,2021-06,-94.28571428571428
SM,San Marino,EURO,2021-07,1250
SM,San Marino,EURO,2021-08,644.4444444444445
SM,San Marino,EURO,2021-09,-47.76119402985074
SM,San Marino,EURO,2021-10,23.809523809523807
SM,San Marino,EURO,2021-11,222.30769230769232
SM,San Marino,EURO,2021-12,287.82816229116946
SM,San Marino,EURO,2022-01,228.6153846153846
SM,San Marino,EURO,2022-02,-73.48314606741573
SM,San Marino,EURO,2022-03,-42.72598870056497
SM,San Marino,EURO,2022-04,31.689272503082616
SM,San Marino,EURO,2022-05,-20.973782771535586
SM,San Marino,EURO,2022-06,-22.03791469194313
SM,San Marino,EURO,2022-07,222.64437689969608
SM,San Marino,EURO,2022-08,-79.22750824305228
SM,San Marino,EURO,2022-09,-25.396825396825395
SM,San Marino,EURO,2022-10,183.8905775075988
SM,San Marino,EURO,2022-11,-39.72162740899358
SM,San Marino,EURO,2022-12,49.02309058614564
SM,San Marino,EURO,2023-01,-49.9404052443385
SM,San Marino,EURO,2023-02,-62.857142857142854
SM,San Marino,EURO,2023-03,38.46153846153847
SM,San Marino,EURO,2023-04,54.629629629629626
SM,San Marino,EURO,2023-05,-54.49101796407185
SM,San Marino,EURO,2023-06,-73.02631578947368
SM,San Marino,EURO,2023-07,-21.951219512195124
SM,San Marino,EURO,2023-08,81.25
SM,San Marino,EURO,2023-09,208.6206896551724
SM,San Marino,EURO,2023-10,-7.82122905027933
SM,San Marino,EURO,2023-11,222.4242424242424
SM,San Marino,EURO,2023-12,-100
SM,San Marino,EURO,2024-01,NA
SM,San Marino,EURO,2024-02,NA
SM,San Marino,EURO,2024-03,NA
SM,San Marino,EURO,2024-04,NA
SM,San Marino,EURO,2024-05,NA
SM,San Marino,EURO,2024-06,NA
SM,San Marino,EURO,2024-07,NA
SM,San Marino,EURO,2024-08,NA
SM,San Marino,EURO,2024-09,NA
SM,San Marino,EURO,2024-10,NA
SM,San Marino,EURO,2024-11,NA
SM,San Marino,EURO,2024-12,NA
SM,San Marino,EURO,2025-01,NA
SM,San Marino,EURO,2025-02,NA
SM,San Marino,EURO,2025-03,NA
SM,San Marino,EURO,2025-04,NA
SM,San Marino,EURO,2025-05,NA
SN,Senegal,AFRO,2020-01,NA
SN,Senegal,AFRO,2020-02,NA
SN,Senegal,AFRO,2020-03,Inf
SN,Senegal,AFRO,2020-04,161.11111111111111
SN,Senegal,AFRO,2020-05,701.8617021276596
SN,Senegal,AFRO,2020-06,-3.0182421227197347
SN,Senegal,AFRO,2020-07,5.779753761969904
SN,Senegal,AFRO,2020-08,26.22049789848044
SN,Senegal,AFRO,2020-09,-63.80635245901639
SN,Senegal,AFRO,2020-10,-52.30007077140834
SN,Senegal,AFRO,2020-11,-28.18991097922849
SN,Senegal,AFRO,2020-12,415.7024793388429
SN,Senegal,AFRO,2021-01,208.09294871794873
SN,Senegal,AFRO,2021-02,4.577373211963589
SN,Senegal,AFRO,2021-03,-47.76175080825665
SN,Senegal,AFRO,2021-04,-61.29492977862414
SN,Senegal,AFRO,2021-05,-23.185731857318572
SN,Senegal,AFRO,2021-06,21.69735788630905
SN,Senegal,AFRO,2021-07,802.7631578947368
SN,Senegal,AFRO,2021-08,16.929019093426614
SN,Senegal,AFRO,2021-09,-93.08195699594889
SN,Senegal,AFRO,2021-10,-82.97297297297297
SN,Senegal,AFRO,2021-11,-66.13756613756614
SN,Senegal,AFRO,2021-12,481.25
SN,Senegal,AFRO,2022-01,2723.3870967741937
SN,Senegal,AFRO,2022-02,-92.2879177377892
SN,Senegal,AFRO,2022-03,-76.04938271604938
SN,Senegal,AFRO,2022-04,-36.08247422680412
SN,Senegal,AFRO,2022-05,-5.64516129032258
SN,Senegal,AFRO,2022-06,48.717948717948715
SN,Senegal,AFRO,2022-07,513.2183908045977
SN,Senegal,AFRO,2022-08,-33.45829428303655
SN,Senegal,AFRO,2022-09,-58.16901408450704
SN,Senegal,AFRO,2022-10,44.78114478114478
SN,Senegal,AFRO,2022-11,-79.06976744186046
SN,Senegal,AFRO,2022-12,-65.55555555555556
SN,Senegal,AFRO,2023-01,-83.87096774193549
SN,Senegal,AFRO,2023-02,140
SN,Senegal,AFRO,2023-03,183.33333333333331
SN,Senegal,AFRO,2023-04,35.294117647058826
SN,Senegal,AFRO,2023-05,-95.65217391304348
SN,Senegal,AFRO,2023-06,100
SN,Senegal,AFRO,2023-07,100
SN,Senegal,AFRO,2023-08,12.5
SN,Senegal,AFRO,2023-09,-77.77777777777779
SN,Senegal,AFRO,2023-10,150
SN,Senegal,AFRO,2023-11,-40
SN,Senegal,AFRO,2023-12,566.6666666666667
SN,Senegal,AFRO,2024-01,-100
SN,Senegal,AFRO,2024-02,Inf
SN,Senegal,AFRO,2024-03,225
SN,Senegal,AFRO,2024-04,-30.76923076923077
SN,Senegal,AFRO,2024-05,33.33333333333333
SN,Senegal,AFRO,2024-06,425
SN,Senegal,AFRO,2024-07,19.047619047619047
SN,Senegal,AFRO,2024-08,-12
SN,Senegal,AFRO,2024-09,-71.21212121212122
SN,Senegal,AFRO,2024-10,-78.94736842105263
SN,Senegal,AFRO,2024-11,-75
SN,Senegal,AFRO,2024-12,300
SN,Senegal,AFRO,2025-01,-75
SN,Senegal,AFRO,2025-02,1200
SN,Senegal,AFRO,2025-03,115.38461538461536
SN,Senegal,AFRO,2025-04,-75
SN,Senegal,AFRO,2025-05,-57.14285714285714
SO,Somalia,EMRO,2020-01,NA
SO,Somalia,EMRO,2020-02,NA
SO,Somalia,EMRO,2020-03,Inf
SO,Somalia,EMRO,2020-04,12800
SO,Somalia,EMRO,2020-05,294.31524547803616
SO,Somalia,EMRO,2020-06,-36.959370904325034
SO,Somalia,EMRO,2020-07,-68.81496881496881
SO,Somalia,EMRO,2020-08,-56.00000000000001
SO,Somalia,EMRO,2020-09,110.6060606060606
SO,Somalia,EMRO,2020-10,11.151079136690647
SO,Somalia,EMRO,2020-11,79.28802588996764
SO,Somalia,EMRO,2020-12,-56.85920577617328
SO,Somalia,EMRO,2021-01,-60.66945606694561
SO,Somalia,EMRO,2021-02,2247.872340425532
SO,Somalia,EMRO,2021-03,74.30901676483916
SO,Somalia,EMRO,2021-04,-31.86898882245906
SO,Somalia,EMRO,2021-05,-54.44486837085082
SO,Somalia,EMRO,2021-06,-79.98324958123953
SO,Somalia,EMRO,2021-07,30.125523012552303
SO,Somalia,EMRO,2021-08,545.3376205787781
SO,Somalia,EMRO,2021-09,25.21175884404584
SO,Somalia,EMRO,2021-10,-9.47075208913649
SO,Somalia,EMRO,2021-11,-55.25274725274725
SO,Somalia,EMRO,2021-12,-49.312377210216106
SO,Somalia,EMRO,2022-01,259.68992248062017
SO,Somalia,EMRO,2022-02,-50.16163793103448
SO,Somalia,EMRO,2022-03,-89.51351351351352
SO,Somalia,EMRO,2022-04,-22.68041237113402
SO,Somalia,EMRO,2022-05,-33.33333333333333
SO,Somalia,EMRO,2022-06,436.00000000000006
SO,Somalia,EMRO,2022-07,-42.53731343283582
SO,Somalia,EMRO,2022-08,45.45454545454545
SO,Somalia,EMRO,2022-09,-84.375
SO,Somalia,EMRO,2022-10,-40
SO,Somalia,EMRO,2022-11,133.33333333333331
SO,Somalia,EMRO,2022-12,-71.42857142857143
SO,Somalia,EMRO,2023-01,28.57142857142857
SO,Somalia,EMRO,2023-02,-66.66666666666666
SO,Somalia,EMRO,2023-03,66.66666666666666
SO,Somalia,EMRO,2023-04,-100
SO,Somalia,EMRO,2023-05,NA
SO,Somalia,EMRO,2023-06,NA
SO,Somalia,EMRO,2023-07,NA
SO,Somalia,EMRO,2023-08,NA
SO,Somalia,EMRO,2023-09,NA
SO,Somalia,EMRO,2023-10,NA
SO,Somalia,EMRO,2023-11,NA
SO,Somalia,EMRO,2023-12,NA
SO,Somalia,EMRO,2024-01,NA
SO,Somalia,EMRO,2024-02,NA
SO,Somalia,EMRO,2024-03,NA
SO,Somalia,EMRO,2024-04,NA
SO,Somalia,EMRO,2024-05,NA
SO,Somalia,EMRO,2024-06,NA
SO,Somalia,EMRO,2024-07,NA
SO,Somalia,EMRO,2024-08,NA
SO,Somalia,EMRO,2024-09,NA
SO,Somalia,EMRO,2024-10,NA
SO,Somalia,EMRO,2024-11,NA
SO,Somalia,EMRO,2024-12,NA
SO,Somalia,EMRO,2025-01,NA
SO,Somalia,EMRO,2025-02,NA
SO,Somalia,EMRO,2025-03,NA
SO,Somalia,EMRO,2025-04,NA
SO,Somalia,EMRO,2025-05,NA
SR,Suriname,AMRO,2020-01,NA
SR,Suriname,AMRO,2020-02,NA
SR,Suriname,AMRO,2020-03,Inf
SR,Suriname,AMRO,2020-04,-75
SR,Suriname,AMRO,2020-05,0
SR,Suriname,AMRO,2020-06,18850
SR,Suriname,AMRO,2020-07,141.16094986807389
SR,Suriname,AMRO,2020-08,178.22757111597377
SR,Suriname,AMRO,2020-09,-61.89539913488006
SR,Suriname,AMRO,2020-10,-65.1186790505676
SR,Suriname,AMRO,2020-11,-53.84615384615385
SR,Suriname,AMRO,2020-12,264.7435897435897
SR,Suriname,AMRO,2021-01,336.5553602811951
SR,Suriname,AMRO,2021-02,-77.89855072463769
SR,Suriname,AMRO,2021-03,-68.12386156648452
SR,Suriname,AMRO,2021-04,382.2857142857143
SR,Suriname,AMRO,2021-05,418.12796208530807
SR,Suriname,AMRO,2021-06,51.0633432426252
SR,Suriname,AMRO,2021-07,-42.80956706024826
SR,Suriname,AMRO,2021-08,-0.1323451561672843
SR,Suriname,AMRO,2021-09,195.44129340047704
SR,Suriname,AMRO,2021-10,-16.659190813671838
SR,Suriname,AMRO,2021-11,-80.5059203444564
SR,Suriname,AMRO,2021-12,-52.898950855880734
SR,Suriname,AMRO,2022-01,2406.447831184056
SR,Suriname,AMRO,2022-02,-76.01964452759589
SR,Suriname,AMRO,2022-03,-79.26662765749951
SR,Suriname,AMRO,2022-04,-84.10159924741298
SR,Suriname,AMRO,2022-05,559.1715976331361
SR,Suriname,AMRO,2022-06,-64.00359066427289
SR,Suriname,AMRO,2022-07,-62.84289276807981
SR,Suriname,AMRO,2022-08,-62.41610738255034
SR,Suriname,AMRO,2022-09,37.5
SR,Suriname,AMRO,2022-10,11.688311688311687
SR,Suriname,AMRO,2022-11,-50
SR,Suriname,AMRO,2022-12,720.9302325581396
SR,Suriname,AMRO,2023-01,24.362606232294617
SR,Suriname,AMRO,2023-02,-52.84738041002278
SR,Suriname,AMRO,2023-03,15.942028985507244
SR,Suriname,AMRO,2023-04,-88.33333333333333
SR,Suriname,AMRO,2023-05,-100
SR,Suriname,AMRO,2023-06,NA
SR,Suriname,AMRO,2023-07,NA
SR,Suriname,AMRO,2023-08,NA
SR,Suriname,AMRO,2023-09,NA
SR,Suriname,AMRO,2023-10,NA
SR,Suriname,AMRO,2023-11,NA
SR,Suriname,AMRO,2023-12,NA
SR,Suriname,AMRO,2024-01,NA
SR,Suriname,AMRO,2024-02,Inf
SR,Suriname,AMRO,2024-03,-100
SR,Suriname,AMRO,2024-04,NA
SR,Suriname,AMRO,2024-05,Inf
SR,Suriname,AMRO,2024-06,200
SR,Suriname,AMRO,2024-07,-66.66666666666666
SR,Suriname,AMRO,2024-08,0
SR,Suriname,AMRO,2024-09,0
SR,Suriname,AMRO,2024-10,-100
SR,Suriname,AMRO,2024-11,Inf
SR,Suriname,AMRO,2024-12,-50
SR,Suriname,AMRO,2025-01,0
SR,Suriname,AMRO,2025-02,-100
SR,Suriname,AMRO,2025-03,NA
SR,Suriname,AMRO,2025-04,NA
SR,Suriname,AMRO,2025-05,Inf
SS,South Sudan,AFRO,2020-01,NA
SS,South Sudan,AFRO,2020-02,NA
SS,South Sudan,AFRO,2020-03,NA
SS,South Sudan,AFRO,2020-04,Inf
SS,South Sudan,AFRO,2020-05,18916.666666666664
SS,South Sudan,AFRO,2020-06,-28.22085889570552
SS,South Sudan,AFRO,2020-07,-60.927960927960925
SS,South Sudan,AFRO,2020-08,-25.3125
SS,South Sudan,AFRO,2020-09,-30.125523012552303
SS,South Sudan,AFRO,2020-10,14.37125748502994
SS,South Sudan,AFRO,2020-11,17.277486910994764
SS,South Sudan,AFRO,2020-12,77.67857142857143
SS,South Sudan,AFRO,2021-01,33.66834170854271
SS,South Sudan,AFRO,2021-02,633.0827067669172
SS,South Sudan,AFRO,2021-03,-44.58974358974359
SS,South Sudan,AFRO,2021-04,-79.87043035631652
SS,South Sudan,AFRO,2021-05,-64.36781609195403
SS,South Sudan,AFRO,2021-06,-12.258064516129032
SS,South Sudan,AFRO,2021-07,-31.61764705882353
SS,South Sudan,AFRO,2021-08,437.6344086021506
SS,South Sudan,AFRO,2021-09,3.8
SS,South Sudan,AFRO,2021-10,-10.21194605009634
SS,South Sudan,AFRO,2021-11,-25.10729613733906
SS,South Sudan,AFRO,2021-12,489.9713467048711
SS,South Sudan,AFRO,2022-01,-3.933948518698397
SS,South Sudan,AFRO,2022-02,-91.0010111223458
SS,South Sudan,AFRO,2022-03,38.764044943820224
SS,South Sudan,AFRO,2022-04,-8.906882591093117
SS,South Sudan,AFRO,2022-05,-32.44444444444444
SS,South Sudan,AFRO,2022-06,-21.710526315789476
SS,South Sudan,AFRO,2022-07,-40.33613445378151
SS,South Sudan,AFRO,2022-08,-100
SS,South Sudan,AFRO,2022-09,Inf
SS,South Sudan,AFRO,2022-10,-40.8955223880597
SS,South Sudan,AFRO,2022-11,-81.31313131313132
SS,South Sudan,AFRO,2022-12,-51.35135135135135
SS,South Sudan,AFRO,2023-01,-100
SS,South Sudan,AFRO,2023-02,NA
SS,South Sudan,AFRO,2023-03,NA
SS,South Sudan,AFRO,2023-04,NA
SS,South Sudan,AFRO,2023-05,NA
SS,South Sudan,AFRO,2023-06,NA
SS,South Sudan,AFRO,2023-07,NA
SS,South Sudan,AFRO,2023-08,NA
SS,South Sudan,AFRO,2023-09,NA
SS,South Sudan,AFRO,2023-10,Inf
SS,South Sudan,AFRO,2023-11,-78.96341463414635
SS,South Sudan,AFRO,2023-12,-21.73913043478261
SS,South Sudan,AFRO,2024-01,-100
SS,South Sudan,AFRO,2024-02,NA
SS,South Sudan,AFRO,2024-03,NA
SS,South Sudan,AFRO,2024-04,Inf
SS,South Sudan,AFRO,2024-05,-100
SS,South Sudan,AFRO,2024-06,NA
SS,South Sudan,AFRO,2024-07,NA
SS,South Sudan,AFRO,2024-08,Inf
SS,South Sudan,AFRO,2024-09,350
SS,South Sudan,AFRO,2024-10,77.77777777777779
SS,South Sudan,AFRO,2024-11,-68.75
SS,South Sudan,AFRO,2024-12,20
SS,South Sudan,AFRO,2025-01,-83.33333333333334
SS,South Sudan,AFRO,2025-02,600
SS,South Sudan,AFRO,2025-03,-85.71428571428571
SS,South Sudan,AFRO,2025-04,0
SS,South Sudan,AFRO,2025-05,100
ST,Sao Tome and Principe,AFRO,2020-01,NA
ST,Sao Tome and Principe,AFRO,2020-02,NA
ST,Sao Tome and Principe,AFRO,2020-03,NA
ST,Sao Tome and Principe,AFRO,2020-04,Inf
ST,Sao Tome and Principe,AFRO,2020-05,5787.5
ST,Sao Tome and Principe,AFRO,2020-06,-50.318471337579616
ST,Sao Tome and Principe,AFRO,2020-07,-36.32478632478632
ST,Sao Tome and Principe,AFRO,2020-08,-77.85234899328859
ST,Sao Tome and Principe,AFRO,2020-09,-51.51515151515152
ST,Sao Tome and Principe,AFRO,2020-10,81.25
ST,Sao Tome and Principe,AFRO,2020-11,55.172413793103445
ST,Sao Tome and Principe,AFRO,2020-12,-35.55555555555556
ST,Sao Tome and Principe,AFRO,2021-01,734.4827586206897
ST,Sao Tome and Principe,AFRO,2021-02,119.00826446280992
ST,Sao Tome and Principe,AFRO,2021-03,-20
ST,Sao Tome and Principe,AFRO,2021-04,-79.48113207547169
ST,Sao Tome and Principe,AFRO,2021-05,-44.827586206896555
ST,Sao Tome and Principe,AFRO,2021-06,-58.333333333333336
ST,Sao Tome and Principe,AFRO,2021-07,195
ST,Sao Tome and Principe,AFRO,2021-08,181.35593220338984
ST,Sao Tome and Principe,AFRO,2021-09,350.6024096385542
ST,Sao Tome and Principe,AFRO,2021-10,-50
ST,Sao Tome and Principe,AFRO,2021-11,-94.91978609625669
ST,Sao Tome and Principe,AFRO,2021-12,-31.57894736842105
ST,Sao Tome and Principe,AFRO,2022-01,16353.846153846154
ST,Sao Tome and Principe,AFRO,2022-02,-97.66245909303412
ST,Sao Tome and Principe,AFRO,2022-03,-76
ST,Sao Tome and Principe,AFRO,2022-04,-33.33333333333333
ST,Sao Tome and Principe,AFRO,2022-05,262.5
ST,Sao Tome and Principe,AFRO,2022-06,41.37931034482759
ST,Sao Tome and Principe,AFRO,2022-07,87.8048780487805
ST,Sao Tome and Principe,AFRO,2022-08,-53.24675324675325
ST,Sao Tome and Principe,AFRO,2022-09,102.77777777777776
ST,Sao Tome and Principe,AFRO,2022-10,-21.91780821917808
ST,Sao Tome and Principe,AFRO,2022-11,-78.94736842105263
ST,Sao Tome and Principe,AFRO,2022-12,-91.66666666666666
ST,Sao Tome and Principe,AFRO,2023-01,-100
ST,Sao Tome and Principe,AFRO,2023-02,Inf
ST,Sao Tome and Principe,AFRO,2023-03,3300
ST,Sao Tome and Principe,AFRO,2023-04,222.05882352941177
ST,Sao Tome and Principe,AFRO,2023-05,-94.06392694063926
ST,Sao Tome and Principe,AFRO,2023-06,-46.15384615384615
ST,Sao Tome and Principe,AFRO,2023-07,-85.71428571428571
ST,Sao Tome and Principe,AFRO,2023-08,-100
ST,Sao Tome and Principe,AFRO,2023-09,Inf
ST,Sao Tome and Principe,AFRO,2023-10,-50
ST,Sao Tome and Principe,AFRO,2023-11,2025
ST,Sao Tome and Principe,AFRO,2023-12,-41.17647058823529
ST,Sao Tome and Principe,AFRO,2024-01,-100
ST,Sao Tome and Principe,AFRO,2024-02,NA
ST,Sao Tome and Principe,AFRO,2024-03,Inf
ST,Sao Tome and Principe,AFRO,2024-04,61.53846153846154
ST,Sao Tome and Principe,AFRO,2024-05,-95.23809523809524
ST,Sao Tome and Principe,AFRO,2024-06,-100
ST,Sao Tome and Principe,AFRO,2024-07,NA
ST,Sao Tome and Principe,AFRO,2024-08,NA
ST,Sao Tome and Principe,AFRO,2024-09,NA
ST,Sao Tome and Principe,AFRO,2024-10,NA
ST,Sao Tome and Principe,AFRO,2024-11,NA
ST,Sao Tome and Principe,AFRO,2024-12,NA
ST,Sao Tome and Principe,AFRO,2025-01,NA
ST,Sao Tome and Principe,AFRO,2025-02,NA
ST,Sao Tome and Principe,AFRO,2025-03,NA
ST,Sao Tome and Principe,AFRO,2025-04,NA
ST,Sao Tome and Principe,AFRO,2025-05,NA
SV,El Salvador,AMRO,2020-01,NA
SV,El Salvador,AMRO,2020-02,NA
SV,El Salvador,AMRO,2020-03,Inf
SV,El Salvador,AMRO,2020-04,1242.1052631578948
SV,El Salvador,AMRO,2020-05,731.7647058823529
SV,El Salvador,AMRO,2020-06,57.0957095709571
SV,El Salvador,AMRO,2020-07,154.921968787515
SV,El Salvador,AMRO,2020-08,33.22345184836355
SV,El Salvador,AMRO,2020-09,-74.56698480028278
SV,El Salvador,AMRO,2020-10,44.892286309937454
SV,El Salvador,AMRO,2020-11,39.568345323741006
SV,El Salvador,AMRO,2020-12,6.769759450171821
SV,El Salvador,AMRO,2021-01,50.78854200193113
SV,El Salvador,AMRO,2021-02,-37.27854855923159
SV,El Salvador,AMRO,2021-03,-33.63961204696274
SV,El Salvador,AMRO,2021-04,16.71794871794872
SV,El Salvador,AMRO,2021-05,8.260105448154658
SV,El Salvador,AMRO,2021-06,-14.001623376623376
SV,El Salvador,AMRO,2021-07,70.05663048607835
SV,El Salvador,AMRO,2021-08,29.998612460108227
SV,El Salvador,AMRO,2021-09,2.6577009285943003
SV,El Salvador,AMRO,2021-10,1.310043668122271
SV,El Salvador,AMRO,2021-11,-52.59646962233169
SV,El Salvador,AMRO,2021-12,-19.89608140290106
SV,El Salvador,AMRO,2022-01,211.3783783783784
SV,El Salvador,AMRO,2022-02,26.06544570783786
SV,El Salvador,AMRO,2022-03,-8.66152575048196
SV,El Salvador,AMRO,2022-04,-92.1830242725765
SV,El Salvador,AMRO,2022-05,-35.776277724204434
SV,El Salvador,AMRO,2022-06,934.6846846846846
SV,El Salvador,AMRO,2022-07,207.2413292700624
SV,El Salvador,AMRO,2022-08,-100
SV,El Salvador,AMRO,2022-09,Inf
SV,El Salvador,AMRO,2022-10,-100
SV,El Salvador,AMRO,2022-11,NA
SV,El Salvador,AMRO,2022-12,NA
SV,El Salvador,AMRO,2023-01,NA
SV,El Salvador,AMRO,2023-02,NA
SV,El Salvador,AMRO,2023-03,NA
SV,El Salvador,AMRO,2023-04,NA
SV,El Salvador,AMRO,2023-05,Inf
SV,El Salvador,AMRO,2023-06,100
SV,El Salvador,AMRO,2023-07,700
SV,El Salvador,AMRO,2023-08,18.75
SV,El Salvador,AMRO,2023-09,-63.1578947368421
SV,El Salvador,AMRO,2023-10,-57.14285714285714
SV,El Salvador,AMRO,2023-11,-66.66666666666666
SV,El Salvador,AMRO,2023-12,100
SV,El Salvador,AMRO,2024-01,800
SV,El Salvador,AMRO,2024-02,-61.111111111111114
SV,El Salvador,AMRO,2024-03,-57.14285714285714
SV,El Salvador,AMRO,2024-04,-66.66666666666666
SV,El Salvador,AMRO,2024-05,600
SV,El Salvador,AMRO,2024-06,242.85714285714283
SV,El Salvador,AMRO,2024-07,0
SV,El Salvador,AMRO,2024-08,-8.333333333333332
SV,El Salvador,AMRO,2024-09,-45.45454545454545
SV,El Salvador,AMRO,2024-10,-41.66666666666667
SV,El Salvador,AMRO,2024-11,-42.857142857142854
SV,El Salvador,AMRO,2024-12,-50
SV,El Salvador,AMRO,2025-01,400
SV,El Salvador,AMRO,2025-02,50
SV,El Salvador,AMRO,2025-03,-46.666666666666664
SV,El Salvador,AMRO,2025-04,37.5
SV,El Salvador,AMRO,2025-05,-90.9090909090909
SX,Sint Maarten (Dutch part),AMRO,2020-01,NA
SX,Sint Maarten (Dutch part),AMRO,2020-02,NA
SX,Sint Maarten (Dutch part),AMRO,2020-03,Inf
SX,Sint Maarten (Dutch part),AMRO,2020-04,2233.333333333333
SX,Sint Maarten (Dutch part),AMRO,2020-05,-92.85714285714286
SX,Sint Maarten (Dutch part),AMRO,2020-06,-120
SX,Sint Maarten (Dutch part),AMRO,2020-07,-1800
SX,Sint Maarten (Dutch part),AMRO,2020-08,1958.8235294117649
SX,Sint Maarten (Dutch part),AMRO,2020-09,-50.28571428571429
SX,Sint Maarten (Dutch part),AMRO,2020-10,-9.195402298850574
SX,Sint Maarten (Dutch part),AMRO,2020-11,67.72151898734177
SX,Sint Maarten (Dutch part),AMRO,2020-12,24.150943396226417
SX,Sint Maarten (Dutch part),AMRO,2021-01,37.38601823708207
SX,Sint Maarten (Dutch part),AMRO,2021-02,-49.336283185840706
SX,Sint Maarten (Dutch part),AMRO,2021-03,-70.74235807860262
SX,Sint Maarten (Dutch part),AMRO,2021-04,40.298507462686565
SX,Sint Maarten (Dutch part),AMRO,2021-05,104.25531914893618
SX,Sint Maarten (Dutch part),AMRO,2021-06,-1.0416666666666663
SX,Sint Maarten (Dutch part),AMRO,2021-07,-45.26315789473684
SX,Sint Maarten (Dutch part),AMRO,2021-08,748.0769230769231
SX,Sint Maarten (Dutch part),AMRO,2021-09,-32.19954648526077
SX,Sint Maarten (Dutch part),AMRO,2021-10,-48.16053511705686
SX,Sint Maarten (Dutch part),AMRO,2021-11,-72.58064516129032
SX,Sint Maarten (Dutch part),AMRO,2021-12,105.88235294117648
SX,Sint Maarten (Dutch part),AMRO,2022-01,2460.5714285714284
SX,Sint Maarten (Dutch part),AMRO,2022-02,-92.97031912519526
SX,Sint Maarten (Dutch part),AMRO,2022-03,-64.12698412698413
SX,Sint Maarten (Dutch part),AMRO,2022-04,132.7433628318584
SX,Sint Maarten (Dutch part),AMRO,2022-05,36.50190114068441
SX,Sint Maarten (Dutch part),AMRO,2022-06,-36.21169916434541
SX,Sint Maarten (Dutch part),AMRO,2022-07,1.7467248908296942
SX,Sint Maarten (Dutch part),AMRO,2022-08,-70.81545064377683
SX,Sint Maarten (Dutch part),AMRO,2022-09,-32.35294117647059
SX,Sint Maarten (Dutch part),AMRO,2022-10,45.65217391304348
SX,Sint Maarten (Dutch part),AMRO,2022-11,-59.70149253731343
SX,Sint Maarten (Dutch part),AMRO,2022-12,44.44444444444444
SX,Sint Maarten (Dutch part),AMRO,2023-01,-43.58974358974359
SX,Sint Maarten (Dutch part),AMRO,2023-02,-54.54545454545454
SX,Sint Maarten (Dutch part),AMRO,2023-03,-10
SX,Sint Maarten (Dutch part),AMRO,2023-04,-88.88888888888889
SX,Sint Maarten (Dutch part),AMRO,2023-05,-100
SX,Sint Maarten (Dutch part),AMRO,2023-06,Inf
SX,Sint Maarten (Dutch part),AMRO,2023-07,-100
SX,Sint Maarten (Dutch part),AMRO,2023-08,NA
SX,Sint Maarten (Dutch part),AMRO,2023-09,NA
SX,Sint Maarten (Dutch part),AMRO,2023-10,NA
SX,Sint Maarten (Dutch part),AMRO,2023-11,NA
SX,Sint Maarten (Dutch part),AMRO,2023-12,NA
SX,Sint Maarten (Dutch part),AMRO,2024-01,NA
SX,Sint Maarten (Dutch part),AMRO,2024-02,NA
SX,Sint Maarten (Dutch part),AMRO,2024-03,NA
SX,Sint Maarten (Dutch part),AMRO,2024-04,NA
SX,Sint Maarten (Dutch part),AMRO,2024-05,NA
SX,Sint Maarten (Dutch part),AMRO,2024-06,NA
SX,Sint Maarten (Dutch part),AMRO,2024-07,NA
SX,Sint Maarten (Dutch part),AMRO,2024-08,NA
SX,Sint Maarten (Dutch part),AMRO,2024-09,NA
SX,Sint Maarten (Dutch part),AMRO,2024-10,NA
SX,Sint Maarten (Dutch part),AMRO,2024-11,NA
SX,Sint Maarten (Dutch part),AMRO,2024-12,NA
SX,Sint Maarten (Dutch part),AMRO,2025-01,NA
SX,Sint Maarten (Dutch part),AMRO,2025-02,NA
SX,Sint Maarten (Dutch part),AMRO,2025-03,NA
SX,Sint Maarten (Dutch part),AMRO,2025-04,NA
SX,Sint Maarten (Dutch part),AMRO,2025-05,NA
SY,Syrian Arab Republic,EMRO,2020-01,NA
SY,Syrian Arab Republic,EMRO,2020-02,NA
SY,Syrian Arab Republic,EMRO,2020-03,Inf
SY,Syrian Arab Republic,EMRO,2020-04,640
SY,Syrian Arab Republic,EMRO,2020-05,116.2162162162162
SY,Syrian Arab Republic,EMRO,2020-06,67.5
SY,Syrian Arab Republic,EMRO,2020-07,176.86567164179107
SY,Syrian Arab Republic,EMRO,2020-08,439.3530997304582
SY,Syrian Arab Republic,EMRO,2020-09,-29.535232383808097
SY,Syrian Arab Republic,EMRO,2020-10,-6.312056737588652
SY,Syrian Arab Republic,EMRO,2020-11,78.34973504920515
SY,Syrian Arab Republic,EMRO,2020-12,36.544991511035654
SY,Syrian Arab Republic,EMRO,2021-01,-4.693814112527199
SY,Syrian Arab Republic,EMRO,2021-02,-49.93476842791911
SY,Syrian Arab Republic,EMRO,2021-03,83.90879478827361
SY,Syrian Arab Republic,EMRO,2021-04,29.047113000354237
SY,Syrian Arab Republic,EMRO,2021-05,-32.994784518254185
SY,Syrian Arab Republic,EMRO,2021-06,-62.10569438754609
SY,Syrian Arab Republic,EMRO,2021-07,-45.94594594594595
SY,Syrian Arab Republic,EMRO,2021-08,234.8
SY,Syrian Arab Republic,EMRO,2021-09,201.13500597371564
SY,Syrian Arab Republic,EMRO,2021-10,109.60126958936718
SY,Syrian Arab Republic,EMRO,2021-11,-55.35680484573159
SY,Syrian Arab Republic,EMRO,2021-12,-53.61458554165783
SY,Syrian Arab Republic,EMRO,2022-01,-43.647166361974406
SY,Syrian Arab Republic,EMRO,2022-02,151.09489051094891
SY,Syrian Arab Republic,EMRO,2022-03,-58.97932816537468
SY,Syrian Arab Republic,EMRO,2022-04,-88.58267716535433
SY,Syrian Arab Republic,EMRO,2022-05,-34.48275862068966
SY,Syrian Arab Republic,EMRO,2022-06,-67.36842105263158
SY,Syrian Arab Republic,EMRO,2022-07,1054.8387096774195
SY,Syrian Arab Republic,EMRO,2022-08,93.85474860335196
SY,Syrian Arab Republic,EMRO,2022-09,-57.636887608069166
SY,Syrian Arab Republic,EMRO,2022-10,-69.04761904761905
SY,Syrian Arab Republic,EMRO,2022-11,-60.43956043956044
SY,Syrian Arab Republic,EMRO,2022-12,-19.444444444444446
SY,Syrian Arab Republic,EMRO,2023-01,-100
SY,Syrian Arab Republic,EMRO,2023-02,NA
SY,Syrian Arab Republic,EMRO,2023-03,NA
SY,Syrian Arab Republic,EMRO,2023-04,NA
SY,Syrian Arab Republic,EMRO,2023-05,NA
SY,Syrian Arab Republic,EMRO,2023-06,NA
SY,Syrian Arab Republic,EMRO,2023-07,NA
SY,Syrian Arab Republic,EMRO,2023-08,NA
SY,Syrian Arab Republic,EMRO,2023-09,NA
SY,Syrian Arab Republic,EMRO,2023-10,NA
SY,Syrian Arab Republic,EMRO,2023-11,NA
SY,Syrian Arab Republic,EMRO,2023-12,NA
SY,Syrian Arab Republic,EMRO,2024-01,NA
SY,Syrian Arab Republic,EMRO,2024-02,NA
SY,Syrian Arab Republic,EMRO,2024-03,NA
SY,Syrian Arab Republic,EMRO,2024-04,NA
SY,Syrian Arab Republic,EMRO,2024-05,NA
SY,Syrian Arab Republic,EMRO,2024-06,NA
SY,Syrian Arab Republic,EMRO,2024-07,NA
SY,Syrian Arab Republic,EMRO,2024-08,NA
SY,Syrian Arab Republic,EMRO,2024-09,NA
SY,Syrian Arab Republic,EMRO,2024-10,NA
SY,Syrian Arab Republic,EMRO,2024-11,NA
SY,Syrian Arab Republic,EMRO,2024-12,NA
SY,Syrian Arab Republic,EMRO,2025-01,NA
SY,Syrian Arab Republic,EMRO,2025-02,NA
SY,Syrian Arab Republic,EMRO,2025-03,NA
SY,Syrian Arab Republic,EMRO,2025-04,NA
SY,Syrian Arab Republic,EMRO,2025-05,NA
SZ,Eswatini,AFRO,2020-01,NA
SZ,Eswatini,AFRO,2020-02,NA
SZ,Eswatini,AFRO,2020-03,Inf
SZ,Eswatini,AFRO,2020-04,422.22222222222223
SZ,Eswatini,AFRO,2020-05,382.97872340425533
SZ,Eswatini,AFRO,2020-06,103.52422907488987
SZ,Eswatini,AFRO,2020-07,202.3809523809524
SZ,Eswatini,AFRO,2020-08,69.50608446671438
SZ,Eswatini,AFRO,2020-09,-61.61317567567568
SZ,Eswatini,AFRO,2020-10,-52.91529152915292
SZ,Eswatini,AFRO,2020-11,30.60747663551402
SZ,Eswatini,AFRO,2020-12,250.44722719141325
SZ,Eswatini,AFRO,2021-01,272.69014803471157
SZ,Eswatini,AFRO,2021-02,-81.70113683057116
SZ,Eswatini,AFRO,2021-03,-76.34730538922156
SZ,Eswatini,AFRO,2021-04,255.06329113924048
SZ,Eswatini,AFRO,2021-05,-86.72014260249554
SZ,Eswatini,AFRO,2021-06,187.91946308724832
SZ,Eswatini,AFRO,2021-07,755.2447552447552
SZ,Eswatini,AFRO,2021-08,445.97983101662584
SZ,Eswatini,AFRO,2021-09,-84.90914536741214
SZ,Eswatini,AFRO,2021-10,-77.80350645054581
SZ,Eswatini,AFRO,2021-11,-82.86140089418778
SZ,Eswatini,AFRO,2021-12,15424.347826086956
SZ,Eswatini,AFRO,2022-01,-77.8860695681398
SZ,Eswatini,AFRO,2022-02,-79.83789260385005
SZ,Eswatini,AFRO,2022-03,-32.41206030150754
SZ,Eswatini,AFRO,2022-04,15.427509293680297
SZ,Eswatini,AFRO,2022-05,239.1304347826087
SZ,Eswatini,AFRO,2022-06,-67.66381766381767
SZ,Eswatini,AFRO,2022-07,-69.45668135095447
SZ,Eswatini,AFRO,2022-08,-62.019230769230774
SZ,Eswatini,AFRO,2022-09,-59.49367088607595
SZ,Eswatini,AFRO,2022-10,425
SZ,Eswatini,AFRO,2022-11,26.190476190476193
SZ,Eswatini,AFRO,2022-12,18.39622641509434
SZ,Eswatini,AFRO,2023-01,-55.37848605577689
SZ,Eswatini,AFRO,2023-02,-41.07142857142857
SZ,Eswatini,AFRO,2023-03,87.87878787878788
SZ,Eswatini,AFRO,2023-04,179.83870967741936
SZ,Eswatini,AFRO,2023-05,-61.09510086455331
SZ,Eswatini,AFRO,2023-06,-42.96296296296296
SZ,Eswatini,AFRO,2023-07,-100
SZ,Eswatini,AFRO,2023-08,Inf
SZ,Eswatini,AFRO,2023-09,-91.42857142857144
SZ,Eswatini,AFRO,2023-10,1355.5555555555554
SZ,Eswatini,AFRO,2023-11,-56.48854961832062
SZ,Eswatini,AFRO,2023-12,-87.71929824561403
SZ,Eswatini,AFRO,2024-01,14.285714285714285
SZ,Eswatini,AFRO,2024-02,87.5
SZ,Eswatini,AFRO,2024-03,373.3333333333333
SZ,Eswatini,AFRO,2024-04,-14.084507042253522
SZ,Eswatini,AFRO,2024-05,-83.60655737704919
SZ,Eswatini,AFRO,2024-06,-100
SZ,Eswatini,AFRO,2024-07,NA
SZ,Eswatini,AFRO,2024-08,NA
SZ,Eswatini,AFRO,2024-09,NA
SZ,Eswatini,AFRO,2024-10,NA
SZ,Eswatini,AFRO,2024-11,NA
SZ,Eswatini,AFRO,2024-12,NA
SZ,Eswatini,AFRO,2025-01,NA
SZ,Eswatini,AFRO,2025-02,NA
SZ,Eswatini,AFRO,2025-03,NA
SZ,Eswatini,AFRO,2025-04,NA
SZ,Eswatini,AFRO,2025-05,NA
TC,Turks and Caicos Islands,AMRO,2020-01,NA
TC,Turks and Caicos Islands,AMRO,2020-02,NA
TC,Turks and Caicos Islands,AMRO,2020-03,Inf
TC,Turks and Caicos Islands,AMRO,2020-04,350
TC,Turks and Caicos Islands,AMRO,2020-05,-88.88888888888889
TC,Turks and Caicos Islands,AMRO,2020-06,300
TC,Turks and Caicos Islands,AMRO,2020-07,1800
TC,Turks and Caicos Islands,AMRO,2020-08,423.6842105263157
TC,Turks and Caicos Islands,AMRO,2020-09,-52.26130653266332
TC,Turks and Caicos Islands,AMRO,2020-10,-90
TC,Turks and Caicos Islands,AMRO,2020-11,157.89473684210526
TC,Turks and Caicos Islands,AMRO,2020-12,95.91836734693877
TC,Turks and Caicos Islands,AMRO,2021-01,540.625
TC,Turks and Caicos Islands,AMRO,2021-02,4.0650406504065035
TC,Turks and Caicos Islands,AMRO,2021-03,-64.6875
TC,Turks and Caicos Islands,AMRO,2021-04,-77.43362831858407
TC,Turks and Caicos Islands,AMRO,2021-05,-29.411764705882355
TC,Turks and Caicos Islands,AMRO,2021-06,-66.66666666666666
TC,Turks and Caicos Islands,AMRO,2021-07,216.66666666666663
TC,Turks and Caicos Islands,AMRO,2021-08,360.5263157894737
TC,Turks and Caicos Islands,AMRO,2021-09,10.285714285714285
TC,Turks and Caicos Islands,AMRO,2021-10,-22.279792746113987
TC,Turks and Caicos Islands,AMRO,2021-11,-22.666666666666664
TC,Turks and Caicos Islands,AMRO,2021-12,19.82758620689655
TC,Turks and Caicos Islands,AMRO,2022-01,1667.6258992805756
TC,Turks and Caicos Islands,AMRO,2022-02,-93.36589336589336
TC,Turks and Caicos Islands,AMRO,2022-03,-79.75460122699386
TC,Turks and Caicos Islands,AMRO,2022-04,60.60606060606061
TC,Turks and Caicos Islands,AMRO,2022-05,243.39622641509436
TC,Turks and Caicos Islands,AMRO,2022-06,-51.64835164835166
TC,Turks and Caicos Islands,AMRO,2022-07,4.545454545454546
TC,Turks and Caicos Islands,AMRO,2022-08,-39.130434782608695
TC,Turks and Caicos Islands,AMRO,2022-09,-62.5
TC,Turks and Caicos Islands,AMRO,2022-10,133.33333333333331
TC,Turks and Caicos Islands,AMRO,2022-11,-65.3061224489796
TC,Turks and Caicos Islands,AMRO,2022-12,94.11764705882352
TC,Turks and Caicos Islands,AMRO,2023-01,30.303030303030305
TC,Turks and Caicos Islands,AMRO,2023-02,-32.55813953488372
TC,Turks and Caicos Islands,AMRO,2023-03,-51.72413793103448
TC,Turks and Caicos Islands,AMRO,2023-04,-100
TC,Turks and Caicos Islands,AMRO,2023-05,Inf
TC,Turks and Caicos Islands,AMRO,2023-06,-56.666666666666664
TC,Turks and Caicos Islands,AMRO,2023-07,153.84615384615387
TC,Turks and Caicos Islands,AMRO,2023-08,-69.6969696969697
TC,Turks and Caicos Islands,AMRO,2023-09,-100
TC,Turks and Caicos Islands,AMRO,2023-10,Inf
TC,Turks and Caicos Islands,AMRO,2023-11,14.285714285714285
TC,Turks and Caicos Islands,AMRO,2023-12,-41.66666666666667
TC,Turks and Caicos Islands,AMRO,2024-01,71.42857142857143
TC,Turks and Caicos Islands,AMRO,2024-02,-58.333333333333336
TC,Turks and Caicos Islands,AMRO,2024-03,-30
TC,Turks and Caicos Islands,AMRO,2024-04,-100
TC,Turks and Caicos Islands,AMRO,2024-05,NA
TC,Turks and Caicos Islands,AMRO,2024-06,Inf
TC,Turks and Caicos Islands,AMRO,2024-07,16
TC,Turks and Caicos Islands,AMRO,2024-08,-100
TC,Turks and Caicos Islands,AMRO,2024-09,Inf
TC,Turks and Caicos Islands,AMRO,2024-10,750
TC,Turks and Caicos Islands,AMRO,2024-11,-88.23529411764706
TC,Turks and Caicos Islands,AMRO,2024-12,250
TC,Turks and Caicos Islands,AMRO,2025-01,-100
TC,Turks and Caicos Islands,AMRO,2025-02,Inf
TC,Turks and Caicos Islands,AMRO,2025-03,-100
TC,Turks and Caicos Islands,AMRO,2025-04,NA
TC,Turks and Caicos Islands,AMRO,2025-05,NA
TD,Chad,AFRO,2020-01,NA
TD,Chad,AFRO,2020-02,NA
TD,Chad,AFRO,2020-03,Inf
TD,Chad,AFRO,2020-04,720
TD,Chad,AFRO,2020-05,1685.3658536585367
TD,Chad,AFRO,2020-06,-88.11475409836066
TD,Chad,AFRO,2020-07,-42.5287356321839
TD,Chad,AFRO,2020-08,86
TD,Chad,AFRO,2020-09,81.72043010752688
TD,Chad,AFRO,2020-10,52.071005917159766
TD,Chad,AFRO,2020-11,-10.894941634241246
TD,Chad,AFRO,2020-12,41.04803493449782
TD,Chad,AFRO,2021-01,321.36222910216713
TD,Chad,AFRO,2021-02,-54.00440852314474
TD,Chad,AFRO,2021-03,-15.654952076677317
TD,Chad,AFRO,2021-04,-52.46212121212122
TD,Chad,AFRO,2021-05,-29.880478087649404
TD,Chad,AFRO,2021-06,-86.93181818181817
TD,Chad,AFRO,2021-07,-21.73913043478261
TD,Chad,AFRO,2021-08,16.666666666666664
TD,Chad,AFRO,2021-09,95.23809523809524
TD,Chad,AFRO,2021-10,-12.195121951219512
TD,Chad,AFRO,2021-11,5.555555555555555
TD,Chad,AFRO,2021-12,1468.421052631579
TD,Chad,AFRO,2022-01,130.2013422818792
TD,Chad,AFRO,2022-02,-87.39067055393586
TD,Chad,AFRO,2022-03,-76.878612716763
TD,Chad,AFRO,2022-04,175
TD,Chad,AFRO,2022-05,-80.9090909090909
TD,Chad,AFRO,2022-06,-66.66666666666666
TD,Chad,AFRO,2022-07,14.285714285714285
TD,Chad,AFRO,2022-08,612.5
TD,Chad,AFRO,2022-09,43.859649122807014
TD,Chad,AFRO,2022-10,-40.2439024390244
TD,Chad,AFRO,2022-11,-57.14285714285714
TD,Chad,AFRO,2022-12,-61.904761904761905
TD,Chad,AFRO,2023-01,-62.5
TD,Chad,AFRO,2023-02,666.6666666666667
TD,Chad,AFRO,2023-03,-56.52173913043478
TD,Chad,AFRO,2023-04,30
TD,Chad,AFRO,2023-05,-100
TD,Chad,AFRO,2023-06,NA
TD,Chad,AFRO,2023-07,NA
TD,Chad,AFRO,2023-08,NA
TD,Chad,AFRO,2023-09,NA
TD,Chad,AFRO,2023-10,NA
TD,Chad,AFRO,2023-11,NA
TD,Chad,AFRO,2023-12,NA
TD,Chad,AFRO,2024-01,NA
TD,Chad,AFRO,2024-02,NA
TD,Chad,AFRO,2024-03,Inf
TD,Chad,AFRO,2024-04,-100
TD,Chad,AFRO,2024-05,NA
TD,Chad,AFRO,2024-06,NA
TD,Chad,AFRO,2024-07,NA
TD,Chad,AFRO,2024-08,NA
TD,Chad,AFRO,2024-09,NA
TD,Chad,AFRO,2024-10,NA
TD,Chad,AFRO,2024-11,NA
TD,Chad,AFRO,2024-12,NA
TD,Chad,AFRO,2025-01,NA
TD,Chad,AFRO,2025-02,NA
TD,Chad,AFRO,2025-03,NA
TD,Chad,AFRO,2025-04,NA
TD,Chad,AFRO,2025-05,NA
TG,Togo,AFRO,2020-01,NA
TG,Togo,AFRO,2020-02,NA
TG,Togo,AFRO,2020-03,Inf
TG,Togo,AFRO,2020-04,142.85714285714286
TG,Togo,AFRO,2020-05,395.5882352941177
TG,Togo,AFRO,2020-06,-45.99406528189911
TG,Togo,AFRO,2020-07,30.76923076923077
TG,Togo,AFRO,2020-08,125.63025210084034
TG,Togo,AFRO,2020-09,-35.567970204841714
TG,Togo,AFRO,2020-10,30.346820809248555
TG,Togo,AFRO,2020-11,68.29268292682927
TG,Togo,AFRO,2020-12,-19.76284584980237
TG,Togo,AFRO,2021-01,144.00656814449917
TG,Togo,AFRO,2021-02,21.80349932705249
TG,Togo,AFRO,2021-03,64.41988950276243
TG,Togo,AFRO,2021-04,-0.5376344086021506
TG,Togo,AFRO,2021-05,-77.7027027027027
TG,Togo,AFRO,2021-06,-44.09090909090909
TG,Togo,AFRO,2021-07,240.37940379403793
TG,Togo,AFRO,2021-08,374.9203821656051
TG,Togo,AFRO,2021-09,-30.82984073763621
TG,Togo,AFRO,2021-10,-78.06592341250605
TG,Togo,AFRO,2021-11,-80.66298342541437
TG,Togo,AFRO,2021-12,899.4285714285714
TG,Togo,AFRO,2022-01,385.70611778158946
TG,Togo,AFRO,2022-02,-96.33902295467922
TG,Togo,AFRO,2022-03,-63.665594855305464
TG,Togo,AFRO,2022-04,-41.5929203539823
TG,Togo,AFRO,2022-05,54.54545454545454
TG,Togo,AFRO,2022-06,144.11764705882354
TG,Togo,AFRO,2022-07,203.6144578313253
TG,Togo,AFRO,2022-08,-53.3068783068783
TG,Togo,AFRO,2022-09,49.008498583569406
TG,Togo,AFRO,2022-10,-36.31178707224335
TG,Togo,AFRO,2022-11,-91.64179104477611
TG,Togo,AFRO,2022-12,-46.42857142857143
TG,Togo,AFRO,2023-01,-13.333333333333334
TG,Togo,AFRO,2023-02,61.53846153846154
TG,Togo,AFRO,2023-03,214.28571428571428
TG,Togo,AFRO,2023-04,-31.818181818181817
TG,Togo,AFRO,2023-05,-71.11111111111111
TG,Togo,AFRO,2023-06,-61.53846153846154
TG,Togo,AFRO,2023-07,20
TG,Togo,AFRO,2023-08,-33.33333333333333
TG,Togo,AFRO,2023-09,0
TG,Togo,AFRO,2023-10,125
TG,Togo,AFRO,2023-11,-100
TG,Togo,AFRO,2023-12,NA
TG,Togo,AFRO,2024-01,NA
TG,Togo,AFRO,2024-02,NA
TG,Togo,AFRO,2024-03,Inf
TG,Togo,AFRO,2024-04,100
TG,Togo,AFRO,2024-05,-100
TG,Togo,AFRO,2024-06,NA
TG,Togo,AFRO,2024-07,NA
TG,Togo,AFRO,2024-08,NA
TG,Togo,AFRO,2024-09,Inf
TG,Togo,AFRO,2024-10,300
TG,Togo,AFRO,2024-11,-50
TG,Togo,AFRO,2024-12,-100
TG,Togo,AFRO,2025-01,Inf
TG,Togo,AFRO,2025-02,-50
TG,Togo,AFRO,2025-03,900
TG,Togo,AFRO,2025-04,-90
TG,Togo,AFRO,2025-05,-100
TH,Thailand,SEARO,2020-01,NA
TH,Thailand,SEARO,2020-02,580
TH,Thailand,SEARO,2020-03,3867.6470588235297
TH,Thailand,SEARO,2020-04,13.713862120088956
TH,Thailand,SEARO,2020-05,-89.63494132985659
TH,Thailand,SEARO,2020-06,-49.056603773584904
TH,Thailand,SEARO,2020-07,59.25925925925925
TH,Thailand,SEARO,2020-08,-6.976744186046512
TH,Thailand,SEARO,2020-09,-6.666666666666667
TH,Thailand,SEARO,2020-10,90.17857142857144
TH,Thailand,SEARO,2020-11,13.145539906103288
TH,Thailand,SEARO,2020-12,797.9253112033196
TH,Thailand,SEARO,2021-01,484.1497227356747
TH,Thailand,SEARO,2021-02,-43.28771457954276
TH,Thailand,SEARO,2021-03,-61.18008090389176
TH,Thailand,SEARO,2021-04,860.3305785123966
TH,Thailand,SEARO,2021-05,269.85332634887374
TH,Thailand,SEARO,2021-06,-8.8085627282568
TH,Thailand,SEARO,2021-07,180.513645440426
TH,Thailand,SEARO,2021-08,167.65893496272568
TH,Thailand,SEARO,2021-09,-42.73739673664909
TH,Thailand,SEARO,2021-10,-9.588772458566316
TH,Thailand,SEARO,2021-11,-44.407310794381054
TH,Thailand,SEARO,2021-12,-47.04167073089343
TH,Thailand,SEARO,2022-01,115.75268765086228
TH,Thailand,SEARO,2022-02,96.384860085189
TH,Thailand,SEARO,2022-03,50.87992642112922
TH,Thailand,SEARO,2022-04,-3.43913057323392
TH,Thailand,SEARO,2022-05,-56.53599543961971
TH,Thailand,SEARO,2022-06,-74.16411946208821
TH,Thailand,SEARO,2022-07,6.312668689778624
TH,Thailand,SEARO,2022-08,-26.02570342405388
TH,Thailand,SEARO,2022-09,-43.20364179529127
TH,Thailand,SEARO,2022-10,-55.86725109580464
TH,Thailand,SEARO,2022-11,4.9659477866061295
TH,Thailand,SEARO,2022-12,-1.5679913490132469
TH,Thailand,SEARO,2023-01,-64.46031310079648
TH,Thailand,SEARO,2023-02,-79.69474497681608
TH,Thailand,SEARO,2023-03,-43.19695528068506
TH,Thailand,SEARO,2023-04,514.572864321608
TH,Thailand,SEARO,2023-05,163.2052330335241
TH,Thailand,SEARO,2023-06,-0.5384695039867454
TH,Thailand,SEARO,2023-07,-62.39458615304528
TH,Thailand,SEARO,2023-08,-65.91915836101883
TH,Thailand,SEARO,2023-09,-28.75710804224208
TH,Thailand,SEARO,2023-10,-3.990877993158495
TH,Thailand,SEARO,2023-11,73.51543942992875
TH,Thailand,SEARO,2023-12,90.89664613278576
TH,Thailand,SEARO,2024-01,-5.772678379347437
TH,Thailand,SEARO,2024-02,-14.954337899543381
TH,Thailand,SEARO,2024-03,23.803131991051455
TH,Thailand,SEARO,2024-04,55.3668232743043
TH,Thailand,SEARO,2024-05,71.08629913933473
TH,Thailand,SEARO,2024-06,71.10808973487424
TH,Thailand,SEARO,2024-07,-65.22844656336909
TH,Thailand,SEARO,2024-08,-59.506398537477146
TH,Thailand,SEARO,2024-09,-3.4988713318284423
TH,Thailand,SEARO,2024-10,-10.526315789473683
TH,Thailand,SEARO,2024-11,39.34640522875817
TH,Thailand,SEARO,2024-12,26.172607879924954
TH,Thailand,SEARO,2025-01,-100
TH,Thailand,SEARO,2025-02,Inf
TH,Thailand,SEARO,2025-03,-100
TH,Thailand,SEARO,2025-04,NA
TH,Thailand,SEARO,2025-05,Inf
TJ,Tajikistan,EURO,2020-01,NA
TJ,Tajikistan,EURO,2020-02,NA
TJ,Tajikistan,EURO,2020-03,NA
TJ,Tajikistan,EURO,2020-04,NA
TJ,Tajikistan,EURO,2020-05,Inf
TJ,Tajikistan,EURO,2020-06,-47.67533490937746
TJ,Tajikistan,EURO,2020-07,-32.178714859437754
TJ,Tajikistan,EURO,2020-08,1.1102886750555143
TJ,Tajikistan,EURO,2020-09,-20.27818448023426
TJ,Tajikistan,EURO,2020-10,3.8567493112947657
TJ,Tajikistan,EURO,2020-11,22.19274977895667
TJ,Tajikistan,EURO,2020-12,3.979739507959479
TJ,Tajikistan,EURO,2021-01,-88.93528183716074
TJ,Tajikistan,EURO,2021-02,-100
TJ,Tajikistan,EURO,2021-03,NA
TJ,Tajikistan,EURO,2021-04,NA
TJ,Tajikistan,EURO,2021-05,NA
TJ,Tajikistan,EURO,2021-06,Inf
TJ,Tajikistan,EURO,2021-07,784.732824427481
TJ,Tajikistan,EURO,2021-08,87.57549611734254
TJ,Tajikistan,EURO,2021-09,-85.9245630174793
TJ,Tajikistan,EURO,2021-10,-99.34640522875816
TJ,Tajikistan,EURO,2021-11,250
TJ,Tajikistan,EURO,2021-12,-100
TJ,Tajikistan,EURO,2022-01,Inf
TJ,Tajikistan,EURO,2022-02,-54.95049504950495
TJ,Tajikistan,EURO,2022-03,-100
TJ,Tajikistan,EURO,2022-04,NA
TJ,Tajikistan,EURO,2022-05,NA
TJ,Tajikistan,EURO,2022-06,NA
TJ,Tajikistan,EURO,2022-07,NA
TJ,Tajikistan,EURO,2022-08,NA
TJ,Tajikistan,EURO,2022-09,NA
TJ,Tajikistan,EURO,2022-10,NA
TJ,Tajikistan,EURO,2022-11,NA
TJ,Tajikistan,EURO,2022-12,NA
TJ,Tajikistan,EURO,2023-01,NA
TJ,Tajikistan,EURO,2023-02,NA
TJ,Tajikistan,EURO,2023-03,NA
TJ,Tajikistan,EURO,2023-04,NA
TJ,Tajikistan,EURO,2023-05,NA
TJ,Tajikistan,EURO,2023-06,NA
TJ,Tajikistan,EURO,2023-07,NA
TJ,Tajikistan,EURO,2023-08,NA
TJ,Tajikistan,EURO,2023-09,NA
TJ,Tajikistan,EURO,2023-10,NA
TJ,Tajikistan,EURO,2023-11,NA
TJ,Tajikistan,EURO,2023-12,NA
TJ,Tajikistan,EURO,2024-01,NA
TJ,Tajikistan,EURO,2024-02,NA
TJ,Tajikistan,EURO,2024-03,NA
TJ,Tajikistan,EURO,2024-04,NA
TJ,Tajikistan,EURO,2024-05,NA
TJ,Tajikistan,EURO,2024-06,NA
TJ,Tajikistan,EURO,2024-07,NA
TJ,Tajikistan,EURO,2024-08,NA
TJ,Tajikistan,EURO,2024-09,NA
TJ,Tajikistan,EURO,2024-10,NA
TJ,Tajikistan,EURO,2024-11,NA
TJ,Tajikistan,EURO,2024-12,NA
TJ,Tajikistan,EURO,2025-01,NA
TJ,Tajikistan,EURO,2025-02,NA
TJ,Tajikistan,EURO,2025-03,NA
TJ,Tajikistan,EURO,2025-04,NA
TJ,Tajikistan,EURO,2025-05,NA
TK,Tokelau,WPRO,2020-01,NA
TK,Tokelau,WPRO,2020-02,NA
TK,Tokelau,WPRO,2020-03,NA
TK,Tokelau,WPRO,2020-04,NA
TK,Tokelau,WPRO,2020-05,NA
TK,Tokelau,WPRO,2020-06,NA
TK,Tokelau,WPRO,2020-07,NA
TK,Tokelau,WPRO,2020-08,NA
TK,Tokelau,WPRO,2020-09,NA
TK,Tokelau,WPRO,2020-10,NA
TK,Tokelau,WPRO,2020-11,NA
TK,Tokelau,WPRO,2020-12,NA
TK,Tokelau,WPRO,2021-01,NA
TK,Tokelau,WPRO,2021-02,NA
TK,Tokelau,WPRO,2021-03,NA
TK,Tokelau,WPRO,2021-04,NA
TK,Tokelau,WPRO,2021-05,NA
TK,Tokelau,WPRO,2021-06,NA
TK,Tokelau,WPRO,2021-07,NA
TK,Tokelau,WPRO,2021-08,NA
TK,Tokelau,WPRO,2021-09,NA
TK,Tokelau,WPRO,2021-10,NA
TK,Tokelau,WPRO,2021-11,NA
TK,Tokelau,WPRO,2021-12,NA
TK,Tokelau,WPRO,2022-01,NA
TK,Tokelau,WPRO,2022-02,NA
TK,Tokelau,WPRO,2022-03,NA
TK,Tokelau,WPRO,2022-04,NA
TK,Tokelau,WPRO,2022-05,NA
TK,Tokelau,WPRO,2022-06,NA
TK,Tokelau,WPRO,2022-07,NA
TK,Tokelau,WPRO,2022-08,NA
TK,Tokelau,WPRO,2022-09,NA
TK,Tokelau,WPRO,2022-10,NA
TK,Tokelau,WPRO,2022-11,NA
TK,Tokelau,WPRO,2022-12,Inf
TK,Tokelau,WPRO,2023-01,-100
TK,Tokelau,WPRO,2023-02,NA
TK,Tokelau,WPRO,2023-03,NA
TK,Tokelau,WPRO,2023-04,NA
TK,Tokelau,WPRO,2023-05,NA
TK,Tokelau,WPRO,2023-06,Inf
TK,Tokelau,WPRO,2023-07,335.7142857142857
TK,Tokelau,WPRO,2023-08,-100
TK,Tokelau,WPRO,2023-09,NA
TK,Tokelau,WPRO,2023-10,NA
TK,Tokelau,WPRO,2023-11,NA
TK,Tokelau,WPRO,2023-12,NA
TK,Tokelau,WPRO,2024-01,NA
TK,Tokelau,WPRO,2024-02,NA
TK,Tokelau,WPRO,2024-03,NA
TK,Tokelau,WPRO,2024-04,NA
TK,Tokelau,WPRO,2024-05,NA
TK,Tokelau,WPRO,2024-06,NA
TK,Tokelau,WPRO,2024-07,NA
TK,Tokelau,WPRO,2024-08,NA
TK,Tokelau,WPRO,2024-09,NA
TK,Tokelau,WPRO,2024-10,NA
TK,Tokelau,WPRO,2024-11,NA
TK,Tokelau,WPRO,2024-12,NA
TK,Tokelau,WPRO,2025-01,NA
TK,Tokelau,WPRO,2025-02,NA
TK,Tokelau,WPRO,2025-03,NA
TK,Tokelau,WPRO,2025-04,NA
TK,Tokelau,WPRO,2025-05,NA
TL,Timor-Leste,SEARO,2020-01,NA
TL,Timor-Leste,SEARO,2020-02,NA
TL,Timor-Leste,SEARO,2020-03,Inf
TL,Timor-Leste,SEARO,2020-04,2200
TL,Timor-Leste,SEARO,2020-05,-100
TL,Timor-Leste,SEARO,2020-06,NA
TL,Timor-Leste,SEARO,2020-07,NA
TL,Timor-Leste,SEARO,2020-08,Inf
TL,Timor-Leste,SEARO,2020-09,-100
TL,Timor-Leste,SEARO,2020-10,Inf
TL,Timor-Leste,SEARO,2020-11,-50
TL,Timor-Leste,SEARO,2020-12,1000
TL,Timor-Leste,SEARO,2021-01,163.63636363636363
TL,Timor-Leste,SEARO,2021-02,48.27586206896552
TL,Timor-Leste,SEARO,2021-03,779.0697674418604
TL,Timor-Leste,SEARO,2021-04,271.95767195767195
TL,Timor-Leste,SEARO,2021-05,255.61877667140823
TL,Timor-Leste,SEARO,2021-06,-57.24
TL,Timor-Leste,SEARO,2021-07,-38.58746492048644
TL,Timor-Leste,SEARO,2021-08,361.08149276466105
TL,Timor-Leste,SEARO,2021-09,-50.77634621737695
TL,Timor-Leste,SEARO,2021-10,-86.30872483221476
TL,Timor-Leste,SEARO,2021-11,-92.15686274509804
TL,Timor-Leste,SEARO,2021-12,-65.625
TL,Timor-Leste,SEARO,2022-01,845.4545454545455
TL,Timor-Leste,SEARO,2022-02,2525.961538461538
TL,Timor-Leste,SEARO,2022-03,-94.39765653606736
TL,Timor-Leste,SEARO,2022-04,-74.50980392156863
TL,Timor-Leste,SEARO,2022-05,33.33333333333333
TL,Timor-Leste,SEARO,2022-06,-25
TL,Timor-Leste,SEARO,2022-07,35.8974358974359
TL,Timor-Leste,SEARO,2022-08,194.33962264150944
TL,Timor-Leste,SEARO,2022-09,-40.38461538461539
TL,Timor-Leste,SEARO,2022-10,-48.38709677419355
TL,Timor-Leste,SEARO,2022-11,-22.916666666666664
TL,Timor-Leste,SEARO,2022-12,35.13513513513514
TL,Timor-Leste,SEARO,2023-01,-48
TL,Timor-Leste,SEARO,2023-02,-84.61538461538461
TL,Timor-Leste,SEARO,2023-03,25
TL,Timor-Leste,SEARO,2023-04,0
TL,Timor-Leste,SEARO,2023-05,300
TL,Timor-Leste,SEARO,2023-06,-55.00000000000001
TL,Timor-Leste,SEARO,2023-07,-66.66666666666666
TL,Timor-Leste,SEARO,2023-08,-100
TL,Timor-Leste,SEARO,2023-09,NA
TL,Timor-Leste,SEARO,2023-10,NA
TL,Timor-Leste,SEARO,2023-11,NA
TL,Timor-Leste,SEARO,2023-12,NA
TL,Timor-Leste,SEARO,2024-01,NA
TL,Timor-Leste,SEARO,2024-02,NA
TL,Timor-Leste,SEARO,2024-03,NA
TL,Timor-Leste,SEARO,2024-04,NA
TL,Timor-Leste,SEARO,2024-05,NA
TL,Timor-Leste,SEARO,2024-06,NA
TL,Timor-Leste,SEARO,2024-07,NA
TL,Timor-Leste,SEARO,2024-08,NA
TL,Timor-Leste,SEARO,2024-09,NA
TL,Timor-Leste,SEARO,2024-10,NA
TL,Timor-Leste,SEARO,2024-11,NA
TL,Timor-Leste,SEARO,2024-12,NA
TL,Timor-Leste,SEARO,2025-01,NA
TL,Timor-Leste,SEARO,2025-02,NA
TL,Timor-Leste,SEARO,2025-03,NA
TL,Timor-Leste,SEARO,2025-04,NA
TL,Timor-Leste,SEARO,2025-05,NA
TM,Turkmenistan,EURO,2020-01,NA
TM,Turkmenistan,EURO,2020-02,NA
TM,Turkmenistan,EURO,2020-03,NA
TM,Turkmenistan,EURO,2020-04,NA
TM,Turkmenistan,EURO,2020-05,NA
TM,Turkmenistan,EURO,2020-06,NA
TM,Turkmenistan,EURO,2020-07,NA
TM,Turkmenistan,EURO,2020-08,NA
TM,Turkmenistan,EURO,2020-09,NA
TM,Turkmenistan,EURO,2020-10,NA
TM,Turkmenistan,EURO,2020-11,NA
TM,Turkmenistan,EURO,2020-12,NA
TM,Turkmenistan,EURO,2021-01,NA
TM,Turkmenistan,EURO,2021-02,NA
TM,Turkmenistan,EURO,2021-03,NA
TM,Turkmenistan,EURO,2021-04,NA
TM,Turkmenistan,EURO,2021-05,NA
TM,Turkmenistan,EURO,2021-06,NA
TM,Turkmenistan,EURO,2021-07,NA
TM,Turkmenistan,EURO,2021-08,NA
TM,Turkmenistan,EURO,2021-09,NA
TM,Turkmenistan,EURO,2021-10,NA
TM,Turkmenistan,EURO,2021-11,NA
TM,Turkmenistan,EURO,2021-12,NA
TM,Turkmenistan,EURO,2022-01,NA
TM,Turkmenistan,EURO,2022-02,NA
TM,Turkmenistan,EURO,2022-03,NA
TM,Turkmenistan,EURO,2022-04,NA
TM,Turkmenistan,EURO,2022-05,NA
TM,Turkmenistan,EURO,2022-06,NA
TM,Turkmenistan,EURO,2022-07,NA
TM,Turkmenistan,EURO,2022-08,NA
TM,Turkmenistan,EURO,2022-09,NA
TM,Turkmenistan,EURO,2022-10,NA
TM,Turkmenistan,EURO,2022-11,NA
TM,Turkmenistan,EURO,2022-12,NA
TM,Turkmenistan,EURO,2023-01,NA
TM,Turkmenistan,EURO,2023-02,NA
TM,Turkmenistan,EURO,2023-03,NA
TM,Turkmenistan,EURO,2023-04,NA
TM,Turkmenistan,EURO,2023-05,NA
TM,Turkmenistan,EURO,2023-06,NA
TM,Turkmenistan,EURO,2023-07,NA
TM,Turkmenistan,EURO,2023-08,NA
TM,Turkmenistan,EURO,2023-09,NA
TM,Turkmenistan,EURO,2023-10,NA
TM,Turkmenistan,EURO,2023-11,NA
TM,Turkmenistan,EURO,2023-12,NA
TM,Turkmenistan,EURO,2024-01,NA
TM,Turkmenistan,EURO,2024-02,NA
TM,Turkmenistan,EURO,2024-03,NA
TM,Turkmenistan,EURO,2024-04,NA
TM,Turkmenistan,EURO,2024-05,NA
TM,Turkmenistan,EURO,2024-06,NA
TM,Turkmenistan,EURO,2024-07,NA
TM,Turkmenistan,EURO,2024-08,NA
TM,Turkmenistan,EURO,2024-09,NA
TM,Turkmenistan,EURO,2024-10,NA
TM,Turkmenistan,EURO,2024-11,NA
TM,Turkmenistan,EURO,2024-12,NA
TM,Turkmenistan,EURO,2025-01,NA
TM,Turkmenistan,EURO,2025-02,NA
TM,Turkmenistan,EURO,2025-03,NA
TM,Turkmenistan,EURO,2025-04,NA
TM,Turkmenistan,EURO,2025-05,NA
TN,Tunisia,EMRO,2020-01,NA
TN,Tunisia,EMRO,2020-02,NA
TN,Tunisia,EMRO,2020-03,Inf
TN,Tunisia,EMRO,2020-04,137.76978417266187
TN,Tunisia,EMRO,2020-05,-79.27382753403933
TN,Tunisia,EMRO,2020-06,-32.846715328467155
TN,Tunisia,EMRO,2020-07,198.91304347826087
TN,Tunisia,EMRO,2020-08,674.1818181818182
TN,Tunisia,EMRO,2020-09,445.1385627054956
TN,Tunisia,EMRO,2020-10,203.5240392900224
TN,Tunisia,EMRO,2020-11,26.53646350810458
TN,Tunisia,EMRO,2020-12,-20.919798093101512
TN,Tunisia,EMRO,2021-01,119.11489361702128
TN,Tunisia,EMRO,2021-02,-67.442191667314
TN,Tunisia,EMRO,2021-03,-32.0475603451704
TN,Tunisia,EMRO,2021-04,185.98431647940075
TN,Tunisia,EMRO,2021-05,-8.32224927868383
TN,Tunisia,EMRO,2021-06,34.18820588366591
TN,Tunisia,EMRO,2021-07,175.77970358788403
TN,Tunisia,EMRO,2021-08,-44.933532775217735
TN,Tunisia,EMRO,2021-09,-51.448005432758656
TN,Tunisia,EMRO,2021-10,-82.70354411532475
TN,Tunisia,EMRO,2021-11,-40.2373809834355
TN,Tunisia,EMRO,2021-12,22.915757311217806
TN,Tunisia,EMRO,2022-01,3066.0511363636365
TN,Tunisia,EMRO,2022-02,-46.17243931984387
TN,Tunisia,EMRO,2022-03,-61.82265239995416
TN,Tunisia,EMRO,2022-04,-84.16887263597413
TN,Tunisia,EMRO,2022-05,-51.215307705568
TN,Tunisia,EMRO,2022-06,53.3922261484099
TN,Tunisia,EMRO,2022-07,1788.7353144436763
TN,Tunisia,EMRO,2022-08,-82.34662763751676
TN,Tunisia,EMRO,2022-09,-84.95232831283681
TN,Tunisia,EMRO,2022-10,-62.94765840220386
TN,Tunisia,EMRO,2022-11,3.965303593556382
TN,Tunisia,EMRO,2022-12,-42.07389749702026
TN,Tunisia,EMRO,2023-01,476.33744855967075
TN,Tunisia,EMRO,2023-02,-81.61370938950375
TN,Tunisia,EMRO,2023-03,55.33980582524271
TN,Tunisia,EMRO,2023-04,27.375
TN,Tunisia,EMRO,2023-05,-36.31010794896958
TN,Tunisia,EMRO,2023-06,-84.59167950693374
TN,Tunisia,EMRO,2023-07,-100
TN,Tunisia,EMRO,2023-08,NA
TN,Tunisia,EMRO,2023-09,NA
TN,Tunisia,EMRO,2023-10,NA
TN,Tunisia,EMRO,2023-11,NA
TN,Tunisia,EMRO,2023-12,NA
TN,Tunisia,EMRO,2024-01,NA
TN,Tunisia,EMRO,2024-02,NA
TN,Tunisia,EMRO,2024-03,NA
TN,Tunisia,EMRO,2024-04,NA
TN,Tunisia,EMRO,2024-05,NA
TN,Tunisia,EMRO,2024-06,NA
TN,Tunisia,EMRO,2024-07,NA
TN,Tunisia,EMRO,2024-08,NA
TN,Tunisia,EMRO,2024-09,NA
TN,Tunisia,EMRO,2024-10,NA
TN,Tunisia,EMRO,2024-11,NA
TN,Tunisia,EMRO,2024-12,NA
TN,Tunisia,EMRO,2025-01,NA
TN,Tunisia,EMRO,2025-02,NA
TN,Tunisia,EMRO,2025-03,NA
TN,Tunisia,EMRO,2025-04,NA
TN,Tunisia,EMRO,2025-05,NA
TO,Tonga,WPRO,2020-01,NA
TO,Tonga,WPRO,2020-02,NA
TO,Tonga,WPRO,2020-03,NA
TO,Tonga,WPRO,2020-04,NA
TO,Tonga,WPRO,2020-05,NA
TO,Tonga,WPRO,2020-06,NA
TO,Tonga,WPRO,2020-07,NA
TO,Tonga,WPRO,2020-08,NA
TO,Tonga,WPRO,2020-09,NA
TO,Tonga,WPRO,2020-10,NA
TO,Tonga,WPRO,2020-11,NA
TO,Tonga,WPRO,2020-12,NA
TO,Tonga,WPRO,2021-01,NA
TO,Tonga,WPRO,2021-02,NA
TO,Tonga,WPRO,2021-03,NA
TO,Tonga,WPRO,2021-04,NA
TO,Tonga,WPRO,2021-05,NA
TO,Tonga,WPRO,2021-06,NA
TO,Tonga,WPRO,2021-07,NA
TO,Tonga,WPRO,2021-08,NA
TO,Tonga,WPRO,2021-09,NA
TO,Tonga,WPRO,2021-10,Inf
TO,Tonga,WPRO,2021-11,-100
TO,Tonga,WPRO,2021-12,NA
TO,Tonga,WPRO,2022-01,NA
TO,Tonga,WPRO,2022-02,Inf
TO,Tonga,WPRO,2022-03,1379.09604519774
TO,Tonga,WPRO,2022-04,-24.33155080213904
TO,Tonga,WPRO,2022-05,-47.223624432105
TO,Tonga,WPRO,2022-06,-68.57962697274031
TO,Tonga,WPRO,2022-07,-61.49162861491628
TO,Tonga,WPRO,2022-08,959.6837944664032
TO,Tonga,WPRO,2022-09,-64.67735919433048
TO,Tonga,WPRO,2022-10,-100
TO,Tonga,WPRO,2022-11,Inf
TO,Tonga,WPRO,2022-12,593.1034482758621
TO,Tonga,WPRO,2023-01,60.19900497512438
TO,Tonga,WPRO,2023-02,-77.32919254658384
TO,Tonga,WPRO,2023-03,-90.41095890410958
TO,Tonga,WPRO,2023-04,-100
TO,Tonga,WPRO,2023-05,Inf
TO,Tonga,WPRO,2023-06,-33.33333333333333
TO,Tonga,WPRO,2023-07,-100
TO,Tonga,WPRO,2023-08,Inf
TO,Tonga,WPRO,2023-09,100
TO,Tonga,WPRO,2023-10,775
TO,Tonga,WPRO,2023-11,-20
TO,Tonga,WPRO,2023-12,117.85714285714286
TO,Tonga,WPRO,2024-01,-91.8032786885246
TO,Tonga,WPRO,2024-02,-80
TO,Tonga,WPRO,2024-03,200
TO,Tonga,WPRO,2024-04,-100
TO,Tonga,WPRO,2024-05,NA
TO,Tonga,WPRO,2024-06,Inf
TO,Tonga,WPRO,2024-07,-50
TO,Tonga,WPRO,2024-08,150
TO,Tonga,WPRO,2024-09,-93.33333333333331
TO,Tonga,WPRO,2024-10,-100
TO,Tonga,WPRO,2024-11,NA
TO,Tonga,WPRO,2024-12,NA
TO,Tonga,WPRO,2025-01,NA
TO,Tonga,WPRO,2025-02,NA
TO,Tonga,WPRO,2025-03,NA
TO,Tonga,WPRO,2025-04,NA
TO,Tonga,WPRO,2025-05,NA
TR,T�rkiye,EURO,2020-01,NA
TR,T�rkiye,EURO,2020-02,NA
TR,T�rkiye,EURO,2020-03,Inf
TR,T�rkiye,EURO,2020-04,1255.9983788165362
TR,T�rkiye,EURO,2020-05,-44.87451554731944
TR,T�rkiye,EURO,2020-06,-40.75546719681908
TR,T�rkiye,EURO,2020-07,-10.64673581452105
TR,T�rkiye,EURO,2020-08,801.2666439057698
TR,T�rkiye,EURO,2020-09,-11.227701993704091
TR,T�rkiye,EURO,2020-10,0.3908817028104224
TR,T�rkiye,EURO,2020-11,75.29435768390448
TR,T�rkiye,EURO,2020-12,84.82931371455453
TR,T�rkiye,EURO,2021-01,-55.71806225195972
TR,T�rkiye,EURO,2021-02,-34.14975942736603
TR,T�rkiye,EURO,2021-03,118.63782995820269
TR,T�rkiye,EURO,2021-04,190.62621540031813
TR,T�rkiye,EURO,2021-05,-54.36086216748413
TR,T�rkiye,EURO,2021-06,-73.9100350315408
TR,T�rkiye,EURO,2021-07,8.960194093930998
TR,T�rkiye,EURO,2021-08,305.04000349280153
TR,T�rkiye,EURO,2021-09,-7.825824506751139
TR,T�rkiye,EURO,2021-10,45.50731628879241
TR,T�rkiye,EURO,2021-11,-28.133485901661743
TR,T�rkiye,EURO,2021-12,-21.356240214717065
TR,T�rkiye,EURO,2022-01,282.42864202095325
TR,T�rkiye,EURO,2022-02,17.914236180507462
TR,T�rkiye,EURO,2022-03,-67.91005446383065
TR,T�rkiye,EURO,2022-04,-72.14240615948528
TR,T�rkiye,EURO,2022-05,-76.30816581197335
TR,T�rkiye,EURO,2022-06,-2.3525032570258704
TR,T�rkiye,EURO,2022-07,2134.7520298860213
TR,T�rkiye,EURO,2022-08,-57.19049710657279
TR,T�rkiye,EURO,2022-09,-80.3217548088896
TR,T�rkiye,EURO,2022-10,-18.790750415097396
TR,T�rkiye,EURO,2022-11,-64.08642098439137
TR,T�rkiye,EURO,2022-12,-100
TR,T�rkiye,EURO,2023-01,NA
TR,T�rkiye,EURO,2023-02,NA
TR,T�rkiye,EURO,2023-03,NA
TR,T�rkiye,EURO,2023-04,NA
TR,T�rkiye,EURO,2023-05,NA
TR,T�rkiye,EURO,2023-06,NA
TR,T�rkiye,EURO,2023-07,NA
TR,T�rkiye,EURO,2023-08,NA
TR,T�rkiye,EURO,2023-09,NA
TR,T�rkiye,EURO,2023-10,NA
TR,T�rkiye,EURO,2023-11,Inf
TR,T�rkiye,EURO,2023-12,0
TR,T�rkiye,EURO,2024-01,20
TR,T�rkiye,EURO,2024-02,-50
TR,T�rkiye,EURO,2024-03,-33.33333333333333
TR,T�rkiye,EURO,2024-04,-100
TR,T�rkiye,EURO,2024-05,Inf
TR,T�rkiye,EURO,2024-06,-100
TR,T�rkiye,EURO,2024-07,Inf
TR,T�rkiye,EURO,2024-08,400
TR,T�rkiye,EURO,2024-09,-20
TR,T�rkiye,EURO,2024-10,-50
TR,T�rkiye,EURO,2024-11,-50
TR,T�rkiye,EURO,2024-12,-100
TR,T�rkiye,EURO,2025-01,NA
TR,T�rkiye,EURO,2025-02,Inf
TR,T�rkiye,EURO,2025-03,-100
TR,T�rkiye,EURO,2025-04,NA
TR,T�rkiye,EURO,2025-05,NA
TT,Trinidad and Tobago,AMRO,2020-01,NA
TT,Trinidad and Tobago,AMRO,2020-02,NA
TT,Trinidad and Tobago,AMRO,2020-03,Inf
TT,Trinidad and Tobago,AMRO,2020-04,-44.5945945945946
TT,Trinidad and Tobago,AMRO,2020-05,-97.5609756097561
TT,Trinidad and Tobago,AMRO,2020-06,700
TT,Trinidad and Tobago,AMRO,2020-07,187.5
TT,Trinidad and Tobago,AMRO,2020-08,6117.391304347826
TT,Trinidad and Tobago,AMRO,2020-09,89.37062937062937
TT,Trinidad and Tobago,AMRO,2020-10,-55.61299852289513
TT,Trinidad and Tobago,AMRO,2020-11,-8.569051580698835
TT,Trinidad and Tobago,AMRO,2020-12,-53.503184713375795
TT,Trinidad and Tobago,AMRO,2021-01,-14.677103718199607
TT,Trinidad and Tobago,AMRO,2021-02,-60.77981651376147
TT,Trinidad and Tobago,AMRO,2021-03,37.42690058479532
TT,Trinidad and Tobago,AMRO,2021-04,558.7234042553191
TT,Trinidad and Tobago,AMRO,2021-05,748.3850129198967
TT,Trinidad and Tobago,AMRO,2021-06,-30.290108886012337
TT,Trinidad and Tobago,AMRO,2021-07,-42.21736755871109
TT,Trinidad and Tobago,AMRO,2021-08,31.07750472589792
TT,Trinidad and Tobago,AMRO,2021-09,-17.95500432650707
TT,Trinidad and Tobago,AMRO,2021-10,30.65565125681139
TT,Trinidad and Tobago,AMRO,2021-11,59.921969595049106
TT,Trinidad and Tobago,AMRO,2021-12,67.71262723984185
TT,Trinidad and Tobago,AMRO,2022-01,9.334871589085072
TT,Trinidad and Tobago,AMRO,2022-02,-25.7099600862504
TT,Trinidad and Tobago,AMRO,2022-03,-40.548385104674864
TT,Trinidad and Tobago,AMRO,2022-04,-23.932689311311936
TT,Trinidad and Tobago,AMRO,2022-05,126.80595384405298
TT,Trinidad and Tobago,AMRO,2022-06,-63.37527846348365
TT,Trinidad and Tobago,AMRO,2022-07,-24.44517507808647
TT,Trinidad and Tobago,AMRO,2022-08,50.97911227154047
TT,Trinidad and Tobago,AMRO,2022-09,-35.35091511745208
TT,Trinidad and Tobago,AMRO,2022-10,-52.83102987070887
TT,Trinidad and Tobago,AMRO,2022-11,-75.23629489603024
TT,Trinidad and Tobago,AMRO,2022-12,23.091603053435115
TT,Trinidad and Tobago,AMRO,2023-01,164.03100775193798
TT,Trinidad and Tobago,AMRO,2023-02,-32.35466823253083
TT,Trinidad and Tobago,AMRO,2023-03,73.4375
TT,Trinidad and Tobago,AMRO,2023-04,-69.21921921921921
TT,Trinidad and Tobago,AMRO,2023-05,-76.260162601626
TT,Trinidad and Tobago,AMRO,2023-06,-100
TT,Trinidad and Tobago,AMRO,2023-07,NA
TT,Trinidad and Tobago,AMRO,2023-08,NA
TT,Trinidad and Tobago,AMRO,2023-09,NA
TT,Trinidad and Tobago,AMRO,2023-10,NA
TT,Trinidad and Tobago,AMRO,2023-11,NA
TT,Trinidad and Tobago,AMRO,2023-12,NA
TT,Trinidad and Tobago,AMRO,2024-01,NA
TT,Trinidad and Tobago,AMRO,2024-02,NA
TT,Trinidad and Tobago,AMRO,2024-03,NA
TT,Trinidad and Tobago,AMRO,2024-04,NA
TT,Trinidad and Tobago,AMRO,2024-05,NA
TT,Trinidad and Tobago,AMRO,2024-06,NA
TT,Trinidad and Tobago,AMRO,2024-07,NA
TT,Trinidad and Tobago,AMRO,2024-08,NA
TT,Trinidad and Tobago,AMRO,2024-09,NA
TT,Trinidad and Tobago,AMRO,2024-10,NA
TT,Trinidad and Tobago,AMRO,2024-11,NA
TT,Trinidad and Tobago,AMRO,2024-12,NA
TT,Trinidad and Tobago,AMRO,2025-01,NA
TT,Trinidad and Tobago,AMRO,2025-02,NA
TT,Trinidad and Tobago,AMRO,2025-03,NA
TT,Trinidad and Tobago,AMRO,2025-04,NA
TT,Trinidad and Tobago,AMRO,2025-05,NA
TV,Tuvalu,WPRO,2020-01,NA
TV,Tuvalu,WPRO,2020-02,NA
TV,Tuvalu,WPRO,2020-03,NA
TV,Tuvalu,WPRO,2020-04,NA
TV,Tuvalu,WPRO,2020-05,NA
TV,Tuvalu,WPRO,2020-06,NA
TV,Tuvalu,WPRO,2020-07,NA
TV,Tuvalu,WPRO,2020-08,NA
TV,Tuvalu,WPRO,2020-09,NA
TV,Tuvalu,WPRO,2020-10,NA
TV,Tuvalu,WPRO,2020-11,NA
TV,Tuvalu,WPRO,2020-12,NA
TV,Tuvalu,WPRO,2021-01,NA
TV,Tuvalu,WPRO,2021-02,NA
TV,Tuvalu,WPRO,2021-03,NA
TV,Tuvalu,WPRO,2021-04,NA
TV,Tuvalu,WPRO,2021-05,NA
TV,Tuvalu,WPRO,2021-06,NA
TV,Tuvalu,WPRO,2021-07,NA
TV,Tuvalu,WPRO,2021-08,NA
TV,Tuvalu,WPRO,2021-09,NA
TV,Tuvalu,WPRO,2021-10,NA
TV,Tuvalu,WPRO,2021-11,NA
TV,Tuvalu,WPRO,2021-12,NA
TV,Tuvalu,WPRO,2022-01,NA
TV,Tuvalu,WPRO,2022-02,NA
TV,Tuvalu,WPRO,2022-03,NA
TV,Tuvalu,WPRO,2022-04,NA
TV,Tuvalu,WPRO,2022-05,Inf
TV,Tuvalu,WPRO,2022-06,-100
TV,Tuvalu,WPRO,2022-07,Inf
TV,Tuvalu,WPRO,2022-08,140
TV,Tuvalu,WPRO,2022-09,-100
TV,Tuvalu,WPRO,2022-10,Inf
TV,Tuvalu,WPRO,2022-11,89466.66666666666
TV,Tuvalu,WPRO,2022-12,-97.43208038704876
TV,Tuvalu,WPRO,2023-01,-100
TV,Tuvalu,WPRO,2023-02,NA
TV,Tuvalu,WPRO,2023-03,NA
TV,Tuvalu,WPRO,2023-04,NA
TV,Tuvalu,WPRO,2023-05,NA
TV,Tuvalu,WPRO,2023-06,Inf
TV,Tuvalu,WPRO,2023-07,-100
TV,Tuvalu,WPRO,2023-08,NA
TV,Tuvalu,WPRO,2023-09,NA
TV,Tuvalu,WPRO,2023-10,NA
TV,Tuvalu,WPRO,2023-11,NA
TV,Tuvalu,WPRO,2023-12,NA
TV,Tuvalu,WPRO,2024-01,NA
TV,Tuvalu,WPRO,2024-02,NA
TV,Tuvalu,WPRO,2024-03,NA
TV,Tuvalu,WPRO,2024-04,NA
TV,Tuvalu,WPRO,2024-05,NA
TV,Tuvalu,WPRO,2024-06,NA
TV,Tuvalu,WPRO,2024-07,NA
TV,Tuvalu,WPRO,2024-08,NA
TV,Tuvalu,WPRO,2024-09,NA
TV,Tuvalu,WPRO,2024-10,NA
TV,Tuvalu,WPRO,2024-11,NA
TV,Tuvalu,WPRO,2024-12,NA
TV,Tuvalu,WPRO,2025-01,NA
TV,Tuvalu,WPRO,2025-02,NA
TV,Tuvalu,WPRO,2025-03,NA
TV,Tuvalu,WPRO,2025-04,NA
TV,Tuvalu,WPRO,2025-05,NA
TZ,United Republic of Tanzania,AFRO,2020-01,NA
TZ,United Republic of Tanzania,AFRO,2020-02,NA
TZ,United Republic of Tanzania,AFRO,2020-03,Inf
TZ,United Republic of Tanzania,AFRO,2020-04,1942.857142857143
TZ,United Republic of Tanzania,AFRO,2020-05,-26.923076923076923
TZ,United Republic of Tanzania,AFRO,2020-06,-100
TZ,United Republic of Tanzania,AFRO,2020-07,NA
TZ,United Republic of Tanzania,AFRO,2020-08,NA
TZ,United Republic of Tanzania,AFRO,2020-09,NA
TZ,United Republic of Tanzania,AFRO,2020-10,NA
TZ,United Republic of Tanzania,AFRO,2020-11,NA
TZ,United Republic of Tanzania,AFRO,2020-12,NA
TZ,United Republic of Tanzania,AFRO,2021-01,NA
TZ,United Republic of Tanzania,AFRO,2021-02,NA
TZ,United Republic of Tanzania,AFRO,2021-03,NA
TZ,United Republic of Tanzania,AFRO,2021-04,NA
TZ,United Republic of Tanzania,AFRO,2021-05,NA
TZ,United Republic of Tanzania,AFRO,2021-06,NA
TZ,United Republic of Tanzania,AFRO,2021-07,Inf
TZ,United Republic of Tanzania,AFRO,2021-08,2635.198135198135
TZ,United Republic of Tanzania,AFRO,2021-09,-95.692006136015
TZ,United Republic of Tanzania,AFRO,2021-10,-65.38081107814045
TZ,United Republic of Tanzania,AFRO,2021-11,-78.85714285714286
TZ,United Republic of Tanzania,AFRO,2021-12,4002.7027027027025
TZ,United Republic of Tanzania,AFRO,2022-01,29.249011857707508
TZ,United Republic of Tanzania,AFRO,2022-02,-90.06116207951071
TZ,United Republic of Tanzania,AFRO,2022-03,-50
TZ,United Republic of Tanzania,AFRO,2022-04,-70.76923076923077
TZ,United Republic of Tanzania,AFRO,2022-05,1591.2280701754385
TZ,United Republic of Tanzania,AFRO,2022-06,-3.319502074688797
TZ,United Republic of Tanzania,AFRO,2022-07,125
TZ,United Republic of Tanzania,AFRO,2022-08,-48.21173104434907
TZ,United Republic of Tanzania,AFRO,2022-09,-54.05156537753223
TZ,United Republic of Tanzania,AFRO,2022-10,67.33466933867736
TZ,United Republic of Tanzania,AFRO,2022-11,87.06586826347305
TZ,United Republic of Tanzania,AFRO,2022-12,-67.733674775928293
TZ,United Republic of Tanzania,AFRO,2023-01,-37.89682539682539
TZ,United Republic of Tanzania,AFRO,2023-02,-41.853035143769965
TZ,United Republic of Tanzania,AFRO,2023-03,-37.91208791208791
TZ,United Republic of Tanzania,AFRO,2023-04,5.3097345132743365
TZ,United Republic of Tanzania,AFRO,2023-05,-100
TZ,United Republic of Tanzania,AFRO,2023-06,NA
TZ,United Republic of Tanzania,AFRO,2023-07,NA
TZ,United Republic of Tanzania,AFRO,2023-08,NA
TZ,United Republic of Tanzania,AFRO,2023-09,NA
TZ,United Republic of Tanzania,AFRO,2023-10,Inf
TZ,United Republic of Tanzania,AFRO,2023-11,16.216216216216218
TZ,United Republic of Tanzania,AFRO,2023-12,51.162790697674424
TZ,United Republic of Tanzania,AFRO,2024-01,-100
TZ,United Republic of Tanzania,AFRO,2024-02,NA
TZ,United Republic of Tanzania,AFRO,2024-03,NA
TZ,United Republic of Tanzania,AFRO,2024-04,Inf
TZ,United Republic of Tanzania,AFRO,2024-05,0
TZ,United Republic of Tanzania,AFRO,2024-06,300
TZ,United Republic of Tanzania,AFRO,2024-07,-100
TZ,United Republic of Tanzania,AFRO,2024-08,Inf
TZ,United Republic of Tanzania,AFRO,2024-09,50
TZ,United Republic of Tanzania,AFRO,2024-10,125
TZ,United Republic of Tanzania,AFRO,2024-11,114.8148148148148
TZ,United Republic of Tanzania,AFRO,2024-12,-44.827586206896555
TZ,United Republic of Tanzania,AFRO,2025-01,-87.5
TZ,United Republic of Tanzania,AFRO,2025-02,-50
TZ,United Republic of Tanzania,AFRO,2025-03,1650
TZ,United Republic of Tanzania,AFRO,2025-04,-11.428571428571429
TZ,United Republic of Tanzania,AFRO,2025-05,-96.7741935483871
UA,Ukraine,EURO,2020-01,NA
UA,Ukraine,EURO,2020-02,NA
UA,Ukraine,EURO,2020-03,Inf
UA,Ukraine,EURO,2020-04,1440.5825242718447
UA,Ukraine,EURO,2020-05,67.84723972775397
UA,Ukraine,EURO,2020-06,36.21686566043403
UA,Ukraine,EURO,2020-07,17.21609702315325
UA,Ukraine,EURO,2020-08,145.68969571556224
UA,Ukraine,EURO,2020-09,50.67858578511131
UA,Ukraine,EURO,2020-10,75.41668783982925
UA,Ukraine,EURO,2020-11,166.22344855555798
UA,Ukraine,EURO,2020-12,-21.02996702973852
UA,Ukraine,EURO,2021-01,-34.178100359287214
UA,Ukraine,EURO,2021-02,-31.616765840306886
UA,Ukraine,EURO,2021-03,129.80346838504278
UA,Ukraine,EURO,2021-04,25.859295645658147
UA,Ukraine,EURO,2021-05,-54.18417459595051
UA,Ukraine,EURO,2021-06,-82.14659050875258
UA,Ukraine,EURO,2021-07,-53.304435027334776
UA,Ukraine,EURO,2021-08,150.19743678559058
UA,Ukraine,EURO,2021-09,205.86166795879944
UA,Ukraine,EURO,2021-10,389.59670483863664
UA,Ukraine,EURO,2021-11,-9.105213624168645
UA,Ukraine,EURO,2021-12,-55.13894737270362
UA,Ukraine,EURO,2022-01,88.69642500861553
UA,Ukraine,EURO,2022-02,85.27140165715055
UA,Ukraine,EURO,2022-03,-83.96769829606696
UA,Ukraine,EURO,2022-04,-68.09620892189699
UA,Ukraine,EURO,2022-05,-62.414099150500824
UA,Ukraine,EURO,2022-06,-68.35784644447443
UA,Ukraine,EURO,2022-07,80.74626865671641
UA,Ukraine,EURO,2022-08,252.5067830600448
UA,Ukraine,EURO,2022-09,304.3872565424001
UA,Ukraine,EURO,2022-10,12.06233087000058
UA,Ukraine,EURO,2022-11,-78.84133958571798
UA,Ukraine,EURO,2022-12,-41.86444227279073
UA,Ukraine,EURO,2023-01,-8.969202137239598
UA,Ukraine,EURO,2023-02,72.30759084613862
UA,Ukraine,EURO,2023-03,155.37949247904464
UA,Ukraine,EURO,2023-04,8.512806678356789
UA,Ukraine,EURO,2023-05,-75.59079043686036
UA,Ukraine,EURO,2023-06,-67.06840943812595
UA,Ukraine,EURO,2023-07,-84.5704467353952
UA,Ukraine,EURO,2023-08,-100
UA,Ukraine,EURO,2023-09,NA
UA,Ukraine,EURO,2023-10,NA
UA,Ukraine,EURO,2023-11,Inf
UA,Ukraine,EURO,2023-12,234.1687552213868
UA,Ukraine,EURO,2024-01,-50.9
UA,Ukraine,EURO,2024-02,-40.32586558044807
UA,Ukraine,EURO,2024-03,25.170648464163826
UA,Ukraine,EURO,2024-04,-53.03340149965917
UA,Ukraine,EURO,2024-05,-59.21625544267054
UA,Ukraine,EURO,2024-06,-62.27758007117438
UA,Ukraine,EURO,2024-07,127.35849056603774
UA,Ukraine,EURO,2024-08,828.630705394191
UA,Ukraine,EURO,2024-09,163.76228775692582
UA,Ukraine,EURO,2024-10,-83.36439098763341
UA,Ukraine,EURO,2024-11,-51.01832993890021
UA,Ukraine,EURO,2024-12,-7.6923076923076925
UA,Ukraine,EURO,2025-01,-47.74774774774775
UA,Ukraine,EURO,2025-02,171.55172413793102
UA,Ukraine,EURO,2025-03,2.0634920634920633
UA,Ukraine,EURO,2025-04,-76.98289269051321
UA,Ukraine,EURO,2025-05,-45.94594594594595
UG,Uganda,AFRO,2020-01,NA
UG,Uganda,AFRO,2020-02,NA
UG,Uganda,AFRO,2020-03,Inf
UG,Uganda,AFRO,2020-04,-11.11111111111111
UG,Uganda,AFRO,2020-05,1395.8333333333337
UG,Uganda,AFRO,2020-06,24.512534818941504
UG,Uganda,AFRO,2020-07,-42.281879194630875
UG,Uganda,AFRO,2020-08,602.7131782945736
UG,Uganda,AFRO,2020-09,153.8334252619967
UG,Uganda,AFRO,2020-10,-14.97175141242938
UG,Uganda,AFRO,2020-11,122.43802708918987
UG,Uganda,AFRO,2020-12,57.03125
UG,Uganda,AFRO,2021-01,-57.82850453614281
UG,Uganda,AFRO,2021-02,-86.50242886884108
UG,Uganda,AFRO,2021-03,-40.48843187660668
UG,Uganda,AFRO,2021-04,93.7365010799136
UG,Uganda,AFRO,2021-05,505.3511705685619
UG,Uganda,AFRO,2021-06,488.2504604051565
UG,Uganda,AFRO,2021-07,-57.31325527518627
UG,Uganda,AFRO,2021-08,98.07847451411808
UG,Uganda,AFRO,2021-09,-86.99274289099526
UG,Uganda,AFRO,2021-10,-14.859094790777114
UG,Uganda,AFRO,2021-11,-56.97091273821464
UG,Uganda,AFRO,2021-12,488.0341880341881
UG,Uganda,AFRO,2022-01,253.4355179704017
UG,Uganda,AFRO,2022-02,-94.41453566621804
UG,Uganda,AFRO,2022-03,-68.4069611780455
UG,Uganda,AFRO,2022-04,-47.24576271186441
UG,Uganda,AFRO,2022-05,43.77510040160642
UG,Uganda,AFRO,2022-06,473.7430167597766
UG,Uganda,AFRO,2022-07,-8.860759493670885
UG,Uganda,AFRO,2022-08,-70.45940170940172
UG,Uganda,AFRO,2022-09,-61.12115732368897
UG,Uganda,AFRO,2022-10,26.51162790697674
UG,Uganda,AFRO,2022-11,23.897058823529413
UG,Uganda,AFRO,2022-12,-48.07121661721068
UG,Uganda,AFRO,2023-01,137.14285714285714
UG,Uganda,AFRO,2023-02,-65.3012048192771
UG,Uganda,AFRO,2023-03,-57.638888888888886
UG,Uganda,AFRO,2023-04,163.9344262295082
UG,Uganda,AFRO,2023-05,-35.40372670807454
UG,Uganda,AFRO,2023-06,427.8846153846154
UG,Uganda,AFRO,2023-07,-26.229508196721312
UG,Uganda,AFRO,2023-08,-71.85185185185186
UG,Uganda,AFRO,2023-09,-82.45614035087719
UG,Uganda,AFRO,2023-10,25
UG,Uganda,AFRO,2023-11,-100
UG,Uganda,AFRO,2023-12,NA
UG,Uganda,AFRO,2024-01,Inf
UG,Uganda,AFRO,2024-02,-80.82191780821918
UG,Uganda,AFRO,2024-03,-100
UG,Uganda,AFRO,2024-04,NA
UG,Uganda,AFRO,2024-05,Inf
UG,Uganda,AFRO,2024-06,-50
UG,Uganda,AFRO,2024-07,100
UG,Uganda,AFRO,2024-08,150
UG,Uganda,AFRO,2024-09,-100
UG,Uganda,AFRO,2024-10,NA
UG,Uganda,AFRO,2024-11,NA
UG,Uganda,AFRO,2024-12,Inf
UG,Uganda,AFRO,2025-01,200
UG,Uganda,AFRO,2025-02,-50
UG,Uganda,AFRO,2025-03,-33.33333333333333
UG,Uganda,AFRO,2025-04,50
UG,Uganda,AFRO,2025-05,-100
US,United States of America,AMRO,2020-01,NA
US,United States of America,AMRO,2020-02,371.42857142857144
US,United States of America,AMRO,2020-03,382533.3333333334
US,United States of America,AMRO,2020-04,530.9054478929903
US,United States of America,AMRO,2020-05,8.26435595590469
US,United States of America,AMRO,2020-06,-14.205629148670976
US,United States of America,AMRO,2020-07,125.4919555918941
US,United States of America,AMRO,2020-08,6.713418146054723
US,United States of America,AMRO,2020-09,-36.72618930614331
US,United States of America,AMRO,2020-10,30.44881837346056
US,United States of America,AMRO,2020-11,219.27032549506043
US,United States of America,AMRO,2020-12,19.931878683360125
US,United States of America,AMRO,2021-01,23.902827277082537
US,United States of America,AMRO,2021-02,-64.61775234930737
US,United States of America,AMRO,2021-03,-35.05997832235805
US,United States of America,AMRO,2021-04,11.055059958504671
US,United States of America,AMRO,2021-05,-32.9200628139715
US,United States of America,AMRO,2021-06,-69.25507393793553
US,United States of America,AMRO,2021-07,163.02675361979172
US,United States of America,AMRO,2021-08,344.64059066282755
US,United States of America,AMRO,2021-09,-5.473495978759686
US,United States of America,AMRO,2021-10,-24.698975907965572
US,United States of America,AMRO,2021-11,-23.504487274760542
US,United States of America,AMRO,2021-12,67.0124164352467
US,United States of America,AMRO,2022-01,460.613440464275
US,United States of America,AMRO,2022-02,-79.07831504663723
US,United States of America,AMRO,2022-03,-78.82899120651045
US,United States of America,AMRO,2022-04,-2.552396677158041
US,United States of America,AMRO,2022-05,209.68203440373773
US,United States of America,AMRO,2022-06,-4.302215480425403
US,United States of America,AMRO,2022-07,52.30839816420135
US,United States of America,AMRO,2022-08,-35.60219385667579
US,United States of America,AMRO,2022-09,-34.22409298912938
US,United States of America,AMRO,2022-10,-22.902822379199534
US,United States of America,AMRO,2022-11,-19.154762828415187
US,United States of America,AMRO,2022-12,52.737889165739546
US,United States of America,AMRO,2023-01,11.406264090130293
US,United States of America,AMRO,2023-02,-43.33022960455919
US,United States of America,AMRO,2023-03,-37.52112572223707
US,United States of America,AMRO,2023-04,-16.100837460656457
US,United States of America,AMRO,2023-05,-70.03980043527332
US,United States of America,AMRO,2023-06,-100
US,United States of America,AMRO,2023-07,NA
US,United States of America,AMRO,2023-08,NA
US,United States of America,AMRO,2023-09,NA
US,United States of America,AMRO,2023-10,NA
US,United States of America,AMRO,2023-11,NA
US,United States of America,AMRO,2023-12,NA
US,United States of America,AMRO,2024-01,NA
US,United States of America,AMRO,2024-02,NA
US,United States of America,AMRO,2024-03,NA
US,United States of America,AMRO,2024-04,NA
US,United States of America,AMRO,2024-05,NA
US,United States of America,AMRO,2024-06,NA
US,United States of America,AMRO,2024-07,NA
US,United States of America,AMRO,2024-08,NA
US,United States of America,AMRO,2024-09,NA
US,United States of America,AMRO,2024-10,NA
US,United States of America,AMRO,2024-11,NA
US,United States of America,AMRO,2024-12,NA
US,United States of America,AMRO,2025-01,NA
US,United States of America,AMRO,2025-02,NA
US,United States of America,AMRO,2025-03,NA
US,United States of America,AMRO,2025-04,NA
US,United States of America,AMRO,2025-05,NA
UY,Uruguay,AMRO,2020-01,NA
UY,Uruguay,AMRO,2020-02,NA
UY,Uruguay,AMRO,2020-03,Inf
UY,Uruguay,AMRO,2020-04,5.474452554744526
UY,Uruguay,AMRO,2020-05,-12.45674740484429
UY,Uruguay,AMRO,2020-06,-59.28853754940712
UY,Uruguay,AMRO,2020-07,139.80582524271844
UY,Uruguay,AMRO,2020-08,57.89473684210527
UY,Uruguay,AMRO,2020-09,5.384615384615385
UY,Uruguay,AMRO,2020-10,92.7007299270073
UY,Uruguay,AMRO,2020-11,221.2121212121212
UY,Uruguay,AMRO,2020-12,314.5047169811321
UY,Uruguay,AMRO,2021-01,134.05405405405406
UY,Uruguay,AMRO,2021-02,-35.12013289574977
UY,Uruguay,AMRO,2021-03,123.57459564104164
UY,Uruguay,AMRO,2021-04,143.5518560934052
UY,Uruguay,AMRO,2021-05,17.738605867376194
UY,Uruguay,AMRO,2021-06,-20.72744274846339
UY,Uruguay,AMRO,2021-07,-79.63800348971517
UY,Uruguay,AMRO,2021-08,-73.568281938326
UY,Uruguay,AMRO,2021-09,-13.65296803652968
UY,Uruguay,AMRO,2021-10,35.93336858804865
UY,Uruguay,AMRO,2021-11,5.738183232834079
UY,Uruguay,AMRO,2021-12,44.389256806475345
UY,Uruguay,AMRO,2022-01,2930.8574340680343
UY,Uruguay,AMRO,2022-02,-19.83126797033948
UY,Uruguay,AMRO,2022-03,-75.33859423747477
UY,Uruguay,AMRO,2022-04,-67.06992962388111
UY,Uruguay,AMRO,2022-05,80.20402892561982
UY,Uruguay,AMRO,2022-06,14.12396990326048
UY,Uruguay,AMRO,2022-07,-55.73590355393696
UY,Uruguay,AMRO,2022-08,-47.28704163415845
UY,Uruguay,AMRO,2022-09,-15.742734122712596
UY,Uruguay,AMRO,2022-10,-17.949536889172787
UY,Uruguay,AMRO,2022-11,-35.48073180225769
UY,Uruguay,AMRO,2022-12,446.395173453997
UY,Uruguay,AMRO,2023-01,14.404019212720144
UY,Uruguay,AMRO,2023-02,-92.3125180967088
UY,Uruguay,AMRO,2023-03,16.509730069052104
UY,Uruguay,AMRO,2023-04,-6.573275862068965
UY,Uruguay,AMRO,2023-05,-100
UY,Uruguay,AMRO,2023-06,NA
UY,Uruguay,AMRO,2023-07,NA
UY,Uruguay,AMRO,2023-08,NA
UY,Uruguay,AMRO,2023-09,NA
UY,Uruguay,AMRO,2023-10,NA
UY,Uruguay,AMRO,2023-11,NA
UY,Uruguay,AMRO,2023-12,NA
UY,Uruguay,AMRO,2024-01,Inf
UY,Uruguay,AMRO,2024-02,11.97339246119734
UY,Uruguay,AMRO,2024-03,15.445544554455443
UY,Uruguay,AMRO,2024-04,-82.16123499142367
UY,Uruguay,AMRO,2024-05,-67.78846153846155
UY,Uruguay,AMRO,2024-06,-26.86567164179105
UY,Uruguay,AMRO,2024-07,-26.53061224489796
UY,Uruguay,AMRO,2024-08,80.55555555555556
UY,Uruguay,AMRO,2024-09,100
UY,Uruguay,AMRO,2024-10,52.307692307692314
UY,Uruguay,AMRO,2024-11,119.19191919191918
UY,Uruguay,AMRO,2024-12,-18.66359447004608
UY,Uruguay,AMRO,2025-01,-56.09065155807366
UY,Uruguay,AMRO,2025-02,-67.0967741935484
UY,Uruguay,AMRO,2025-03,-19.607843137254903
UY,Uruguay,AMRO,2025-04,-63.41463414634146
UY,Uruguay,AMRO,2025-05,-66.66666666666666
UZ,Uzbekistan,EURO,2020-01,NA
UZ,Uzbekistan,EURO,2020-02,NA
UZ,Uzbekistan,EURO,2020-03,NA
UZ,Uzbekistan,EURO,2020-04,NA
UZ,Uzbekistan,EURO,2020-05,NA
UZ,Uzbekistan,EURO,2020-06,NA
UZ,Uzbekistan,EURO,2020-07,NA
UZ,Uzbekistan,EURO,2020-08,NA
UZ,Uzbekistan,EURO,2020-09,NA
UZ,Uzbekistan,EURO,2020-10,Inf
UZ,Uzbekistan,EURO,2020-11,-100
UZ,Uzbekistan,EURO,2020-12,NA
UZ,Uzbekistan,EURO,2021-01,NA
UZ,Uzbekistan,EURO,2021-02,NA
UZ,Uzbekistan,EURO,2021-03,Inf
UZ,Uzbekistan,EURO,2021-04,507.6580587711487
UZ,Uzbekistan,EURO,2021-05,60.90269636576788
UZ,Uzbekistan,EURO,2021-06,-14.781420765027322
UZ,Uzbekistan,EURO,2021-07,63.54600833600513
UZ,Uzbekistan,EURO,2021-08,100.11108932888976
UZ,Uzbekistan,EURO,2021-09,-44.96293635502727
UZ,Uzbekistan,EURO,2021-10,-18.41105968909458
UZ,Uzbekistan,EURO,2021-11,-51.71987491818777
UZ,Uzbekistan,EURO,2021-12,-19.837324898328063
UZ,Uzbekistan,EURO,2022-01,362.7019917324314
UZ,Uzbekistan,EURO,2022-02,-45.595939086294415
UZ,Uzbekistan,EURO,2022-03,-90.49040830036576
UZ,Uzbekistan,EURO,2022-04,-35.32182103610675
UZ,Uzbekistan,EURO,2022-05,-36.650485436893206
UZ,Uzbekistan,EURO,2022-06,178.35249042145594
UZ,Uzbekistan,EURO,2022-07,82.58774948382657
UZ,Uzbekistan,EURO,2022-08,-75.61251413494158
UZ,Uzbekistan,EURO,2022-09,-40.95826893353941
UZ,Uzbekistan,EURO,2022-10,25.392670157068064
UZ,Uzbekistan,EURO,2022-11,234.02922755741128
UZ,Uzbekistan,EURO,2022-12,65.6875
UZ,Uzbekistan,EURO,2023-01,-68.99283289324784
UZ,Uzbekistan,EURO,2023-02,-40.024330900243314
UZ,Uzbekistan,EURO,2023-03,5.88235294117647
UZ,Uzbekistan,EURO,2023-04,85.0574712643678
UZ,Uzbekistan,EURO,2023-05,-17.598343685300208
UZ,Uzbekistan,EURO,2023-06,-33.91959798994975
UZ,Uzbekistan,EURO,2023-07,39.92395437262358
UZ,Uzbekistan,EURO,2023-08,16.847826086956523
UZ,Uzbekistan,EURO,2023-09,29.069767441860467
UZ,Uzbekistan,EURO,2023-10,-59.27927927927929
UZ,Uzbekistan,EURO,2023-11,-24.557522123893804
UZ,Uzbekistan,EURO,2023-12,-51.61290322580645
UZ,Uzbekistan,EURO,2024-01,-100
UZ,Uzbekistan,EURO,2024-02,NA
UZ,Uzbekistan,EURO,2024-03,NA
UZ,Uzbekistan,EURO,2024-04,NA
UZ,Uzbekistan,EURO,2024-05,NA
UZ,Uzbekistan,EURO,2024-06,NA
UZ,Uzbekistan,EURO,2024-07,NA
UZ,Uzbekistan,EURO,2024-08,NA
UZ,Uzbekistan,EURO,2024-09,NA
UZ,Uzbekistan,EURO,2024-10,Inf
UZ,Uzbekistan,EURO,2024-11,-100
UZ,Uzbekistan,EURO,2024-12,NA
UZ,Uzbekistan,EURO,2025-01,NA
UZ,Uzbekistan,EURO,2025-02,NA
UZ,Uzbekistan,EURO,2025-03,NA
UZ,Uzbekistan,EURO,2025-04,NA
UZ,Uzbekistan,EURO,2025-05,NA
VA,Holy See,NA,2020-01,NA
VA,Holy See,NA,2020-02,NA
VA,Holy See,NA,2020-03,Inf
VA,Holy See,NA,2020-04,25
VA,Holy See,NA,2020-05,-40
VA,Holy See,NA,2020-06,-100
VA,Holy See,NA,2020-07,NA
VA,Holy See,NA,2020-08,NA
VA,Holy See,NA,2020-09,NA
VA,Holy See,NA,2020-10,Inf
VA,Holy See,NA,2020-11,-100
VA,Holy See,NA,2020-12,NA
VA,Holy See,NA,2021-01,NA
VA,Holy See,NA,2021-02,NA
VA,Holy See,NA,2021-03,NA
VA,Holy See,NA,2021-04,NA
VA,Holy See,NA,2021-05,NA
VA,Holy See,NA,2021-06,NA
VA,Holy See,NA,2021-07,NA
VA,Holy See,NA,2021-08,NA
VA,Holy See,NA,2021-09,NA
VA,Holy See,NA,2021-10,NA
VA,Holy See,NA,2021-11,NA
VA,Holy See,NA,2021-12,NA
VA,Holy See,NA,2022-01,NA
VA,Holy See,NA,2022-02,NA
VA,Holy See,NA,2022-03,NA
VA,Holy See,NA,2022-04,NA
VA,Holy See,NA,2022-05,NA
VA,Holy See,NA,2022-06,NA
VA,Holy See,NA,2022-07,NA
VA,Holy See,NA,2022-08,NA
VA,Holy See,NA,2022-09,NA
VA,Holy See,NA,2022-10,NA
VA,Holy See,NA,2022-11,NA
VA,Holy See,NA,2022-12,NA
VA,Holy See,NA,2023-01,NA
VA,Holy See,NA,2023-02,NA
VA,Holy See,NA,2023-03,NA
VA,Holy See,NA,2023-04,NA
VA,Holy See,NA,2023-05,NA
VA,Holy See,NA,2023-06,NA
VA,Holy See,NA,2023-07,NA
VA,Holy See,NA,2023-08,NA
VA,Holy See,NA,2023-09,NA
VA,Holy See,NA,2023-10,NA
VA,Holy See,NA,2023-11,NA
VA,Holy See,NA,2023-12,NA
VA,Holy See,NA,2024-01,NA
VA,Holy See,NA,2024-02,NA
VA,Holy See,NA,2024-03,NA
VA,Holy See,NA,2024-04,NA
VA,Holy See,NA,2024-05,NA
VA,Holy See,NA,2024-06,NA
VA,Holy See,NA,2024-07,NA
VA,Holy See,NA,2024-08,NA
VA,Holy See,NA,2024-09,NA
VA,Holy See,NA,2024-10,NA
VA,Holy See,NA,2024-11,NA
VA,Holy See,NA,2024-12,NA
VA,Holy See,NA,2025-01,NA
VA,Holy See,NA,2025-02,NA
VA,Holy See,NA,2025-03,NA
VA,Holy See,NA,2025-04,NA
VA,Holy See,NA,2025-05,NA
VC,Saint Vincent and the Grenadines,AMRO,2020-01,NA
VC,Saint Vincent and the Grenadines,AMRO,2020-02,NA
VC,Saint Vincent and the Grenadines,AMRO,2020-03,Inf
VC,Saint Vincent and the Grenadines,AMRO,2020-04,1200
VC,Saint Vincent and the Grenadines,AMRO,2020-05,-15.384615384615383
VC,Saint Vincent and the Grenadines,AMRO,2020-06,-63.63636363636363
VC,Saint Vincent and the Grenadines,AMRO,2020-07,475
VC,Saint Vincent and the Grenadines,AMRO,2020-08,-65.21739130434783
VC,Saint Vincent and the Grenadines,AMRO,2020-09,-50
VC,Saint Vincent and the Grenadines,AMRO,2020-10,125
VC,Saint Vincent and the Grenadines,AMRO,2020-11,33.33333333333333
VC,Saint Vincent and the Grenadines,AMRO,2020-12,91.66666666666666
VC,Saint Vincent and the Grenadines,AMRO,2021-01,3326.086956521739
VC,Saint Vincent and the Grenadines,AMRO,2021-02,-16.243654822335024
VC,Saint Vincent and the Grenadines,AMRO,2021-03,-75
VC,Saint Vincent and the Grenadines,AMRO,2021-04,-33.939393939393945
VC,Saint Vincent and the Grenadines,AMRO,2021-05,80.73394495412845
VC,Saint Vincent and the Grenadines,AMRO,2021-06,-3.0456852791878175
VC,Saint Vincent and the Grenadines,AMRO,2021-07,-72.25130890052355
VC,Saint Vincent and the Grenadines,AMRO,2021-08,24.528301886792452
VC,Saint Vincent and the Grenadines,AMRO,2021-09,1448.4848484848485
VC,Saint Vincent and the Grenadines,AMRO,2021-10,61.35029354207436
VC,Saint Vincent and the Grenadines,AMRO,2021-11,-68.82959369314736
VC,Saint Vincent and the Grenadines,AMRO,2021-12,-37.54863813229572
VC,Saint Vincent and the Grenadines,AMRO,2022-01,541.7445482866044
VC,Saint Vincent and the Grenadines,AMRO,2022-02,-80.29126213592232
VC,Saint Vincent and the Grenadines,AMRO,2022-03,-94.08866995073892
VC,Saint Vincent and the Grenadines,AMRO,2022-04,166.66666666666669
VC,Saint Vincent and the Grenadines,AMRO,2022-05,353.125
VC,Saint Vincent and the Grenadines,AMRO,2022-06,18.96551724137931
VC,Saint Vincent and the Grenadines,AMRO,2022-07,-4.057971014492753
VC,Saint Vincent and the Grenadines,AMRO,2022-08,-82.17522658610272
VC,Saint Vincent and the Grenadines,AMRO,2022-09,-55.932203389830505
VC,Saint Vincent and the Grenadines,AMRO,2022-10,-65.38461538461539
VC,Saint Vincent and the Grenadines,AMRO,2022-11,22.22222222222222
VC,Saint Vincent and the Grenadines,AMRO,2022-12,381.8181818181818
VC,Saint Vincent and the Grenadines,AMRO,2023-01,13.20754716981132
VC,Saint Vincent and the Grenadines,AMRO,2023-02,-86.66666666666667
VC,Saint Vincent and the Grenadines,AMRO,2023-03,-12.5
VC,Saint Vincent and the Grenadines,AMRO,2023-04,114.28571428571428
VC,Saint Vincent and the Grenadines,AMRO,2023-05,46.666666666666664
VC,Saint Vincent and the Grenadines,AMRO,2023-06,-77.27272727272727
VC,Saint Vincent and the Grenadines,AMRO,2023-07,260
VC,Saint Vincent and the Grenadines,AMRO,2023-08,-22.22222222222222
VC,Saint Vincent and the Grenadines,AMRO,2023-09,-71.42857142857143
VC,Saint Vincent and the Grenadines,AMRO,2023-10,-100
VC,Saint Vincent and the Grenadines,AMRO,2023-11,NA
VC,Saint Vincent and the Grenadines,AMRO,2023-12,NA
VC,Saint Vincent and the Grenadines,AMRO,2024-01,NA
VC,Saint Vincent and the Grenadines,AMRO,2024-02,NA
VC,Saint Vincent and the Grenadines,AMRO,2024-03,NA
VC,Saint Vincent and the Grenadines,AMRO,2024-04,NA
VC,Saint Vincent and the Grenadines,AMRO,2024-05,NA
VC,Saint Vincent and the Grenadines,AMRO,2024-06,NA
VC,Saint Vincent and the Grenadines,AMRO,2024-07,NA
VC,Saint Vincent and the Grenadines,AMRO,2024-08,NA
VC,Saint Vincent and the Grenadines,AMRO,2024-09,NA
VC,Saint Vincent and the Grenadines,AMRO,2024-10,NA
VC,Saint Vincent and the Grenadines,AMRO,2024-11,NA
VC,Saint Vincent and the Grenadines,AMRO,2024-12,NA
VC,Saint Vincent and the Grenadines,AMRO,2025-01,NA
VC,Saint Vincent and the Grenadines,AMRO,2025-02,NA
VC,Saint Vincent and the Grenadines,AMRO,2025-03,NA
VC,Saint Vincent and the Grenadines,AMRO,2025-04,NA
VC,Saint Vincent and the Grenadines,AMRO,2025-05,NA
VE,Venezuela (Bolivarian Republic of),AMRO,2020-01,NA
VE,Venezuela (Bolivarian Republic of),AMRO,2020-02,NA
VE,Venezuela (Bolivarian Republic of),AMRO,2020-03,Inf
VE,Venezuela (Bolivarian Republic of),AMRO,2020-04,81.41592920353983
VE,Venezuela (Bolivarian Republic of),AMRO,2020-05,413.1707317073171
VE,Venezuela (Bolivarian Republic of),AMRO,2020-06,224.04942965779463
VE,Venezuela (Bolivarian Republic of),AMRO,2020-07,178.20475212672338
VE,Venezuela (Bolivarian Republic of),AMRO,2020-08,212.27330240404893
VE,Venezuela (Bolivarian Republic of),AMRO,2020-09,-7.502701242571582
VE,Venezuela (Bolivarian Republic of),AMRO,2020-10,-37.42060305176316
VE,Venezuela (Bolivarian Republic of),AMRO,2020-11,-23.5373038558012
VE,Venezuela (Bolivarian Republic of),AMRO,2020-12,-23.1080256332011
VE,Venezuela (Bolivarian Republic of),AMRO,2021-01,40.6191090385951
VE,Venezuela (Bolivarian Republic of),AMRO,2021-02,-11.670076906794607
VE,Venezuela (Bolivarian Republic of),AMRO,2021-03,32.678328940011184
VE,Venezuela (Bolivarian Republic of),AMRO,2021-04,107.56170981336544
VE,Venezuela (Bolivarian Republic of),AMRO,2021-05,18.244575936883628
VE,Venezuela (Bolivarian Republic of),AMRO,2021-06,-9.716430358632191
VE,Venezuela (Bolivarian Republic of),AMRO,2021-07,-16.234207308789568
VE,Venezuela (Bolivarian Republic of),AMRO,2021-08,8.10898475510866
VE,Venezuela (Bolivarian Republic of),AMRO,2021-09,-10.78007800780078
VE,Venezuela (Bolivarian Republic of),AMRO,2021-10,49.96805326697381
VE,Venezuela (Bolivarian Republic of),AMRO,2021-11,-46.37411427033815
VE,Venezuela (Bolivarian Republic of),AMRO,2021-12,-42.96884800334519
VE,Venezuela (Bolivarian Republic of),AMRO,2022-01,164.0369528557812
VE,Venezuela (Bolivarian Republic of),AMRO,2022-02,-4.431856047984006
VE,Venezuela (Bolivarian Republic of),AMRO,2022-03,-80.79091120409112
VE,Venezuela (Bolivarian Republic of),AMRO,2022-04,-68.99107548026018
VE,Venezuela (Bolivarian Republic of),AMRO,2022-05,-29.17073170731707
VE,Venezuela (Bolivarian Republic of),AMRO,2022-06,37.672176308539946
VE,Venezuela (Bolivarian Republic of),AMRO,2022-07,368.58429214607304
VE,Venezuela (Bolivarian Republic of),AMRO,2022-08,-23.84968506458845
VE,Venezuela (Bolivarian Republic of),AMRO,2022-09,-66.83022571148184
VE,Venezuela (Bolivarian Republic of),AMRO,2022-10,-40.91293322062553
VE,Venezuela (Bolivarian Republic of),AMRO,2022-11,0.2145922746781116
VE,Venezuela (Bolivarian Republic of),AMRO,2022-12,88.43683083511777
VE,Venezuela (Bolivarian Republic of),AMRO,2023-01,-41.09848484848485
VE,Venezuela (Bolivarian Republic of),AMRO,2023-02,-64.11575562700965
VE,Venezuela (Bolivarian Republic of),AMRO,2023-03,-39.06810035842294
VE,Venezuela (Bolivarian Republic of),AMRO,2023-04,-17.352941176470587
VE,Venezuela (Bolivarian Republic of),AMRO,2023-05,-58.362989323843415
VE,Venezuela (Bolivarian Republic of),AMRO,2023-06,-100
VE,Venezuela (Bolivarian Republic of),AMRO,2023-07,NA
VE,Venezuela (Bolivarian Republic of),AMRO,2023-08,NA
VE,Venezuela (Bolivarian Republic of),AMRO,2023-09,NA
VE,Venezuela (Bolivarian Republic of),AMRO,2023-10,NA
VE,Venezuela (Bolivarian Republic of),AMRO,2023-11,NA
VE,Venezuela (Bolivarian Republic of),AMRO,2023-12,NA
VE,Venezuela (Bolivarian Republic of),AMRO,2024-01,NA
VE,Venezuela (Bolivarian Republic of),AMRO,2024-02,NA
VE,Venezuela (Bolivarian Republic of),AMRO,2024-03,NA
VE,Venezuela (Bolivarian Republic of),AMRO,2024-04,NA
VE,Venezuela (Bolivarian Republic of),AMRO,2024-05,NA
VE,Venezuela (Bolivarian Republic of),AMRO,2024-06,NA
VE,Venezuela (Bolivarian Republic of),AMRO,2024-07,NA
VE,Venezuela (Bolivarian Republic of),AMRO,2024-08,NA
VE,Venezuela (Bolivarian Republic of),AMRO,2024-09,NA
VE,Venezuela (Bolivarian Republic of),AMRO,2024-10,NA
VE,Venezuela (Bolivarian Republic of),AMRO,2024-11,NA
VE,Venezuela (Bolivarian Republic of),AMRO,2024-12,NA
VE,Venezuela (Bolivarian Republic of),AMRO,2025-01,Inf
VE,Venezuela (Bolivarian Republic of),AMRO,2025-02,-5.555555555555555
VE,Venezuela (Bolivarian Republic of),AMRO,2025-03,-82.35294117647058
VE,Venezuela (Bolivarian Republic of),AMRO,2025-04,-66.66666666666666
VE,Venezuela (Bolivarian Republic of),AMRO,2025-05,-100
VG,British Virgin Islands,AMRO,2020-01,NA
VG,British Virgin Islands,AMRO,2020-02,NA
VG,British Virgin Islands,AMRO,2020-03,Inf
VG,British Virgin Islands,AMRO,2020-04,100
VG,British Virgin Islands,AMRO,2020-05,-50
VG,British Virgin Islands,AMRO,2020-06,-100
VG,British Virgin Islands,AMRO,2020-07,NA
VG,British Virgin Islands,AMRO,2020-08,Inf
VG,British Virgin Islands,AMRO,2020-09,33.33333333333333
VG,British Virgin Islands,AMRO,2020-10,-97.2222222222222
VG,British Virgin Islands,AMRO,2020-11,-100
VG,British Virgin Islands,AMRO,2020-12,Inf
VG,British Virgin Islands,AMRO,2021-01,128.57142857142858
VG,British Virgin Islands,AMRO,2021-02,-75
VG,British Virgin Islands,AMRO,2021-03,-91.66666666666666
VG,British Virgin Islands,AMRO,2021-04,3900
VG,British Virgin Islands,AMRO,2021-05,137.5
VG,British Virgin Islands,AMRO,2021-06,-90.52631578947368
VG,British Virgin Islands,AMRO,2021-07,23133.333333333336
VG,British Virgin Islands,AMRO,2021-08,-91.43950263032042
VG,British Virgin Islands,AMRO,2021-09,-39.66480446927375
VG,British Virgin Islands,AMRO,2021-10,-54.629629629629626
VG,British Virgin Islands,AMRO,2021-11,-2.0408163265306123
VG,British Virgin Islands,AMRO,2021-12,520.8333333333333
VG,British Virgin Islands,AMRO,2022-01,840.9395973154362
VG,British Virgin Islands,AMRO,2022-02,-92.51069900142652
VG,British Virgin Islands,AMRO,2022-03,-90.95238095238096
VG,British Virgin Islands,AMRO,2022-04,910.5263157894736
VG,British Virgin Islands,AMRO,2022-05,105.20833333333331
VG,British Virgin Islands,AMRO,2022-06,-36.29441624365482
VG,British Virgin Islands,AMRO,2022-07,-24.302788844621514
VG,British Virgin Islands,AMRO,2022-08,-100
VG,British Virgin Islands,AMRO,2022-09,Inf
VG,British Virgin Islands,AMRO,2022-10,-100
VG,British Virgin Islands,AMRO,2022-11,NA
VG,British Virgin Islands,AMRO,2022-12,NA
VG,British Virgin Islands,AMRO,2023-01,NA
VG,British Virgin Islands,AMRO,2023-02,NA
VG,British Virgin Islands,AMRO,2023-03,NA
VG,British Virgin Islands,AMRO,2023-04,NA
VG,British Virgin Islands,AMRO,2023-05,Inf
VG,British Virgin Islands,AMRO,2023-06,2300
VG,British Virgin Islands,AMRO,2023-07,-29.166666666666668
VG,British Virgin Islands,AMRO,2023-08,-5.88235294117647
VG,British Virgin Islands,AMRO,2023-09,50
VG,British Virgin Islands,AMRO,2023-10,-45.83333333333333
VG,British Virgin Islands,AMRO,2023-11,-23.076923076923077
VG,British Virgin Islands,AMRO,2023-12,0
VG,British Virgin Islands,AMRO,2024-01,0
VG,British Virgin Islands,AMRO,2024-02,50
VG,British Virgin Islands,AMRO,2024-03,-66.66666666666666
VG,British Virgin Islands,AMRO,2024-04,-80
VG,British Virgin Islands,AMRO,2024-05,3000
VG,British Virgin Islands,AMRO,2024-06,170.96774193548387
VG,British Virgin Islands,AMRO,2024-07,-29.761904761904763
VG,British Virgin Islands,AMRO,2024-08,-76.27118644067797
VG,British Virgin Islands,AMRO,2024-09,-71.42857142857143
VG,British Virgin Islands,AMRO,2024-10,-100
VG,British Virgin Islands,AMRO,2024-11,NA
VG,British Virgin Islands,AMRO,2024-12,NA
VG,British Virgin Islands,AMRO,2025-01,Inf
VG,British Virgin Islands,AMRO,2025-02,-100
VG,British Virgin Islands,AMRO,2025-03,NA
VG,British Virgin Islands,AMRO,2025-04,NA
VG,British Virgin Islands,AMRO,2025-05,NA
VI,United States Virgin Islands,AMRO,2020-01,NA
VI,United States Virgin Islands,AMRO,2020-02,NA
VI,United States Virgin Islands,AMRO,2020-03,Inf
VI,United States Virgin Islands,AMRO,2020-04,123.52941176470588
VI,United States Virgin Islands,AMRO,2020-05,-63.1578947368421
VI,United States Virgin Islands,AMRO,2020-06,-14.285714285714285
VI,United States Virgin Islands,AMRO,2020-07,2158.333333333333
VI,United States Virgin Islands,AMRO,2020-08,182.65682656826567
VI,United States Virgin Islands,AMRO,2020-09,-76.76240208877284
VI,United States Virgin Islands,AMRO,2020-10,-71.91011235955057
VI,United States Virgin Islands,AMRO,2020-11,284
VI,United States Virgin Islands,AMRO,2020-12,129.6875
VI,United States Virgin Islands,AMRO,2021-01,-4.988662131519274
VI,United States Virgin Islands,AMRO,2021-02,-40.81145584725537
VI,United States Virgin Islands,AMRO,2021-03,2.82258064516129
VI,United States Virgin Islands,AMRO,2021-04,-29.80392156862745
VI,United States Virgin Islands,AMRO,2021-05,115.08379888268156
VI,United States Virgin Islands,AMRO,2021-06,-2.857142857142857
VI,United States Virgin Islands,AMRO,2021-07,32.887700534759354
VI,United States Virgin Islands,AMRO,2021-08,189.3360160965795
VI,United States Virgin Islands,AMRO,2021-09,-40.403337969401946
VI,United States Virgin Islands,AMRO,2021-10,-33.13885647607935
VI,United States Virgin Islands,AMRO,2021-11,-50.08726003490401
VI,United States Virgin Islands,AMRO,2021-12,80.76923076923077
VI,United States Virgin Islands,AMRO,2022-01,1222.823984526112
VI,United States Virgin Islands,AMRO,2022-02,-91.97251060096504
VI,United States Virgin Islands,AMRO,2022-03,-60.65573770491803
VI,United States Virgin Islands,AMRO,2022-04,122.22222222222224
VI,United States Virgin Islands,AMRO,2022-05,616.875
VI,United States Virgin Islands,AMRO,2022-06,-63.46992153443767
VI,United States Virgin Islands,AMRO,2022-07,-21.559268098647575
VI,United States Virgin Islands,AMRO,2022-08,-28.397565922920897
VI,United States Virgin Islands,AMRO,2022-09,-9.490084985835692
VI,United States Virgin Islands,AMRO,2022-10,-66.66666666666666
VI,United States Virgin Islands,AMRO,2022-11,-23.943661971830984
VI,United States Virgin Islands,AMRO,2022-12,47.53086419753087
VI,United States Virgin Islands,AMRO,2023-01,210.04184100418408
VI,United States Virgin Islands,AMRO,2023-02,-62.07827260458839
VI,United States Virgin Islands,AMRO,2023-03,-70.8185053380783
VI,United States Virgin Islands,AMRO,2023-04,-1.2195121951219512
VI,United States Virgin Islands,AMRO,2023-05,106.17283950617283
VI,United States Virgin Islands,AMRO,2023-06,-4.790419161676647
VI,United States Virgin Islands,AMRO,2023-07,-9.433962264150944
VI,United States Virgin Islands,AMRO,2023-08,-100
VI,United States Virgin Islands,AMRO,2023-09,NA
VI,United States Virgin Islands,AMRO,2023-10,NA
VI,United States Virgin Islands,AMRO,2023-11,NA
VI,United States Virgin Islands,AMRO,2023-12,NA
VI,United States Virgin Islands,AMRO,2024-01,NA
VI,United States Virgin Islands,AMRO,2024-02,NA
VI,United States Virgin Islands,AMRO,2024-03,NA
VI,United States Virgin Islands,AMRO,2024-04,NA
VI,United States Virgin Islands,AMRO,2024-05,NA
VI,United States Virgin Islands,AMRO,2024-06,NA
VI,United States Virgin Islands,AMRO,2024-07,NA
VI,United States Virgin Islands,AMRO,2024-08,NA
VI,United States Virgin Islands,AMRO,2024-09,NA
VI,United States Virgin Islands,AMRO,2024-10,NA
VI,United States Virgin Islands,AMRO,2024-11,NA
VI,United States Virgin Islands,AMRO,2024-12,NA
VI,United States Virgin Islands,AMRO,2025-01,NA
VI,United States Virgin Islands,AMRO,2025-02,NA
VI,United States Virgin Islands,AMRO,2025-03,NA
VI,United States Virgin Islands,AMRO,2025-04,NA
VI,United States Virgin Islands,AMRO,2025-05,NA
VN,Viet Nam,WPRO,2020-01,NA
VN,Viet Nam,WPRO,2020-02,600
VN,Viet Nam,WPRO,2020-03,1028.571428571429
VN,Viet Nam,WPRO,2020-04,-39.24050632911392
VN,Viet Nam,WPRO,2020-05,-39.58333333333333
VN,Viet Nam,WPRO,2020-06,-53.44827586206896
VN,Viet Nam,WPRO,2020-07,133.33333333333331
VN,Viet Nam,WPRO,2020-08,887.3015873015873
VN,Viet Nam,WPRO,2020-09,-95.33762057877814
VN,Viet Nam,WPRO,2020-10,213.79310344827584
VN,Viet Nam,WPRO,2020-11,98.9010989010989
VN,Viet Nam,WPRO,2020-12,-45.30386740331492
VN,Viet Nam,WPRO,2021-01,282.82828282828285
VN,Viet Nam,WPRO,2021-02,65.96306068601582
VN,Viet Nam,WPRO,2021-03,-77.26550079491255
VN,Viet Nam,WPRO,2021-04,78.32167832167832
VN,Viet Nam,WPRO,2021-05,1594.9019607843138
VN,Viet Nam,WPRO,2021-06,98.3341045812124
VN,Viet Nam,WPRO,2021-07,896.6518898740084
VN,Viet Nam,WPRO,2021-08,291.05731977104864
VN,Viet Nam,WPRO,2021-09,-3.7917699316355975
VN,Viet Nam,WPRO,2021-10,-48.84233909104485
VN,Viet Nam,WPRO,2021-11,75.8880516684607
VN,Viet Nam,WPRO,2021-12,52.59527415306101
VN,Viet Nam,WPRO,2022-01,38.53031611051066
VN,Viet Nam,WPRO,2022-02,73.04327913899702
VN,Viet Nam,WPRO,2022-03,437.8758204531018
VN,Viet Nam,WPRO,2022-04,-72.72581095263166
VN,Viet Nam,WPRO,2022-05,-90.0936773732965
VN,Viet Nam,WPRO,2022-06,-82.96118999147963
VN,Viet Nam,WPRO,2022-07,19.215940756575183
VN,Viet Nam,WPRO,2022-08,1907.358073708815
VN,Viet Nam,WPRO,2022-09,-88.8752596033293
VN,Viet Nam,WPRO,2022-10,-55.79628063031416
VN,Viet Nam,WPRO,2022-11,-61.05939213078595
VN,Viet Nam,WPRO,2022-12,-16.46813827571845
VN,Viet Nam,WPRO,2023-01,-78.13123254886318
VN,Viet Nam,WPRO,2023-02,-77.38258093935248
VN,Viet Nam,WPRO,2023-03,-37.096774193548384
VN,Viet Nam,WPRO,2023-04,10367.628205128203
VN,Viet Nam,WPRO,2023-05,52.102023944395114
VN,Viet Nam,WPRO,2023-06,-78.842476094615
VN,Viet Nam,WPRO,2023-07,-83.33967649857279
VN,Viet Nam,WPRO,2023-08,-49.45745288406625
VN,Viet Nam,WPRO,2023-09,0.3389830508474576
VN,Viet Nam,WPRO,2023-10,-51.689189189189186
VN,Viet Nam,WPRO,2023-11,-100
VN,Viet Nam,WPRO,2023-12,NA
VN,Viet Nam,WPRO,2024-01,NA
VN,Viet Nam,WPRO,2024-02,NA
VN,Viet Nam,WPRO,2024-03,NA
VN,Viet Nam,WPRO,2024-04,NA
VN,Viet Nam,WPRO,2024-05,NA
VN,Viet Nam,WPRO,2024-06,NA
VN,Viet Nam,WPRO,2024-07,NA
VN,Viet Nam,WPRO,2024-08,NA
VN,Viet Nam,WPRO,2024-09,NA
VN,Viet Nam,WPRO,2024-10,NA
VN,Viet Nam,WPRO,2024-11,NA
VN,Viet Nam,WPRO,2024-12,NA
VN,Viet Nam,WPRO,2025-01,NA
VN,Viet Nam,WPRO,2025-02,NA
VN,Viet Nam,WPRO,2025-03,NA
VN,Viet Nam,WPRO,2025-04,NA
VN,Viet Nam,WPRO,2025-05,NA
VU,Vanuatu,WPRO,2020-01,NA
VU,Vanuatu,WPRO,2020-02,NA
VU,Vanuatu,WPRO,2020-03,NA
VU,Vanuatu,WPRO,2020-04,NA
VU,Vanuatu,WPRO,2020-05,NA
VU,Vanuatu,WPRO,2020-06,NA
VU,Vanuatu,WPRO,2020-07,NA
VU,Vanuatu,WPRO,2020-08,NA
VU,Vanuatu,WPRO,2020-09,NA
VU,Vanuatu,WPRO,2020-10,NA
VU,Vanuatu,WPRO,2020-11,Inf
VU,Vanuatu,WPRO,2020-12,-100
VU,Vanuatu,WPRO,2021-01,NA
VU,Vanuatu,WPRO,2021-02,NA
VU,Vanuatu,WPRO,2021-03,Inf
VU,Vanuatu,WPRO,2021-04,-100
VU,Vanuatu,WPRO,2021-05,NA
VU,Vanuatu,WPRO,2021-06,NA
VU,Vanuatu,WPRO,2021-07,NA
VU,Vanuatu,WPRO,2021-08,NA
VU,Vanuatu,WPRO,2021-09,NA
VU,Vanuatu,WPRO,2021-10,Inf
VU,Vanuatu,WPRO,2021-11,-100
VU,Vanuatu,WPRO,2021-12,Inf
VU,Vanuatu,WPRO,2022-01,-100
VU,Vanuatu,WPRO,2022-02,Inf
VU,Vanuatu,WPRO,2022-03,22781.81818181818
VU,Vanuatu,WPRO,2022-04,71.91100516487883
VU,Vanuatu,WPRO,2022-05,-50.31199445343194
VU,Vanuatu,WPRO,2022-06,0.8837209302325582
VU,Vanuatu,WPRO,2022-07,-74.91931765790687
VU,Vanuatu,WPRO,2022-08,-89.88970588235294
VU,Vanuatu,WPRO,2022-09,209.0909090909091
VU,Vanuatu,WPRO,2022-10,-81.76470588235294
VU,Vanuatu,WPRO,2022-11,-100
VU,Vanuatu,WPRO,2022-12,Inf
VU,Vanuatu,WPRO,2023-01,-96.875
VU,Vanuatu,WPRO,2023-02,-100
VU,Vanuatu,WPRO,2023-03,NA
VU,Vanuatu,WPRO,2023-04,Inf
VU,Vanuatu,WPRO,2023-05,-100
VU,Vanuatu,WPRO,2023-06,Inf
VU,Vanuatu,WPRO,2023-07,-100
VU,Vanuatu,WPRO,2023-08,NA
VU,Vanuatu,WPRO,2023-09,NA
VU,Vanuatu,WPRO,2023-10,NA
VU,Vanuatu,WPRO,2023-11,NA
VU,Vanuatu,WPRO,2023-12,NA
VU,Vanuatu,WPRO,2024-01,NA
VU,Vanuatu,WPRO,2024-02,NA
VU,Vanuatu,WPRO,2024-03,NA
VU,Vanuatu,WPRO,2024-04,NA
VU,Vanuatu,WPRO,2024-05,NA
VU,Vanuatu,WPRO,2024-06,NA
VU,Vanuatu,WPRO,2024-07,NA
VU,Vanuatu,WPRO,2024-08,NA
VU,Vanuatu,WPRO,2024-09,NA
VU,Vanuatu,WPRO,2024-10,NA
VU,Vanuatu,WPRO,2024-11,NA
VU,Vanuatu,WPRO,2024-12,NA
VU,Vanuatu,WPRO,2025-01,NA
VU,Vanuatu,WPRO,2025-02,NA
VU,Vanuatu,WPRO,2025-03,NA
VU,Vanuatu,WPRO,2025-04,NA
VU,Vanuatu,WPRO,2025-05,NA
WF,Wallis and Futuna,WPRO,2020-01,NA
WF,Wallis and Futuna,WPRO,2020-02,NA
WF,Wallis and Futuna,WPRO,2020-03,NA
WF,Wallis and Futuna,WPRO,2020-04,NA
WF,Wallis and Futuna,WPRO,2020-05,NA
WF,Wallis and Futuna,WPRO,2020-06,NA
WF,Wallis and Futuna,WPRO,2020-07,NA
WF,Wallis and Futuna,WPRO,2020-08,NA
WF,Wallis and Futuna,WPRO,2020-09,NA
WF,Wallis and Futuna,WPRO,2020-10,Inf
WF,Wallis and Futuna,WPRO,2020-11,100
WF,Wallis and Futuna,WPRO,2020-12,-50
WF,Wallis and Futuna,WPRO,2021-01,0
WF,Wallis and Futuna,WPRO,2021-02,300
WF,Wallis and Futuna,WPRO,2021-03,9075
WF,Wallis and Futuna,WPRO,2021-04,-80.10899182561307
WF,Wallis and Futuna,WPRO,2021-05,-94.52054794520548
WF,Wallis and Futuna,WPRO,2021-06,-100
WF,Wallis and Futuna,WPRO,2021-07,NA
WF,Wallis and Futuna,WPRO,2021-08,NA
WF,Wallis and Futuna,WPRO,2021-09,NA
WF,Wallis and Futuna,WPRO,2021-10,NA
WF,Wallis and Futuna,WPRO,2021-11,NA
WF,Wallis and Futuna,WPRO,2021-12,NA
WF,Wallis and Futuna,WPRO,2022-01,NA
WF,Wallis and Futuna,WPRO,2022-02,NA
WF,Wallis and Futuna,WPRO,2022-03,NA
WF,Wallis and Futuna,WPRO,2022-04,Inf
WF,Wallis and Futuna,WPRO,2022-05,-100
WF,Wallis and Futuna,WPRO,2022-06,NA
WF,Wallis and Futuna,WPRO,2022-07,Inf
WF,Wallis and Futuna,WPRO,2022-08,-100
WF,Wallis and Futuna,WPRO,2022-09,NA
WF,Wallis and Futuna,WPRO,2022-10,Inf
WF,Wallis and Futuna,WPRO,2022-11,-100
WF,Wallis and Futuna,WPRO,2022-12,NA
WF,Wallis and Futuna,WPRO,2023-01,Inf
WF,Wallis and Futuna,WPRO,2023-02,-100
WF,Wallis and Futuna,WPRO,2023-03,NA
WF,Wallis and Futuna,WPRO,2023-04,NA
WF,Wallis and Futuna,WPRO,2023-05,Inf
WF,Wallis and Futuna,WPRO,2023-06,-48.148148148148145
WF,Wallis and Futuna,WPRO,2023-07,-100
WF,Wallis and Futuna,WPRO,2023-08,NA
WF,Wallis and Futuna,WPRO,2023-09,NA
WF,Wallis and Futuna,WPRO,2023-10,NA
WF,Wallis and Futuna,WPRO,2023-11,NA
WF,Wallis and Futuna,WPRO,2023-12,NA
WF,Wallis and Futuna,WPRO,2024-01,NA
WF,Wallis and Futuna,WPRO,2024-02,NA
WF,Wallis and Futuna,WPRO,2024-03,Inf
WF,Wallis and Futuna,WPRO,2024-04,-100
WF,Wallis and Futuna,WPRO,2024-05,NA
WF,Wallis and Futuna,WPRO,2024-06,NA
WF,Wallis and Futuna,WPRO,2024-07,NA
WF,Wallis and Futuna,WPRO,2024-08,NA
WF,Wallis and Futuna,WPRO,2024-09,NA
WF,Wallis and Futuna,WPRO,2024-10,NA
WF,Wallis and Futuna,WPRO,2024-11,NA
WF,Wallis and Futuna,WPRO,2024-12,NA
WF,Wallis and Futuna,WPRO,2025-01,NA
WF,Wallis and Futuna,WPRO,2025-02,NA
WF,Wallis and Futuna,WPRO,2025-03,NA
WF,Wallis and Futuna,WPRO,2025-04,NA
WF,Wallis and Futuna,WPRO,2025-05,NA
WS,Samoa,WPRO,2020-01,NA
WS,Samoa,WPRO,2020-02,NA
WS,Samoa,WPRO,2020-03,NA
WS,Samoa,WPRO,2020-04,NA
WS,Samoa,WPRO,2020-05,NA
WS,Samoa,WPRO,2020-06,NA
WS,Samoa,WPRO,2020-07,NA
WS,Samoa,WPRO,2020-08,NA
WS,Samoa,WPRO,2020-09,NA
WS,Samoa,WPRO,2020-10,NA
WS,Samoa,WPRO,2020-11,NA
WS,Samoa,WPRO,2020-12,Inf
WS,Samoa,WPRO,2021-01,-100
WS,Samoa,WPRO,2021-02,NA
WS,Samoa,WPRO,2021-03,NA
WS,Samoa,WPRO,2021-04,NA
WS,Samoa,WPRO,2021-05,NA
WS,Samoa,WPRO,2021-06,NA
WS,Samoa,WPRO,2021-07,NA
WS,Samoa,WPRO,2021-08,NA
WS,Samoa,WPRO,2021-09,NA
WS,Samoa,WPRO,2021-10,NA
WS,Samoa,WPRO,2021-11,NA
WS,Samoa,WPRO,2021-12,Inf
WS,Samoa,WPRO,2022-01,2900
WS,Samoa,WPRO,2022-02,-96.66666666666669
WS,Samoa,WPRO,2022-03,125300
WS,Samoa,WPRO,2022-04,393.2216905901116
WS,Samoa,WPRO,2022-05,0.17784963621665317
WS,Samoa,WPRO,2022-06,-76.3879922530665
WS,Samoa,WPRO,2022-07,-61.58578263841422
WS,Samoa,WPRO,2022-08,-35.587188612099645
WS,Samoa,WPRO,2022-09,-53.86740331491713
WS,Samoa,WPRO,2022-10,-92.81437125748504
WS,Samoa,WPRO,2022-11,75
WS,Samoa,WPRO,2022-12,-28.57142857142857
WS,Samoa,WPRO,2023-01,720
WS,Samoa,WPRO,2023-02,-79.67479674796748
WS,Samoa,WPRO,2023-03,928
WS,Samoa,WPRO,2023-04,-68.09338521400778
WS,Samoa,WPRO,2023-05,-92.6829268292683
WS,Samoa,WPRO,2023-06,33.33333333333333
WS,Samoa,WPRO,2023-07,-50
WS,Samoa,WPRO,2023-08,-25
WS,Samoa,WPRO,2023-09,-100
WS,Samoa,WPRO,2023-10,NA
WS,Samoa,WPRO,2023-11,Inf
WS,Samoa,WPRO,2023-12,-100
WS,Samoa,WPRO,2024-01,NA
WS,Samoa,WPRO,2024-02,Inf
WS,Samoa,WPRO,2024-03,-95.6043956043956
WS,Samoa,WPRO,2024-04,-100
WS,Samoa,WPRO,2024-05,NA
WS,Samoa,WPRO,2024-06,NA
WS,Samoa,WPRO,2024-07,NA
WS,Samoa,WPRO,2024-08,NA
WS,Samoa,WPRO,2024-09,NA
WS,Samoa,WPRO,2024-10,NA
WS,Samoa,WPRO,2024-11,NA
WS,Samoa,WPRO,2024-12,NA
WS,Samoa,WPRO,2025-01,NA
WS,Samoa,WPRO,2025-02,NA
WS,Samoa,WPRO,2025-03,NA
WS,Samoa,WPRO,2025-04,NA
WS,Samoa,WPRO,2025-05,NA
XK,Kosovo (in accordance with UN Security Council resolution 1244 (1999)),EURO,2020-01,NA
XK,Kosovo (in accordance with UN Security Council resolution 1244 (1999)),EURO,2020-02,NA
XK,Kosovo (in accordance with UN Security Council resolution 1244 (1999)),EURO,2020-03,Inf
XK,Kosovo (in accordance with UN Security Council resolution 1244 (1999)),EURO,2020-04,603.2967032967033
XK,Kosovo (in accordance with UN Security Council resolution 1244 (1999)),EURO,2020-05,-47.96875
XK,Kosovo (in accordance with UN Security Council resolution 1244 (1999)),EURO,2020-06,345.3453453453454
XK,Kosovo (in accordance with UN Security Council resolution 1244 (1999)),EURO,2020-07,191.77343223196223
XK,Kosovo (in accordance with UN Security Council resolution 1244 (1999)),EURO,2020-08,45.55119020106309
XK,Kosovo (in accordance with UN Security Council resolution 1244 (1999)),EURO,2020-09,-64.90949507780248
XK,Kosovo (in accordance with UN Security Council resolution 1244 (1999)),EURO,2020-10,5.520361990950226
XK,Kosovo (in accordance with UN Security Council resolution 1244 (1999)),EURO,2020-11,786.5351629502574
XK,Kosovo (in accordance with UN Security Council resolution 1244 (1999)),EURO,2020-12,-42.081841927058136
XK,Kosovo (in accordance with UN Security Council resolution 1244 (1999)),EURO,2021-01,-20.419241690329045
XK,Kosovo (in accordance with UN Security Council resolution 1244 (1999)),EURO,2021-02,-6.926225207262042
XK,Kosovo (in accordance with UN Security Council resolution 1244 (1999)),EURO,2021-03,105.93077009809448
XK,Kosovo (in accordance with UN Security Council resolution 1244 (1999)),EURO,2021-04,-8.300481822163821
XK,Kosovo (in accordance with UN Security Council resolution 1244 (1999)),EURO,2021-05,-78.70193455935038
XK,Kosovo (in accordance with UN Security Council resolution 1244 (1999)),EURO,2021-06,-90.38407625455564
XK,Kosovo (in accordance with UN Security Council resolution 1244 (1999)),EURO,2021-07,-22.157434402332363
XK,Kosovo (in accordance with UN Security Council resolution 1244 (1999)),EURO,2021-08,12300.749063670411
XK,Kosovo (in accordance with UN Security Council resolution 1244 (1999)),EURO,2021-09,-43.54877680459076
XK,Kosovo (in accordance with UN Security Council resolution 1244 (1999)),EURO,2021-10,-94.88523888502488
XK,Kosovo (in accordance with UN Security Council resolution 1244 (1999)),EURO,2021-11,-65.89958158995816
XK,Kosovo (in accordance with UN Security Council resolution 1244 (1999)),EURO,2021-12,-22.699386503067483
XK,Kosovo (in accordance with UN Security Council resolution 1244 (1999)),EURO,2022-01,16022.222222222224
XK,Kosovo (in accordance with UN Security Council resolution 1244 (1999)),EURO,2022-02,-40.54100620261888
XK,Kosovo (in accordance with UN Security Council resolution 1244 (1999)),EURO,2022-03,-94.98282071449268
XK,Kosovo (in accordance with UN Security Council resolution 1244 (1999)),EURO,2022-04,-48.102310231023104
XK,Kosovo (in accordance with UN Security Council resolution 1244 (1999)),EURO,2022-05,-37.20190779014308
XK,Kosovo (in accordance with UN Security Council resolution 1244 (1999)),EURO,2022-06,-5.3164556962025316
XK,Kosovo (in accordance with UN Security Council resolution 1244 (1999)),EURO,2022-07,6474.866310160428
XK,Kosovo (in accordance with UN Security Council resolution 1244 (1999)),EURO,2022-08,-27.81211874745831
XK,Kosovo (in accordance with UN Security Council resolution 1244 (1999)),EURO,2022-09,-94.47918427130864
XK,Kosovo (in accordance with UN Security Council resolution 1244 (1999)),EURO,2022-10,-88.06122448979592
XK,Kosovo (in accordance with UN Security Council resolution 1244 (1999)),EURO,2022-11,-58.97435897435898
XK,Kosovo (in accordance with UN Security Council resolution 1244 (1999)),EURO,2022-12,-16.666666666666664
XK,Kosovo (in accordance with UN Security Council resolution 1244 (1999)),EURO,2023-01,615
XK,Kosovo (in accordance with UN Security Council resolution 1244 (1999)),EURO,2023-02,63.63636363636363
XK,Kosovo (in accordance with UN Security Council resolution 1244 (1999)),EURO,2023-03,37.82051282051282
XK,Kosovo (in accordance with UN Security Council resolution 1244 (1999)),EURO,2023-04,-62.48062015503876
XK,Kosovo (in accordance with UN Security Council resolution 1244 (1999)),EURO,2023-05,-78.099173553719
XK,Kosovo (in accordance with UN Security Council resolution 1244 (1999)),EURO,2023-06,-83.01886792452831
XK,Kosovo (in accordance with UN Security Council resolution 1244 (1999)),EURO,2023-07,11.11111111111111
XK,Kosovo (in accordance with UN Security Council resolution 1244 (1999)),EURO,2023-08,409.99999999999994
XK,Kosovo (in accordance with UN Security Council resolution 1244 (1999)),EURO,2023-09,178.4313725490196
XK,Kosovo (in accordance with UN Security Council resolution 1244 (1999)),EURO,2023-10,18.30985915492958
XK,Kosovo (in accordance with UN Security Council resolution 1244 (1999)),EURO,2023-11,-100
XK,Kosovo (in accordance with UN Security Council resolution 1244 (1999)),EURO,2023-12,NA
XK,Kosovo (in accordance with UN Security Council resolution 1244 (1999)),EURO,2024-01,NA
XK,Kosovo (in accordance with UN Security Council resolution 1244 (1999)),EURO,2024-02,NA
XK,Kosovo (in accordance with UN Security Council resolution 1244 (1999)),EURO,2024-03,NA
XK,Kosovo (in accordance with UN Security Council resolution 1244 (1999)),EURO,2024-04,NA
XK,Kosovo (in accordance with UN Security Council resolution 1244 (1999)),EURO,2024-05,NA
XK,Kosovo (in accordance with UN Security Council resolution 1244 (1999)),EURO,2024-06,NA
XK,Kosovo (in accordance with UN Security Council resolution 1244 (1999)),EURO,2024-07,NA
XK,Kosovo (in accordance with UN Security Council resolution 1244 (1999)),EURO,2024-08,NA
XK,Kosovo (in accordance with UN Security Council resolution 1244 (1999)),EURO,2024-09,NA
XK,Kosovo (in accordance with UN Security Council resolution 1244 (1999)),EURO,2024-10,NA
XK,Kosovo (in accordance with UN Security Council resolution 1244 (1999)),EURO,2024-11,NA
XK,Kosovo (in accordance with UN Security Council resolution 1244 (1999)),EURO,2024-12,NA
XK,Kosovo (in accordance with UN Security Council resolution 1244 (1999)),EURO,2025-01,NA
XK,Kosovo (in accordance with UN Security Council resolution 1244 (1999)),EURO,2025-02,NA
XK,Kosovo (in accordance with UN Security Council resolution 1244 (1999)),EURO,2025-03,NA
XK,Kosovo (in accordance with UN Security Council resolution 1244 (1999)),EURO,2025-04,NA
XK,Kosovo (in accordance with UN Security Council resolution 1244 (1999)),EURO,2025-05,NA
XXF,International conveyance (American Samoa),OTHER,2020-01,NA
XXF,International conveyance (American Samoa),OTHER,2020-02,NA
XXF,International conveyance (American Samoa),OTHER,2020-03,NA
XXF,International conveyance (American Samoa),OTHER,2020-04,NA
XXF,International conveyance (American Samoa),OTHER,2020-05,NA
XXF,International conveyance (American Samoa),OTHER,2020-06,NA
XXF,International conveyance (American Samoa),OTHER,2020-07,NA
XXF,International conveyance (American Samoa),OTHER,2020-08,NA
XXF,International conveyance (American Samoa),OTHER,2020-09,NA
XXF,International conveyance (American Samoa),OTHER,2020-10,NA
XXF,International conveyance (American Samoa),OTHER,2020-11,NA
XXF,International conveyance (American Samoa),OTHER,2020-12,Inf
XXF,International conveyance (American Samoa),OTHER,2021-01,-100
XXF,International conveyance (American Samoa),OTHER,2021-02,NA
XXF,International conveyance (American Samoa),OTHER,2021-03,NA
XXF,International conveyance (American Samoa),OTHER,2021-04,NA
XXF,International conveyance (American Samoa),OTHER,2021-05,NA
XXF,International conveyance (American Samoa),OTHER,2021-06,NA
XXF,International conveyance (American Samoa),OTHER,2021-07,NA
XXF,International conveyance (American Samoa),OTHER,2021-08,NA
XXF,International conveyance (American Samoa),OTHER,2021-09,NA
XXF,International conveyance (American Samoa),OTHER,2021-10,NA
XXF,International conveyance (American Samoa),OTHER,2021-11,NA
XXF,International conveyance (American Samoa),OTHER,2021-12,NA
XXF,International conveyance (American Samoa),OTHER,2022-01,NA
XXF,International conveyance (American Samoa),OTHER,2022-02,NA
XXF,International conveyance (American Samoa),OTHER,2022-03,NA
XXF,International conveyance (American Samoa),OTHER,2022-04,NA
XXF,International conveyance (American Samoa),OTHER,2022-05,NA
XXF,International conveyance (American Samoa),OTHER,2022-06,NA
XXF,International conveyance (American Samoa),OTHER,2022-07,NA
XXF,International conveyance (American Samoa),OTHER,2022-08,NA
XXF,International conveyance (American Samoa),OTHER,2022-09,NA
XXF,International conveyance (American Samoa),OTHER,2022-10,NA
XXF,International conveyance (American Samoa),OTHER,2022-11,NA
XXF,International conveyance (American Samoa),OTHER,2022-12,NA
XXF,International conveyance (American Samoa),OTHER,2023-01,NA
XXF,International conveyance (American Samoa),OTHER,2023-02,NA
XXF,International conveyance (American Samoa),OTHER,2023-03,NA
XXF,International conveyance (American Samoa),OTHER,2023-04,NA
XXF,International conveyance (American Samoa),OTHER,2023-05,NA
XXF,International conveyance (American Samoa),OTHER,2023-06,NA
XXF,International conveyance (American Samoa),OTHER,2023-07,NA
XXF,International conveyance (American Samoa),OTHER,2023-08,NA
XXF,International conveyance (American Samoa),OTHER,2023-09,NA
XXF,International conveyance (American Samoa),OTHER,2023-10,NA
XXF,International conveyance (American Samoa),OTHER,2023-11,NA
XXF,International conveyance (American Samoa),OTHER,2023-12,NA
XXF,International conveyance (American Samoa),OTHER,2024-01,NA
XXF,International conveyance (American Samoa),OTHER,2024-02,NA
XXF,International conveyance (American Samoa),OTHER,2024-03,NA
XXF,International conveyance (American Samoa),OTHER,2024-04,NA
XXF,International conveyance (American Samoa),OTHER,2024-05,NA
XXF,International conveyance (American Samoa),OTHER,2024-06,NA
XXF,International conveyance (American Samoa),OTHER,2024-07,NA
XXF,International conveyance (American Samoa),OTHER,2024-08,NA
XXF,International conveyance (American Samoa),OTHER,2024-09,NA
XXF,International conveyance (American Samoa),OTHER,2024-10,NA
XXF,International conveyance (American Samoa),OTHER,2024-11,NA
XXF,International conveyance (American Samoa),OTHER,2024-12,NA
XXF,International conveyance (American Samoa),OTHER,2025-01,NA
XXF,International conveyance (American Samoa),OTHER,2025-02,NA
XXF,International conveyance (American Samoa),OTHER,2025-03,NA
XXF,International conveyance (American Samoa),OTHER,2025-04,NA
XXF,International conveyance (American Samoa),OTHER,2025-05,NA
XXG,International conveyance (Solomon Islands),OTHER,2020-01,NA
XXG,International conveyance (Solomon Islands),OTHER,2020-02,NA
XXG,International conveyance (Solomon Islands),OTHER,2020-03,NA
XXG,International conveyance (Solomon Islands),OTHER,2020-04,NA
XXG,International conveyance (Solomon Islands),OTHER,2020-05,NA
XXG,International conveyance (Solomon Islands),OTHER,2020-06,NA
XXG,International conveyance (Solomon Islands),OTHER,2020-07,NA
XXG,International conveyance (Solomon Islands),OTHER,2020-08,NA
XXG,International conveyance (Solomon Islands),OTHER,2020-09,NA
XXG,International conveyance (Solomon Islands),OTHER,2020-10,NA
XXG,International conveyance (Solomon Islands),OTHER,2020-11,NA
XXG,International conveyance (Solomon Islands),OTHER,2020-12,NA
XXG,International conveyance (Solomon Islands),OTHER,2021-01,NA
XXG,International conveyance (Solomon Islands),OTHER,2021-02,NA
XXG,International conveyance (Solomon Islands),OTHER,2021-03,NA
XXG,International conveyance (Solomon Islands),OTHER,2021-04,Inf
XXG,International conveyance (Solomon Islands),OTHER,2021-05,300
XXG,International conveyance (Solomon Islands),OTHER,2021-06,-100
XXG,International conveyance (Solomon Islands),OTHER,2021-07,NA
XXG,International conveyance (Solomon Islands),OTHER,2021-08,NA
XXG,International conveyance (Solomon Islands),OTHER,2021-09,NA
XXG,International conveyance (Solomon Islands),OTHER,2021-10,NA
XXG,International conveyance (Solomon Islands),OTHER,2021-11,NA
XXG,International conveyance (Solomon Islands),OTHER,2021-12,NA
XXG,International conveyance (Solomon Islands),OTHER,2022-01,NA
XXG,International conveyance (Solomon Islands),OTHER,2022-02,NA
XXG,International conveyance (Solomon Islands),OTHER,2022-03,NA
XXG,International conveyance (Solomon Islands),OTHER,2022-04,NA
XXG,International conveyance (Solomon Islands),OTHER,2022-05,NA
XXG,International conveyance (Solomon Islands),OTHER,2022-06,NA
XXG,International conveyance (Solomon Islands),OTHER,2022-07,NA
XXG,International conveyance (Solomon Islands),OTHER,2022-08,NA
XXG,International conveyance (Solomon Islands),OTHER,2022-09,NA
XXG,International conveyance (Solomon Islands),OTHER,2022-10,NA
XXG,International conveyance (Solomon Islands),OTHER,2022-11,NA
XXG,International conveyance (Solomon Islands),OTHER,2022-12,NA
XXG,International conveyance (Solomon Islands),OTHER,2023-01,NA
XXG,International conveyance (Solomon Islands),OTHER,2023-02,NA
XXG,International conveyance (Solomon Islands),OTHER,2023-03,NA
XXG,International conveyance (Solomon Islands),OTHER,2023-04,NA
XXG,International conveyance (Solomon Islands),OTHER,2023-05,NA
XXG,International conveyance (Solomon Islands),OTHER,2023-06,NA
XXG,International conveyance (Solomon Islands),OTHER,2023-07,NA
XXG,International conveyance (Solomon Islands),OTHER,2023-08,NA
XXG,International conveyance (Solomon Islands),OTHER,2023-09,NA
XXG,International conveyance (Solomon Islands),OTHER,2023-10,NA
XXG,International conveyance (Solomon Islands),OTHER,2023-11,NA
XXG,International conveyance (Solomon Islands),OTHER,2023-12,NA
XXG,International conveyance (Solomon Islands),OTHER,2024-01,NA
XXG,International conveyance (Solomon Islands),OTHER,2024-02,NA
XXG,International conveyance (Solomon Islands),OTHER,2024-03,NA
XXG,International conveyance (Solomon Islands),OTHER,2024-04,NA
XXG,International conveyance (Solomon Islands),OTHER,2024-05,NA
XXG,International conveyance (Solomon Islands),OTHER,2024-06,NA
XXG,International conveyance (Solomon Islands),OTHER,2024-07,NA
XXG,International conveyance (Solomon Islands),OTHER,2024-08,NA
XXG,International conveyance (Solomon Islands),OTHER,2024-09,NA
XXG,International conveyance (Solomon Islands),OTHER,2024-10,NA
XXG,International conveyance (Solomon Islands),OTHER,2024-11,NA
XXG,International conveyance (Solomon Islands),OTHER,2024-12,NA
XXG,International conveyance (Solomon Islands),OTHER,2025-01,NA
XXG,International conveyance (Solomon Islands),OTHER,2025-02,NA
XXG,International conveyance (Solomon Islands),OTHER,2025-03,NA
XXG,International conveyance (Solomon Islands),OTHER,2025-04,NA
XXG,International conveyance (Solomon Islands),OTHER,2025-05,NA
XXH,International conveyance (Vanuatu),OTHER,2020-01,NA
XXH,International conveyance (Vanuatu),OTHER,2020-02,NA
XXH,International conveyance (Vanuatu),OTHER,2020-03,NA
XXH,International conveyance (Vanuatu),OTHER,2020-04,NA
XXH,International conveyance (Vanuatu),OTHER,2020-05,NA
XXH,International conveyance (Vanuatu),OTHER,2020-06,NA
XXH,International conveyance (Vanuatu),OTHER,2020-07,NA
XXH,International conveyance (Vanuatu),OTHER,2020-08,NA
XXH,International conveyance (Vanuatu),OTHER,2020-09,NA
XXH,International conveyance (Vanuatu),OTHER,2020-10,NA
XXH,International conveyance (Vanuatu),OTHER,2020-11,NA
XXH,International conveyance (Vanuatu),OTHER,2020-12,NA
XXH,International conveyance (Vanuatu),OTHER,2021-01,NA
XXH,International conveyance (Vanuatu),OTHER,2021-02,NA
XXH,International conveyance (Vanuatu),OTHER,2021-03,NA
XXH,International conveyance (Vanuatu),OTHER,2021-04,NA
XXH,International conveyance (Vanuatu),OTHER,2021-05,Inf
XXH,International conveyance (Vanuatu),OTHER,2021-06,-100
XXH,International conveyance (Vanuatu),OTHER,2021-07,NA
XXH,International conveyance (Vanuatu),OTHER,2021-08,NA
XXH,International conveyance (Vanuatu),OTHER,2021-09,NA
XXH,International conveyance (Vanuatu),OTHER,2021-10,NA
XXH,International conveyance (Vanuatu),OTHER,2021-11,NA
XXH,International conveyance (Vanuatu),OTHER,2021-12,NA
XXH,International conveyance (Vanuatu),OTHER,2022-01,NA
XXH,International conveyance (Vanuatu),OTHER,2022-02,NA
XXH,International conveyance (Vanuatu),OTHER,2022-03,NA
XXH,International conveyance (Vanuatu),OTHER,2022-04,NA
XXH,International conveyance (Vanuatu),OTHER,2022-05,NA
XXH,International conveyance (Vanuatu),OTHER,2022-06,NA
XXH,International conveyance (Vanuatu),OTHER,2022-07,NA
XXH,International conveyance (Vanuatu),OTHER,2022-08,NA
XXH,International conveyance (Vanuatu),OTHER,2022-09,NA
XXH,International conveyance (Vanuatu),OTHER,2022-10,NA
XXH,International conveyance (Vanuatu),OTHER,2022-11,NA
XXH,International conveyance (Vanuatu),OTHER,2022-12,NA
XXH,International conveyance (Vanuatu),OTHER,2023-01,NA
XXH,International conveyance (Vanuatu),OTHER,2023-02,NA
XXH,International conveyance (Vanuatu),OTHER,2023-03,NA
XXH,International conveyance (Vanuatu),OTHER,2023-04,NA
XXH,International conveyance (Vanuatu),OTHER,2023-05,NA
XXH,International conveyance (Vanuatu),OTHER,2023-06,NA
XXH,International conveyance (Vanuatu),OTHER,2023-07,NA
XXH,International conveyance (Vanuatu),OTHER,2023-08,NA
XXH,International conveyance (Vanuatu),OTHER,2023-09,NA
XXH,International conveyance (Vanuatu),OTHER,2023-10,NA
XXH,International conveyance (Vanuatu),OTHER,2023-11,NA
XXH,International conveyance (Vanuatu),OTHER,2023-12,NA
XXH,International conveyance (Vanuatu),OTHER,2024-01,NA
XXH,International conveyance (Vanuatu),OTHER,2024-02,NA
XXH,International conveyance (Vanuatu),OTHER,2024-03,NA
XXH,International conveyance (Vanuatu),OTHER,2024-04,NA
XXH,International conveyance (Vanuatu),OTHER,2024-05,NA
XXH,International conveyance (Vanuatu),OTHER,2024-06,NA
XXH,International conveyance (Vanuatu),OTHER,2024-07,NA
XXH,International conveyance (Vanuatu),OTHER,2024-08,NA
XXH,International conveyance (Vanuatu),OTHER,2024-09,NA
XXH,International conveyance (Vanuatu),OTHER,2024-10,NA
XXH,International conveyance (Vanuatu),OTHER,2024-11,NA
XXH,International conveyance (Vanuatu),OTHER,2024-12,NA
XXH,International conveyance (Vanuatu),OTHER,2025-01,NA
XXH,International conveyance (Vanuatu),OTHER,2025-02,NA
XXH,International conveyance (Vanuatu),OTHER,2025-03,NA
XXH,International conveyance (Vanuatu),OTHER,2025-04,NA
XXH,International conveyance (Vanuatu),OTHER,2025-05,NA
XXI,International conveyance (Kiribati),OTHER,2020-01,NA
XXI,International conveyance (Kiribati),OTHER,2020-02,NA
XXI,International conveyance (Kiribati),OTHER,2020-03,NA
XXI,International conveyance (Kiribati),OTHER,2020-04,NA
XXI,International conveyance (Kiribati),OTHER,2020-05,NA
XXI,International conveyance (Kiribati),OTHER,2020-06,NA
XXI,International conveyance (Kiribati),OTHER,2020-07,NA
XXI,International conveyance (Kiribati),OTHER,2020-08,NA
XXI,International conveyance (Kiribati),OTHER,2020-09,NA
XXI,International conveyance (Kiribati),OTHER,2020-10,NA
XXI,International conveyance (Kiribati),OTHER,2020-11,NA
XXI,International conveyance (Kiribati),OTHER,2020-12,NA
XXI,International conveyance (Kiribati),OTHER,2021-01,NA
XXI,International conveyance (Kiribati),OTHER,2021-02,NA
XXI,International conveyance (Kiribati),OTHER,2021-03,NA
XXI,International conveyance (Kiribati),OTHER,2021-04,NA
XXI,International conveyance (Kiribati),OTHER,2021-05,Inf
XXI,International conveyance (Kiribati),OTHER,2021-06,-100
XXI,International conveyance (Kiribati),OTHER,2021-07,NA
XXI,International conveyance (Kiribati),OTHER,2021-08,NA
XXI,International conveyance (Kiribati),OTHER,2021-09,NA
XXI,International conveyance (Kiribati),OTHER,2021-10,NA
XXI,International conveyance (Kiribati),OTHER,2021-11,NA
XXI,International conveyance (Kiribati),OTHER,2021-12,NA
XXI,International conveyance (Kiribati),OTHER,2022-01,NA
XXI,International conveyance (Kiribati),OTHER,2022-02,NA
XXI,International conveyance (Kiribati),OTHER,2022-03,NA
XXI,International conveyance (Kiribati),OTHER,2022-04,NA
XXI,International conveyance (Kiribati),OTHER,2022-05,NA
XXI,International conveyance (Kiribati),OTHER,2022-06,NA
XXI,International conveyance (Kiribati),OTHER,2022-07,NA
XXI,International conveyance (Kiribati),OTHER,2022-08,NA
XXI,International conveyance (Kiribati),OTHER,2022-09,NA
XXI,International conveyance (Kiribati),OTHER,2022-10,NA
XXI,International conveyance (Kiribati),OTHER,2022-11,NA
XXI,International conveyance (Kiribati),OTHER,2022-12,NA
XXI,International conveyance (Kiribati),OTHER,2023-01,NA
XXI,International conveyance (Kiribati),OTHER,2023-02,NA
XXI,International conveyance (Kiribati),OTHER,2023-03,NA
XXI,International conveyance (Kiribati),OTHER,2023-04,NA
XXI,International conveyance (Kiribati),OTHER,2023-05,NA
XXI,International conveyance (Kiribati),OTHER,2023-06,NA
XXI,International conveyance (Kiribati),OTHER,2023-07,NA
XXI,International conveyance (Kiribati),OTHER,2023-08,NA
XXI,International conveyance (Kiribati),OTHER,2023-09,NA
XXI,International conveyance (Kiribati),OTHER,2023-10,NA
XXI,International conveyance (Kiribati),OTHER,2023-11,NA
XXI,International conveyance (Kiribati),OTHER,2023-12,NA
XXI,International conveyance (Kiribati),OTHER,2024-01,NA
XXI,International conveyance (Kiribati),OTHER,2024-02,NA
XXI,International conveyance (Kiribati),OTHER,2024-03,NA
XXI,International conveyance (Kiribati),OTHER,2024-04,NA
XXI,International conveyance (Kiribati),OTHER,2024-05,NA
XXI,International conveyance (Kiribati),OTHER,2024-06,NA
XXI,International conveyance (Kiribati),OTHER,2024-07,NA
XXI,International conveyance (Kiribati),OTHER,2024-08,NA
XXI,International conveyance (Kiribati),OTHER,2024-09,NA
XXI,International conveyance (Kiribati),OTHER,2024-10,NA
XXI,International conveyance (Kiribati),OTHER,2024-11,NA
XXI,International conveyance (Kiribati),OTHER,2024-12,NA
XXI,International conveyance (Kiribati),OTHER,2025-01,NA
XXI,International conveyance (Kiribati),OTHER,2025-02,NA
XXI,International conveyance (Kiribati),OTHER,2025-03,NA
XXI,International conveyance (Kiribati),OTHER,2025-04,NA
XXI,International conveyance (Kiribati),OTHER,2025-05,NA
XXJ,International conveyance (Diamond Princess),OTHER,2020-01,NA
XXJ,International conveyance (Diamond Princess),OTHER,2020-02,Inf
XXJ,International conveyance (Diamond Princess),OTHER,2020-03,-97.55395683453236
XXJ,International conveyance (Diamond Princess),OTHER,2020-04,-100
XXJ,International conveyance (Diamond Princess),OTHER,2020-05,NA
XXJ,International conveyance (Diamond Princess),OTHER,2020-06,NA
XXJ,International conveyance (Diamond Princess),OTHER,2020-07,NA
XXJ,International conveyance (Diamond Princess),OTHER,2020-08,NA
XXJ,International conveyance (Diamond Princess),OTHER,2020-09,NA
XXJ,International conveyance (Diamond Princess),OTHER,2020-10,NA
XXJ,International conveyance (Diamond Princess),OTHER,2020-11,NA
XXJ,International conveyance (Diamond Princess),OTHER,2020-12,NA
XXJ,International conveyance (Diamond Princess),OTHER,2021-01,NA
XXJ,International conveyance (Diamond Princess),OTHER,2021-02,NA
XXJ,International conveyance (Diamond Princess),OTHER,2021-03,NA
XXJ,International conveyance (Diamond Princess),OTHER,2021-04,NA
XXJ,International conveyance (Diamond Princess),OTHER,2021-05,NA
XXJ,International conveyance (Diamond Princess),OTHER,2021-06,NA
XXJ,International conveyance (Diamond Princess),OTHER,2021-07,NA
XXJ,International conveyance (Diamond Princess),OTHER,2021-08,NA
XXJ,International conveyance (Diamond Princess),OTHER,2021-09,NA
XXJ,International conveyance (Diamond Princess),OTHER,2021-10,NA
XXJ,International conveyance (Diamond Princess),OTHER,2021-11,NA
XXJ,International conveyance (Diamond Princess),OTHER,2021-12,NA
XXJ,International conveyance (Diamond Princess),OTHER,2022-01,NA
XXJ,International conveyance (Diamond Princess),OTHER,2022-02,NA
XXJ,International conveyance (Diamond Princess),OTHER,2022-03,NA
XXJ,International conveyance (Diamond Princess),OTHER,2022-04,NA
XXJ,International conveyance (Diamond Princess),OTHER,2022-05,NA
XXJ,International conveyance (Diamond Princess),OTHER,2022-06,NA
XXJ,International conveyance (Diamond Princess),OTHER,2022-07,NA
XXJ,International conveyance (Diamond Princess),OTHER,2022-08,NA
XXJ,International conveyance (Diamond Princess),OTHER,2022-09,NA
XXJ,International conveyance (Diamond Princess),OTHER,2022-10,NA
XXJ,International conveyance (Diamond Princess),OTHER,2022-11,NA
XXJ,International conveyance (Diamond Princess),OTHER,2022-12,NA
XXJ,International conveyance (Diamond Princess),OTHER,2023-01,NA
XXJ,International conveyance (Diamond Princess),OTHER,2023-02,NA
XXJ,International conveyance (Diamond Princess),OTHER,2023-03,NA
XXJ,International conveyance (Diamond Princess),OTHER,2023-04,NA
XXJ,International conveyance (Diamond Princess),OTHER,2023-05,NA
XXJ,International conveyance (Diamond Princess),OTHER,2023-06,NA
XXJ,International conveyance (Diamond Princess),OTHER,2023-07,NA
XXJ,International conveyance (Diamond Princess),OTHER,2023-08,NA
XXJ,International conveyance (Diamond Princess),OTHER,2023-09,NA
XXJ,International conveyance (Diamond Princess),OTHER,2023-10,NA
XXJ,International conveyance (Diamond Princess),OTHER,2023-11,NA
XXJ,International conveyance (Diamond Princess),OTHER,2023-12,NA
XXJ,International conveyance (Diamond Princess),OTHER,2024-01,NA
XXJ,International conveyance (Diamond Princess),OTHER,2024-02,NA
XXJ,International conveyance (Diamond Princess),OTHER,2024-03,NA
XXJ,International conveyance (Diamond Princess),OTHER,2024-04,NA
XXJ,International conveyance (Diamond Princess),OTHER,2024-05,NA
XXJ,International conveyance (Diamond Princess),OTHER,2024-06,NA
XXJ,International conveyance (Diamond Princess),OTHER,2024-07,NA
XXJ,International conveyance (Diamond Princess),OTHER,2024-08,NA
XXJ,International conveyance (Diamond Princess),OTHER,2024-09,NA
XXJ,International conveyance (Diamond Princess),OTHER,2024-10,NA
XXJ,International conveyance (Diamond Princess),OTHER,2024-11,NA
XXJ,International conveyance (Diamond Princess),OTHER,2024-12,NA
XXJ,International conveyance (Diamond Princess),OTHER,2025-01,NA
XXJ,International conveyance (Diamond Princess),OTHER,2025-02,NA
XXJ,International conveyance (Diamond Princess),OTHER,2025-03,NA
XXJ,International conveyance (Diamond Princess),OTHER,2025-04,NA
XXJ,International conveyance (Diamond Princess),OTHER,2025-05,NA
XXL,International commercial vessel,OTHER,2020-01,NA
XXL,International commercial vessel,OTHER,2020-02,NA
XXL,International commercial vessel,OTHER,2020-03,NA
XXL,International commercial vessel,OTHER,2020-04,NA
XXL,International commercial vessel,OTHER,2020-05,Inf
XXL,International commercial vessel,OTHER,2020-06,-100
XXL,International commercial vessel,OTHER,2020-07,NA
XXL,International commercial vessel,OTHER,2020-08,NA
XXL,International commercial vessel,OTHER,2020-09,NA
XXL,International commercial vessel,OTHER,2020-10,NA
XXL,International commercial vessel,OTHER,2020-11,NA
XXL,International commercial vessel,OTHER,2020-12,NA
XXL,International commercial vessel,OTHER,2021-01,NA
XXL,International commercial vessel,OTHER,2021-02,NA
XXL,International commercial vessel,OTHER,2021-03,NA
XXL,International commercial vessel,OTHER,2021-04,NA
XXL,International commercial vessel,OTHER,2021-05,NA
XXL,International commercial vessel,OTHER,2021-06,NA
XXL,International commercial vessel,OTHER,2021-07,NA
XXL,International commercial vessel,OTHER,2021-08,NA
XXL,International commercial vessel,OTHER,2021-09,NA
XXL,International commercial vessel,OTHER,2021-10,NA
XXL,International commercial vessel,OTHER,2021-11,NA
XXL,International commercial vessel,OTHER,2021-12,NA
XXL,International commercial vessel,OTHER,2022-01,NA
XXL,International commercial vessel,OTHER,2022-02,NA
XXL,International commercial vessel,OTHER,2022-03,NA
XXL,International commercial vessel,OTHER,2022-04,NA
XXL,International commercial vessel,OTHER,2022-05,NA
XXL,International commercial vessel,OTHER,2022-06,NA
XXL,International commercial vessel,OTHER,2022-07,NA
XXL,International commercial vessel,OTHER,2022-08,NA
XXL,International commercial vessel,OTHER,2022-09,NA
XXL,International commercial vessel,OTHER,2022-10,NA
XXL,International commercial vessel,OTHER,2022-11,NA
XXL,International commercial vessel,OTHER,2022-12,NA
XXL,International commercial vessel,OTHER,2023-01,NA
XXL,International commercial vessel,OTHER,2023-02,NA
XXL,International commercial vessel,OTHER,2023-03,NA
XXL,International commercial vessel,OTHER,2023-04,NA
XXL,International commercial vessel,OTHER,2023-05,NA
XXL,International commercial vessel,OTHER,2023-06,NA
XXL,International commercial vessel,OTHER,2023-07,NA
XXL,International commercial vessel,OTHER,2023-08,NA
XXL,International commercial vessel,OTHER,2023-09,NA
XXL,International commercial vessel,OTHER,2023-10,NA
XXL,International commercial vessel,OTHER,2023-11,NA
XXL,International commercial vessel,OTHER,2023-12,NA
XXL,International commercial vessel,OTHER,2024-01,NA
XXL,International commercial vessel,OTHER,2024-02,NA
XXL,International commercial vessel,OTHER,2024-03,NA
XXL,International commercial vessel,OTHER,2024-04,NA
XXL,International commercial vessel,OTHER,2024-05,NA
XXL,International commercial vessel,OTHER,2024-06,NA
XXL,International commercial vessel,OTHER,2024-07,NA
XXL,International commercial vessel,OTHER,2024-08,NA
XXL,International commercial vessel,OTHER,2024-09,NA
XXL,International commercial vessel,OTHER,2024-10,NA
XXL,International commercial vessel,OTHER,2024-11,NA
XXL,International commercial vessel,OTHER,2024-12,NA
XXL,International commercial vessel,OTHER,2025-01,NA
XXL,International commercial vessel,OTHER,2025-02,NA
XXL,International commercial vessel,OTHER,2025-03,NA
XXL,International commercial vessel,OTHER,2025-04,NA
XXL,International commercial vessel,OTHER,2025-05,NA
YE,Yemen,EMRO,2020-01,NA
YE,Yemen,EMRO,2020-02,NA
YE,Yemen,EMRO,2020-03,NA
YE,Yemen,EMRO,2020-04,Inf
YE,Yemen,EMRO,2020-05,30800
YE,Yemen,EMRO,2020-06,156.63430420711975
YE,Yemen,EMRO,2020-07,-27.490542244640604
YE,Yemen,EMRO,2020-08,-52.69565217391305
YE,Yemen,EMRO,2020-09,-69.11764705882352
YE,Yemen,EMRO,2020-10,-64.28571428571429
YE,Yemen,EMRO,2020-11,-53.333333333333336
YE,Yemen,EMRO,2020-12,28.57142857142857
YE,Yemen,EMRO,2021-01,55.55555555555556
YE,Yemen,EMRO,2021-02,432.1428571428571
YE,Yemen,EMRO,2021-03,1040.9395973154362
YE,Yemen,EMRO,2021-04,25.647058823529413
YE,Yemen,EMRO,2021-05,-70.88014981273409
YE,Yemen,EMRO,2021-06,-71.86495176848875
YE,Yemen,EMRO,2021-07,-41.714285714285715
YE,Yemen,EMRO,2021-08,628.4313725490196
YE,Yemen,EMRO,2021-09,53.43203230148048
YE,Yemen,EMRO,2021-10,-22.105263157894736
YE,Yemen,EMRO,2021-11,-77.25225225225225
YE,Yemen,EMRO,2021-12,-35.64356435643564
YE,Yemen,EMRO,2022-01,582.3076923076923
YE,Yemen,EMRO,2022-02,-14.092446448703496
YE,Yemen,EMRO,2022-03,-94.35695538057742
YE,Yemen,EMRO,2022-04,-65.11627906976744
YE,Yemen,EMRO,2022-05,-73.33333333333333
YE,Yemen,EMRO,2022-06,-50
YE,Yemen,EMRO,2022-07,2550
YE,Yemen,EMRO,2022-08,-9.433962264150944
YE,Yemen,EMRO,2022-09,-79.16666666666666
YE,Yemen,EMRO,2022-10,-60
YE,Yemen,EMRO,2022-11,50
YE,Yemen,EMRO,2022-12,-100
YE,Yemen,EMRO,2023-01,NA
YE,Yemen,EMRO,2023-02,NA
YE,Yemen,EMRO,2023-03,NA
YE,Yemen,EMRO,2023-04,NA
YE,Yemen,EMRO,2023-05,NA
YE,Yemen,EMRO,2023-06,NA
YE,Yemen,EMRO,2023-07,NA
YE,Yemen,EMRO,2023-08,NA
YE,Yemen,EMRO,2023-09,NA
YE,Yemen,EMRO,2023-10,NA
YE,Yemen,EMRO,2023-11,NA
YE,Yemen,EMRO,2023-12,NA
YE,Yemen,EMRO,2024-01,NA
YE,Yemen,EMRO,2024-02,NA
YE,Yemen,EMRO,2024-03,NA
YE,Yemen,EMRO,2024-04,NA
YE,Yemen,EMRO,2024-05,NA
YE,Yemen,EMRO,2024-06,NA
YE,Yemen,EMRO,2024-07,NA
YE,Yemen,EMRO,2024-08,NA
YE,Yemen,EMRO,2024-09,NA
YE,Yemen,EMRO,2024-10,NA
YE,Yemen,EMRO,2024-11,NA
YE,Yemen,EMRO,2024-12,NA
YE,Yemen,EMRO,2025-01,NA
YE,Yemen,EMRO,2025-02,NA
YE,Yemen,EMRO,2025-03,NA
YE,Yemen,EMRO,2025-04,NA
YE,Yemen,EMRO,2025-05,NA
YT,Mayotte,NA,2020-01,NA
YT,Mayotte,NA,2020-02,NA
YT,Mayotte,NA,2020-03,Inf
YT,Mayotte,NA,2020-04,508
YT,Mayotte,NA,2020-05,356.90789473684214
YT,Mayotte,NA,2020-06,-42.62059035277178
YT,Mayotte,NA,2020-07,-58.21831869510665
YT,Mayotte,NA,2020-08,28.52852852852853
YT,Mayotte,NA,2020-09,-43.925233644859816
YT,Mayotte,NA,2020-10,206.25
YT,Mayotte,NA,2020-11,23.12925170068027
YT,Mayotte,NA,2020-12,-35.248618784530386
YT,Mayotte,NA,2021-01,320.4778156996587
YT,Mayotte,NA,2021-02,250.24350649350652
YT,Mayotte,NA,2021-03,-71.6685979142526
YT,Mayotte,NA,2021-04,-75.86912065439672
YT,Mayotte,NA,2021-05,-196.77966101694915
YT,Mayotte,NA,2021-06,-114.01050788091068
YT,Mayotte,NA,2021-07,-25
YT,Mayotte,NA,2021-08,356.6666666666667
YT,Mayotte,NA,2021-09,75.18248175182481
YT,Mayotte,NA,2021-10,-30
YT,Mayotte,NA,2021-11,13.98809523809524
YT,Mayotte,NA,2021-12,-8.616187989556137
YT,Mayotte,NA,2022-01,4184
YT,Mayotte,NA,2022-02,-97.67240229425104
YT,Mayotte,NA,2022-03,-40.40114613180516
YT,Mayotte,NA,2022-04,-4.326923076923077
YT,Mayotte,NA,2022-05,143.71859296482413
YT,Mayotte,NA,2022-06,-27.010309278350515
YT,Mayotte,NA,2022-07,205.64971751412432
YT,Mayotte,NA,2022-08,-3.4195933456561924
YT,Mayotte,NA,2022-09,-77.12918660287082
YT,Mayotte,NA,2022-10,-67.78242677824268
YT,Mayotte,NA,2022-11,1050.6493506493505
YT,Mayotte,NA,2022-12,-13.882618510158013
YT,Mayotte,NA,2023-01,-95.67496723460026
YT,Mayotte,NA,2023-02,-93.93939393939394
YT,Mayotte,NA,2023-03,50
YT,Mayotte,NA,2023-04,566.6666666666667
YT,Mayotte,NA,2023-05,-100
YT,Mayotte,NA,2023-06,NA
YT,Mayotte,NA,2023-07,NA
YT,Mayotte,NA,2023-08,NA
YT,Mayotte,NA,2023-09,NA
YT,Mayotte,NA,2023-10,NA
YT,Mayotte,NA,2023-11,NA
YT,Mayotte,NA,2023-12,NA
YT,Mayotte,NA,2024-01,NA
YT,Mayotte,NA,2024-02,NA
YT,Mayotte,NA,2024-03,NA
YT,Mayotte,NA,2024-04,NA
YT,Mayotte,NA,2024-05,NA
YT,Mayotte,NA,2024-06,NA
YT,Mayotte,NA,2024-07,NA
YT,Mayotte,NA,2024-08,NA
YT,Mayotte,NA,2024-09,NA
YT,Mayotte,NA,2024-10,NA
YT,Mayotte,NA,2024-11,NA
YT,Mayotte,NA,2024-12,NA
YT,Mayotte,NA,2025-01,NA
YT,Mayotte,NA,2025-02,NA
YT,Mayotte,NA,2025-03,NA
YT,Mayotte,NA,2025-04,NA
YT,Mayotte,NA,2025-05,NA
ZA,South Africa,AFRO,2020-01,NA
ZA,South Africa,AFRO,2020-02,NA
ZA,South Africa,AFRO,2020-03,Inf
ZA,South Africa,AFRO,2020-04,167.39679865206404
ZA,South Africa,AFRO,2020-05,738.2482671707625
ZA,South Africa,AFRO,2020-06,278.98594302037134
ZA,South Africa,AFRO,2020-07,199.9018178572491
ZA,South Africa,AFRO,2020-08,-37.714616402116405
ZA,South Africa,AFRO,2020-09,-75.07472750343773
ZA,South Africa,AFRO,2020-10,-4.684005367755128
ZA,South Africa,AFRO,2020-11,58.42719227674979
ZA,South Africa,AFRO,2020-12,195.8994541068935
ZA,South Africa,AFRO,2021-01,116.58038251053524
ZA,South Africa,AFRO,2021-02,-86.13569581246905
ZA,South Africa,AFRO,2021-03,-48.81487243804474
ZA,South Africa,AFRO,2021-04,-7.248534474737137
ZA,South Africa,AFRO,2021-05,183.23970037453185
ZA,South Africa,AFRO,2021-06,200.81582054309325
ZA,South Africa,AFRO,2021-07,78.28102248509563
ZA,South Africa,AFRO,2021-08,-14.344273121934467
ZA,South Africa,AFRO,2021-09,-64.33050790827734
ZA,South Africa,AFRO,2021-10,-81.33083546492776
ZA,South Africa,AFRO,2021-11,41.49749131609417
ZA,South Africa,AFRO,2021-12,1125.7623697561507
ZA,South Africa,AFRO,2022-01,-56.89858897302782
ZA,South Africa,AFRO,2022-02,-63.673958274176144
ZA,South Africa,AFRO,2022-03,-42.763746962095475
ZA,South Africa,AFRO,2022-04,17.76420341676599
ZA,South Africa,AFRO,2022-05,305.9039345506684
ZA,South Africa,AFRO,2022-06,-79.0882267381457
ZA,South Africa,AFRO,2022-07,-68.51401033386327
ZA,South Africa,AFRO,2022-08,-51.98422090729783
ZA,South Africa,AFRO,2022-09,-2.1853434111074597
ZA,South Africa,AFRO,2022-10,77.74231479926088
ZA,South Africa,AFRO,2022-11,24.70465929496267
ZA,South Africa,AFRO,2022-12,-44.72906403940887
ZA,South Africa,AFRO,2023-01,1.7962429727135611
ZA,South Africa,AFRO,2023-02,-20.23168103448276
ZA,South Africa,AFRO,2023-03,84.98817966903073
ZA,South Africa,AFRO,2023-04,-100
ZA,South Africa,AFRO,2023-05,NA
ZA,South Africa,AFRO,2023-06,NA
ZA,South Africa,AFRO,2023-07,NA
ZA,South Africa,AFRO,2023-08,NA
ZA,South Africa,AFRO,2023-09,NA
ZA,South Africa,AFRO,2023-10,Inf
ZA,South Africa,AFRO,2023-11,0
ZA,South Africa,AFRO,2023-12,-85.41666666666666
ZA,South Africa,AFRO,2024-01,-100
ZA,South Africa,AFRO,2024-02,NA
ZA,South Africa,AFRO,2024-03,Inf
ZA,South Africa,AFRO,2024-04,133.33333333333331
ZA,South Africa,AFRO,2024-05,10.714285714285714
ZA,South Africa,AFRO,2024-06,3.225806451612903
ZA,South Africa,AFRO,2024-07,-28.125
ZA,South Africa,AFRO,2024-08,-17.391304347826086
ZA,South Africa,AFRO,2024-09,31.57894736842105
ZA,South Africa,AFRO,2024-10,-52
ZA,South Africa,AFRO,2024-11,50
ZA,South Africa,AFRO,2024-12,50
ZA,South Africa,AFRO,2025-01,62.96296296296296
ZA,South Africa,AFRO,2025-02,-40.909090909090914
ZA,South Africa,AFRO,2025-03,-23.076923076923077
ZA,South Africa,AFRO,2025-04,-85
ZA,South Africa,AFRO,2025-05,-100
ZM,Zambia,AFRO,2020-01,NA
ZM,Zambia,AFRO,2020-02,NA
ZM,Zambia,AFRO,2020-03,Inf
ZM,Zambia,AFRO,2020-04,100
ZM,Zambia,AFRO,2020-05,1637.5
ZM,Zambia,AFRO,2020-06,-49.84583761562179
ZM,Zambia,AFRO,2020-07,470.28688524590166
ZM,Zambia,AFRO,2020-08,172.15235357527848
ZM,Zambia,AFRO,2020-09,-64.21969897016108
ZM,Zambia,AFRO,2020-10,-44.464944649446494
ZM,Zambia,AFRO,2020-11,-2.1926910299003324
ZM,Zambia,AFRO,2020-12,41.440217391304344
ZM,Zambia,AFRO,2021-01,1517.7233429394812
ZM,Zambia,AFRO,2021-02,-26.21953029898162
ZM,Zambia,AFRO,2021-03,-61.670020120724345
ZM,Zambia,AFRO,2021-04,-62.30971128608924
ZM,Zambia,AFRO,2021-05,-4.345403899721449
ZM,Zambia,AFRO,2021-06,1393.302271403611
ZM,Zambia,AFRO,2021-07,-11.279251170046802
ZM,Zambia,AFRO,2021-08,-68.42359767891682
ZM,Zambia,AFRO,2021-09,-79.56285674509257
ZM,Zambia,AFRO,2021-10,-69.58446866485014
ZM,Zambia,AFRO,2021-11,-53.41545352743561
ZM,Zambia,AFRO,2021-12,5054.567307692308
ZM,Zambia,AFRO,2022-01,240.7872032831227
ZM,Zambia,AFRO,2022-02,-89.1139240506329
ZM,Zambia,AFRO,2022-03,-51.099937146448774
ZM,Zambia,AFRO,2022-04,-36.16966580976864
ZM,Zambia,AFRO,2022-05,1.449859041482078
ZM,Zambia,AFRO,2022-06,48.670107185391025
ZM,Zambia,AFRO,2022-07,13.084112149532707
ZM,Zambia,AFRO,2022-08,-28.122786304604485
ZM,Zambia,AFRO,2022-09,-71.74770039421814
ZM,Zambia,AFRO,2022-10,-67.2093023255814
ZM,Zambia,AFRO,2022-11,-81.56028368794325
ZM,Zambia,AFRO,2022-12,563.4615384615385
ZM,Zambia,AFRO,2023-01,1545.5072463768115
ZM,Zambia,AFRO,2023-02,-47.789325347895016
ZM,Zambia,AFRO,2023-03,-76.11336032388664
ZM,Zambia,AFRO,2023-04,-30.08474576271186
ZM,Zambia,AFRO,2023-05,-82.82828282828282
ZM,Zambia,AFRO,2023-06,3461.176470588235
ZM,Zambia,AFRO,2023-07,-25.173439048562933
ZM,Zambia,AFRO,2023-08,-100
ZM,Zambia,AFRO,2023-09,NA
ZM,Zambia,AFRO,2023-10,Inf
ZM,Zambia,AFRO,2023-11,-50
ZM,Zambia,AFRO,2023-12,-60
ZM,Zambia,AFRO,2024-01,-100
ZM,Zambia,AFRO,2024-02,NA
ZM,Zambia,AFRO,2024-03,Inf
ZM,Zambia,AFRO,2024-04,-72.04724409448819
ZM,Zambia,AFRO,2024-05,-66.19718309859155
ZM,Zambia,AFRO,2024-06,37.5
ZM,Zambia,AFRO,2024-07,151.5151515151515
ZM,Zambia,AFRO,2024-08,14.457831325301203
ZM,Zambia,AFRO,2024-09,-78.94736842105263
ZM,Zambia,AFRO,2024-10,-60
ZM,Zambia,AFRO,2024-11,-100
ZM,Zambia,AFRO,2024-12,NA
ZM,Zambia,AFRO,2025-01,NA
ZM,Zambia,AFRO,2025-02,NA
ZM,Zambia,AFRO,2025-03,NA
ZM,Zambia,AFRO,2025-04,NA
ZM,Zambia,AFRO,2025-05,NA
ZW,Zimbabwe,AFRO,2020-01,NA
ZW,Zimbabwe,AFRO,2020-02,NA
ZW,Zimbabwe,AFRO,2020-03,Inf
ZW,Zimbabwe,AFRO,2020-04,257.14285714285717
ZW,Zimbabwe,AFRO,2020-05,463.99999999999994
ZW,Zimbabwe,AFRO,2020-06,179.4326241134752
ZW,Zimbabwe,AFRO,2020-07,373.8578680203046
ZW,Zimbabwe,AFRO,2020-08,112.747723620782
ZW,Zimbabwe,AFRO,2020-09,-64.82880161127895
ZW,Zimbabwe,AFRO,2020-10,-66.64280601288475
ZW,Zimbabwe,AFRO,2020-11,233.26180257510728
ZW,Zimbabwe,AFRO,2020-12,102.2537025112685
ZW,Zimbabwe,AFRO,2021-01,546.5456860872334
ZW,Zimbabwe,AFRO,2021-02,-86.27634429781367
ZW,Zimbabwe,AFRO,2021-03,-72.73053462504485
ZW,Zimbabwe,AFRO,2021-04,63.94736842105263
ZW,Zimbabwe,AFRO,2021-05,-30.25682182985554
ZW,Zimbabwe,AFRO,2021-06,715.3049482163407
ZW,Zimbabwe,AFRO,2021-07,623.4862385321101
ZW,Zimbabwe,AFRO,2021-08,-47.150744259544666
ZW,Zimbabwe,AFRO,2021-09,-81.03359173126616
ZW,Zimbabwe,AFRO,2021-10,-32.87271311794473
ZW,Zimbabwe,AFRO,2021-11,-71.09307045520441
ZW,Zimbabwe,AFRO,2021-12,6900.501504513541
ZW,Zimbabwe,AFRO,2022-01,-63.22229386059174
ZW,Zimbabwe,AFRO,2022-02,-75.11395067980833
ZW,Zimbabwe,AFRO,2022-03,55.97996242955542
ZW,Zimbabwe,AFRO,2022-04,-82.36651947009234
ZW,Zimbabwe,AFRO,2022-05,159.98861696072854
ZW,Zimbabwe,AFRO,2022-06,-28.56830122591944
ZW,Zimbabwe,AFRO,2022-07,-68.64848299111247
ZW,Zimbabwe,AFRO,2022-08,-68.62170087976538
ZW,Zimbabwe,AFRO,2022-09,99.68847352024922
ZW,Zimbabwe,AFRO,2022-10,8.736349453978159
ZW,Zimbabwe,AFRO,2022-11,31.563845050215207
ZW,Zimbabwe,AFRO,2022-12,7.960741548527809
ZW,Zimbabwe,AFRO,2023-01,138.1818181818182
ZW,Zimbabwe,AFRO,2023-02,-23.40966921119593
ZW,Zimbabwe,AFRO,2023-03,-77.79623477297896
ZW,Zimbabwe,AFRO,2023-04,-56.60847880299252
ZW,Zimbabwe,AFRO,2023-05,95.40229885057472
ZW,Zimbabwe,AFRO,2023-06,14.705882352941178
ZW,Zimbabwe,AFRO,2023-07,-28.205128205128204
ZW,Zimbabwe,AFRO,2023-08,-86.42857142857143
ZW,Zimbabwe,AFRO,2023-09,-42.10526315789473
ZW,Zimbabwe,AFRO,2023-10,327.2727272727273
ZW,Zimbabwe,AFRO,2023-11,36.17021276595745
ZW,Zimbabwe,AFRO,2023-12,-25
ZW,Zimbabwe,AFRO,2024-01,126.04166666666669
ZW,Zimbabwe,AFRO,2024-02,-69.12442396313364
ZW,Zimbabwe,AFRO,2024-03,-89.55223880597015
ZW,Zimbabwe,AFRO,2024-04,-57.14285714285714
ZW,Zimbabwe,AFRO,2024-05,-100
ZW,Zimbabwe,AFRO,2024-06,Inf
ZW,Zimbabwe,AFRO,2024-07,-38.46153846153847
ZW,Zimbabwe,AFRO,2024-08,-87.5
ZW,Zimbabwe,AFRO,2024-09,500
ZW,Zimbabwe,AFRO,2024-10,-50
ZW,Zimbabwe,AFRO,2024-11,-100
ZW,Zimbabwe,AFRO,2024-12,Inf
ZW,Zimbabwe,AFRO,2025-01,-40
ZW,Zimbabwe,AFRO,2025-02,100
ZW,Zimbabwe,AFRO,2025-03,50
ZW,Zimbabwe,AFRO,2025-04,-44.44444444444444
ZW,Zimbabwe,AFRO,2025-05,-100
NA,Namibia,AFRO,2020-01,NA
NA,Namibia,AFRO,2020-02,NA
NA,Namibia,AFRO,2020-03,Inf
NA,Namibia,AFRO,2020-04,-54.54545454545454
NA,Namibia,AFRO,2020-05,40
NA,Namibia,AFRO,2020-06,1514.2857142857142
NA,Namibia,AFRO,2020-07,1349.557522123894
NA,Namibia,AFRO,2020-08,241.33089133089132
NA,Namibia,AFRO,2020-09,-34.39456269003756
NA,Namibia,AFRO,2020-10,-55.643402399127595
NA,Namibia,AFRO,2020-11,3.564843269821758
NA,Namibia,AFRO,2020-12,349.73293768545994
NA,Namibia,AFRO,2021-01,58.577461071522826
NA,Namibia,AFRO,2021-02,-59.166181243238746
NA,Namibia,AFRO,2021-03,-2.4862441410230285
NA,Namibia,AFRO,2021-04,-13.396029258098224
NA,Namibia,AFRO,2021-05,77.72683397683397
NA,Namibia,AFRO,2021-06,327.8071961982349
NA,Namibia,AFRO,2021-07,-3.786339977148661
NA,Namibia,AFRO,2021-08,-73.82154049150586
NA,Namibia,AFRO,2021-09,-68.83820564516128
NA,Namibia,AFRO,2021-10,-36.716538617064295
NA,Namibia,AFRO,2021-11,-85.814696485623
NA,Namibia,AFRO,2021-12,7529.27927927928
NA,Namibia,AFRO,2022-01,-42.47505461415835
NA,Namibia,AFRO,2022-02,-85.93862260084163
NA,Namibia,AFRO,2022-03,-70.72992700729927
NA,Namibia,AFRO,2022-04,86.28428927680798
NA,Namibia,AFRO,2022-05,573.3601070950468
NA,Namibia,AFRO,2022-06,-46.46123260437376
NA,Namibia,AFRO,2022-07,-84.29261047159302
NA,Namibia,AFRO,2022-08,-64.0661938534279
NA,Namibia,AFRO,2022-09,-23.684210526315788
NA,Namibia,AFRO,2022-10,2625.862068965517
NA,Namibia,AFRO,2022-11,-96.83744465528147
NA,Namibia,AFRO,2022-12,144
NA,Namibia,AFRO,2023-01,82.78688524590164
NA,Namibia,AFRO,2023-02,-3.1390134529147984
NA,Namibia,AFRO,2023-03,-84.72222222222221
NA,Namibia,AFRO,2023-04,33.33333333333333
NA,Namibia,AFRO,2023-05,-100
NA,Namibia,AFRO,2023-06,Inf
NA,Namibia,AFRO,2023-07,-82.1917808219178
NA,Namibia,AFRO,2023-08,-100
NA,Namibia,AFRO,2023-09,Inf
NA,Namibia,AFRO,2023-10,-86.4406779661017
NA,Namibia,AFRO,2023-11,256.25
NA,Namibia,AFRO,2023-12,5.263157894736842
NA,Namibia,AFRO,2024-01,-58.333333333333336
NA,Namibia,AFRO,2024-02,320
NA,Namibia,AFRO,2024-03,-80
NA,Namibia,AFRO,2024-04,-80.95238095238095
NA,Namibia,AFRO,2024-05,75
NA,Namibia,AFRO,2024-06,1171.428571428571
NA,Namibia,AFRO,2024-07,-64.04494382022472
NA,Namibia,AFRO,2024-08,-46.875
NA,Namibia,AFRO,2024-09,-58.82352941176471
NA,Namibia,AFRO,2024-10,-100
NA,Namibia,AFRO,2024-11,NA
NA,Namibia,AFRO,2024-12,NA
NA,Namibia,AFRO,2025-01,NA
NA,Namibia,AFRO,2025-02,Inf
NA,Namibia,AFRO,2025-03,-100
NA,Namibia,AFRO,2025-04,NA
NA,Namibia,AFRO,2025-05,NA
