SERIES_CODE,Country,year_month,cpi_pop_alltime
ABW,"Aruba, Kingdom of the Netherlands",2019-01-01,-0.43238993710691
ABW,"Aruba, Kingdom of the Netherlands",2019-02-01,0.421800652440409
ABW,"Aruba, Kingdom of the Netherlands",2019-03-01,1.38940616594248
ABW,"Aruba, Kingdom of the Netherlands",2019-04-01,0.846912849606643
ABW,"Aruba, Kingdom of the Netherlands",2019-05-01,0.361215383525745
ABW,"Aruba, Kingdom of the Netherlands",2019-06-01,0.81661457808247
ABW,"Aruba, Kingdom of the Netherlands",2019-07-01,0.0559999999999974
ABW,"Aruba, Kingdom of the Netherlands",2019-08-01,-0.254857279923238
ABW,"Aruba, Kingdom of the Netherlands",2019-09-01,0.197392811695276
ABW,"Aruba, Kingdom of the Netherlands",2019-10-01,0.487009740194799
ABW,"Aruba, Kingdom of the Netherlands",2019-11-01,0.0447828034034948
ABW,"Aruba, Kingdom of the Netherlands",2019-12-01,1.12603203023973
ABW,"Aruba, Kingdom of the Netherlands",2020-01-01,-0.103283429403321
ABW,"Aruba, Kingdom of the Netherlands",2020-02-01,0.173301692645511
ABW,"Aruba, Kingdom of the Netherlands",2020-03-01,NA
ABW,"Aruba, Kingdom of the Netherlands",2020-04-01,NA
ABW,"Aruba, Kingdom of the Netherlands",2020-05-01,NA
ABW,"Aruba, Kingdom of the Netherlands",2020-06-01,NA
ABW,"Aruba, Kingdom of the Netherlands",2020-07-01,NA
ABW,"Aruba, Kingdom of the Netherlands",2020-08-01,NA
ABW,"Aruba, Kingdom of the Netherlands",2020-09-01,NA
ABW,"Aruba, Kingdom of the Netherlands",2020-10-01,NA
ABW,"Aruba, Kingdom of the Netherlands",2020-11-01,NA
ABW,"Aruba, Kingdom of the Netherlands",2020-12-01,NA
ABW,"Aruba, Kingdom of the Netherlands",2021-01-01,NA
ABW,"Aruba, Kingdom of the Netherlands",2021-02-01,NA
ABW,"Aruba, Kingdom of the Netherlands",2021-03-01,NA
ABW,"Aruba, Kingdom of the Netherlands",2021-04-01,NA
ABW,"Aruba, Kingdom of the Netherlands",2021-05-01,NA
ABW,"Aruba, Kingdom of the Netherlands",2021-06-01,NA
ABW,"Aruba, Kingdom of the Netherlands",2021-07-01,NA
ABW,"Aruba, Kingdom of the Netherlands",2021-08-01,NA
ABW,"Aruba, Kingdom of the Netherlands",2021-09-01,NA
ABW,"Aruba, Kingdom of the Netherlands",2021-10-01,NA
ABW,"Aruba, Kingdom of the Netherlands",2021-11-01,NA
ABW,"Aruba, Kingdom of the Netherlands",2021-12-01,NA
ABW,"Aruba, Kingdom of the Netherlands",2022-01-01,NA
ABW,"Aruba, Kingdom of the Netherlands",2022-02-01,NA
ABW,"Aruba, Kingdom of the Netherlands",2022-03-01,NA
ABW,"Aruba, Kingdom of the Netherlands",2022-04-01,NA
ABW,"Aruba, Kingdom of the Netherlands",2022-05-01,NA
ABW,"Aruba, Kingdom of the Netherlands",2022-06-01,NA
ABW,"Aruba, Kingdom of the Netherlands",2022-07-01,NA
ABW,"Aruba, Kingdom of the Netherlands",2022-08-01,NA
ABW,"Aruba, Kingdom of the Netherlands",2022-09-01,NA
ABW,"Aruba, Kingdom of the Netherlands",2022-10-01,NA
ABW,"Aruba, Kingdom of the Netherlands",2022-11-01,NA
ABW,"Aruba, Kingdom of the Netherlands",2022-12-01,NA
ABW,"Aruba, Kingdom of the Netherlands",2023-01-01,NA
ABW,"Aruba, Kingdom of the Netherlands",2023-02-01,NA
ABW,"Aruba, Kingdom of the Netherlands",2023-03-01,NA
ABW,"Aruba, Kingdom of the Netherlands",2023-04-01,NA
ABW,"Aruba, Kingdom of the Netherlands",2023-05-01,NA
ABW,"Aruba, Kingdom of the Netherlands",2023-06-01,NA
ABW,"Aruba, Kingdom of the Netherlands",2023-07-01,NA
ABW,"Aruba, Kingdom of the Netherlands",2023-08-01,NA
ABW,"Aruba, Kingdom of the Netherlands",2023-09-01,NA
ABW,"Aruba, Kingdom of the Netherlands",2023-10-01,NA
ABW,"Aruba, Kingdom of the Netherlands",2023-11-01,NA
ABW,"Aruba, Kingdom of the Netherlands",2023-12-01,NA
ABW,"Aruba, Kingdom of the Netherlands",2024-01-01,NA
ABW,"Aruba, Kingdom of the Netherlands",2024-02-01,NA
ABW,"Aruba, Kingdom of the Netherlands",2024-03-01,NA
ABW,"Aruba, Kingdom of the Netherlands",2024-04-01,NA
ABW,"Aruba, Kingdom of the Netherlands",2024-05-01,NA
ABW,"Aruba, Kingdom of the Netherlands",2024-06-01,NA
ABW,"Aruba, Kingdom of the Netherlands",2024-07-01,NA
ABW,"Aruba, Kingdom of the Netherlands",2024-08-01,NA
ABW,"Aruba, Kingdom of the Netherlands",2024-09-01,NA
ABW,"Aruba, Kingdom of the Netherlands",2024-10-01,NA
ABW,"Aruba, Kingdom of the Netherlands",2024-11-01,NA
ABW,"Aruba, Kingdom of the Netherlands",2024-12-01,NA
CUW,"Curaçao, Kingdom of the Netherlands",2019-01-01,-0.152905198776771
CUW,"Curaçao, Kingdom of the Netherlands",2019-02-01,-0.535987748851446
CUW,"Curaçao, Kingdom of the Netherlands",2019-03-01,-0.307929176289458
CUW,"Curaçao, Kingdom of the Netherlands",2019-04-01,0.772200772200772
CUW,"Curaçao, Kingdom of the Netherlands",2019-05-01,0.919540229885049
CUW,"Curaçao, Kingdom of the Netherlands",2019-06-01,0.835231586940033
CUW,"Curaçao, Kingdom of the Netherlands",2019-07-01,-0.22590361445784
CUW,"Curaçao, Kingdom of the Netherlands",2019-08-01,0.226415094339631
CUW,"Curaçao, Kingdom of the Netherlands",2019-09-01,0.602409638554204
CUW,"Curaçao, Kingdom of the Netherlands",2019-10-01,0
CUW,"Curaçao, Kingdom of the Netherlands",2019-11-01,0.0748502994011934
CUW,"Curaçao, Kingdom of the Netherlands",2019-12-01,0.074794315632029
CUW,"Curaçao, Kingdom of the Netherlands",2020-01-01,0.149476831091172
CUW,"Curaçao, Kingdom of the Netherlands",2020-02-01,-0.298507462686571
CUW,"Curaçao, Kingdom of the Netherlands",2020-03-01,NA
CUW,"Curaçao, Kingdom of the Netherlands",2020-04-01,NA
CUW,"Curaçao, Kingdom of the Netherlands",2020-05-01,NA
CUW,"Curaçao, Kingdom of the Netherlands",2020-06-01,NA
CUW,"Curaçao, Kingdom of the Netherlands",2020-07-01,NA
CUW,"Curaçao, Kingdom of the Netherlands",2020-08-01,NA
CUW,"Curaçao, Kingdom of the Netherlands",2020-09-01,NA
CUW,"Curaçao, Kingdom of the Netherlands",2020-10-01,NA
CUW,"Curaçao, Kingdom of the Netherlands",2020-11-01,NA
CUW,"Curaçao, Kingdom of the Netherlands",2020-12-01,NA
CUW,"Curaçao, Kingdom of the Netherlands",2021-01-01,NA
CUW,"Curaçao, Kingdom of the Netherlands",2021-02-01,NA
CUW,"Curaçao, Kingdom of the Netherlands",2021-03-01,NA
CUW,"Curaçao, Kingdom of the Netherlands",2021-04-01,NA
CUW,"Curaçao, Kingdom of the Netherlands",2021-05-01,NA
CUW,"Curaçao, Kingdom of the Netherlands",2021-06-01,NA
CUW,"Curaçao, Kingdom of the Netherlands",2021-07-01,NA
CUW,"Curaçao, Kingdom of the Netherlands",2021-08-01,NA
CUW,"Curaçao, Kingdom of the Netherlands",2021-09-01,NA
CUW,"Curaçao, Kingdom of the Netherlands",2021-10-01,NA
CUW,"Curaçao, Kingdom of the Netherlands",2021-11-01,NA
CUW,"Curaçao, Kingdom of the Netherlands",2021-12-01,NA
CUW,"Curaçao, Kingdom of the Netherlands",2022-01-01,NA
CUW,"Curaçao, Kingdom of the Netherlands",2022-02-01,NA
CUW,"Curaçao, Kingdom of the Netherlands",2022-03-01,NA
CUW,"Curaçao, Kingdom of the Netherlands",2022-04-01,NA
CUW,"Curaçao, Kingdom of the Netherlands",2022-05-01,NA
CUW,"Curaçao, Kingdom of the Netherlands",2022-06-01,NA
CUW,"Curaçao, Kingdom of the Netherlands",2022-07-01,NA
CUW,"Curaçao, Kingdom of the Netherlands",2022-08-01,NA
CUW,"Curaçao, Kingdom of the Netherlands",2022-09-01,NA
CUW,"Curaçao, Kingdom of the Netherlands",2022-10-01,NA
CUW,"Curaçao, Kingdom of the Netherlands",2022-11-01,NA
CUW,"Curaçao, Kingdom of the Netherlands",2022-12-01,NA
CUW,"Curaçao, Kingdom of the Netherlands",2023-01-01,NA
CUW,"Curaçao, Kingdom of the Netherlands",2023-02-01,NA
CUW,"Curaçao, Kingdom of the Netherlands",2023-03-01,NA
CUW,"Curaçao, Kingdom of the Netherlands",2023-04-01,NA
CUW,"Curaçao, Kingdom of the Netherlands",2023-05-01,NA
CUW,"Curaçao, Kingdom of the Netherlands",2023-06-01,NA
CUW,"Curaçao, Kingdom of the Netherlands",2023-07-01,NA
CUW,"Curaçao, Kingdom of the Netherlands",2023-08-01,NA
CUW,"Curaçao, Kingdom of the Netherlands",2023-09-01,NA
CUW,"Curaçao, Kingdom of the Netherlands",2023-10-01,NA
CUW,"Curaçao, Kingdom of the Netherlands",2023-11-01,NA
CUW,"Curaçao, Kingdom of the Netherlands",2023-12-01,NA
CUW,"Curaçao, Kingdom of the Netherlands",2024-01-01,NA
CUW,"Curaçao, Kingdom of the Netherlands",2024-02-01,NA
CUW,"Curaçao, Kingdom of the Netherlands",2024-03-01,NA
CUW,"Curaçao, Kingdom of the Netherlands",2024-04-01,NA
CUW,"Curaçao, Kingdom of the Netherlands",2024-05-01,NA
CUW,"Curaçao, Kingdom of the Netherlands",2024-06-01,NA
CUW,"Curaçao, Kingdom of the Netherlands",2024-07-01,NA
CUW,"Curaçao, Kingdom of the Netherlands",2024-08-01,NA
CUW,"Curaçao, Kingdom of the Netherlands",2024-09-01,NA
CUW,"Curaçao, Kingdom of the Netherlands",2024-10-01,NA
CUW,"Curaçao, Kingdom of the Netherlands",2024-11-01,NA
CUW,"Curaçao, Kingdom of the Netherlands",2024-12-01,NA
OMN,Oman,2019-01-01,-0.1885014137605567
OMN,Oman,2019-02-01,0
OMN,Oman,2019-03-01,-0.1
OMN,Oman,2019-04-01,0.2002002002002002
OMN,Oman,2019-05-01,0.2997002997002997
OMN,Oman,2019-06-01,0.09960159362549802
OMN,Oman,2019-07-01,0.3980099502487562
OMN,Oman,2019-08-01,0.09910802775024775
OMN,Oman,2019-09-01,-0.396039603960396
OMN,Oman,2019-10-01,0.1988071570576541
OMN,Oman,2019-11-01,0
OMN,Oman,2019-12-01,-0.0992063492063492
OMN,Oman,2020-01-01,0.09930486593843098
OMN,Oman,2020-02-01,-0.2976190476190476
OMN,Oman,2020-03-01,-0.3980099502487562
OMN,Oman,2020-04-01,-0.3996003996003996
OMN,Oman,2020-05-01,0.1003009027081244
OMN,Oman,2020-06-01,0.3006012024048096
OMN,Oman,2020-07-01,0.0999000999000999
OMN,Oman,2020-08-01,0.0998003992015968
OMN,Oman,2020-09-01,-0.4985044865403789
OMN,Oman,2020-10-01,0
OMN,Oman,2020-11-01,0.1002004008016032
OMN,Oman,2020-12-01,-0.1001001001001001
OMN,Oman,2021-01-01,0
OMN,Oman,2021-02-01,-0.1002004008016032
OMN,Oman,2021-03-01,1.003009027081244
OMN,Oman,2021-04-01,0.7944389275074479
OMN,Oman,2021-05-01,0.09852216748768472
OMN,Oman,2021-06-01,0.0984251968503937
OMN,Oman,2021-07-01,0.688298918387414
OMN,Oman,2021-08-01,-0.1953125
OMN,Oman,2021-09-01,-0.2935420743639922
OMN,Oman,2021-10-01,0.9813542688910696
OMN,Oman,2021-11-01,0.2915451895043732
OMN,Oman,2021-12-01,0.1937984496124031
OMN,Oman,2022-01-01,0.5802707930367506
OMN,Oman,2022-02-01,-0.4807692307692308
OMN,Oman,2022-03-01,0.1932367149758454
OMN,Oman,2022-04-01,0.3857280617164899
OMN,Oman,2022-05-01,-0.09606147934678194
OMN,Oman,2022-06-01,0.1923076923076923
OMN,Oman,2022-07-01,0.3838771593090211
OMN,Oman,2022-08-01,-0.3824091778202677
OMN,Oman,2022-09-01,-0.09596928982725528
OMN,Oman,2022-10-01,1.056676272814601
OMN,Oman,2022-11-01,-0.09505703422053231
OMN,Oman,2022-12-01,-0.1902949571836346
OMN,Oman,2023-01-01,0.7626310772163966
OMN,Oman,2023-02-01,-0.3784295175023652
OMN,Oman,2023-03-01,-0.0949667616334283
OMN,Oman,2023-04-01,-0.1901140684410646
OMN,Oman,2023-05-01,-0.1904761904761905
OMN,Oman,2023-06-01,0.2862595419847328
OMN,Oman,2023-07-01,-0.3805899143672693
OMN,Oman,2023-08-01,0.2865329512893983
OMN,Oman,2023-09-01,0.6666666666666667
OMN,Oman,2023-10-01,-0.0946073793755913
OMN,Oman,2023-11-01,0.1893939393939394
OMN,Oman,2023-12-01,-0.1890359168241966
OMN,Oman,2024-01-01,0
OMN,Oman,2024-02-01,-0.2840909090909091
OMN,Oman,2024-03-01,0.0949667616334283
OMN,Oman,2024-04-01,0.09487666034155598
OMN,Oman,2024-05-01,0.2843601895734597
OMN,Oman,2024-06-01,0.0945179584120983
OMN,Oman,2024-07-01,0.3777148253068933
OMN,Oman,2024-08-01,-0.1881467544684854
OMN,Oman,2024-09-01,0
OMN,Oman,2024-10-01,0.2827521206409048
OMN,Oman,2024-11-01,-0.09398496240601505
OMN,Oman,2024-12-01,NA
SYR,Syrian Arab Republic,2019-01-01,1.819526627218935
SYR,Syrian Arab Republic,2019-02-01,1.220398082231585
SYR,Syrian Arab Republic,2019-03-01,3.6290129658868
SYR,Syrian Arab Republic,2019-04-01,-0.2804773886747155
SYR,Syrian Arab Republic,2019-05-01,-0.04861392441692228
SYR,Syrian Arab Republic,2019-06-01,0.1771797158176323
SYR,Syrian Arab Republic,2019-07-01,0.7467690102420641
SYR,Syrian Arab Republic,2019-08-01,0.9994033412887828
SYR,Syrian Arab Republic,2019-09-01,4.137554957227088
SYR,Syrian Arab Republic,2019-10-01,0.8225604101892762
SYR,Syrian Arab Republic,2019-11-01,2.707235525162575
SYR,Syrian Arab Republic,2019-12-01,14.96402271362501
SYR,Syrian Arab Republic,2020-01-01,NA
SYR,Syrian Arab Republic,2020-02-01,NA
SYR,Syrian Arab Republic,2020-03-01,NA
SYR,Syrian Arab Republic,2020-04-01,NA
SYR,Syrian Arab Republic,2020-05-01,NA
SYR,Syrian Arab Republic,2020-06-01,NA
SYR,Syrian Arab Republic,2020-07-01,NA
SYR,Syrian Arab Republic,2020-08-01,NA
SYR,Syrian Arab Republic,2020-09-01,NA
SYR,Syrian Arab Republic,2020-10-01,NA
SYR,Syrian Arab Republic,2020-11-01,NA
SYR,Syrian Arab Republic,2020-12-01,NA
SYR,Syrian Arab Republic,2021-01-01,NA
SYR,Syrian Arab Republic,2021-02-01,NA
SYR,Syrian Arab Republic,2021-03-01,NA
SYR,Syrian Arab Republic,2021-04-01,NA
SYR,Syrian Arab Republic,2021-05-01,NA
SYR,Syrian Arab Republic,2021-06-01,NA
SYR,Syrian Arab Republic,2021-07-01,NA
SYR,Syrian Arab Republic,2021-08-01,NA
SYR,Syrian Arab Republic,2021-09-01,NA
SYR,Syrian Arab Republic,2021-10-01,NA
SYR,Syrian Arab Republic,2021-11-01,NA
SYR,Syrian Arab Republic,2021-12-01,NA
SYR,Syrian Arab Republic,2022-01-01,NA
SYR,Syrian Arab Republic,2022-02-01,NA
SYR,Syrian Arab Republic,2022-03-01,NA
SYR,Syrian Arab Republic,2022-04-01,NA
SYR,Syrian Arab Republic,2022-05-01,NA
SYR,Syrian Arab Republic,2022-06-01,NA
SYR,Syrian Arab Republic,2022-07-01,NA
SYR,Syrian Arab Republic,2022-08-01,NA
SYR,Syrian Arab Republic,2022-09-01,NA
SYR,Syrian Arab Republic,2022-10-01,NA
SYR,Syrian Arab Republic,2022-11-01,NA
SYR,Syrian Arab Republic,2022-12-01,NA
SYR,Syrian Arab Republic,2023-01-01,NA
SYR,Syrian Arab Republic,2023-02-01,NA
SYR,Syrian Arab Republic,2023-03-01,NA
SYR,Syrian Arab Republic,2023-04-01,NA
SYR,Syrian Arab Republic,2023-05-01,NA
SYR,Syrian Arab Republic,2023-06-01,NA
SYR,Syrian Arab Republic,2023-07-01,NA
SYR,Syrian Arab Republic,2023-08-01,NA
SYR,Syrian Arab Republic,2023-09-01,NA
SYR,Syrian Arab Republic,2023-10-01,NA
SYR,Syrian Arab Republic,2023-11-01,NA
SYR,Syrian Arab Republic,2023-12-01,NA
SYR,Syrian Arab Republic,2024-01-01,NA
SYR,Syrian Arab Republic,2024-02-01,NA
SYR,Syrian Arab Republic,2024-03-01,NA
SYR,Syrian Arab Republic,2024-04-01,NA
SYR,Syrian Arab Republic,2024-05-01,NA
SYR,Syrian Arab Republic,2024-06-01,NA
SYR,Syrian Arab Republic,2024-07-01,NA
SYR,Syrian Arab Republic,2024-08-01,NA
SYR,Syrian Arab Republic,2024-09-01,NA
SYR,Syrian Arab Republic,2024-10-01,NA
SYR,Syrian Arab Republic,2024-11-01,NA
SYR,Syrian Arab Republic,2024-12-01,NA
MMR,Myanmar,2019-01-01,0.0946190615425528
MMR,Myanmar,2019-02-01,0.644409775069876
MMR,Myanmar,2019-03-01,0.863854713057038
MMR,Myanmar,2019-04-01,1.26505887162113
MMR,Myanmar,2019-05-01,1.06978038332711
MMR,Myanmar,2019-06-01,0.585602040894197
MMR,Myanmar,2019-07-01,2.5160237913195
MMR,Myanmar,2019-08-01,0.426199089876291
MMR,Myanmar,2019-09-01,0.460985349214646
MMR,Myanmar,2019-10-01,0.45732572837497
MMR,Myanmar,2019-11-01,0.418173725513032
MMR,Myanmar,2019-12-01,0.286705737102362
MMR,Myanmar,2020-01-01,-0.237409218035137
MMR,Myanmar,2020-02-01,-0.0277339033431906
MMR,Myanmar,2020-03-01,-0.762601525203044
MMR,Myanmar,2020-04-01,-0.0392228362195482
MMR,Myanmar,2020-05-01,0.0762322409318373
MMR,Myanmar,2020-06-01,0.540363401680177
MMR,Myanmar,2020-07-01,0.099237401441693407
MMR,Myanmar,2020-08-01,0.563772767653567
MMR,Myanmar,2020-09-01,0.649195228138035
MMR,Myanmar,2020-10-01,-0.0659106733452566
MMR,Myanmar,2020-11-01,-0.108973300258429
MMR,Myanmar,2020-12-01,NA
MMR,Myanmar,2021-01-01,NA
MMR,Myanmar,2021-02-01,NA
MMR,Myanmar,2021-03-01,NA
MMR,Myanmar,2021-04-01,NA
MMR,Myanmar,2021-05-01,NA
MMR,Myanmar,2021-06-01,NA
MMR,Myanmar,2021-07-01,NA
MMR,Myanmar,2021-08-01,NA
MMR,Myanmar,2021-09-01,NA
MMR,Myanmar,2021-10-01,NA
MMR,Myanmar,2021-11-01,NA
MMR,Myanmar,2021-12-01,NA
MMR,Myanmar,2022-01-01,NA
MMR,Myanmar,2022-02-01,NA
MMR,Myanmar,2022-03-01,NA
MMR,Myanmar,2022-04-01,NA
MMR,Myanmar,2022-05-01,NA
MMR,Myanmar,2022-06-01,NA
MMR,Myanmar,2022-07-01,NA
MMR,Myanmar,2022-08-01,NA
MMR,Myanmar,2022-09-01,NA
MMR,Myanmar,2022-10-01,NA
MMR,Myanmar,2022-11-01,NA
MMR,Myanmar,2022-12-01,NA
MMR,Myanmar,2023-01-01,NA
MMR,Myanmar,2023-02-01,NA
MMR,Myanmar,2023-03-01,NA
MMR,Myanmar,2023-04-01,NA
MMR,Myanmar,2023-05-01,NA
MMR,Myanmar,2023-06-01,NA
MMR,Myanmar,2023-07-01,NA
MMR,Myanmar,2023-08-01,NA
MMR,Myanmar,2023-09-01,NA
MMR,Myanmar,2023-10-01,NA
MMR,Myanmar,2023-11-01,NA
MMR,Myanmar,2023-12-01,NA
MMR,Myanmar,2024-01-01,NA
MMR,Myanmar,2024-02-01,NA
MMR,Myanmar,2024-03-01,NA
MMR,Myanmar,2024-04-01,NA
MMR,Myanmar,2024-05-01,NA
MMR,Myanmar,2024-06-01,NA
MMR,Myanmar,2024-07-01,NA
MMR,Myanmar,2024-08-01,NA
MMR,Myanmar,2024-09-01,NA
MMR,Myanmar,2024-10-01,NA
MMR,Myanmar,2024-11-01,NA
MMR,Myanmar,2024-12-01,NA
KHM,Cambodia,2019-01-01,-0.0240569117798678
KHM,Cambodia,2019-02-01,0.8284444037033643
KHM,Cambodia,2019-03-01,0.2591056310017615
KHM,Cambodia,2019-04-01,0.3264454847375401
KHM,Cambodia,2019-05-01,0.1886771135791032
KHM,Cambodia,2019-06-01,-0.388484178713999
KHM,Cambodia,2019-07-01,0.4522632976164196
KHM,Cambodia,2019-08-01,0.5837737932899822
KHM,Cambodia,2019-09-01,-0.0302517618850209
KHM,Cambodia,2019-10-01,-0.1087151439074688
KHM,Cambodia,2019-11-01,0.1352003321103594
KHM,Cambodia,2019-12-01,0.8151488837222332
KHM,Cambodia,2020-01-01,0.4717977215893304
KHM,Cambodia,2020-02-01,-0.08019955862587735
KHM,Cambodia,2020-03-01,0.4483709189943206
KHM,Cambodia,2020-04-01,-0.5808314596834634
KHM,Cambodia,2020-05-01,0.6390998281691702
KHM,Cambodia,2020-06-01,0.4367629968661016
KHM,Cambodia,2020-07-01,0.3608326570005922
KHM,Cambodia,2020-08-01,-0.1234878206038882
KHM,Cambodia,2020-09-01,0.4218001181696829
KHM,Cambodia,2020-10-01,0.7360031379556436
KHM,Cambodia,2020-11-01,0.1032934941322806
KHM,Cambodia,2020-12-01,0.01296589429554676
KHM,Cambodia,2021-01-01,0.1987846049966239
KHM,Cambodia,2021-02-01,-0.9229458793593288
KHM,Cambodia,2021-03-01,0.7900707907781545
KHM,Cambodia,2021-04-01,0.06910215782285015
KHM,Cambodia,2021-05-01,0.8750492282626874
KHM,Cambodia,2021-06-01,0.201622607402812
KHM,Cambodia,2021-07-01,0.9286934244235696
KHM,Cambodia,2021-08-01,-0.05288207297726071
KHM,Cambodia,2021-09-01,-0.00264550264550264
KHM,Cambodia,2021-10-01,0.7206539855551733
KHM,Cambodia,2021-11-01,0.9240532263063612
KHM,Cambodia,2021-12-01,-0.07131108288742218
KHM,Cambodia,2022-01-01,0.5839180327014935
KHM,Cambodia,2022-02-01,1.191092698083894
KHM,Cambodia,2022-03-01,1.617195496417605
KHM,Cambodia,2022-04-01,0.1218775181305399
KHM,Cambodia,2022-05-01,0.7977786943793322
KHM,Cambodia,2022-06-01,0.7999481006846717
KHM,Cambodia,2022-07-01,-1.341643934630751
KHM,Cambodia,2022-08-01,-0.4691867262809801
KHM,Cambodia,2022-09-01,-0.4814818549403568
KHM,Cambodia,2022-10-01,-0.05522034945868859
KHM,Cambodia,2022-11-01,0.5068886162954552
KHM,Cambodia,2022-12-01,-0.40649176425495
KHM,Cambodia,2023-01-01,0.6593206263039559
KHM,Cambodia,2023-02-01,0.4688647637062452
KHM,Cambodia,2023-03-01,0.1231786089830254
KHM,Cambodia,2023-04-01,0.4881073836243974
KHM,Cambodia,2023-05-01,0.2030537694344355
KHM,Cambodia,2023-06-01,0.3963444919042416
KHM,Cambodia,2023-07-01,0.4378197073286567
KHM,Cambodia,2023-08-01,0.8570457534368027
KHM,Cambodia,2023-09-01,0.0195347792325762
KHM,Cambodia,2023-10-01,0.07128801824192028
KHM,Cambodia,2023-11-01,-0.6494298581598349
KHM,Cambodia,2023-12-01,-0.380123564714318
KHM,Cambodia,2024-01-01,-2.47727317544517
KHM,Cambodia,2024-02-01,0.6591884500477709
KHM,Cambodia,2024-03-01,0.452986345123366
KHM,Cambodia,2024-04-01,0.9533808273965754
KHM,Cambodia,2024-05-01,0.7992789651962047
KHM,Cambodia,2024-06-01,0.00687805213563518
KHM,Cambodia,2024-07-01,0.374828060522696
KHM,Cambodia,2024-08-01,NA
KHM,Cambodia,2024-09-01,NA
KHM,Cambodia,2024-10-01,NA
KHM,Cambodia,2024-11-01,NA
KHM,Cambodia,2024-12-01,NA
IDN,Indonesia,2019-01-01,0.3249870743777236
IDN,Indonesia,2019-02-01,-0.08098358241920046
IDN,Indonesia,2019-03-01,0.1105216622458002
IDN,Indonesia,2019-04-01,0.441598586884522
IDN,Indonesia,2019-05-01,0.6814684546054078
IDN,Indonesia,2019-06-01,0.5531295487627365
IDN,Indonesia,2019-07-01,0.3112333526346265
IDN,Indonesia,2019-08-01,0.1154484450537557
IDN,Indonesia,2019-09-01,-0.2738738738738739
IDN,Indonesia,2019-10-01,0.02168100021681
IDN,Indonesia,2019-11-01,0.1445086705202312
IDN,Indonesia,2019-12-01,0.3391053391053391
IDN,Indonesia,2020-01-01,0.287624937082045
IDN,Indonesia,2020-02-01,0.2796300279630028
IDN,Indonesia,2020-03-01,0.0950950950950951
IDN,Indonesia,2020-04-01,0.07636096090518812
IDN,Indonesia,2020-05-01,0.06680946952852929
IDN,Indonesia,2020-06-01,0.1811781573325439
IDN,Indonesia,2020-07-01,-0.1046654443831325
IDN,Indonesia,2020-08-01,-0.04768336534794958
IDN,Indonesia,2020-09-01,-0.04763480364192319
IDN,Indonesia,2020-10-01,0.0667775821378529
IDN,Indonesia,2020-11-01,0.2763431446081717
IDN,Indonesia,2020-12-01,0.4467891473750071
IDN,Indonesia,2021-01-01,0.2554566792472062
IDN,Indonesia,2021-02-01,0.103786220155284
IDN,Indonesia,2021-03-01,0.08491772361255795
IDN,Indonesia,2021-04-01,0.1318490508066329
IDN,Indonesia,2021-05-01,0.3198636374512815
IDN,Indonesia,2021-06-01,-0.1593868097593554
IDN,Indonesia,2021-07-01,0.07511289770663249
IDN,Indonesia,2021-08-01,0.0281549717046045
IDN,Indonesia,2021-09-01,-0.03748260112405688
IDN,Indonesia,2021-10-01,0.1219694591844688
IDN,Indonesia,2021-11-01,0.365673023514164
IDN,Indonesia,2021-12-01,0.5698501409427019
IDN,Indonesia,2022-01-01,0.5573107342591505
IDN,Indonesia,2022-02-01,-0.01851782755480379
IDN,Indonesia,2022-03-01,0.6559842320520033
IDN,Indonesia,2022-04-01,0.9453627174595154
IDN,Indonesia,2022-05-01,0.4000688319717707
IDN,Indonesia,2022-06-01,0.606789785987539
IDN,Indonesia,2022-07-01,0.6391549041604325
IDN,Indonesia,2022-08-01,-0.2057436948757442
IDN,Indonesia,2022-09-01,1.165200472275282
IDN,Indonesia,2022-10-01,-0.1063038726686381
IDN,Indonesia,2022-11-01,0.08863660187437221
IDN,Indonesia,2022-12-01,0.6557674792889367
IDN,Indonesia,2023-01-01,0.3419806428287785
IDN,Indonesia,2023-02-01,0.1575113211262059
IDN,Indonesia,2023-03-01,0.1769215647729507
IDN,Indonesia,2023-04-01,0.3335949764521193
IDN,Indonesia,2023-05-01,0.08716343959840928
IDN,Indonesia,2023-06-01,0.1393270224727518
IDN,Indonesia,2023-07-01,0.2086672356014404
IDN,Indonesia,2023-08-01,-0.0173310900281971
IDN,Indonesia,2023-09-01,0.1909347231771122
IDN,Indonesia,2023-10-01,0.173269796754658
IDN,Indonesia,2023-11-01,0.3804824533032501
IDN,Indonesia,2023-12-01,0.4135160528259186
IDN,Indonesia,2024-01-01,NA
IDN,Indonesia,2024-02-01,NA
IDN,Indonesia,2024-03-01,NA
IDN,Indonesia,2024-04-01,NA
IDN,Indonesia,2024-05-01,NA
IDN,Indonesia,2024-06-01,NA
IDN,Indonesia,2024-07-01,NA
IDN,Indonesia,2024-08-01,NA
IDN,Indonesia,2024-09-01,NA
IDN,Indonesia,2024-10-01,NA
IDN,Indonesia,2024-11-01,NA
IDN,Indonesia,2024-12-01,NA
MAC,"Macao Special Administrative Region, People's Republic of China",2019-01-01,0.1494470459300588
MAC,"Macao Special Administrative Region, People's Republic of China",2019-02-01,0.6864305610823717
MAC,"Macao Special Administrative Region, People's Republic of China",2019-03-01,-0.4050983104436321
MAC,"Macao Special Administrative Region, People's Republic of China",2019-04-01,0.2579365079365079
MAC,"Macao Special Administrative Region, People's Republic of China",2019-05-01,0.2770631308133782
MAC,"Macao Special Administrative Region, People's Republic of China",2019-06-01,0.2960331557134399
MAC,"Macao Special Administrative Region, People's Republic of China",2019-07-01,0.2164502164502165
MAC,"Macao Special Administrative Region, People's Republic of China",2019-08-01,0.3043392892204987
MAC,"Macao Special Administrative Region, People's Republic of China",2019-09-01,0.2055397866301263
MAC,"Macao Special Administrative Region, People's Republic of China",2019-10-01,0.2930259816370385
MAC,"Macao Special Administrative Region, People's Republic of China",2019-11-01,0.04869497467861317
MAC,"Macao Special Administrative Region, People's Republic of China",2019-12-01,0.2044193516986275
MAC,"Macao Special Administrative Region, People's Republic of China",2020-01-01,0.5634350106858363
MAC,"Macao Special Administrative Region, People's Republic of China",2020-02-01,0.03863987635239567
MAC,"Macao Special Administrative Region, People's Republic of China",2020-03-01,-0.2510621861722673
MAC,"Macao Special Administrative Region, People's Republic of China",2020-04-01,-0.1645692158760891
MAC,"Macao Special Administrative Region, People's Republic of China",2020-05-01,-0.0969649956365752
MAC,"Macao Special Administrative Region, People's Republic of China",2020-06-01,-0.4270600795884694
MAC,"Macao Special Administrative Region, People's Republic of China",2020-07-01,-0.4386392435909933
MAC,"Macao Special Administrative Region, People's Republic of China",2020-08-01,0.06853338554924614
MAC,"Macao Special Administrative Region, People's Republic of China",2020-09-01,-0.2348106838861168
MAC,"Macao Special Administrative Region, People's Republic of China",2020-10-01,-0.05884083553986467
MAC,"Macao Special Administrative Region, People's Republic of China",2020-11-01,-0.07850063781768227
MAC,"Macao Special Administrative Region, People's Republic of China",2020-12-01,0.2160463517627418
MAC,"Macao Special Administrative Region, People's Republic of China",2021-01-01,0.2449779519843214
MAC,"Macao Special Administrative Region, People's Republic of China",2021-02-01,0.2737047898338221
MAC,"Macao Special Administrative Region, People's Republic of China",2021-03-01,-0.282706180542016
MAC,"Macao Special Administrative Region, People's Republic of China",2021-04-01,0.1759702805748362
MAC,"Macao Special Administrative Region, People's Republic of China",2021-05-01,0.03903581536059334
MAC,"Macao Special Administrative Region, People's Republic of China",2021-06-01,-0.0097551458394303
MAC,"Macao Special Administrative Region, People's Republic of China",2021-07-01,0.02926829268292683
MAC,"Macao Special Administrative Region, People's Republic of China",2021-08-01,0.07802594362625573
MAC,"Macao Special Administrative Region, People's Republic of China",2021-09-01,0.1949127765325017
MAC,"Macao Special Administrative Region, People's Republic of China",2021-10-01,0.02847843594981033
MAC,"Macao Special Administrative Region, People's Republic of China",2021-11-01,0.2147279452310526
MAC,"Macao Special Administrative Region, People's Republic of China",2021-12-01,0.00604631646723455
MAC,"Macao Special Administrative Region, People's Republic of China",2022-01-01,0.2393010974357761
MAC,"Macao Special Administrative Region, People's Republic of China",2022-02-01,0.08853948042341102
MAC,"Macao Special Administrative Region, People's Republic of China",2022-03-01,-0.01527652877670991
MAC,"Macao Special Administrative Region, People's Republic of China",2022-04-01,0.1609366409665109
MAC,"Macao Special Administrative Region, People's Republic of China",2022-05-01,0.08359090977141677
MAC,"Macao Special Administrative Region, People's Republic of China",2022-06-01,0.2106133682328529
MAC,"Macao Special Administrative Region, People's Republic of China",2022-07-01,0.08431238825817536
MAC,"Macao Special Administrative Region, People's Republic of China",2022-08-01,-0.1698194097039051
MAC,"Macao Special Administrative Region, People's Republic of China",2022-09-01,0.1914027667760868
MAC,"Macao Special Administrative Region, People's Republic of China",2022-10-01,-0.08613083363139432
MAC,"Macao Special Administrative Region, People's Republic of China",2022-11-01,-0.02887947631882942
MAC,"Macao Special Administrative Region, People's Republic of China",2022-12-01,0.00519429947038998
MAC,"Macao Special Administrative Region, People's Republic of China",2023-01-01,0.2391981675311396
MAC,"Macao Special Administrative Region, People's Republic of China",2023-02-01,-0.3225182781986376
MAC,"Macao Special Administrative Region, People's Republic of China",2023-03-01,0.04143853101874464
MAC,"Macao Special Administrative Region, People's Republic of China",2023-04-01,0.1213913519999822
MAC,"Macao Special Administrative Region, People's Republic of China",2023-05-01,0.1319842084235243
MAC,"Macao Special Administrative Region, People's Republic of China",2023-06-01,0.09335296847613514
MAC,"Macao Special Administrative Region, People's Republic of China",2023-07-01,0.07133542330909987
MAC,"Macao Special Administrative Region, People's Republic of China",2023-08-01,0.00674646361848093
MAC,"Macao Special Administrative Region, People's Republic of China",2023-09-01,0.05437516515066487
MAC,"Macao Special Administrative Region, People's Republic of China",2023-10-01,0.1461667803190286
MAC,"Macao Special Administrative Region, People's Republic of China",2023-11-01,0.02476187670574604
MAC,"Macao Special Administrative Region, People's Republic of China",2023-12-01,0.2422597184545084
MAC,"Macao Special Administrative Region, People's Republic of China",2024-01-01,-0.1500123765583681
MAC,"Macao Special Administrative Region, People's Republic of China",2024-02-01,0.5144091895240505
MAC,"Macao Special Administrative Region, People's Republic of China",2024-03-01,-0.2410657440247152
MAC,"Macao Special Administrative Region, People's Republic of China",2024-04-01,-0.01727152929126576
MAC,"Macao Special Administrative Region, People's Republic of China",2024-05-01,0.00140504194679346
MAC,"Macao Special Administrative Region, People's Republic of China",2024-06-01,-0.01315364165940512
MAC,"Macao Special Administrative Region, People's Republic of China",2024-07-01,0.2160632188075973
MAC,"Macao Special Administrative Region, People's Republic of China",2024-08-01,NA
MAC,"Macao Special Administrative Region, People's Republic of China",2024-09-01,NA
MAC,"Macao Special Administrative Region, People's Republic of China",2024-10-01,NA
MAC,"Macao Special Administrative Region, People's Republic of China",2024-11-01,NA
MAC,"Macao Special Administrative Region, People's Republic of China",2024-12-01,NA
NPL,Nepal,2019-01-01,-0.3618235908981266
NPL,Nepal,2019-02-01,0.2420916720464816
NPL,Nepal,2019-03-01,-0.1046530349380132
NPL,Nepal,2019-04-01,0.5802240309452817
NPL,Nepal,2019-05-01,1.193814598189248
NPL,Nepal,2019-06-01,1.140142517814727
NPL,Nepal,2019-07-01,0.6341005166744951
NPL,Nepal,2019-08-01,2.582652664332944
NPL,Nepal,2019-09-01,-0.1516645180859938
NPL,Nepal,2019-10-01,0.6759322548796233
NPL,Nepal,2019-11-01,0.196137598068799
NPL,Nepal,2019-12-01,-0.2333985845505195
NPL,Nepal,2020-01-01,-0.0981058033355973
NPL,Nepal,2020-02-01,0.2870524248375888
NPL,Nepal,2020-03-01,-0.2711660138595963
NPL,Nepal,2020-04-01,0.6193353474320242
NPL,Nepal,2020-05-01,0.3377871190511935
NPL,Nepal,2020-06-01,-0.09725443255779158
NPL,Nepal,2020-07-01,0.8611651939493785
NPL,Nepal,2020-08-01,1.328977652386963
NPL,Nepal,2020-09-01,0.835287221570926
NPL,Nepal,2020-10-01,-0.02906554279901177
NPL,Nepal,2020-11-01,0.4433783980229685
NPL,Nepal,2020-12-01,-1.302554454012591
NPL,Nepal,2021-01-01,0.5205660239020456
NPL,Nepal,2021-02-01,-0.5543398978847557
NPL,Nepal,2021-03-01,0.05134223265365997
NPL,Nepal,2021-04-01,0.689099039659849
NPL,Nepal,2021-05-01,0.866399708773207
NPL,Nepal,2021-06-01,0.43308791684712
NPL,Nepal,2021-07-01,0.8552537013080351
NPL,Nepal,2021-08-01,1.489346540297869
NPL,Nepal,2021-09-01,0
NPL,Nepal,2021-10-01,0.7021485746383935
NPL,Nepal,2021-11-01,2.175428810486682
NPL,Nepal,2021-12-01,-0.3070833902006278
NPL,Nepal,2022-01-01,-0.8556369361352592
NPL,Nepal,2022-02-01,0.00690417011875172
NPL,Nepal,2022-03-01,0.8974801518812565
NPL,Nepal,2022-04-01,0.8142319534724598
NPL,Nepal,2022-05-01,1.425274874440071
NPL,Nepal,2022-06-01,1.070663811563169
NPL,Nepal,2022-07-01,0.4171080508474576
NPL,Nepal,2022-08-01,1.661501945012198
NPL,Nepal,2022-09-01,0.3502172644140346
NPL,Nepal,2022-10-01,0.5622697602274931
NPL,Nepal,2022-11-01,1.786632390745501
NPL,Nepal,2022-12-01,-0.9534032074756914
NPL,Nepal,2023-01-01,-0.9625804806527698
NPL,Nepal,2023-02-01,0.5792996910401648
NPL,Nepal,2023-03-01,0.4863688723921669
NPL,Nepal,2023-04-01,1.11450770602471
NPL,Nepal,2023-05-01,1.095924922844366
NPL,Nepal,2023-06-01,0.529562021057878
NPL,Nepal,2023-07-01,0.9853743182944968
NPL,Nepal,2023-08-01,1.742865909788279
NPL,Nepal,2023-09-01,0.9771397551118886
NPL,Nepal,2023-10-01,-0.08362702347530016
NPL,Nepal,2023-11-01,-0.2152209003407664
NPL,Nepal,2023-12-01,-1.366005631777605
NPL,Nepal,2024-01-01,-0.6742392030614104
NPL,Nepal,2024-02-01,0.3546966731898239
NPL,Nepal,2024-03-01,0.2925045703839122
NPL,Nepal,2024-04-01,0.9174869364442824
NPL,Nepal,2024-05-01,0.8971039797700042
NPL,Nepal,2024-06-01,0.3043322592194773
NPL,Nepal,2024-07-01,0.4045451841275507
NPL,Nepal,2024-08-01,NA
NPL,Nepal,2024-09-01,NA
NPL,Nepal,2024-10-01,NA
NPL,Nepal,2024-11-01,NA
NPL,Nepal,2024-12-01,NA
BDI,Burundi,2019-01-01,0.9182736455463728
BDI,Burundi,2019-02-01,-1.00090991810737
BDI,Burundi,2019-03-01,0.7352941176470588
BDI,Burundi,2019-04-01,1.45985401459854
BDI,Burundi,2019-05-01,0.4496402877697842
BDI,Burundi,2019-06-01,-2.596239928379588
BDI,Burundi,2019-07-01,0.6433823529411765
BDI,Burundi,2019-08-01,0.8219178082191781
BDI,Burundi,2019-09-01,0.9057971014492754
BDI,Burundi,2019-10-01,0.5385996409335727
BDI,Burundi,2019-11-01,0.7142857142857143
BDI,Burundi,2019-12-01,1.329787234042553
BDI,Burundi,2020-01-01,1.137357830271216
BDI,Burundi,2020-02-01,1.29757785467128
BDI,Burundi,2020-03-01,0.2561912894961571
BDI,Burundi,2020-04-01,1.873935264054514
BDI,Burundi,2020-05-01,1.839464882943144
BDI,Burundi,2020-06-01,-3.284072249589491
BDI,Burundi,2020-07-01,-0.08488964346349745
BDI,Burundi,2020-08-01,-0.1699235344095157
BDI,Burundi,2020-09-01,0.5106382978723404
BDI,Burundi,2020-10-01,1.185436071126164
BDI,Burundi,2020-11-01,2.594142259414226
BDI,Burundi,2020-12-01,0.4078303425774878
BDI,Burundi,2021-01-01,-0.1624695369618197
BDI,Burundi,2021-02-01,0.8136696501220504
BDI,Burundi,2021-03-01,2.017756255044391
BDI,Burundi,2021-04-01,0.7120253164556962
BDI,Burundi,2021-05-01,1.728201099764336
BDI,Burundi,2021-06-01,-0.7722007722007722
BDI,Burundi,2021-07-01,0.3891050583657588
BDI,Burundi,2021-08-01,0.6201550387596899
BDI,Burundi,2021-09-01,0.6163328197226502
BDI,Burundi,2021-10-01,0.5359877488514548
BDI,Burundi,2021-11-01,1.447067783701447
BDI,Burundi,2021-12-01,1.651651651651652
BDI,Burundi,2022-01-01,1.846381093057607
BDI,Burundi,2022-02-01,1.812907904278463
BDI,Burundi,2022-03-01,1.068376068376068
BDI,Burundi,2022-04-01,4.228329809725159
BDI,Burundi,2022-05-01,2.772143340094659
BDI,Burundi,2022-06-01,-0.5263157894736842
BDI,Burundi,2022-07-01,1.653439153439153
BDI,Burundi,2022-08-01,0.9759271307742357
BDI,Burundi,2022-09-01,1.675257731958763
BDI,Burundi,2022-10-01,1.584283903675539
BDI,Burundi,2022-11-01,5.364940736119775
BDI,Burundi,2022-12-01,1.598579040852575
BDI,Burundi,2023-01-01,3.438228438228438
BDI,Burundi,2023-02-01,1.464788732394366
BDI,Burundi,2023-03-01,4.553026096612993
BDI,Burundi,2023-04-01,3.876792352628784
BDI,Burundi,2023-05-01,0.1022494887525562
BDI,Burundi,2023-06-01,-1.940755873340143
BDI,Burundi,2023-07-01,0.78125
BDI,Burundi,2023-08-01,3.255813953488372
BDI,Burundi,2023-09-01,0.05005005005005005
BDI,Burundi,2023-10-01,1.350675337668834
BDI,Burundi,2023-11-01,0.2961500493583416
BDI,Burundi,2023-12-01,1.328740157480315
BDI,Burundi,2024-01-01,1.311316172899466
BDI,Burundi,2024-02-01,1.677852348993289
BDI,Burundi,2024-03-01,1.225836869401226
BDI,Burundi,2024-04-01,2.095947834187238
BDI,Burundi,2024-05-01,0.5018248175182481
BDI,Burundi,2024-06-01,1.044030866999546
BDI,Burundi,2024-07-01,3.189577717879605
BDI,Burundi,2024-08-01,2.82977797126687
BDI,Burundi,2024-09-01,4.360711261642676
BDI,Burundi,2024-10-01,2.718052738336714
BDI,Burundi,2024-11-01,3.39652448657188
BDI,Burundi,2024-12-01,7.372039724980901
CAF,Central African Republic,2019-01-01,-1.075561733060495
CAF,Central African Republic,2019-02-01,0.323528241565472
CAF,Central African Republic,2019-03-01,-0.4282868247170237
CAF,Central African Republic,2019-04-01,0.8201353470971594
CAF,Central African Republic,2019-05-01,-1.686933908254535
CAF,Central African Republic,2019-06-01,-0.09870073171477324
CAF,Central African Republic,2019-07-01,0.1080545917301647
CAF,Central African Republic,2019-08-01,-0.06274275675704899
CAF,Central African Republic,2019-09-01,-0.4172557960322698
CAF,Central African Republic,2019-10-01,-0.4917826291338119
CAF,Central African Republic,2019-11-01,0.122771045278383
CAF,Central African Republic,2019-12-01,0.07112248525765807
CAF,Central African Republic,2020-01-01,0.8757953165052221
CAF,Central African Republic,2020-02-01,0.3037619408394089
CAF,Central African Republic,2020-03-01,1.365603508018635
CAF,Central African Republic,2020-04-01,0.6585149150703308
CAF,Central African Republic,2020-05-01,-0.1848105933100429
CAF,Central African Republic,2020-06-01,0.557607068110857
CAF,Central African Republic,2020-07-01,0.05413877006179079
CAF,Central African Republic,2020-08-01,-0.2163812968649956
CAF,Central African Republic,2020-09-01,-0.5898406030380231
CAF,Central African Republic,2020-10-01,-0.7242395176865819
CAF,Central African Republic,2020-11-01,-0.3632346442622707
CAF,Central African Republic,2020-12-01,1.654243420171238
CAF,Central African Republic,2021-01-01,2.449526969258441
CAF,Central African Republic,2021-02-01,1.032926967054638
CAF,Central African Republic,2021-03-01,0.5044601078671447
CAF,Central African Republic,2021-04-01,0.3704589674763369
CAF,Central African Republic,2021-05-01,0.8744239463280777
CAF,Central African Republic,2021-06-01,0.2960174006360867
CAF,Central African Republic,2021-07-01,-1.702500919448074
CAF,Central African Republic,2021-08-01,-1.194852723210322
CAF,Central African Republic,2021-09-01,0.6756830183327974
CAF,Central African Republic,2021-10-01,-1.699469081639562
CAF,Central African Republic,2021-11-01,0.9475510734224384
CAF,Central African Republic,2021-12-01,0.1949791005091169
CAF,Central African Republic,2022-01-01,0.02084848361771629
CAF,Central African Republic,2022-02-01,3.065134099616858
CAF,Central African Republic,2022-03-01,1.579925650557621
CAF,Central African Republic,2022-04-01,7.77676120768527
CAF,Central African Republic,2022-05-01,-5.093378607809847
CAF,Central African Republic,2022-06-01,-0.08944543828264757
CAF,Central African Republic,2022-07-01,0.3581020590868397
CAF,Central African Republic,2022-08-01,-0.3568242640499554
CAF,Central African Republic,2022-09-01,-0.9847806624888094
CAF,Central African Republic,2022-10-01,0.4520795660036166
CAF,Central African Republic,2022-11-01,0.99009900990099
CAF,Central African Republic,2022-12-01,0.08912655971479501
CAF,Central African Republic,2023-01-01,2.582368655387355
CAF,Central African Republic,2023-02-01,1.041666666666667
CAF,Central African Republic,2023-03-01,-1.116838487972509
CAF,Central African Republic,2023-04-01,-1.04257167680278
CAF,Central African Republic,2023-05-01,0.9657594381035997
CAF,Central African Republic,2023-06-01,-0.5217391304347826
CAF,Central African Republic,2023-07-01,0
CAF,Central African Republic,2023-08-01,-1.398601398601399
CAF,Central African Republic,2023-09-01,-0.3546099290780142
CAF,Central African Republic,2023-10-01,1.868327402135231
CAF,Central African Republic,2023-11-01,-1.048034934497817
CAF,Central African Republic,2023-12-01,1.412180052956752
CAF,Central African Republic,2024-01-01,1.218450826805918
CAF,Central African Republic,2024-02-01,-1.031814273430782
CAF,Central African Republic,2024-03-01,0
CAF,Central African Republic,2024-04-01,0.3475238922675934
CAF,Central African Republic,2024-05-01,0
CAF,Central African Republic,2024-06-01,0.08658008658008658
CAF,Central African Republic,2024-07-01,0.4325259515570934
CAF,Central African Republic,2024-08-01,-0.8613264427217916
CAF,Central African Republic,2024-09-01,-0.6081668114682884
CAF,Central African Republic,2024-10-01,1.311188811188811
CAF,Central African Republic,2024-11-01,NA
CAF,Central African Republic,2024-12-01,NA
TCD,Chad,2019-01-01,-2.425373134328357
TCD,Chad,2019-02-01,0
TCD,Chad,2019-03-01,-1.242829827915875
TCD,Chad,2019-04-01,0.2904162633107431
TCD,Chad,2019-05-01,2.702702702702708
TCD,Chad,2019-06-01,1.59774436090225
TCD,Chad,2019-07-01,-2.035152636447732
TCD,Chad,2019-08-01,-0.6610009442870618
TCD,Chad,2019-09-01,0.6653992395437247
TCD,Chad,2019-10-01,-0.755429650613788
TCD,Chad,2019-11-01,0.1902949571836405
TCD,Chad,2019-12-01,0.09496676163343123
TCD,Chad,2020-01-01,0.1897533206831068
TCD,Chad,2020-02-01,2.178030303030304
TCD,Chad,2020-03-01,0.1853568118628309
TCD,Chad,2020-04-01,1.850138760407034
TCD,Chad,2020-05-01,0
TCD,Chad,2020-06-01,1.089918256130792
TCD,Chad,2020-07-01,0.1796945193171559
TCD,Chad,2020-08-01,2.421524663677132
TCD,Chad,2020-09-01,-2.36427320490368
TCD,Chad,2020-10-01,-0.5381165919282469
TCD,Chad,2020-11-01,-0.8115419296663702
TCD,Chad,2020-12-01,-1.27272727272727
TCD,Chad,2021-01-01,-1.197053406998153
TCD,Chad,2021-02-01,0
TCD,Chad,2021-03-01,0.465983224603907
TCD,Chad,2021-04-01,0.2782931354359904
TCD,Chad,2021-05-01,1.387604070305273
TCD,Chad,2021-06-01,0.9124087591240946
TCD,Chad,2021-07-01,0.09041591320072612
TCD,Chad,2021-08-01,0
TCD,Chad,2021-09-01,-0.2710027100271086
TCD,Chad,2021-10-01,-1.086956521739122
TCD,Chad,2021-11-01,-0.9157509157509228
TCD,Chad,2021-12-01,1.386321626617375
TCD,Chad,2022-01-01,-0.2734731084776642
TCD,Chad,2022-02-01,0.2742230347349156
TCD,Chad,2022-03-01,1.549680948040115
TCD,Chad,2022-04-01,0.8976660682226176
TCD,Chad,2022-05-01,2.313167259786476
TCD,Chad,2022-06-01,1.217391304347864
TCD,Chad,2022-07-01,0.8591065292095483
TCD,Chad,2022-08-01,1.533219761499176
TCD,Chad,2022-09-01,-0.6711409395973167
TCD,Chad,2022-10-01,-0.0844594594594719
TCD,Chad,2022-11-01,0.5917159763313499
TCD,Chad,2022-12-01,-0.1680672268906833
TCD,Chad,2023-01-01,-0.08417508417509655
TCD,Chad,2023-02-01,0.4212299915753641
TCD,Chad,2023-03-01,2.516778523489913
TCD,Chad,2023-04-01,3.436988543371553
TCD,Chad,2023-05-01,0.9208103130755064
TCD,Chad,2023-06-01,0.6386861313868613
TCD,Chad,2023-07-01,0.8159564823209429
TCD,Chad,2023-08-01,1.528776978417266
TCD,Chad,2023-09-01,0.7971656333038087
TCD,Chad,2023-10-01,0.6151142355008787
TCD,Chad,2023-11-01,-0.611353711790393
TCD,Chad,2023-12-01,1.230228471001757
TCD,Chad,2024-01-01,0.08680555555555557
TCD,Chad,2024-02-01,0.6938421509106678
TCD,Chad,2024-03-01,0.2583979328165375
TCD,Chad,2024-04-01,0.0859106529209622
TCD,Chad,2024-05-01,3.605150214592275
TCD,Chad,2024-06-01,1.657000828500414
TCD,Chad,2024-07-01,1.62999185004075
TCD,Chad,2024-08-01,-1.603849238171612
TCD,Chad,2024-09-01,-0.7334963325183373
TCD,Chad,2024-10-01,-1.313628899835796
TCD,Chad,2024-11-01,0
TCD,Chad,2024-12-01,-0.6655574043261231
GNQ,"Equatorial Guinea, Republic of",2019-01-01,-0.4194388197859416
GNQ,"Equatorial Guinea, Republic of",2019-02-01,0.2178649237472767
GNQ,"Equatorial Guinea, Republic of",2019-03-01,-0.1449275362318841
GNQ,"Equatorial Guinea, Republic of",2019-04-01,-0.8708272859216255
GNQ,"Equatorial Guinea, Republic of",2019-05-01,0.1464128843338214
GNQ,"Equatorial Guinea, Republic of",2019-06-01,-0.3654970760233918
GNQ,"Equatorial Guinea, Republic of",2019-07-01,-0.3668378576669112
GNQ,"Equatorial Guinea, Republic of",2019-08-01,0.5891016200294551
GNQ,"Equatorial Guinea, Republic of",2019-09-01,0.07320644216691069
GNQ,"Equatorial Guinea, Republic of",2019-10-01,3.681276408980249
GNQ,"Equatorial Guinea, Republic of",2019-11-01,0.9543774570725404
GNQ,"Equatorial Guinea, Republic of",2019-12-01,0.7477930714060249
GNQ,"Equatorial Guinea, Republic of",2020-01-01,0.5168428439612617
GNQ,"Equatorial Guinea, Republic of",2020-02-01,0.1380262249827467
GNQ,"Equatorial Guinea, Republic of",2020-03-01,0.2067539627842867
GNQ,"Equatorial Guinea, Republic of",2020-04-01,-0.1925722145804677
GNQ,"Equatorial Guinea, Republic of",2020-05-01,0.7924476295479603
GNQ,"Equatorial Guinea, Republic of",2020-06-01,0.2256101729677993
GNQ,"Equatorial Guinea, Republic of",2020-07-01,-0.6343792633015007
GNQ,"Equatorial Guinea, Republic of",2020-08-01,-0.3157822475458228
GNQ,"Equatorial Guinea, Republic of",2020-09-01,-0.2479168101370429
GNQ,"Equatorial Guinea, Republic of",2020-10-01,-0.5661028650327925
GNQ,"Equatorial Guinea, Republic of",2020-11-01,0
GNQ,"Equatorial Guinea, Republic of",2020-12-01,-0.5207248489897938
GNQ,"Equatorial Guinea, Republic of",2021-01-01,0.4257398101619207
GNQ,"Equatorial Guinea, Republic of",2021-02-01,-0.4030856904579887
GNQ,"Equatorial Guinea, Republic of",2021-03-01,-0.1186239620403321
GNQ,"Equatorial Guinea, Republic of",2021-04-01,0.1676680173256951
GNQ,"Equatorial Guinea, Republic of",2021-05-01,0.634677081880318
GNQ,"Equatorial Guinea, Republic of",2021-06-01,-0.4366206944348188
GNQ,"Equatorial Guinea, Republic of",2021-07-01,0.9327579005986356
GNQ,"Equatorial Guinea, Republic of",2021-08-01,0.1379310344827586
GNQ,"Equatorial Guinea, Republic of",2021-09-01,0.4132231404958678
GNQ,"Equatorial Guinea, Republic of",2021-10-01,0.617283950617284
GNQ,"Equatorial Guinea, Republic of",2021-11-01,0.2044989775051125
GNQ,"Equatorial Guinea, Republic of",2021-12-01,0.272108843537415
GNQ,"Equatorial Guinea, Republic of",2022-01-01,0.4748982360922659
GNQ,"Equatorial Guinea, Republic of",2022-02-01,0.0675219446320054
GNQ,"Equatorial Guinea, Republic of",2022-03-01,0.4048582995951417
GNQ,"Equatorial Guinea, Republic of",2022-04-01,-0.2688172043010753
GNQ,"Equatorial Guinea, Republic of",2022-05-01,2.223719676549865
GNQ,"Equatorial Guinea, Republic of",2022-06-01,0.4614370468029005
GNQ,"Equatorial Guinea, Republic of",2022-07-01,0.4593175853018373
GNQ,"Equatorial Guinea, Republic of",2022-08-01,0.5878510777269758
GNQ,"Equatorial Guinea, Republic of",2022-09-01,0.1298701298701299
GNQ,"Equatorial Guinea, Republic of",2022-10-01,-0.06485084306095978
GNQ,"Equatorial Guinea, Republic of",2022-11-01,0.06489292667099286
GNQ,"Equatorial Guinea, Republic of",2022-12-01,0.3891050583657588
GNQ,"Equatorial Guinea, Republic of",2023-01-01,-0.06459948320413438
GNQ,"Equatorial Guinea, Republic of",2023-02-01,-0.1292824822236587
GNQ,"Equatorial Guinea, Republic of",2023-03-01,0.3883495145631068
GNQ,"Equatorial Guinea, Republic of",2023-04-01,-0.3868471953578337
GNQ,"Equatorial Guinea, Republic of",2023-05-01,-0.06472491909385113
GNQ,"Equatorial Guinea, Republic of",2023-06-01,-0.8419689119170984
GNQ,"Equatorial Guinea, Republic of",2023-07-01,1.567602873938602
GNQ,"Equatorial Guinea, Republic of",2023-08-01,0.4501607717041801
GNQ,"Equatorial Guinea, Republic of",2023-09-01,0.4481434058898848
GNQ,"Equatorial Guinea, Republic of",2023-10-01,NA
GNQ,"Equatorial Guinea, Republic of",2023-11-01,NA
GNQ,"Equatorial Guinea, Republic of",2023-12-01,NA
GNQ,"Equatorial Guinea, Republic of",2024-01-01,NA
GNQ,"Equatorial Guinea, Republic of",2024-02-01,NA
GNQ,"Equatorial Guinea, Republic of",2024-03-01,NA
GNQ,"Equatorial Guinea, Republic of",2024-04-01,NA
GNQ,"Equatorial Guinea, Republic of",2024-05-01,NA
GNQ,"Equatorial Guinea, Republic of",2024-06-01,NA
GNQ,"Equatorial Guinea, Republic of",2024-07-01,NA
GNQ,"Equatorial Guinea, Republic of",2024-08-01,NA
GNQ,"Equatorial Guinea, Republic of",2024-09-01,NA
GNQ,"Equatorial Guinea, Republic of",2024-10-01,NA
GNQ,"Equatorial Guinea, Republic of",2024-11-01,NA
GNQ,"Equatorial Guinea, Republic of",2024-12-01,NA
CIV,Côte d'Ivoire,2019-01-01,-2.272727272727273
CIV,Côte d'Ivoire,2019-02-01,-0.1937984496124031
CIV,Côte d'Ivoire,2019-03-01,0.2912621359223301
CIV,Côte d'Ivoire,2019-04-01,0.3872216844143272
CIV,Côte d'Ivoire,2019-05-01,0.3857280617164899
CIV,Côte d'Ivoire,2019-06-01,0.57636887608069165
CIV,Côte d'Ivoire,2019-07-01,-0.382043935052531
CIV,Côte d'Ivoire,2019-08-01,-0.9587727708533078
CIV,Côte d'Ivoire,2019-09-01,0.1936108422071636
CIV,Côte d'Ivoire,2019-10-01,-0.0966183574879227
CIV,Côte d'Ivoire,2019-11-01,1.063829787234043
CIV,Côte d'Ivoire,2019-12-01,0.4784688995215311
CIV,Côte d'Ivoire,2020-01-01,0.2827250666666667
CIV,Côte d'Ivoire,2020-02-01,0.3594667735154102
CIV,Côte d'Ivoire,2020-03-01,0.1179380320221273
CIV,Côte d'Ivoire,2020-04-01,0.2835538752362949
CIV,Côte d'Ivoire,2020-05-01,0.3770028275212064
CIV,Côte d'Ivoire,2020-06-01,1.032863849765258
CIV,Côte d'Ivoire,2020-07-01,-0.3717472118959108
CIV,Côte d'Ivoire,2020-08-01,-0.9871692630597017
CIV,Côte d'Ivoire,2020-09-01,-0.5953709194644173
CIV,Côte d'Ivoire,2020-10-01,1.043818885327365
CIV,Côte d'Ivoire,2020-11-01,-0.2781631877248692
CIV,Côte d'Ivoire,2020-12-01,1.083049331940159
CIV,Côte d'Ivoire,2021-01-01,0.2230858514477536
CIV,Côte d'Ivoire,2021-02-01,1.28464566161718
CIV,Côte d'Ivoire,2021-03-01,0.183698263459934
CIV,Côte d'Ivoire,2021-04-01,0.8893156567038012
CIV,Côte d'Ivoire,2021-05-01,-0.2373817219861967
CIV,Côte d'Ivoire,2021-06-01,1.272727272727273
CIV,Côte d'Ivoire,2021-07-01,1.49165170556553e-4
CIV,Côte d'Ivoire,2021-08-01,-0.1796821107919538
CIV,Côte d'Ivoire,2021-09-01,-0.1701170143884892
CIV,Côte d'Ivoire,2021-10-01,0.3325272141457123
CIV,Côte d'Ivoire,2021-11-01,0.7362444898317989
CIV,Côte d'Ivoire,2021-12-01,1.158645276292335
CIV,Côte d'Ivoire,2022-01-01,0.2091548370044053
CIV,Côte d'Ivoire,2022-02-01,0.3108242045117273
CIV,Côte d'Ivoire,2022-03-01,0.095613152791036
CIV,Côte d'Ivoire,2022-04-01,0.4378283712784588
CIV,Côte d'Ivoire,2022-05-01,0.1743679163034002
CIV,Côte d'Ivoire,2022-06-01,2.175805047867711
CIV,Côte d'Ivoire,2022-07-01,0
CIV,Côte d'Ivoire,2022-08-01,0.5110732538330494
CIV,Côte d'Ivoire,2022-09-01,0
CIV,Côte d'Ivoire,2022-10-01,0.2542372881355932
CIV,Côte d'Ivoire,2022-11-01,0.253592561284869
CIV,Côte d'Ivoire,2022-12-01,0.5059021922428331
CIV,Côte d'Ivoire,2023-01-01,0
CIV,Côte d'Ivoire,2023-02-01,0.3355704697986577
CIV,Côte d'Ivoire,2023-03-01,0.4180602006688963
CIV,Côte d'Ivoire,2023-04-01,0.4995836802664446
CIV,Côte d'Ivoire,2023-05-01,-0.2485501242750621
CIV,Côte d'Ivoire,2023-06-01,1.495016611295681
CIV,Côte d'Ivoire,2023-07-01,0.4909983633387889
CIV,Côte d'Ivoire,2023-08-01,-0.4207012947882736
CIV,Côte d'Ivoire,2023-09-01,0.5860331935327556
CIV,Côte d'Ivoire,2023-10-01,-0.2439024390243902
CIV,Côte d'Ivoire,2023-11-01,0.162999185004075
CIV,Côte d'Ivoire,2023-12-01,0.8950366151342555
CIV,Côte d'Ivoire,2024-01-01,-0.8870967741935484
CIV,Côte d'Ivoire,2024-02-01,0.8136696501220504
CIV,Côte d'Ivoire,2024-03-01,0.645682001614205
CIV,Côte d'Ivoire,2024-04-01,0.3102654082397755
CIV,Côte d'Ivoire,2024-05-01,0.9973049713273188
CIV,Côte d'Ivoire,2024-06-01,0.6923714982640311
CIV,Côte d'Ivoire,2024-07-01,0.3457460261548378
CIV,Côte d'Ivoire,2024-08-01,0.1183538137926779
CIV,Côte d'Ivoire,2024-09-01,-1.095461658841941
CIV,Côte d'Ivoire,2024-10-01,-0.4042937481708861
CIV,Côte d'Ivoire,2024-11-01,0.1419836492833
CIV,Côte d'Ivoire,2024-12-01,0.3844425570890681
KEN,Kenya,2019-01-01,0.348474020640779
KEN,Kenya,2019-02-01,0.8205353826891679
KEN,Kenya,2019-03-01,1.54218828206
KEN,Kenya,2019-04-01,0.7894136333514695
KEN,Kenya,2019-05-01,0.7443290262471421
KEN,Kenya,2019-06-01,0.4006849205275856
KEN,Kenya,2019-07-01,0.2980632821444142
KEN,Kenya,2019-08-01,0.2035643150530638
KEN,Kenya,2019-09-01,0.1518762580088763
KEN,Kenya,2019-10-01,0.3320099020963107
KEN,Kenya,2019-11-01,0.599846772193127
KEN,Kenya,2019-12-01,0.7095290771942004
KEN,Kenya,2020-01-01,0.5621612916375187
KEN,Kenya,2020-02-01,0.6219444227529687
KEN,Kenya,2020-03-01,0.2811299110092767
KEN,Kenya,2020-04-01,0.9489919155000188
KEN,Kenya,2020-05-01,0.09843704664494304
KEN,Kenya,2020-06-01,-0.3095032770412078
KEN,Kenya,2020-07-01,0.08162009460384026
KEN,Kenya,2020-08-01,0.2021542500001064
KEN,Kenya,2020-09-01,-0.00176172992109944
KEN,Kenya,2020-10-01,0.9516946580973862
KEN,Kenya,2020-11-01,1.071997721067794
KEN,Kenya,2020-12-01,0.9805388712198834
KEN,Kenya,2021-01-01,0.6348732831061943
KEN,Kenya,2021-02-01,0.7010740014405794
KEN,Kenya,2021-03-01,0.3958649726230553
KEN,Kenya,2021-04-01,0.8187235728829955
KEN,Kenya,2021-05-01,0.2020105642974058
KEN,Kenya,2021-06-01,0.0820167292234908
KEN,Kenya,2021-07-01,0.3256355252893734
KEN,Kenya,2021-08-01,0.2283216138786347
KEN,Kenya,2021-09-01,0.3175606398993116
KEN,Kenya,2021-10-01,0.5136465244477101
KEN,Kenya,2021-11-01,0.4537451813049763
KEN,Kenya,2021-12-01,0.9134933734673722
KEN,Kenya,2022-01-01,0.3110866359328297
KEN,Kenya,2022-02-01,0.4107940792931953
KEN,Kenya,2022-03-01,0.8477049801347003
KEN,Kenya,2022-04-01,1.693344507039571
KEN,Kenya,2022-05-01,0.7756944362282816
KEN,Kenya,2022-06-01,0.8897205313509041
KEN,Kenya,2022-07-01,0.6693294684748179
KEN,Kenya,2022-08-01,0.4240985876505222
KEN,Kenya,2022-09-01,0.9156824560142928
KEN,Kenya,2022-10-01,0.896352755570913
KEN,Kenya,2022-11-01,0.3483163562825496
KEN,Kenya,2022-12-01,0.5333285281169545
KEN,Kenya,2023-01-01,0.2326441576931396
KEN,Kenya,2023-02-01,0.6433459015465236
KEN,Kenya,2023-03-01,0.8102141153220889
KEN,Kenya,2023-04-01,0.4961545530325198
KEN,Kenya,2023-05-01,0.8934509478527132
KEN,Kenya,2023-06-01,0.7533372922837412
KEN,Kenya,2023-07-01,0.1066192350988226
KEN,Kenya,2023-08-01,-0.09677612963541508
KEN,Kenya,2023-09-01,0.9693610029538742
KEN,Kenya,2023-10-01,1.026113642982099
KEN,Kenya,2023-11-01,0.2347867339018513
KEN,Kenya,2023-12-01,0.3764033440470952
KEN,Kenya,2024-01-01,0.4411924468852173
KEN,Kenya,2024-02-01,0.1329517426518344
KEN,Kenya,2024-03-01,0.2339947634616695
KEN,Kenya,2024-04-01,-0.186979242190619
KEN,Kenya,2024-05-01,0.8921880442870719
KEN,Kenya,2024-06-01,0.420799265449616
KEN,Kenya,2024-07-01,-0.2052925972400655
KEN,Kenya,2024-08-01,-0.04796722854052445
KEN,Kenya,2024-09-01,0.1891134413573709
KEN,Kenya,2024-10-01,0.2147308345880827
KEN,Kenya,2024-11-01,0.2630812950170715
KEN,Kenya,2024-12-01,0.6074301757347156
LBR,Liberia,2019-01-01,-1.7685798627798
LBR,Liberia,2019-02-01,-0.4872346529295979
LBR,Liberia,2019-03-01,5.254573617883574
LBR,Liberia,2019-04-01,-0.5939540395983796
LBR,Liberia,2019-05-01,5.581821445841788
LBR,Liberia,2019-06-01,6.718021856526988
LBR,Liberia,2019-07-01,3.508005709289011
LBR,Liberia,2019-08-01,3.297589965190041
LBR,Liberia,2019-09-01,1.045160865007593
LBR,Liberia,2019-10-01,0.4316099721754492
LBR,Liberia,2019-11-01,-1.1029919564628
LBR,Liberia,2019-12-01,-2.784388494529286
LBR,Liberia,2020-01-01,0.9576014329918324
LBR,Liberia,2020-02-01,1.284431412370613
LBR,Liberia,2020-03-01,1.878794779730747
LBR,Liberia,2020-04-01,0.04880160906672528
LBR,Liberia,2020-05-01,2.00594788807351
LBR,Liberia,2020-06-01,2.009863166252246
LBR,Liberia,2020-07-01,7.092453180924302
LBR,Liberia,2020-08-01,1.280061483285258
LBR,Liberia,2020-09-01,0.3903558852609097
LBR,Liberia,2020-10-01,0.2722691209213987
LBR,Liberia,2020-11-01,-4.103675915843592
LBR,Liberia,2020-12-01,-0.3551874601821446
LBR,Liberia,2021-01-01,0.7516647388445469
LBR,Liberia,2021-02-01,-0.8839224881204419
LBR,Liberia,2021-03-01,1.375132473011045
LBR,Liberia,2021-04-01,-0.4526332394038494
LBR,Liberia,2021-05-01,0.8586259129430259
LBR,Liberia,2021-06-01,1.938619131866348
LBR,Liberia,2021-07-01,6.12792855892142
LBR,Liberia,2021-08-01,1.162484565723222
LBR,Liberia,2021-09-01,0.1001636262987002
LBR,Liberia,2021-10-01,-1.862731594445688
LBR,Liberia,2021-11-01,-3.170223459170577
LBR,Liberia,2021-12-01,-0.334278058816161
LBR,Liberia,2022-01-01,1.797262567065649
LBR,Liberia,2022-02-01,0.1307376764708108
LBR,Liberia,2022-03-01,3.136014843996703
LBR,Liberia,2022-04-01,-3.413756819896844
LBR,Liberia,2022-05-01,0.8337642624426612
LBR,Liberia,2022-06-01,2.023730019299524
LBR,Liberia,2022-07-01,6.286097859309774
LBR,Liberia,2022-08-01,1.713367534489588
LBR,Liberia,2022-09-01,0.2453888434417247
LBR,Liberia,2022-10-01,-0.1151017717262971
LBR,Liberia,2022-11-01,-2.845764962110453
LBR,Liberia,2022-12-01,-0.6088171304527652
LBR,Liberia,2023-01-01,0.8993493540489325
LBR,Liberia,2023-02-01,0.1787557754466481
LBR,Liberia,2023-03-01,1.068227315556021
LBR,Liberia,2023-04-01,-0.3897254778757588
LBR,Liberia,2023-05-01,3.404343135468754
LBR,Liberia,2023-06-01,2.15560989384054
LBR,Liberia,2023-07-01,5.00562399454617
LBR,Liberia,2023-08-01,2.348772001272102
LBR,Liberia,2023-09-01,-1.319459045936615
LBR,Liberia,2023-10-01,0.04877482421012472
LBR,Liberia,2023-11-01,-1.703528735325021
LBR,Liberia,2023-12-01,-1.872730546403415
LBR,Liberia,2024-01-01,1.367084480587611
LBR,Liberia,2024-02-01,0.3703638710774821
LBR,Liberia,2024-03-01,-0.1055648971300356
LBR,Liberia,2024-04-01,-0.1433940428779101
LBR,Liberia,2024-05-01,0.1268198194920982
LBR,Liberia,2024-06-01,2.068542757728441
LBR,Liberia,2024-07-01,NA
LBR,Liberia,2024-08-01,NA
LBR,Liberia,2024-09-01,NA
LBR,Liberia,2024-10-01,NA
LBR,Liberia,2024-11-01,NA
LBR,Liberia,2024-12-01,NA
MDG,"Madagascar, Republic of",2019-01-01,0.4101722723543888
MDG,"Madagascar, Republic of",2019-02-01,0.4901960784313725
MDG,"Madagascar, Republic of",2019-03-01,0.2439024390243902
MDG,"Madagascar, Republic of",2019-04-01,0.16220600162206
MDG,"Madagascar, Republic of",2019-05-01,0.3238866396761134
MDG,"Madagascar, Republic of",2019-06-01,0.645682001614205
MDG,"Madagascar, Republic of",2019-07-01,0.08019246190858059
MDG,"Madagascar, Republic of",2019-08-01,0.3205128205128205
MDG,"Madagascar, Republic of",2019-09-01,0.1597444089456869
MDG,"Madagascar, Republic of",2019-10-01,0.2392344497607656
MDG,"Madagascar, Republic of",2019-11-01,0.2386634844868735
MDG,"Madagascar, Republic of",2019-12-01,0.5555555555555556
MDG,"Madagascar, Republic of",2020-01-01,0.3946329913180742
MDG,"Madagascar, Republic of",2020-02-01,0.3930817610062893
MDG,"Madagascar, Republic of",2020-03-01,0.6264682850430697
MDG,"Madagascar, Republic of",2020-04-01,0.4669260700389105
MDG,"Madagascar, Republic of",2020-05-01,0.07745933384972889
MDG,"Madagascar, Republic of",2020-06-01,0.3095975232198142
MDG,"Madagascar, Republic of",2020-07-01,0.154320987654321
MDG,"Madagascar, Republic of",2020-08-01,0.3081664098613251
MDG,"Madagascar, Republic of",2020-09-01,0.4608294930875576
MDG,"Madagascar, Republic of",2020-10-01,0.3058103975535168
MDG,"Madagascar, Republic of",2020-11-01,0.3048780487804878
MDG,"Madagascar, Republic of",2020-12-01,0.6838905775075989
MDG,"Madagascar, Republic of",2021-01-01,0.830188679245283
MDG,"Madagascar, Republic of",2021-02-01,0.374251497005988
MDG,"Madagascar, Republic of",2021-03-01,0.7084265473527218
MDG,"Madagascar, Republic of",2021-04-01,0.7700851536467975
MDG,"Madagascar, Republic of",2021-05-01,0.4849731795135572
MDG,"Madagascar, Republic of",2021-06-01,0.489945155393053
MDG,"Madagascar, Republic of",2021-07-01,0.3492941347693203
MDG,"Madagascar, Republic of",2021-08-01,0.4423495286439449
MDG,"Madagascar, Republic of",2021-09-01,0.3609847664428561
MDG,"Madagascar, Republic of",2021-10-01,0.1582619955398892
MDG,"Madagascar, Republic of",2021-11-01,0.3088414853120735
MDG,"Madagascar, Republic of",2021-12-01,0.673063153372476
MDG,"Madagascar, Republic of",2022-01-01,0.7112375533428165
MDG,"Madagascar, Republic of",2022-02-01,0.7062146892655367
MDG,"Madagascar, Republic of",2022-03-01,0.6311360448807855
MDG,"Madagascar, Republic of",2022-04-01,0.6968641114982578
MDG,"Madagascar, Republic of",2022-05-01,0.6920415224913495
MDG,"Madagascar, Republic of",2022-06-01,0.9621993127147764
MDG,"Madagascar, Republic of",2022-07-01,3.063308373042886
MDG,"Madagascar, Republic of",2022-08-01,1.519154557463672
MDG,"Madagascar, Republic of",2022-09-01,0.7156798959011061
MDG,"Madagascar, Republic of",2022-10-01,-3.423772609819121
MDG,"Madagascar, Republic of",2022-11-01,2.006688963210702
MDG,"Madagascar, Republic of",2022-12-01,2.229508196721311
MDG,"Madagascar, Republic of",2023-01-01,1.218729955099423
MDG,"Madagascar, Republic of",2023-02-01,0.8871989860583016
MDG,"Madagascar, Republic of",2023-03-01,1.319095477386935
MDG,"Madagascar, Republic of",2023-04-01,0.4959702417854929
MDG,"Madagascar, Republic of",2023-05-01,0.3701418877236274
MDG,"Madagascar, Republic of",2023-06-01,0.4917025199754149
MDG,"Madagascar, Republic of",2023-07-01,0.1223241590214067
MDG,"Madagascar, Republic of",2023-08-01,0.3665241295051924
MDG,"Madagascar, Republic of",2023-09-01,0.426049908703591
MDG,"Madagascar, Republic of",2023-10-01,0.2424242424242424
MDG,"Madagascar, Republic of",2023-11-01,0.3022974607013301
MDG,"Madagascar, Republic of",2023-12-01,0.9644364074743822
MDG,"Madagascar, Republic of",2024-01-01,NA
MDG,"Madagascar, Republic of",2024-02-01,NA
MDG,"Madagascar, Republic of",2024-03-01,NA
MDG,"Madagascar, Republic of",2024-04-01,NA
MDG,"Madagascar, Republic of",2024-05-01,NA
MDG,"Madagascar, Republic of",2024-06-01,NA
MDG,"Madagascar, Republic of",2024-07-01,NA
MDG,"Madagascar, Republic of",2024-08-01,NA
MDG,"Madagascar, Republic of",2024-09-01,NA
MDG,"Madagascar, Republic of",2024-10-01,NA
MDG,"Madagascar, Republic of",2024-11-01,NA
MDG,"Madagascar, Republic of",2024-12-01,NA
ZWE,Zimbabwe,2019-01-01,10.81081081081083
ZWE,Zimbabwe,2019-02-01,1.626016260162594
ZWE,Zimbabwe,2019-03-01,4.399999999999987
ZWE,Zimbabwe,2019-04-01,5.459770114942553
ZWE,Zimbabwe,2019-05-01,12.62488646684832
ZWE,Zimbabwe,2019-06-01,39.19354838709676
ZWE,Zimbabwe,2019-07-01,21.03128621089224
ZWE,Zimbabwe,2019-08-01,18.09478219243657
ZWE,Zimbabwe,2019-09-01,17.71382245642481
ZWE,Zimbabwe,2019-10-01,38.73966942148761
ZWE,Zimbabwe,2019-11-01,17.47331844130056
ZWE,Zimbabwe,2019-12-01,16.54341855060216
ZWE,Zimbabwe,2020-01-01,2.229876722262493
ZWE,Zimbabwe,2020-02-01,13.53076786664301
ZWE,Zimbabwe,2020-03-01,26.58544204935961
ZWE,Zimbabwe,2020-04-01,17.64560710760117
ZWE,Zimbabwe,2020-05-01,15.13530522341096
ZWE,Zimbabwe,2020-06-01,31.6571012116243
ZWE,Zimbabwe,2020-07-01,35.53141433711598
ZWE,Zimbabwe,2020-08-01,8.43927094501455
ZWE,Zimbabwe,2020-09-01,3.822975517890763
ZWE,Zimbabwe,2020-10-01,4.376020315617639
ZWE,Zimbabwe,2020-11-01,3.149845766172822
ZWE,Zimbabwe,2020-12-01,4.224580911464913
ZWE,Zimbabwe,2021-01-01,5.427359062436865
ZWE,Zimbabwe,2021-02-01,3.453695185525909
ZWE,Zimbabwe,2021-03-01,2.256474860128203
ZWE,Zimbabwe,2021-04-01,1.587071526922242
ZWE,Zimbabwe,2021-05-01,2.539591953203021
ZWE,Zimbabwe,2021-06-01,3.882009183247534
ZWE,Zimbabwe,2021-07-01,2.561612643986082
ZWE,Zimbabwe,2021-08-01,4.188840641222387
ZWE,Zimbabwe,2021-09-01,4.725495111556737
ZWE,Zimbabwe,2021-10-01,6.400359066427322
ZWE,Zimbabwe,2021-11-01,5.765066509181881
ZWE,Zimbabwe,2021-12-01,5.759259751655242
ZWE,Zimbabwe,2022-01-01,5.342551854179733
ZWE,Zimbabwe,2022-02-01,3.086509201564991
ZWE,Zimbabwe,2022-03-01,2.656733202136632
ZWE,Zimbabwe,2022-04-01,9.63302752293578
ZWE,Zimbabwe,2022-05-01,8.68044713670143
ZWE,Zimbabwe,2022-06-01,18.01988162960409
ZWE,Zimbabwe,2022-07-01,16.08646964311797
ZWE,Zimbabwe,2022-08-01,6.618294677683177
ZWE,Zimbabwe,2022-09-01,2.525471067227882
ZWE,Zimbabwe,2022-10-01,3.203775467137321
ZWE,Zimbabwe,2022-11-01,1.368131459588073
ZWE,Zimbabwe,2022-12-01,1.261644538986283
ZWE,Zimbabwe,2023-01-01,0.7333000715172039
ZWE,Zimbabwe,2023-02-01,-1.607661242173628
ZWE,Zimbabwe,2023-03-01,0.1307165217956246
ZWE,Zimbabwe,2023-04-01,2.362510831610019
ZWE,Zimbabwe,2023-05-01,15.7399830047149
ZWE,Zimbabwe,2023-06-01,74.46048375030999
ZWE,Zimbabwe,2023-07-01,-15.25347775703241
ZWE,Zimbabwe,2023-08-01,-6.154272022694936
ZWE,Zimbabwe,2023-09-01,NA
ZWE,Zimbabwe,2023-10-01,NA
ZWE,Zimbabwe,2023-11-01,NA
ZWE,Zimbabwe,2023-12-01,NA
ZWE,Zimbabwe,2024-01-01,NA
ZWE,Zimbabwe,2024-02-01,NA
ZWE,Zimbabwe,2024-03-01,NA
ZWE,Zimbabwe,2024-04-01,NA
ZWE,Zimbabwe,2024-05-01,NA
ZWE,Zimbabwe,2024-06-01,NA
ZWE,Zimbabwe,2024-07-01,NA
ZWE,Zimbabwe,2024-08-01,NA
ZWE,Zimbabwe,2024-09-01,NA
ZWE,Zimbabwe,2024-10-01,NA
ZWE,Zimbabwe,2024-11-01,NA
ZWE,Zimbabwe,2024-12-01,NA
SOM,Somalia,2019-01-01,-1.387873875806938
SOM,Somalia,2019-02-01,1.030843996907207
SOM,Somalia,2019-03-01,0.03966610150466538
SOM,Somalia,2019-04-01,3.699509060309108
SOM,Somalia,2019-05-01,1.671214342743721
SOM,Somalia,2019-06-01,0.1703191770628932
SOM,Somalia,2019-07-01,-0.55259507839491
SOM,Somalia,2019-08-01,-0.8169201891305703
SOM,Somalia,2019-09-01,0.5687087184171112
SOM,Somalia,2019-10-01,0.1541286097680731
SOM,Somalia,2019-11-01,-0.1226617534374912
SOM,Somalia,2019-12-01,-1.265429196448944
SOM,Somalia,2020-01-01,-1.306720235926446
SOM,Somalia,2020-02-01,0.8800548575409155
SOM,Somalia,2020-03-01,2.120538748635343
SOM,Somalia,2020-04-01,2.787556837334327
SOM,Somalia,2020-05-01,1.632958667559421
SOM,Somalia,2020-06-01,0.2333320269255482
SOM,Somalia,2020-07-01,-0.7499518805465643
SOM,Somalia,2020-08-01,-0.8584841759532043
SOM,Somalia,2020-09-01,0.4513199624928427
SOM,Somalia,2020-10-01,-0.02034536578050788
SOM,Somalia,2020-11-01,0.4791526488380339
SOM,Somalia,2020-12-01,-0.8289309248533372
SOM,Somalia,2021-01-01,-1.147157800615442
SOM,Somalia,2021-02-01,0.9090909090909092
SOM,Somalia,2021-03-01,2.160493827160494
SOM,Somalia,2021-04-01,1.943333061157835
SOM,Somalia,2021-05-01,1.257509010812976
SOM,Somalia,2021-06-01,-0.3559563360227812
SOM,Somalia,2021-07-01,0.7303326188775106
SOM,Somalia,2021-08-01,-1.284577192844196
SOM,Somalia,2021-09-01,0.7264889030815903
SOM,Somalia,2021-10-01,0.2309364855559959
SOM,Somalia,2021-11-01,0.6421962707166663
SOM,Somalia,2021-12-01,-0.2228237884055293
SOM,Somalia,2022-01-01,-0.0551670515301484
SOM,Somalia,2022-02-01,0.54753486058967
SOM,Somalia,2022-03-01,1.804168447913927
SOM,Somalia,2022-04-01,2.294583666868001
SOM,Somalia,2022-05-01,1.468624073169016
SOM,Somalia,2022-06-01,-0.05932517612161661
SOM,Somalia,2022-07-01,1.439489500630704
SOM,Somalia,2022-08-01,-1.441006510130934
SOM,Somalia,2022-09-01,0.4007718569096037
SOM,Somalia,2022-10-01,-0.05913660555884092
SOM,Somalia,2022-11-01,0.1257396449704142
SOM,Somalia,2022-12-01,-0.5097141168648888
SOM,Somalia,2023-01-01,-0.5123255123255123
SOM,Somalia,2023-02-01,0.4104783939099933
SOM,Somalia,2023-03-01,2.044001783856102
SOM,Somalia,2023-04-01,2.760579794595382
SOM,Somalia,2023-05-01,1.878366884037426
SOM,Somalia,2023-06-01,-0.00695748973770263
SOM,Somalia,2023-07-01,0.8140829390481492
SOM,Somalia,2023-08-01,-1.594312927048105
SOM,Somalia,2023-09-01,0.04909524477486323
SOM,Somalia,2023-10-01,0.6589554854539083
SOM,Somalia,2023-11-01,0.9262483459850964
SOM,Somalia,2023-12-01,-0.931548440518907
SOM,Somalia,2024-01-01,-0.89851640314829
SOM,Somalia,2024-02-01,-0.09839752600506044
SOM,Somalia,2024-03-01,2.25130153369917
SOM,Somalia,2024-04-01,2.119168845465804
SOM,Somalia,2024-05-01,1.495755289044603
SOM,Somalia,2024-06-01,0.4713223579394583
SOM,Somalia,2024-07-01,1.037330690452593
SOM,Somalia,2024-08-01,-1.229400993983782
SOM,Somalia,2024-09-01,0.2317266949152542
SOM,Somalia,2024-10-01,0.3765109980844177
SOM,Somalia,2024-11-01,0.3290339563042906
SOM,Somalia,2024-12-01,-0.5837596746687655
SDN,Sudan,2019-01-01,3.56538337351999
SDN,Sudan,2019-02-01,3.33594424730165
SDN,Sudan,2019-03-01,2.6042518855167
SDN,Sudan,2019-04-01,2.80094442756626
SDN,Sudan,2019-05-01,5.20516571133302
SDN,Sudan,2019-06-01,5.09967278977398
SDN,Sudan,2019-07-01,7.72645259697737
SDN,Sudan,2019-08-01,4.3484656771932
SDN,Sudan,2019-09-01,3.33582873121452
SDN,Sudan,2019-10-01,2.01838542248034
SDN,Sudan,2019-11-01,3.97243224259111
SDN,Sudan,2019-12-01,2.09546546181784
SDN,Sudan,2020-01-01,8.36136734327958
SDN,Sudan,2020-02-01,7.78718048312845
SDN,Sudan,2020-03-01,8.75892954773052
SDN,Sudan,2020-04-01,12.5189298334175
SDN,Sudan,2020-05-01,13.3658197966403
SDN,Sudan,2020-06-01,15.9582786286459
SDN,Sudan,2020-07-01,11.1074082206222
SDN,Sudan,2020-08-01,14.2129987278385
SDN,Sudan,2020-09-01,20.9447226516055
SDN,Sudan,2020-10-01,7.75226503738361
SDN,Sudan,2020-11-01,11.6924387525032
SDN,Sudan,2020-12-01,6.41615899630755
SDN,Sudan,2021-01-01,18.6285538308379
SDN,Sudan,2021-02-01,14.8382288236007
SDN,Sudan,2021-03-01,11.5387605515324
SDN,Sudan,2021-04-01,17.9586272887238
SDN,Sudan,2021-05-01,17.1938045622122
SDN,Sudan,2021-06-01,24.1842830173876
SDN,Sudan,2021-07-01,13.2798873598659
SDN,Sudan,2021-08-01,6.52015742491291
SDN,Sudan,2021-09-01,15.5513336140591
SDN,Sudan,2021-10-01,4.28688205073615
SDN,Sudan,2021-11-01,8.90313386458732
SDN,Sudan,2021-12-01,1.24186216630974
SDN,Sudan,2022-01-01,2.05810245208786
SDN,Sudan,2022-02-01,14.3949479506526
SDN,Sudan,2022-03-01,13.0206854402956
SDN,Sudan,2022-04-01,4.16882105131358
SDN,Sudan,2022-05-01,6.77923756345108
SDN,Sudan,2022-06-01,5.7685712954842
SDN,Sudan,2022-07-01,2.60090910748353
SDN,Sudan,2022-08-01,2.74145295392641
SDN,Sudan,2022-09-01,10.1695088297329
SDN,Sudan,2022-10-01,1.93079773733165
SDN,Sudan,2022-11-01,1.49704895197822
SDN,Sudan,2022-12-01,0.4317852965078
SDN,Sudan,2023-01-01,0.030319404905643
SDN,Sudan,2023-02-01,1.75301747220981
SDN,Sudan,2023-03-01,NA
SDN,Sudan,2023-04-01,NA
SDN,Sudan,2023-05-01,NA
SDN,Sudan,2023-06-01,NA
SDN,Sudan,2023-07-01,NA
SDN,Sudan,2023-08-01,NA
SDN,Sudan,2023-09-01,NA
SDN,Sudan,2023-10-01,NA
SDN,Sudan,2023-11-01,NA
SDN,Sudan,2023-12-01,NA
SDN,Sudan,2024-01-01,NA
SDN,Sudan,2024-02-01,NA
SDN,Sudan,2024-03-01,NA
SDN,Sudan,2024-04-01,NA
SDN,Sudan,2024-05-01,NA
SDN,Sudan,2024-06-01,NA
SDN,Sudan,2024-07-01,NA
SDN,Sudan,2024-08-01,NA
SDN,Sudan,2024-09-01,NA
SDN,Sudan,2024-10-01,NA
SDN,Sudan,2024-11-01,NA
SDN,Sudan,2024-12-01,NA
SWZ,"Eswatini, Kingdom of",2019-01-01,-0.15135356312918
SWZ,"Eswatini, Kingdom of",2019-02-01,0.639812739029452
SWZ,"Eswatini, Kingdom of",2019-03-01,0.104648035929281
SWZ,"Eswatini, Kingdom of",2019-04-01,0.232934959494549
SWZ,"Eswatini, Kingdom of",2019-05-01,0.012450194572707
SWZ,"Eswatini, Kingdom of",2019-06-01,0.0817426013402125
SWZ,"Eswatini, Kingdom of",2019-07-01,0.108679830692015
SWZ,"Eswatini, Kingdom of",2019-08-01,0.288321021403912
SWZ,"Eswatini, Kingdom of",2019-09-01,0.10690456518248
SWZ,"Eswatini, Kingdom of",2019-10-01,-0.0537319872401293
SWZ,"Eswatini, Kingdom of",2019-11-01,0.34120273484236
SWZ,"Eswatini, Kingdom of",2019-12-01,0.27526869441828
SWZ,"Eswatini, Kingdom of",2020-01-01,0.555303479112361
SWZ,"Eswatini, Kingdom of",2020-02-01,0.699057200537841
SWZ,"Eswatini, Kingdom of",2020-03-01,0.349800311415092
SWZ,"Eswatini, Kingdom of",2020-04-01,1.09276688239215
SWZ,"Eswatini, Kingdom of",2020-05-01,0.088133399219627
SWZ,"Eswatini, Kingdom of",2020-06-01,-0.0701281394966873
SWZ,"Eswatini, Kingdom of",2020-07-01,0.136330325798099
SWZ,"Eswatini, Kingdom of",2020-08-01,0.298532141644678
SWZ,"Eswatini, Kingdom of",2020-09-01,0.359514619820453
SWZ,"Eswatini, Kingdom of",2020-10-01,NA
SWZ,"Eswatini, Kingdom of",2020-11-01,NA
SWZ,"Eswatini, Kingdom of",2020-12-01,NA
SWZ,"Eswatini, Kingdom of",2021-01-01,NA
SWZ,"Eswatini, Kingdom of",2021-02-01,NA
SWZ,"Eswatini, Kingdom of",2021-03-01,NA
SWZ,"Eswatini, Kingdom of",2021-04-01,NA
SWZ,"Eswatini, Kingdom of",2021-05-01,NA
SWZ,"Eswatini, Kingdom of",2021-06-01,NA
SWZ,"Eswatini, Kingdom of",2021-07-01,NA
SWZ,"Eswatini, Kingdom of",2021-08-01,NA
SWZ,"Eswatini, Kingdom of",2021-09-01,NA
SWZ,"Eswatini, Kingdom of",2021-10-01,NA
SWZ,"Eswatini, Kingdom of",2021-11-01,NA
SWZ,"Eswatini, Kingdom of",2021-12-01,NA
SWZ,"Eswatini, Kingdom of",2022-01-01,NA
SWZ,"Eswatini, Kingdom of",2022-02-01,NA
SWZ,"Eswatini, Kingdom of",2022-03-01,NA
SWZ,"Eswatini, Kingdom of",2022-04-01,NA
SWZ,"Eswatini, Kingdom of",2022-05-01,NA
SWZ,"Eswatini, Kingdom of",2022-06-01,NA
SWZ,"Eswatini, Kingdom of",2022-07-01,NA
SWZ,"Eswatini, Kingdom of",2022-08-01,NA
SWZ,"Eswatini, Kingdom of",2022-09-01,NA
SWZ,"Eswatini, Kingdom of",2022-10-01,NA
SWZ,"Eswatini, Kingdom of",2022-11-01,NA
SWZ,"Eswatini, Kingdom of",2022-12-01,NA
SWZ,"Eswatini, Kingdom of",2023-01-01,NA
SWZ,"Eswatini, Kingdom of",2023-02-01,NA
SWZ,"Eswatini, Kingdom of",2023-03-01,NA
SWZ,"Eswatini, Kingdom of",2023-04-01,NA
SWZ,"Eswatini, Kingdom of",2023-05-01,NA
SWZ,"Eswatini, Kingdom of",2023-06-01,NA
SWZ,"Eswatini, Kingdom of",2023-07-01,NA
SWZ,"Eswatini, Kingdom of",2023-08-01,NA
SWZ,"Eswatini, Kingdom of",2023-09-01,NA
SWZ,"Eswatini, Kingdom of",2023-10-01,NA
SWZ,"Eswatini, Kingdom of",2023-11-01,NA
SWZ,"Eswatini, Kingdom of",2023-12-01,NA
SWZ,"Eswatini, Kingdom of",2024-01-01,NA
SWZ,"Eswatini, Kingdom of",2024-02-01,NA
SWZ,"Eswatini, Kingdom of",2024-03-01,NA
SWZ,"Eswatini, Kingdom of",2024-04-01,NA
SWZ,"Eswatini, Kingdom of",2024-05-01,NA
SWZ,"Eswatini, Kingdom of",2024-06-01,NA
SWZ,"Eswatini, Kingdom of",2024-07-01,NA
SWZ,"Eswatini, Kingdom of",2024-08-01,NA
SWZ,"Eswatini, Kingdom of",2024-09-01,NA
SWZ,"Eswatini, Kingdom of",2024-10-01,NA
SWZ,"Eswatini, Kingdom of",2024-11-01,NA
SWZ,"Eswatini, Kingdom of",2024-12-01,NA
SLB,Solomon Islands,2019-01-01,0.3842459173871278
SLB,Solomon Islands,2019-02-01,-0.6698564593301435
SLB,Solomon Islands,2019-03-01,1.252408477842004
SLB,Solomon Islands,2019-04-01,-0.8563273073263559
SLB,Solomon Islands,2019-05-01,0
SLB,Solomon Islands,2019-06-01,0
SLB,Solomon Islands,2019-07-01,0.7677543186180422
SLB,Solomon Islands,2019-08-01,0.09523809523809525
SLB,Solomon Islands,2019-09-01,0.3805899143672693
SLB,Solomon Islands,2019-10-01,1.042654028436019
SLB,Solomon Islands,2019-11-01,0.2814258911819887
SLB,Solomon Islands,2019-12-01,0
SLB,Solomon Islands,2020-01-01,5.144995322731525
SLB,Solomon Islands,2020-02-01,0.2669039145907473
SLB,Solomon Islands,2020-03-01,0
SLB,Solomon Islands,2020-04-01,-0.4436557231588287
SLB,Solomon Islands,2020-05-01,-0.9803921568627452
SLB,Solomon Islands,2020-06-01,-3.51035103510351
SLB,Solomon Islands,2020-07-01,-1.305970149253731
SLB,Solomon Islands,2020-08-01,-0.6616257088846881
SLB,Solomon Islands,2020-09-01,0.285442435775452
SLB,Solomon Islands,2020-10-01,-0.189753320683112
SLB,Solomon Islands,2020-11-01,0.1901140684410646
SLB,Solomon Islands,2020-12-01,-1.138519924098672
SLB,Solomon Islands,2021-01-01,2.399232245681382
SLB,Solomon Islands,2021-02-01,3.655107778819119
SLB,Solomon Islands,2021-03-01,1.62748643761302
SLB,Solomon Islands,2021-04-01,-2.313167259786477
SLB,Solomon Islands,2021-05-01,-0.546448087431694
SLB,Solomon Islands,2021-06-01,-2.380952380952381
SLB,Solomon Islands,2021-07-01,-0.4690431519699812
SLB,Solomon Islands,2021-08-01,0.3770028275212064
SLB,Solomon Islands,2021-09-01,0.7511737089201878
SLB,Solomon Islands,2021-10-01,0.1863932898415657
SLB,Solomon Islands,2021-11-01,-0.09302325581395347
SLB,Solomon Islands,2021-12-01,0.37243947858473
SLB,Solomon Islands,2022-01-01,0.927643784786642
SLB,Solomon Islands,2022-02-01,0.551470588235294
SLB,Solomon Islands,2022-03-01,0
SLB,Solomon Islands,2022-04-01,1.919561243144424
SLB,Solomon Islands,2022-05-01,2.152466367713004
SLB,Solomon Islands,2022-06-01,0.1755926251097454
SLB,Solomon Islands,2022-07-01,1.139351446099912
SLB,Solomon Islands,2022-08-01,1.47313691507799
SLB,Solomon Islands,2022-09-01,0.7387702818104184
SLB,Solomon Islands,2022-10-01,-0.1304623147015516
SLB,Solomon Islands,2022-11-01,-0.5298307800956106
SLB,Solomon Islands,2022-12-01,-0.1966941725618029
SLB,Solomon Islands,2023-01-01,1.6
SLB,Solomon Islands,2023-02-01,0.9864660967731088
SLB,Solomon Islands,2023-03-01,-0.08333333333333333
SLB,Solomon Islands,2023-04-01,-0.08340283569641369
SLB,Solomon Islands,2023-05-01,-0.2504173622704508
SLB,Solomon Islands,2023-06-01,0.3347280334728033
SLB,Solomon Islands,2023-07-01,0.9174311926605504
SLB,Solomon Islands,2023-08-01,0
SLB,Solomon Islands,2023-09-01,-0.08264462809917356
SLB,Solomon Islands,2023-10-01,1.73697270471464
SLB,Solomon Islands,2023-11-01,-0.1626016260162602
SLB,Solomon Islands,2023-12-01,0.5700325732899023
SLB,Solomon Islands,2024-01-01,1.295546558704453
SLB,Solomon Islands,2024-02-01,1.518784972022382
SLB,Solomon Islands,2024-03-01,-0.8661417322834646
SLB,Solomon Islands,2024-04-01,NA
SLB,Solomon Islands,2024-05-01,NA
SLB,Solomon Islands,2024-06-01,NA
SLB,Solomon Islands,2024-07-01,NA
SLB,Solomon Islands,2024-08-01,NA
SLB,Solomon Islands,2024-09-01,NA
SLB,Solomon Islands,2024-10-01,NA
SLB,Solomon Islands,2024-11-01,NA
SLB,Solomon Islands,2024-12-01,NA
KIR,Kiribati,2019-01-01,-0.2280619629540713
KIR,Kiribati,2019-02-01,0.5010326630993351
KIR,Kiribati,2019-03-01,-2.061544772452779
KIR,Kiribati,2019-04-01,0.2036158172025253
KIR,Kiribati,2019-05-01,-1.487709331892455
KIR,Kiribati,2019-06-01,1.101405639086281
KIR,Kiribati,2019-07-01,-0.1411066541973038
KIR,Kiribati,2019-08-01,0.2364758981076284
KIR,Kiribati,2019-09-01,0.1989112896389216
KIR,Kiribati,2019-10-01,0.1419245525086542
KIR,Kiribati,2019-11-01,0.5668173215708256
KIR,Kiribati,2019-12-01,0.1005915047323029
KIR,Kiribati,2020-01-01,0.7559117520070876
KIR,Kiribati,2020-02-01,0.06657525908452802
KIR,Kiribati,2020-03-01,0.02852635319227751
KIR,Kiribati,2020-04-01,0.7861891088929833
KIR,Kiribati,2020-05-01,0.09758095952305794
KIR,Kiribati,2020-06-01,0.6885901180132274
KIR,Kiribati,2020-07-01,-0.6164194667843099
KIR,Kiribati,2020-08-01,0.3889269763572119
KIR,Kiribati,2020-09-01,0.4792014902397665
KIR,Kiribati,2020-10-01,0.4408172800628061
KIR,Kiribati,2020-11-01,-0.3704705663950855
KIR,Kiribati,2020-12-01,0
KIR,Kiribati,2021-01-01,0
KIR,Kiribati,2021-02-01,-0.09234545627578548
KIR,Kiribati,2021-03-01,-0.03314719143264567
KIR,Kiribati,2021-04-01,1.01439049380513
KIR,Kiribati,2021-05-01,0.3587310200800673
KIR,Kiribati,2021-06-01,-0.2511825662782409
KIR,Kiribati,2021-07-01,-0.901857997936894
KIR,Kiribati,2021-08-01,1.914374477602973
KIR,Kiribati,2021-09-01,-1.452612057379655
KIR,Kiribati,2021-10-01,2.720344351945841
KIR,Kiribati,2021-11-01,0.575770292305843
KIR,Kiribati,2021-12-01,-1.265337832683419
KIR,Kiribati,2022-01-01,0.1288071921856069
KIR,Kiribati,2022-02-01,-0.103584517259016
KIR,Kiribati,2022-03-01,-0.968694341715704
KIR,Kiribati,2022-04-01,0.02605655716241961
KIR,Kiribati,2022-05-01,0.00838493519271061
KIR,Kiribati,2022-06-01,1.296253643926269
KIR,Kiribati,2022-07-01,0.03150825068340523
KIR,Kiribati,2022-08-01,6.982868499797182
KIR,Kiribati,2022-09-01,-0.129844875632397
KIR,Kiribati,2022-10-01,1.176375579681559
KIR,Kiribati,2022-11-01,2.151384657992435
KIR,Kiribati,2022-12-01,4.809196198874344
KIR,Kiribati,2023-01-01,7.819069877188164
KIR,Kiribati,2023-02-01,-7.74750216226307
KIR,Kiribati,2023-03-01,0.07859972983562691
KIR,Kiribati,2023-04-01,-0.7219074090625169
KIR,Kiribati,2023-05-01,-0.5329057995021744
KIR,Kiribati,2023-06-01,-2.364963551415826
KIR,Kiribati,2023-07-01,-0.2786504734335
KIR,Kiribati,2023-08-01,-0.3130398569927458
KIR,Kiribati,2023-09-01,-1.689021912287281
KIR,Kiribati,2023-10-01,1.751404248949344
KIR,Kiribati,2023-11-01,0.5433213968443567
KIR,Kiribati,2023-12-01,1.982026089354312
KIR,Kiribati,2024-01-01,0.3596183383092035
KIR,Kiribati,2024-02-01,0.2923018432391833
KIR,Kiribati,2024-03-01,0.5914663438484559
KIR,Kiribati,2024-04-01,0.8313043512024314
KIR,Kiribati,2024-05-01,0.3063320373176433
KIR,Kiribati,2024-06-01,0.08865067197298385
KIR,Kiribati,2024-07-01,0.8007954278284001
KIR,Kiribati,2024-08-01,0.3572931815080194
KIR,Kiribati,2024-09-01,-0.1243306715215775
KIR,Kiribati,2024-10-01,NA
KIR,Kiribati,2024-11-01,NA
KIR,Kiribati,2024-12-01,NA
BLR,"Belarus, Republic of",2019-01-01,0.8800000000000013
BLR,"Belarus, Republic of",2019-02-01,1.338223632038063
BLR,"Belarus, Republic of",2019-03-01,0.3814927125110075
BLR,"Belarus, Republic of",2019-04-01,0.03897875657766915
BLR,"Belarus, Republic of",2019-05-01,0.3311903370348631
BLR,"Belarus, Republic of",2019-06-01,-0.05825242718445764
BLR,"Belarus, Republic of",2019-07-01,0.1942879347192451
BLR,"Belarus, Republic of",2019-08-01,-0.2326934264106991
BLR,"Belarus, Republic of",2019-09-01,0.4567541302235144
BLR,"Belarus, Republic of",2019-10-01,0.5417432523943099
BLR,"Belarus, Republic of",2019-11-01,0.2309246608294138
BLR,"Belarus, Republic of",2019-12-01,0.537582797350483
BLR,"Belarus, Republic of",2020-01-01,0.8600000000000066
BLR,"Belarus, Republic of",2020-02-01,1.001388062661102
BLR,"Belarus, Republic of",2020-03-01,0.8540296456267901
BLR,"Belarus, Republic of",2020-04-01,0.5839984426708122
BLR,"Belarus, Republic of",2020-05-01,-0.154828720727694
BLR,"Belarus, Republic of",2020-06-01,0.1938360147315393
BLR,"Belarus, Republic of",2020-07-01,0.1934610176049547
BLR,"Belarus, Republic of",2020-08-01,0.1737787217609515
BLR,"Belarus, Republic of",2020-09-01,0.9444872783346208
BLR,"Belarus, Republic of",2020-10-01,0.5919419514989509
BLR,"Belarus, Republic of",2020-11-01,0.6643887623386424
BLR,"Belarus, Republic of",2020-12-01,1.225721289835942
BLR,"Belarus, Republic of",2021-01-01,1.140000000000008
BLR,"Belarus, Republic of",2021-02-01,1.937907850504256
BLR,"Belarus, Republic of",2021-03-01,0.6886517943743989
BLR,"Belarus, Republic of",2021-04-01,0.74173971679029
BLR,"Belarus, Republic of",2021-05-01,0.5545993497800631
BLR,"Belarus, Republic of",2021-06-01,0.6466337010270139
BLR,"Belarus, Republic of",2021-07-01,0.06613756613756051
BLR,"Belarus, Republic of",2021-08-01,0.1793976017373337
BLR,"Belarus, Republic of",2021-09-01,1.328934967012251
BLR,"Belarus, Republic of",2021-10-01,0.89294019161008
BLR,"Belarus, Republic of",2021-11-01,0.5070526412832973
BLR,"Belarus, Republic of",2021-12-01,0.8713997431664017
BLR,"Belarus, Republic of",2022-01-01,1.529999999999985
BLR,"Belarus, Republic of",2022-02-01,1.566039594208614
BLR,"Belarus, Republic of",2022-03-01,6.0512024825446
BLR,"Belarus, Republic of",2022-04-01,1.572787125091443
BLR,"Belarus, Republic of",2022-05-01,0.7202016564638084
BLR,"Belarus, Republic of",2022-06-01,1.126206649982124
BLR,"Belarus, Republic of",2022-07-01,0.5038006010252815
BLR,"Belarus, Republic of",2022-08-01,0.05276580775657075
BLR,"Belarus, Republic of",2022-09-01,0.8701766722334566
BLR,"Belarus, Republic of",2022-10-01,-1.002091321017775
BLR,"Belarus, Republic of",2022-11-01,-1.100255259220136
BLR,"Belarus, Republic of",2022-12-01,0.4182983268066867
BLR,"Belarus, Republic of",2023-01-01,0.7600000000000112
BLR,"Belarus, Republic of",2023-02-01,1.26042080190552
BLR,"Belarus, Republic of",2023-03-01,0.5488581789669714
BLR,"Belarus, Republic of",2023-04-01,0.3509113948727959
BLR,"Belarus, Republic of",2023-05-01,-0.281690140845078
BLR,"Belarus, Republic of",2023-06-01,0.3019676602376792
BLR,"Belarus, Republic of",2023-07-01,0.2816354277945006
BLR,"Belarus, Republic of",2023-08-01,-0.3195816385822149
BLR,"Belarus, Republic of",2023-09-01,0.6606431555426066
BLR,"Belarus, Republic of",2023-10-01,0.617700994112534
BLR,"Belarus, Republic of",2023-11-01,0.6522781774580281
BLR,"Belarus, Republic of",2023-12-01,0.8672448298865914
BLR,"Belarus, Republic of",2024-01-01,0.79
BLR,"Belarus, Republic of",2024-02-01,0.9425538247842048
BLR,"Belarus, Republic of",2024-03-01,0.4717908393945351
BLR,"Belarus, Republic of",2024-04-01,0.430444140090002
BLR,"Belarus, Republic of",2024-05-01,0.107149814923047
BLR,"Belarus, Republic of",2024-06-01,0.6032888975381921
BLR,"Belarus, Republic of",2024-07-01,0.02901634587484283
BLR,"Belarus, Republic of",2024-08-01,-0.06768516727905628
BLR,"Belarus, Republic of",2024-09-01,0.4354136429608128
BLR,"Belarus, Republic of",2024-10-01,0.4527938342967245
BLR,"Belarus, Republic of",2024-11-01,0.2877145871295675
BLR,"Belarus, Republic of",2024-12-01,0.5642153581333078
KGZ,Kyrgyz Republic,2019-01-01,0.4270304745178903
KGZ,Kyrgyz Republic,2019-02-01,-0.1966606141011918
KGZ,Kyrgyz Republic,2019-03-01,-0.2515332769283023
KGZ,Kyrgyz Republic,2019-04-01,-0.3657425495985918
KGZ,Kyrgyz Republic,2019-05-01,0.122537837433712
KGZ,Kyrgyz Republic,2019-06-01,0.5911756801676715
KGZ,Kyrgyz Republic,2019-07-01,-0.05859380499205948
KGZ,Kyrgyz Republic,2019-08-01,0.03337100134547055
KGZ,Kyrgyz Republic,2019-09-01,0.2992427543809884
KGZ,Kyrgyz Republic,2019-10-01,0.567391484732763
KGZ,Kyrgyz Republic,2019-11-01,0.93235209480745
KGZ,Kyrgyz Republic,2019-12-01,0.9243627355887386
KGZ,Kyrgyz Republic,2020-01-01,0.5989250161201378
KGZ,Kyrgyz Republic,2020-02-01,0.62745163302944
KGZ,Kyrgyz Republic,2020-03-01,1.498266631796516
KGZ,Kyrgyz Republic,2020-04-01,2.167992429040373
KGZ,Kyrgyz Republic,2020-05-01,-1.212463440865929
KGZ,Kyrgyz Republic,2020-06-01,-0.639219537346968
KGZ,Kyrgyz Republic,2020-07-01,-0.5573118136130852
KGZ,Kyrgyz Republic,2020-08-01,-0.2402968659192315
KGZ,Kyrgyz Republic,2020-09-01,0.6999101398151901
KGZ,Kyrgyz Republic,2020-10-01,2.279021859061788
KGZ,Kyrgyz Republic,2020-11-01,1.83167311823002
KGZ,Kyrgyz Republic,2020-12-01,2.345145189684516
KGZ,Kyrgyz Republic,2021-01-01,0.9601767106551248
KGZ,Kyrgyz Republic,2021-02-01,1.072835630912357
KGZ,Kyrgyz Republic,2021-03-01,1.088289382467422
KGZ,Kyrgyz Republic,2021-04-01,0.8544756814904835
KGZ,Kyrgyz Republic,2021-05-01,0.7673592197820851
KGZ,Kyrgyz Republic,2021-06-01,2.309895099868116
KGZ,Kyrgyz Republic,2021-07-01,-0.2019941685406904
KGZ,Kyrgyz Republic,2021-08-01,-0.7390959296131636
KGZ,Kyrgyz Republic,2021-09-01,0.2448559527610922
KGZ,Kyrgyz Republic,2021-10-01,1.323899786947825
KGZ,Kyrgyz Republic,2021-11-01,1.685667369372079
KGZ,Kyrgyz Republic,2021-12-01,1.314351989845334
KGZ,Kyrgyz Republic,2022-01-01,0.9708555188565602
KGZ,Kyrgyz Republic,2022-02-01,0.7442576529535171
KGZ,Kyrgyz Republic,2022-03-01,3.242532944043037
KGZ,Kyrgyz Republic,2022-04-01,2.010866732149292
KGZ,Kyrgyz Republic,2022-05-01,0.3179442564058796
KGZ,Kyrgyz Republic,2022-06-01,1.493951156650626
KGZ,Kyrgyz Republic,2022-07-01,0.4647379212028824
KGZ,Kyrgyz Republic,2022-08-01,0.7699929784502202
KGZ,Kyrgyz Republic,2022-09-01,0.1813785715965603
KGZ,Kyrgyz Republic,2022-10-01,1.284177507695169
KGZ,Kyrgyz Republic,2022-11-01,1.277777482147831
KGZ,Kyrgyz Republic,2022-12-01,1.071056154422293
KGZ,Kyrgyz Republic,2023-01-01,1.532371304601987
KGZ,Kyrgyz Republic,2023-02-01,1.474957481200568
KGZ,Kyrgyz Republic,2023-03-01,0.1847210869868258
KGZ,Kyrgyz Republic,2023-04-01,0.1559656875487393
KGZ,Kyrgyz Republic,2023-05-01,0.8045678691928368
KGZ,Kyrgyz Republic,2023-06-01,0.7466529351184346
KGZ,Kyrgyz Republic,2023-07-01,0.3322259136212625
KGZ,Kyrgyz Republic,2023-08-01,0.05094243504839531
KGZ,Kyrgyz Republic,2023-09-01,0.280040733197556
KGZ,Kyrgyz Republic,2023-10-01,0.871782764586951
KGZ,Kyrgyz Republic,2023-11-01,0.2545934963739277
KGZ,Kyrgyz Republic,2023-12-01,0.3047345705312775
KGZ,Kyrgyz Republic,2024-01-01,NA
KGZ,Kyrgyz Republic,2024-02-01,NA
KGZ,Kyrgyz Republic,2024-03-01,NA
KGZ,Kyrgyz Republic,2024-04-01,NA
KGZ,Kyrgyz Republic,2024-05-01,NA
KGZ,Kyrgyz Republic,2024-06-01,NA
KGZ,Kyrgyz Republic,2024-07-01,NA
KGZ,Kyrgyz Republic,2024-08-01,NA
KGZ,Kyrgyz Republic,2024-09-01,NA
KGZ,Kyrgyz Republic,2024-10-01,NA
KGZ,Kyrgyz Republic,2024-11-01,NA
KGZ,Kyrgyz Republic,2024-12-01,NA
MDA,"Moldova, Republic of",2019-01-01,1.279
MDA,"Moldova, Republic of",2019-02-01,0.3908000000000016
MDA,"Moldova, Republic of",2019-03-01,0.5375000000000009
MDA,"Moldova, Republic of",2019-04-01,0.8226489999999949
MDA,"Moldova, Republic of",2019-05-01,1.374250000000005
MDA,"Moldova, Republic of",2019-06-01,-0.2086000000000228
MDA,"Moldova, Republic of",2019-07-01,-0.213399999999958
MDA,"Moldova, Republic of",2019-08-01,-0.03120000000002449
MDA,"Moldova, Republic of",2019-09-01,0.8453999999999889
MDA,"Moldova, Republic of",2019-10-01,0.8683999999999924
MDA,"Moldova, Republic of",2019-11-01,0.7808000000000254
MDA,"Moldova, Republic of",2019-12-01,0.862599999999983
MDA,"Moldova, Republic of",2020-01-01,0.6278000000000024
MDA,"Moldova, Republic of",2020-02-01,-0.02309999999999609
MDA,"Moldova, Republic of",2020-03-01,0.0900000000000196
MDA,"Moldova, Republic of",2020-04-01,0.1654000000000025
MDA,"Moldova, Republic of",2020-05-01,0.2191999999999978
MDA,"Moldova, Republic of",2020-06-01,-0.01159999999999934
MDA,"Moldova, Republic of",2020-07-01,-0.2318999999999996
MDA,"Moldova, Republic of",2020-08-01,-0.7802509999999685
MDA,"Moldova, Republic of",2020-09-01,-0.2578000000000111
MDA,"Moldova, Republic of",2020-10-01,0.1148000000000114
MDA,"Moldova, Republic of",2020-11-01,0.1621999999999974
MDA,"Moldova, Republic of",2020-12-01,0.3192499999999959
MDA,"Moldova, Republic of",2021-01-01,0.4555999999999944
MDA,"Moldova, Republic of",2021-02-01,0.3783490000000021
MDA,"Moldova, Republic of",2021-03-01,0.960299999999992
MDA,"Moldova, Republic of",2021-04-01,1.480399999999994
MDA,"Moldova, Republic of",2021-05-01,0.478900000000023
MDA,"Moldova, Republic of",2021-06-01,0.05400000000000394
MDA,"Moldova, Republic of",2021-07-01,0.08479999999999846
MDA,"Moldova, Republic of",2021-08-01,0.3292000000000015
MDA,"Moldova, Republic of",2021-09-01,1.677600000000006
MDA,"Moldova, Republic of",2021-10-01,2.121699999999989
MDA,"Moldova, Republic of",2021-11-01,3.498799999999993
MDA,"Moldova, Republic of",2021-12-01,1.656499999999998
MDA,"Moldova, Republic of",2022-01-01,2.765500000000005
MDA,"Moldova, Republic of",2022-02-01,2.070799999999997
MDA,"Moldova, Republic of",2022-03-01,4.057999999999999
MDA,"Moldova, Republic of",2022-04-01,5.561300000000006
MDA,"Moldova, Republic of",2022-05-01,2.041200000000005
MDA,"Moldova, Republic of",2022-06-01,2.209000000000002
MDA,"Moldova, Republic of",2022-07-01,1.391100000000003
MDA,"Moldova, Republic of",2022-08-01,0.8903999999999991
MDA,"Moldova, Republic of",2022-09-01,1.432899999999998
MDA,"Moldova, Republic of",2022-10-01,2.620100000000002
MDA,"Moldova, Republic of",2022-11-01,1.023699999999999
MDA,"Moldova, Republic of",2022-12-01,0.7553000000000036
MDA,"Moldova, Republic of",2023-01-01,0.450600000000003
MDA,"Moldova, Republic of",2023-02-01,0.947399999999995
MDA,"Moldova, Republic of",2023-03-01,0.8114999999999947
MDA,"Moldova, Republic of",2023-04-01,2.207700000000004
MDA,"Moldova, Republic of",2023-05-01,0.4515000000000014
MDA,"Moldova, Republic of",2023-06-01,-0.5253000000000032
MDA,"Moldova, Republic of",2023-07-01,-0.7565000000000385
MDA,"Moldova, Republic of",2023-08-01,-0.08130000000001171
MDA,"Moldova, Republic of",2023-09-01,0.4575000000000016
MDA,"Moldova, Republic of",2023-10-01,0.4555000000000017
MDA,"Moldova, Republic of",2023-11-01,0.1791000000000004
MDA,"Moldova, Republic of",2023-12-01,-0.4434000000000038
MDA,"Moldova, Republic of",2024-01-01,0.7911999999999678
MDA,"Moldova, Republic of",2024-02-01,0.7118999999999985
MDA,"Moldova, Republic of",2024-03-01,0.4598000000000025
MDA,"Moldova, Republic of",2024-04-01,1.784600000000005
MDA,"Moldova, Republic of",2024-05-01,0.2202999999999937
MDA,"Moldova, Republic of",2024-06-01,-0.05619999999999635
MDA,"Moldova, Republic of",2024-07-01,0.2334015753040099
MDA,"Moldova, Republic of",2024-08-01,0.2077141618250105
MDA,"Moldova, Republic of",2024-09-01,0.5491979921090031
MDA,"Moldova, Republic of",2024-10-01,0.5233265331009894
MDA,"Moldova, Republic of",2024-11-01,0.333483116192
MDA,"Moldova, Republic of",2024-12-01,1.009738348826
MNG,Mongolia,2019-01-01,0.580238934278612
MNG,Mongolia,2019-02-01,0.4639578468965438
MNG,Mongolia,2019-03-01,0.7341560360200303
MNG,Mongolia,2019-04-01,0.9516939901301864
MNG,Mongolia,2019-05-01,1.508409241993738
MNG,Mongolia,2019-06-01,0.776789986413484
MNG,Mongolia,2019-07-01,-0.04035037719466869
MNG,Mongolia,2019-08-01,0.293177240279776
MNG,Mongolia,2019-09-01,0.03080198277145971
MNG,Mongolia,2019-10-01,-0.3336542978484446
MNG,Mongolia,2019-11-01,-0.4478189755554103
MNG,Mongolia,2019-12-01,0.5855510201532713
MNG,Mongolia,2020-01-01,0.9855084097317056
MNG,Mongolia,2020-02-01,1.188803535552792
MNG,Mongolia,2020-03-01,0.8072776531012485
MNG,Mongolia,2020-04-01,-0.7516429099149257
MNG,Mongolia,2020-05-01,0.1351963333331685
MNG,Mongolia,2020-06-01,0.3323745022016803
MNG,Mongolia,2020-07-01,0.5664709219995684
MNG,Mongolia,2020-08-01,-0.9054054638467276
MNG,Mongolia,2020-09-01,-0.305559664120172
MNG,Mongolia,2020-10-01,0.5469106684954459
MNG,Mongolia,2020-11-01,0.4795654443847068
MNG,Mongolia,2020-12-01,-0.3777728952715683
MNG,Mongolia,2021-01-01,0.8344921746907427
MNG,Mongolia,2021-02-01,1.153753748608468
MNG,Mongolia,2021-03-01,0.5714987857312878
MNG,Mongolia,2021-04-01,2.126925380922738
MNG,Mongolia,2021-05-01,0.9255908883167078
MNG,Mongolia,2021-06-01,0.9374309997641403
MNG,Mongolia,2021-07-01,1.468853323274935
MNG,Mongolia,2021-08-01,0.823359996743642
MNG,Mongolia,2021-09-01,0.3234889090842674
MNG,Mongolia,2021-10-01,0.7018809208491341
MNG,Mongolia,2021-11-01,1.034009090109717
MNG,Mongolia,2021-12-01,2.138979294528412
MNG,Mongolia,2022-01-01,1.974347058011162
MNG,Mongolia,2022-02-01,1.328825204986795
MNG,Mongolia,2022-03-01,0.939552841532429
MNG,Mongolia,2022-04-01,2.170868622297294
MNG,Mongolia,2022-05-01,1.310368283280014
MNG,Mongolia,2022-06-01,1.552803948814254
MNG,Mongolia,2022-07-01,1.036424847184221
MNG,Mongolia,2022-08-01,-0.9261516514546
MNG,Mongolia,2022-09-01,-0.2004287623886479
MNG,Mongolia,2022-10-01,1.265203683329453
MNG,Mongolia,2022-11-01,1.109807956254145
MNG,Mongolia,2022-12-01,0.9755847233092056
MNG,Mongolia,2023-01-01,1.154694100063303
MNG,Mongolia,2023-02-01,1.194988024326196
MNG,Mongolia,2023-03-01,0.9875517870100112
MNG,Mongolia,2023-04-01,1.326338803486275
MNG,Mongolia,2023-05-01,1.299405098102376
MNG,Mongolia,2023-06-01,0.9600458298841172
MNG,Mongolia,2023-07-01,-0.291980133837908
MNG,Mongolia,2023-08-01,-0.1761730330670633
MNG,Mongolia,2023-09-01,-0.1597934723789087
MNG,Mongolia,2023-10-01,0.2532597840330058
MNG,Mongolia,2023-11-01,0.7404859720719328
MNG,Mongolia,2023-12-01,0.3815305747650532
MNG,Mongolia,2024-01-01,0.8368428355783097
MNG,Mongolia,2024-02-01,0.6865554606536918
MNG,Mongolia,2024-03-01,0.9295798163879704
MNG,Mongolia,2024-04-01,0.7796058628450878
MNG,Mongolia,2024-05-01,0.6681667176556872
MNG,Mongolia,2024-06-01,0.3209489623790226
MNG,Mongolia,2024-07-01,0.08341721350962027
MNG,Mongolia,2024-08-01,0.7816010284859344
MNG,Mongolia,2024-09-01,0.05985591025714709
MNG,Mongolia,2024-10-01,0.5485477214421903
MNG,Mongolia,2024-11-01,1.774363149791292
MNG,Mongolia,2024-12-01,1.18681080906465
ZAF,South Africa,2019-01-01,-0.1321003963011889
ZAF,South Africa,2019-02-01,0.7936507936507937
ZAF,South Africa,2019-03-01,0.7874015748031497
ZAF,South Africa,2019-04-01,0.5208333333333333
ZAF,South Africa,2019-05-01,0.3886010362694301
ZAF,South Africa,2019-06-01,0.2580645161290323
ZAF,South Africa,2019-07-01,0.3861003861003861
ZAF,South Africa,2019-08-01,0.2564102564102564
ZAF,South Africa,2019-09-01,0.2557544757033248
ZAF,South Africa,2019-10-01,0
ZAF,South Africa,2019-11-01,0.1275510204081633
ZAF,South Africa,2019-12-01,0.2547770700636943
ZAF,South Africa,2020-01-01,0.2541296060991105
ZAF,South Africa,2020-02-01,0.8871989860583016
ZAF,South Africa,2020-03-01,0.5025125628140704
ZAF,South Africa,2020-04-01,-0.625
ZAF,South Africa,2020-05-01,-0.6289308176100629
ZAF,South Africa,2020-06-01,0.5063291139240506
ZAF,South Africa,2020-07-01,1.385390428211587
ZAF,South Africa,2020-08-01,0.124223602484472
ZAF,South Africa,2020-09-01,0.1240694789081886
ZAF,South Africa,2020-10-01,0.3717472118959108
ZAF,South Africa,2020-11-01,0
ZAF,South Africa,2020-12-01,0.1234567901234568
ZAF,South Africa,2021-01-01,0.3699136868064118
ZAF,South Africa,2021-02-01,0.7371007371007371
ZAF,South Africa,2021-03-01,0.6097560975609756
ZAF,South Africa,2021-04-01,0.7272727272727273
ZAF,South Africa,2021-05-01,0.1203369434416366
ZAF,South Africa,2021-06-01,0.2403846153846154
ZAF,South Africa,2021-07-01,1.079136690647482
ZAF,South Africa,2021-08-01,0.3558718861209964
ZAF,South Africa,2021-09-01,0.2364066193853428
ZAF,South Africa,2021-10-01,0.3537735849056604
ZAF,South Africa,2021-11-01,0.3525264394829612
ZAF,South Africa,2021-12-01,0.585480093676815
ZAF,South Africa,2022-01-01,0.2328288707799767
ZAF,South Africa,2022-02-01,0.5807200929152149
ZAF,South Africa,2022-03-01,1.039260969976905
ZAF,South Africa,2022-04-01,0.6857142857142857
ZAF,South Africa,2022-05-01,0.681044267877412
ZAF,South Africa,2022-06-01,1.014656144306652
ZAF,South Africa,2022-07-01,1.674107142857143
ZAF,South Africa,2022-08-01,0.2195389681668496
ZAF,South Africa,2022-09-01,0.1095290251916758
ZAF,South Africa,2022-10-01,0.3282275711159737
ZAF,South Africa,2022-11-01,0.3271537622682661
ZAF,South Africa,2022-12-01,0.4347826086956522
ZAF,South Africa,2023-01-01,-0.1082251082251082
ZAF,South Africa,2023-02-01,0.7583965330444205
ZAF,South Africa,2023-03-01,0.967741935483871
ZAF,South Africa,2023-04-01,0.4259850905218317
ZAF,South Africa,2023-05-01,0.2120890774125133
ZAF,South Africa,2023-06-01,0.2116402116402116
ZAF,South Africa,2023-07-01,0.7391763463569166
ZAF,South Africa,2023-08-01,0.3144654088050314
ZAF,South Africa,2023-09-01,0.7314524555903866
ZAF,South Africa,2023-10-01,0.933609958506224
ZAF,South Africa,2023-11-01,-0.1027749229188078
ZAF,South Africa,2023-12-01,0
ZAF,South Africa,2024-01-01,0.102880658436214
ZAF,South Africa,2024-02-01,0.8221993833504625
ZAF,South Africa,2024-03-01,0.8154943934760449
ZAF,South Africa,2024-04-01,0.2022244691607685
ZAF,South Africa,2024-05-01,0.2018163471241171
ZAF,South Africa,2024-06-01,0.1007049345417925
ZAF,South Africa,2024-07-01,0.4024144869215292
ZAF,South Africa,2024-08-01,0.1002004008016032
ZAF,South Africa,2024-09-01,0.1001001001001001
ZAF,South Africa,2024-10-01,0
ZAF,South Africa,2024-11-01,-0.1
ZAF,South Africa,2024-12-01,0.1001001001001001
ECU,Ecuador,2019-01-01,0.4654562190088286
ECU,Ecuador,2019-02-01,-0.2293470496198568
ECU,Ecuador,2019-03-01,-0.2114559735124474
ECU,Ecuador,2019-04-01,0.1715653524656843
ECU,Ecuador,2019-05-01,-0.00420760894729845
ECU,Ecuador,2019-06-01,-0.03578188777116421
ECU,Ecuador,2019-07-01,0.09133428961690115
ECU,Ecuador,2019-08-01,-0.1041432123710001
ECU,Ecuador,2019-09-01,-0.01196134709469835
ECU,Ecuador,2019-10-01,0.5207264564055767
ECU,Ecuador,2019-11-01,-0.7036968046632052
ECU,Ecuador,2019-12-01,-0.00818656731865089
ECU,Ecuador,2020-01-01,0.2270127083510446
ECU,Ecuador,2020-02-01,-0.1544207011971875
ECU,Ecuador,2020-03-01,0.1974410795912431
ECU,Ecuador,2020-04-01,1.002625272387199
ECU,Ecuador,2020-05-01,-0.2599840940752686
ECU,Ecuador,2020-06-01,-0.6198146946128263
ECU,Ecuador,2020-07-01,-0.61264944705857
ECU,Ecuador,2020-08-01,-0.3238497576474439
ECU,Ecuador,2020-09-01,-0.156555895515023
ECU,Ecuador,2020-10-01,-0.189278482221168
ECU,Ecuador,2020-11-01,-0.00873440479737922
ECU,Ecuador,2020-12-01,-0.02861233520643328
ECU,Ecuador,2021-01-01,0.1161550407293727
ECU,Ecuador,2021-02-01,0.08434369158326396
ECU,Ecuador,2021-03-01,0.1753963408782936
ECU,Ecuador,2021-04-01,0.3491919093633452
ECU,Ecuador,2021-05-01,0.08334072943838465
ECU,Ecuador,2021-06-01,-0.1756137128699608
ECU,Ecuador,2021-07-01,0.5262085608628337
ECU,Ecuador,2021-08-01,0.1154899275881128
ECU,Ecuador,2021-09-01,0.01568527270418045
ECU,Ecuador,2021-10-01,0.2082029947357741
ECU,Ecuador,2021-11-01,0.3595344447325334
ECU,Ecuador,2021-12-01,0.06753772233286252
ECU,Ecuador,2022-01-01,0.7213277620971635
ECU,Ecuador,2022-02-01,0.2324957483318534
ECU,Ecuador,2022-03-01,0.1124359706600535
ECU,Ecuador,2022-04-01,0.5936478517640639
ECU,Ecuador,2022-05-01,0.5574110061889702
ECU,Ecuador,2022-06-01,0.6482245421656785
ECU,Ecuador,2022-07-01,0.1602363554685107
ECU,Ecuador,2022-08-01,0.02859861482418136
ECU,Ecuador,2022-09-01,0.3569116437654226
ECU,Ecuador,2022-10-01,0.1167459106014235
ECU,Ecuador,2022-11-01,-0.00702074724380994
ECU,Ecuador,2022-12-01,0.1577481721317429
ECU,Ecuador,2023-01-01,0.1205869923529364
ECU,Ecuador,2023-02-01,0.01827729621205414
ECU,Ecuador,2023-03-01,0.06498523633205375
ECU,Ecuador,2023-04-01,0.1962175082570397
ECU,Ecuador,2023-05-01,0.08920858924369376
ECU,Ecuador,2023-06-01,0.373710686025374
ECU,Ecuador,2023-07-01,0.5390433221990045
ECU,Ecuador,2023-08-01,0.5029688953354906
ECU,Ecuador,2023-09-01,0.03785330912473305
ECU,Ecuador,2023-10-01,-0.17501801125309
ECU,Ecuador,2023-11-01,-0.4001390275259434
ECU,Ecuador,2023-12-01,-0.01789869339538214
ECU,Ecuador,2024-01-01,0.1253132832080201
ECU,Ecuador,2024-02-01,0.08939746111210442
ECU,Ecuador,2024-03-01,0.2871023131359414
ECU,Ecuador,2024-04-01,1.273099892410056
ECU,Ecuador,2024-05-01,-0.1191940427343927
ECU,Ecuador,2024-06-01,-0.9520711349627567
ECU,Ecuador,2024-07-01,0.9303928957230876
ECU,Ecuador,2024-08-01,0.2162914941715828
ECU,Ecuador,2024-09-01,0.1762541858768018
ECU,Ecuador,2024-10-01,-0.2382842738838889
ECU,Ecuador,2024-11-01,-0.2559911288357423
ECU,Ecuador,2024-12-01,-0.985532231930966
SLV,El Salvador,2019-01-01,-0.04987017100146371
SLV,El Salvador,2019-02-01,0.1787909642497527
SLV,El Salvador,2019-03-01,0.225201624534277
SLV,El Salvador,2019-04-01,0.1575015770010941
SLV,El Salvador,2019-05-01,0.1252789477285248
SLV,El Salvador,2019-06-01,-0.1398402317208257
SLV,El Salvador,2019-07-01,-0.257603071814818
SLV,El Salvador,2019-08-01,-0.3587820184696538
SLV,El Salvador,2019-09-01,-0.1475401682834869
SLV,El Salvador,2019-10-01,0.04006511027281195
SLV,El Salvador,2019-11-01,0.1196645622035736
SLV,El Salvador,2019-12-01,0.104690846727857
SLV,El Salvador,2020-01-01,-0.1239376642575423
SLV,El Salvador,2020-02-01,-0.1331032184401122
SLV,El Salvador,2020-03-01,0.08065566012808109
SLV,El Salvador,2020-04-01,-0.3621111894540351
SLV,El Salvador,2020-05-01,0.228794660289921
SLV,El Salvador,2020-06-01,0.582339970539806
SLV,El Salvador,2020-07-01,-0.08896764694332976
SLV,El Salvador,2020-08-01,-0.5984664483233099
SLV,El Salvador,2020-09-01,-0.2351919863482024
SLV,El Salvador,2020-10-01,0.2224762121315547
SLV,El Salvador,2020-11-01,0.1518722805314259
SLV,El Salvador,2020-12-01,0.195768451785306
SLV,El Salvador,2021-01-01,0.2668489999524452
SLV,El Salvador,2021-02-01,0.6164432518271249
SLV,El Salvador,2021-03-01,0.7847253786103758
SLV,El Salvador,2021-04-01,0.6416122477609325
SLV,El Salvador,2021-05-01,0.02936070868301332
SLV,El Salvador,2021-06-01,0.5797691278468103
SLV,El Salvador,2021-07-01,0.7341296016287224
SLV,El Salvador,2021-08-01,0.2320413925536472
SLV,El Salvador,2021-09-01,0.4085761175733002
SLV,El Salvador,2021-10-01,0.7235578797762068
SLV,El Salvador,2021-11-01,0.8251682362680269
SLV,El Salvador,2021-12-01,0.1117820089641053
SLV,El Salvador,2022-01-01,0.6151938648814017
SLV,El Salvador,2022-02-01,0.7903824408876144
SLV,El Salvador,2022-03-01,0.8105355156453857
SLV,El Salvador,2022-04-01,0.5011086274717675
SLV,El Salvador,2022-05-01,0.9088234230086556
SLV,El Salvador,2022-06-01,0.8397770257556123
SLV,El Salvador,2022-07-01,0.4165622482039233
SLV,El Salvador,2022-08-01,0.4542752429287062
SLV,El Salvador,2022-09-01,0.2496027229003809
SLV,El Salvador,2022-10-01,0.7072852221575414
SLV,El Salvador,2022-11-01,0.6878015610101368
SLV,El Salvador,2022-12-01,0.1101050629779378
SLV,El Salvador,2023-01-01,0.34495598785261
SLV,El Salvador,2023-02-01,0.5891386214049628
SLV,El Salvador,2023-03-01,0.08529115298131348
SLV,El Salvador,2023-04-01,-0.08521846916640843
SLV,El Salvador,2023-05-01,-0.06978367062107467
SLV,El Salvador,2023-06-01,0.2327746741154562
SLV,El Salvador,2023-07-01,-0.00774113639882334
SLV,El Salvador,2023-08-01,0.2090268638228691
SLV,El Salvador,2023-09-01,0.1776885043263288
SLV,El Salvador,2023-10-01,0.3624585486234287
SLV,El Salvador,2023-11-01,0.1383125864453665
SLV,El Salvador,2023-12-01,-0.7519950890116636
SLV,El Salvador,2024-01-01,0.3247255296118757
SLV,El Salvador,2024-02-01,0.1849568434032059
SLV,El Salvador,2024-03-01,0.06153846153846154
SLV,El Salvador,2024-04-01,0.284440344403444
SLV,El Salvador,2024-05-01,0.1993100804906094
SLV,El Salvador,2024-06-01,0.2907199143141305
SLV,El Salvador,2024-07-01,0.2898771836143108
SLV,El Salvador,2024-08-01,-0.3879211987525671
SLV,El Salvador,2024-09-01,-0.41233964569334153
SLV,El Salvador,2024-10-01,-0.2913663548535501
SLV,El Salvador,2024-11-01,-0.08458935712088587
SLV,El Salvador,2024-12-01,-0.1693219425844686
MEX,Mexico,2019-01-01,0.08542030673655601
MEX,Mexico,2019-02-01,-0.02812584862474299
MEX,Mexico,2019-03-01,0.3851414934176699
MEX,Mexico,2019-04-01,0.05315242181761954
MEX,Mexico,2019-05-01,-0.2878364934174305
MEX,Mexico,2019-06-01,0.06393304466594985
MEX,Mexico,2019-07-01,0.3756086699774441
MEX,Mexico,2019-08-01,-0.01639549798914039
MEX,Mexico,2019-09-01,0.2623709848557924
MEX,Mexico,2019-10-01,0.5397240768890343
MEX,Mexico,2019-11-01,0.8066754064476618
MEX,Mexico,2019-12-01,0.5581607275074516
MEX,Mexico,2020-01-01,0.4842637868861744
MEX,Mexico,2020-02-01,0.4152301145170836
MEX,Mexico,2020-03-01,-0.0477130481153346
MEX,Mexico,2020-04-01,-1.013684269641888
MEX,Mexico,2020-05-01,0.3848517800576805
MEX,Mexico,2020-06-01,0.5472768033759726
MEX,Mexico,2020-07-01,0.6567175365129329
MEX,Mexico,2020-08-01,0.3936934589181341
MEX,Mexico,2020-09-01,0.2289856953470478
MEX,Mexico,2020-10-01,0.6104667295632388
MEX,Mexico,2020-11-01,0.07538566201481972
MEX,Mexico,2020-12-01,0.3812375982949952
MEX,Mexico,2021-01-01,0.8593313871017928
MEX,Mexico,2021-02-01,0.6324289991833772
MEX,Mexico,2021-03-01,0.8268188662573147
MEX,Mexico,2021-04-01,0.3273000429245958
MEX,Mexico,2021-05-01,0.2041180140832516
MEX,Mexico,2021-06-01,0.5328280806625215
MEX,Mexico,2021-07-01,0.587517032685059
MEX,Mexico,2021-08-01,0.1908833412501539
MEX,Mexico,2021-09-01,0.6163355253338484
MEX,Mexico,2021-10-01,0.8376890254011745
MEX,Mexico,2021-11-01,1.144849906110193
MEX,Mexico,2021-12-01,0.3627528147565107
MEX,Mexico,2022-01-01,0.5916050056262148
MEX,Mexico,2022-02-01,0.8296469551363536
MEX,Mexico,2022-03-01,0.990074045435826
MEX,Mexico,2022-04-01,0.5409499080385156
MEX,Mexico,2022-05-01,0.1763113675305648
MEX,Mexico,2022-06-01,0.8444745583447638
MEX,Mexico,2022-07-01,0.7407164629150143
MEX,Mexico,2022-08-01,0.6954159482057455
MEX,Mexico,2022-09-01,0.6203403794738415
MEX,Mexico,2022-10-01,0.5659423140217226
MEX,Mexico,2022-11-01,0.5755292314569431
MEX,Mexico,2022-12-01,0.3817551211536783
MEX,Mexico,2023-01-01,0.6783788484953905
MEX,Mexico,2023-02-01,0.5575799459697179
MEX,Mexico,2023-03-01,0.2678724833263046
MEX,Mexico,2023-04-01,-0.0202509560787918
MEX,Mexico,2023-05-01,-0.2173523523133613
MEX,Mexico,2023-06-01,0.1014958933200087
MEX,Mexico,2023-07-01,0.4820066451401563
MEX,Mexico,2023-08-01,0.5534339294585195
MEX,Mexico,2023-09-01,0.4438612065305492
MEX,Mexico,2023-10-01,0.3758069474331386
MEX,Mexico,2023-11-01,0.6400784019477984
MEX,Mexico,2023-12-01,0.7059987066834037
MEX,Mexico,2024-01-01,0.8929313379616689
MEX,Mexico,2024-02-01,0.09434315450563438
MEX,Mexico,2024-03-01,0.2872509930356595
MEX,Mexico,2024-04-01,0.2021407526199978
MEX,Mexico,2024-05-01,-0.1853561219628394
MEX,Mexico,2024-06-01,0.3781127178622834
MEX,Mexico,2024-07-01,1.046852014205685
MEX,Mexico,2024-08-01,0.00735277898281655
MEX,Mexico,2024-09-01,0.04925999720614941
MEX,Mexico,2024-10-01,0.5496766607877719
MEX,Mexico,2024-11-01,0.4355833601309673
MEX,Mexico,2024-12-01,0.3820293398533007
UZB,"Uzbekistan, Republic of",2019-01-01,1.490000000000053
UZB,"Uzbekistan, Republic of",2019-02-01,1.579999999999984
UZB,"Uzbekistan, Republic of",2019-03-01,1.180000000000005
UZB,"Uzbekistan, Republic of",2019-04-01,0.909999999999911
UZB,"Uzbekistan, Republic of",2019-05-01,0.7400000000000398
UZB,"Uzbekistan, Republic of",2019-06-01,-0.4600000000000162
UZB,"Uzbekistan, Republic of",2019-07-01,-0.3799999999999317
UZB,"Uzbekistan, Republic of",2019-08-01,2.909999999999976
UZB,"Uzbekistan, Republic of",2019-09-01,1.340000000000024
UZB,"Uzbekistan, Republic of",2019-10-01,1.539999999999985
UZB,"Uzbekistan, Republic of",2019-11-01,1.729999999999967
UZB,"Uzbekistan, Republic of",2019-12-01,1.690000000000053
UZB,"Uzbekistan, Republic of",2020-01-01,0.5899999999999032
UZB,"Uzbekistan, Republic of",2020-02-01,0.8400000000000302
UZB,"Uzbekistan, Republic of",2020-03-01,1.32000000000003
UZB,"Uzbekistan, Republic of",2020-04-01,1.700000000000006
UZB,"Uzbekistan, Republic of",2020-05-01,0.2799999999999528
UZB,"Uzbekistan, Republic of",2020-06-01,-0.1999999999999623
UZB,"Uzbekistan, Republic of",2020-07-01,-0.2900000000000015
UZB,"Uzbekistan, Republic of",2020-08-01,0.5000000000000262
UZB,"Uzbekistan, Republic of",2020-09-01,1.399999999999471
UZB,"Uzbekistan, Republic of",2020-10-01,1.440000000000706
UZB,"Uzbekistan, Republic of",2020-11-01,1.530000000000072
UZB,"Uzbekistan, Republic of",2020-12-01,1.549999999999565
UZB,"Uzbekistan, Republic of",2021-01-01,1.000000000000047
UZB,"Uzbekistan, Republic of",2021-02-01,0.6399999999996566
UZB,"Uzbekistan, Republic of",2021-03-01,0.8400000000000477
UZB,"Uzbekistan, Republic of",2021-04-01,1.529999999999975
UZB,"Uzbekistan, Republic of",2021-05-01,0.5000000000000135
UZB,"Uzbekistan, Republic of",2021-06-01,-0.1899999999996001
UZB,"Uzbekistan, Republic of",2021-07-01,-0.1699999999999849
UZB,"Uzbekistan, Republic of",2021-08-01,0.539999999999719
UZB,"Uzbekistan, Republic of",2021-09-01,1.09000000000015
UZB,"Uzbekistan, Republic of",2021-10-01,1.309999999999794
UZB,"Uzbekistan, Republic of",2021-11-01,1.220000000000018
UZB,"Uzbekistan, Republic of",2021-12-01,1.260000000000218
UZB,"Uzbekistan, Republic of",2022-01-01,0.8699999999997114
UZB,"Uzbekistan, Republic of",2022-02-01,0.5100000000005528
UZB,"Uzbekistan, Republic of",2022-03-01,1.529999999999477
UZB,"Uzbekistan, Republic of",2022-04-01,1.470000000000007
UZB,"Uzbekistan, Republic of",2022-05-01,1.030000000000566
UZB,"Uzbekistan, Republic of",2022-06-01,0.939999999999728
UZB,"Uzbekistan, Republic of",2022-07-01,-0.0799999999995941
UZB,"Uzbekistan, Republic of",2022-08-01,0.5199999999998955
UZB,"Uzbekistan, Republic of",2022-09-01,1.03000000000007
UZB,"Uzbekistan, Republic of",2022-10-01,1.239999999999566
UZB,"Uzbekistan, Republic of",2022-11-01,1.34000000000038
UZB,"Uzbekistan, Republic of",2022-12-01,1.229999999999885
UZB,"Uzbekistan, Republic of",2023-01-01,0.819999999999479
UZB,"Uzbekistan, Republic of",2023-02-01,0.5400000000002219
UZB,"Uzbekistan, Republic of",2023-03-01,1.010012440248624
UZB,"Uzbekistan, Republic of",2023-04-01,0.8299875819212339
UZB,"Uzbekistan, Republic of",2023-05-01,0.4900000000002758
UZB,"Uzbekistan, Republic of",2023-06-01,-0.2899999999998518
UZB,"Uzbekistan, Republic of",2023-07-01,-0.1600000000001043
UZB,"Uzbekistan, Republic of",2023-08-01,0.5399999999998302
UZB,"Uzbekistan, Republic of",2023-09-01,1.240000000000454
UZB,"Uzbekistan, Republic of",2023-10-01,1.039999999999891
UZB,"Uzbekistan, Republic of",2023-11-01,1.129999999999562
UZB,"Uzbekistan, Republic of",2023-12-01,1.240000000000486
UZB,"Uzbekistan, Republic of",2024-01-01,0.6399999999997383
UZB,"Uzbekistan, Republic of",2024-02-01,0.3199999999997467
UZB,"Uzbekistan, Republic of",2024-03-01,0.6700000000002021
UZB,"Uzbekistan, Republic of",2024-04-01,0.9300000000002484
UZB,"Uzbekistan, Republic of",2024-05-01,2.80000000000006
UZB,"Uzbekistan, Republic of",2024-06-01,-0.2400000000004289
UZB,"Uzbekistan, Republic of",2024-07-01,-0.2799999999995422
UZB,"Uzbekistan, Republic of",2024-08-01,0.529999999999527
UZB,"Uzbekistan, Republic of",2024-09-01,1.230000000000591
UZB,"Uzbekistan, Republic of",2024-10-01,0.840000000000005
UZB,"Uzbekistan, Republic of",2024-11-01,0.9299999999999076
UZB,"Uzbekistan, Republic of",2024-12-01,1.039999999999895
SMR,"San Marino, Republic of",2019-01-01,0.2824308531359564
SMR,"San Marino, Republic of",2019-02-01,-0.1456734971350879
SMR,"San Marino, Republic of",2019-03-01,0.2625948259093562
SMR,"San Marino, Republic of",2019-04-01,0.3686099524687167
SMR,"San Marino, Republic of",2019-05-01,-0.1836281047646661
SMR,"San Marino, Republic of",2019-06-01,-0.3001549186676995
SMR,"San Marino, Republic of",2019-07-01,0.08740409828105274
SMR,"San Marino, Republic of",2019-08-01,0.3104987385988744
SMR,"San Marino, Republic of",2019-09-01,-0.4062681369704005
SMR,"San Marino, Republic of",2019-10-01,-0.03885003885003885
SMR,"San Marino, Republic of",2019-11-01,0.1360279828993393
SMR,"San Marino, Republic of",2019-12-01,0.1261401125557927
SMR,"San Marino, Republic of",2020-01-01,0.09690861517588914
SMR,"San Marino, Republic of",2020-02-01,0.04840739665020815
SMR,"San Marino, Republic of",2020-03-01,-0.1838591058641378
SMR,"San Marino, Republic of",2020-04-01,-0.07755695588948135
SMR,"San Marino, Republic of",2020-05-01,-0.2716600368681479
SMR,"San Marino, Republic of",2020-06-01,0.07782858254694036
SMR,"San Marino, Republic of",2020-07-01,-0.1360940993486925
SMR,"San Marino, Republic of",2020-08-01,0.1752165871702521
SMR,"San Marino, Republic of",2020-09-01,-0.1263239724030706
SMR,"San Marino, Republic of",2020-10-01,0.2043199065966141
SMR,"San Marino, Republic of",2020-11-01,-0.1844839304786873
SMR,"San Marino, Republic of",2020-12-01,0
SMR,"San Marino, Republic of",2021-01-01,0.6614785992217899
SMR,"San Marino, Republic of",2021-02-01,0.2319288751449555
SMR,"San Marino, Republic of",2021-03-01,0.1446201311222522
SMR,"San Marino, Republic of",2021-04-01,0.0481370944449793
SMR,"San Marino, Republic of",2021-05-01,0.2598152424942263
SMR,"San Marino, Republic of",2021-06-01,0.105576350897399
SMR,"San Marino, Republic of",2021-07-01,0.2396931927133269
SMR,"San Marino, Republic of",2021-08-01,0.4878048780487805
SMR,"San Marino, Republic of",2021-09-01,-0.03807348181991243
SMR,"San Marino, Republic of",2021-10-01,0.5237097695677014
SMR,"San Marino, Republic of",2021-11-01,0.1136686558681444
SMR,"San Marino, Republic of",2021-12-01,0.3973885892705081
SMR,"San Marino, Republic of",2022-01-01,1.112053529356328
SMR,"San Marino, Republic of",2022-02-01,0.5778730543387082
SMR,"San Marino, Republic of",2022-03-01,0.259475488833287
SMR,"San Marino, Republic of",2022-04-01,0.7117108790091506
SMR,"San Marino, Republic of",2022-05-01,0.3854625550660793
SMR,"San Marino, Republic of",2022-06-01,0.8228195282501372
SMR,"San Marino, Republic of",2022-07-01,-0.1360174102285092
SMR,"San Marino, Republic of",2022-08-01,0.3904476527739944
SMR,"San Marino, Republic of",2022-09-01,0.461287988422576
SMR,"San Marino, Republic of",2022-10-01,0.8193031421626003
SMR,"San Marino, Republic of",2022-11-01,0.669762457581711
SMR,"San Marino, Republic of",2022-12-01,1.002395103344274
SMR,"San Marino, Republic of",2023-01-01,0.8343579834884945
SMR,"San Marino, Republic of",2023-02-01,0.6706732862991029
SMR,"San Marino, Republic of",2023-03-01,0.3979927323066274
SMR,"San Marino, Republic of",2023-04-01,0.301620130989314
SMR,"San Marino, Republic of",2023-05-01,0.09450983761491535
SMR,"San Marino, Republic of",2023-06-01,0.1888412017167382
SMR,"San Marino, Republic of",2023-07-01,0.09424263193968473
SMR,"San Marino, Republic of",2023-08-01,0.8045878627064966
SMR,"San Marino, Republic of",2023-09-01,0.03396450709009086
SMR,"San Marino, Republic of",2023-10-01,-0.23767082590612
SMR,"San Marino, Republic of",2023-11-01,-0.04254232961796988
SMR,"San Marino, Republic of",2023-12-01,-0.1361933946203609
SMR,"San Marino, Republic of",2024-01-01,0.1534265257415615
SMR,"San Marino, Republic of",2024-02-01,0.02553191489361702
SMR,"San Marino, Republic of",2024-03-01,0.2212201140134434
SMR,"San Marino, Republic of",2024-04-01,0.3226080312420409
SMR,"San Marino, Republic of",2024-05-01,-0.07616146230007616
SMR,"San Marino, Republic of",2024-06-01,0.2794715447154472
SMR,"San Marino, Republic of",2024-07-01,-0.1520141879908791
SMR,"San Marino, Republic of",2024-08-01,-0.0845809016324114
SMR,"San Marino, Republic of",2024-09-01,-0.1185135020739863
SMR,"San Marino, Republic of",2024-10-01,0.3644376642088313
SMR,"San Marino, Republic of",2024-11-01,0.278669143725722
SMR,"San Marino, Republic of",2024-12-01,0.3621052631578947
LBY,Libya,2019-01-01,0.3456221198156682
LBY,Libya,2019-02-01,0.6505931879066207
LBY,Libya,2019-03-01,0.4182509505703422
LBY,Libya,2019-04-01,1.703900037864445
LBY,Libya,2019-05-01,0.7446016381236039
LBY,Libya,2019-06-01,-2.29120473022912
LBY,Libya,2019-07-01,-0.302571860816944
LBY,Libya,2019-08-01,-0.1138088012139605
LBY,Libya,2019-09-01,-0.2658564375237372
LBY,Libya,2019-10-01,0.5331302361005331
LBY,Libya,2019-11-01,-0.07575757575757576
LBY,Libya,2019-12-01,-0.4169825625473844
LBY,Libya,2020-01-01,0.2664636467453369
LBY,Libya,2020-02-01,0.2657555049354594
LBY,Libya,2020-03-01,1.363120030291556
LBY,Libya,2020-04-01,1.643630930145685
LBY,Libya,2020-05-01,-0.8820286659316428
LBY,Libya,2020-06-01,-0.3337041156840934
LBY,Libya,2020-07-01,-0.0744047619047619
LBY,Libya,2020-08-01,-0.07446016381236038
LBY,Libya,2020-09-01,-0.1862891207153502
LBY,Libya,2020-10-01,0.07465472191116088
LBY,Libya,2020-11-01,0.3356956359567326
LBY,Libya,2020-12-01,0.4089219330855019
LBY,Libya,2021-01-01,0.259163272861903
LBY,Libya,2021-02-01,0.1846381093057607
LBY,Libya,2021-03-01,0.2580169553999263
LBY,Libya,2021-04-01,0.5147058823529412
LBY,Libya,2021-05-01,0.1097293343087052
LBY,Libya,2021-06-01,0.2557544757033248
LBY,Libya,2021-07-01,0.8746355685131195
LBY,Libya,2021-08-01,0.2167630057803468
LBY,Libya,2021-09-01,0.144196106705119
LBY,Libya,2021-10-01,0.503959683225342
LBY,Libya,2021-11-01,1.468481375358166
LBY,Libya,2021-12-01,-1.129544652312037
LBY,Libya,2022-01-01,0.6426276329882185
LBY,Libya,2022-02-01,0.8868393047179851
LBY,Libya,2022-03-01,1.090014064697609
LBY,Libya,2022-04-01,0.3130434782608696
LBY,Libya,2022-05-01,-0.173370319001387
LBY,Libya,2022-06-01,0.1042028482111844
LBY,Libya,2022-07-01,0.1387925052047189
LBY,Libya,2022-08-01,0.2079002079002079
LBY,Libya,2022-09-01,0.2074688796680498
LBY,Libya,2022-10-01,0.2760524499654934
LBY,Libya,2022-11-01,0.2752924982794219
LBY,Libya,2022-12-01,0.06863417982155114
LBY,Libya,2023-01-01,0.3772290809327846
LBY,Libya,2023-02-01,0.2049880423641954
LBY,Libya,2023-03-01,0.4091374019774974
LBY,Libya,2023-04-01,0.1697792869269949
LBY,Libya,2023-05-01,0.06779661016949153
LBY,Libya,2023-06-01,-0.03387533875338753
LBY,Libya,2023-07-01,-0.1016604540833616
LBY,Libya,2023-08-01,0.203527815468114
LBY,Libya,2023-09-01,0.1692620176032498
LBY,Libya,2023-10-01,0.1351808043257857
LBY,Libya,2023-11-01,0.06749915626054674
LBY,Libya,2023-12-01,0.1349072512647555
LBY,Libya,2024-01-01,0.1347254968002695
LBY,Libya,2024-02-01,0.2018163471241171
LBY,Libya,2024-03-01,0.2349781805975159
LBY,Libya,2024-04-01,0.4688546550569324
LBY,Libya,2024-05-01,0.4
LBY,Libya,2024-06-01,0.199203187250996
LBY,Libya,2024-07-01,0.2319416832339298
LBY,Libya,2024-08-01,0.1322314049586777
LBY,Libya,2024-09-01,0.2971277649389237
LBY,Libya,2024-10-01,-0.03291639236339697
LBY,Libya,2024-11-01,-0.0658544616397761
LBY,Libya,2024-12-01,0.06589785831960461
TUN,Tunisia,2019-01-01,0.8262854507551174
TUN,Tunisia,2019-02-01,0.0872607980864896
TUN,Tunisia,2019-03-01,0.4322016305663424
TUN,Tunisia,2019-04-01,0.7975118433563815
TUN,Tunisia,2019-05-01,0.4854368932038835
TUN,Tunisia,2019-06-01,0.322061191626409
TUN,Tunisia,2019-07-01,0.2407704654895666
TUN,Tunisia,2019-08-01,0.5604483586869496
TUN,Tunisia,2019-09-01,0.6369426751592357
TUN,Tunisia,2019-10-01,0.7911392405063291
TUN,Tunisia,2019-11-01,0.4709576138147567
TUN,Tunisia,2019-12-01,0.234375
TUN,Tunisia,2020-01-01,0.6235385814497272
TUN,Tunisia,2020-02-01,0
TUN,Tunisia,2020-03-01,0.8520526723470178
TUN,Tunisia,2020-04-01,0.8448540706605223
TUN,Tunisia,2020-05-01,0.5331302361005331
TUN,Tunisia,2020-06-01,-0.1515151515151515
TUN,Tunisia,2020-07-01,0.1517450682852807
TUN,Tunisia,2020-08-01,0.303030303030303
TUN,Tunisia,2020-09-01,0.6042296072507553
TUN,Tunisia,2020-10-01,0.8258258258258258
TUN,Tunisia,2020-11-01,-0.07446016381236038
TUN,Tunisia,2020-12-01,0.2980625931445604
TUN,Tunisia,2021-01-01,0.6686478454680534
TUN,Tunisia,2021-02-01,-0.07380073800738007
TUN,Tunisia,2021-03-01,0.7385524372230428
TUN,Tunisia,2021-04-01,1.099706744868035
TUN,Tunisia,2021-05-01,0.5076142131979695
TUN,Tunisia,2021-06-01,0.5050505050505051
TUN,Tunisia,2021-07-01,0.8614501076812635
TUN,Tunisia,2021-08-01,0
TUN,Tunisia,2021-09-01,0.6405693950177936
TUN,Tunisia,2021-10-01,0.9193776520509194
TUN,Tunisia,2021-11-01,0.1401541695865452
TUN,Tunisia,2021-12-01,0.4198740377886634
TUN,Tunisia,2022-01-01,0.6968641114982578
TUN,Tunisia,2022-02-01,0.3460207612456747
TUN,Tunisia,2022-03-01,0.8275862068965517
TUN,Tunisia,2022-04-01,1.367989056087551
TUN,Tunisia,2022-05-01,0.8771929824561404
TUN,Tunisia,2022-06-01,0.6688963210702341
TUN,Tunisia,2022-07-01,0.9966777408637874
TUN,Tunisia,2022-08-01,0.4605263157894737
TUN,Tunisia,2022-09-01,1.047806155861166
TUN,Tunisia,2022-10-01,1.036941023979261
TUN,Tunisia,2022-11-01,0.6414368184733804
TUN,Tunisia,2022-12-01,0.7010834926704907
TUN,Tunisia,2023-01-01,0.8227848101265823
TUN,Tunisia,2023-02-01,0.5021971123666039
TUN,Tunisia,2023-03-01,0.6870705808869457
TUN,Tunisia,2023-04-01,1.178660049627792
TUN,Tunisia,2023-05-01,0.4904966278356836
TUN,Tunisia,2023-06-01,0.4270896888346553
TUN,Tunisia,2023-07-01,0.7290400972053463
TUN,Tunisia,2023-08-01,0.6031363088057901
TUN,Tunisia,2023-09-01,0.7793764988009592
TUN,Tunisia,2023-10-01,0.7733491969066032
TUN,Tunisia,2023-11-01,0.2361275088547816
TUN,Tunisia,2023-12-01,0.5889281507656066
TUN,Tunisia,2024-01-01,0.5269320843091335
TUN,Tunisia,2024-02-01,0.23296447291788
TUN,Tunisia,2024-03-01,0.6972690296339338
TUN,Tunisia,2024-04-01,3.173687247547605
TUN,Tunisia,2024-05-01,-1.733780760626398
TUN,Tunisia,2024-06-01,0.5122367672168469
TUN,Tunisia,2024-07-01,0.3963759909399773
TUN,Tunisia,2024-08-01,0.338409475465313
TUN,Tunisia,2024-09-01,0.7869589657110736
TUN,Tunisia,2024-10-01,0.8365867261572782
TUN,Tunisia,2024-11-01,0.1106194690265487
TUN,Tunisia,2024-12-01,0.1657458563535912
HTI,Haiti,2019-01-01,1.618705035971223
HTI,Haiti,2019-02-01,1.68141592920354
HTI,Haiti,2019-03-01,0.6962576153176675
HTI,Haiti,2019-04-01,1.728608470181504
HTI,Haiti,2019-05-01,1.444350042480884
HTI,Haiti,2019-06-01,1.842546063651591
HTI,Haiti,2019-07-01,1.5625
HTI,Haiti,2019-08-01,1.619433198380567
HTI,Haiti,2019-09-01,1.593625498007968
HTI,Haiti,2019-10-01,1.725490196078431
HTI,Haiti,2019-11-01,1.773323053199692
HTI,Haiti,2019-12-01,1.742424242424242
HTI,Haiti,2020-01-01,1.563663440059568
HTI,Haiti,2020-02-01,1.759530791788856
HTI,Haiti,2020-03-01,1.729106628242075
HTI,Haiti,2020-04-01,1.98300283286119
HTI,Haiti,2020-05-01,2.291666666666667
HTI,Haiti,2020-06-01,2.987101154107264
HTI,Haiti,2020-07-01,2.373104812129202
HTI,Haiti,2020-08-01,3.283966516419833
HTI,Haiti,2020-09-01,-0.4987531172069825
HTI,Haiti,2020-10-01,-1.19047619047619
HTI,Haiti,2020-11-01,0.507292327203551
HTI,Haiti,2020-12-01,1.009463722397476
HTI,Haiti,2021-01-01,1.186758276077452
HTI,Haiti,2021-02-01,1.049382716049383
HTI,Haiti,2021-03-01,1.099572388515577
HTI,Haiti,2021-04-01,0.9063444108761328
HTI,Haiti,2021-05-01,1.017964071856287
HTI,Haiti,2021-06-01,1.244813278008299
HTI,Haiti,2021-07-01,2.049180327868852
HTI,Haiti,2021-08-01,2.065404475043029
HTI,Haiti,2021-09-01,1.405283867341203
HTI,Haiti,2021-10-01,4.600886917960089
HTI,Haiti,2021-11-01,4.663487016428193
HTI,Haiti,2021-12-01,1.012658227848101
HTI,Haiti,2022-01-01,0.6516290726817043
HTI,Haiti,2022-02-01,2.041832669322709
HTI,Haiti,2022-03-01,1.659346022449976
HTI,Haiti,2022-04-01,1.584253480556889
HTI,Haiti,2022-05-01,1.890359168241966
HTI,Haiti,2022-06-01,2.226345083487941
HTI,Haiti,2022-07-01,3.221415607985481
HTI,Haiti,2022-08-01,3.252747252747253
HTI,Haiti,2022-09-01,6.513409961685824
HTI,Haiti,2022-10-01,10.9912070343725
HTI,Haiti,2022-11-01,3.492978033849478
HTI,Haiti,2022-12-01,2.922755741127349
HTI,Haiti,2023-01-01,1.318458417849899
HTI,Haiti,2023-02-01,1.301301301301301
HTI,Haiti,2023-03-01,1.712779973649539
HTI,Haiti,2023-04-01,1.327720207253886
HTI,Haiti,2023-05-01,0.8948545861297539
HTI,Haiti,2023-06-01,0.4434589800443459
HTI,Haiti,2023-07-01,0.2522863450015768
HTI,Haiti,2023-08-01,1.415539477823215
HTI,Haiti,2023-09-01,2.326302729528536
HTI,Haiti,2023-10-01,3.394968172173386
HTI,Haiti,2023-11-01,2.931691586045148
HTI,Haiti,2023-12-01,2.136143548846482
HTI,Haiti,2024-01-01,1.087562744004462
HTI,Haiti,2024-02-01,3.062068965517241
HTI,Haiti,2024-03-01,4.737687366167024
HTI,Haiti,2024-04-01,1.763352926143624
HTI,Haiti,2024-05-01,1.682571572074335
HTI,Haiti,2024-06-01,0.9878982464806124
HTI,Haiti,2024-07-01,1.07605771582294
HTI,Haiti,2024-08-01,0.8710379869344302
HTI,Haiti,2024-09-01,1.175341808587191
HTI,Haiti,2024-10-01,1.351351351351351
HTI,Haiti,2024-11-01,4
HTI,Haiti,2024-12-01,3.598740440845704
SUR,Suriname,2019-01-01,0.5813953488372093
SUR,Suriname,2019-02-01,-0.07225433526011561
SUR,Suriname,2019-03-01,0
SUR,Suriname,2019-04-01,0.6507592190889371
SUR,Suriname,2019-05-01,0.5028735632183908
SUR,Suriname,2019-06-01,0.2859185132237312
SUR,Suriname,2019-07-01,0.2851033499643621
SUR,Suriname,2019-08-01,0.3553660270078181
SUR,Suriname,2019-09-01,0.4957507082152975
SUR,Suriname,2019-10-01,0.6342494714587738
SUR,Suriname,2019-11-01,0.2801120448179272
SUR,Suriname,2019-12-01,0.1396648044692737
SUR,Suriname,2020-01-01,0.6276150627615062
SUR,Suriname,2020-02-01,2.494802494802495
SUR,Suriname,2020-03-01,9.939148073022311
SUR,Suriname,2020-04-01,7.810578105781058
SUR,Suriname,2020-05-01,4.848830576155163
SUR,Suriname,2020-06-01,3.210010881392818
SUR,Suriname,2020-07-01,2.477596204533474
SUR,Suriname,2020-08-01,1.646090534979424
SUR,Suriname,2020-09-01,4.200404858299595
SUR,Suriname,2020-10-01,7.090820786789704
SUR,Suriname,2020-11-01,1.541950113378685
SUR,Suriname,2020-12-01,2.947744528807503
SUR,Suriname,2021-01-01,2.559652928416486
SUR,Suriname,2021-02-01,1.311336717428088
SUR,Suriname,2021-03-01,2.129436325678497
SUR,Suriname,2021-04-01,3.475061324611611
SUR,Suriname,2021-05-01,4.227578032398262
SUR,Suriname,2021-06-01,10.76573161485974
SUR,Suriname,2021-07-01,5.68104038329911
SUR,Suriname,2021-08-01,11.59326424870466
SUR,Suriname,2021-09-01,1.276842716192687
SUR,Suriname,2021-10-01,1.461318051575931
SUR,Suriname,2021-11-01,3.275910759672409
SUR,Suriname,2021-12-01,1.285206453377085
SUR,Suriname,2022-01-01,3.050755939524838
SUR,Suriname,2022-02-01,1.70290804296568
SUR,Suriname,2022-03-01,2.189592993302421
SUR,Suriname,2022-04-01,1.94101336022183
SUR,Suriname,2022-05-01,2.720079129574679
SUR,Suriname,2022-06-01,9.099662975445352
SUR,Suriname,2022-07-01,1.676963812886143
SUR,Suriname,2022-08-01,4.036458333333333
SUR,Suriname,2022-09-01,3.295786399666249
SUR,Suriname,2022-10-01,6.522617124394184
SUR,Suriname,2022-11-01,3.677725118483412
SUR,Suriname,2022-12-01,4.680928871823002
SUR,Suriname,2023-01-01,3.720524017467249
SUR,Suriname,2023-02-01,3.233411923206467
SUR,Suriname,2023-03-01,3.246329526916803
SUR,Suriname,2023-04-01,5.688102385842945
SUR,Suriname,2023-05-01,2.436836597398714
SUR,Suriname,2023-06-01,2.276707530647986
SUR,Suriname,2023-07-01,2.968036529680365
SUR,Suriname,2023-08-01,1.981707317073171
SUR,Suriname,2023-09-01,1.467590705258867
SUR,Suriname,2023-10-01,0.9642426677380476
SUR,Suriname,2023-11-01,0.6101604987398859
SUR,Suriname,2023-12-01,0.1054713249835201
SUR,Suriname,2024-01-01,0.869221651521138
SUR,Suriname,2024-02-01,0.3786395090742917
SUR,Suriname,2024-03-01,4.409469302809573
SUR,Suriname,2024-04-01,0.7474772642332129
SUR,Suriname,2024-05-01,0.506986521577841
SUR,Suriname,2024-06-01,0.1968503937007874
SUR,Suriname,2024-07-01,0.1105108055009823
SUR,Suriname,2024-08-01,0.3066355942597817
SUR,Suriname,2024-09-01,0.8804108584005869
SUR,Suriname,2024-10-01,0.5939393939393939
SUR,Suriname,2024-11-01,0.2048439571032655
SUR,Suriname,2024-12-01,0.5411255411255411
AFG,"Afghanistan, Islamic Republic of",2019-01-01,0.1129553898149712
AFG,"Afghanistan, Islamic Republic of",2019-02-01,-0.622204813603936
AFG,"Afghanistan, Islamic Republic of",2019-03-01,1.00301102392374
AFG,"Afghanistan, Islamic Republic of",2019-04-01,1.077696997383243
AFG,"Afghanistan, Islamic Republic of",2019-05-01,1.093363339069343
AFG,"Afghanistan, Islamic Republic of",2019-06-01,-0.9093508512967796
AFG,"Afghanistan, Islamic Republic of",2019-07-01,-1.083522311956977
AFG,"Afghanistan, Islamic Republic of",2019-08-01,0.09185694046938558
AFG,"Afghanistan, Islamic Republic of",2019-09-01,-0.6648727718913403
AFG,"Afghanistan, Islamic Republic of",2019-10-01,0.238042025682892
AFG,"Afghanistan, Islamic Republic of",2019-11-01,0.7564663645952102
AFG,"Afghanistan, Islamic Republic of",2019-12-01,1.689682190860218
AFG,"Afghanistan, Islamic Republic of",2020-01-01,1.065185975704704
AFG,"Afghanistan, Islamic Republic of",2020-02-01,-0.5350057592350518
AFG,"Afghanistan, Islamic Republic of",2020-03-01,0.2018334413067574
AFG,"Afghanistan, Islamic Republic of",2020-04-01,6.624402606322178
AFG,"Afghanistan, Islamic Republic of",2020-05-01,-1.151301393718175
AFG,"Afghanistan, Islamic Republic of",2020-06-01,-0.8102236257571916
AFG,"Afghanistan, Islamic Republic of",2020-07-01,-1.111794906301102
AFG,"Afghanistan, Islamic Republic of",2020-08-01,-0.3392736700951766
AFG,"Afghanistan, Islamic Republic of",2020-09-01,-0.8340360316732907
AFG,"Afghanistan, Islamic Republic of",2020-10-01,0.5209480419480707
AFG,"Afghanistan, Islamic Republic of",2020-11-01,1.142849879816045
AFG,"Afghanistan, Islamic Republic of",2020-12-01,0.3054958544681811
AFG,"Afghanistan, Islamic Republic of",2021-01-01,0.2556812194975334
AFG,"Afghanistan, Islamic Republic of",2021-02-01,-0.5180099283291304
AFG,"Afghanistan, Islamic Republic of",2021-03-01,0.4839454601479749
AFG,"Afghanistan, Islamic Republic of",2021-04-01,1.293820940369158
AFG,"Afghanistan, Islamic Republic of",2021-05-01,0.9867254339877164
AFG,"Afghanistan, Islamic Republic of",2021-06-01,-0.603588864543967
AFG,"Afghanistan, Islamic Republic of",2021-07-01,0.9828698182888824
AFG,"Afghanistan, Islamic Republic of",2021-08-01,0.1633529844940969
AFG,"Afghanistan, Islamic Republic of",2021-09-01,2.555486946047725
AFG,"Afghanistan, Islamic Republic of",2021-10-01,2.06640041599532
AFG,"Afghanistan, Islamic Republic of",2021-11-01,0.8767990826687471
AFG,"Afghanistan, Islamic Republic of",2021-12-01,3.520773468061786
AFG,"Afghanistan, Islamic Republic of",2022-01-01,1.385508383221907
AFG,"Afghanistan, Islamic Republic of",2022-02-01,0.6365263748632543
AFG,"Afghanistan, Islamic Republic of",2022-03-01,0.3732294507840277
AFG,"Afghanistan, Islamic Republic of",2022-04-01,1.581064313637964
AFG,"Afghanistan, Islamic Republic of",2022-05-01,0.9399628322055504
AFG,"Afghanistan, Islamic Republic of",2022-06-01,1.199708846682034
AFG,"Afghanistan, Islamic Republic of",2022-07-01,1.706119083058912
AFG,"Afghanistan, Islamic Republic of",2022-08-01,-1.191174573926174
AFG,"Afghanistan, Islamic Republic of",2022-09-01,-0.1654097793362418
AFG,"Afghanistan, Islamic Republic of",2022-10-01,-0.9895909099689362
AFG,"Afghanistan, Islamic Republic of",2022-11-01,-0.1885846098573286
AFG,"Afghanistan, Islamic Republic of",2022-12-01,-0.1140887194248568
AFG,"Afghanistan, Islamic Republic of",2023-01-01,-0.2327511280315404
AFG,"Afghanistan, Islamic Republic of",2023-02-01,0.5315075754042989
AFG,"Afghanistan, Islamic Republic of",2023-03-01,-1.100526010987306
AFG,"Afghanistan, Islamic Republic of",2023-04-01,-1.315264658482697
AFG,"Afghanistan, Islamic Republic of",2023-05-01,-0.959731396533829
AFG,"Afghanistan, Islamic Republic of",2023-06-01,-2.635029061830921
AFG,"Afghanistan, Islamic Republic of",2023-07-01,-1.118522550975313
AFG,"Afghanistan, Islamic Republic of",2023-08-01,-0.1367477323744071
AFG,"Afghanistan, Islamic Republic of",2023-09-01,-1.241920149108875
AFG,"Afghanistan, Islamic Republic of",2023-10-01,0.1544343428946855
AFG,"Afghanistan, Islamic Republic of",2023-11-01,-1.348703852383486
AFG,"Afghanistan, Islamic Republic of",2023-12-01,-0.732808921794046
AFG,"Afghanistan, Islamic Republic of",2024-01-01,-0.8172990533652822
AFG,"Afghanistan, Islamic Republic of",2024-02-01,1.153762485084502
AFG,"Afghanistan, Islamic Republic of",2024-03-01,-0.3753051865250654
AFG,"Afghanistan, Islamic Republic of",2024-04-01,0.3928148045049134
AFG,"Afghanistan, Islamic Republic of",2024-05-01,-0.98151981210288
AFG,"Afghanistan, Islamic Republic of",2024-06-01,-1.003829191047759
AFG,"Afghanistan, Islamic Republic of",2024-07-01,-1.801323977432325
AFG,"Afghanistan, Islamic Republic of",2024-08-01,-0.317795704012229
AFG,"Afghanistan, Islamic Republic of",2024-09-01,0.5394998145413172
AFG,"Afghanistan, Islamic Republic of",2024-10-01,0.6123581776178648
AFG,"Afghanistan, Islamic Republic of",2024-11-01,-0.3794904414673204
AFG,"Afghanistan, Islamic Republic of",2024-12-01,1.251151841804694
LSO,"Lesotho, Kingdom of",2019-01-01,1.189584345677546
LSO,"Lesotho, Kingdom of",2019-02-01,0.1731668547939589
LSO,"Lesotho, Kingdom of",2019-03-01,0.4237033027349458
LSO,"Lesotho, Kingdom of",2019-04-01,0.5026151385245466
LSO,"Lesotho, Kingdom of",2019-05-01,0.537759270539964
LSO,"Lesotho, Kingdom of",2019-06-01,0.2730297874755868
LSO,"Lesotho, Kingdom of",2019-07-01,0.08456958156509277
LSO,"Lesotho, Kingdom of",2019-08-01,0.2832240239755041
LSO,"Lesotho, Kingdom of",2019-09-01,0.3603588007074426
LSO,"Lesotho, Kingdom of",2019-10-01,0.3012722609684672
LSO,"Lesotho, Kingdom of",2019-11-01,0.2777899138102853
LSO,"Lesotho, Kingdom of",2019-12-01,0.2572963306459202
LSO,"Lesotho, Kingdom of",2020-01-01,0.5113080161305738
LSO,"Lesotho, Kingdom of",2020-02-01,0.2795073253811785
LSO,"Lesotho, Kingdom of",2020-03-01,0.2459278869449874
LSO,"Lesotho, Kingdom of",2020-04-01,0.6901602711006576
LSO,"Lesotho, Kingdom of",2020-05-01,0.3324414342310576
LSO,"Lesotho, Kingdom of",2020-06-01,1.194058884016638
LSO,"Lesotho, Kingdom of",2020-07-01,0.7277829352451448
LSO,"Lesotho, Kingdom of",2020-08-01,0.6997303223837956
LSO,"Lesotho, Kingdom of",2020-09-01,0.206496882947096
LSO,"Lesotho, Kingdom of",2020-10-01,0.02257697244203096
LSO,"Lesotho, Kingdom of",2020-11-01,0.3377051476882056
LSO,"Lesotho, Kingdom of",2020-12-01,0.268506636087057
LSO,"Lesotho, Kingdom of",2021-01-01,0.3093417806645134
LSO,"Lesotho, Kingdom of",2021-02-01,0.4328429323981935
LSO,"Lesotho, Kingdom of",2021-03-01,1.05510023426639
LSO,"Lesotho, Kingdom of",2021-04-01,0.95788784131272
LSO,"Lesotho, Kingdom of",2021-05-01,0.4526427035361809
LSO,"Lesotho, Kingdom of",2021-06-01,0.3825981256053732
LSO,"Lesotho, Kingdom of",2021-07-01,0.1987346366573649
LSO,"Lesotho, Kingdom of",2021-08-01,0.4356450712563638
LSO,"Lesotho, Kingdom of",2021-09-01,0.4195062532358357
LSO,"Lesotho, Kingdom of",2021-10-01,0.7558639104721875
LSO,"Lesotho, Kingdom of",2021-11-01,0.6000195629551748
LSO,"Lesotho, Kingdom of",2021-12-01,0.6310446472529401
LSO,"Lesotho, Kingdom of",2022-01-01,1.012622404379797
LSO,"Lesotho, Kingdom of",2022-02-01,0.3488277229226767
LSO,"Lesotho, Kingdom of",2022-03-01,0.7847292714692385
LSO,"Lesotho, Kingdom of",2022-04-01,1.062527148082332
LSO,"Lesotho, Kingdom of",2022-05-01,0.9261473915897496
LSO,"Lesotho, Kingdom of",2022-06-01,1.302574718901001
LSO,"Lesotho, Kingdom of",2022-07-01,1.140415120493759
LSO,"Lesotho, Kingdom of",2022-08-01,0.05364823593408134
LSO,"Lesotho, Kingdom of",2022-09-01,0.1903461264795893
LSO,"Lesotho, Kingdom of",2022-10-01,0.1129863110683201
LSO,"Lesotho, Kingdom of",2022-11-01,0.2516952601241271
LSO,"Lesotho, Kingdom of",2022-12-01,0.5318072181146475
LSO,"Lesotho, Kingdom of",2023-01-01,-0.05524853406034158
LSO,"Lesotho, Kingdom of",2023-02-01,0.8775135192192486
LSO,"Lesotho, Kingdom of",2023-03-01,0.2592457683557257
LSO,"Lesotho, Kingdom of",2023-04-01,0.9107702893490344
LSO,"Lesotho, Kingdom of",2023-05-01,1.102371296106843
LSO,"Lesotho, Kingdom of",2023-06-01,0.05730726686519656
LSO,"Lesotho, Kingdom of",2023-07-01,0.09830362619876729
LSO,"Lesotho, Kingdom of",2023-08-01,0.7511510472481079
LSO,"Lesotho, Kingdom of",2023-09-01,0.7968792095513527
LSO,"Lesotho, Kingdom of",2023-10-01,0.741954785312504
LSO,"Lesotho, Kingdom of",2023-11-01,0.5445632612816227
LSO,"Lesotho, Kingdom of",2023-12-01,0.8726402262474743
LSO,"Lesotho, Kingdom of",2024-01-01,0.8840006678665323
LSO,"Lesotho, Kingdom of",2024-02-01,0.03001856656296432
LSO,"Lesotho, Kingdom of",2024-03-01,0.405727172943117
LSO,"Lesotho, Kingdom of",2024-04-01,0.6421637232807351
LSO,"Lesotho, Kingdom of",2024-05-01,0.2905435724797917
LSO,"Lesotho, Kingdom of",2024-06-01,0.291474515354943
LSO,"Lesotho, Kingdom of",2024-07-01,0.2144547937916424
LSO,"Lesotho, Kingdom of",2024-08-01,0.1672421015772259
LSO,"Lesotho, Kingdom of",2024-09-01,0.04753098567198966
LSO,"Lesotho, Kingdom of",2024-10-01,0.1806749972681999
LSO,"Lesotho, Kingdom of",2024-11-01,0.2903268931557948
LSO,"Lesotho, Kingdom of",2024-12-01,0.2345887314280384
ARM,"Armenia, Republic of",2019-01-01,1.83386642392968
ARM,"Armenia, Republic of",2019-02-01,0.6170260626232389
ARM,"Armenia, Republic of",2019-03-01,0.1109239763574036
ARM,"Armenia, Republic of",2019-04-01,-0.07371443674313106
ARM,"Armenia, Republic of",2019-05-01,-0.4439392939864928
ARM,"Armenia, Republic of",2019-06-01,-1.909741417769653
ARM,"Armenia, Republic of",2019-07-01,-1.943956019704705
ARM,"Armenia, Republic of",2019-08-01,-0.441296346726257
ARM,"Armenia, Republic of",2019-09-01,0.1950583831198736
ARM,"Armenia, Republic of",2019-10-01,0.5502079480506731
ARM,"Armenia, Republic of",2019-11-01,1.051401862534011
ARM,"Armenia, Republic of",2019-12-01,1.252837325457974
ARM,"Armenia, Republic of",2020-01-01,1.377328547749047
ARM,"Armenia, Republic of",2020-02-01,-0.203180457118242
ARM,"Armenia, Republic of",2020-03-01,0.544368230143714
ARM,"Armenia, Republic of",2020-04-01,0.8922838187538186
ARM,"Armenia, Republic of",2020-05-01,-0.1452510275393449
ARM,"Armenia, Republic of",2020-06-01,-1.405978866033398
ARM,"Armenia, Republic of",2020-07-01,-2.097038595670166
ARM,"Armenia, Republic of",2020-08-01,-0.1490983627615215
ARM,"Armenia, Republic of",2020-09-01,-0.182880640380984
ARM,"Armenia, Republic of",2020-10-01,0.4624303209753805
ARM,"Armenia, Republic of",2020-11-01,1.265235142035039
ARM,"Armenia, Republic of",2020-12-01,3.351734771895274
ARM,"Armenia, Republic of",2021-01-01,2.209328348172403
ARM,"Armenia, Republic of",2021-02-01,0.5723205791905044
ARM,"Armenia, Republic of",2021-03-01,0.97800035987824
ARM,"Armenia, Republic of",2021-04-01,1.250820956649187
ARM,"Armenia, Republic of",2021-05-01,-0.3862643458082496
ARM,"Armenia, Republic of",2021-06-01,-0.843699023892246
ARM,"Armenia, Republic of",2021-07-01,-0.5177138699137264
ARM,"Armenia, Republic of",2021-08-01,0.3672664341357965
ARM,"Armenia, Republic of",2021-09-01,-0.08537080117676055
ARM,"Armenia, Republic of",2021-10-01,0.6611991400964332
ARM,"Armenia, Republic of",2021-11-01,1.685300090342397
ARM,"Armenia, Republic of",2021-12-01,1.577058485610708
ARM,"Armenia, Republic of",2022-01-01,1.641179876843431
ARM,"Armenia, Republic of",2022-02-01,0.07103037144342692
ARM,"Armenia, Republic of",2022-03-01,1.753829974432701
ARM,"Armenia, Republic of",2022-04-01,2.253750398670301
ARM,"Armenia, Republic of",2022-05-01,0.1291751989521951
ARM,"Armenia, Republic of",2022-06-01,0.3282901897630065
ARM,"Armenia, Republic of",2022-07-01,-1.377271101746602
ARM,"Armenia, Republic of",2022-08-01,0.190185227910837
ARM,"Armenia, Republic of",2022-09-01,0.6345677022296681
ARM,"Armenia, Republic of",2022-10-01,0.2601217279882004
ARM,"Armenia, Republic of",2022-11-01,1.097814201258779
ARM,"Armenia, Republic of",2022-12-01,1.07127280394232
ARM,"Armenia, Republic of",2023-01-01,1.405263275319874
ARM,"Armenia, Republic of",2023-02-01,0.07022570141403853
ARM,"Armenia, Republic of",2023-03-01,-0.6953728242380125
ARM,"Armenia, Republic of",2023-04-01,0.1080027413751775
ARM,"Armenia, Republic of",2023-05-01,-1.761897875642837
ARM,"Armenia, Republic of",2023-06-01,-1.44937305227077
ARM,"Armenia, Republic of",2023-07-01,-0.9738678940665446
ARM,"Armenia, Republic of",2023-08-01,0.1222646590646762
ARM,"Armenia, Republic of",2023-09-01,0.8805316388677957
ARM,"Armenia, Republic of",2023-10-01,0.3064794014794841
ARM,"Armenia, Republic of",2023-11-01,0.4810499643295855
ARM,"Armenia, Republic of",2023-12-01,0.9378484707369354
ARM,"Armenia, Republic of",2024-01-01,1.161057063182425
ARM,"Armenia, Republic of",2024-02-01,-0.7288087919542271
ARM,"Armenia, Republic of",2024-03-01,-0.2410540673136858
ARM,"Armenia, Republic of",2024-04-01,0.5872536479701868
ARM,"Armenia, Republic of",2024-05-01,-0.7799227292263702
ARM,"Armenia, Republic of",2024-06-01,-0.9337210886042856
ARM,"Armenia, Republic of",2024-07-01,-0.3816342340870952
ARM,"Armenia, Republic of",2024-08-01,0.07986112797665665
ARM,"Armenia, Republic of",2024-09-01,0.1638735611189054
ARM,"Armenia, Republic of",2024-10-01,0.2839411258779887
ARM,"Armenia, Republic of",2024-11-01,1.253221908542485
ARM,"Armenia, Republic of",2024-12-01,1.013371716896198
LAO,Lao People's Democratic Republic,2019-01-01,0.287416755895944
LAO,Lao People's Democratic Republic,2019-02-01,0.4442417840352569
LAO,Lao People's Democratic Republic,2019-03-01,0.2543438453253119
LAO,Lao People's Democratic Republic,2019-04-01,0.7199036056923565
LAO,Lao People's Democratic Republic,2019-05-01,0.5372549248436073
LAO,Lao People's Democratic Republic,2019-06-01,0.2511288325037162
LAO,Lao People's Democratic Republic,2019-07-01,0.7947523640367499
LAO,Lao People's Democratic Republic,2019-08-01,0.7642597474103047
LAO,Lao People's Democratic Republic,2019-09-01,1.309946298012873
LAO,Lao People's Democratic Republic,2019-10-01,0.7175066979932526
LAO,Lao People's Democratic Republic,2019-11-01,0.3584947344907665
LAO,Lao People's Democratic Republic,2019-12-01,-0.3203225972797213
LAO,Lao People's Democratic Republic,2020-01-01,0.9031593321202704
LAO,Lao People's Democratic Republic,2020-02-01,-0.2094529727370338
LAO,Lao People's Democratic Republic,2020-03-01,0.1598291007943709
LAO,Lao People's Democratic Republic,2020-04-01,0.474711654390019
LAO,Lao People's Democratic Republic,2020-05-01,0.181436049674355
LAO,Lao People's Democratic Republic,2020-06-01,0.0789502587916585
LAO,Lao People's Democratic Republic,2020-07-01,0.64028815183137755
LAO,Lao People's Democratic Republic,2020-08-01,1.451183442499217
LAO,Lao People's Democratic Republic,2020-09-01,0.155555893961869
LAO,Lao People's Democratic Republic,2020-10-01,-0.2446470563100777
LAO,Lao People's Democratic Republic,2020-11-01,-0.4083750118500654
LAO,Lao People's Democratic Republic,2020-12-01,0.01203721760483815
LAO,Lao People's Democratic Republic,2021-01-01,-0.2489285311217461
LAO,Lao People's Democratic Republic,2021-02-01,-0.3035644938426195
LAO,Lao People's Democratic Republic,2021-03-01,0.6806449382413134
LAO,Lao People's Democratic Republic,2021-04-01,1.210277829966773
LAO,Lao People's Democratic Republic,2021-05-01,0.5137166023979792
LAO,Lao People's Democratic Republic,2021-06-01,0.4502544790983018
LAO,Lao People's Democratic Republic,2021-07-01,1.354271539684885
LAO,Lao People's Democratic Republic,2021-08-01,0.5938168201818943
LAO,Lao People's Democratic Republic,2021-09-01,0.5017081267469287
LAO,Lao People's Democratic Republic,2021-10-01,0.2813949658129102
LAO,Lao People's Democratic Republic,2021-11-01,-0.1036347921054383
LAO,Lao People's Democratic Republic,2021-12-01,0.2293858039646651
LAO,Lao People's Democratic Republic,2022-01-01,0.677218982795337
LAO,Lao People's Democratic Republic,2022-02-01,0.6941346361950026
LAO,Lao People's Democratic Republic,2022-03-01,1.838024045078058
LAO,Lao People's Democratic Republic,2022-04-01,2.442851162478802
LAO,Lao People's Democratic Republic,2022-05-01,3.180871316164408
LAO,Lao People's Democratic Republic,2022-06-01,10.09114326485995
LAO,Lao People's Democratic Republic,2022-07-01,2.952104190541896
LAO,Lao People's Democratic Republic,2022-08-01,4.164580765473447
LAO,Lao People's Democratic Republic,2022-09-01,3.62435432024522
LAO,Lao People's Democratic Republic,2022-10-01,2.306241657304583
LAO,Lao People's Democratic Republic,2022-11-01,1.139629548873446
LAO,Lao People's Democratic Republic,2022-12-01,0.815302583827415
LAO,Lao People's Democratic Republic,2023-01-01,1.426178802974359
LAO,Lao People's Democratic Republic,2023-02-01,1.378778747204522
LAO,Lao People's Democratic Republic,2023-03-01,1.635651887757597
LAO,Lao People's Democratic Republic,2023-04-01,1.657055184056509
LAO,Lao People's Democratic Republic,2023-05-01,2.418088535491488
LAO,Lao People's Democratic Republic,2023-06-01,1.986106674493536
LAO,Lao People's Democratic Republic,2023-07-01,2.280194757766064
LAO,Lao People's Democratic Republic,2023-08-01,2.603517362953675
LAO,Lao People's Democratic Republic,2023-09-01,3.469554822279169
LAO,Lao People's Democratic Republic,2023-10-01,2.415344502916376
LAO,Lao People's Democratic Republic,2023-11-01,0.6688048739490945
LAO,Lao People's Democratic Republic,2023-12-01,0.112159854564535
LAO,Lao People's Democratic Republic,2024-01-01,1.487477193118926
LAO,Lao People's Democratic Republic,2024-02-01,2.120689363152789
LAO,Lao People's Democratic Republic,2024-03-01,1.334850864958996
LAO,Lao People's Democratic Republic,2024-04-01,1.604551618735339
LAO,Lao People's Democratic Republic,2024-05-01,3.118154805662465
LAO,Lao People's Democratic Republic,2024-06-01,2.297427072468317
LAO,Lao People's Democratic Republic,2024-07-01,2.220764748484315
LAO,Lao People's Democratic Republic,2024-08-01,1.142867006655104
LAO,Lao People's Democratic Republic,2024-09-01,1.350685418985213
LAO,Lao People's Democratic Republic,2024-10-01,1.559431066865799
LAO,Lao People's Democratic Republic,2024-11-01,-1.335975406761122
LAO,Lao People's Democratic Republic,2024-12-01,-1.110331706468836
BIH,Bosnia and Herzegovina,2019-01-01,0.1296189105085316
BIH,Bosnia and Herzegovina,2019-02-01,0.3843018286205551
BIH,Bosnia and Herzegovina,2019-03-01,0.1096614277248502
BIH,Bosnia and Herzegovina,2019-04-01,-0.3331471590059864
BIH,Bosnia and Herzegovina,2019-05-01,0.2276090688450838
BIH,Bosnia and Herzegovina,2019-06-01,-0.4930666501293943
BIH,Bosnia and Herzegovina,2019-07-01,-0.560601773903478
BIH,Bosnia and Herzegovina,2019-08-01,-0.2938686504624402
BIH,Bosnia and Herzegovina,2019-09-01,0.448587537926899
BIH,Bosnia and Herzegovina,2019-10-01,0.7539088535122319
BIH,Bosnia and Herzegovina,2019-11-01,0.07078473455231613
BIH,Bosnia and Herzegovina,2019-12-01,-0.1543749587463216
BIH,Bosnia and Herzegovina,2020-01-01,0.5095244767112583
BIH,Bosnia and Herzegovina,2020-02-01,0.06243508616238227
BIH,Bosnia and Herzegovina,2020-03-01,-0.09437905059776668
BIH,Bosnia and Herzegovina,2020-04-01,-1.620296720519438
BIH,Bosnia and Herzegovina,2020-05-01,-0.7793721901476495
BIH,Bosnia and Herzegovina,2020-06-01,0.130882151738791
BIH,Bosnia and Herzegovina,2020-07-01,-0.341295556727702
BIH,Bosnia and Herzegovina,2020-08-01,-0.2112048455129808
BIH,Bosnia and Herzegovina,2020-09-01,0.1311332315653247
BIH,Bosnia and Herzegovina,2020-10-01,0.7159497584073145
BIH,Bosnia and Herzegovina,2020-11-01,0.06531580492212694
BIH,Bosnia and Herzegovina,2020-12-01,-0.1743954973525322
BIH,Bosnia and Herzegovina,2021-01-01,0.4114780616906202
BIH,Bosnia and Herzegovina,2021-02-01,0.4663217610163397
BIH,Bosnia and Herzegovina,2021-03-01,0.7572255542002309
BIH,Bosnia and Herzegovina,2021-04-01,-0.2844524955452549
BIH,Bosnia and Herzegovina,2021-05-01,-4.947345402877178e-4
BIH,Bosnia and Herzegovina,2021-06-01,0.1198252984748248
BIH,Bosnia and Herzegovina,2021-07-01,-0.1249198249936502
BIH,Bosnia and Herzegovina,2021-08-01,0.2425327904134734
BIH,Bosnia and Herzegovina,2021-09-01,0.7457780375031094
BIH,Bosnia and Herzegovina,2021-10-01,1.994922549777531
BIH,Bosnia and Herzegovina,2021-11-01,1.187471840653403
BIH,Bosnia and Herzegovina,2021-12-01,0.6734946530562644
BIH,Bosnia and Herzegovina,2022-01-01,1.014328474188188
BIH,Bosnia and Herzegovina,2022-02-01,1.488290286623312
BIH,Bosnia and Herzegovina,2022-03-01,2.754750235488049
BIH,Bosnia and Herzegovina,2022-04-01,2.378673847478763
BIH,Bosnia and Herzegovina,2022-05-01,1.093543146249373
BIH,Bosnia and Herzegovina,2022-06-01,1.373290846688256
BIH,Bosnia and Herzegovina,2022-07-01,0.6645022845465676
BIH,Bosnia and Herzegovina,2022-08-01,0.2453820288813377
BIH,Bosnia and Herzegovina,2022-09-01,1.223568684217647
BIH,Bosnia and Herzegovina,2022-10-01,2.110496600702162
BIH,Bosnia and Herzegovina,2022-11-01,0.1843057856310203
BIH,Bosnia and Herzegovina,2022-12-01,-0.6431894751110088
BIH,Bosnia and Herzegovina,2023-01-01,0.4551278310915261
BIH,Bosnia and Herzegovina,2023-02-01,0.3809908707813463
BIH,Bosnia and Herzegovina,2023-03-01,0.4279557553569857
BIH,Bosnia and Herzegovina,2023-04-01,0.09795114128904352
BIH,Bosnia and Herzegovina,2023-05-01,-0.2065743838035306
BIH,Bosnia and Herzegovina,2023-06-01,-0.1617507754450787
BIH,Bosnia and Herzegovina,2023-07-01,-0.1843902955045711
BIH,Bosnia and Herzegovina,2023-08-01,0.9830848107323285
BIH,Bosnia and Herzegovina,2023-09-01,0.6112013485018261
BIH,Bosnia and Herzegovina,2023-10-01,0.1239690310115151
BIH,Bosnia and Herzegovina,2023-11-01,-0.1532267371039506
BIH,Bosnia and Herzegovina,2023-12-01,-0.2000943886887677
BIH,Bosnia and Herzegovina,2024-01-01,0.2367665284188194
BIH,Bosnia and Herzegovina,2024-02-01,0.5378047968368767
BIH,Bosnia and Herzegovina,2024-03-01,0.2718132963467208
BIH,Bosnia and Herzegovina,2024-04-01,0.119143124558287
BIH,Bosnia and Herzegovina,2024-05-01,-0.1620071718778444
BIH,Bosnia and Herzegovina,2024-06-01,-0.5438196843616409
BIH,Bosnia and Herzegovina,2024-07-01,-0.01497076697560886
BIH,Bosnia and Herzegovina,2024-08-01,0.5135661863026598
BIH,Bosnia and Herzegovina,2024-09-01,0.100770475923424
BIH,Bosnia and Herzegovina,2024-10-01,0.236273797482558
BIH,Bosnia and Herzegovina,2024-11-01,0.4318167744025304
BIH,Bosnia and Herzegovina,2024-12-01,0.4096439449454981
DZA,Algeria,2019-01-01,0.3843121797398502
DZA,Algeria,2019-02-01,-0.4859134190635123
DZA,Algeria,2019-03-01,0.93711467324291
DZA,Algeria,2019-04-01,0.01465917419985341
DZA,Algeria,2019-05-01,0.986906390463162
DZA,Algeria,2019-06-01,-0.2805999032414127
DZA,Algeria,2019-07-01,-0.6986221618474675
DZA,Algeria,2019-08-01,1.050420168067227
DZA,Algeria,2019-09-01,1.223226804622153
DZA,Algeria,2019-10-01,-0.1050821551394727
DZA,Algeria,2019-11-01,-0.6168117050779383
DZA,Algeria,2019-12-01,0.02405580947798893
DZA,Algeria,2020-01-01,-0.1154401154401154
DZA,Algeria,2020-02-01,-0.5826832322064914
DZA,Algeria,2020-03-01,1.240009687575684
DZA,Algeria,2020-04-01,0.2822831443471604
DZA,Algeria,2020-05-01,0.9685114503816794
DZA,Algeria,2020-06-01,0.1606577517365213
DZA,Algeria,2020-07-01,-1.094494503939237
DZA,Algeria,2020-08-01,0.1144765084664918
DZA,Algeria,2020-09-01,1.133927295249893
DZA,Algeria,2020-10-01,1.677109341875913
DZA,Algeria,2020-11-01,-0.3891951999258676
DZA,Algeria,2020-12-01,0.1023303409460905
DZA,Algeria,2021-01-01,0.5761814042098417
DZA,Algeria,2021-02-01,0.4204204204204204
DZA,Algeria,2021-03-01,1.80345969819654
DZA,Algeria,2021-04-01,1.518438177874187
DZA,Algeria,2021-05-01,-0.1112891737891738
DZA,Algeria,2021-06-01,-0.4634787646508311
DZA,Algeria,2021-07-01,0.7118871725990598
DZA,Algeria,2021-08-01,1.422601582644261
DZA,Algeria,2021-09-01,1.994389410011397
DZA,Algeria,2021-10-01,1.246293351669603
DZA,Algeria,2021-11-01,-0.2589244025637761
DZA,Algeria,2021-12-01,-0.6426078815218316
DZA,Algeria,2022-01-01,1.083651004411702
DZA,Algeria,2022-02-01,0.576271186440678
DZA,Algeria,2022-03-01,1.900067408156387
DZA,Algeria,2022-04-01,2.15818414850953
DZA,Algeria,2022-05-01,-0.5301711926828281
DZA,Algeria,2022-06-01,0.707950199365286
DZA,Algeria,2022-07-01,-0.5979314802844214
DZA,Algeria,2022-08-01,1.853357177694684
DZA,Algeria,2022-09-01,0.8818834796488428
DZA,Algeria,2022-10-01,0.7199082314781852
DZA,Algeria,2022-11-01,-0.1767270156697954
DZA,Algeria,2022-12-01,0.3894877645762845
DZA,Algeria,2023-01-01,1.101226633224909
DZA,Algeria,2023-02-01,1.08923172338941
DZA,Algeria,2023-03-01,2.105142068330841
DZA,Algeria,2023-04-01,1.979119723599219
DZA,Algeria,2023-05-01,-0.3167004234947523
DZA,Algeria,2023-06-01,-0.2068787173519524
DZA,Algeria,2023-07-01,-0.3812978936067819
DZA,Algeria,2023-08-01,2.177629134150873
DZA,Algeria,2023-09-01,0.6837358161187082
DZA,Algeria,2023-10-01,-0.4948706834272504
DZA,Algeria,2023-11-01,0.5082223109594511
DZA,Algeria,2023-12-01,-0.6140065734821396
DZA,Algeria,2024-01-01,-0.3088999527564778
DZA,Algeria,2024-02-01,-0.5796150481189851
DZA,Algeria,2024-03-01,1.602317310160232
DZA,Algeria,2024-04-01,0.2742692168892097
DZA,Algeria,2024-05-01,0.1439573886129706
DZA,Algeria,2024-06-01,1.329691655286423
DZA,Algeria,2024-07-01,0.8299049510568876
DZA,Algeria,2024-08-01,1.023566654941963
DZA,Algeria,2024-09-01,0.07659900421294523
DZA,Algeria,2024-10-01,-0.09393591483143722
DZA,Algeria,2024-11-01,-0.5954868366067697
DZA,Algeria,2024-12-01,-0.7251707829742512
BFA,Burkina Faso,2019-01-01,-2.173080605016274
BFA,Burkina Faso,2019-02-01,-0.4109991192876015
BFA,Burkina Faso,2019-03-01,0.5011299990173922
BFA,Burkina Faso,2019-04-01,0.4692999608916699
BFA,Burkina Faso,2019-05-01,0.5157648890618918
BFA,Burkina Faso,2019-06-01,-0.2904443799012489
BFA,Burkina Faso,2019-07-01,0.2233226526847267
BFA,Burkina Faso,2019-08-01,-1.491958922689401
BFA,Burkina Faso,2019-09-01,-0.2065302911093627
BFA,Burkina Faso,2019-10-01,0.5420321277224796
BFA,Burkina Faso,2019-11-01,-0.7449519702019212
BFA,Burkina Faso,2019-12-01,0.5234050957930081
BFA,Burkina Faso,2020-01-01,-0.5206798310246586
BFA,Burkina Faso,2020-02-01,0.9579300809796564
BFA,Burkina Faso,2020-03-01,-0.2543284750073364
BFA,Burkina Faso,2020-04-01,-0.4314994606256742
BFA,Burkina Faso,2020-05-01,3.916873441568009
BFA,Burkina Faso,2020-06-01,-1.285984964553053
BFA,Burkina Faso,2020-07-01,0.4896783485357657
BFA,Burkina Faso,2020-08-01,1.137015096502962
BFA,Burkina Faso,2020-09-01,0.1606046291922532
BFA,Burkina Faso,2020-10-01,0.6319562346727033
BFA,Burkina Faso,2020-11-01,-0.815446621051645
BFA,Burkina Faso,2020-12-01,-1.578151578151578
BFA,Burkina Faso,2021-01-01,0.1728276524243879
BFA,Burkina Faso,2021-02-01,-0.4217387136969232
BFA,Burkina Faso,2021-03-01,0.6256617576282607
BFA,Burkina Faso,2021-04-01,1.559211784962694
BFA,Burkina Faso,2021-05-01,1.676556466045022
BFA,Burkina Faso,2021-06-01,-0.1296896711440482
BFA,Burkina Faso,2021-07-01,-1.818013171319915
BFA,Burkina Faso,2021-08-01,2.805857345299953
BFA,Burkina Faso,2021-09-01,1.718434111376585
BFA,Burkina Faso,2021-10-01,0.1535820760682989
BFA,Burkina Faso,2021-11-01,1.136568645138012
BFA,Burkina Faso,2021-12-01,0.3121655369247235
BFA,Burkina Faso,2022-01-01,-0.5868231528407575
BFA,Burkina Faso,2022-02-01,2.307485913603434
BFA,Burkina Faso,2022-03-01,3.715359734242504
BFA,Burkina Faso,2022-04-01,3.017532029669589
BFA,Burkina Faso,2022-05-01,1.873670430371461
BFA,Burkina Faso,2022-06-01,1.959681953256767
BFA,Burkina Faso,2022-07-01,0.9294998030720756
BFA,Burkina Faso,2022-08-01,0.3121829392023726
BFA,Burkina Faso,2022-09-01,0.295650820820042
BFA,Burkina Faso,2022-10-01,-1.093786362578543
BFA,Burkina Faso,2022-11-01,-1.333333333333333
BFA,Burkina Faso,2022-12-01,-2.034976152623211
BFA,Burkina Faso,2023-01-01,-1.817591691009413
BFA,Burkina Faso,2023-02-01,0.2727272727272727
BFA,Burkina Faso,2023-03-01,0.593422896233413
BFA,Burkina Faso,2023-04-01,0.368701351904957
BFA,Burkina Faso,2023-05-01,1.289795918367347
BFA,Burkina Faso,2023-06-01,1.57567281592521
BFA,Burkina Faso,2023-07-01,0.4936212019669252
BFA,Burkina Faso,2023-08-01,-0.515955106530871
BFA,Burkina Faso,2023-09-01,-0.3176496520323462
BFA,Burkina Faso,2023-10-01,-0.0578685372298254
BFA,Burkina Faso,2023-11-01,0.6288143815795456
BFA,Burkina Faso,2023-12-01,-1.425669241251265
BFA,Burkina Faso,2024-01-01,1.308322569919166
BFA,Burkina Faso,2024-02-01,-1.179352795332816
BFA,Burkina Faso,2024-03-01,0.4597243233644344
BFA,Burkina Faso,2024-04-01,1.467649270536095
BFA,Burkina Faso,2024-05-01,1.000415455397342
BFA,Burkina Faso,2024-06-01,0.5632211517215318
BFA,Burkina Faso,2024-07-01,2.368604836568919
BFA,Burkina Faso,2024-08-01,0.8388555017107174
BFA,Burkina Faso,2024-09-01,0.08364172564380006
BFA,Burkina Faso,2024-10-01,0.08947154331823971
BFA,Burkina Faso,2024-11-01,-1.935041367799406
BFA,Burkina Faso,2024-12-01,-0.2251378289991407
NGA,Nigeria,2019-01-01,0.73784797330605
NGA,Nigeria,2019-02-01,0.7300992859129402
NGA,Nigeria,2019-03-01,0.7865991107375025
NGA,Nigeria,2019-04-01,0.9441418337557616
NGA,Nigeria,2019-05-01,1.111360653824496
NGA,Nigeria,2019-06-01,1.074451044400758
NGA,Nigeria,2019-07-01,1.011353770851421
NGA,Nigeria,2019-08-01,0.985718100351862
NGA,Nigeria,2019-09-01,1.043228657696064
NGA,Nigeria,2019-10-01,1.068237230910716
NGA,Nigeria,2019-11-01,1.023682013810292
NGA,Nigeria,2019-12-01,0.8542286980263583
NGA,Nigeria,2020-01-01,0.8734494763901641
NGA,Nigeria,2020-02-01,0.7895926140949501
NGA,Nigeria,2020-03-01,0.839410649894487
NGA,Nigeria,2020-04-01,1.019802396593016
NGA,Nigeria,2020-05-01,1.167868386774734
NGA,Nigeria,2020-06-01,1.213352038122499
NGA,Nigeria,2020-07-01,1.246473314028425
NGA,Nigeria,2020-08-01,1.342680035066993
NGA,Nigeria,2020-09-01,1.477957091251289
NGA,Nigeria,2020-10-01,1.535873705340532
NGA,Nigeria,2020-11-01,1.602516146211439
NGA,Nigeria,2020-12-01,1.614560760263975
NGA,Nigeria,2021-01-01,1.494760012312466
NGA,Nigeria,2021-02-01,1.541232078361756
NGA,Nigeria,2021-03-01,1.558287031633718
NGA,Nigeria,2021-04-01,0.9730994335504262
NGA,Nigeria,2021-05-01,1.010567861889006
NGA,Nigeria,2021-06-01,1.056876082904467
NGA,Nigeria,2021-07-01,0.9251892231421464
NGA,Nigeria,2021-08-01,1.024973698818349
NGA,Nigeria,2021-09-01,1.14903858719297
NGA,Nigeria,2021-10-01,0.981933315996593
NGA,Nigeria,2021-11-01,1.078815685439392
NGA,Nigeria,2021-12-01,1.81690529745507
NGA,Nigeria,2022-01-01,1.47286417518673
NGA,Nigeria,2022-02-01,1.630740088164298
NGA,Nigeria,2022-03-01,1.744991831224301
NGA,Nigeria,2022-04-01,1.760272323474911
NGA,Nigeria,2022-05-01,1.782713374520674
NGA,Nigeria,2022-06-01,1.81564226434021
NGA,Nigeria,2022-07-01,1.816533203634399
NGA,Nigeria,2022-08-01,1.769572271862517
NGA,Nigeria,2022-09-01,1.357879821459589
NGA,Nigeria,2022-10-01,1.243997477674065
NGA,Nigeria,2022-11-01,1.394792671795919
NGA,Nigeria,2022-12-01,1.714770860787326
NGA,Nigeria,2023-01-01,1.868014292116349
NGA,Nigeria,2023-02-01,1.708670376892427
NGA,Nigeria,2023-03-01,1.856444044305495
NGA,Nigeria,2023-04-01,1.909500224706602
NGA,Nigeria,2023-05-01,1.941907762109047
NGA,Nigeria,2023-06-01,2.128441044987044
NGA,Nigeria,2023-07-01,2.886250353463638
NGA,Nigeria,2023-08-01,3.178903513986862
NGA,Nigeria,2023-09-01,2.097524221178851
NGA,Nigeria,2023-10-01,1.734486027425325
NGA,Nigeria,2023-11-01,2.087948743229018
NGA,Nigeria,2023-12-01,2.287304765618793
NGA,Nigeria,2024-01-01,2.640206844088667
NGA,Nigeria,2024-02-01,3.117391648426576
NGA,Nigeria,2024-03-01,3.019030854221017
NGA,Nigeria,2024-04-01,2.286861724010148
NGA,Nigeria,2024-05-01,2.144698630468745
NGA,Nigeria,2024-06-01,2.304335969457322
NGA,Nigeria,2024-07-01,2.2790883646541382
NGA,Nigeria,2024-08-01,2.212617670457389
NGA,Nigeria,2024-09-01,2.519467776471898
NGA,Nigeria,2024-10-01,2.639616045795602
NGA,Nigeria,2024-11-01,2.632997826330715
NGA,Nigeria,2024-12-01,2.443631212371621
CYP,Cyprus,2019-01-01,-0.9433025518816404
CYP,Cyprus,2019-02-01,0.03007217321571772
CYP,Cyprus,2019-03-01,0.83174666800280594
CYP,Cyprus,2019-04-01,0.4174120453190221
CYP,Cyprus,2019-05-01,0.1385589865399842
CYP,Cyprus,2019-06-01,0.1087171377742637
CYP,Cyprus,2019-07-01,-1.253825649126271
CYP,Cyprus,2019-08-01,0.2999400119976005
CYP,Cyprus,2019-09-01,0.5681818181818182
CYP,Cyprus,2019-10-01,0.3964714044999504
CYP,Cyprus,2019-11-01,0.3060519301016882
CYP,Cyprus,2019-12-01,-0.1673228346456693
CYP,Cyprus,2020-01-01,-0.5915409642117717
CYP,Cyprus,2020-02-01,0.3967073291679064
CYP,Cyprus,2020-03-01,0.108663439691791
CYP,Cyprus,2020-04-01,-1.499901322281429
CYP,Cyprus,2020-05-01,-0.1302344219595271
CYP,Cyprus,2020-06-01,-0.4213060487511285
CYP,Cyprus,2020-07-01,-0.7555152614082804
CYP,Cyprus,2020-08-01,0.5887129516849371
CYP,Cyprus,2020-09-01,0.8577194752774975
CYP,Cyprus,2020-10-01,0.560280140070035
CYP,Cyprus,2020-11-01,0.4676151626703811
CYP,Cyprus,2020-12-01,-0.7031095266389384
CYP,Cyprus,2021-01-01,-1.057145706592201
CYP,Cyprus,2021-02-01,0.1108759197661526
CYP,Cyprus,2021-03-01,1.298832057994362
CYP,Cyprus,2021-04-01,0.8150283272040553
CYP,Cyprus,2021-05-01,0.6309770284925564
CYP,Cyprus,2021-06-01,0.3135103360438914
CYP,Cyprus,2021-07-01,0.1074323664420354
CYP,Cyprus,2021-08-01,1.551219512195122
CYP,Cyprus,2021-09-01,-0.05764242482467096
CYP,Cyprus,2021-10-01,0.7305584927424781
CYP,Cyprus,2021-11-01,0.5439450329229888
CYP,Cyprus,2021-12-01,-0.2467729688686409
CYP,Cyprus,2022-01-01,-0.5042816365366318
CYP,Cyprus,2022-02-01,1.214497465812374
CYP,Cyprus,2022-03-01,1.832955404383976
CYP,Cyprus,2022-04-01,2.393765077008721
CYP,Cyprus,2022-05-01,0.9151866618339978
CYP,Cyprus,2022-06-01,0.7811798509472928
CYP,Cyprus,2022-07-01,1.238417676407698
CYP,Cyprus,2022-08-01,-0.255214292000352
CYP,Cyprus,2022-09-01,-0.1941062290453503
CYP,Cyprus,2022-10-01,0.7867751060820368
CYP,Cyprus,2022-11-01,0.4736426629243049
CYP,Cyprus,2022-12-01,-0.9777389786119598
CYP,Cyprus,2023-01-01,-1.25187340209821
CYP,Cyprus,2023-02-01,0.7767163646103027
CYP,Cyprus,2023-03-01,1.018781006378455
CYP,Cyprus,2023-04-01,0.3157063930544594
CYP,Cyprus,2023-05-01,0.2884867558353003
CYP,Cyprus,2023-06-01,-0.296373779637378
CYP,Cyprus,2023-07-01,0.8043364224514775
CYP,Cyprus,2023-08-01,0.9019947961838682
CYP,Cyprus,2023-09-01,1.143200962695548
CYP,Cyprus,2023-10-01,0.2549502846944846
CYP,Cyprus,2023-11-01,-1.23760278036789
CYP,Cyprus,2023-12-01,-1.047120418848168
CYP,Cyprus,2024-01-01,-1.20565530401596
CYP,Cyprus,2024-02-01,0.9043020193151888
CYP,Cyprus,2024-03-01,0.4176455233620465
CYP,Cyprus,2024-04-01,1.4556797504549
CYP,Cyprus,2024-05-01,0.6405329233922624
CYP,Cyprus,2024-06-01,-0.1018329938900204
CYP,Cyprus,2024-07-01,0.00849473326537546
CYP,Cyprus,2024-08-01,0.3142784337042385
CYP,Cyprus,2024-09-01,0.3217612193056732
CYP,Cyprus,2024-10-01,0.1350438892640108
CYP,Cyprus,2024-11-01,-0.3624409979770735
CYP,Cyprus,2024-12-01,0.08459521191100584
VNM,Vietnam,2019-01-01,0.0982000000001004
VNM,Vietnam,2019-02-01,0.8015999999992819
VNM,Vietnam,2019-03-01,-0.2095999999994167
VNM,Vietnam,2019-04-01,0.3096999999996085
VNM,Vietnam,2019-05-01,0.4929999999997541
VNM,Vietnam,2019-06-01,-0.0921999999994748
VNM,Vietnam,2019-07-01,0.1815999999999812
VNM,Vietnam,2019-08-01,0.2800999999994641
VNM,Vietnam,2019-09-01,0.3153000000002502
VNM,Vietnam,2019-10-01,0.585100000000333
VNM,Vietnam,2019-11-01,0.9625999999994936
VNM,Vietnam,2019-12-01,1.399000000000011
VNM,Vietnam,2020-01-01,1.23280000000053
VNM,Vietnam,2020-02-01,-0.1670000000004367
VNM,Vietnam,2020-03-01,-0.7171999999999625
VNM,Vietnam,2020-04-01,-1.542900000000353
VNM,Vietnam,2020-05-01,-0.03019999999939208
VNM,Vietnam,2020-06-01,0.6583999999999474
VNM,Vietnam,2020-07-01,0.3992999999994375
VNM,Vietnam,2020-08-01,0.07429999999989673
VNM,Vietnam,2020-09-01,0.1245
VNM,Vietnam,2020-10-01,0.0858999999999767
VNM,Vietnam,2020-11-01,-0.00840000000000462
VNM,Vietnam,2020-12-01,0.102800000000053
VNM,Vietnam,2021-01-01,0.06239999999993182
VNM,Vietnam,2021-02-01,1.518100000000076
VNM,Vietnam,2021-03-01,-0.2677000000000001
VNM,Vietnam,2021-04-01,-0.03830000000007395
VNM,Vietnam,2021-05-01,0.1584000000000761
VNM,Vietnam,2021-06-01,0.1873999999999364
VNM,Vietnam,2021-07-01,0.6224000000000167
VNM,Vietnam,2021-08-01,0.2479000000000502
VNM,Vietnam,2021-09-01,-0.6155000000000568
VNM,Vietnam,2021-10-01,-0.2030999999999827
VNM,Vietnam,2021-11-01,0.3209000000000234
VNM,Vietnam,2021-12-01,-0.1815999999999954
VNM,Vietnam,2022-01-01,0.1915999999995346
VNM,Vietnam,2022-02-01,1.002400000000486
VNM,Vietnam,2022-03-01,0.701699999999926
VNM,Vietnam,2022-04-01,0.1844000000000584
VNM,Vietnam,2022-05-01,0.3778999999999187
VNM,Vietnam,2022-06-01,0.6854000000000277
VNM,Vietnam,2022-07-01,0.3953000000000396
VNM,Vietnam,2022-08-01,0.00500000000000519
VNM,Vietnam,2022-09-01,0.3980999999999595
VNM,Vietnam,2022-10-01,0.1452000000000354
VNM,Vietnam,2022-11-01,0.3872000000000492
VNM,Vietnam,2022-12-01,-0.01250000000001199
VNM,Vietnam,2023-01-01,0.5152999999999388
VNM,Vietnam,2023-02-01,0.448900000000059
VNM,Vietnam,2023-03-01,-0.2259000000000036
VNM,Vietnam,2023-04-01,-0.3425000000000467
VNM,Vietnam,2023-05-01,0.00749999999999178
VNM,Vietnam,2023-06-01,0.2674000000000134
VNM,Vietnam,2023-07-01,0.4548000000000181
VNM,Vietnam,2023-08-01,0.8810999999999478
VNM,Vietnam,2023-09-01,1.079900000000051
VNM,Vietnam,2023-10-01,0.08220000000005152
VNM,Vietnam,2023-11-01,0.2484999999999259
VNM,Vietnam,2023-12-01,0.115799999999969
VNM,Vietnam,2024-01-01,0.3114009743717529
VNM,Vietnam,2024-02-01,1.037299999999966
VNM,Vietnam,2024-03-01,-0.2326000000000193
VNM,Vietnam,2024-04-01,0.07309999999999094
VNM,Vietnam,2024-05-01,0.04689999999999944
VNM,Vietnam,2024-06-01,0.1653000000000532
VNM,Vietnam,2024-07-01,0.4753000000000202
VNM,Vietnam,2024-08-01,-7.000000000072222e-4
VNM,Vietnam,2024-09-01,0.2850000000000144
VNM,Vietnam,2024-10-01,0.3331999999999495
VNM,Vietnam,2024-11-01,0.1275000000000688
VNM,Vietnam,2024-12-01,0.2868999999999936
IRN,"Iran, Islamic Republic of",2019-01-01,2.021279692193421
IRN,"Iran, Islamic Republic of",2019-02-01,2.189042892507193
IRN,"Iran, Islamic Republic of",2019-03-01,3.910224297622655
IRN,"Iran, Islamic Republic of",2019-04-01,4.017041996348143
IRN,"Iran, Islamic Republic of",2019-05-01,1.521357519016964
IRN,"Iran, Islamic Republic of",2019-06-01,0.779287398707798
IRN,"Iran, Islamic Republic of",2019-07-01,2.772593163849198
IRN,"Iran, Islamic Republic of",2019-08-01,0
IRN,"Iran, Islamic Republic of",2019-09-01,1.112966054535329
IRN,"Iran, Islamic Republic of",2019-10-01,1.761144744083654
IRN,"Iran, Islamic Republic of",2019-11-01,1.568415359653874
IRN,"Iran, Islamic Republic of",2019-12-01,3.194888178913734
IRN,"Iran, Islamic Republic of",2020-01-01,0.8255933952528284
IRN,"Iran, Islamic Republic of",2020-02-01,1.125895598771762
IRN,"Iran, Islamic Republic of",2020-03-01,1.467611336032377
IRN,"Iran, Islamic Republic of",2020-04-01,2.144638403990039
IRN,"Iran, Islamic Republic of",2020-05-01,2.539062499999992
IRN,"Iran, Islamic Republic of",2020-06-01,2.000000000000004
IRN,"Iran, Islamic Republic of",2020-07-01,6.39589169000933
IRN,"Iran, Islamic Republic of",2020-08-01,3.510311540149195
IRN,"Iran, Islamic Republic of",2020-09-01,3.560830860534117
IRN,"Iran, Islamic Republic of",2020-10-01,7.040523945968075
IRN,"Iran, Islamic Republic of",2020-11-01,5.162523900573608
IRN,"Iran, Islamic Republic of",2020-12-01,2.036363636363645
IRN,"Iran, Islamic Republic of",2021-01-01,1.817533856022809
IRN,"Iran, Islamic Republic of",2021-02-01,2.485124256212806
IRN,"Iran, Islamic Republic of",2021-03-01,1.810109289617487
IRN,"Iran, Islamic Republic of",2021-04-01,2.683663200268371
IRN,"Iran, Islamic Republic of",2021-05-01,0.7513884351519016
IRN,"Iran, Islamic Republic of",2021-06-01,2.529182879377436
IRN,"Iran, Islamic Republic of",2021-07-01,3.542061986084761
IRN,"Iran, Islamic Republic of",2021-08-01,3.176542455711669
IRN,"Iran, Islamic Republic of",2021-09-01,3.937240970988745
IRN,"Iran, Islamic Republic of",2021-10-01,3.702648818000609
IRN,"Iran, Islamic Republic of",2021-11-01,2.444383411150715
IRN,"Iran, Islamic Republic of",2021-12-01,1.66219839142092
IRN,"Iran, Islamic Republic of",2022-01-01,2.373417721518966
IRN,"Iran, Islamic Republic of",2022-02-01,2.112313240597644
IRN,"Iran, Islamic Republic of",2022-03-01,1.286579212916256
IRN,"Iran, Islamic Republic of",2022-04-01,3.362391033623925
IRN,"Iran, Islamic Republic of",2022-05-01,3.518072289156811
IRN,"Iran, Islamic Republic of",2022-06-01,10.58333333333333
IRN,"Iran, Islamic Republic of",2022-07-01,4.370761115297664
IRN,"Iran, Islamic Republic of",2022-08-01,2.166064981949458
IRN,"Iran, Islamic Republic of",2022-09-01,2.190812720848057
IRN,"Iran, Islamic Republic of",2022-10-01,2.558782849239281
IRN,"Iran, Islamic Republic of",2022-11-01,2.157788267026298
IRN,"Iran, Islamic Republic of",2022-12-01,2.178217821782178
IRN,"Iran, Islamic Republic of",2023-01-01,3.811369509043928
IRN,"Iran, Islamic Republic of",2023-02-01,3.422526446795271
IRN,"Iran, Islamic Republic of",2023-03-01,4.753309265944645
IRN,"Iran, Islamic Republic of",2023-04-01,3.676048248133257
IRN,"Iran, Islamic Republic of",2023-05-01,2.770083102493075
IRN,"Iran, Islamic Republic of",2023-06-01,2.048517520215633
IRN,"Iran, Islamic Republic of",2023-07-01,1.954569466455362
IRN,"Iran, Islamic Republic of",2023-08-01,2.435233160621762
IRN,"Iran, Islamic Republic of",2023-09-01,2.023267577137076
IRN,"Iran, Islamic Republic of",2023-10-01,2.379771938522558
IRN,"Iran, Islamic Republic of",2023-11-01,2.130750605326877
IRN,"Iran, Islamic Republic of",2023-12-01,2.892366050260787
IRN,"Iran, Islamic Republic of",2024-01-01,2.580645161290323
IRN,"Iran, Islamic Republic of",2024-02-01,1.392632524707996
IRN,"Iran, Islamic Republic of",2024-03-01,1.993797075764289
IRN,"Iran, Islamic Republic of",2024-04-01,2.6498696785404
IRN,"Iran, Islamic Republic of",2024-05-01,2.750740584003386
IRN,"Iran, Islamic Republic of",2024-06-01,2.841845140032949
IRN,"Iran, Islamic Republic of",2024-07-01,2.202643171806167
IRN,"Iran, Islamic Republic of",2024-08-01,1.959247648902821
IRN,"Iran, Islamic Republic of",2024-09-01,1.729438893159108
IRN,"Iran, Islamic Republic of",2024-10-01,2.795617680392898
IRN,"Iran, Islamic Republic of",2024-11-01,2.719588386622565
IRN,"Iran, Islamic Republic of",2024-12-01,2.003577817531306
BHS,"Bahamas, The",2019-01-01,0.6982449518777128
BHS,"Bahamas, The",2019-02-01,1.264992503748126
BHS,"Bahamas, The",2019-03-01,0.1202924030720829
BHS,"Bahamas, The",2019-04-01,0.1478743068391867
BHS,"Bahamas, The",2019-05-01,-0.1661129568106312
BHS,"Bahamas, The",2019-06-01,-0.05546311702717693
BHS,"Bahamas, The",2019-07-01,0.7214206437291898
BHS,"Bahamas, The",2019-08-01,-0.3856749311294766
BHS,"Bahamas, The",2019-09-01,0.3042035398230088
BHS,"Bahamas, The",2019-10-01,-0.4503262567778697
BHS,"Bahamas, The",2019-11-01,0.00923190546528803
BHS,"Bahamas, The",2019-12-01,-0.7661774208437183
BHS,"Bahamas, The",2020-01-01,1.274418604651163
BHS,"Bahamas, The",2020-02-01,-0.5419307430880868
BHS,"Bahamas, The",2020-03-01,0.1015884743258219
BHS,"Bahamas, The",2020-04-01,-0.9502721653289048
BHS,"Bahamas, The",2020-05-01,0.7730998509687034
BHS,"Bahamas, The",2020-06-01,-0.4713929198632036
BHS,"Bahamas, The",2020-07-01,-0.0650074294205052
BHS,"Bahamas, The",2020-08-01,0.483226465941827
BHS,"Bahamas, The",2020-09-01,-0.1202256543050032
BHS,"Bahamas, The",2020-10-01,0.6018518518518519
BHS,"Bahamas, The",2020-11-01,-0.06442705936493327
BHS,"Bahamas, The",2020-12-01,0.1565665868484067
BHS,"Bahamas, The",2021-01-01,0.8827586206896552
BHS,"Bahamas, The",2021-02-01,0.1002643332421839
BHS,"Bahamas, The",2021-03-01,0.072846476051721
BHS,"Bahamas, The",2021-04-01,0.3275705186533212
BHS,"Bahamas, The",2021-05-01,0.4625430799927444
BHS,"Bahamas, The",2021-06-01,-0.1354157262796786
BHS,"Bahamas, The",2021-07-01,0.6237570059663714
BHS,"Bahamas, The",2021-08-01,0.8265205282544246
BHS,"Bahamas, The",2021-09-01,0.1960260179987526
BHS,"Bahamas, The",2021-10-01,0.2578923966207203
BHS,"Bahamas, The",2021-11-01,0.3725385843533795
BHS,"Bahamas, The",2021-12-01,0.07069635913750442
BHS,"Bahamas, The",2022-01-01,0.609325326739668
BHS,"Bahamas, The",2022-02-01,0.05266391643991925
BHS,"Bahamas, The",2022-03-01,0.964996929555224
BHS,"Bahamas, The",2022-04-01,0.7385524372230428
BHS,"Bahamas, The",2022-05-01,0.8021390374331551
BHS,"Bahamas, The",2022-06-01,0.5476170103533841
BHS,"Bahamas, The",2022-07-01,1.480725044677049
BHS,"Bahamas, The",2022-08-01,0.06708595387840671
BHS,"Bahamas, The",2022-09-01,0.3435850163412386
BHS,"Bahamas, The",2022-10-01,0.2755971271087356
BHS,"Bahamas, The",2022-11-01,-0.09994170067460648
BHS,"Bahamas, The",2022-12-01,-0.425177157148812
BHS,"Bahamas, The",2023-01-01,-0.04186202277294039
BHS,"Bahamas, The",2023-02-01,-0.08375910880308234
BHS,"Bahamas, The",2023-03-01,0.4442954145360047
BHS,"Bahamas, The",2023-04-01,0.6342847604740444
BHS,"Bahamas, The",2023-05-01,0.4063692154586167
BHS,"Bahamas, The",2023-06-01,0.04955810688031717
BHS,"Bahamas, The",2023-07-01,0.6439362668207711
BHS,"Bahamas, The",2023-08-01,0.1722582232794685
BHS,"Bahamas, The",2023-09-01,0.1965280052407468
BHS,"Bahamas, The",2023-10-01,0.12258908139915
BHS,"Bahamas, The",2023-11-01,-0.1714145784017631
BHS,"Bahamas, The",2023-12-01,-0.482420278004906
BHS,"Bahamas, The",2024-01-01,-0.5997863774546052
BHS,"Bahamas, The",2024-02-01,0.2975698462555794
BHS,"Bahamas, The",2024-03-01,1.557606724905225
BHS,"Bahamas, The",2024-04-01,-0.5112391463117747
BHS,"Bahamas, The",2024-05-01,-0.8482871125611746
BHS,"Bahamas, The",2024-06-01,-0.09049029285949324
BHS,"Bahamas, The",2024-07-01,-0.1482091395636064
BHS,"Bahamas, The",2024-08-01,0.115444875072153
BHS,"Bahamas, The",2024-09-01,0.0164731076517585
BHS,"Bahamas, The",2024-10-01,0.4611710450465289
BHS,"Bahamas, The",2024-11-01,-0.7049758176899746
BHS,"Bahamas, The",2024-12-01,0.5118467761908693
UGA,Uganda,2019-01-01,0.1954472292480744
UGA,Uganda,2019-02-01,0.2524383247275451
UGA,Uganda,2019-03-01,0.4521002632482134
UGA,Uganda,2019-04-01,0.7804933629578987
UGA,Uganda,2019-05-01,0.3504804974562103
UGA,Uganda,2019-06-01,-0.1013970256872975
UGA,Uganda,2019-07-01,-0.4003608886883945
UGA,Uganda,2019-08-01,0.3963086678367954
UGA,Uganda,2019-09-01,0.6710652455872714
UGA,Uganda,2019-10-01,0.1848532377325136
UGA,Uganda,2019-11-01,0.3242941012020717
UGA,Uganda,2019-12-01,0.4012706905199974
UGA,Uganda,2020-01-01,0.3209686356287539
UGA,Uganda,2020-02-01,0.2005970564239039
UGA,Uganda,2020-03-01,-0.1210534638166639
UGA,Uganda,2020-04-01,0.8968057766892927
UGA,Uganda,2020-05-01,0.3576016918931842
UGA,Uganda,2020-06-01,0.3310396247704816
UGA,Uganda,2020-07-01,-0.1839327752954974
UGA,Uganda,2020-08-01,0.2288234544877685
UGA,Uganda,2020-09-01,0.3056442210642288
UGA,Uganda,2020-10-01,0.4286272725960889
UGA,Uganda,2020-11-01,-0.5136312474387928
UGA,Uganda,2020-12-01,0.1832603043395742
UGA,Uganda,2021-01-01,-0.1192929350382051
UGA,Uganda,2021-02-01,0.4815946505206559
UGA,Uganda,2021-03-01,0.2913830954219013
UGA,Uganda,2021-04-01,0.2877325640464868
UGA,Uganda,2021-05-01,0.1542288821327078
UGA,Uganda,2021-06-01,0.4218926528500814
UGA,Uganda,2021-07-01,-0.07152663300044856
UGA,Uganda,2021-08-01,0.00144651668239925
UGA,Uganda,2021-09-01,0.5938341643712339
UGA,Uganda,2021-10-01,0.1696730088474472
UGA,Uganda,2021-11-01,0.1804159069091599
UGA,Uganda,2021-12-01,0.4541562120355114
UGA,Uganda,2022-01-01,-0.3082014696432097
UGA,Uganda,2022-02-01,0.9797683336758384
UGA,Uganda,2022-03-01,0.8301158248622932
UGA,Uganda,2022-04-01,1.375536356164811
UGA,Uganda,2022-05-01,1.488142194351305
UGA,Uganda,2022-06-01,0.959922224513168
UGA,Uganda,2022-07-01,0.9543979212157035
UGA,Uganda,2022-08-01,0.9892488472677036
UGA,Uganda,2022-09-01,1.507928662407436
UGA,Uganda,2022-10-01,0.8223689977545094
UGA,Uganda,2022-11-01,0.0656630541163886
UGA,Uganda,2022-12-01,0.1349553026368375
UGA,Uganda,2023-01-01,-0.1522188207844104
UGA,Uganda,2023-02-01,-0.1176886777366363
UGA,Uganda,2023-03-01,0.6499251245268843
UGA,Uganda,2023-04-01,0.4800612716344283
UGA,Uganda,2023-05-01,-0.268952237525486
UGA,Uganda,2023-06-01,-0.2628825024732873
UGA,Uganda,2023-07-01,-0.0299159321571972
UGA,Uganda,2023-08-01,0.5961290679903527
UGA,Uganda,2023-09-01,0.7401537855911874
UGA,Uganda,2023-10-01,0.5807910329438575
UGA,Uganda,2023-11-01,0.2325439470632763
UGA,Uganda,2023-12-01,0.1306412670571873
UGA,Uganda,2024-01-01,0.02770900786457112
UGA,Uganda,2024-02-01,0.5085570501768605
UGA,Uganda,2024-03-01,0.5111794782097379
UGA,Uganda,2024-04-01,0.378706436411066
UGA,Uganda,2024-05-01,0.1500022853844102
UGA,Uganda,2024-06-01,0.03344038852408056
UGA,Uganda,2024-07-01,0.00347720116305458
UGA,Uganda,2024-08-01,0.1818191224963611
UGA,Uganda,2024-09-01,0.245858389822908
UGA,Uganda,2024-10-01,0.5032006725166939
UGA,Uganda,2024-11-01,0.227553005355439
UGA,Uganda,2024-12-01,0.4522694796480576
AZE,"Azerbaijan, Republic of",2019-01-01,0.16601753707285621
AZE,"Azerbaijan, Republic of",2019-02-01,0.5650795992632559
AZE,"Azerbaijan, Republic of",2019-03-01,0.6056017909801736
AZE,"Azerbaijan, Republic of",2019-04-01,0.3839252737746557
AZE,"Azerbaijan, Republic of",2019-05-01,-0.4307736818501227
AZE,"Azerbaijan, Republic of",2019-06-01,-0.4670675227011926
AZE,"Azerbaijan, Republic of",2019-07-01,0.05430400399653322
AZE,"Azerbaijan, Republic of",2019-08-01,-0.3197309052965333
AZE,"Azerbaijan, Republic of",2019-09-01,0.3468389778294609
AZE,"Azerbaijan, Republic of",2019-10-01,0.4167699065858463
AZE,"Azerbaijan, Republic of",2019-11-01,0.4638416178471475
AZE,"Azerbaijan, Republic of",2019-12-01,0.5363739186694746
AZE,"Azerbaijan, Republic of",2020-01-01,0.5660532140164475
AZE,"Azerbaijan, Republic of",2020-02-01,0.7062143441739684
AZE,"Azerbaijan, Republic of",2020-03-01,0.9776612207563494
AZE,"Azerbaijan, Republic of",2020-04-01,0.08550129885178961
AZE,"Azerbaijan, Republic of",2020-05-01,-0.5161700291945708
AZE,"Azerbaijan, Republic of",2020-06-01,-0.3298903177300797
AZE,"Azerbaijan, Republic of",2020-07-01,-0.2757558709738343
AZE,"Azerbaijan, Republic of",2020-08-01,-0.1802016989149163
AZE,"Azerbaijan, Republic of",2020-09-01,0.1077454137289654
AZE,"Azerbaijan, Republic of",2020-10-01,0.1672790215750603
AZE,"Azerbaijan, Republic of",2020-11-01,0.493829901007803
AZE,"Azerbaijan, Republic of",2020-12-01,0.791159407044762
AZE,"Azerbaijan, Republic of",2021-01-01,1.199996594084992
AZE,"Azerbaijan, Republic of",2021-02-01,1.631144972183339
AZE,"Azerbaijan, Republic of",2021-03-01,0.8563056030000953
AZE,"Azerbaijan, Republic of",2021-04-01,0.3125808772675348
AZE,"Azerbaijan, Republic of",2021-05-01,0.04671979486170907
AZE,"Azerbaijan, Republic of",2021-06-01,-0.4921487140702404
AZE,"Azerbaijan, Republic of",2021-07-01,0.916735081585746
AZE,"Azerbaijan, Republic of",2021-08-01,0.4657703877519248
AZE,"Azerbaijan, Republic of",2021-09-01,1.81563959972443
AZE,"Azerbaijan, Republic of",2021-10-01,1.574101806923122
AZE,"Azerbaijan, Republic of",2021-11-01,1.477050122585971
AZE,"Azerbaijan, Republic of",2021-12-01,1.58614800699356
AZE,"Azerbaijan, Republic of",2022-01-01,1.645964085335837
AZE,"Azerbaijan, Republic of",2022-02-01,1.097885780773245
AZE,"Azerbaijan, Republic of",2022-03-01,1.104310706368622
AZE,"Azerbaijan, Republic of",2022-04-01,1.039650986508237
AZE,"Azerbaijan, Republic of",2022-05-01,0.736960198917117
AZE,"Azerbaijan, Republic of",2022-06-01,-0.1065730094143227
AZE,"Azerbaijan, Republic of",2022-07-01,0.4771907178149227
AZE,"Azerbaijan, Republic of",2022-08-01,0.8910388844940533
AZE,"Azerbaijan, Republic of",2022-09-01,3.112397600879685
AZE,"Azerbaijan, Republic of",2022-10-01,1.551348681288276
AZE,"Azerbaijan, Republic of",2022-11-01,1.037228617675958
AZE,"Azerbaijan, Republic of",2022-12-01,0.958255590573856
AZE,"Azerbaijan, Republic of",2023-01-01,0.9801956176106918
AZE,"Azerbaijan, Republic of",2023-02-01,1.483199620506769
AZE,"Azerbaijan, Republic of",2023-03-01,0.6939016917813428
AZE,"Azerbaijan, Republic of",2023-04-01,0.3070757906656228
AZE,"Azerbaijan, Republic of",2023-05-01,-0.3830453771397875
AZE,"Azerbaijan, Republic of",2023-06-01,-0.9000089209530278
AZE,"Azerbaijan, Republic of",2023-07-01,-0.6533874031885633
AZE,"Azerbaijan, Republic of",2023-08-01,-0.4034169044822425
AZE,"Azerbaijan, Republic of",2023-09-01,0.3094300989954866
AZE,"Azerbaijan, Republic of",2023-10-01,0.4086248114173214
AZE,"Azerbaijan, Republic of",2023-11-01,-0.1871476163153801
AZE,"Azerbaijan, Republic of",2023-12-01,0.5007876042826126
AZE,"Azerbaijan, Republic of",2024-01-01,0.5236651059979698
AZE,"Azerbaijan, Republic of",2024-02-01,0.6377180040919777
AZE,"Azerbaijan, Republic of",2024-03-01,0.2279942149942629
AZE,"Azerbaijan, Republic of",2024-04-01,-0.1096668933283963
AZE,"Azerbaijan, Republic of",2024-05-01,-0.08287110418434356
AZE,"Azerbaijan, Republic of",2024-06-01,-0.08406899576726509
AZE,"Azerbaijan, Republic of",2024-07-01,0.898640609483417
AZE,"Azerbaijan, Republic of",2024-08-01,0.4299700827438094
AZE,"Azerbaijan, Republic of",2024-09-01,0.3077470649071457
AZE,"Azerbaijan, Republic of",2024-10-01,0.319634703196347
AZE,"Azerbaijan, Republic of",2024-11-01,0.7282658170232135
AZE,"Azerbaijan, Republic of",2024-12-01,1.039313149570718
HRV,"Croatia, Republic of",2019-01-01,-0.8866995073891626
HRV,"Croatia, Republic of",2019-02-01,0.1988071570576541
HRV,"Croatia, Republic of",2019-03-01,1.091269841269841
HRV,"Croatia, Republic of",2019-04-01,0.4906771344455348
HRV,"Croatia, Republic of",2019-05-01,0.5859375
HRV,"Croatia, Republic of",2019-06-01,-0.2912621359223301
HRV,"Croatia, Republic of",2019-07-01,-0.4868549172346641
HRV,"Croatia, Republic of",2019-08-01,-0.2935420743639922
HRV,"Croatia, Republic of",2019-09-01,0.7850834151128557
HRV,"Croatia, Republic of",2019-10-01,0.4868549172346641
HRV,"Croatia, Republic of",2019-11-01,-0.1937984496124031
HRV,"Croatia, Republic of",2019-12-01,-0.0970873786407767
HRV,"Croatia, Republic of",2020-01-01,-0.2915451895043732
HRV,"Croatia, Republic of",2020-02-01,-0.2923976608187135
HRV,"Croatia, Republic of",2020-03-01,0.1955034213098729
HRV,"Croatia, Republic of",2020-04-01,-0.1951219512195122
HRV,"Croatia, Republic of",2020-05-01,0.09775171065493646
HRV,"Croatia, Republic of",2020-06-01,0.09765625
HRV,"Croatia, Republic of",2020-07-01,-0.4878048780487805
HRV,"Croatia, Republic of",2020-08-01,-0.196078431372549
HRV,"Croatia, Republic of",2020-09-01,0.8840864440078585
HRV,"Croatia, Republic of",2020-10-01,0.3894839337877313
HRV,"Croatia, Republic of",2020-11-01,-0.2909796314258002
HRV,"Croatia, Republic of",2020-12-01,-0.5836575875486381
HRV,"Croatia, Republic of",2021-01-01,0.09784735812133072
HRV,"Croatia, Republic of",2021-02-01,0.2932551319648094
HRV,"Croatia, Republic of",2021-03-01,1.072124756335283
HRV,"Croatia, Republic of",2021-04-01,0.6750241080038573
HRV,"Croatia, Republic of",2021-05-01,0.1915708812260536
HRV,"Croatia, Republic of",2021-06-01,0
HRV,"Croatia, Republic of",2021-07-01,0.1912045889101338
HRV,"Croatia, Republic of",2021-08-01,0.1908396946564885
HRV,"Croatia, Republic of",2021-09-01,0.9523809523809524
HRV,"Croatia, Republic of",2021-10-01,0.9433962264150944
HRV,"Croatia, Republic of",2021-11-01,0.7476635514018692
HRV,"Croatia, Republic of",2021-12-01,0
HRV,"Croatia, Republic of",2022-01-01,0.2782931354359926
HRV,"Croatia, Republic of",2022-02-01,0.9250693802035151
HRV,"Croatia, Republic of",2022-03-01,2.016498625114574
HRV,"Croatia, Republic of",2022-04-01,2.695417789757412
HRV,"Croatia, Republic of",2022-05-01,1.399825021872266
HRV,"Croatia, Republic of",2022-06-01,1.121656600517688
HRV,"Croatia, Republic of",2022-07-01,0.4266211604095563
HRV,"Croatia, Republic of",2022-08-01,0.1699235344095157
HRV,"Croatia, Republic of",2022-09-01,1.441899915182358
HRV,"Croatia, Republic of",2022-10-01,1.337792642140468
HRV,"Croatia, Republic of",2022-11-01,0.9075907590759076
HRV,"Croatia, Republic of",2022-12-01,-0.3270645952575634
HRV,"Croatia, Republic of",2023-01-01,0
HRV,"Croatia, Republic of",2023-02-01,0.1640689089417555
HRV,"Croatia, Republic of",2023-03-01,0.9009009009009008
HRV,"Croatia, Republic of",2023-04-01,0.974025974025974
HRV,"Croatia, Republic of",2023-05-01,0.4823151125401929
HRV,"Croatia, Republic of",2023-06-01,0.88
HRV,"Croatia, Republic of",2023-07-01,0.2379064234734338
HRV,"Croatia, Republic of",2023-08-01,0.4746835443037975
HRV,"Croatia, Republic of",2023-09-01,0.4724409448818898
HRV,"Croatia, Republic of",2023-10-01,0.4702194357366771
HRV,"Croatia, Republic of",2023-11-01,-0.078003120124805
HRV,"Croatia, Republic of",2023-12-01,-0.546448087431694
HRV,"Croatia, Republic of",2024-01-01,-0.3924646781789639
HRV,"Croatia, Republic of",2024-02-01,0.1576044129235619
HRV,"Croatia, Republic of",2024-03-01,0.8654602675059009
HRV,"Croatia, Republic of",2024-04-01,0.7020280811232449
HRV,"Croatia, Republic of",2024-05-01,0
HRV,"Croatia, Republic of",2024-06-01,0.07745933384972889
HRV,"Croatia, Republic of",2024-07-01,0
HRV,"Croatia, Republic of",2024-08-01,0
HRV,"Croatia, Republic of",2024-09-01,0.3869969040247678
HRV,"Croatia, Republic of",2024-10-01,1.079414032382421
HRV,"Croatia, Republic of",2024-11-01,0.3813882532418002
HRV,"Croatia, Republic of",2024-12-01,0.1519756838905775
KWT,Kuwait,2019-01-01,-0.0881057268722467
KWT,Kuwait,2019-02-01,0.08818342151675485
KWT,Kuwait,2019-03-01,-0.1762114537444934
KWT,Kuwait,2019-04-01,0
KWT,Kuwait,2019-05-01,0.176522506619594
KWT,Kuwait,2019-06-01,0.5286343612334802
KWT,Kuwait,2019-07-01,0.2629272567922875
KWT,Kuwait,2019-08-01,0.1748251748251748
KWT,Kuwait,2019-09-01,0.3490401396160558
KWT,Kuwait,2019-10-01,0
KWT,Kuwait,2019-11-01,0
KWT,Kuwait,2019-12-01,0.1739130434782609
KWT,Kuwait,2020-01-01,0.08680555555555557
KWT,Kuwait,2020-02-01,0.08673026886383348
KWT,Kuwait,2020-03-01,0.08665511265164645
KWT,Kuwait,2020-04-01,-0.08658008658008658
KWT,Kuwait,2020-05-01,0.2599653379549393
KWT,Kuwait,2020-06-01,0.3457216940363008
KWT,Kuwait,2020-07-01,0.4306632213608958
KWT,Kuwait,2020-08-01,0.4288164665523156
KWT,Kuwait,2020-09-01,0.1707941929974381
KWT,Kuwait,2020-10-01,0.5115089514066496
KWT,Kuwait,2020-11-01,0.2544529262086514
KWT,Kuwait,2020-12-01,0.338409475465313
KWT,Kuwait,2021-01-01,0.08431703204047218
KWT,Kuwait,2021-02-01,0.1684919966301601
KWT,Kuwait,2021-03-01,0.2523128679562658
KWT,Kuwait,2021-04-01,-0.1677852348993289
KWT,Kuwait,2021-05-01,0.3361344537815126
KWT,Kuwait,2021-06-01,0.5025125628140704
KWT,Kuwait,2021-07-01,0.25
KWT,Kuwait,2021-08-01,0.1662510390689942
KWT,Kuwait,2021-09-01,1.327800829875519
KWT,Kuwait,2021-10-01,0.2457002457002457
KWT,Kuwait,2021-11-01,0.326797385620915
KWT,Kuwait,2021-12-01,0.7328990228013029
KWT,Kuwait,2022-01-01,0.08084074373484236
KWT,Kuwait,2022-02-01,0.2423263327948304
KWT,Kuwait,2022-03-01,0.24174053182917
KWT,Kuwait,2022-04-01,0.1607717041800643
KWT,Kuwait,2022-05-01,0.1605136436597111
KWT,Kuwait,2022-06-01,0.4006410256410256
KWT,Kuwait,2022-07-01,0.07980845969672785
KWT,Kuwait,2022-08-01,0.07974481658692185
KWT,Kuwait,2022-09-01,0.398406374501992
KWT,Kuwait,2022-10-01,0.3174603174603175
KWT,Kuwait,2022-11-01,0.2373417721518987
KWT,Kuwait,2022-12-01,0.7103393843725335
KWT,Kuwait,2023-01-01,0.2351097178683386
KWT,Kuwait,2023-02-01,0.1563721657544957
KWT,Kuwait,2023-03-01,0.702576112412178
KWT,Kuwait,2023-04-01,0.1550387596899225
KWT,Kuwait,2023-05-01,0.1547987616099071
KWT,Kuwait,2023-06-01,0.5409582689335394
KWT,Kuwait,2023-07-01,0
KWT,Kuwait,2023-08-01,0.153727901614143
KWT,Kuwait,2023-09-01,0.3069838833461243
KWT,Kuwait,2023-10-01,0.3825554705432288
KWT,Kuwait,2023-11-01,0.2286585365853659
KWT,Kuwait,2023-12-01,0.3041825095057034
KWT,Kuwait,2024-01-01,0.1516300227445034
KWT,Kuwait,2024-02-01,0.2271006813020439
KWT,Kuwait,2024-03-01,0.3776435045317221
KWT,Kuwait,2024-04-01,0.3009781790820166
KWT,Kuwait,2024-05-01,0.1500375093773443
KWT,Kuwait,2024-06-01,0.2247191011235955
KWT,Kuwait,2024-07-01,0.1494768310911809
KWT,Kuwait,2024-08-01,0.07462686567164178
KWT,Kuwait,2024-09-01,0.1491424310216257
KWT,Kuwait,2024-10-01,0.07446016381236038
KWT,Kuwait,2024-11-01,0.1488095238095238
KWT,Kuwait,2024-12-01,0.4457652303120357
SWE,Sweden,2019-01-01,-0.9973784915780276
SWE,Sweden,2019-02-01,0.7487216946676406
SWE,Sweden,2019-03-01,0.2326143435441967
SWE,Sweden,2019-04-01,0.6992374694837096
SWE,Sweden,2019-05-01,0.251414204902577
SWE,Sweden,2019-06-01,-0.1433049708911778
SWE,Sweden,2019-07-01,0.3976440338445899
SWE,Sweden,2019-08-01,-0.4198927933293627
SWE,Sweden,2019-09-01,0.4665211280241634
SWE,Sweden,2019-10-01,0.02678970084834053
SWE,Sweden,2019-11-01,0.0952267587192001
SWE,Sweden,2019-12-01,0.392436674991081
SWE,Sweden,2020-01-01,-1.439232409381663
SWE,Sweden,2020-02-01,0.4957634757526591
SWE,Sweden,2020-03-01,-0.1674290668819326
SWE,Sweden,2020-04-01,-0.3024767152825612
SWE,Sweden,2020-05-01,0.6037849203965155
SWE,Sweden,2020-06-01,0.5762742229255621
SWE,Sweden,2020-07-01,0.2167201045006531
SWE,Sweden,2020-08-01,-0.1481174274965192
SWE,Sweden,2020-09-01,0.05933485626131071
SWE,Sweden,2020-10-01,-0.08894950633023987
SWE,Sweden,2020-11-01,0.00890286969166394
SWE,Sweden,2020-12-01,0.6943620178041543
SWE,Sweden,2021-01-01,-0.368362114693228
SWE,Sweden,2021-02-01,0.2721168919518471
SWE,Sweden,2021-03-01,0.1563375711630925
SWE,Sweden,2021-04-01,0.2444483713259115
SWE,Sweden,2021-05-01,0.1968446102770514
SWE,Sweden,2021-06-01,0.08210180623973727
SWE,Sweden,2021-07-01,0.2666119770303527
SWE,Sweden,2021-08-01,0.5142740262396635
SWE,Sweden,2021-09-01,0.5087357190616006
SWE,Sweden,2021-10-01,0.2024642795163996
SWE,Sweden,2021-11-01,0.4589539314166955
SWE,Sweden,2021-12-01,1.27575209033704
SWE,Sweden,2022-01-01,-0.5418900899367322
SWE,Sweden,2022-02-01,0.8557736193518941
SWE,Sweden,2022-03-01,1.764905532300034
SWE,Sweden,2022-04-01,0.6170094496942746
SWE,Sweden,2022-05-01,1.049665764322413
SWE,Sweden,2022-06-01,1.402329014269313
SWE,Sweden,2022-07-01,0.08896077638495754
SWE,Sweden,2022-08-01,1.758780435251023
SWE,Sweden,2022-09-01,1.429289854688865
SWE,Sweden,2022-10-01,0.2165914250671955
SWE,Sweden,2022-11-01,1.012915321320696
SWE,Sweden,2022-12-01,2.069961075451757
SWE,Sweden,2023-01-01,-1.126376401656733
SWE,Sweden,2023-02-01,1.103448275862069
SWE,Sweden,2023-03-01,0.5709666009802435
SWE,Sweden,2023-04-01,0.4647307073954984
SWE,Sweden,2023-05-01,0.3150551346485635
SWE,Sweden,2023-06-01,1.071811361200429
SWE,Sweden,2023-07-01,0.04439073713285161
SWE,Sweden,2023-08-01,0.07395173416816624
SWE,Sweden,2023-09-01,0.5123531295415917
SWE,Sweden,2023-10-01,0.2499693664992035
SWE,Sweden,2023-11-01,0.31290488180507
SWE,Sweden,2023-12-01,0.7286462775679298
SWE,Sweden,2024-01-01,-0.1451589490492089
SWE,Sweden,2024-02-01,0.2471289431603431
SWE,Sweden,2024-03-01,0.1208430007733952
SWE,Sweden,2024-04-01,0.2993289238642398
SWE,Sweden,2024-05-01,0.1636582430806258
SWE,Sweden,2024-06-01,-0.07688980729492047
SWE,Sweden,2024-07-01,0.08656759486365603
SWE,Sweden,2024-08-01,-0.58622843688434
SWE,Sweden,2024-09-01,0.1909227125525642
SWE,Sweden,2024-10-01,0.2267409605133029
SWE,Sweden,2024-11-01,0.2984284373420616
SWE,Sweden,2024-12-01,-0.00959808038392321
BGR,Bulgaria,2019-01-01,0.6102339534356293
BGR,Bulgaria,2019-02-01,0.4950679826683745
BGR,Bulgaria,2019-03-01,0.07059612122158174
BGR,Bulgaria,2019-04-01,0.5266741875148514
BGR,Bulgaria,2019-05-01,0.1243768504543287
BGR,Bulgaria,2019-06-01,-0.6114368566250284
BGR,Bulgaria,2019-07-01,0.7700286052112216
BGR,Bulgaria,2019-08-01,0.0682319699326368
BGR,Bulgaria,2019-09-01,-0.341973476535813
BGR,Bulgaria,2019-10-01,0.8006912950521838
BGR,Bulgaria,2019-11-01,0.517277593477891
BGR,Bulgaria,2019-12-01,0.7346373057748528
BGR,Bulgaria,2020-01-01,0.9242201571070908
BGR,Bulgaria,2020-02-01,0.07376307716038281
BGR,Bulgaria,2020-03-01,-0.6293142502295731
BGR,Bulgaria,2020-04-01,-0.6335681499032811
BGR,Bulgaria,2020-05-01,-0.3308129649288028
BGR,Bulgaria,2020-06-01,-0.3892884708029717
BGR,Bulgaria,2020-07-01,0.4665048387192694
BGR,Bulgaria,2020-08-01,0.03768794889707247
BGR,Bulgaria,2020-09-01,-0.6267639798580743
BGR,Bulgaria,2020-10-01,0.6383701838518752
BGR,Bulgaria,2020-11-01,0.1109648580727955
BGR,Bulgaria,2020-12-01,0.5190661724756603
BGR,Bulgaria,2021-01-01,0.1961047129255616
BGR,Bulgaria,2021-02-01,0.5990124838653375
BGR,Bulgaria,2021-03-01,0.05522326087277004
BGR,Bulgaria,2021-04-01,0.6985023129255843
BGR,Bulgaria,2021-05-01,0.1423507222068284
BGR,Bulgaria,2021-06-01,-0.2074495608078244
BGR,Bulgaria,2021-07-01,0.7710350938481837
BGR,Bulgaria,2021-08-01,0.7704925677913138
BGR,Bulgaria,2021-09-01,0.3951794664814171
BGR,Bulgaria,2021-10-01,1.821189493818279
BGR,Bulgaria,2021-11-01,1.357943413413715
BGR,Bulgaria,2021-12-01,0.9103850864112424
BGR,Bulgaria,2022-01-01,1.450221637829845
BGR,Bulgaria,2022-02-01,1.44710601355734
BGR,Bulgaria,2022-03-01,2.220397333019861
BGR,Bulgaria,2022-04-01,2.463963448831714
BGR,Bulgaria,2022-05-01,1.213769885761005
BGR,Bulgaria,2022-06-01,0.8780297193610098
BGR,Bulgaria,2022-07-01,1.119331447853821
BGR,Bulgaria,2022-08-01,1.165545958598281
BGR,Bulgaria,2022-09-01,1.228310757406123
BGR,Bulgaria,2022-10-01,0.8666196618684752
BGR,Bulgaria,2022-11-01,0.7556407795966937
BGR,Bulgaria,2022-12-01,0.9076909046769948
BGR,Bulgaria,2023-01-01,1.095322410554916
BGR,Bulgaria,2023-02-01,1.038630525774286
BGR,Bulgaria,2023-03-01,0.4739710940066988
BGR,Bulgaria,2023-04-01,0.3171047769633981
BGR,Bulgaria,2023-05-01,-0.1424875969606284
BGR,Bulgaria,2023-06-01,-0.4076050428948122
BGR,Bulgaria,2023-07-01,0.934858660111394
BGR,Bulgaria,2023-08-01,0.3838486035286895
BGR,Bulgaria,2023-09-01,-0.09647793388297636
BGR,Bulgaria,2023-10-01,0.4090937136558338
BGR,Bulgaria,2023-11-01,0.3309205654299084
BGR,Bulgaria,2023-12-01,0.2665738092420736
BGR,Bulgaria,2024-01-01,0.5191043054890332
BGR,Bulgaria,2024-02-01,0.3009683103025511
BGR,Bulgaria,2024-03-01,0.1818381040262467
BGR,Bulgaria,2024-04-01,-0.3174600010032668
BGR,Bulgaria,2024-05-01,-0.2355263648079631
BGR,Bulgaria,2024-06-01,-0.1998855574854418
BGR,Bulgaria,2024-07-01,0.8255760152261384
BGR,Bulgaria,2024-08-01,0.1231277468216133
BGR,Bulgaria,2024-09-01,-1.044178265625816
BGR,Bulgaria,2024-10-01,1.097421984304129
BGR,Bulgaria,2024-11-01,0.558265507915501
BGR,Bulgaria,2024-12-01,0.4004959560783067
ROU,Romania,2019-01-01,0.8342813803564657
ROU,Romania,2019-02-01,0.7803685596088755
ROU,Romania,2019-03-01,0.4944491090586808
ROU,Romania,2019-04-01,0.6126995915336056
ROU,Romania,2019-05-01,0.4613397305775973
ROU,Romania,2019-06-01,-0.2387950036737693
ROU,Romania,2019-07-01,-0.2025409685140858
ROU,Romania,2019-08-01,0.06457564575645756
ROU,Romania,2019-09-01,0.0829722503918134
ROU,Romania,2019-10-01,0.4329403095062638
ROU,Romania,2019-11-01,0.2201229019535908
ROU,Romania,2019-12-01,0.420975565113938
ROU,Romania,2020-01-01,0.4100975120750934
ROU,Romania,2020-02-01,0.2541296060991105
ROU,Romania,2020-03-01,0.4979177982980264
ROU,Romania,2020-04-01,0.2522295288712729
ROU,Romania,2020-05-01,0.04492766645700422
ROU,Romania,2020-06-01,0.08083348302496857
ROU,Romania,2020-07-01,0.00897424391994974
ROU,Romania,2020-08-01,-0.05384063173007897
ROU,Romania,2020-09-01,-0.1436523612856886
ROU,Romania,2020-10-01,0.2247797158784391
ROU,Romania,2020-11-01,0.1255943303130887
ROU,Romania,2020-12-01,0.3494310545650031
ROU,Romania,2021-01-01,1.321428571428571
ROU,Romania,2021-02-01,0.4141698977793444
ROU,Romania,2021-03-01,0.3861342694164107
ROU,Romania,2021-04-01,0.4458431681091004
ROU,Romania,2021-05-01,0.5395996518711923
ROU,Romania,2021-06-01,0.2596952908587258
ROU,Romania,2021-07-01,0.9756518735969608
ROU,Romania,2021-08-01,0.2394185549380077
ROU,Romania,2021-09-01,0.8444937302738207
ROU,Romania,2021-10-01,1.776349179495855
ROU,Romania,2021-11-01,0
ROU,Romania,2021-12-01,0.7064494680851064
ROU,Romania,2022-01-01,1.477263349013782
ROU,Romania,2022-02-01,0.577423552374756
ROU,Romania,2022-03-01,1.884046252122584
ROU,Romania,2022-04-01,3.746031746031746
ROU,Romania,2022-05-01,1.178090575275398
ROU,Romania,2022-06-01,0.7560864962951762
ROU,Romania,2022-07-01,0.8854870178598229
ROU,Romania,2022-08-01,0.5578696816423683
ROU,Romania,2022-09-01,1.331459427472446
ROU,Romania,2022-10-01,1.284765311336594
ROU,Romania,2022-11-01,1.246846846846847
ROU,Romania,2022-12-01,0.3701594533029613
ROU,Romania,2023-01-01,0.3475177304964539
ROU,Romania,2023-02-01,0.9753339458618984
ROU,Romania,2023-03-01,1.007909288164065
ROU,Romania,2023-04-01,0.7483888850391518
ROU,Romania,2023-05-01,0.6396588486140725
ROU,Romania,2023-06-01,0.4032258064516129
ROU,Romania,2023-07-01,0.156558437138384
ROU,Romania,2023-08-01,0.5369036291966834
ROU,Romania,2023-09-01,0.7841546677482593
ROU,Romania,2023-10-01,0.5701254275940707
ROU,Romania,2023-11-01,-0.01333866880085367
ROU,Romania,2023-12-01,0.2668089647812166
ROU,Romania,2024-01-01,1.09765832889835
ROU,Romania,2024-02-01,0.8093702704481148
ROU,Romania,2024-03-01,0.4242819843342037
ROU,Romania,2024-04-01,1.527461813454664
ROU,Romania,2024-05-01,-1.530089628681178
ROU,Romania,2024-06-01,0.2405565307847344
ROU,Romania,2024-07-01,0.6485925541574783
ROU,Romania,2024-08-01,0.1868797525454311
ROU,Romania,2024-09-01,0.3280375635170772
ROU,Romania,2024-10-01,0.6218745993076035
ROU,Romania,2024-11-01,0.407773176170755
ROU,Romania,2024-12-01,0.2855511136493432
JPN,Japan,2019-01-01,0
JPN,Japan,2019-02-01,0
JPN,Japan,2019-03-01,0
JPN,Japan,2019-04-01,0.3009027081243731
JPN,Japan,2019-05-01,0
JPN,Japan,2019-06-01,-0.2
JPN,Japan,2019-07-01,0
JPN,Japan,2019-08-01,0.2004008016032064
JPN,Japan,2019-09-01,0.1
JPN,Japan,2019-10-01,0.2997002997002997
JPN,Japan,2019-11-01,0.09960159362549802
JPN,Japan,2019-12-01,0
JPN,Japan,2020-01-01,0
JPN,Japan,2020-02-01,-0.1990049751243781
JPN,Japan,2020-03-01,0
JPN,Japan,2020-04-01,-0.09970089730807576
JPN,Japan,2020-05-01,-0.0998003992015968
JPN,Japan,2020-06-01,-0.1998001998001998
JPN,Japan,2020-07-01,0.1001001001001001
JPN,Japan,2020-08-01,0.1
JPN,Japan,2020-09-01,-0.1998001998001998
JPN,Japan,2020-10-01,-0.1001001001001001
JPN,Japan,2020-11-01,-0.3006012024048096
JPN,Japan,2020-12-01,-0.2010050251256281
JPN,Japan,2021-01-01,0.5035246727089627
JPN,Japan,2021-02-01,0
JPN,Japan,2021-03-01,0.1002004008016032
JPN,Japan,2021-04-01,-0.8008008008008008
JPN,Japan,2021-05-01,0.3027245206861756
JPN,Japan,2021-06-01,0.1006036217303823
JPN,Japan,2021-07-01,0.2010050251256281
JPN,Japan,2021-08-01,0
JPN,Japan,2021-09-01,0.4012036108324975
JPN,Japan,2021-10-01,-0.1998001998001998
JPN,Japan,2021-11-01,0.2002002002002002
JPN,Japan,2021-12-01,0
JPN,Japan,2022-01-01,0.1998001998001998
JPN,Japan,2022-02-01,0.3988035892323031
JPN,Japan,2022-03-01,0.3972194637537239
JPN,Japan,2022-04-01,0.3956478733926805
JPN,Japan,2022-05-01,0.2955665024630542
JPN,Japan,2022-06-01,0
JPN,Japan,2022-07-01,0.4911591355599214
JPN,Japan,2022-08-01,0.3910068426197458
JPN,Japan,2022-09-01,0.3894839337877313
JPN,Japan,2022-10-01,0.5819592628516004
JPN,Japan,2022-11-01,0.1928640308582449
JPN,Japan,2022-12-01,0.192492781520693
JPN,Japan,2023-01-01,0.57636887608069165
JPN,Japan,2023-02-01,-0.6685768863419294
JPN,Japan,2023-03-01,0.3846153846153846
JPN,Japan,2023-04-01,0.6704980842911877
JPN,Japan,2023-05-01,0
JPN,Japan,2023-06-01,0.09514747859181732
JPN,Japan,2023-07-01,0.4752851711026616
JPN,Japan,2023-08-01,0.1892147587511826
JPN,Japan,2023-09-01,0.28328611898017
JPN,Japan,2023-10-01,0.8474576271186441
JPN,Japan,2023-11-01,-0.1867413632119514
JPN,Japan,2023-12-01,-0.09354536950420954
JPN,Japan,2024-01-01,0.09363295880149812
JPN,Japan,2024-02-01,0
JPN,Japan,2024-03-01,0.2806361085126286
JPN,Japan,2024-04-01,0.4664179104477612
JPN,Japan,2024-05-01,0.3714020427112349
JPN,Japan,2024-06-01,0.09250693802035154
JPN,Japan,2024-07-01,0.3696857670979667
JPN,Japan,2024-08-01,0.4604051565377532
JPN,Japan,2024-09-01,-0.1833180568285976
JPN,Japan,2024-10-01,0.5509641873278237
JPN,Japan,2024-11-01,0.45662100456621
JPN,Japan,2024-12-01,0.6363636363636364
CHL,Chile,2019-01-01,0.1093004769475388
CHL,Chile,2019-02-01,0.03970223325062266
CHL,Chile,2019-03-01,0.4762377219962312
CHL,Chile,2019-04-01,0.2666140021724095
CHL,Chile,2019-05-01,0.6007484735079762
CHL,Chile,2019-06-01,0.04894762604013016
CHL,Chile,2019-07-01,0.2250489236790705
CHL,Chile,2019-08-01,0.1854925314849111
CHL,Chile,2019-09-01,0.00974468914442009
CHL,Chile,2019-10-01,0.8184741303712324
CHL,Chile,2019-11-01,0.07731709674302181
CHL,Chile,2019-12-01,0.1062288749396328
CHL,Chile,2020-01-01,0.5595215126374693
CHL,Chile,2020-02-01,0.4508825786646305
CHL,Chile,2020-03-01,0.334256518002092
CHL,Chile,2020-04-01,-0.04759185227488384
CHL,Chile,2020-05-01,-0.04761451290353893
CHL,Chile,2020-06-01,-0.06669207317073243
CHL,Chile,2020-07-01,0.0953379731146908
CHL,Chile,2020-08-01,0.133346032955521
CHL,Chile,2020-09-01,0.6373061923333104
CHL,Chile,2020-10-01,0.6805293005670972
CHL,Chile,2020-11-01,-0.1314307172362012
CHL,Chile,2020-12-01,0.3384094754653203
CHL,Chile,2021-01-01,0.702641933670602
CHL,Chile,2021-02-01,0.1860638198902208
CHL,Chile,2021-03-01,0.3714365307827995
CHL,Chile,2021-04-01,0.379313535017116
CHL,Chile,2021-05-01,0.2672811059907898
CHL,Chile,2021-06-01,0.08272819192940094
CHL,Chile,2021-07-01,0.8082292432035252
CHL,Chile,2021-08-01,0.3553206997084604
CHL,Chile,2021-09-01,1.18020880617339
CHL,Chile,2021-10-01,1.336922386720512
CHL,Chile,2021-11-01,0.5046927572162181
CHL,Chile,2021-12-01,0.775262091445686
CHL,Chile,2022-01-01,1.206399160765808
CHL,Chile,2022-02-01,0.2850479398807947
CHL,Chile,2022-03-01,1.860465116279064
CHL,Chile,2022-04-01,1.395230847285647
CHL,Chile,2022-05-01,1.200900675506634
CHL,Chile,2022-06-01,0.9311907704985491
CHL,Chile,2022-07-01,1.371652514696281
CHL,Chile,2022-08-01,1.216172680412375
CHL,Chile,2022-09-01,0.8593936500358053
CHL,Chile,2022-10-01,0.5207100591715913
CHL,Chile,2022-11-01,0.9732360097323648
CHL,Chile,2022-12-01,0.2876020209871732
CHL,Chile,2023-01-01,0.7983258409548935
CHL,Chile,2023-02-01,-0.06151480199923465
CHL,Chile,2023-03-01,1.084865738247292
CHL,Chile,2023-04-01,0.312071852641194
CHL,Chile,2023-05-01,0.1138174368313166
CHL,Chile,2023-06-01,-0.1515840533575856
CHL,Chile,2023-07-01,0.3491726127220335
CHL,Chile,2023-08-01,0.1134644478063481
CHL,Chile,2023-09-01,0.6724593879863612
CHL,Chile,2023-10-01,0.4353047132993799
CHL,Chile,2023-11-01,0.7472724555372826
CHL,Chile,2023-12-01,-0.5340453938584893
CHL,Chile,2024-01-01,0.7009839920768108
CHL,Chile,2024-02-01,0.5898740664067326
CHL,Chile,2024-03-01,0.3713488422378654
CHL,Chile,2024-04-01,0.5258033106134372
CHL,Chile,2024-05-01,0.2712127082526153
CHL,Chile,2024-06-01,-0.0965996908809892
CHL,Chile,2024-07-01,0.744536840069619
CHL,Chile,2024-08-01,0.2495441021211249
CHL,Chile,2024-09-01,0.0861656294877932
CHL,Chile,2024-10-01,0.975703080160704
CHL,Chile,2024-11-01,0.2557787040545661
CHL,Chile,2024-12-01,-0.1984314466597373
GRD,Grenada,2019-01-01,-0.03603883581823052
GRD,Grenada,2019-02-01,-0.2338755546638932
GRD,Grenada,2019-03-01,0.1004735003945782
GRD,Grenada,2019-04-01,0.1430871042747272
GRD,Grenada,2019-05-01,0.1339524915163422
GRD,Grenada,2019-06-01,-0.3777536787657184
GRD,Grenada,2019-07-01,-0.04256013034623591
GRD,Grenada,2019-08-01,-0.01310339104737448
GRD,Grenada,2019-09-01,0.553751575026237
GRD,Grenada,2019-10-01,-0.1625503863454095
GRD,Grenada,2019-11-01,-0.04461099214846538
GRD,Grenada,2019-12-01,0.05355708292421673
GRD,Grenada,2020-01-01,-0.01951182085823892
GRD,Grenada,2020-02-01,-0.03453194077232798
GRD,Grenada,2020-03-01,-0.3693832061534038
GRD,Grenada,2020-04-01,-0.8375908022616048
GRD,Grenada,2020-05-01,-0.01872512046019675
GRD,Grenada,2020-06-01,-0.04798481628115744
GRD,Grenada,2020-07-01,0.1293727550361756
GRD,Grenada,2020-08-01,0
GRD,Grenada,2020-09-01,0.1173814898419865
GRD,Grenada,2020-10-01,0
GRD,Grenada,2020-11-01,0.1262626262626263
GRD,Grenada,2020-12-01,0.1531255629616285
GRD,Grenada,2021-01-01,0.2428275924093893
GRD,Grenada,2021-02-01,0.2422393683832765
GRD,Grenada,2021-03-01,0.1700528058712969
GRD,Grenada,2021-04-01,0.1965689778413152
GRD,Grenada,2021-05-01,0.098091671125379
GRD,Grenada,2021-06-01,0.1247216035634744
GRD,Grenada,2021-07-01,0.2647032654150725
GRD,Grenada,2021-08-01,0.1141209095951192
GRD,Grenada,2021-09-01,-0.1741772672517486
GRD,Grenada,2021-10-01,0.1922400718880195
GRD,Grenada,2021-11-01,0.3374806467079241
GRD,Grenada,2021-12-01,0.09309564208170334
GRD,Grenada,2022-01-01,0.1656337719936853
GRD,Grenada,2022-02-01,0.1057175579244119
GRD,Grenada,2022-03-01,0.255214292000352
GRD,Grenada,2022-04-01,0.4213483146067416
GRD,Grenada,2022-05-01,0.2797202797202797
GRD,Grenada,2022-06-01,1.019874476987448
GRD,Grenada,2022-07-01,0.388299249288118
GRD,Grenada,2022-08-01,0.2062919030428056
GRD,Grenada,2022-09-01,-0.4374678332475553
GRD,Grenada,2022-10-01,-0.04307745326096321
GRD,Grenada,2022-11-01,0.4309601792794346
GRD,Grenada,2022-12-01,0.0772399588053553
GRD,Grenada,2023-01-01,1.029071263184976
GRD,Grenada,2023-02-01,0.1443001443001443
GRD,Grenada,2023-03-01,0.1356162061366333
GRD,Grenada,2023-04-01,0.1015744032503809
GRD,Grenada,2023-05-01,0.06764755623203111
GRD,Grenada,2023-06-01,0.0507013689369613
GRD,Grenada,2023-07-01,-0.05067567567567568
GRD,Grenada,2023-08-01,0.1774547912793645
GRD,Grenada,2023-09-01,0.1940109658371995
GRD,Grenada,2023-10-01,0.1431217376662738
GRD,Grenada,2023-11-01,-0.1176965111391341
GRD,Grenada,2023-12-01,0.3030047975759616
GRD,Grenada,2024-01-01,-0.06713098934295544
GRD,Grenada,2024-02-01,0.1931312452766815
GRD,Grenada,2024-03-01,0.40227958431109623
GRD,Grenada,2024-04-01,0.2337228714524207
GRD,Grenada,2024-05-01,-0.01665556295802798
GRD,Grenada,2024-06-01,-0.1582542062302182
GRD,Grenada,2024-07-01,-0.08342370901810293
GRD,Grenada,2024-08-01,0.07514402604992904
GRD,Grenada,2024-09-01,-0.1668613382279326
GRD,Grenada,2024-10-01,-0.02507103459802775
GRD,Grenada,2024-11-01,0.01671821449469197
GRD,Grenada,2024-12-01,0.4429586293355621
BEN,Benin,2019-01-01,1.08695652173913
BEN,Benin,2019-02-01,-1.564027370478979
BEN,Benin,2019-03-01,0.8937437934458735
BEN,Benin,2019-04-01,-0.9842519685039288
BEN,Benin,2019-05-01,1.689860834990052
BEN,Benin,2019-06-01,-1.759530791788857
BEN,Benin,2019-07-01,0.7960199004975212
BEN,Benin,2019-08-01,-1.184600197433374
BEN,Benin,2019-09-01,-0.3996003996003985
BEN,Benin,2019-10-01,0.8024072216649927
BEN,Benin,2019-11-01,1.791044776119403
BEN,Benin,2019-12-01,-0.7820136852394896
BEN,Benin,2020-01-01,1.329839408866992
BEN,Benin,2020-02-01,1.283990019347342
BEN,Benin,2020-03-01,-0.4505907092504369
BEN,Benin,2020-04-01,0.0810966252529158
BEN,Benin,2020-05-01,0.735338808416821
BEN,Benin,2020-06-01,-0.1392753983385457
BEN,Benin,2020-07-01,0.9175303851973304
BEN,Benin,2020-08-01,-0.5202743204545311
BEN,Benin,2020-09-01,-0.3058779071271766
BEN,Benin,2020-10-01,0.4146411091931518
BEN,Benin,2020-11-01,-0.4919910660822425
BEN,Benin,2020-12-01,-1.711542586225495
BEN,Benin,2021-01-01,-0.3015868394189534
BEN,Benin,2021-02-01,-0.00871400603434207
BEN,Benin,2021-03-01,0.8311953970580939
BEN,Benin,2021-04-01,1.095116394372886
BEN,Benin,2021-05-01,1.960332779697966
BEN,Benin,2021-06-01,2.684283850618157
BEN,Benin,2021-07-01,-0.9318512212686592
BEN,Benin,2021-08-01,-1.724418920127572
BEN,Benin,2021-09-01,1.195341538494967
BEN,Benin,2021-10-01,-0.2137683821422135
BEN,Benin,2021-11-01,-0.2609001288843875
BEN,Benin,2021-12-01,0.6466381883086275
BEN,Benin,2022-01-01,2.457560120995997
BEN,Benin,2022-02-01,-5.04364889892636
BEN,Benin,2022-03-01,0.3856113675088139
BEN,Benin,2022-04-01,0.1195930546476149
BEN,Benin,2022-05-01,1.376588601800156
BEN,Benin,2022-06-01,-0.3989780685429929
BEN,Benin,2022-07-01,0.690621726852869
BEN,Benin,2022-08-01,-1.045698693854427
BEN,Benin,2022-09-01,-0.1022266806113336
BEN,Benin,2022-10-01,3.507363308321917
BEN,Benin,2022-11-01,0.8376056280747685
BEN,Benin,2022-12-01,0.2047166387504306
BEN,Benin,2023-01-01,0.988431457780457
BEN,Benin,2023-02-01,0.02780284258520403
BEN,Benin,2023-03-01,0.5904411230048299
BEN,Benin,2023-04-01,-2.833991925642993
BEN,Benin,2023-05-01,1.226300671021909
BEN,Benin,2023-06-01,0.2176063778665894
BEN,Benin,2023-07-01,0.3336868822952817
BEN,Benin,2023-08-01,-2.785265049415987
BEN,Benin,2023-09-01,-0.6469500924214424
BEN,Benin,2023-10-01,0.8372093023255764
BEN,Benin,2023-11-01,1.845018450184517
BEN,Benin,2023-12-01,0.7246376811594181
BEN,Benin,2024-01-01,-0.6294964028777084
BEN,Benin,2024-02-01,1.447963800904973
BEN,Benin,2024-03-01,0.4460303300624799
BEN,Benin,2024-04-01,0.1776198934280389
BEN,Benin,2024-05-01,0.4432624113475531
BEN,Benin,2024-06-01,-1.323918799646963
BEN,Benin,2024-07-01,0.5366726296958098
BEN,Benin,2024-08-01,-0.8896797153024644
BEN,Benin,2024-09-01,-0.9874326750448732
BEN,Benin,2024-10-01,0.2719854941069727
BEN,Benin,2024-11-01,0.3616636528029422
BEN,Benin,2024-12-01,-0.1801801801802541
MLI,Mali,2019-01-01,-2.512077294685983
MLI,Mali,2019-02-01,-0.099108027750247
MLI,Mali,2019-03-01,-0.2976190476190569
MLI,Mali,2019-04-01,-0.3980099502487532
MLI,Mali,2019-05-01,0.09990009990009914
MLI,Mali,2019-06-01,1.29740518962076
MLI,Mali,2019-07-01,0.5911330049261039
MLI,Mali,2019-08-01,-0.6856023506366256
MLI,Mali,2019-09-01,0.0986193293885594
MLI,Mali,2019-10-01,-0.8866995073891673
MLI,Mali,2019-11-01,-0.2982107355864789
MLI,Mali,2019-12-01,-0.3988035892323001
MLI,Mali,2020-01-01,0.2002002002001987
MLI,Mali,2020-02-01,0.6993006993007057
MLI,Mali,2020-03-01,-2.182539682539689
MLI,Mali,2020-04-01,-0.3042596348884358
MLI,Mali,2020-05-01,0.8138351983723234
MLI,Mali,2020-06-01,1.816347124117063
MLI,Mali,2020-07-01,1.783944499504458
MLI,Mali,2020-08-01,0.6815968841285245
MLI,Mali,2020-09-01,-0.4835589941972884
MLI,Mali,2020-10-01,2.040816326530608
MLI,Mali,2020-11-01,-2.190476190476185
MLI,Mali,2020-12-01,-2.044790652385596
MLI,Mali,2021-01-01,0.2982107355864905
MLI,Mali,2021-02-01,0.99108027750247
MLI,Mali,2021-03-01,0.5888125613346488
MLI,Mali,2021-04-01,0.4878048780487768
MLI,Mali,2021-05-01,1.262135922330099
MLI,Mali,2021-06-01,0.6711409395973102
MLI,Mali,2021-07-01,-0.2857142857142836
MLI,Mali,2021-08-01,0.1910219675262641
MLI,Mali,2021-09-01,2.764537654909439
MLI,Mali,2021-10-01,1.020408163265309
MLI,Mali,2021-11-01,0.4591368227731829
MLI,Mali,2021-12-01,0.0914076782449719
MLI,Mali,2022-01-01,0.1826484018264826
MLI,Mali,2022-02-01,-0.1823154056517762
MLI,Mali,2022-03-01,0.9132420091324238
MLI,Mali,2022-04-01,1.809954751131219
MLI,Mali,2022-05-01,1.688888888888886
MLI,Mali,2022-06-01,0.5244755244755307
MLI,Mali,2022-07-01,1.826086956521725
MLI,Mali,2022-08-01,2.049530315969242
MLI,Mali,2022-09-01,0.41841004184105
MLI,Mali,2022-10-01,0
MLI,Mali,2022-11-01,-1.58333333333337
MLI,Mali,2022-12-01,-0.08467400508039025
MLI,Mali,2023-01-01,-1.355932203389859
MLI,Mali,2023-02-01,-0.3436426116838562
MLI,Mali,2023-03-01,2.499999999999981
MLI,Mali,2023-04-01,-1.682085786375093
MLI,Mali,2023-05-01,0.7698887938409338
MLI,Mali,2023-06-01,-0.2546689303905399
MLI,Mali,2023-07-01,0.255319148936218
MLI,Mali,2023-08-01,0.7640067911714215
MLI,Mali,2023-09-01,0.6739679865206353
MLI,Mali,2023-10-01,-1.422594142259355
MLI,Mali,2023-11-01,0.2546689303904408
MLI,Mali,2023-12-01,-0.5927180355630283
MLI,Mali,2024-01-01,-0.3407155025553636
MLI,Mali,2024-02-01,-0.9401709401709826
MLI,Mali,2024-03-01,0.5176876617774006
MLI,Mali,2024-04-01,1.2875536480687
MLI,Mali,2024-05-01,1.016949152542365
MLI,Mali,2024-06-01,2.768456375838856
MLI,Mali,2024-07-01,1.387755102040854
MLI,Mali,2024-08-01,1.529790660225478
MLI,Mali,2024-09-01,-0.07930214115785693
MLI,Mali,2024-10-01,-0.3174603174603151
MLI,Mali,2024-11-01,-1.353503184713319
MLI,Mali,2024-12-01,-0.564971751412472
MWI,Malawi,2019-01-01,3.457688808007273
MWI,Malawi,2019-02-01,1.319261213720321
MWI,Malawi,2019-03-01,0.3472222222222149
MWI,Malawi,2019-04-01,-3.892733564013841
MWI,Malawi,2019-05-01,-0.8100810081007996
MWI,Malawi,2019-06-01,-0.1814882032667972
MWI,Malawi,2019-07-01,0.9090909090909166
MWI,Malawi,2019-08-01,1.621621621621614
MWI,Malawi,2019-09-01,1.773049645390073
MWI,Malawi,2019-10-01,2.177700348432055
MWI,Malawi,2019-11-01,2.216538789428818
MWI,Malawi,2019-12-01,2.251876563803177
MWI,Malawi,2020-01-01,3.017944535073399
MWI,Malawi,2020-02-01,1.266825019794149
MWI,Malawi,2020-03-01,-0.7818608287724849
MWI,Malawi,2020-04-01,-4.176516942474388
MWI,Malawi,2020-05-01,-1.48026315789473
MWI,Malawi,2020-06-01,-0.3338898163606062
MWI,Malawi,2020-07-01,0.4187604690117226
MWI,Malawi,2020-08-01,1.19422210672644
MWI,Malawi,2020-09-01,1.340304635006491
MWI,Malawi,2020-10-01,2.526358648265666
MWI,Malawi,2020-11-01,2.049414855377068
MWI,Malawi,2020-12-01,2.550633957242511
MWI,Malawi,2021-01-01,3.079835715077884
MWI,Malawi,2021-02-01,1.865948348935407
MWI,Malawi,2021-03-01,0.9431829589464826
MWI,Malawi,2021-04-01,-5.06490032671476
MWI,Malawi,2021-05-01,-1.738659008461243
MWI,Malawi,2021-06-01,-0.1825511667193867
MWI,Malawi,2021-07-01,0.05325340924202437
MWI,Malawi,2021-08-01,0.9485721231861628
MWI,Malawi,2021-09-01,1.85395188322285
MWI,Malawi,2021-10-01,3.31728707059153
MWI,Malawi,2021-11-01,3.300719969822876
MWI,Malawi,2021-12-01,2.921666155312563
MWI,Malawi,2022-01-01,3.574103146882
MWI,Malawi,2022-02-01,2.6803868257908
MWI,Malawi,2022-03-01,1.952446588061819
MWI,Malawi,2022-04-01,-3.717699722537419
MWI,Malawi,2022-05-01,1.119465034037356
MWI,Malawi,2022-06-01,3.550333826028291
MWI,Malawi,2022-07-01,0.9287309507492364
MWI,Malawi,2022-08-01,1.661625475571285
MWI,Malawi,2022-09-01,2.153148783483069
MWI,Malawi,2022-10-01,4.027369468559318
MWI,Malawi,2022-11-01,2.57463857935683
MWI,Malawi,2022-12-01,2.593719769733541
MWI,Malawi,2023-01-01,3.954483065132495
MWI,Malawi,2023-02-01,3.330009970089731
MWI,Malawi,2023-03-01,2.186562954606181
MWI,Malawi,2023-04-01,-2.308284548003312
MWI,Malawi,2023-05-01,1.412639405204461
MWI,Malawi,2023-06-01,1.979472140762463
MWI,Malawi,2023-07-01,1.797268152408339
MWI,Malawi,2023-08-01,1.836158192090395
MWI,Malawi,2023-09-01,1.525658807212205
MWI,Malawi,2023-10-01,3.346994535519126
MWI,Malawi,2023-11-01,7.60079312623926
MWI,Malawi,2023-12-01,3.624078624078624
MWI,Malawi,2024-01-01,4.327208061647896
MWI,Malawi,2024-02-01,2.159090909090909
MWI,Malawi,2024-03-01,0.9454949944382648
MWI,Malawi,2024-04-01,-1.983471074380165
MWI,Malawi,2024-05-01,1.79876335019674
MWI,Malawi,2024-06-01,2.429596907785754
MWI,Malawi,2024-07-01,2.048517520215633
MWI,Malawi,2024-08-01,1.954569466455362
MWI,Malawi,2024-09-01,1.865284974093264
MWI,Malawi,2024-10-01,1.881993896236012
MWI,Malawi,2024-11-01,3.195207189216176
MWI,Malawi,2024-12-01,4.547653604257378
TZA,"Tanzania, United Republic of",2019-01-01,0.5498403689251502
TZA,"Tanzania, United Republic of",2019-02-01,1.102487211148353
TZA,"Tanzania, United Republic of",2019-03-01,1.395795167059235
TZA,"Tanzania, United Republic of",2019-04-01,0.507614213197969
TZA,"Tanzania, United Republic of",2019-05-01,0.350967300119841
TZA,"Tanzania, United Republic of",2019-06-01,-0.1706047939947088
TZA,"Tanzania, United Republic of",2019-07-01,-0.3588823378620886
TZA,"Tanzania, United Republic of",2019-08-01,-0.5145356315924906
TZA,"Tanzania, United Republic of",2019-09-01,-0.07757951900698258
TZA,"Tanzania, United Republic of",2019-10-01,-0.0690131124913703
TZA,"Tanzania, United Republic of",2019-11-01,0.4747928176795537
TZA,"Tanzania, United Republic of",2019-12-01,0.6100180427871809
TZA,"Tanzania, United Republic of",2020-01-01,0.4269854824935942
TZA,"Tanzania, United Republic of",2020-02-01,1.122448979591843
TZA,"Tanzania, United Republic of",2020-03-01,1.076353851328637
TZA,"Tanzania, United Republic of",2020-04-01,0.3910149750415662
TZA,"Tanzania, United Republic of",2020-05-01,0.2154636612247961
TZA,"Tanzania, United Republic of",2020-06-01,-0.1571156867608709
TZA,"Tanzania, United Republic of",2020-07-01,-0.1987742256087471
TZA,"Tanzania, United Republic of",2020-08-01,-0.5228215767634982
TZA,"Tanzania, United Republic of",2020-09-01,-0.2752982397597412
TZA,"Tanzania, United Republic of",2020-10-01,-0.09201940772963745
TZA,"Tanzania, United Republic of",2020-11-01,0.343297328979327
TZA,"Tanzania, United Republic of",2020-12-01,0.7927236315086592
TZA,"Tanzania, United Republic of",2021-01-01,0.7981051387116097
TZA,"Tanzania, United Republic of",2021-02-01,0.8962868117797695
TZA,"Tanzania, United Republic of",2021-03-01,0.9468957438500586
TZA,"Tanzania, United Republic of",2021-04-01,0.5221932114882507
TZA,"Tanzania, United Republic of",2021-05-01,0.2597402597402597
TZA,"Tanzania, United Republic of",2021-06-01,0.07676069852235655
TZA,"Tanzania, United Republic of",2021-07-01,0.01917545541706616
TZA,"Tanzania, United Republic of",2021-08-01,-0.4984662576687117
TZA,"Tanzania, United Republic of",2021-09-01,-0.08670520231213873
TZA,"Tanzania, United Republic of",2021-10-01,-0.09642271719217048
TZA,"Tanzania, United Republic of",2021-11-01,0.4536241675513947
TZA,"Tanzania, United Republic of",2021-12-01,0.8070714834742506
TZA,"Tanzania, United Republic of",2022-01-01,0.6385817765916889
TZA,"Tanzania, United Republic of",2022-02-01,0.5777062221801307
TZA,"Tanzania, United Republic of",2022-03-01,0.8380414312617702
TZA,"Tanzania, United Republic of",2022-04-01,0.7376972639835652
TZA,"Tanzania, United Republic of",2022-05-01,0.5005561735261402
TZA,"Tanzania, United Republic of",2022-06-01,0.4703929164360819
TZA,"Tanzania, United Republic of",2022-07-01,0.1101624896722666
TZA,"Tanzania, United Republic of",2022-08-01,-0.3851444291609354
TZA,"Tanzania, United Republic of",2022-09-01,0.09205560158335636
TZA,"Tanzania, United Republic of",2022-10-01,0
TZA,"Tanzania, United Republic of",2022-11-01,0.3954750298905546
TZA,"Tanzania, United Republic of",2022-12-01,0.7786735067790399
TZA,"Tanzania, United Republic of",2023-01-01,0.72720661758022
TZA,"Tanzania, United Republic of",2023-02-01,0.424149444995939
TZA,"Tanzania, United Republic of",2023-03-01,0.7638389647735442
TZA,"Tanzania, United Republic of",2023-04-01,0.3656470168554357
TZA,"Tanzania, United Republic of",2023-05-01,0.1599431313310823
TZA,"Tanzania, United Republic of",2023-06-01,0.07984386089425125
TZA,"Tanzania, United Republic of",2023-07-01,-0.1241024731850013
TZA,"Tanzania, United Republic of",2023-08-01,-0.3727700363894559
TZA,"Tanzania, United Republic of",2023-09-01,0.08908685968819599
TZA,"Tanzania, United Republic of",2023-10-01,-0.1513128615932354
TZA,"Tanzania, United Republic of",2023-11-01,0.4367980032091282
TZA,"Tanzania, United Republic of",2023-12-01,0.5946569628117511
TZA,"Tanzania, United Republic of",2024-01-01,0.6617257808364214
TZA,"Tanzania, United Republic of",2024-02-01,0.4908405644666491
TZA,"Tanzania, United Republic of",2024-03-01,0.7501090274749237
TZA,"Tanzania, United Republic of",2024-04-01,0.4761492511470868
TZA,"Tanzania, United Republic of",2024-05-01,0.1033947957952783
TZA,"Tanzania, United Republic of",2024-06-01,0.1032880013771734
TZA,"Tanzania, United Republic of",2024-07-01,-0.2235597592433362
TZA,"Tanzania, United Republic of",2024-08-01,-0.224060668734919
TZA,"Tanzania, United Republic of",2024-09-01,0.0863707030575229
TZA,"Tanzania, United Republic of",2024-10-01,-0.2934069727304108
TZA,"Tanzania, United Republic of",2024-11-01,0.441405573827246
TZA,"Tanzania, United Republic of",2024-12-01,0.7065919862128393
PER,Peru,2019-01-01,0.05726439790575539
PER,Peru,2019-02-01,0.1471670345842609
PER,Peru,2019-03-01,0.6694424034615042
PER,Peru,2019-04-01,0.227069986213604
PER,Peru,2019-05-01,0.08091269520187656
PER,Peru,2019-06-01,-0.06467782359123346
PER,Peru,2019-07-01,0.2346088504166301
PER,Peru,2019-08-01,0.1129943502824894
PER,Peru,2019-09-01,0.0403095775556324
PER,Peru,2019-10-01,0.1369973406398538
PER,Peru,2019-11-01,0.1046193465314688
PER,Peru,2019-12-01,0.1125492402926206
PER,Peru,2020-01-01,0.04818116116599029
PER,Peru,2020-02-01,0.1203948952564347
PER,Peru,2020-03-01,0.6092672759339445
PER,Peru,2020-04-01,0.4143426294820707
PER,Peru,2020-05-01,0.0079352483732751
PER,Peru,2020-06-01,-0.1824962310560996
PER,Peru,2020-07-01,0.6120826709062033
PER,Peru,2020-08-01,0.09480919649206115
PER,Peru,2020-09-01,0.157865656326465
PER,Peru,2020-10-01,-0.1260934667822471
PER,Peru,2020-11-01,0.33930403219442973
PER,Peru,2020-12-01,0.0393205410506392
PER,Peru,2021-01-01,0.8018237559940324
PER,Peru,2021-02-01,-0.00779848709350486
PER,Peru,2021-03-01,0.7565122445796199
PER,Peru,2021-04-01,0.04644322315969325
PER,Peru,2021-05-01,0.2166344294003831
PER,Peru,2021-06-01,0.532695128541656
PER,Peru,2021-07-01,1.036707111042848
PER,Peru,2021-08-01,1.064072356920273
PER,Peru,2021-09-01,0.564037000827255
PER,Peru,2021-10-01,0.5833084056236848
PER,Peru,2021-11-01,0.4460966542750997
PER,Peru,2021-12-01,0.7401924500370543
PER,Peru,2022-01-01,0.1812568106965707
PER,Peru,2022-02-01,0.312230491583352
PER,Peru,2022-03-01,1.496500330364037
PER,Peru,2022-04-01,1.130256909788165
PER,Peru,2022-05-01,0.3634802374046919
PER,Peru,2022-06-01,1.03490010808785
PER,Peru,2022-07-01,0.9968613256620806
PER,Peru,2022-08-01,0.6211603449418313
PER,Peru,2022-09-01,0.5556120010687017
PER,Peru,2022-10-01,0.4490690237800759
PER,Peru,2022-11-01,0.4462231693300971
PER,Peru,2022-12-01,0.6643677286968842
PER,Peru,2023-01-01,0.4617578299869017
PER,Peru,2023-02-01,0.4269942520357182
PER,Peru,2023-03-01,1.194280309393556
PER,Peru,2023-04-01,0.5495382921999125
PER,Peru,2023-05-01,0.3115365427339844
PER,Peru,2023-06-01,-0.1600253321263601
PER,Peru,2023-07-01,0.3443057843909335
PER,Peru,2023-08-01,0.399910000160714
PER,Peru,2023-09-01,0.06491883811287164
PER,Peru,2023-10-01,-0.2693717000633659
PER,Peru,2023-11-01,-0.2560195334081876
PER,Peru,2023-12-01,0.300007057938528
PER,Peru,2024-01-01,0.01104514703851995
PER,Peru,2024-02-01,0.4099612660971919
PER,Peru,2024-03-01,0.9438598109619368
PER,Peru,2024-04-01,-0.00729328587132359
PER,Peru,2024-05-01,-0.1283887692780878
PER,Peru,2024-06-01,0.07082514656983042
PER,Peru,2024-07-01,0.2361896034755905
PER,Peru,2024-08-01,0.2842497012382032
PER,Peru,2024-09-01,-0.2375604747738599
PER,Peru,2024-10-01,-0.09310352301591689
PER,Peru,2024-11-01,0.09415303773171446
PER,Peru,2024-12-01,0.10566799695095801
ARE,United Arab Emirates,2019-01-01,-0.1162291433427939
ARE,United Arab Emirates,2019-02-01,-0.2990281772704821
ARE,United Arab Emirates,2019-03-01,-0.5878477028341333
ARE,United Arab Emirates,2019-04-01,0.1707497811493635
ARE,United Arab Emirates,2019-05-01,0.9650584142796385
ARE,United Arab Emirates,2019-06-01,-0.03152234408878531
ARE,United Arab Emirates,2019-07-01,-0.7870615019650798
ARE,United Arab Emirates,2019-08-01,0.3293154614997934
ARE,United Arab Emirates,2019-09-01,-0.7381625882684669
ARE,United Arab Emirates,2019-10-01,-0.1622353504548498
ARE,United Arab Emirates,2019-11-01,0.123522855739611
ARE,United Arab Emirates,2019-12-01,-0.2273683028733996
ARE,United Arab Emirates,2020-01-01,-0.08707983408955645
ARE,United Arab Emirates,2020-02-01,-1.151009133078229
ARE,United Arab Emirates,2020-03-01,0.899896959502656
ARE,United Arab Emirates,2020-04-01,-0.9794815350701522
ARE,United Arab Emirates,2020-05-01,0.08801627545277461
ARE,United Arab Emirates,2020-06-01,0.3279702827462969
ARE,United Arab Emirates,2020-07-01,-0.565394106047284
ARE,United Arab Emirates,2020-08-01,-0.1353653366733446
ARE,United Arab Emirates,2020-09-01,-0.5158486774414786
ARE,United Arab Emirates,2020-10-01,0.04140863333456661
ARE,United Arab Emirates,2020-11-01,-0.1134449259406765
ARE,United Arab Emirates,2020-12-01,0.08799817314673938
ARE,United Arab Emirates,2021-01-01,0.1558872524659014
ARE,United Arab Emirates,2021-02-01,-0.4145858852350905
ARE,United Arab Emirates,2021-03-01,0.05676979846721056
ARE,United Arab Emirates,2021-04-01,0.4444444444444536
ARE,United Arab Emirates,2021-05-01,0.2541894181886634
ARE,United Arab Emirates,2021-06-01,0.1972016151751269
ARE,United Arab Emirates,2021-07-01,-0.0749765698219309
ARE,United Arab Emirates,2021-08-01,0.4314387544550806
ARE,United Arab Emirates,2021-09-01,0.1214045573402992
ARE,United Arab Emirates,2021-10-01,0.6995273761775509
ARE,United Arab Emirates,2021-11-01,0.5928463482536679
ARE,United Arab Emirates,2021-12-01,0.01841620626151514
ARE,United Arab Emirates,2022-01-01,0.01366769918917597
ARE,United Arab Emirates,2022-02-01,0.8394431735269027
ARE,United Arab Emirates,2022-03-01,1.086278435728155
ARE,United Arab Emirates,2022-04-01,1.613785731034964
ARE,United Arab Emirates,2022-05-01,-0.1662678202644636
ARE,United Arab Emirates,2022-06-01,1.319268648640949
ARE,United Arab Emirates,2022-07-01,1.555058193568111
ARE,United Arab Emirates,2022-08-01,-1.012736158455949
ARE,United Arab Emirates,2022-09-01,-1.13279683841856
ARE,United Arab Emirates,2022-10-01,-0.1218989081696698
ARE,United Arab Emirates,2022-11-01,0.4281527245596076
ARE,United Arab Emirates,2022-12-01,0.2767634639417753
ARE,United Arab Emirates,2023-01-01,-0.9993702728230488
ARE,United Arab Emirates,2023-02-01,0.76389160945175
ARE,United Arab Emirates,2023-03-01,0.3354597023558899
ARE,United Arab Emirates,2023-04-01,0.1279941982777392
ARE,United Arab Emirates,2023-05-01,-0.1609618337102697
ARE,United Arab Emirates,2023-06-01,-0.1795757288410344
ARE,United Arab Emirates,2023-07-01,0.3691839860302449
ARE,United Arab Emirates,2023-08-01,0.7591825212302886
ARE,United Arab Emirates,2023-09-01,0.7536684752275407
ARE,United Arab Emirates,2023-10-01,0.02081439024803885
ARE,United Arab Emirates,2023-11-01,-0.3868518960410629
ARE,United Arab Emirates,2023-12-01,0.02249700026401329
ARE,United Arab Emirates,2024-01-01,-0.1476777379654273
ARE,United Arab Emirates,2024-02-01,0.2303455671440004
ARE,United Arab Emirates,2024-03-01,0.2427148960039889
ARE,United Arab Emirates,2024-04-01,0.4844107325351233
ARE,United Arab Emirates,2024-05-01,0.1522082354301039
ARE,United Arab Emirates,2024-06-01,-0.1055853988056097
ARE,United Arab Emirates,2024-07-01,-0.02403923941966764
ARE,United Arab Emirates,2024-08-01,0.4394305774321079
ARE,United Arab Emirates,2024-09-01,-0.1112370486710245
ARE,United Arab Emirates,2024-10-01,-0.3094747204215188
ARE,United Arab Emirates,2024-11-01,0.3564980868014203
ARE,United Arab Emirates,2024-12-01,0.09285031696453444
PHL,Philippines,2019-01-01,0.09861932938856016
PHL,Philippines,2019-02-01,0.09852216748768472
PHL,Philippines,2019-03-01,0.0984251968503937
PHL,Philippines,2019-04-01,0.2949852507374631
PHL,Philippines,2019-05-01,0.196078431372549
PHL,Philippines,2019-06-01,-0.09784735812133072
PHL,Philippines,2019-07-01,0.2938295788442703
PHL,Philippines,2019-08-01,0.09765625
PHL,Philippines,2019-09-01,0.0975609756097561
PHL,Philippines,2019-10-01,0.2923976608187135
PHL,Philippines,2019-11-01,0.2915451895043732
PHL,Philippines,2019-12-01,0.5813953488372093
PHL,Philippines,2020-01-01,0.674373795761079
PHL,Philippines,2020-02-01,-0.3827751196172249
PHL,Philippines,2020-03-01,-0.1921229586935639
PHL,Philippines,2020-04-01,-0.0962463907603465
PHL,Philippines,2020-05-01,0
PHL,Philippines,2020-06-01,0.5780346820809249
PHL,Philippines,2020-07-01,0.4789272030651341
PHL,Philippines,2020-08-01,-0.09532888465204956
PHL,Philippines,2020-09-01,0.09541984732824428
PHL,Philippines,2020-10-01,0.3813155386081983
PHL,Philippines,2020-11-01,0.949667616334283
PHL,Philippines,2020-12-01,0.8466603951081844
PHL,Philippines,2021-01-01,1.119402985074627
PHL,Philippines,2021-02-01,0.09225092250922508
PHL,Philippines,2021-03-01,-0.2764976958525346
PHL,Philippines,2021-04-01,-0.09242144177449169
PHL,Philippines,2021-05-01,0
PHL,Philippines,2021-06-01,0.1850138760407031
PHL,Philippines,2021-07-01,0.4616805170821791
PHL,Philippines,2021-08-01,0.551470588235294
PHL,Philippines,2021-09-01,-0.09140767824497258
PHL,Philippines,2021-10-01,0.1829826166514181
PHL,Philippines,2021-11-01,0.6392694063926941
PHL,Philippines,2021-12-01,0.2722323049001815
PHL,Philippines,2022-01-01,1.085972850678733
PHL,Philippines,2022-02-01,0.08952551477170995
PHL,Philippines,2022-03-01,0.6261180679785331
PHL,Philippines,2022-04-01,0.8
PHL,Philippines,2022-05-01,0.4409171075837743
PHL,Philippines,2022-06-01,0.877963125548727
PHL,Philippines,2022-07-01,0.783289817232376
PHL,Philippines,2022-08-01,0.4317789291882556
PHL,Philippines,2022-09-01,0.4299226139294927
PHL,Philippines,2022-10-01,0.9417808219178082
PHL,Philippines,2022-11-01,0.9329940627650553
PHL,Philippines,2022-12-01,0.3361344537815126
PHL,Philippines,2023-01-01,1.675041876046901
PHL,Philippines,2023-02-01,0
PHL,Philippines,2023-03-01,-0.2471169686985173
PHL,Philippines,2023-04-01,-0.1651527663088357
PHL,Philippines,2023-05-01,0
PHL,Philippines,2023-06-01,0.1654259718775848
PHL,Philippines,2023-07-01,0.08257638315441784
PHL,Philippines,2023-08-01,1.072607260726073
PHL,Philippines,2023-09-01,1.142857142857143
PHL,Philippines,2023-10-01,-0.1614205004035513
PHL,Philippines,2023-11-01,0.1616814874696847
PHL,Philippines,2023-12-01,0.1614205004035513
PHL,Philippines,2024-01-01,0.5640612409347301
PHL,Philippines,2024-02-01,0.5608974358974359
PHL,Philippines,2024-03-01,0.0796812749003984
PHL,Philippines,2024-04-01,-0.07961783439490445
PHL,Philippines,2024-05-01,0.0796812749003984
PHL,Philippines,2024-06-01,0
PHL,Philippines,2024-07-01,0.7165605095541401
PHL,Philippines,2024-08-01,0.07905138339920949
PHL,Philippines,2024-09-01,-0.2369668246445498
PHL,Philippines,2024-10-01,0.1583531274742676
PHL,Philippines,2024-11-01,0.3952569169960474
PHL,Philippines,2024-12-01,0.5511811023622047
ISR,Israel,2019-01-01,-0.1060445387062624
ISR,Israel,2019-02-01,0.106157112526545
ISR,Israel,2019-03-01,0.5302226935312777
ISR,Israel,2019-04-01,0.3164556962025375
ISR,Israel,2019-05-01,0.630914826498423
ISR,Israel,2019-06-01,-0.5224660397074249
ISR,Israel,2019-07-01,-0.3151260504201626
ISR,Israel,2019-08-01,0.2107481559536355
ISR,Israel,2019-09-01,-0.210304942166141
ISR,Israel,2019-10-01,0.421496311907271
ISR,Israel,2019-11-01,-0.4197271773347326
ISR,Israel,2019-12-01,0
ISR,Israel,2020-01-01,-0.421496311907271
ISR,Israel,2020-02-01,-0.1058201058201116
ISR,Israel,2020-03-01,0.4237288135593223
ISR,Israel,2020-04-01,-0.3164556962025262
ISR,Israel,2020-05-01,-0.3174603174603233
ISR,Israel,2020-06-01,-0.1061571125265336
ISR,Israel,2020-07-01,0.2125398512221043
ISR,Israel,2020-08-01,0
ISR,Israel,2020-09-01,-0.1060445387062624
ISR,Israel,2020-10-01,0.3184713375796237
ISR,Israel,2020-11-01,-0.2116402116402117
ISR,Israel,2020-12-01,-0.1060445387062624
ISR,Israel,2021-01-01,0
ISR,Israel,2021-02-01,0.2280501710376283
ISR,Israel,2021-03-01,0.5688282138794084
ISR,Israel,2021-04-01,0.3393665158371041
ISR,Israel,2021-05-01,0.4509582863585118
ISR,Israel,2021-06-01,0.1122334455667789
ISR,Israel,2021-07-01,0.336322869955157
ISR,Israel,2021-08-01,0.335195530726257
ISR,Israel,2021-09-01,0.111358574610245
ISR,Israel,2021-10-01,0.1112347052280311
ISR,Israel,2021-11-01,-0.1111111111111111
ISR,Israel,2021-12-01,0.3337041156840934
ISR,Israel,2022-01-01,0.2217294900221729
ISR,Israel,2022-02-01,0.663716814159292
ISR,Israel,2022-03-01,0.5494505494505495
ISR,Israel,2022-04-01,0.7650273224043715
ISR,Israel,2022-05-01,0.6507592190889371
ISR,Israel,2022-06-01,0.3232758620689655
ISR,Israel,2022-07-01,1.181525241675618
ISR,Israel,2022-08-01,-0.3184713375796178
ISR,Israel,2022-09-01,0.2129925452609159
ISR,Israel,2022-10-01,0.5313496280552604
ISR,Israel,2022-11-01,0.105708245243129
ISR,Israel,2022-12-01,0.3167898627243928
ISR,Israel,2023-01-01,0.3157894736842105
ISR,Israel,2023-02-01,0.4197271773347324
ISR,Israel,2023-03-01,0.4179728317659352
ISR,Israel,2023-04-01,0.72840790842872
ISR,Israel,2023-05-01,0.2066115702479339
ISR,Israel,2023-06-01,0
ISR,Israel,2023-07-01,0.3092783505154639
ISR,Israel,2023-08-01,0.513874614594039
ISR,Israel,2023-09-01,-0.1022494887525562
ISR,Israel,2023-10-01,0.4094165813715455
ISR,Israel,2023-11-01,-0.2038735983690112
ISR,Israel,2023-12-01,-0.1021450459652707
ISR,Israel,2024-01-01,0
ISR,Israel,2024-02-01,0.3067484662576687
ISR,Israel,2024-03-01,0.6116207951070336
ISR,Israel,2024-04-01,0.8105369807497467
ISR,Israel,2024-05-01,0.2010050251256281
ISR,Israel,2024-06-01,0.1003009027081244
ISR,Israel,2024-07-01,0.6012024048096192
ISR,Israel,2024-08-01,0.896414342629482
ISR,Israel,2024-09-01,-0.1974333662388944
ISR,Israel,2024-10-01,0.4945598417408506
ISR,Israel,2024-11-01,-0.3937007874015748
ISR,Israel,2024-12-01,-0.2964426877470356
JOR,Jordan,2019-01-01,-0.8455303121154895
JOR,Jordan,2019-02-01,-0.2704576797246342
JOR,Jordan,2019-03-01,0.3598942152718922
JOR,Jordan,2019-04-01,0.4894290762883901
JOR,Jordan,2019-05-01,0.1341545840172179
JOR,Jordan,2019-06-01,0.5156176515089611
JOR,Jordan,2019-07-01,0.03710187649722832
JOR,Jordan,2019-08-01,0.07021153290685206
JOR,Jordan,2019-09-01,-0.330013397537516
JOR,Jordan,2019-10-01,0.3699812448808984
JOR,Jordan,2019-11-01,0.06859730351811899
JOR,Jordan,2019-12-01,0.1738376626556936
JOR,Jordan,2020-01-01,0.0496261938960936
JOR,Jordan,2020-02-01,-0.04609309113826324
JOR,Jordan,2020-03-01,0.5219168079920893
JOR,Jordan,2020-04-01,-0.9840824186932936
JOR,Jordan,2020-05-01,-0.6506719243938515
JOR,Jordan,2020-06-01,0.1173033140782277
JOR,Jordan,2020-07-01,0.08486024271982556
JOR,Jordan,2020-08-01,0.06497060763177756
JOR,Jordan,2020-09-01,0.3365530850201074
JOR,Jordan,2020-10-01,0.2877661326855037
JOR,Jordan,2020-11-01,0.1345516544498608
JOR,Jordan,2020-12-01,-0.3076699805261552
JOR,Jordan,2021-01-01,0.1033374654755678
JOR,Jordan,2021-02-01,0.6867670370542333
JOR,Jordan,2021-03-01,0.2920935561278981
JOR,Jordan,2021-04-01,0.09783778495254868
JOR,Jordan,2021-05-01,-0.2541296060991105
JOR,Jordan,2021-06-01,0.2351788339049486
JOR,Jordan,2021-07-01,0.1564180271776322
JOR,Jordan,2021-08-01,0.2244997559785261
JOR,Jordan,2021-09-01,0.1799017290426568
JOR,Jordan,2021-10-01,0.05686758279197343
JOR,Jordan,2021-11-01,0.1285205041648169
JOR,Jordan,2021-12-01,0.4658523512858868
JOR,Jordan,2022-01-01,0.1673627196232489
JOR,Jordan,2022-02-01,0.1880522125644995
JOR,Jordan,2022-03-01,0.7947635595767032
JOR,Jordan,2022-04-01,1.203267784997415
JOR,Jordan,2022-05-01,0.5062911397095757
JOR,Jordan,2022-06-01,0.9878173933931746
JOR,Jordan,2022-07-01,0.3180042968769544
JOR,Jordan,2022-08-01,0.2437914256470298
JOR,Jordan,2022-09-01,0.2060048696856786
JOR,Jordan,2022-10-01,-0.093119223718467
JOR,Jordan,2022-11-01,-0.1041774315052317
JOR,Jordan,2022-12-01,-0.1342622851259615
JOR,Jordan,2023-01-01,-0.3959306652235294
JOR,Jordan,2023-02-01,0.6504367217989221
JOR,Jordan,2023-03-01,0.4708271787296898
JOR,Jordan,2023-04-01,0.2389047137737756
JOR,Jordan,2023-05-01,-0.431314703323861
JOR,Jordan,2023-06-01,0.1971865515160571
JOR,Jordan,2023-07-01,0.06906001119563374
JOR,Jordan,2023-08-01,0.2041108324979895
JOR,Jordan,2023-09-01,0.5190682013883002
JOR,Jordan,2023-10-01,0.07826403805528684
JOR,Jordan,2023-11-01,-0.2011842459210341
JOR,Jordan,2023-12-01,0.232044437734163
JOR,Jordan,2024-01-01,-0.08489210752892232
JOR,Jordan,2024-02-01,0.2716145690554963
JOR,Jordan,2024-03-01,0.5315042687068283
JOR,Jordan,2024-04-01,-0.0919602672889854
JOR,Jordan,2024-05-01,0.0686917634825848
JOR,Jordan,2024-06-01,0.1472279205303457
JOR,Jordan,2024-07-01,0.2354451329039735
JOR,Jordan,2024-08-01,0.1480215727903713
JOR,Jordan,2024-09-01,-0.3244824608357245
JOR,Jordan,2024-10-01,-0.1759914030791672
JOR,Jordan,2024-11-01,0.3899393754329705
JOR,Jordan,2024-12-01,0.6447813418275714
BRN,Brunei Darussalam,2019-01-01,-0.2124946919205305
BRN,Brunei Darussalam,2019-02-01,0.1848501346970366
BRN,Brunei Darussalam,2019-03-01,0.1263599003653043
BRN,Brunei Darussalam,2019-04-01,-0.0685882877410203
BRN,Brunei Darussalam,2019-05-01,-0.7215639301345455
BRN,Brunei Darussalam,2019-06-01,0.00946849151183261
BRN,Brunei Darussalam,2019-07-01,0.4702408192517248
BRN,Brunei Darussalam,2019-08-01,-0.3073284426629631
BRN,Brunei Darussalam,2019-09-01,0.7099391480730223
BRN,Brunei Darussalam,2019-10-01,-0.1581973816717019
BRN,Brunei Darussalam,2019-11-01,0.0676094740410585
BRN,Brunei Darussalam,2019-12-01,0.180244036031067
BRN,Brunei Darussalam,2020-01-01,0.6095960951721301
BRN,Brunei Darussalam,2020-02-01,0.5306784974353123
BRN,Brunei Darussalam,2020-03-01,0.3060225248813035
BRN,Brunei Darussalam,2020-04-01,0.2353398310135054
BRN,Brunei Darussalam,2020-05-01,-0.1684076841237393
BRN,Brunei Darussalam,2020-06-01,0.09910802775024775
BRN,Brunei Darussalam,2020-07-01,-0.1334158415841584
BRN,Brunei Darussalam,2020-08-01,-0.1532539700243642
BRN,Brunei Darussalam,2020-09-01,0.1014688910321022
BRN,Brunei Darussalam,2020-10-01,0.4555073628503348
BRN,Brunei Darussalam,2020-11-01,0.1897265455322479
BRN,Brunei Darussalam,2020-12-01,-0.08653297551915104
BRN,Brunei Darussalam,2021-01-01,0.4688664749521116
BRN,Brunei Darussalam,2021-02-01,0.4654412841097544
BRN,Brunei Darussalam,2021-03-01,0.3147886764421755
BRN,Brunei Darussalam,2021-04-01,-0.4674718138412963
BRN,Brunei Darussalam,2021-05-01,-0.1310487965660498
BRN,Brunei Darussalam,2021-06-01,0.5914097788426935
BRN,Brunei Darussalam,2021-07-01,-0.2385480564627388
BRN,Brunei Darussalam,2021-08-01,0.2281997281839068
BRN,Brunei Darussalam,2021-09-01,0.3783820969298159
BRN,Brunei Darussalam,2021-10-01,0.1078680584933768
BRN,Brunei Darussalam,2021-11-01,0.2611953975462605
BRN,Brunei Darussalam,2021-12-01,0.1911597073829912
BRN,Brunei Darussalam,2022-01-01,1.116940949520754
BRN,Brunei Darussalam,2022-02-01,0.770462307711061
BRN,Brunei Darussalam,2022-03-01,0.9061361620542456
BRN,Brunei Darussalam,2022-04-01,-0.2944861326990165
BRN,Brunei Darussalam,2022-05-01,-0.306735625714953
BRN,Brunei Darussalam,2022-06-01,0.7715109091395089
BRN,Brunei Darussalam,2022-07-01,-0.09199695608041548
BRN,Brunei Darussalam,2022-08-01,0.5917779534739182
BRN,Brunei Darussalam,2022-09-01,0.1978949771663946
BRN,Brunei Darussalam,2022-10-01,-0.6454277361916748
BRN,Brunei Darussalam,2022-11-01,-0.1423521750653513
BRN,Brunei Darussalam,2022-12-01,0.3858416464678419
BRN,Brunei Darussalam,2023-01-01,-0.6895315519959836
BRN,Brunei Darussalam,2023-02-01,0.4896210205881927
BRN,Brunei Darussalam,2023-03-01,0.1038263089892307
BRN,Brunei Darussalam,2023-04-01,-0.4823799957678087
BRN,Brunei Darussalam,2023-05-01,0.2798562128855095
BRN,Brunei Darussalam,2023-06-01,0.2286441269517195
BRN,Brunei Darussalam,2023-07-01,-0.2174035848537088
BRN,Brunei Darussalam,2023-08-01,0.3602543516635484
BRN,Brunei Darussalam,2023-09-01,-0.3393145333746572
BRN,Brunei Darussalam,2023-10-01,0.0854879235338434
BRN,Brunei Darussalam,2023-11-01,0.01557104878550969
BRN,Brunei Darussalam,2023-12-01,0.8473525848784936
BRN,Brunei Darussalam,2024-01-01,-1.256313737781106
BRN,Brunei Darussalam,2024-02-01,-0.1257808973510152
BRN,Brunei Darussalam,2024-03-01,0.09800130220015148
BRN,Brunei Darussalam,2024-04-01,-0.1346070420723469
BRN,Brunei Darussalam,2024-05-01,0.2869615760720529
BRN,Brunei Darussalam,2024-06-01,0.1033356983315715
BRN,Brunei Darussalam,2024-07-01,-0.3324170893302925
BRN,Brunei Darussalam,2024-08-01,0.2726658289653106
BRN,Brunei Darussalam,2024-09-01,-0.279642727559154
BRN,Brunei Darussalam,2024-10-01,-0.2789833505128741
BRN,Brunei Darussalam,2024-11-01,0.2927192790731059
BRN,Brunei Darussalam,2024-12-01,0.9117922547475996
WSM,Samoa,2019-01-01,-1.635157194472434
WSM,Samoa,2019-02-01,0.6868330897774684
WSM,Samoa,2019-03-01,1.653138009555235
WSM,Samoa,2019-04-01,-0.1590580327400023
WSM,Samoa,2019-05-01,1.125002789253439
WSM,Samoa,2019-06-01,0.3973097074194357
WSM,Samoa,2019-07-01,1.542686008997436
WSM,Samoa,2019-08-01,-0.08102763876509161
WSM,Samoa,2019-09-01,0.08243999234846731
WSM,Samoa,2019-10-01,-0.1857544917787863
WSM,Samoa,2019-11-01,-0.1198607376006708
WSM,Samoa,2019-12-01,-0.809587340269257
WSM,Samoa,2020-01-01,0.7328811378457191
WSM,Samoa,2020-02-01,0.6948179046077771
WSM,Samoa,2020-03-01,0.5071590978459007
WSM,Samoa,2020-04-01,-2.80358343381629
WSM,Samoa,2020-05-01,-2.001880945879875
WSM,Samoa,2020-06-01,-0.8096216112528936
WSM,Samoa,2020-07-01,1.288983654005851
WSM,Samoa,2020-08-01,0.6563492158206036
WSM,Samoa,2020-09-01,-1.261588283529427
WSM,Samoa,2020-10-01,-1.917780448319713
WSM,Samoa,2020-11-01,-0.4024297501233717
WSM,Samoa,2020-12-01,0.2008429828959309
WSM,Samoa,2021-01-01,0.2833438526795167
WSM,Samoa,2021-02-01,1.886479785413053
WSM,Samoa,2021-03-01,1.403583547769159
WSM,Samoa,2021-04-01,-0.02591743245257827
WSM,Samoa,2021-05-01,0.570293822302761
WSM,Samoa,2021-06-01,1.393345965134271
WSM,Samoa,2021-07-01,1.690331245247008
WSM,Samoa,2021-08-01,1.527906763967139
WSM,Samoa,2021-09-01,0.03746321539499919
WSM,Samoa,2021-10-01,0.7368864737796527
WSM,Samoa,2021-11-01,-0.500180672172884
WSM,Samoa,2021-12-01,2.026804141757771
WSM,Samoa,2022-01-01,-0.4254041918937531
WSM,Samoa,2022-02-01,0.4415267092878553
WSM,Samoa,2022-03-01,0.7050770618982007
WSM,Samoa,2022-04-01,0.9146600660139416
WSM,Samoa,2022-05-01,0.07118045958212799
WSM,Samoa,2022-06-01,3.184423252518427
WSM,Samoa,2022-07-01,3.556417627052877
WSM,Samoa,2022-08-01,3.594938906496358
WSM,Samoa,2022-09-01,0.155566487456024
WSM,Samoa,2022-10-01,-1.791791648784435
WSM,Samoa,2022-11-01,-2.472068221868284
WSM,Samoa,2022-12-01,-0.4467789854172736
WSM,Samoa,2023-01-01,3.346054687132915
WSM,Samoa,2023-02-01,0.6397979863657293
WSM,Samoa,2023-03-01,0.638986926323392
WSM,Samoa,2023-04-01,1.550434346379903
WSM,Samoa,2023-05-01,-0.2192490284431681
WSM,Samoa,2023-06-01,1.817984139687641
WSM,Samoa,2023-07-01,0.02333692930722895
WSM,Samoa,2023-08-01,-0.8700809166372452
WSM,Samoa,2023-09-01,-0.7979271638933831
WSM,Samoa,2023-10-01,0.4326157187382669
WSM,Samoa,2023-11-01,0.08956636417668205
WSM,Samoa,2023-12-01,-0.2882766013546721
WSM,Samoa,2024-01-01,1.069540358471098
WSM,Samoa,2024-02-01,0.05470226637945377
WSM,Samoa,2024-03-01,0.1915106468664066
WSM,Samoa,2024-04-01,0.4105436585034357
WSM,Samoa,2024-05-01,1.11794986939153
WSM,Samoa,2024-06-01,-0.5637271869218609
WSM,Samoa,2024-07-01,-1.640248111541777
WSM,Samoa,2024-08-01,0.2357649456828144
WSM,Samoa,2024-09-01,1.223377258815593
WSM,Samoa,2024-10-01,1.025767494491415
WSM,Samoa,2024-11-01,-0.819030067617306
WSM,Samoa,2024-12-01,0.5399509165171438
POL,"Poland, Republic of",2019-01-01,-0.2352941176470588
POL,"Poland, Republic of",2019-02-01,0.3930817610062893
POL,"Poland, Republic of",2019-03-01,0.3132341425215348
POL,"Poland, Republic of",2019-04-01,1.092896174863388
POL,"Poland, Republic of",2019-05-01,0.2316602316602317
POL,"Poland, Republic of",2019-06-01,0.3081664098613251
POL,"Poland, Republic of",2019-07-01,0
POL,"Poland, Republic of",2019-08-01,0
POL,"Poland, Republic of",2019-09-01,0
POL,"Poland, Republic of",2019-10-01,0.2304147465437788
POL,"Poland, Republic of",2019-11-01,0.07662835249042146
POL,"Poland, Republic of",2019-12-01,0.7656967840735069
POL,"Poland, Republic of",2020-01-01,0.911854103343465
POL,"Poland, Republic of",2020-02-01,0.677710843373494
POL,"Poland, Republic of",2020-03-01,0.2243829468960359
POL,"Poland, Republic of",2020-04-01,-0.07462686567164178
POL,"Poland, Republic of",2020-05-01,-0.2240477968633308
POL,"Poland, Republic of",2020-06-01,0.5988023952095808
POL,"Poland, Republic of",2020-07-01,-0.2232142857142857
POL,"Poland, Republic of",2020-08-01,-0.07457121551081283
POL,"Poland, Republic of",2020-09-01,0.2238805970149254
POL,"Poland, Republic of",2020-10-01,0.07446016381236038
POL,"Poland, Republic of",2020-11-01,0.0744047619047619
POL,"Poland, Republic of",2020-12-01,0.07434944237918216
POL,"Poland, Republic of",2021-01-01,1.263001485884101
POL,"Poland, Republic of",2021-02-01,0.5135730007336757
POL,"Poland, Republic of",2021-03-01,1.021897810218978
POL,"Poland, Republic of",2021-04-01,0.7947976878612717
POL,"Poland, Republic of",2021-05-01,0.2867383512544803
POL,"Poland, Republic of",2021-06-01,0.07147962830593281
POL,"Poland, Republic of",2021-07-01,0.4285714285714286
POL,"Poland, Republic of",2021-08-01,0.2844950213371266
POL,"Poland, Republic of",2021-09-01,0.7092198581560284
POL,"Poland, Republic of",2021-10-01,1.126760563380282
POL,"Poland, Republic of",2021-11-01,0.9749303621169916
POL,"Poland, Republic of",2021-12-01,0.896551724137931
POL,"Poland, Republic of",2022-01-01,1.913875598086124
POL,"Poland, Republic of",2022-02-01,-0.2682763246143528
POL,"Poland, Republic of",2022-03-01,3.295225285810356
POL,"Poland, Republic of",2022-04-01,2.018229166666667
POL,"Poland, Republic of",2022-05-01,1.723037651563497
POL,"Poland, Republic of",2022-06-01,1.50564617314931
POL,"Poland, Republic of",2022-07-01,0.4944375772558714
POL,"Poland, Republic of",2022-08-01,0.7995079950799509
POL,"Poland, Republic of",2022-09-01,1.586333129957291
POL,"Poland, Republic of",2022-10-01,1.801801801801802
POL,"Poland, Republic of",2022-11-01,0.7079646017699115
POL,"Poland, Republic of",2022-12-01,0.1171646162858817
POL,"Poland, Republic of",2023-01-01,2.516091281451141
POL,"Poland, Republic of",2023-02-01,1.198630136986301
POL,"Poland, Republic of",2023-03-01,1.128031584884377
POL,"Poland, Republic of",2023-04-01,0.7250418293363079
POL,"Poland, Republic of",2023-05-01,0
POL,"Poland, Republic of",2023-06-01,0
POL,"Poland, Republic of",2023-07-01,-0.221483942414175
POL,"Poland, Republic of",2023-08-01,0
POL,"Poland, Republic of",2023-09-01,-0.388457269700333
POL,"Poland, Republic of",2023-10-01,0.2785515320334262
POL,"Poland, Republic of",2023-11-01,0.7222222222222222
POL,"Poland, Republic of",2023-12-01,0.1103143960286817
POL,"Poland, Republic of",2024-01-01,0.4
POL,"Poland, Republic of",2024-02-01,0.3
POL,"Poland, Republic of",2024-03-01,0.2
POL,"Poland, Republic of",2024-04-01,1.071199997493985
POL,"Poland, Republic of",2024-05-01,0.1080497028633171
POL,"Poland, Republic of",2024-06-01,0.1079330814894765
POL,"Poland, Republic of",2024-07-01,1.401617250673854
POL,"Poland, Republic of",2024-08-01,0.1063264221158958
POL,"Poland, Republic of",2024-09-01,0.1062134891131174
POL,"Poland, Republic of",2024-10-01,0.3183023872679045
POL,"Poland, Republic of",2024-11-01,0.4759386567953464
POL,"Poland, Republic of",2024-12-01,0
GTM,Guatemala,2019-01-01,1.349084810034279
GTM,Guatemala,2019-02-01,0.1367103180313725
GTM,Guatemala,2019-03-01,-0.04311273981461687
GTM,Guatemala,2019-04-01,0.6038386888074166
GTM,Guatemala,2019-05-01,0.2643801357627784
GTM,Guatemala,2019-06-01,0.8266818700114009
GTM,Guatemala,2019-07-01,-0.05654509471303991
GTM,Guatemala,2019-08-01,-0.862800565770863
GTM,Guatemala,2019-09-01,-0.5849621914681058
GTM,Guatemala,2019-10-01,0.6960390355912718
GTM,Guatemala,2019-11-01,0.4418157200883593
GTM,Guatemala,2019-12-01,0.6030507272082365
GTM,Guatemala,2020-01-01,-0.2397743300423182
GTM,Guatemala,2020-02-01,-0.402940760639053
GTM,Guatemala,2020-03-01,0.4826460359145411
GTM,Guatemala,2020-04-01,0.7134279861552657
GTM,Guatemala,2020-05-01,0.1893673727030389
GTM,Guatemala,2020-06-01,1.407070353517681
GTM,Guatemala,2020-07-01,0.4210962308435732
GTM,Guatemala,2020-08-01,0.3987076373135347
GTM,Guatemala,2020-09-01,0.157480314960628
GTM,Guatemala,2020-10-01,1.059611703582168
GTM,Guatemala,2020-11-01,0.554691199350611
GTM,Guatemala,2020-12-01,-0.00672721157080025
GTM,Guatemala,2021-01-01,0.1547362755651219
GTM,Guatemala,2021-02-01,0.3157116947672391
GTM,Guatemala,2021-03-01,0.3348064818534937
GTM,Guatemala,2021-04-01,0.1067805659369997
GTM,Guatemala,2021-05-01,0.1599999999999945
GTM,Guatemala,2021-06-01,0.1863684771033047
GTM,Guatemala,2021-07-01,0.3321817698644748
GTM,Guatemala,2021-08-01,0.2052708250562764
GTM,Guatemala,2021-09-01,0.211458402167449
GTM,Guatemala,2021-10-01,0.3626772172766339
GTM,Guatemala,2021-11-01,0.4862023653088037
GTM,Guatemala,2021-12-01,0.1700013077023658
GTM,Guatemala,2022-01-01,-0.03916449086162029
GTM,Guatemala,2022-02-01,0.4244482173174845
GTM,Guatemala,2022-03-01,1.495545874244103
GTM,Guatemala,2022-04-01,0.5381510666922911
GTM,Guatemala,2022-05-01,1.306314917479133
GTM,Guatemala,2022-06-01,1.830418920618939
GTM,Guatemala,2022-07-01,1.080980912965599
GTM,Guatemala,2022-08-01,0.6844292349058922
GTM,Guatemala,2022-09-01,0.3580966253945093
GTM,Guatemala,2022-10-01,0.9797399455699984
GTM,Guatemala,2022-11-01,-0.00598909983829105
GTM,Guatemala,2022-12-01,0.2335888835649242
GTM,Guatemala,2023-01-01,0.3764565282342436
GTM,Guatemala,2023-02-01,0.6369805929277262
GTM,Guatemala,2023-03-01,0.3785862170955346
GTM,Guatemala,2023-04-01,0.1708998762449169
GTM,Guatemala,2023-05-01,-0.3588657489116367
GTM,Guatemala,2023-06-01,0.295211666765075
GTM,Guatemala,2023-07-01,0.7005357037734732
GTM,Guatemala,2023-08-01,0.6255115164269814
GTM,Guatemala,2023-09-01,0.5635275663742499
GTM,Guatemala,2023-10-01,1.265164644714076
GTM,Guatemala,2023-11-01,-0.6560556791602802
GTM,Guatemala,2023-12-01,0.1148501205926544
GTM,Guatemala,2024-01-01,0.03
GTM,Guatemala,2024-02-01,0.1399580125962211
GTM,Guatemala,2024-03-01,0.3094738943795548
GTM,Guatemala,2024-04-01,0.2886146496815287
GTM,Guatemala,2024-05-01,0.02977076510866329
GTM,Guatemala,2024-06-01,0.1587301587301587
GTM,Guatemala,2024-07-01,0.8617274167987322
GTM,Guatemala,2024-08-01,-0.05892173229892959
GTM,Guatemala,2024-09-01,-0.3832170580721234
GTM,Guatemala,2024-10-01,0.3353718682185835
GTM,Guatemala,2024-11-01,-0.1769563507668109
GTM,Guatemala,2024-12-01,0.157573370100453
KNA,St. Kitts and Nevis,2019-01-01,-0.4061157953906689
KNA,St. Kitts and Nevis,2019-02-01,-0.6747063622969776
KNA,St. Kitts and Nevis,2019-03-01,0.8569892819927761
KNA,St. Kitts and Nevis,2019-04-01,-0.154134109297379
KNA,St. Kitts and Nevis,2019-05-01,-0.08464215179159221
KNA,St. Kitts and Nevis,2019-06-01,-0.4706325301204819
KNA,St. Kitts and Nevis,2019-07-01,0.2382938339322867
KNA,St. Kitts and Nevis,2019-08-01,0.4683633025229149
KNA,St. Kitts and Nevis,2019-09-01,-1.288167732568999
KNA,St. Kitts and Nevis,2019-10-01,-0.06477441953339567
KNA,St. Kitts and Nevis,2019-11-01,0.3566173535846086
KNA,St. Kitts and Nevis,2019-12-01,0.4048607604694128
KNA,St. Kitts and Nevis,2020-01-01,-0.6881826169107227
KNA,St. Kitts and Nevis,2020-02-01,0.1085594633596315
KNA,St. Kitts and Nevis,2020-03-01,0.05678131321890537
KNA,St. Kitts and Nevis,2020-04-01,-0.6274063229236583
KNA,St. Kitts and Nevis,2020-05-01,-0.5887623311135407
KNA,St. Kitts and Nevis,2020-06-01,0.3340185245329968
KNA,St. Kitts and Nevis,2020-07-01,0.0759808297962293
KNA,St. Kitts and Nevis,2020-08-01,-0.1159341563540148
KNA,St. Kitts and Nevis,2020-09-01,0.00537841558145877
KNA,St. Kitts and Nevis,2020-10-01,0.2716226964982225
KNA,St. Kitts and Nevis,2020-11-01,0.1800132696195064
KNA,St. Kitts and Nevis,2020-12-01,-0.1924749000056936
KNA,St. Kitts and Nevis,2021-01-01,0.8748337476099426
KNA,St. Kitts and Nevis,2021-02-01,0.06698113920044833
KNA,St. Kitts and Nevis,2021-03-01,0.06330390149906524
KNA,St. Kitts and Nevis,2021-04-01,0.1767534500374847
KNA,St. Kitts and Nevis,2021-05-01,-0.4717865963780925
KNA,St. Kitts and Nevis,2021-06-01,0.3797228023542814
KNA,St. Kitts and Nevis,2021-07-01,0.397200680915453
KNA,St. Kitts and Nevis,2021-08-01,0.04709871891484552
KNA,St. Kitts and Nevis,2021-09-01,-0.103568402222013
KNA,St. Kitts and Nevis,2021-10-01,-0.2450518378887842
KNA,St. Kitts and Nevis,2021-11-01,0.3401360544217687
KNA,St. Kitts and Nevis,2021-12-01,0.3954802259887006
KNA,St. Kitts and Nevis,2022-01-01,-0.05627462014631401
KNA,St. Kitts and Nevis,2022-02-01,0
KNA,St. Kitts and Nevis,2022-03-01,0.3003003003003003
KNA,St. Kitts and Nevis,2022-04-01,1.26309880239521
KNA,St. Kitts and Nevis,2022-05-01,0.1847916474175367
KNA,St. Kitts and Nevis,2022-06-01,0.4980171539241907
KNA,St. Kitts and Nevis,2022-07-01,0.3854271817931541
KNA,St. Kitts and Nevis,2022-08-01,0.5210713959228449
KNA,St. Kitts and Nevis,2022-09-01,-1.054929065114587
KNA,St. Kitts and Nevis,2022-10-01,0.7996323529411765
KNA,St. Kitts and Nevis,2022-11-01,0.7841706938998815
KNA,St. Kitts and Nevis,2022-12-01,0.1809463494074007
KNA,St. Kitts and Nevis,2023-01-01,0.9753454348415064
KNA,St. Kitts and Nevis,2023-02-01,0.4650746802611573
KNA,St. Kitts and Nevis,2023-03-01,0.569749844209027
KNA,St. Kitts and Nevis,2023-04-01,-0.0088519075860848
KNA,St. Kitts and Nevis,2023-05-01,-0.4160764872521246
KNA,St. Kitts and Nevis,2023-06-01,-0.2578006933949684
KNA,St. Kitts and Nevis,2023-07-01,0.196078431372549
KNA,St. Kitts and Nevis,2023-08-01,0.186799501867995
KNA,St. Kitts and Nevis,2023-09-01,0.1509366953742342
KNA,St. Kitts and Nevis,2023-10-01,0.2039007092198582
KNA,St. Kitts and Nevis,2023-11-01,-0.03538883482261347
KNA,St. Kitts and Nevis,2023-12-01,-0.4425170369059209
KNA,St. Kitts and Nevis,2024-01-01,0.8622988710107565
KNA,St. Kitts and Nevis,2024-02-01,0.0176273576590869
KNA,St. Kitts and Nevis,2024-03-01,0.1586182587240042
KNA,St. Kitts and Nevis,2024-04-01,-0.1759633996128805
KNA,St. Kitts and Nevis,2024-05-01,0.3437334743521946
KNA,St. Kitts and Nevis,2024-06-01,-0.4655248133509003
KNA,St. Kitts and Nevis,2024-07-01,0.9618778679844688
KNA,St. Kitts and Nevis,2024-08-01,-1.057599860152085
KNA,St. Kitts and Nevis,2024-09-01,-0.0088339222614841
KNA,St. Kitts and Nevis,2024-10-01,1.660924109903702
KNA,St. Kitts and Nevis,2024-11-01,-0.7647518901538194
KNA,St. Kitts and Nevis,2024-12-01,0.3853227077677555
EGY,"Egypt, Arab Republic of",2019-01-01,0.6026435729873677
EGY,"Egypt, Arab Republic of",2019-02-01,1.742361731518184
EGY,"Egypt, Arab Republic of",2019-03-01,0.8270694232978788
EGY,"Egypt, Arab Republic of",2019-04-01,0.4974180751975389
EGY,"Egypt, Arab Republic of",2019-05-01,1.116703558341173
EGY,"Egypt, Arab Republic of",2019-06-01,-0.7978160902725756
EGY,"Egypt, Arab Republic of",2019-07-01,1.755604700598528
EGY,"Egypt, Arab Republic of",2019-08-01,0.654592315991865
EGY,"Egypt, Arab Republic of",2019-09-01,-0.02735372169440218
EGY,"Egypt, Arab Republic of",2019-10-01,0.9961726617120223
EGY,"Egypt, Arab Republic of",2019-11-01,-0.3008775030566185
EGY,"Egypt, Arab Republic of",2019-12-01,-0.1533701710271284
EGY,"Egypt, Arab Republic of",2020-01-01,0.6666255406097372
EGY,"Egypt, Arab Republic of",2020-02-01,-0.01302624315042267
EGY,"Egypt, Arab Republic of",2020-03-01,0.6094351755790519
EGY,"Egypt, Arab Republic of",2020-04-01,1.251656010342885
EGY,"Egypt, Arab Republic of",2020-05-01,-0.01432170584746007
EGY,"Egypt, Arab Republic of",2020-06-01,0.08761057447667547
EGY,"Egypt, Arab Republic of",2020-07-01,0.3797672528750787
EGY,"Egypt, Arab Republic of",2020-08-01,-0.1534536991188887
EGY,"Egypt, Arab Republic of",2020-09-01,0.2894882546647413
EGY,"Egypt, Arab Republic of",2020-10-01,1.800754816472655
EGY,"Egypt, Arab Republic of",2020-11-01,0.8213159722368196
EGY,"Egypt, Arab Republic of",2020-12-01,-0.4066352206913625
EGY,"Egypt, Arab Republic of",2021-01-01,-0.4255427616322413
EGY,"Egypt, Arab Republic of",2021-02-01,0.1509485085539283
EGY,"Egypt, Arab Republic of",2021-03-01,0.6191491677304362
EGY,"Egypt, Arab Republic of",2021-04-01,0.9009009009009008
EGY,"Egypt, Arab Republic of",2021-05-01,0.7142857142857143
EGY,"Egypt, Arab Republic of",2021-06-01,0.1773049645390071
EGY,"Egypt, Arab Republic of",2021-07-01,0.8849557522123894
EGY,"Egypt, Arab Republic of",2021-08-01,0
EGY,"Egypt, Arab Republic of",2021-09-01,1.140350877192982
EGY,"Egypt, Arab Republic of",2021-10-01,1.561144839549003
EGY,"Egypt, Arab Republic of",2021-11-01,0.08539709649871904
EGY,"Egypt, Arab Republic of",2021-12-01,-0.08532423208191126
EGY,"Egypt, Arab Republic of",2022-01-01,0.8539709649871904
EGY,"Egypt, Arab Republic of",2022-02-01,1.608806096528366
EGY,"Egypt, Arab Republic of",2022-03-01,2.25
EGY,"Egypt, Arab Republic of",2022-04-01,3.2599837000815
EGY,"Egypt, Arab Republic of",2022-05-01,1.026045777426993
EGY,"Egypt, Arab Republic of",2022-06-01,-0.15625
EGY,"Egypt, Arab Republic of",2022-07-01,1.330203442879499
EGY,"Egypt, Arab Republic of",2022-08-01,0.8494208494208494
EGY,"Egypt, Arab Republic of",2022-09-01,1.607963246554364
EGY,"Egypt, Arab Republic of",2022-10-01,2.562170308967596
EGY,"Egypt, Arab Republic of",2022-11-01,2.27773695811903
EGY,"Egypt, Arab Republic of",2022-12-01,2.083333333333333
EGY,"Egypt, Arab Republic of",2023-01-01,4.644616467276566
EGY,"Egypt, Arab Republic of",2023-02-01,6.52320107599193
EGY,"Egypt, Arab Republic of",2023-03-01,2.714646464646465
EGY,"Egypt, Arab Republic of",2023-04-01,1.659496004917025
EGY,"Egypt, Arab Republic of",2023-05-01,2.720677146311971
EGY,"Egypt, Arab Republic of",2023-06-01,2.118893466745144
EGY,"Egypt, Arab Republic of",2023-07-01,1.844380403458213
EGY,"Egypt, Arab Republic of",2023-08-01,1.584606677985286
EGY,"Egypt, Arab Republic of",2023-09-01,1.949860724233983
EGY,"Egypt, Arab Republic of",2023-10-01,1.038251366120219
EGY,"Egypt, Arab Republic of",2023-11-01,1.297998918334235
EGY,"Egypt, Arab Republic of",2023-12-01,1.388147357180993
EGY,"Egypt, Arab Republic of",2024-01-01,1.632438125329121
EGY,"Egypt, Arab Republic of",2024-02-01,11.34715025906736
EGY,"Egypt, Arab Republic of",2024-03-01,0.977198697068404
EGY,"Egypt, Arab Republic of",2024-04-01,1.059907834101382
EGY,"Egypt, Arab Republic of",2024-05-01,-0.6839945280437756
EGY,"Egypt, Arab Republic of",2024-06-01,1.561065197428834
EGY,"Egypt, Arab Republic of",2024-07-01,0.406871609403255
EGY,"Egypt, Arab Republic of",2024-08-01,2.026114362899595
EGY,"Egypt, Arab Republic of",2024-09-01,2.118270079435128
EGY,"Egypt, Arab Republic of",2024-10-01,1.08038029386344
EGY,"Egypt, Arab Republic of",2024-11-01,0.5130397605814451
EGY,"Egypt, Arab Republic of",2024-12-01,0.2126754572522331
CMR,Cameroon,2019-01-01,-0.2640845070422588
CMR,Cameroon,2019-02-01,0.2647837599293963
CMR,Cameroon,2019-03-01,0.4401408450704201
CMR,Cameroon,2019-04-01,0.3505696757230458
CMR,Cameroon,2019-05-01,0
CMR,Cameroon,2019-06-01,0.1746724890829729
CMR,Cameroon,2019-07-01,0.2615518744550944
CMR,Cameroon,2019-08-01,0.1739130434782644
CMR,Cameroon,2019-09-01,0.0868055555555573
CMR,Cameroon,2019-10-01,0.433651344319165
CMR,Cameroon,2019-11-01,0.2590673575129586
CMR,Cameroon,2019-12-01,0.1722652885443508
CMR,Cameroon,2020-01-01,0.08598452278590027
CMR,Cameroon,2020-02-01,0.08591065292096393
CMR,Cameroon,2020-03-01,0.3433476394849745
CMR,Cameroon,2020-04-01,0.5132591958939368
CMR,Cameroon,2020-05-01,-0.2553191489361753
CMR,Cameroon,2020-06-01,0.170648464163826
CMR,Cameroon,2020-07-01,0.4258943781942055
CMR,Cameroon,2020-08-01,0.1696352841391043
CMR,Cameroon,2020-09-01,0
CMR,Cameroon,2020-10-01,0.4233700254021992
CMR,Cameroon,2020-11-01,0
CMR,Cameroon,2020-12-01,0.168634064080937
CMR,Cameroon,2021-01-01,-0.168350168350161
CMR,Cameroon,2021-02-01,0.08431703204047387
CMR,Cameroon,2021-03-01,0.4212299915753978
CMR,Cameroon,2021-04-01,0.2516778523489876
CMR,Cameroon,2021-05-01,0.2510460251046076
CMR,Cameroon,2021-06-01,0.333889816360597
CMR,Cameroon,2021-07-01,0.5823627287853588
CMR,Cameroon,2021-08-01,-0.08271298593879405
CMR,Cameroon,2021-09-01,0.08278145695364406
CMR,Cameroon,2021-10-01,0.2526955102597253
CMR,Cameroon,2021-11-01,0.1379053819894013
CMR,Cameroon,2021-12-01,1.258772146537672
CMR,Cameroon,2022-01-01,0.4878232218610036
CMR,Cameroon,2022-02-01,0.4048582995951395
CMR,Cameroon,2022-03-01,0.5645161290322591
CMR,Cameroon,2022-04-01,1.12269446672013
CMR,Cameroon,2022-05-01,0.6344171292624927
CMR,Cameroon,2022-06-01,0.3940110323089025
CMR,Cameroon,2022-07-01,0.7064364207221592
CMR,Cameroon,2022-08-01,0.857365549493362
CMR,Cameroon,2022-09-01,0.6182380216383035
CMR,Cameroon,2022-10-01,0.3072196620583583
CMR,Cameroon,2022-11-01,0.535987748851456
CMR,Cameroon,2022-12-01,0.4569687738004857
CMR,Cameroon,2023-01-01,0.2958523830535716
CMR,Cameroon,2023-02-01,1.45224860084135
CMR,Cameroon,2023-03-01,0.8473582100906806
CMR,Cameroon,2023-04-01,0.6738870733247443
CMR,Cameroon,2023-05-01,0.425760322861587
CMR,Cameroon,2023-06-01,0.5966059056027694
CMR,Cameroon,2023-07-01,0.406399426463311
CMR,Cameroon,2023-08-01,0.5425852979774602
CMR,Cameroon,2023-09-01,0.1823331010622098
CMR,Cameroon,2023-10-01,0.1717141091356549
CMR,Cameroon,2023-11-01,0.00435309122782849
CMR,Cameroon,2023-12-01,0.1234697464168946
CMR,Cameroon,2024-01-01,-0.3633468505164977
CMR,Cameroon,2024-02-01,1.295809245424766
CMR,Cameroon,2024-03-01,0.5819678767396871
CMR,Cameroon,2024-04-01,0.5688183256269854
CMR,Cameroon,2024-05-01,0.3270419135550902
CMR,Cameroon,2024-06-01,0.3530198517492122
CMR,Cameroon,2024-07-01,0.07246627926716702
CMR,Cameroon,2024-08-01,0.4153676200366831
CMR,Cameroon,2024-09-01,0.7581500880953322
CMR,Cameroon,2024-10-01,0.2231923766197786
CMR,Cameroon,2024-11-01,0.0877963125548727
CMR,Cameroon,2024-12-01,0.6140350877192982
GNB,Guinea-Bissau,2019-01-01,-0.3508106570588778
GNB,Guinea-Bissau,2019-02-01,0.4757373929590901
GNB,Guinea-Bissau,2019-03-01,-0.9185606060606064
GNB,Guinea-Bissau,2019-04-01,-0.4205294848513832
GNB,Guinea-Bissau,2019-05-01,-0.7966215567712762
GNB,Guinea-Bissau,2019-06-01,0.00967492260060919
GNB,Guinea-Bissau,2019-07-01,1.344684144335891
GNB,Guinea-Bissau,2019-08-01,-0.1240931653302838
GNB,Guinea-Bissau,2019-09-01,0.6403517155691539
GNB,Guinea-Bissau,2019-10-01,0.1139601139601047
GNB,Guinea-Bissau,2019-11-01,-0.9675583380762658
GNB,Guinea-Bissau,2019-12-01,0.9291187739463606
GNB,Guinea-Bissau,2020-01-01,0.04745183638606729
GNB,Guinea-Bissau,2020-02-01,-0.9675583380762658
GNB,Guinea-Bissau,2020-03-01,0.9291187739463606
GNB,Guinea-Bissau,2020-04-01,-0.4934990984151046
GNB,Guinea-Bissau,2020-05-01,0.1430615164520718
GNB,Guinea-Bissau,2020-06-01,0.9523809523809594
GNB,Guinea-Bissau,2020-07-01,1.226415094339612
GNB,Guinea-Bissau,2020-08-01,-0.904007455731594
GNB,Guinea-Bissau,2020-09-01,-0.1128562023887804
GNB,Guinea-Bissau,2020-10-01,-0.1035684022220135
GNB,Guinea-Bissau,2020-11-01,0.169651272384535
GNB,Guinea-Bissau,2020-12-01,0.8562288295069617
GNB,Guinea-Bissau,2021-01-01,-0.4571321951674491
GNB,Guinea-Bissau,2021-02-01,-0.5623242736644816
GNB,Guinea-Bissau,2021-03-01,0.8011310084825611
GNB,Guinea-Bissau,2021-04-01,-0.327255726975228
GNB,Guinea-Bissau,2021-05-01,-0.09380863039399456
GNB,Guinea-Bissau,2021-06-01,0.1877934272300555
GNB,Guinea-Bissau,2021-07-01,0.8809746954076787
GNB,Guinea-Bissau,2021-08-01,0.3158677071720587
GNB,Guinea-Bissau,2021-09-01,0.9816632709761032
GNB,Guinea-Bissau,2021-10-01,2.199542985973038
GNB,Guinea-Bissau,2021-11-01,0.08339636733743544
GNB,Guinea-Bissau,2021-12-01,0.2050390613437546
GNB,Guinea-Bissau,2022-01-01,1.53901216893344
GNB,Guinea-Bissau,2022-02-01,0.1762425096933348
GNB,Guinea-Bissau,2022-03-01,0.2111189303307469
GNB,Guinea-Bissau,2022-04-01,0.8075842696629224
GNB,Guinea-Bissau,2022-05-01,0.7227446882619343
GNB,Guinea-Bissau,2022-06-01,2.135385147402091
GNB,Guinea-Bissau,2022-07-01,1.295073641442361
GNB,Guinea-Bissau,2022-08-01,1.696331578507559
GNB,Guinea-Bissau,2022-09-01,-0.4437140509449469
GNB,Guinea-Bissau,2022-10-01,0.6932981181908179
GNB,Guinea-Bissau,2022-11-01,0.6639344262295087
GNB,Guinea-Bissau,2022-12-01,0.8468365768259947
GNB,Guinea-Bissau,2023-01-01,0.5248284214775946
GNB,Guinea-Bissau,2023-02-01,0.7228915662650574
GNB,Guinea-Bissau,2023-03-01,0.09569377990430854
GNB,Guinea-Bissau,2023-04-01,0.6851497769279794
GNB,Guinea-Bissau,2023-05-01,0
GNB,Guinea-Bissau,2023-06-01,1.827820857730673
GNB,Guinea-Bissau,2023-07-01,0.2719935659336497
GNB,Guinea-Bissau,2023-08-01,-0.6043994556922986
GNB,Guinea-Bissau,2023-09-01,-1.070797097911184
GNB,Guinea-Bissau,2023-10-01,-0.1962655418277267
GNB,Guinea-Bissau,2023-11-01,-0.1228461791373098
GNB,Guinea-Bissau,2023-12-01,0.9313516439923896
GNB,Guinea-Bissau,2024-01-01,0.5857334926952562
GNB,Guinea-Bissau,2024-02-01,0.1239590020747973
GNB,Guinea-Bissau,2024-03-01,-0.129905372231367
GNB,Guinea-Bissau,2024-04-01,1.244271394081088
GNB,Guinea-Bissau,2024-05-01,1.090348971920786
GNB,Guinea-Bissau,2024-06-01,0.5124261604438679
GNB,Guinea-Bissau,2024-07-01,0.6596115084638139
GNB,Guinea-Bissau,2024-08-01,0.1054842097886562
GNB,Guinea-Bissau,2024-09-01,0.06304386175801163
GNB,Guinea-Bissau,2024-10-01,-0.2617936253614714
GNB,Guinea-Bissau,2024-11-01,0.2441221164526596
GNB,Guinea-Bissau,2024-12-01,1.403094762003249
MRT,"Mauritania, Islamic Republic of",2019-01-01,-0.182982616651422
MRT,"Mauritania, Islamic Republic of",2019-02-01,-0.09165902841429568
MRT,"Mauritania, Islamic Republic of",2019-03-01,0.09174311926605191
MRT,"Mauritania, Islamic Republic of",2019-04-01,0
MRT,"Mauritania, Islamic Republic of",2019-05-01,0.1833180568286015
MRT,"Mauritania, Islamic Republic of",2019-06-01,0.3659652333028339
MRT,"Mauritania, Islamic Republic of",2019-07-01,0.729261622607156
MRT,"Mauritania, Islamic Republic of",2019-08-01,0.6334841628958958
MRT,"Mauritania, Islamic Republic of",2019-09-01,0.4046762589928068
MRT,"Mauritania, Islamic Republic of",2019-10-01,0.3134796238243863
MRT,"Mauritania, Islamic Republic of",2019-11-01,0.4375000000000672
MRT,"Mauritania, Islamic Republic of",2019-12-01,-0.204462618899491
MRT,"Mauritania, Islamic Republic of",2020-01-01,-0.0356315695706069
MRT,"Mauritania, Islamic Republic of",2020-02-01,0.1603992158260564
MRT,"Mauritania, Islamic Republic of",2020-03-01,0.1779359430604332
MRT,"Mauritania, Islamic Republic of",2020-04-01,0
MRT,"Mauritania, Islamic Republic of",2020-05-01,0.08880994671409766
MRT,"Mauritania, Islamic Republic of",2020-06-01,0.1774622892634666
MRT,"Mauritania, Islamic Republic of",2020-07-01,-0.08857395925594642
MRT,"Mauritania, Islamic Republic of",2020-08-01,0.08865248226947117
MRT,"Mauritania, Islamic Republic of",2020-09-01,0.4428697962799278
MRT,"Mauritania, Islamic Republic of",2020-10-01,0.1763668430335427
MRT,"Mauritania, Islamic Republic of",2020-11-01,0.8802816901408149
MRT,"Mauritania, Islamic Republic of",2020-12-01,-0.2617801047120426
MRT,"Mauritania, Islamic Republic of",2021-01-01,0.3499562554680353
MRT,"Mauritania, Islamic Republic of",2021-02-01,0.4359197907585339
MRT,"Mauritania, Islamic Republic of",2021-03-01,0.08680555555552386
MRT,"Mauritania, Islamic Republic of",2021-04-01,0.0867302688638976
MRT,"Mauritania, Islamic Republic of",2021-05-01,0.25996533795494
MRT,"Mauritania, Islamic Republic of",2021-06-01,0.3457216940362698
MRT,"Mauritania, Islamic Republic of",2021-07-01,0.6029285099052241
MRT,"Mauritania, Islamic Republic of",2021-08-01,0.9417808219178428
MRT,"Mauritania, Islamic Republic of",2021-09-01,0.6785411365564369
MRT,"Mauritania, Islamic Republic of",2021-10-01,0.1684919966300985
MRT,"Mauritania, Islamic Republic of",2021-11-01,0.841042893187617
MRT,"Mauritania, Islamic Republic of",2021-12-01,0.7506255212677249
MRT,"Mauritania, Islamic Republic of",2022-01-01,0.6622516556290797
MRT,"Mauritania, Islamic Republic of",2022-02-01,0.4934210526315804
MRT,"Mauritania, Islamic Republic of",2022-03-01,0.7364975450081855
MRT,"Mauritania, Islamic Republic of",2022-04-01,1.380991064175501
MRT,"Mauritania, Islamic Republic of",2022-05-01,0.961538461538464
MRT,"Mauritania, Islamic Republic of",2022-06-01,0.9523809523809548
MRT,"Mauritania, Islamic Republic of",2022-07-01,1.493710691823874
MRT,"Mauritania, Islamic Republic of",2022-08-01,1.36869118905047
MRT,"Mauritania, Islamic Republic of",2022-09-01,0.8438818565400844
MRT,"Mauritania, Islamic Republic of",2022-10-01,1.506276150627615
MRT,"Mauritania, Islamic Republic of",2022-11-01,0.3297609233305853
MRT,"Mauritania, Islamic Republic of",2022-12-01,-0.2465078060805259
MRT,"Mauritania, Islamic Republic of",2023-01-01,0.0051070565156507404
MRT,"Mauritania, Islamic Republic of",2023-02-01,-0.6644914983657126
MRT,"Mauritania, Islamic Republic of",2023-03-01,0.02012573605095321
MRT,"Mauritania, Islamic Republic of",2023-04-01,-0.09497412018131364
MRT,"Mauritania, Islamic Republic of",2023-05-01,0.4175954299633907
MRT,"Mauritania, Islamic Republic of",2023-06-01,0.06559919994088619
MRT,"Mauritania, Islamic Republic of",2023-07-01,0.4498196574937249
MRT,"Mauritania, Islamic Republic of",2023-08-01,1.076975879333693
MRT,"Mauritania, Islamic Republic of",2023-09-01,0.1408580908320834
MRT,"Mauritania, Islamic Republic of",2023-10-01,0.1931104741223385
MRT,"Mauritania, Islamic Republic of",2023-11-01,-0.1314654999373272
MRT,"Mauritania, Islamic Republic of",2023-12-01,0.1211206870150921
MRT,"Mauritania, Islamic Republic of",2024-01-01,0.2098360618080885
MRT,"Mauritania, Islamic Republic of",2024-02-01,0.122270912215135
MRT,"Mauritania, Islamic Republic of",2024-03-01,0.08472141686043005
MRT,"Mauritania, Islamic Republic of",2024-04-01,0.2653558374631709
MRT,"Mauritania, Islamic Republic of",2024-05-01,0.1032108298995605
MRT,"Mauritania, Islamic Republic of",2024-06-01,0.4229972217921358
MRT,"Mauritania, Islamic Republic of",2024-07-01,0.3934493479382951
MRT,"Mauritania, Islamic Republic of",2024-08-01,0.7008688928279087
MRT,"Mauritania, Islamic Republic of",2024-09-01,0.220445308801851
MRT,"Mauritania, Islamic Republic of",2024-10-01,-0.04959063728236841
MRT,"Mauritania, Islamic Republic of",2024-11-01,-1.038590253068502
MRT,"Mauritania, Islamic Republic of",2024-12-01,0.03099852493107291
MOZ,"Mozambique, Republic of",2019-01-01,0.6527307279187002
MOZ,"Mozambique, Republic of",2019-02-01,0.2955179773436238
MOZ,"Mozambique, Republic of",2019-03-01,0.6711409395973114
MOZ,"Mozambique, Republic of",2019-04-01,0.2926829268292704
MOZ,"Mozambique, Republic of",2019-05-01,-0.3080415045395568
MOZ,"Mozambique, Republic of",2019-06-01,-0.2276792974467453
MOZ,"Mozambique, Republic of",2019-07-01,-0.3096984515077403
MOZ,"Mozambique, Republic of",2019-08-01,0.1144538914323183
MOZ,"Mozambique, Republic of",2019-09-01,0.09799118079371608
MOZ,"Mozambique, Republic of",2019-10-01,0.3100016315875456
MOZ,"Mozambique, Republic of",2019-11-01,0.5936890045543155
MOZ,"Mozambique, Republic of",2019-12-01,1.528013582342958
MOZ,"Mozambique, Republic of",2020-01-01,1.051122790253232
MOZ,"Mozambique, Republic of",2020-02-01,0.2521670606776965
MOZ,"Mozambique, Republic of",2020-03-01,0.03144159723313121
MOZ,"Mozambique, Republic of",2020-04-01,0.03143171460003588
MOZ,"Mozambique, Republic of",2020-05-01,-0.5184603299293045
MOZ,"Mozambique, Republic of",2020-06-01,-0.6790903348073284
MOZ,"Mozambique, Republic of",2020-07-01,-0.1192558435363277
MOZ,"Mozambique, Republic of",2020-08-01,0.4696330494308739
MOZ,"Mozambique, Republic of",2020-09-01,0.467437807003637
MOZ,"Mozambique, Republic of",2020-10-01,0.7097232079489049
MOZ,"Mozambique, Republic of",2020-11-01,0.7751937984496114
MOZ,"Mozambique, Republic of",2020-12-01,1.686091686091683
MOZ,"Mozambique, Republic of",2021-01-01,1.41361656605792
MOZ,"Mozambique, Republic of",2021-02-01,1.597347799879441
MOZ,"Mozambique, Republic of",2021-03-01,0.8231978641352713
MOZ,"Mozambique, Republic of",2021-04-01,-0.2427363001103305
MOZ,"Mozambique, Republic of",2021-05-01,-0.6931131101607402
MOZ,"Mozambique, Republic of",2021-06-01,-0.5420255420255438
MOZ,"Mozambique, Republic of",2021-07-01,-0.3508771929824606
MOZ,"Mozambique, Republic of",2021-08-01,0.3670961941863956
MOZ,"Mozambique, Republic of",2021-09-01,0.8509367768903546
MOZ,"Mozambique, Republic of",2021-10-01,0.9769817185996544
MOZ,"Mozambique, Republic of",2021-11-01,1.092135160888366
MOZ,"Mozambique, Republic of",2021-12-01,1.674883990719264
MOZ,"Mozambique, Republic of",2022-01-01,2.010981958211512
MOZ,"Mozambique, Republic of",2022-02-01,0.4963299545613363
MOZ,"Mozambique, Republic of",2022-03-01,0.8625486922648845
MOZ,"Mozambique, Republic of",2022-04-01,1.351724137931037
MOZ,"Mozambique, Republic of",2022-05-01,0.8709853021230292
MOZ,"Mozambique, Republic of",2022-06-01,0.7420399352401527
MOZ,"Mozambique, Republic of",2022-07-01,0.7365742600776767
MOZ,"Mozambique, Republic of",2022-08-01,0.5915979792608301
MOZ,"Mozambique, Republic of",2022-09-01,0.6277671314346193
MOZ,"Mozambique, Republic of",2022-10-01,0.1838718150774831
MOZ,"Mozambique, Republic of",2022-11-01,0.5833770319874101
MOZ,"Mozambique, Republic of",2022-12-01,1.348973607038127
MOZ,"Mozambique, Republic of",2023-01-01,0.9773662551440364
MOZ,"Mozambique, Republic of",2023-02-01,0.974274070300562
MOZ,"Mozambique, Republic of",2023-03-01,1.330642618401965
MOZ,"Mozambique, Republic of",2023-04-01,0.2427184466031834
MOZ,"Mozambique, Republic of",2023-05-01,-0.3892849813944196
MOZ,"Mozambique, Republic of",2023-06-01,-0.5791444949339541
MOZ,"Mozambique, Republic of",2023-07-01,-0.3398535416591331
MOZ,"Mozambique, Republic of",2023-08-01,-0.1160470060363088
MOZ,"Mozambique, Republic of",2023-09-01,0.3353987849432848
MOZ,"Mozambique, Republic of",2023-10-01,0.3048762277749771
MOZ,"Mozambique, Republic of",2023-11-01,1.169789120188517
MOZ,"Mozambique, Republic of",2023-12-01,1.292591845560887
MOZ,"Mozambique, Republic of",2024-01-01,0.9264472580137026
MOZ,"Mozambique, Republic of",2024-02-01,0.4685212298682284
MOZ,"Mozambique, Republic of",2024-03-01,0.02914602156805596
MOZ,"Mozambique, Republic of",2024-04-01,0.3690753690753691
MOZ,"Mozambique, Republic of",2024-05-01,-0.3773950067737565
MOZ,"Mozambique, Republic of",2024-06-01,-0.21369596891695
MOZ,"Mozambique, Republic of",2024-07-01,-0.04867127421395892
MOZ,"Mozambique, Republic of",2024-08-01,-0.107128944292949
MOZ,"Mozambique, Republic of",2024-09-01,0.1559910305157453
MOZ,"Mozambique, Republic of",2024-10-01,0.5645867808819235
MOZ,"Mozambique, Republic of",2024-11-01,0.7162907753363663
MOZ,"Mozambique, Republic of",2024-12-01,1.604997597308986
TON,Tonga,2019-01-01,0.3018108651911394
TON,Tonga,2019-02-01,0.2006018054162111
TON,Tonga,2019-03-01,0.5005005005005535
TON,Tonga,2019-04-01,-1.693227091633489
TON,Tonga,2019-05-01,0.9118541033434424
TON,Tonga,2019-06-01,0.2008032128514662
TON,Tonga,2019-07-01,0.2004008016031687
TON,Tonga,2019-08-01,0.499999999999955
TON,Tonga,2019-09-01,-0.09950248756212177
TON,Tonga,2019-10-01,0.4980079681274451
TON,Tonga,2019-11-01,-0.4955401387511944
TON,Tonga,2019-12-01,0.1992031872509586
TON,Tonga,2020-01-01,-0.2982107355864738
TON,Tonga,2020-02-01,0.2991026919242199
TON,Tonga,2020-03-01,0.198807157057714
TON,Tonga,2020-04-01,-0.7936507936508383
TON,Tonga,2020-05-01,-0.4000000000000227
TON,Tonga,2020-06-01,-1.204819277108404
TON,Tonga,2020-07-01,0.5081300813007672
TON,Tonga,2020-08-01,-0.1011122345803158
TON,Tonga,2020-09-01,0.6072874493926973
TON,Tonga,2020-10-01,-0.1006036217304126
TON,Tonga,2020-11-01,0.4028197381671931
TON,Tonga,2020-12-01,1.203610832497463
TON,Tonga,2021-01-01,0.6937561942517497
TON,Tonga,2021-02-01,1.181102362204695
TON,Tonga,2021-03-01,1.264591439688717
TON,Tonga,2021-04-01,0.3842459173871497
TON,Tonga,2021-05-01,-0.1913875598085765
TON,Tonga,2021-06-01,0.8628954937679554
TON,Tonga,2021-07-01,0.3802281368821508
TON,Tonga,2021-08-01,0.1893939393939038
TON,Tonga,2021-09-01,0.0945179584121268
TON,Tonga,2021-10-01,0.4721435316335741
TON,Tonga,2021-11-01,1.31578947368424
TON,Tonga,2021-12-01,2.226345083487976
TON,Tonga,2022-01-01,-0.2722323049001746
TON,Tonga,2022-02-01,2.00181983621472
TON,Tonga,2022-03-01,0.1784121320249441
TON,Tonga,2022-04-01,1.780943900267156
TON,Tonga,2022-05-01,1.487314085739303
TON,Tonga,2022-06-01,0.9482758620689136
TON,Tonga,2022-07-01,1.964133219470546
TON,Tonga,2022-08-01,0.8375209380234573
TON,Tonga,2022-09-01,0.3322259136212814
TON,Tonga,2022-10-01,-0.3311258278145883
TON,Tonga,2022-11-01,-0.4983388704318814
TON,Tonga,2022-12-01,0.5008347245408891
TON,Tonga,2023-01-01,0.1661129568106813
TON,Tonga,2023-02-01,0.9950248756218656
TON,Tonga,2023-03-01,0.9031198686370608
TON,Tonga,2023-04-01,-0.5695687550853684
TON,Tonga,2023-05-01,1.145662847790452
TON,Tonga,2023-06-01,1.69902912621363
TON,Tonga,2023-07-01,-0.6364359586316987
TON,Tonga,2023-08-01,-0.8006405124099344
TON,Tonga,2023-09-01,0.4035512510089209
TON,Tonga,2023-10-01,2.733118971061051
TON,Tonga,2023-11-01,-1.643192488262871
TON,Tonga,2023-12-01,2.22752585521079
TON,Tonga,2024-01-01,-0.07782101167309909
TON,Tonga,2024-02-01,-1.713395638629342
TON,Tonga,2024-03-01,0.5546751188589663
TON,Tonga,2024-04-01,-0.07880220646180468
TON,Tonga,2024-05-01,2.287066246056855
TON,Tonga,2024-06-01,2.158828064764813
TON,Tonga,2024-07-01,-2.867924528301865
TON,Tonga,2024-08-01,-0.3885003885004294
TON,Tonga,2024-09-01,-1.014040561622465
TON,Tonga,2024-10-01,1.182033096926762
TON,Tonga,2024-11-01,-1.246105919003186
TON,Tonga,2024-12-01,2.523659305993758
KAZ,"Kazakhstan, Republic of",2019-01-01,0.4999999999999954
KAZ,"Kazakhstan, Republic of",2019-02-01,0.300000000000017
KAZ,"Kazakhstan, Republic of",2019-03-01,0.5000000000000075
KAZ,"Kazakhstan, Republic of",2019-04-01,0.4999999999999962
KAZ,"Kazakhstan, Republic of",2019-05-01,0.600000000000007
KAZ,"Kazakhstan, Republic of",2019-06-01,0.1999999999999846
KAZ,"Kazakhstan, Republic of",2019-07-01,0.1999999999999943
KAZ,"Kazakhstan, Republic of",2019-08-01,0.2
KAZ,"Kazakhstan, Republic of",2019-09-01,0.2999999999999948
KAZ,"Kazakhstan, Republic of",2019-10-01,0.599999999999996
KAZ,"Kazakhstan, Republic of",2019-11-01,0.700000000000004
KAZ,"Kazakhstan, Republic of",2019-12-01,0.6999999999999998
KAZ,"Kazakhstan, Republic of",2020-01-01,0.6999999999999932
KAZ,"Kazakhstan, Republic of",2020-02-01,0.6000000000000234
KAZ,"Kazakhstan, Republic of",2020-03-01,0.8999999999999772
KAZ,"Kazakhstan, Republic of",2020-04-01,0.900000000000008
KAZ,"Kazakhstan, Republic of",2020-05-01,0.5000000000000021
KAZ,"Kazakhstan, Republic of",2020-06-01,0.3999999999999974
KAZ,"Kazakhstan, Republic of",2020-07-01,0.3000000000000017
KAZ,"Kazakhstan, Republic of",2020-08-01,0.1000000000000046
KAZ,"Kazakhstan, Republic of",2020-09-01,0.3000000000000045
KAZ,"Kazakhstan, Republic of",2020-10-01,0.5999999999999961
KAZ,"Kazakhstan, Republic of",2020-11-01,0.9000000000000011
KAZ,"Kazakhstan, Republic of",2020-12-01,0.8999999999999982
KAZ,"Kazakhstan, Republic of",2021-01-01,0.5999999999999969
KAZ,"Kazakhstan, Republic of",2021-02-01,0.6999999999999995
KAZ,"Kazakhstan, Republic of",2021-03-01,0.5999999999999966
KAZ,"Kazakhstan, Republic of",2021-04-01,0.8999999999999932
KAZ,"Kazakhstan, Republic of",2021-05-01,0.6999999999999955
KAZ,"Kazakhstan, Republic of",2021-06-01,1.100000000000019
KAZ,"Kazakhstan, Republic of",2021-07-01,0.7000000000000071
KAZ,"Kazakhstan, Republic of",2021-08-01,0.5000000000000023
KAZ,"Kazakhstan, Republic of",2021-09-01,0.4000000000000055
KAZ,"Kazakhstan, Republic of",2021-10-01,0.699999999999991
KAZ,"Kazakhstan, Republic of",2021-11-01,0.6999999999999936
KAZ,"Kazakhstan, Republic of",2021-12-01,0.6000000000000102
KAZ,"Kazakhstan, Republic of",2022-01-01,0.7000000000000055
KAZ,"Kazakhstan, Republic of",2022-02-01,0.8000000000000045
KAZ,"Kazakhstan, Republic of",2022-03-01,3.699999999999983
KAZ,"Kazakhstan, Republic of",2022-04-01,2
KAZ,"Kazakhstan, Republic of",2022-05-01,1.400000000000002
KAZ,"Kazakhstan, Republic of",2022-06-01,1.600000000000002
KAZ,"Kazakhstan, Republic of",2022-07-01,1.099999999999997
KAZ,"Kazakhstan, Republic of",2022-08-01,1.400000000000001
KAZ,"Kazakhstan, Republic of",2022-09-01,1.800000000000001
KAZ,"Kazakhstan, Republic of",2022-10-01,1.600000000000003
KAZ,"Kazakhstan, Republic of",2022-11-01,1.399999999999995
KAZ,"Kazakhstan, Republic of",2022-12-01,1.199999999999998
KAZ,"Kazakhstan, Republic of",2023-01-01,1.099999999999999
KAZ,"Kazakhstan, Republic of",2023-02-01,1.300000000000004
KAZ,"Kazakhstan, Republic of",2023-03-01,0.8999999999999899
KAZ,"Kazakhstan, Republic of",2023-04-01,0.9000000000000028
KAZ,"Kazakhstan, Republic of",2023-05-01,0.600000000000003
KAZ,"Kazakhstan, Republic of",2023-06-01,0.500000000000005
KAZ,"Kazakhstan, Republic of",2023-07-01,0.5999999999999976
KAZ,"Kazakhstan, Republic of",2023-08-01,0.7000000000000033
KAZ,"Kazakhstan, Republic of",2023-09-01,0.6000000000000049
KAZ,"Kazakhstan, Republic of",2023-10-01,0.6999999999999887
KAZ,"Kazakhstan, Republic of",2023-11-01,0.999999999999999
KAZ,"Kazakhstan, Republic of",2023-12-01,0.7999999999999984
KAZ,"Kazakhstan, Republic of",2024-01-01,0.8000000000000053
KAZ,"Kazakhstan, Republic of",2024-02-01,1.091269841269834
KAZ,"Kazakhstan, Republic of",2024-03-01,0.6869479882237547
KAZ,"Kazakhstan, Republic of",2024-04-01,0.4873294346978523
KAZ,"Kazakhstan, Republic of",2024-05-01,0.3879728419010642
KAZ,"Kazakhstan, Republic of",2024-06-01,0.3864734299516881
KAZ,"Kazakhstan, Republic of",2024-07-01,0.769971126082777
KAZ,"Kazakhstan, Republic of",2024-08-01,0.5730659025787926
KAZ,"Kazakhstan, Republic of",2024-09-01,0.3798670465337209
KAZ,"Kazakhstan, Republic of",2024-10-01,0.8514664143803157
KAZ,"Kazakhstan, Republic of",2024-11-01,0.9380863039399662
KAZ,"Kazakhstan, Republic of",2024-12-01,0.9293680297397806
CPV,Cabo Verde,2019-01-01,-0.04134443715563967
CPV,Cabo Verde,2019-02-01,-0.119629149636128
CPV,Cabo Verde,2019-03-01,0.2595069368200419
CPV,Cabo Verde,2019-04-01,0.07964039750821304
CPV,Cabo Verde,2019-05-01,0.4675233526410739
CPV,Cabo Verde,2019-06-01,0.5940594059405941
CPV,Cabo Verde,2019-07-01,-0.07874015748031496
CPV,Cabo Verde,2019-08-01,0.1477541371158392
CPV,Cabo Verde,2019-09-01,-0.6786629714429036
CPV,Cabo Verde,2019-10-01,0.3664043423321926
CPV,Cabo Verde,2019-11-01,0.03946809682213656
CPV,Cabo Verde,2019-12-01,0.8876630153830446
CPV,Cabo Verde,2020-01-01,-0.3030608199749696
CPV,Cabo Verde,2020-02-01,0.1176701313983134
CPV,Cabo Verde,2020-03-01,-1.494494613124388e-6
CPV,Cabo Verde,2020-04-01,-0.2840361604907425
CPV,Cabo Verde,2020-05-01,-0.4812865882724287
CPV,Cabo Verde,2020-06-01,0.04934889984859949
CPV,Cabo Verde,2020-07-01,0.4241916264752885
CPV,Cabo Verde,2020-08-01,-0.00982528087539902
CPV,Cabo Verde,2020-09-01,-0.01965249266241883
CPV,Cabo Verde,2020-10-01,-0.1080799691315449
CPV,Cabo Verde,2020-11-01,-0.1475521547073375
CPV,Cabo Verde,2020-12-01,-0.0886651220479845
CPV,Cabo Verde,2021-01-01,-0.3450980875960716
CPV,Cabo Verde,2021-02-01,0.3364008174558371
CPV,Cabo Verde,2021-03-01,0.6902678338940933
CPV,Cabo Verde,2021-04-01,0.08813964265012039
CPV,Cabo Verde,2021-05-01,0.4500978473581213
CPV,Cabo Verde,2021-06-01,0.2435223066432885
CPV,Cabo Verde,2021-07-01,0.4858614323195025
CPV,Cabo Verde,2021-08-01,0.8026282407591142
CPV,Cabo Verde,2021-09-01,0.2973926924251678
CPV,Cabo Verde,2021-10-01,0.9277857484457198
CPV,Cabo Verde,2021-11-01,0.8434420015163002
CPV,Cabo Verde,2021-12-01,0.4322901982896344
CPV,Cabo Verde,2022-01-01,0.851501824646767
CPV,Cabo Verde,2022-02-01,0.7422527370569679
CPV,Cabo Verde,2022-03-01,1.1788543009762389
CPV,Cabo Verde,2022-04-01,0.1001274349171673
CPV,Cabo Verde,2022-05-01,0.6638174047467491
CPV,Cabo Verde,2022-06-01,0.6233062330623306
CPV,Cabo Verde,2022-07-01,1.158093186102882
CPV,Cabo Verde,2022-08-01,0.5058572949946752
CPV,Cabo Verde,2022-09-01,0.3885209713024283
CPV,Cabo Verde,2022-10-01,0.4222007212595655
CPV,Cabo Verde,2022-11-01,0.6656739949198563
CPV,Cabo Verde,2022-12-01,0.03480379361350387
CPV,Cabo Verde,2023-01-01,0.6436461685657128
CPV,Cabo Verde,2023-02-01,0.7086682222798375
CPV,Cabo Verde,2023-03-01,-0.4376555393460911
CPV,Cabo Verde,2023-04-01,-0.6378210653335632
CPV,Cabo Verde,2023-05-01,-0.2775850104094379
CPV,Cabo Verde,2023-06-01,0.2870563674321503
CPV,Cabo Verde,2023-07-01,0.2341899198490762
CPV,Cabo Verde,2023-08-01,0.8826604906155471
CPV,Cabo Verde,2023-09-01,0.1029336078229542
CPV,Cabo Verde,2023-10-01,-0.2142245072836332
CPV,Cabo Verde,2023-11-01,-0.068699012451696
CPV,Cabo Verde,2023-12-01,0.1117126407149609
CPV,Cabo Verde,2024-01-01,-0.6437768240343348
CPV,Cabo Verde,2024-02-01,0.1468682505399568
CPV,Cabo Verde,2024-03-01,0.3623188405797101
CPV,Cabo Verde,2024-04-01,0.1117414474815197
CPV,Cabo Verde,2024-05-01,0.231819352622993
CPV,Cabo Verde,2024-06-01,0.659585403460682
CPV,Cabo Verde,2024-07-01,-0.05105948429920858
CPV,Cabo Verde,2024-08-01,0.2213707960834398
CPV,Cabo Verde,2024-09-01,0.1784045535638433
CPV,Cabo Verde,2024-10-01,0.4240162822252374
CPV,Cabo Verde,2024-11-01,-0.1604458706299612
CPV,Cabo Verde,2024-12-01,-0.1268713524486171
BRB,Barbados,2019-01-01,-1.181525241675613
BRB,Barbados,2019-02-01,1.413043478260862
BRB,Barbados,2019-03-01,0.4287245444801772
BRB,Barbados,2019-04-01,-0.2668089647812187
BRB,Barbados,2019-05-01,1.337613697164258
BRB,Barbados,2019-06-01,0.1583949313621999
BRB,Barbados,2019-07-01,0.5271481286241475
BRB,Barbados,2019-08-01,1.940220241216561
BRB,Barbados,2019-09-01,0.977366255144036
BRB,Barbados,2019-10-01,0.4075394803871679
BRB,Barbados,2019-11-01,0.5073566717402263
BRB,Barbados,2019-12-01,0.757193336698643
BRB,Barbados,2020-01-01,-0.7515030060120299
BRB,Barbados,2020-02-01,-1.514386673397275
BRB,Barbados,2020-03-01,0.1537672988211208
BRB,Barbados,2020-04-01,NA
BRB,Barbados,2020-05-01,NA
BRB,Barbados,2020-06-01,-0.3589743589743595
BRB,Barbados,2020-07-01,0.05146680391147082
BRB,Barbados,2020-08-01,1.954732510288072
BRB,Barbados,2020-09-01,-0.4036326942482394
BRB,Barbados,2020-10-01,1.114488348530908
BRB,Barbados,2020-11-01,1.202404809619233
BRB,Barbados,2020-12-01,0.04950495049505417
BRB,Barbados,2021-01-01,-0.2968827313211347
BRB,Barbados,2021-02-01,NA
BRB,Barbados,2021-03-01,NA
BRB,Barbados,2021-04-01,-0.5566801619433176
BRB,Barbados,2021-05-01,0.7633587786259602
BRB,Barbados,2021-06-01,0.9595959595959518
BRB,Barbados,2021-07-01,0.8504252126063075
BRB,Barbados,2021-08-01,1.43849206349206
BRB,Barbados,2021-09-01,1.907090464547677
BRB,Barbados,2021-10-01,0
BRB,Barbados,2021-11-01,1.391554702495208
BRB,Barbados,2021-12-01,0.4732607666824355
BRB,Barbados,2022-01-01,-0.5181347150259047
BRB,Barbados,2022-02-01,0.5681818181818206
BRB,Barbados,2022-03-01,1.647834274952922
BRB,Barbados,2022-04-01,0.833719314497441
BRB,Barbados,2022-05-01,1.745521359669236
BRB,Barbados,2022-06-01,0.6320541760722946
BRB,Barbados,2022-07-01,0.672947510094179
BRB,Barbados,2022-08-01,-1.114081996434946
BRB,Barbados,2022-09-01,0.1351960342496748
BRB,Barbados,2022-10-01,1.710171017101677
BRB,Barbados,2022-11-01,4.02654867256637
BRB,Barbados,2022-12-01,1.573798383666582
BRB,Barbados,2023-01-01,-0.7239819004524887
BRB,Barbados,2023-02-01,1.002734731084777
BRB,Barbados,2023-03-01,0.9025270758122744
BRB,Barbados,2023-04-01,-0.5635062611806798
BRB,Barbados,2023-05-01,1.736079877664838
BRB,Barbados,2023-06-01,0.3536693191865606
BRB,Barbados,2023-07-01,0.0881057268722467
BRB,Barbados,2023-08-01,0.4401408450704225
BRB,Barbados,2023-09-01,0.0876424189307625
BRB,Barbados,2023-10-01,0.2626970227670753
BRB,Barbados,2023-11-01,0.3493449781659389
BRB,Barbados,2023-12-01,0.1740644038294169
BRB,Barbados,2024-01-01,-0.08688097306689835
BRB,Barbados,2024-02-01,-2.173913043478261
BRB,Barbados,2024-03-01,-0.3555555555555556
BRB,Barbados,2024-04-01,0
BRB,Barbados,2024-05-01,0
BRB,Barbados,2024-06-01,0.5352363960749331
BRB,Barbados,2024-07-01,-0.2661934338952972
BRB,Barbados,2024-08-01,-0.08896797153024912
BRB,Barbados,2024-09-01,0
BRB,Barbados,2024-10-01,0.08904719501335707
BRB,Barbados,2024-11-01,-0.08896797153024912
BRB,Barbados,2024-12-01,-0.2671415850400712
IRQ,Iraq,2019-01-01,0.3827751196172249
IRQ,Iraq,2019-02-01,-0.4766444232602479
IRQ,Iraq,2019-03-01,0.7662835249042146
IRQ,Iraq,2019-04-01,-0.7604562737642586
IRQ,Iraq,2019-05-01,-0.5747126436781609
IRQ,Iraq,2019-06-01,0.3853564547206166
IRQ,Iraq,2019-07-01,0
IRQ,Iraq,2019-08-01,0.2879078694817658
IRQ,Iraq,2019-09-01,-0.2870813397129187
IRQ,Iraq,2019-10-01,0.5758157389635317
IRQ,Iraq,2019-11-01,0
IRQ,Iraq,2019-12-01,-0.1908396946564885
IRQ,Iraq,2020-01-01,0.7648183556405354
IRQ,Iraq,2020-02-01,0
IRQ,Iraq,2020-03-01,0.3795066413662239
IRQ,Iraq,2020-04-01,-1.13421550094518
IRQ,Iraq,2020-05-01,-0.09560229445506692
IRQ,Iraq,2020-06-01,-0.1913875598086124
IRQ,Iraq,2020-07-01,-0.1917545541706616
IRQ,Iraq,2020-08-01,0.3842459173871278
IRQ,Iraq,2020-09-01,0.1913875598086124
IRQ,Iraq,2020-10-01,0.7640878701050621
IRQ,Iraq,2020-11-01,-0.9478672985781992
IRQ,Iraq,2020-12-01,3.253588516746411
IRQ,Iraq,2021-01-01,0.8341056533827618
IRQ,Iraq,2021-02-01,0.7352941176470588
IRQ,Iraq,2021-03-01,0.6386861313868613
IRQ,Iraq,2021-04-01,0.09066183136899364
IRQ,Iraq,2021-05-01,0
IRQ,Iraq,2021-06-01,0.6340579710144928
IRQ,Iraq,2021-07-01,0.6300630063006301
IRQ,Iraq,2021-08-01,1.162790697674419
IRQ,Iraq,2021-09-01,-0.707338638373121
IRQ,Iraq,2021-10-01,0.3561887800534283
IRQ,Iraq,2021-11-01,0.5323868677905945
IRQ,Iraq,2021-12-01,0.264783759929391
IRQ,Iraq,2022-01-01,0.8802816901408451
IRQ,Iraq,2022-02-01,0.5235602094240838
IRQ,Iraq,2022-03-01,0.6944444444444444
IRQ,Iraq,2022-04-01,0.1724137931034483
IRQ,Iraq,2022-05-01,0.1721170395869191
IRQ,Iraq,2022-06-01,0.6872852233676976
IRQ,Iraq,2022-07-01,0.5119453924914676
IRQ,Iraq,2022-08-01,0.2546689303904924
IRQ,Iraq,2022-09-01,0.1693480101608806
IRQ,Iraq,2022-10-01,-0.422654268808115
IRQ,Iraq,2022-11-01,0.2546689303904924
IRQ,Iraq,2022-12-01,0.3386960203217612
IRQ,Iraq,2023-01-01,3.628691983122363
IRQ,Iraq,2023-02-01,-0.244299674267101
IRQ,Iraq,2023-03-01,-0.326530612244898
IRQ,Iraq,2023-04-01,-0.9828009828009828
IRQ,Iraq,2023-05-01,-0.413564929693962
IRQ,Iraq,2023-06-01,0.6644518272425249
IRQ,Iraq,2023-07-01,0.5775577557755776
IRQ,Iraq,2023-08-01,0.4922067268252666
IRQ,Iraq,2023-09-01,0
IRQ,Iraq,2023-10-01,0.08163265306122448
IRQ,Iraq,2023-11-01,0.1631321370309951
IRQ,Iraq,2023-12-01,0.3257328990228013
IRQ,Iraq,2024-01-01,-14.44805194805195
IRQ,Iraq,2024-02-01,0.2846299810246679
IRQ,Iraq,2024-03-01,0.2838221381267739
IRQ,Iraq,2024-04-01,0.2830188679245283
IRQ,Iraq,2024-05-01,0.09407337723424272
IRQ,Iraq,2024-06-01,0.8458646616541353
IRQ,Iraq,2024-07-01,0.5591798695246971
IRQ,Iraq,2024-08-01,0.5560704355885079
IRQ,Iraq,2024-09-01,-0.5529953917050691
IRQ,Iraq,2024-10-01,-0.09267840593141798
IRQ,Iraq,2024-11-01,0.0927643784786642
IRQ,Iraq,2024-12-01,NA
DJI,Djibouti,2019-01-01,0.6042511177408486
DJI,Djibouti,2019-02-01,0.3002926078414191
DJI,Djibouti,2019-03-01,0.2853608160764414
DJI,Djibouti,2019-04-01,0.4179254219010243
DJI,Djibouti,2019-05-01,0.3517343513865742
DJI,Djibouti,2019-06-01,0.09971218991891002
DJI,Djibouti,2019-07-01,0.367335424431583
DJI,Djibouti,2019-08-01,0.2133387696897477
DJI,Djibouti,2019-09-01,0.2359398042800578
DJI,Djibouti,2019-10-01,-0.1487474031072728
DJI,Djibouti,2019-11-01,0.311834533278395
DJI,Djibouti,2019-12-01,0.172179331145428
DJI,Djibouti,2020-01-01,0.07867201271222767
DJI,Djibouti,2020-02-01,0.2438529561798134
DJI,Djibouti,2020-03-01,0.2683673617815626
DJI,Djibouti,2020-04-01,0.3572031849917188
DJI,Djibouti,2020-05-01,-0.602169724445622
DJI,Djibouti,2020-06-01,1.045897707502408
DJI,Djibouti,2020-07-01,1.553549710854026
DJI,Djibouti,2020-08-01,-2.046381647424437
DJI,Djibouti,2020-09-01,-0.9618215099293635
DJI,Djibouti,2020-10-01,0.152956019500892
DJI,Djibouti,2020-11-01,0.1439826215154983
DJI,Djibouti,2020-12-01,0.1222149291379146
DJI,Djibouti,2021-01-01,0.1621925485819818
DJI,Djibouti,2021-02-01,0.1947983950510319
DJI,Djibouti,2021-03-01,0.4273665155224101
DJI,Djibouti,2021-04-01,0.1668807149650384
DJI,Djibouti,2021-05-01,0.4679918031996396
DJI,Djibouti,2021-06-01,0.1587120817877214
DJI,Djibouti,2021-07-01,0.4574205895829709
DJI,Djibouti,2021-08-01,-0.1817817380175283
DJI,Djibouti,2021-09-01,0.2010498440700913
DJI,Djibouti,2021-10-01,0.213689767272682
DJI,Djibouti,2021-11-01,0.0445865029233432
DJI,Djibouti,2021-12-01,0.2085278777908426
DJI,Djibouti,2022-01-01,0.222635778881475
DJI,Djibouti,2022-02-01,0.3342483354869179
DJI,Djibouti,2022-03-01,1.267832117491076
DJI,Djibouti,2022-04-01,1.728266050154009
DJI,Djibouti,2022-05-01,0.5875191259154282
DJI,Djibouti,2022-06-01,6.040608826715028
DJI,Djibouti,2022-07-01,-5.166880616174527
DJI,Djibouti,2022-08-01,0.423011844331605
DJI,Djibouti,2022-09-01,0.3369839932603705
DJI,Djibouti,2022-10-01,-0.1007556675063714
DJI,Djibouti,2022-11-01,-1.269120860648811
DJI,Djibouti,2022-12-01,-0.5363071422490849
DJI,Djibouti,2023-01-01,0.7617254364943544
DJI,Djibouti,2023-02-01,-0.4671706446954896
DJI,Djibouti,2023-03-01,-0.0938726745178398
DJI,Djibouti,2023-04-01,0.4270949004868918
DJI,Djibouti,2023-05-01,0.4337841286042805
DJI,Djibouti,2023-06-01,-0.06775067750682495
DJI,Djibouti,2023-07-01,1.355932203389834
DJI,Djibouti,2023-08-01,-0.68762278978389
DJI,Djibouti,2023-09-01,2.472799208704253
DJI,Djibouti,2023-10-01,0.2895752895752896
DJI,Djibouti,2023-11-01,-0.2887391722810395
DJI,Djibouti,2023-12-01,-0.3861003861003861
DJI,Djibouti,2024-01-01,1.162790697674419
DJI,Djibouti,2024-02-01,-0.6704980842911877
DJI,Djibouti,2024-03-01,0.7714561234329796
DJI,Djibouti,2024-04-01,-0.6698564593301435
DJI,Djibouti,2024-05-01,-0.674373795761079
DJI,Djibouti,2024-06-01,0.5819592628516004
DJI,Djibouti,2024-07-01,-0.2892960462873674
DJI,Djibouti,2024-08-01,-0.0967117988394584
DJI,Djibouti,2024-09-01,0.2904162633107454
DJI,Djibouti,2024-10-01,0.7722007722007722
DJI,Djibouti,2024-11-01,-1.724137931034483
DJI,Djibouti,2024-12-01,0
URY,Uruguay,2019-01-01,2.170185403493729
URY,Uruguay,2019-02-01,0.9755074211989428
URY,Uruguay,2019-03-01,0.5505635485378905
URY,Uruguay,2019-04-01,0.4287411539852228
URY,Uruguay,2019-05-01,0.3960497891163472
URY,Uruguay,2019-06-01,0.6404016599210921
URY,Uruguay,2019-07-01,0.7635919364691519
URY,Uruguay,2019-08-01,0.8841062948368182
URY,Uruguay,2019-09-01,0.5157994892082755
URY,Uruguay,2019-10-01,0.7522917497010806
URY,Uruguay,2019-11-01,0.4203135044256575
URY,Uruguay,2019-12-01,-0.02954500689384321
URY,Uruguay,2020-01-01,2.093389813811452
URY,Uruguay,2020-02-01,0.6127273604477222
URY,Uruguay,2020-03-01,1.333077587033664
URY,Uruguay,2020-04-01,1.99697141775507
URY,Uruguay,2020-05-01,0.5660202282638881
URY,Uruguay,2020-06-01,0.01845358922310504
URY,Uruguay,2020-07-01,0.5488929889298843
URY,Uruguay,2020-08-01,0.5734207991192284
URY,Uruguay,2020-09-01,0.6385696040868494
URY,Uruguay,2020-10-01,0.5801305293691086
URY,Uruguay,2020-11-01,0.2838860850757059
URY,Uruguay,2020-12-01,-0.1887216355875143
URY,Uruguay,2021-01-01,1.602665106019003
URY,Uruguay,2021-02-01,0.8241393061278736
URY,Uruguay,2021-03-01,0.615249395737193
URY,Uruguay,2021-04-01,0.5022930770910735
URY,Uruguay,2021-05-01,0.456323337679267
URY,Uruguay,2021-06-01,0.6662340471555286
URY,Uruguay,2021-07-01,0.5200051570759394
URY,Uruguay,2021-08-01,0.8507909362975573
URY,Uruguay,2021-09-01,0.4620797829496782
URY,Uruguay,2021-10-01,1.038062283737028
URY,Uruguay,2021-11-01,0.2547611092549249
URY,Uruguay,2021-12-01,-0.09997917100603576
URY,Uruguay,2022-01-01,1.78474625745382
URY,Uruguay,2022-02-01,1.470768978655417
URY,Uruguay,2022-03-01,1.106266149870801
URY,Uruguay,2022-04-01,0.4911748262918263
URY,Uruguay,2022-05-01,0.4649314524140675
URY,Uruguay,2022-06-01,0.585396724942642
URY,Uruguay,2022-07-01,0.7707432166732275
URY,Uruguay,2022-08-01,0.8272847888862878
URY,Uruguay,2022-09-01,0.8398482854710057
URY,Uruguay,2022-10-01,0.2110919209364711
URY,Uruguay,2022-11-01,-0.280021
URY,Uruguay,2022-12-01,-0.2553295764332241
URY,Uruguay,2023-01-01,1.553549146802301
URY,Uruguay,2023-02-01,1.003305883288275
URY,Uruguay,2023-03-01,0.90122793807152
URY,Uruguay,2023-04-01,0.7480125920960375
URY,Uruguay,2023-05-01,-0.01002030083091107
URY,Uruguay,2023-06-01,-0.4633784620145221
URY,Uruguay,2023-07-01,-0.3617301726107523
URY,Uruguay,2023-08-01,0.1719344436877794
URY,Uruguay,2023-09-01,0.6104922479763263
URY,Uruguay,2023-10-01,0.6257587137513893
URY,Uruguay,2023-11-01,0.3431562358350465
URY,Uruguay,2023-12-01,-0.1066191911509147
URY,Uruguay,2024-01-01,1.530220526064084
URY,Uruguay,2024-02-01,0.6425723621184701
URY,Uruguay,2024-03-01,0.02030099892284896
URY,Uruguay,2024-04-01,0.6285100127088737
URY,Uruguay,2024-05-01,0.3980432819210671
URY,Uruguay,2024-06-01,0.3562006312026176
URY,Uruguay,2024-07-01,0.1065159884377709
URY,Uruguay,2024-08-01,0.2857928787677689
URY,Uruguay,2024-09-01,0.3747128023351459
URY,Uruguay,2024-10-01,0.3259123717965289
URY,Uruguay,2024-11-01,0.3605379872817024
URY,Uruguay,2024-12-01,0.3354051752687765
CRI,Costa Rica,2019-01-01,0.0512142908357148
CRI,Costa Rica,2019-02-01,0.08190092036159256
CRI,Costa Rica,2019-03-01,-0.1452551683220982
CRI,Costa Rica,2019-04-01,0.5613776288966061
CRI,Costa Rica,2019-05-01,0.1354861712422961
CRI,Costa Rica,2019-06-01,0.2746749679545871
CRI,Costa Rica,2019-07-01,0.7345183020858697
CRI,Costa Rica,2019-08-01,-0.09869878741489747
CRI,Costa Rica,2019-09-01,-0.09778817267173416
CRI,Costa Rica,2019-10-01,-0.07265608444251592
CRI,Costa Rica,2019-11-01,0.2090381216864428
CRI,Costa Rica,2019-12-01,-0.1179055143502096
CRI,Costa Rica,2020-01-01,0.1109821924027645
CRI,Costa Rica,2020-02-01,0.2862181909800957
CRI,Costa Rica,2020-03-01,-0.03014802681164518
CRI,Costa Rica,2020-04-01,-0.4412991686687643
CRI,Costa Rica,2020-05-01,-0.1453957996768982
CRI,Costa Rica,2020-06-01,-0.02123442808607022
CRI,Costa Rica,2020-07-01,0.2558786346396966
CRI,Costa Rica,2020-08-01,-0.00403518682915019
CRI,Costa Rica,2020-09-01,0.2723861022557605
CRI,Costa Rica,2020-10-01,0.07948165885264705
CRI,Costa Rica,2020-11-01,0.0010052979200386
CRI,Costa Rica,2020-12-01,0.5287813901119891
CRI,Costa Rica,2021-01-01,0.177
CRI,Costa Rica,2021-02-01,-0.2555476806053286
CRI,Costa Rica,2021-03-01,0.02802213748861601
CRI,Costa Rica,2021-04-01,0.2891474652072557
CRI,Costa Rica,2021-05-01,-0.01496438476426106
CRI,Costa Rica,2021-06-01,0.5378007044291231
CRI,Costa Rica,2021-07-01,-0.2054345884361168
CRI,Costa Rica,2021-08-01,0.2764656158321317
CRI,Costa Rica,2021-09-01,0.628762409131931
CRI,Costa Rica,2021-10-01,0.4898144224230538
CRI,Costa Rica,2021-11-01,0.821858695225766
CRI,Costa Rica,2021-12-01,0.4834536293068228
CRI,Costa Rica,2022-01-01,0.3700034716686512
CRI,Costa Rica,2022-02-01,1.09324756795964
CRI,Costa Rica,2022-03-01,0.8822331334917711
CRI,Costa Rica,2022-04-01,1.577146227405295
CRI,Costa Rica,2022-05-01,1.443094133545943
CRI,Costa Rica,2022-06-01,1.777840030941824
CRI,Costa Rica,2022-07-01,1.086220674392969
CRI,Costa Rica,2022-08-01,0.8600187845170576
CRI,Costa Rica,2022-09-01,-0.9534915806782444
CRI,Costa Rica,2022-10-01,-0.7619015025834152
CRI,Costa Rica,2022-11-01,0.1414918510824673
CRI,Costa Rica,2022-12-01,0.132238968637099
CRI,Costa Rica,2023-01-01,0.1604648975017554
CRI,Costa Rica,2023-02-01,-0.8525513612154356
CRI,Costa Rica,2023-03-01,-0.2284614495053052
CRI,Costa Rica,2023-04-01,-0.3437221849520672
CRI,Costa Rica,2023-05-01,-0.1052852826401882
CRI,Costa Rica,2023-06-01,-0.156903059645875
CRI,Costa Rica,2023-07-01,-0.1871640540733882
CRI,Costa Rica,2023-08-01,-0.1649449457050076
CRI,Costa Rica,2023-09-01,0.1145676542148804
CRI,Costa Rica,2023-10-01,0.2086762760319467
CRI,Costa Rica,2023-11-01,-0.2298833980058184
CRI,Costa Rica,2023-12-01,0.01004951670960551
CRI,Costa Rica,2024-01-01,0.05481003754487572
CRI,Costa Rica,2024-02-01,-0.1077340247788257
CRI,Costa Rica,2024-03-01,-0.2833353136339125
CRI,Costa Rica,2024-04-01,0.3272197321747738
CRI,Costa Rica,2024-05-01,0.08130972610499004
CRI,Costa Rica,2024-06-01,0.1442303303604845
CRI,Costa Rica,2024-07-01,-0.1212342190419762
CRI,Costa Rica,2024-08-01,0.1149928813930566
CRI,Costa Rica,2024-09-01,-0.3327316815256431
CRI,Costa Rica,2024-10-01,-0.450916008890271
CRI,Costa Rica,2024-11-01,0.4685777287761852
CRI,Costa Rica,2024-12-01,0.9510745313214448
JAM,Jamaica,2019-01-01,-0.2049180327868852
JAM,Jamaica,2019-02-01,0
JAM,Jamaica,2019-03-01,0.8213552361396304
JAM,Jamaica,2019-04-01,0.1018329938900204
JAM,Jamaica,2019-05-01,0.8138351983723296
JAM,Jamaica,2019-06-01,-0.1009081735620585
JAM,Jamaica,2019-07-01,1.01010101010101
JAM,Jamaica,2019-08-01,0.8
JAM,Jamaica,2019-09-01,0.3968253968253968
JAM,Jamaica,2019-10-01,0.592885375494071
JAM,Jamaica,2019-11-01,1.37524557956778
JAM,Jamaica,2019-12-01,0.3875968992248062
JAM,Jamaica,2020-01-01,-1.061776061776062
JAM,Jamaica,2020-02-01,0.6829268292682927
JAM,Jamaica,2020-03-01,-0.2906976744186047
JAM,Jamaica,2020-04-01,0.8213130695597668
JAM,Jamaica,2020-05-01,0.05424936694079447
JAM,Jamaica,2020-06-01,1.359621501848778
JAM,Jamaica,2020-07-01,0.4874144907102803
JAM,Jamaica,2020-08-01,0.1775999681923166
JAM,Jamaica,2020-09-01,0.217568587088544
JAM,Jamaica,2020-10-01,0.7571839629025696
JAM,Jamaica,2020-11-01,0.6287646681575688
JAM,Jamaica,2020-12-01,1.293667312348038
JAM,Jamaica,2021-01-01,-1.614682380224806
JAM,Jamaica,2021-02-01,-0.1416645462711044
JAM,Jamaica,2021-03-01,1.120448179271709
JAM,Jamaica,2021-04-01,-0.554016620498615
JAM,Jamaica,2021-05-01,1.207056638811513
JAM,Jamaica,2021-06-01,0.7339449541284404
JAM,Jamaica,2021-07-01,1.457194899817851
JAM,Jamaica,2021-08-01,0.8078994614003591
JAM,Jamaica,2021-09-01,2.315227070347284
JAM,Jamaica,2021-10-01,0.9573542210617928
JAM,Jamaica,2021-11-01,0
JAM,Jamaica,2021-12-01,0.8620689655172414
JAM,Jamaica,2022-01-01,0.5128205128205128
JAM,Jamaica,2022-02-01,0.8503401360544218
JAM,Jamaica,2022-03-01,1.602023608768971
JAM,Jamaica,2022-04-01,-0.08298755186721991
JAM,Jamaica,2022-05-01,0.4152823920265781
JAM,Jamaica,2022-06-01,0.7444168734491315
JAM,Jamaica,2022-07-01,0.7389162561576355
JAM,Jamaica,2022-08-01,0.8964955175224124
JAM,Jamaica,2022-09-01,1.373182552504039
JAM,Jamaica,2022-10-01,1.51394422310757
JAM,Jamaica,2022-11-01,0.4709576138147567
JAM,Jamaica,2022-12-01,-0.078125
JAM,Jamaica,2023-01-01,-0.5473025801407349
JAM,Jamaica,2023-02-01,0.4716981132075472
JAM,Jamaica,2023-03-01,0.1564945226917058
JAM,Jamaica,2023-04-01,-0.46875
JAM,Jamaica,2023-05-01,0.6279434850863422
JAM,Jamaica,2023-06-01,1.014040561622465
JAM,Jamaica,2023-07-01,1.003861003861004
JAM,Jamaica,2023-08-01,1.070336391437309
JAM,Jamaica,2023-09-01,0.529500756429652
JAM,Jamaica,2023-10-01,0.7524454477050414
JAM,Jamaica,2023-11-01,1.568334578043316
JAM,Jamaica,2023-12-01,0.5147058823529412
JAM,Jamaica,2024-01-01,-0.0731528895391368
JAM,Jamaica,2024-02-01,-0.5856515373352855
JAM,Jamaica,2024-03-01,-1.988217967599411
JAM,Jamaica,2024-04-01,0.8264462809917354
JAM,Jamaica,2024-05-01,0.5216095380029806
JAM,Jamaica,2024-06-01,1.111934766493699
JAM,Jamaica,2024-07-01,0.8064516129032258
JAM,Jamaica,2024-08-01,2.327272727272727
JAM,Jamaica,2024-09-01,-0.1421464108031272
JAM,Jamaica,2024-10-01,0
JAM,Jamaica,2024-11-01,0.99644128113879
JAM,Jamaica,2024-12-01,1.127554615926709
LKA,Sri Lanka,2019-01-01,0.1573564122737841
LKA,Sri Lanka,2019-02-01,-0.4713275726630517
LKA,Sri Lanka,2019-03-01,-0.2367797947908205
LKA,Sri Lanka,2019-04-01,0.7120253164557235
LKA,Sri Lanka,2019-05-01,1.099764336213655
LKA,Sri Lanka,2019-06-01,0.3885003885003489
LKA,Sri Lanka,2019-07-01,0.1547987616098914
LKA,Sri Lanka,2019-08-01,0.231839258114448
LKA,Sri Lanka,2019-09-01,0.6939090208171999
LKA,Sri Lanka,2019-10-01,0.9954058192955546
LKA,Sri Lanka,2019-11-01,0.7581501137225358
LKA,Sri Lanka,2019-12-01,1.580135440180616
LKA,Sri Lanka,2020-01-01,1.481481481481517
LKA,Sri Lanka,2020-02-01,0
LKA,Sri Lanka,2020-03-01,-1.313868613138736
LKA,Sri Lanka,2020-04-01,-0.2958579881656504
LKA,Sri Lanka,2020-05-01,0.4451038575667202
LKA,Sri Lanka,2020-06-01,1.403249630723825
LKA,Sri Lanka,2020-07-01,0
LKA,Sri Lanka,2020-08-01,0.3641660597231967
LKA,Sri Lanka,2020-09-01,0.7982583454281672
LKA,Sri Lanka,2020-10-01,0.1439884809215116
LKA,Sri Lanka,2020-11-01,0.5032350826743746
LKA,Sri Lanka,2020-12-01,1.001430615164509
LKA,Sri Lanka,2021-01-01,0.6373937677054068
LKA,Sri Lanka,2021-02-01,0.4926108374383734
LKA,Sri Lanka,2021-03-01,-0.4901960784313228
LKA,Sri Lanka,2021-04-01,0.07037297677691048
LKA,Sri Lanka,2021-05-01,0.9845288326300868
LKA,Sri Lanka,2021-06-01,1.462395543175514
LKA,Sri Lanka,2021-07-01,0.6177076183938971
LKA,Sri Lanka,2021-08-01,0.3410641200546216
LKA,Sri Lanka,2021-09-01,0.271923861318803
LKA,Sri Lanka,2021-10-01,2.10169491525428
LKA,Sri Lanka,2021-11-01,3.12084993359887
LKA,Sri Lanka,2021-12-01,3.670315518351611
LKA,Sri Lanka,2022-01-01,3.108118687857199
LKA,Sri Lanka,2022-02-01,0.9111617312072892
LKA,Sri Lanka,2022-03-01,3.310759969902182
LKA,Sri Lanka,2022-04-01,10.48798252002913
LKA,Sri Lanka,2022-05-01,9.62425840474621
LKA,Sri Lanka,2022-06-01,10.34275405892965
LKA,Sri Lanka,2022-07-01,5.231607629427793
LKA,Sri Lanka,2022-08-01,2.382185396167789
LKA,Sri Lanka,2022-09-01,2.12443095599393
LKA,Sri Lanka,2022-10-01,-0.1485884101040119
LKA,Sri Lanka,2022-11-01,-0.6448412698412698
LKA,Sri Lanka,2022-12-01,0.04992511233150275
LKA,Sri Lanka,2023-01-01,0.6986027944111776
LKA,Sri Lanka,2023-02-01,1.139742319127849
LKA,Sri Lanka,2023-03-01,0.34296913277805
LKA,Sri Lanka,2023-04-01,-1.025390625
LKA,Sri Lanka,2023-05-01,0.1973359644795264
LKA,Sri Lanka,2023-06-01,0.09847365829640572
LKA,Sri Lanka,2023-07-01,-0.6886374815543532
LKA,Sri Lanka,2023-08-01,0
LKA,Sri Lanka,2023-09-01,0.7924715205547301
LKA,Sri Lanka,2023-10-01,0.04914004914004914
LKA,Sri Lanka,2023-11-01,1.178781925343811
LKA,Sri Lanka,2023-12-01,1.359223300970874
LKA,Sri Lanka,2024-01-01,2.969348659003831
LKA,Sri Lanka,2024-02-01,-0.2325581395348837
LKA,Sri Lanka,2024-03-01,-2.097902097902098
LKA,Sri Lanka,2024-04-01,-0.8571428571428571
LKA,Sri Lanka,2024-05-01,-0.9125840537944284
LKA,Sri Lanka,2024-06-01,0.8725157537566651
LKA,Sri Lanka,2024-07-01,-0.5766458433445459
LKA,Sri Lanka,2024-08-01,-1.353310778153697
LKA,Sri Lanka,2024-09-01,-6.467417932386085
LKA,Sri Lanka,2024-10-01,-0.5238344683080147
LKA,Sri Lanka,2024-11-01,-0.2632964718272775
LKA,Sri Lanka,2024-12-01,1.214361140443506
GHA,Ghana,2019-01-01,1.491822627934403
GHA,Ghana,2019-02-01,0.4377111946389218
GHA,Ghana,2019-03-01,0.8055303800293744
GHA,Ghana,2019-04-01,0.6154634182854555
GHA,Ghana,2019-05-01,1.091003177950075
GHA,Ghana,2019-06-01,1.090888087328068
GHA,Ghana,2019-07-01,0.3498427753663781
GHA,Ghana,2019-08-01,0.4136883618706389
GHA,Ghana,2019-09-01,-0.04600662495399448
GHA,Ghana,2019-10-01,0.3406057258584173
GHA,Ghana,2019-11-01,0.642201834862389
GHA,Ghana,2019-12-01,0.2734731084776613
GHA,Ghana,2020-01-01,1.461355035955453
GHA,Ghana,2020-02-01,0.416450851095248
GHA,Ghana,2020-03-01,0.8217344888589674
GHA,Ghana,2020-04-01,3.229483717708088
GHA,Ghana,2020-05-01,1.716692091157053
GHA,Ghana,2020-06-01,0.9979103284967412
GHA,Ghana,2020-07-01,0.5602397176981725
GHA,Ghana,2020-08-01,-0.3873454615883716
GHA,Ghana,2020-09-01,-0.1749158195467135
GHA,Ghana,2020-10-01,0.1907764518654341
GHA,Ghana,2020-11-01,0.2899694530176472
GHA,Ghana,2020-12-01,0.9306543680689306
GHA,Ghana,2021-01-01,0.9706115960378116
GHA,Ghana,2021-02-01,0.7334963325183446
GHA,Ghana,2021-03-01,0.8629502393535512
GHA,Ghana,2021-04-01,1.537960566480948
GHA,Ghana,2021-05-01,0.7789853409374466
GHA,Ghana,2021-06-01,1.269891040213229
GHA,Ghana,2021-07-01,1.633253347782371
GHA,Ghana,2021-08-01,0.2665651180502339
GHA,Ghana,2021-09-01,0.6456513482719097
GHA,Ghana,2021-10-01,0.6037735849056556
GHA,Ghana,2021-11-01,1.425356339084748
GHA,Ghana,2021-12-01,1.227810650887581
GHA,Ghana,2022-01-01,2.111646938477331
GHA,Ghana,2022-02-01,2.361359570661843
GHA,Ghana,2022-03-01,4.01957357567285
GHA,Ghana,2022-04-01,5.174731182795756
GHA,Ghana,2022-05-01,4.025559105431307
GHA,Ghana,2022-06-01,3.01597051597049
GHA,Ghana,2022-07-01,3.154254367658415
GHA,Ghana,2022-08-01,1.907514450867084
GHA,Ghana,2022-09-01,1.999999999999971
GHA,Ghana,2022-10-01,2.702702702702703
GHA,Ghana,2022-11-01,8.587257617728532
GHA,Ghana,2022-12-01,3.826530612244898
GHA,Ghana,2023-01-01,1.71990171990172
GHA,Ghana,2023-02-01,1.871980676328502
GHA,Ghana,2023-03-01,-1.244813278008299
GHA,Ghana,2023-04-01,2.34093637454982
GHA,Ghana,2023-05-01,4.809384164222874
GHA,Ghana,2023-06-01,3.18970341354225
GHA,Ghana,2023-07-01,3.579175704989154
GHA,Ghana,2023-08-01,-0.2094240837696335
GHA,Ghana,2023-09-01,1.836306400839454
GHA,Ghana,2023-10-01,0.5667181865018032
GHA,Ghana,2023-11-01,1.536885245901639
GHA,Ghana,2023-12-01,1.160443995963673
GHA,Ghana,2024-01-01,1.99501246882793
GHA,Ghana,2024-02-01,1.613691931540342
GHA,Ghana,2024-03-01,0.8180943214629451
GHA,Ghana,2024-04-01,1.813842482100239
GHA,Ghana,2024-05-01,3.141115799343647
GHA,Ghana,2024-06-01,2.909090909090909
GHA,Ghana,2024-07-01,2.031802120141343
GHA,Ghana,2024-08-01,-0.6926406926406926
GHA,Ghana,2024-09-01,2.789886660854403
GHA,Ghana,2024-10-01,0.8481764206955047
GHA,Ghana,2024-11-01,2.565180824222035
GHA,Ghana,2024-12-01,1.804018040180402
MAR,Morocco,2019-01-01,-0.250417362270398
MAR,Morocco,2019-02-01,0
MAR,Morocco,2019-03-01,0
MAR,Morocco,2019-04-01,0.585774058577414
MAR,Morocco,2019-05-01,0.6655574043260482
MAR,Morocco,2019-06-01,0.1652892561983775
MAR,Morocco,2019-07-01,-0.8250825082507812
MAR,Morocco,2019-08-01,0.332778702163024
MAR,Morocco,2019-09-01,-0.2487562189055183
MAR,Morocco,2019-10-01,0.3325020781380495
MAR,Morocco,2019-11-01,0.4142502071250815
MAR,Morocco,2019-12-01,0
MAR,Morocco,2020-01-01,-0.08250825082509766
MAR,Morocco,2020-02-01,-0.2477291494632013
MAR,Morocco,2020-03-01,0.4139072847681898
MAR,Morocco,2020-04-01,-0.08244023083266146
MAR,Morocco,2020-05-01,-0.1953125
MAR,Morocco,2020-06-01,-0.2935420743639922
MAR,Morocco,2020-07-01,-0.2944062806673209
MAR,Morocco,2020-08-01,1.377952755905512
MAR,Morocco,2020-09-01,0.2912621359223301
MAR,Morocco,2020-10-01,0.0968054211035818
MAR,Morocco,2020-11-01,-0.6769825918762089
MAR,Morocco,2020-12-01,-0.4868549172346641
MAR,Morocco,2021-01-01,0.09784735812133072
MAR,Morocco,2021-02-01,0.09775171065493646
MAR,Morocco,2021-03-01,0.1953125
MAR,Morocco,2021-04-01,1.169590643274854
MAR,Morocco,2021-05-01,0.2890173410404624
MAR,Morocco,2021-06-01,-0.6724303554274736
MAR,Morocco,2021-07-01,0.3868471953578337
MAR,Morocco,2021-08-01,0
MAR,Morocco,2021-09-01,0.674373795761079
MAR,Morocco,2021-10-01,0.6698564593301435
MAR,Morocco,2021-11-01,0.1901140684410646
MAR,Morocco,2021-12-01,0.09487666034155598
MAR,Morocco,2022-01-01,0
MAR,Morocco,2022-02-01,0.5687203791469194
MAR,Morocco,2022-03-01,1.79076343072573
MAR,Morocco,2022-04-01,1.759259259259259
MAR,Morocco,2022-05-01,0.272975432211101
MAR,Morocco,2022-06-01,0.544464609800363
MAR,Morocco,2022-07-01,0.9025270758122744
MAR,Morocco,2022-08-01,0.2683363148479428
MAR,Morocco,2022-09-01,0.9812667261373772
MAR,Morocco,2022-10-01,0.4416961130742049
MAR,Morocco,2022-11-01,0.4397537379067722
MAR,Morocco,2022-12-01,0.08756567425569177
MAR,Morocco,2023-01-01,0.5249343832020997
MAR,Morocco,2023-02-01,1.65361183637946
MAR,Morocco,2023-03-01,0.08561643835616438
MAR,Morocco,2023-04-01,1.36869118905047
MAR,Morocco,2023-05-01,-0.4219409282700422
MAR,Morocco,2023-06-01,-0.9322033898305084
MAR,Morocco,2023-07-01,0.3421727972626176
MAR,Morocco,2023-08-01,0.3410059676044331
MAR,Morocco,2023-09-01,0.8496176720475787
MAR,Morocco,2023-10-01,-0.08424599831508003
MAR,Morocco,2023-11-01,-0.2529510961214165
MAR,Morocco,2023-12-01,-0.08453085376162299
MAR,Morocco,2024-01-01,-0.5922165820642978
MAR,Morocco,2024-02-01,-0.2553191489361702
MAR,Morocco,2024-03-01,0.6825938566552902
MAR,Morocco,2024-04-01,0.5932203389830508
MAR,Morocco,2024-05-01,-0.1684919966301601
MAR,Morocco,2024-06-01,0.4219409282700422
MAR,Morocco,2024-07-01,-0.1680672268907563
MAR,Morocco,2024-08-01,0.7575757575757576
MAR,Morocco,2024-09-01,0
MAR,Morocco,2024-10-01,-0.2506265664160401
MAR,Morocco,2024-11-01,-0.1675041876046901
MAR,Morocco,2024-12-01,-0.1677852348993289
SYC,Seychelles,2019-01-01,1.033583620995142
SYC,Seychelles,2019-02-01,0.1346015793251974
SYC,Seychelles,2019-03-01,-0.07169101173940318
SYC,Seychelles,2019-04-01,0.1524526948255762
SYC,Seychelles,2019-05-01,0.1701289398280802
SYC,Seychelles,2019-06-01,0.02681684097613301
SYC,Seychelles,2019-07-01,0.06255585344057193
SYC,Seychelles,2019-08-01,0.0446548182548897
SYC,Seychelles,2019-09-01,-0.1339046598821639
SYC,Seychelles,2019-10-01,-0.02681684097613301
SYC,Seychelles,2019-11-01,0.2861230329041488
SYC,Seychelles,2019-12-01,0.00891583452211127
SYC,Seychelles,2020-01-01,0.1426406347508246
SYC,Seychelles,2020-02-01,0.09792575447342652
SYC,Seychelles,2020-03-01,0.00889363215937388
SYC,Seychelles,2020-04-01,-0.6136060471320587
SYC,Seychelles,2020-05-01,-0.08052970651395848
SYC,Seychelles,2020-06-01,0.3940180890122683
SYC,Seychelles,2020-07-01,0.8563018464008563
SYC,Seychelles,2020-08-01,0.2564782877863271
SYC,Seychelles,2020-09-01,0.4587155963302752
SYC,Seychelles,2020-10-01,0.1053740779768177
SYC,Seychelles,2020-11-01,0.5964912280701754
SYC,Seychelles,2020-12-01,1.508545517963028
SYC,Seychelles,2021-01-01,3.839876299287003
SYC,Seychelles,2021-02-01,1.091992058239576
SYC,Seychelles,2021-03-01,0.8428805237315876
SYC,Seychelles,2021-04-01,0.3814006329627526
SYC,Seychelles,2021-05-01,0.5335489086499596
SYC,Seychelles,2021-06-01,0.2894821486008363
SYC,Seychelles,2021-07-01,0.2886465683130212
SYC,Seychelles,2021-08-01,0.1519027822193796
SYC,Seychelles,2021-09-01,-0.1836034166201006
SYC,Seychelles,2021-10-01,0.2799104286628279
SYC,Seychelles,2021-11-01,0.02392535289895526
SYC,Seychelles,2021-12-01,0.1036517301865731
SYC,Seychelles,2022-01-01,0.00796495420151334
SYC,Seychelles,2022-02-01,0.2309652755654667
SYC,Seychelles,2022-03-01,0.08740564163686929
SYC,Seychelles,2022-04-01,0.3651953000952683
SYC,Seychelles,2022-05-01,0.4271476032273374
SYC,Seychelles,2022-06-01,0.2520478890989288
SYC,Seychelles,2022-07-01,0.5263984915147706
SYC,Seychelles,2022-08-01,0.6643220007815553
SYC,Seychelles,2022-09-01,-0.04658385093167702
SYC,Seychelles,2022-10-01,0.2407954015845891
SYC,Seychelles,2022-11-01,-0.2712127082526153
SYC,Seychelles,2022-12-01,0.01554001554001554
SYC,Seychelles,2023-01-01,-0.1165320074580485
SYC,Seychelles,2023-02-01,-1.011122345803842
SYC,Seychelles,2023-03-01,-0.1257169796495639
SYC,Seychelles,2023-04-01,0.01573440327275588
SYC,Seychelles,2023-05-01,-1.156296704161095
SYC,Seychelles,2023-06-01,-0.03183192742320548
SYC,Seychelles,2023-07-01,-0.1592103168285305
SYC,Seychelles,2023-08-01,0.1913570403444427
SYC,Seychelles,2023-09-01,-0.07957981855801369
SYC,Seychelles,2023-10-01,0.04778591908251035
SYC,Seychelles,2023-11-01,-0.2626970227670753
SYC,Seychelles,2023-12-01,-0.03990741479766941
SYC,Seychelles,2024-01-01,0.5828808687320345
SYC,Seychelles,2024-02-01,0.7779630070651742
SYC,Seychelles,2024-03-01,-0.03938558487593541
SYC,Seychelles,2024-04-01,0.04728132387706856
SYC,Seychelles,2024-05-01,-0.46471329552615
SYC,Seychelles,2024-06-01,-0.1503521405396851
SYC,Seychelles,2024-07-01,0.00792518624187668
SYC,Seychelles,2024-08-01,0.1267929312940804
SYC,Seychelles,2024-09-01,-0.01582904629996043
SYC,Seychelles,2024-10-01,-0.01583155228370142
SYC,Seychelles,2024-11-01,0.53044097854485
SYC,Seychelles,2024-12-01,0.3150102378327296
AGO,Angola,2019-01-01,1.136889262497963
AGO,Angola,2019-02-01,1.044172386992616
AGO,Angola,2019-03-01,1.096262148998652
AGO,Angola,2019-04-01,1.0429268699678
AGO,Angola,2019-05-01,1.094091903720005
AGO,Angola,2019-06-01,1.078167115902888
AGO,Angola,2019-07-01,1.51515151515154
AGO,Angola,2019-08-01,1.440796019900551
AGO,Angola,2019-09-01,1.447796916074847
AGO,Angola,2019-10-01,1.384591584158356
AGO,Angola,2019-11-01,1.528458496008439
AGO,Angola,2019-12-01,1.906008899935291
AGO,Angola,2020-01-01,2.051884515590848
AGO,Angola,2020-02-01,1.715947034432443
AGO,Angola,2020-03-01,1.851564694494089
AGO,Angola,2020-04-01,2.050286852718181
AGO,Angola,2020-05-01,1.937221838817222
AGO,Angola,2020-06-01,1.738141681544637
AGO,Angola,2020-07-01,1.775635665099023
AGO,Angola,2020-08-01,1.8306513775148
AGO,Angola,2020-09-01,1.788311787403177
AGO,Angola,2020-10-01,1.811508977692478
AGO,Angola,2020-11-01,1.987993616114434
AGO,Angola,2020-12-01,2.063505255370165
AGO,Angola,2021-01-01,1.495592230158
AGO,Angola,2021-02-01,2.069535958639265
AGO,Angola,2021-03-01,1.787174724003736
AGO,Angola,2021-04-01,2.09312667794839
AGO,Angola,2021-05-01,2.03322479103768
AGO,Angola,2021-06-01,2.045841627965437
AGO,Angola,2021-07-01,2.100329265107866
AGO,Angola,2021-08-01,2.130448771643742
AGO,Angola,2021-09-01,2.177145280441557
AGO,Angola,2021-10-01,2.056470921139289
AGO,Angola,2021-11-01,2.077939719732031
AGO,Angola,2021-12-01,2.100461264405438
AGO,Angola,2022-01-01,2.000733276221819
AGO,Angola,2022-02-01,1.768210398436536
AGO,Angola,2022-03-01,1.56259103938505
AGO,Angola,2022-04-01,1.116674472697959
AGO,Angola,2022-05-01,0.9255084317584308
AGO,Angola,2022-06-01,0.8409922993068667
AGO,Angola,2022-07-01,0.8139211451321654
AGO,Angola,2022-08-01,0.7638336326643914
AGO,Angola,2022-09-01,0.7916451654152744
AGO,Angola,2022-10-01,0.7800830791479763
AGO,Angola,2022-11-01,0.8173462476650147
AGO,Angola,2022-12-01,0.8741514286345453
AGO,Angola,2023-01-01,0.8276825873291809
AGO,Angola,2023-02-01,0.8581694868081472
AGO,Angola,2023-03-01,0.8985580500947885
AGO,Angola,2023-04-01,0.9155466364052232
AGO,Angola,2023-05-01,0.9547583700602148
AGO,Angola,2023-06-01,1.412556218402663
AGO,Angola,2023-07-01,1.603327168139549
AGO,Angola,2023-08-01,2.044169021710615
AGO,Angola,2023-09-01,2.0958983117406
AGO,Angola,2023-10-01,2.15316703032625
AGO,Angola,2023-11-01,2.210146626642611
AGO,Angola,2023-12-01,2.424644959916012
AGO,Angola,2024-01-01,2.49053971208604
AGO,Angola,2024-02-01,2.583285294508189
AGO,Angola,2024-03-01,2.535459494556514
AGO,Angola,2024-04-01,2.610397141951915
AGO,Angola,2024-05-01,2.494974242909763
AGO,Angola,2024-06-01,2.065353147875204
AGO,Angola,2024-07-01,1.677445578824692
AGO,Angola,2024-08-01,1.609192609897042
AGO,Angola,2024-09-01,1.62652471465317
AGO,Angola,2024-10-01,1.554340846148536
AGO,Angola,2024-11-01,1.605226364913213
AGO,Angola,2024-12-01,1.699520078065203
STP,"São Tomé and Príncipe, Democratic Republic of",2019-01-01,-0.3007422875513132
STP,"São Tomé and Príncipe, Democratic Republic of",2019-02-01,1.146634929939516
STP,"São Tomé and Príncipe, Democratic Republic of",2019-03-01,0.2649426785143213
STP,"São Tomé and Príncipe, Democratic Republic of",2019-04-01,0.4174616052810267
STP,"São Tomé and Príncipe, Democratic Republic of",2019-05-01,0.3828616329900528
STP,"São Tomé and Príncipe, Democratic Republic of",2019-06-01,0.6005968370098527
STP,"São Tomé and Príncipe, Democratic Republic of",2019-07-01,0.1321005221311462
STP,"São Tomé and Príncipe, Democratic Republic of",2019-08-01,0.3766570312584132
STP,"São Tomé and Príncipe, Democratic Republic of",2019-09-01,0.2951325327485432
STP,"São Tomé and Príncipe, Democratic Republic of",2019-10-01,0.8107658256477399
STP,"São Tomé and Príncipe, Democratic Republic of",2019-11-01,1.486529212897157
STP,"São Tomé and Príncipe, Democratic Republic of",2019-12-01,1.870943252334022
STP,"São Tomé and Príncipe, Democratic Republic of",2020-01-01,0.8470885942781257
STP,"São Tomé and Príncipe, Democratic Republic of",2020-02-01,0.331534947839089
STP,"São Tomé and Príncipe, Democratic Republic of",2020-03-01,0.2976230070590802
STP,"São Tomé and Príncipe, Democratic Republic of",2020-04-01,1.78224192662105
STP,"São Tomé and Príncipe, Democratic Republic of",2020-05-01,0.761995740946217
STP,"São Tomé and Príncipe, Democratic Republic of",2020-06-01,0.6720266841927286
STP,"São Tomé and Príncipe, Democratic Republic of",2020-07-01,0.2255084106942692
STP,"São Tomé and Príncipe, Democratic Republic of",2020-08-01,0.2086501501144547
STP,"São Tomé and Príncipe, Democratic Republic of",2020-09-01,0.9931302410445264
STP,"São Tomé and Príncipe, Democratic Republic of",2020-10-01,1.781992480120513
STP,"São Tomé and Príncipe, Democratic Republic of",2020-11-01,0.5196056515963329
STP,"São Tomé and Príncipe, Democratic Republic of",2020-12-01,0.5218908675826013
STP,"São Tomé and Príncipe, Democratic Republic of",2021-01-01,-0.2342023420226773
STP,"São Tomé and Príncipe, Democratic Republic of",2021-02-01,0.4570654369332252
STP,"São Tomé and Príncipe, Democratic Republic of",2021-03-01,1.06828662840425
STP,"São Tomé and Príncipe, Democratic Republic of",2021-04-01,0.1547301928156882
STP,"São Tomé and Príncipe, Democratic Republic of",2021-05-01,0.2696881824764816
STP,"São Tomé and Príncipe, Democratic Republic of",2021-06-01,0.2853133624752333
STP,"São Tomé and Príncipe, Democratic Republic of",2021-07-01,0.69523712719174
STP,"São Tomé and Príncipe, Democratic Republic of",2021-08-01,1.977834331176175
STP,"São Tomé and Príncipe, Democratic Republic of",2021-09-01,1.230530059033751
STP,"São Tomé and Príncipe, Democratic Republic of",2021-10-01,1.143645110577268
STP,"São Tomé and Príncipe, Democratic Republic of",2021-11-01,0.9382526160793562
STP,"São Tomé and Príncipe, Democratic Republic of",2021-12-01,1.134376406791798
STP,"São Tomé and Príncipe, Democratic Republic of",2022-01-01,0.6488897605040036
STP,"São Tomé and Príncipe, Democratic Republic of",2022-02-01,1.929188173721175
STP,"São Tomé and Príncipe, Democratic Republic of",2022-03-01,1.670191333211797
STP,"São Tomé and Príncipe, Democratic Republic of",2022-04-01,1.567210049189474
STP,"São Tomé and Príncipe, Democratic Republic of",2022-05-01,0.7779487958372027
STP,"São Tomé and Príncipe, Democratic Republic of",2022-06-01,1.823262811737262
STP,"São Tomé and Príncipe, Democratic Republic of",2022-07-01,2.265387079745619
STP,"São Tomé and Príncipe, Democratic Republic of",2022-08-01,2.795743745759552
STP,"São Tomé and Príncipe, Democratic Republic of",2022-09-01,3.30596623694504
STP,"São Tomé and Príncipe, Democratic Republic of",2022-10-01,2.47031351978024
STP,"São Tomé and Príncipe, Democratic Republic of",2022-11-01,1.838933417743364
STP,"São Tomé and Príncipe, Democratic Republic of",2022-12-01,1.60853470306689
STP,"São Tomé and Príncipe, Democratic Republic of",2023-01-01,0.9978330483473522
STP,"São Tomé and Príncipe, Democratic Republic of",2023-02-01,0.261977215191306
STP,"São Tomé and Príncipe, Democratic Republic of",2023-03-01,1.103267580723223
STP,"São Tomé and Príncipe, Democratic Republic of",2023-04-01,0.6953808392304222
STP,"São Tomé and Príncipe, Democratic Republic of",2023-05-01,2.003103868957409
STP,"São Tomé and Príncipe, Democratic Republic of",2023-06-01,3.604738189387296
STP,"São Tomé and Príncipe, Democratic Republic of",2023-07-01,1.349830025175953
STP,"São Tomé and Príncipe, Democratic Republic of",2023-08-01,0.2934355538039951
STP,"São Tomé and Príncipe, Democratic Republic of",2023-09-01,0.8175844802503838
STP,"São Tomé and Príncipe, Democratic Republic of",2023-10-01,1.328089318487489
STP,"São Tomé and Príncipe, Democratic Republic of",2023-11-01,1.526288484133787
STP,"São Tomé and Príncipe, Democratic Republic of",2023-12-01,1.996834887034785
STP,"São Tomé and Príncipe, Democratic Republic of",2024-01-01,0.8848518180461729
STP,"São Tomé and Príncipe, Democratic Republic of",2024-02-01,1.52069131475823
STP,"São Tomé and Príncipe, Democratic Republic of",2024-03-01,1.469473550950395
STP,"São Tomé and Príncipe, Democratic Republic of",2024-04-01,0.9187727138380648
STP,"São Tomé and Príncipe, Democratic Republic of",2024-05-01,-0.1688973381904329
STP,"São Tomé and Príncipe, Democratic Republic of",2024-06-01,0.8113079476839367
STP,"São Tomé and Príncipe, Democratic Republic of",2024-07-01,0.1540638165398126
STP,"São Tomé and Príncipe, Democratic Republic of",2024-08-01,0.1812067594444153
STP,"São Tomé and Príncipe, Democratic Republic of",2024-09-01,0.3983761026488396
STP,"São Tomé and Príncipe, Democratic Republic of",2024-10-01,1.153707686743571
STP,"São Tomé and Príncipe, Democratic Republic of",2024-11-01,1.627660109311249
STP,"São Tomé and Príncipe, Democratic Republic of",2024-12-01,2.070689780757537
RUS,Russian Federation,2019-01-01,1.009998755810929
RUS,Russian Federation,2019-02-01,0.4400141315137796
RUS,Russian Federation,2019-03-01,0.3200222081253644
RUS,Russian Federation,2019-04-01,0.2899961604263872
RUS,Russian Federation,2019-05-01,0.3399638095892399
RUS,Russian Federation,2019-06-01,0.04003237929271344
RUS,Russian Federation,2019-07-01,0.199971409000866
RUS,Russian Federation,2019-08-01,-0.2400045830574502
RUS,Russian Federation,2019-09-01,-0.1599646608964537
RUS,Russian Federation,2019-10-01,0.1299686747840861
RUS,Russian Federation,2019-11-01,0.2800365428356489
RUS,Russian Federation,2019-12-01,0.3600014981702494
RUS,Russian Federation,2020-01-01,0.3999815595768362
RUS,Russian Federation,2020-02-01,0.3300039576422947
RUS,Russian Federation,2020-03-01,0.5500136481841377
RUS,Russian Federation,2020-04-01,0.8299629803023998
RUS,Russian Federation,2020-05-01,0.269988354602619
RUS,Russian Federation,2020-06-01,0.2200075568978131
RUS,Russian Federation,2020-07-01,0.3500093585389984
RUS,Russian Federation,2020-08-01,-0.03996813207602472
RUS,Russian Federation,2020-09-01,-0.06999885378876126
RUS,Russian Federation,2020-10-01,0.4299969270691068
RUS,Russian Federation,2020-11-01,0.7099631764703384
RUS,Russian Federation,2020-12-01,0.8300204076573287
RUS,Russian Federation,2021-01-01,0.6700171009205411
RUS,Russian Federation,2021-02-01,0.7799829661281614
RUS,Russian Federation,2021-03-01,0.6599941941135737
RUS,Russian Federation,2021-04-01,0.5800090256637218
RUS,Russian Federation,2021-05-01,0.7399922792271486
RUS,Russian Federation,2021-06-01,0.6900181187261888
RUS,Russian Federation,2021-07-01,0.3099844204461185
RUS,Russian Federation,2021-08-01,0.1699795834298937
RUS,Russian Federation,2021-09-01,0.60001509031956
RUS,Russian Federation,2021-10-01,1.11002333989473
RUS,Russian Federation,2021-11-01,0.9599933976505656
RUS,Russian Federation,2021-12-01,0.819976440031316
RUS,Russian Federation,2022-01-01,0.9899938852325229
RUS,Russian Federation,2022-02-01,1.170010121641292
RUS,Russian Federation,2022-03-01,7.613074738229849
RUS,Russian Federation,2022-04-01,NA
RUS,Russian Federation,2022-05-01,NA
RUS,Russian Federation,2022-06-01,NA
RUS,Russian Federation,2022-07-01,NA
RUS,Russian Federation,2022-08-01,NA
RUS,Russian Federation,2022-09-01,NA
RUS,Russian Federation,2022-10-01,NA
RUS,Russian Federation,2022-11-01,NA
RUS,Russian Federation,2022-12-01,NA
RUS,Russian Federation,2023-01-01,NA
RUS,Russian Federation,2023-02-01,NA
RUS,Russian Federation,2023-03-01,NA
RUS,Russian Federation,2023-04-01,NA
RUS,Russian Federation,2023-05-01,NA
RUS,Russian Federation,2023-06-01,NA
RUS,Russian Federation,2023-07-01,NA
RUS,Russian Federation,2023-08-01,NA
RUS,Russian Federation,2023-09-01,NA
RUS,Russian Federation,2023-10-01,NA
RUS,Russian Federation,2023-11-01,NA
RUS,Russian Federation,2023-12-01,NA
RUS,Russian Federation,2024-01-01,NA
RUS,Russian Federation,2024-02-01,NA
RUS,Russian Federation,2024-03-01,NA
RUS,Russian Federation,2024-04-01,NA
RUS,Russian Federation,2024-05-01,NA
RUS,Russian Federation,2024-06-01,NA
RUS,Russian Federation,2024-07-01,NA
RUS,Russian Federation,2024-08-01,NA
RUS,Russian Federation,2024-09-01,NA
RUS,Russian Federation,2024-10-01,NA
RUS,Russian Federation,2024-11-01,NA
RUS,Russian Federation,2024-12-01,1.295866735038901
ETH,"Ethiopia, The Federal Democratic Republic of",2019-01-01,1.432955626022587
ETH,"Ethiopia, The Federal Democratic Republic of",2019-02-01,0.3167213247040386
ETH,"Ethiopia, The Federal Democratic Republic of",2019-03-01,2.205054944708661
ETH,"Ethiopia, The Federal Democratic Republic of",2019-04-01,1.815647098806225
ETH,"Ethiopia, The Federal Democratic Republic of",2019-05-01,4.27793194212946
ETH,"Ethiopia, The Federal Democratic Republic of",2019-06-01,1.41418091818897
ETH,"Ethiopia, The Federal Democratic Republic of",2019-07-01,1.431552466592161
ETH,"Ethiopia, The Federal Democratic Republic of",2019-08-01,2.370521633314485
ETH,"Ethiopia, The Federal Democratic Republic of",2019-09-01,1.704231930333546
ETH,"Ethiopia, The Federal Democratic Republic of",2019-10-01,-0.1704388355853447
ETH,"Ethiopia, The Federal Democratic Republic of",2019-11-01,0.6323030154826363
ETH,"Ethiopia, The Federal Democratic Republic of",2019-12-01,0.6020614781125327
ETH,"Ethiopia, The Federal Democratic Republic of",2020-01-01,0.7371651440018271
ETH,"Ethiopia, The Federal Democratic Republic of",2020-02-01,2.841546500671837
ETH,"Ethiopia, The Federal Democratic Republic of",2020-03-01,2.964113975174345
ETH,"Ethiopia, The Federal Democratic Republic of",2020-04-01,2.044015160953048
ETH,"Ethiopia, The Federal Democratic Republic of",2020-05-01,1.730310262529833
ETH,"Ethiopia, The Federal Democratic Republic of",2020-06-01,2.873900293255132
ETH,"Ethiopia, The Federal Democratic Republic of",2020-07-01,2.052451539338655
ETH,"Ethiopia, The Federal Democratic Republic of",2020-08-01,0.446927374301676
ETH,"Ethiopia, The Federal Democratic Republic of",2020-09-01,0.5561735261401557
ETH,"Ethiopia, The Federal Democratic Republic of",2020-10-01,0.3871681415929204
ETH,"Ethiopia, The Federal Democratic Republic of",2020-11-01,0.3856749311294766
ETH,"Ethiopia, The Federal Democratic Republic of",2020-12-01,-0.1097694840834248
ETH,"Ethiopia, The Federal Democratic Republic of",2021-01-01,1.648351648351648
ETH,"Ethiopia, The Federal Democratic Republic of",2021-02-01,4
ETH,"Ethiopia, The Federal Democratic Republic of",2021-03-01,3.118503118503119
ETH,"Ethiopia, The Federal Democratic Republic of",2021-04-01,0.8064516129032258
ETH,"Ethiopia, The Federal Democratic Republic of",2021-05-01,2.2
ETH,"Ethiopia, The Federal Democratic Republic of",2021-06-01,6.947162426614481
ETH,"Ethiopia, The Federal Democratic Republic of",2021-07-01,3.522415370539799
ETH,"Ethiopia, The Federal Democratic Republic of",2021-08-01,3.623508616880247
ETH,"Ethiopia, The Federal Democratic Republic of",2021-09-01,3.965884861407249
ETH,"Ethiopia, The Federal Democratic Republic of",2021-10-01,0
ETH,"Ethiopia, The Federal Democratic Republic of",2021-11-01,-0.6152584085315833
ETH,"Ethiopia, The Federal Democratic Republic of",2021-12-01,1.444490301279406
ETH,"Ethiopia, The Federal Democratic Republic of",2022-01-01,1.179820992676973
ETH,"Ethiopia, The Federal Democratic Republic of",2022-02-01,3.337354242058705
ETH,"Ethiopia, The Federal Democratic Republic of",2022-03-01,4.007782101167315
ETH,"Ethiopia, The Federal Democratic Republic of",2022-04-01,2.169846614291059
ETH,"Ethiopia, The Federal Democratic Republic of",2022-05-01,2.67301354815086
ETH,"Ethiopia, The Federal Democratic Republic of",2022-06-01,4.49358059914408
ETH,"Ethiopia, The Federal Democratic Republic of",2022-07-01,3.071672354948805
ETH,"Ethiopia, The Federal Democratic Republic of",2022-08-01,2.913907284768212
ETH,"Ethiopia, The Federal Democratic Republic of",2022-09-01,2.50965250965251
ETH,"Ethiopia, The Federal Democratic Republic of",2022-10-01,0.8160703075957313
ETH,"Ethiopia, The Federal Democratic Republic of",2022-11-01,1.930261519302615
ETH,"Ethiopia, The Federal Democratic Republic of",2022-12-01,0.4581551618814905
ETH,"Ethiopia, The Federal Democratic Republic of",2023-01-01,1.276983885679538
ETH,"Ethiopia, The Federal Democratic Republic of",2023-02-01,1.891323926748724
ETH,"Ethiopia, The Federal Democratic Republic of",2023-03-01,5.715969357690041
ETH,"Ethiopia, The Federal Democratic Republic of",2023-04-01,1.644370122630992
ETH,"Ethiopia, The Federal Democratic Republic of",2023-05-01,0.5483959418700302
ETH,"Ethiopia, The Federal Democratic Republic of",2023-06-01,3.354240523588765
ETH,"Ethiopia, The Federal Democratic Republic of",2023-07-01,2.621783407637467
ETH,"Ethiopia, The Federal Democratic Republic of",2023-08-01,2.430209321312624
ETH,"Ethiopia, The Federal Democratic Republic of",2023-09-01,2.111556633732714
ETH,"Ethiopia, The Federal Democratic Republic of",2023-10-01,2.057554831689568
ETH,"Ethiopia, The Federal Democratic Republic of",2023-11-01,1.233171543847411
ETH,"Ethiopia, The Federal Democratic Republic of",2023-12-01,0.7288106174242538
ETH,"Ethiopia, The Federal Democratic Republic of",2024-01-01,1.831451776635579
ETH,"Ethiopia, The Federal Democratic Republic of",2024-02-01,0.9548440227924192
ETH,"Ethiopia, The Federal Democratic Republic of",2024-03-01,3.99036198658114
ETH,"Ethiopia, The Federal Democratic Republic of",2024-04-01,-0.6690485948487426
ETH,"Ethiopia, The Federal Democratic Republic of",2024-05-01,0.2146266192205627
ETH,"Ethiopia, The Federal Democratic Republic of",2024-06-01,0.8890466362046513
ETH,"Ethiopia, The Federal Democratic Republic of",2024-07-01,1.484978475239216
ETH,"Ethiopia, The Federal Democratic Republic of",2024-08-01,1.182354456505708
ETH,"Ethiopia, The Federal Democratic Republic of",2024-09-01,2.40074805512755
ETH,"Ethiopia, The Federal Democratic Republic of",2024-10-01,3.640935016123063
ETH,"Ethiopia, The Federal Democratic Republic of",2024-11-01,-0.8201900996827034
ETH,"Ethiopia, The Federal Democratic Republic of",2024-12-01,0.7815583863650469
GAB,Gabon,2019-01-01,0.07393701857179392
GAB,Gabon,2019-02-01,-0.04852118297074588
GAB,Gabon,2019-03-01,0.2026875760150645
GAB,Gabon,2019-04-01,0.1551411398755332
GAB,Gabon,2019-05-01,0.6131460936287011
GAB,Gabon,2019-06-01,0.4649552770818622
GAB,Gabon,2019-07-01,-0.3254345261321854
GAB,Gabon,2019-08-01,-0.2545300458415533
GAB,Gabon,2019-09-01,-0.09847489360867678
GAB,Gabon,2019-10-01,-0.06655653878530017
GAB,Gabon,2019-11-01,-0.05923453053818012
GAB,Gabon,2019-12-01,0.3976244432211052
GAB,Gabon,2020-01-01,-0.06065163200054249
GAB,Gabon,2020-02-01,0.1067535087150814
GAB,Gabon,2020-03-01,-0.1873977419427758
GAB,Gabon,2020-04-01,0.4942670586487328
GAB,Gabon,2020-05-01,0.5545815641095001
GAB,Gabon,2020-06-01,0.2942292028545516
GAB,Gabon,2020-07-01,0.414019472017587
GAB,Gabon,2020-08-01,-0.07361543683032247
GAB,Gabon,2020-09-01,0.1520387224744686
GAB,Gabon,2020-10-01,-0.120818222156743
GAB,Gabon,2020-11-01,0.01803224281234706
GAB,Gabon,2020-12-01,-0.0061461506939284
GAB,Gabon,2021-01-01,-0.1133212830756687
GAB,Gabon,2021-02-01,0.152046783625731
GAB,Gabon,2021-03-01,-0.03892716727003776
GAB,Gabon,2021-04-01,0.05646637330114101
GAB,Gabon,2021-05-01,0.1926557300484558
GAB,Gabon,2021-06-01,-0.01359592899040516
GAB,Gabon,2021-07-01,0.5167155539151888
GAB,Gabon,2021-08-01,-0.2956807421006861
GAB,Gabon,2021-09-01,0.2287176306404094
GAB,Gabon,2021-10-01,0.03867723844517501
GAB,Gabon,2021-11-01,0.5113087183452542
GAB,Gabon,2021-12-01,0.3567685043610382
GAB,Gabon,2022-01-01,0.1801456496742047
GAB,Gabon,2022-02-01,0.6389409649156368
GAB,Gabon,2022-03-01,0.4600060827250608
GAB,Gabon,2022-04-01,0.1324503311258278
GAB,Gabon,2022-05-01,0.481859410430839
GAB,Gabon,2022-06-01,0.9685002350728726
GAB,Gabon,2022-07-01,0.9592102812441796
GAB,Gabon,2022-08-01,0.5811272022876118
GAB,Gabon,2022-09-01,0.3301540719002201
GAB,Gabon,2022-10-01,0.01515557604661792
GAB,Gabon,2022-11-01,0.323003880361059
GAB,Gabon,2022-12-01,0.227748929580031
GAB,Gabon,2023-01-01,-0.05865679548354845
GAB,Gabon,2023-02-01,0.215574323324614
GAB,Gabon,2023-03-01,0.2561875940985318
GAB,Gabon,2023-04-01,0.2555761129079695
GAB,Gabon,2023-05-01,0.4581108371417864
GAB,Gabon,2023-06-01,0.3014987872781856
GAB,Gabon,2023-07-01,0.2688172043010753
GAB,Gabon,2023-08-01,0.2680965147453083
GAB,Gabon,2023-09-01,0.17825311942959
GAB,Gabon,2023-10-01,0
GAB,Gabon,2023-11-01,-0.08896797153024912
GAB,Gabon,2023-12-01,0.1780943900267142
GAB,Gabon,2024-01-01,-0.04834069146133333
GAB,Gabon,2024-02-01,-0.02207233577217838
GAB,Gabon,2024-03-01,0.1291548522143218
GAB,Gabon,2024-04-01,0.08269862920835118
GAB,Gabon,2024-05-01,0.04373300161262586
GAB,Gabon,2024-06-01,-0.06785012515445549
GAB,Gabon,2024-07-01,-0.02082926070872278
GAB,Gabon,2024-08-01,0.0813253133856894
GAB,Gabon,2024-09-01,0.08873114463176575
GAB,Gabon,2024-10-01,0.2659574468085106
GAB,Gabon,2024-11-01,0.3536693191865606
GAB,Gabon,2024-12-01,0
MUS,Mauritius,2019-01-01,1.367187499999991
MUS,Mauritius,2019-02-01,0.5780346820809319
MUS,Mauritius,2019-03-01,0
MUS,Mauritius,2019-04-01,0
MUS,Mauritius,2019-05-01,0
MUS,Mauritius,2019-06-01,-0.9578544061302672
MUS,Mauritius,2019-07-01,0
MUS,Mauritius,2019-08-01,0.2901353965183788
MUS,Mauritius,2019-09-01,-0.6750241080038655
MUS,Mauritius,2019-10-01,-0.4854368932038767
MUS,Mauritius,2019-11-01,0.5853658536585309
MUS,Mauritius,2019-12-01,0.1939864209505358
MUS,Mauritius,2020-01-01,2.516940948693132
MUS,Mauritius,2020-02-01,0.6610009442870589
MUS,Mauritius,2020-03-01,0.7504690431519668
MUS,Mauritius,2020-04-01,1.3035381750465589
MUS,Mauritius,2020-05-01,-1.37867647058824
MUS,Mauritius,2020-06-01,-1.957129543336439
MUS,Mauritius,2020-07-01,-0.2851711026616004
MUS,Mauritius,2020-08-01,0.381315538608203
MUS,Mauritius,2020-09-01,0.6647673314339938
MUS,Mauritius,2020-10-01,0.0943396226415106
MUS,Mauritius,2020-11-01,0.1885014137606055
MUS,Mauritius,2020-12-01,-0.1881467544684877
MUS,Mauritius,2021-01-01,0.8482563619227124
MUS,Mauritius,2021-02-01,0.8411214953271131
MUS,Mauritius,2021-03-01,0.5560704355885026
MUS,Mauritius,2021-04-01,0.4608294930875632
MUS,Mauritius,2021-05-01,0.7339449541284373
MUS,Mauritius,2021-06-01,1.457194899817845
MUS,Mauritius,2021-07-01,0.2692998204667897
MUS,Mauritius,2021-08-01,-0.08952551477171103
MUS,Mauritius,2021-09-01,0.089605734767026185
MUS,Mauritius,2021-10-01,0.5371530886302662
MUS,Mauritius,2021-11-01,0.7123775601068536
MUS,Mauritius,2021-12-01,0.1768346595932824
MUS,Mauritius,2022-01-01,1.412180052956746
MUS,Mauritius,2022-02-01,2.349869451697134
MUS,Mauritius,2022-03-01,2.125850340136047
MUS,Mauritius,2022-04-01,0.7493755203996652
MUS,Mauritius,2022-05-01,0.4958677685950474
MUS,Mauritius,2022-06-01,0.41118421052631
MUS,Mauritius,2022-07-01,1.556101556101564
MUS,Mauritius,2022-08-01,0.3225806451612837
MUS,Mauritius,2022-09-01,0.4823151125401988
MUS,Mauritius,2022-10-01,0.5599999999999963
MUS,Mauritius,2022-11-01,0.8750994431185364
MUS,Mauritius,2022-12-01,0.2365930599369114
MUS,Mauritius,2023-01-01,1.101494885916594
MUS,Mauritius,2023-02-01,1.556420233463044
MUS,Mauritius,2023-03-01,0.4597701149425243
MUS,Mauritius,2023-04-01,-0.07627765064836096
MUS,Mauritius,2023-05-01,0.1526717557251527
MUS,Mauritius,2023-06-01,0.3810975609756146
MUS,Mauritius,2023-07-01,-0.3037205770690803
MUS,Mauritius,2023-08-01,0.3046458492002884
MUS,Mauritius,2023-09-01,-0.07593014426719538
MUS,Mauritius,2023-10-01,-0.07598784194530958
MUS,Mauritius,2023-11-01,0.3041825095056871
MUS,Mauritius,2023-12-01,0.07581501137227252
MUS,Mauritius,2024-01-01,2.424242424242394
MUS,Mauritius,2024-02-01,2.514792899408295
MUS,Mauritius,2024-03-01,-0.7215007215007302
MUS,Mauritius,2024-04-01,-1.620591039084843
MUS,Mauritius,2024-05-01,-0.2906976744186047
MUS,Mauritius,2024-06-01,-0.2915451895043732
MUS,Mauritius,2024-07-01,0.1949317738791423
MUS,Mauritius,2024-08-01,0.3891050583657588
MUS,Mauritius,2024-09-01,0.1937984496124031
MUS,Mauritius,2024-10-01,0.2901353965183752
MUS,Mauritius,2024-11-01,0.2892960462873674
MUS,Mauritius,2024-12-01,-0.4807692307692308
MLT,Malta,2019-01-01,-1.697535521758666
MLT,Malta,2019-02-01,0.7532313094523632
MLT,Malta,2019-03-01,0.368983140775742
MLT,Malta,2019-04-01,0.5076409721973284
MLT,Malta,2019-05-01,0.127115627080854
MLT,Malta,2019-06-01,0.0903346016174602
MLT,Malta,2019-07-01,-0.3676258833718645
MLT,Malta,2019-08-01,0.1434216490652645
MLT,Malta,2019-09-01,0.328562000392372
MLT,Malta,2019-10-01,0.2968828297177929
MLT,Malta,2019-11-01,0.3351180175738019
MLT,Malta,2019-12-01,0.3137437162203159
MLT,Malta,2020-01-01,-1.548591170146657
MLT,Malta,2020-02-01,0.4423274305474844
MLT,Malta,2020-03-01,0.4570378134234356
MLT,Malta,2020-04-01,0.2245863214469734
MLT,Malta,2020-05-01,-0.04649185177171347
MLT,Malta,2020-06-01,0.1566326543090645
MLT,Malta,2020-07-01,-0.4694604426678658
MLT,Malta,2020-08-01,-0.05704469667789801
MLT,Malta,2020-09-01,0.088907461699479
MLT,Malta,2020-10-01,0.4680404889283742
MLT,Malta,2020-11-01,0.2585611142477072
MLT,Malta,2020-12-01,0.2241358271470944
MLT,Malta,2021-01-01,-1.405627099648123
MLT,Malta,2021-02-01,0.3043304242168297
MLT,Malta,2021-03-01,0.6698573591812904
MLT,Malta,2021-04-01,0.6963743420338306
MLT,Malta,2021-05-01,0.3497803451700245
MLT,Malta,2021-06-01,0.3463599585434608
MLT,Malta,2021-07-01,-0.1338936913971854
MLT,Malta,2021-08-01,0.2080215618169268
MLT,Malta,2021-09-01,0.2529396982336123
MLT,Malta,2021-10-01,0.5314239238417275
MLT,Malta,2021-11-01,0.3289771976013729
MLT,Malta,2021-12-01,0.4302174604026826
MLT,Malta,2022-01-01,-0.168368765515308
MLT,Malta,2022-02-01,0.6345770014197463
MLT,Malta,2022-03-01,0.8692196356106654
MLT,Malta,2022-04-01,1.889531265673673
MLT,Malta,2022-05-01,0.6846431818071061
MLT,Malta,2022-06-01,0.530340127129967
MLT,Malta,2022-07-01,0.4339959521656895
MLT,Malta,2022-08-01,0.3638549724870204
MLT,Malta,2022-09-01,0.7529975416783729
MLT,Malta,2022-10-01,0.48688196049046
MLT,Malta,2022-11-01,0.00255182655372246
MLT,Malta,2022-12-01,0.6503707001659138
MLT,Malta,2023-01-01,-0.5528781229438438
MLT,Malta,2023-02-01,0.7949730629470753
MLT,Malta,2023-03-01,0.7227810528978024
MLT,Malta,2023-04-01,0.7656970048057001
MLT,Malta,2023-05-01,0.6171252249935716
MLT,Malta,2023-06-01,0.221483942414175
MLT,Malta,2023-07-01,-0.2464938376540586
MLT,Malta,2023-08-01,-0.2641445126107703
MLT,Malta,2023-09-01,0.7945791315711235
MLT,Malta,2023-10-01,0.1402912800900651
MLT,Malta,2023-11-01,-0.08670229360560298
MLT,Malta,2023-12-01,0.6413399098305606
MLT,Malta,2024-01-01,-0.9009195908911204
MLT,Malta,2024-02-01,-0.1398083698127798
MLT,Malta,2024-03-01,0.3442317044895409
MLT,Malta,2024-04-01,0.476405655500551
MLT,Malta,2024-05-01,0.4963892117806111
MLT,Malta,2024-06-01,0.09561115900899277
MLT,Malta,2024-07-01,-0.1679093626349623
MLT,Malta,2024-08-01,-0.2218547343972071
MLT,Malta,2024-09-01,0.5388566136229688
MLT,Malta,2024-10-01,0.4773469558663429
MLT,Malta,2024-11-01,-0.3833972328721454
MLT,Malta,2024-12-01,0.5522088353413654
THA,Thailand,2019-01-01,-0.01965988400668393
THA,Thailand,2019-02-01,0.2359649985252136
THA,Thailand,2019-03-01,0.4119666503187855
THA,Thailand,2019-04-01,0.4395819087623392
THA,Thailand,2019-05-01,0.4765609803540116
THA,Thailand,2019-06-01,-0.3581453876681806
THA,Thailand,2019-07-01,0.0582863804157749
THA,Thailand,2019-08-01,-0.1941747572815491
THA,Thailand,2019-09-01,0.09727626459143757
THA,Thailand,2019-10-01,-0.155490767735673
THA,Thailand,2019-11-01,-0.1265329959120028
THA,Thailand,2019-12-01,0.00974563882661951
THA,Thailand,2020-01-01,0.155915026310668
THA,Thailand,2020-02-01,-0.07783615489395723
THA,Thailand,2020-03-01,-0.8568646543330009
THA,Thailand,2020-04-01,-2.032999410724813
THA,Thailand,2020-05-01,0.0100250626566469
THA,Thailand,2020-06-01,1.56375300721732
THA,Thailand,2020-07-01,0.6612712198973458
THA,Thailand,2020-08-01,0.2941464849495092
THA,Thailand,2020-09-01,-0.1075373936846252
THA,Thailand,2020-10-01,0.04893325504012958
THA,Thailand,2020-11-01,-0.03912745769343551
THA,Thailand,2020-12-01,0.1467853997455741
THA,Thailand,2021-01-01,0.09221457542194174
THA,Thailand,2021-02-01,-0.9119150215452448
THA,Thailand,2021-03-01,0.2326051779935315
THA,Thailand,2021-04-01,1.382302492180402
THA,Thailand,2021-05-01,-0.925557324840764
THA,Thailand,2021-06-01,0.3817177297840258
THA,Thailand,2021-07-01,-0.1200840588411881
THA,Thailand,2021-08-01,-0.1803426510369691
THA,Thailand,2021-09-01,1.585867710528958
THA,Thailand,2021-10-01,0.7410334947139618
THA,Thailand,2021-11-01,0.2844252648097328
THA,Thailand,2021-12-01,-0.3814180929095383
THA,Thailand,2022-01-01,-6.292951109365794
THA,Thailand,2022-02-01,1.110529072812984
THA,Thailand,2022-03-01,0.6838669567920492
THA,Thailand,2022-04-01,0.349902233199545
THA,Thailand,2022-05-01,1.435750179468775
THA,Thailand,2022-06-01,0.909918107370331
THA,Thailand,2022-07-01,-0.1603045786995281
THA,Thailand,2022-08-01,0.05017561465128454
THA,Thailand,2022-09-01,0.2206619859578722
THA,Thailand,2022-10-01,0.3302642113690986
THA,Thailand,2022-11-01,-0.12967581047382
THA,Thailand,2022-12-01,-0.05992808629644389
THA,Thailand,2023-01-01,0.299820107935237
THA,Thailand,2023-02-01,7.662415304902352
THA,Thailand,2023-03-01,-0.2683942619157632
THA,Thailand,2023-04-01,0.1855976243504071
THA,Thailand,2023-05-01,-0.7132271211559841
THA,Thailand,2023-06-01,0.5970706222594954
THA,Thailand,2023-07-01,-0.00927385699709027
THA,Thailand,2023-08-01,0.5472083101465719
THA,Thailand,2023-09-01,-0.3597454109399824
THA,Thailand,2023-10-01,-0.2777263469728307
THA,Thailand,2023-11-01,-0.2506498329000652
THA,Thailand,2023-12-01,-0.456026058631924
THA,Thailand,2024-01-01,0.01869857890800288
THA,Thailand,2024-02-01,0.2243409983174511
THA,Thailand,2024-03-01,0.0279798545047514
THA,Thailand,2024-04-01,1.958041958041996
THA,Thailand,2024-05-01,0.8230452674896575
THA,Thailand,2024-06-01,-0.4353741496598807
THA,Thailand,2024-07-01,0.218638972396887
THA,Thailand,2024-08-01,0.136351240796266
THA,Thailand,2024-09-01,-1.343500363108217
THA,Thailand,2024-10-01,-0.6596739239242249
THA,Thailand,2024-11-01,-0.1289938479857115
THA,Thailand,2024-12-01,-0.1788375558867362
LBN,Lebanon,2019-01-01,-0.7293431512357506
LBN,Lebanon,2019-02-01,0.1756248255065718
LBN,Lebanon,2019-03-01,1.728055799636092
LBN,Lebanon,2019-04-01,0.4716210606913674
LBN,Lebanon,2019-05-01,0.1190329879516493
LBN,Lebanon,2019-06-01,-0.8353625742733374
LBN,Lebanon,2019-07-01,-0.4588485817912872
LBN,Lebanon,2019-08-01,0.0065744040821021
LBN,Lebanon,2019-09-01,0.3130524453052006
LBN,Lebanon,2019-10-01,1.364189073620124
LBN,Lebanon,2019-11-01,1.955422710280079
LBN,Lebanon,2019-12-01,2.706058114105676
LBN,Lebanon,2020-01-01,2.130640504538456
LBN,Lebanon,2020-02-01,1.379658972716318
LBN,Lebanon,2020-03-01,7.294895927991056
LBN,Lebanon,2020-04-01,25.35863624259234
LBN,Lebanon,2020-05-01,6.936289767972632
LBN,Lebanon,2020-06-01,20.20562891867331
LBN,Lebanon,2020-07-01,11.41979998391679
LBN,Lebanon,2020-08-01,3.606029633157909
LBN,Lebanon,2020-09-01,5.335867047356649
LBN,Lebanon,2020-10-01,3.887317085150103
LBN,Lebanon,2020-11-01,0.5213888341667301
LBN,Lebanon,2020-12-01,8.149959893782565
LBN,Lebanon,2021-01-01,2.83866088115119
LBN,Lebanon,2021-02-01,4.594679430842037
LBN,Lebanon,2021-03-01,8.327924346836518
LBN,Lebanon,2021-04-01,7.758163472344892
LBN,Lebanon,2021-05-01,6.056379305967684
LBN,Lebanon,2021-06-01,9.70932194530227
LBN,Lebanon,2021-07-01,24.07646945709343
LBN,Lebanon,2021-08-01,10.24775286777495
LBN,Lebanon,2021-09-01,8.15809515379488
LBN,Lebanon,2021-10-01,16.42134474307274
LBN,Lebanon,2021-11-01,10.62640239340733
LBN,Lebanon,2021-12-01,16.52494203857734
LBN,Lebanon,2022-01-01,7.688273476396706
LBN,Lebanon,2022-02-01,-3.133474782538672
LBN,Lebanon,2022-03-01,6.103343714759853
LBN,Lebanon,2022-04-01,7.099430998129343
LBN,Lebanon,2022-05-01,7.853385735660359
LBN,Lebanon,2022-06-01,9.233509288397247
LBN,Lebanon,2022-07-01,7.418632845285834
LBN,Lebanon,2022-08-01,7.55108203645657
LBN,Lebanon,2022-09-01,8.397716921115077
LBN,Lebanon,2022-10-01,14.64638979390661
LBN,Lebanon,2022-11-01,3.739242087369555
LBN,Lebanon,2022-12-01,6.727280910448897
LBN,Lebanon,2023-01-01,8.43477750725998
LBN,Lebanon,2023-02-01,25.5249121952759
LBN,Lebanon,2023-03-01,33.27430831175268
LBN,Lebanon,2023-04-01,8.551069523760757
LBN,Lebanon,2023-05-01,5.349792195281815
LBN,Lebanon,2023-06-01,7.213253835458252
LBN,Lebanon,2023-07-01,6.804663492607784
LBN,Lebanon,2023-08-01,0.9170705605120448
LBN,Lebanon,2023-09-01,1.382071210214724
LBN,Lebanon,2023-10-01,17.22031348063275
LBN,Lebanon,2023-11-01,2.565145391987782
LBN,Lebanon,2023-12-01,0.02175066046717072
LBN,Lebanon,2024-01-01,2.865992691770503
LBN,Lebanon,2024-02-01,1.055758280692793
LBN,Lebanon,2024-03-01,1.718221119587233
LBN,Lebanon,2024-04-01,1.738438643980547
LBN,Lebanon,2024-05-01,0.02282504994496323
LBN,Lebanon,2024-06-01,0.2752732739588219
LBN,Lebanon,2024-07-01,1.971451641724944
LBN,Lebanon,2024-08-01,0.6442701071834133
LBN,Lebanon,2024-09-01,-0.1771126953748914
LBN,Lebanon,2024-10-01,2.016691835107308
LBN,Lebanon,2024-11-01,2.299320601995123
LBN,Lebanon,2024-12-01,2.389136576583476
WBG,West Bank and Gaza,2019-01-01,-0.00836935771365444
WBG,West Bank and Gaza,2019-02-01,-0.04852867344976437
WBG,West Bank and Gaza,2019-03-01,0.8533475320226332
WBG,West Bank and Gaza,2019-04-01,0.8532133874406158
WBG,West Bank and Gaza,2019-05-01,0.4338296450612826
WBG,West Bank and Gaza,2019-06-01,-0.4757318482400822
WBG,West Bank and Gaza,2019-07-01,0.1838418320884952
WBG,West Bank and Gaza,2019-08-01,0.3136635856317686
WBG,West Bank and Gaza,2019-09-01,0.3318299901528185
WBG,West Bank and Gaza,2019-10-01,-0.3079617166746162
WBG,West Bank and Gaza,2019-11-01,-0.3121284932377809
WBG,West Bank and Gaza,2019-12-01,-0.2396327911669348
WBG,West Bank and Gaza,2020-01-01,-0.3224188763289751
WBG,West Bank and Gaza,2020-02-01,-0.06634160328251236
WBG,West Bank and Gaza,2020-03-01,0.7247099827474754
WBG,West Bank and Gaza,2020-04-01,-0.8886837356020926
WBG,West Bank and Gaza,2020-05-01,-0.9001879513304976
WBG,West Bank and Gaza,2020-06-01,-0.469155520063885
WBG,West Bank and Gaza,2020-07-01,-0.02005816868919868
WBG,West Bank and Gaza,2020-08-01,0.03009328919650918
WBG,West Bank and Gaza,2020-09-01,1.263537906137184
WBG,West Bank and Gaza,2020-10-01,0.5149534561299267
WBG,West Bank and Gaza,2020-11-01,-0.374384236453202
WBG,West Bank and Gaza,2020-12-01,0.2966772151898734
WBG,West Bank and Gaza,2021-01-01,-0.6704791954249655
WBG,West Bank and Gaza,2021-02-01,0.3176493944808418
WBG,West Bank and Gaza,2021-03-01,0.3958044725905403
WBG,West Bank and Gaza,2021-04-01,0.9262509094460872
WBG,West Bank and Gaza,2021-05-01,0.07614603517921585
WBG,West Bank and Gaza,2021-06-01,-0.6239278477949626
WBG,West Bank and Gaza,2021-07-01,0.1259560574136068
WBG,West Bank and Gaza,2021-08-01,0.2943239122748835
WBG,West Bank and Gaza,2021-09-01,0.4336431580596975
WBG,West Bank and Gaza,2021-10-01,0.08247311172752449
WBG,West Bank and Gaza,2021-11-01,-0.2655868124403404
WBG,West Bank and Gaza,2021-12-01,0.2087899201521531
WBG,West Bank and Gaza,2022-01-01,0.6786667489644095
WBG,West Bank and Gaza,2022-02-01,0.6087425476484152
WBG,West Bank and Gaza,2022-03-01,1.026374708448146
WBG,West Bank and Gaza,2022-04-01,1.08395346762535
WBG,West Bank and Gaza,2022-05-01,-0.2659377301846381
WBG,West Bank and Gaza,2022-06-01,0.3775540610950857
WBG,West Bank and Gaza,2022-07-01,-0.3647410425009153
WBG,West Bank and Gaza,2022-08-01,-0.4811320754716981
WBG,West Bank and Gaza,2022-09-01,1.298701298701299
WBG,West Bank and Gaza,2022-10-01,0.4226268262015722
WBG,West Bank and Gaza,2022-11-01,-0.3556176208513227
WBG,West Bank and Gaza,2022-12-01,0.00583085668381184
WBG,West Bank and Gaza,2023-01-01,0.3363456354344715
WBG,West Bank and Gaza,2023-02-01,0.8960048835833144
WBG,West Bank and Gaza,2023-03-01,1.311672592037044
WBG,West Bank and Gaza,2023-04-01,0.6302491467794282
WBG,West Bank and Gaza,2023-05-01,-0.2593173427151465
WBG,West Bank and Gaza,2023-06-01,-0.3472887130308607
WBG,West Bank and Gaza,2023-07-01,0.1367365542388332
WBG,West Bank and Gaza,2023-08-01,0.7373691397360036
WBG,West Bank and Gaza,2023-09-01,1.36454003253208
WBG,West Bank and Gaza,2023-10-01,2.567531425514844
WBG,West Bank and Gaza,2023-11-01,3.494132985658409
WBG,West Bank and Gaza,2023-12-01,3.493743176282859
WBG,West Bank and Gaza,2024-01-01,3.265901441964619
WBG,West Bank and Gaza,2024-02-01,8.19733600379832
WBG,West Bank and Gaza,2024-03-01,9.1286264400039
WBG,West Bank and Gaza,2024-04-01,-1.910789433701216
WBG,West Bank and Gaza,2024-05-01,13.71213195869306
WBG,West Bank and Gaza,2024-06-01,0.8305911798287002
WBG,West Bank and Gaza,2024-07-01,-1.393271321648393
WBG,West Bank and Gaza,2024-08-01,1.719436628175556
WBG,West Bank and Gaza,2024-09-01,5.925253022778778
WBG,West Bank and Gaza,2024-10-01,9.192472499849933
WBG,West Bank and Gaza,2024-11-01,14.75270161291668
WBG,West Bank and Gaza,2024-12-01,2.971651355137561
BEL,Belgium,2019-01-01,-0.04620218074293107
BEL,Belgium,2019-02-01,0.3235647591753721
BEL,Belgium,2019-03-01,0.3040914117213417
BEL,Belgium,2019-04-01,0.055121727147450623
BEL,Belgium,2019-05-01,0.01836378661279956
BEL,Belgium,2019-06-01,-0.0550812448361333
BEL,Belgium,2019-07-01,0.08266740148801323
BEL,Belgium,2019-08-01,-0.0183553597650514
BEL,Belgium,2019-09-01,-0.4589682393978337
BEL,Belgium,2019-10-01,0.3596458871265216
BEL,Belgium,2019-11-01,0.06432049986217037
BEL,Belgium,2019-12-01,0.1285583103764922
BEL,Belgium,2020-01-01,0.5961115187087307
BEL,Belgium,2020-02-01,0.01823320266204759
BEL,Belgium,2020-03-01,-0.1640689089417555
BEL,Belgium,2020-04-01,0
BEL,Belgium,2020-05-01,-0.07303934994978545
BEL,Belgium,2020-06-01,0.06395614435815442
BEL,Belgium,2020-07-01,0.2191380569758948
BEL,Belgium,2020-08-01,0.06377551020408163
BEL,Belgium,2020-09-01,-0.3733041973959756
BEL,Belgium,2020-10-01,0.2010601352586364
BEL,Belgium,2020-11-01,-0.1641736592484495
BEL,Belgium,2020-12-01,0.02740727206285401
BEL,Belgium,2021-01-01,0.4383962005662618
BEL,Belgium,2021-02-01,0.2182413385468764
BEL,Belgium,2021-03-01,0.2722076036657291
BEL,Belgium,2021-04-01,0.3348113292914668
BEL,Belgium,2021-05-01,0.1533189033189033
BEL,Belgium,2021-06-01,0.225123818099955
BEL,Belgium,2021-07-01,0.8535489667565139
BEL,Belgium,2021-08-01,0.5167037861915367
BEL,Belgium,2021-09-01,-0.2481609501019232
BEL,Belgium,2021-10-01,1.466015104398045
BEL,Belgium,2021-11-01,1.252189141856392
BEL,Belgium,2021-12-01,0.09513102136123842
BEL,Belgium,2022-01-01,2.229134266459305
BEL,Belgium,2022-02-01,0.6338742393509128
BEL,Belgium,2022-03-01,0.5207021080036953
BEL,Belgium,2022-04-01,0.3341966747430863
BEL,Belgium,2022-05-01,0.7660920975934716
BEL,Belgium,2022-06-01,0.851169324849186
BEL,Belgium,2022-07-01,0.8275975090134382
BEL,Belgium,2022-08-01,0.8126777732629012
BEL,Belgium,2022-09-01,0.9592906086255542
BEL,Belgium,2022-10-01,2.371446822101565
BEL,Belgium,2022-11-01,-0.2261914047266204
BEL,Belgium,2022-12-01,-0.1563477173233271
BEL,Belgium,2023-01-01,0.09395552771688068
BEL,Belgium,2023-02-01,-0.6961827284105131
BEL,Belgium,2023-03-01,0.56715242221347
BEL,Belgium,2023-04-01,-0.6657789613848202
BEL,Belgium,2023-05-01,0.3784891972874941
BEL,Belgium,2023-06-01,-0.1492537313432836
BEL,Belgium,2023-07-01,0.810321768546928
BEL,Belgium,2023-08-01,0.7647885125643827
BEL,Belgium,2023-09-01,-0.6892812887236679
BEL,Belgium,2023-10-01,0.3431334321141699
BEL,Belgium,2023-11-01,0.1709800264241859
BEL,Belgium,2023-12-01,0.4344790131119559
BEL,Belgium,2024-01-01,0.4866743916570104
BEL,Belgium,2024-02-01,0.7149446494464945
BEL,Belgium,2024-03-01,0.5495763682161667
BEL,Belgium,2024-04-01,-0.4782509678888636
BEL,Belgium,2024-05-01,0.3661327231121281
BEL,Belgium,2024-06-01,0.2203982368141055
BEL,Belgium,2024-07-01,0.7128232350041708
BEL,Belgium,2024-08-01,0
BEL,Belgium,2024-09-01,-0.4969505308335216
BEL,Belgium,2024-10-01,0.4842981460461597
BEL,Belgium,2024-11-01,0.1656751261390165
BEL,Belgium,2024-12-01,0.3984662807307721
HND,Honduras,2019-01-01,0.03094059405940594
HND,Honduras,2019-02-01,0.7732755954222085
HND,Honduras,2019-03-01,0.3990178023327195
HND,Honduras,2019-04-01,0.9171507184347294
HND,Honduras,2019-05-01,0.3635262041805513
HND,Honduras,2019-06-01,0.09055236945366738
HND,Honduras,2019-07-01,0.2714113389626055
HND,Honduras,2019-08-01,0.06015037593984962
HND,Honduras,2019-09-01,0.1502855425308085
HND,Honduras,2019-10-01,0.2400960384153661
HND,Honduras,2019-11-01,0.2994011976047904
HND,Honduras,2019-12-01,0.417910447761194
HND,Honduras,2020-01-01,0.2378121284185493
HND,Honduras,2020-02-01,0.4744958481613286
HND,Honduras,2020-03-01,0.295159386068477
HND,Honduras,2020-04-01,0.3825779870512066
HND,Honduras,2020-05-01,-0.6449721489299326
HND,Honduras,2020-06-01,0.4426084390675716
HND,Honduras,2020-07-01,0.7050528789659224
HND,Honduras,2020-08-01,0.1750291715285881
HND,Honduras,2020-09-01,0.320326150262085
HND,Honduras,2020-10-01,0.4934687953555878
HND,Honduras,2020-11-01,0.4621606008087811
HND,Honduras,2020-12-01,0.6037952846463485
HND,Honduras,2021-01-01,0.4001143183766791
HND,Honduras,2021-02-01,0.1707941929974381
HND,Honduras,2021-03-01,0.3694231315714692
HND,Honduras,2021-04-01,0.3963759909399773
HND,Honduras,2021-05-01,0.1974055273547659
HND,Honduras,2021-06-01,0.2814522938361948
HND,Honduras,2021-07-01,0.3087285994948077
HND,Honduras,2021-08-01,0.3917179630665921
HND,Honduras,2021-09-01,0.4459308807134894
HND,Honduras,2021-10-01,0.5271920088790233
HND,Honduras,2021-11-01,0.7452387524151256
HND,Honduras,2021-12-01,0.9589041095890412
HND,Honduras,2022-01-01,1.221166892808684
HND,Honduras,2022-02-01,0.3485254691689008
HND,Honduras,2022-03-01,0.9350788137857334
HND,Honduras,2022-04-01,1.694017998941239
HND,Honduras,2022-05-01,0.8849557522123894
HND,Honduras,2022-06-01,1.315789473684211
HND,Honduras,2022-07-01,0.8912655971479501
HND,Honduras,2022-08-01,-0.02523977788995457
HND,Honduras,2022-09-01,0.1262307498106539
HND,Honduras,2022-10-01,0.6555723651033787
HND,Honduras,2022-11-01,0.9769539078156312
HND,Honduras,2022-12-01,0.3721161002232697
HND,Honduras,2023-01-01,0.4201680672268908
HND,Honduras,2023-02-01,1.156780703913365
HND,Honduras,2023-03-01,0.24330900243309
HND,Honduras,2023-04-01,0.1941747572815534
HND,Honduras,2023-05-01,0.07267441860465115
HND,Honduras,2023-06-01,0.3873154199951586
HND,Honduras,2023-07-01,0.4581625271280444
HND,Honduras,2023-08-01,0.5040806529044647
HND,Honduras,2023-09-01,0.5254358729400525
HND,Honduras,2023-10-01,0.3801377999524828
HND,Honduras,2023-11-01,0.2130177514792899
HND,Honduras,2023-12-01,0.5196032120925838
HND,Honduras,2024-01-01,0.2349624060150376
HND,Honduras,2024-02-01,0.6797937177684013
HND,Honduras,2024-03-01,0.4889406286379511
HND,Honduras,2024-04-01,0.2780352177942539
HND,Honduras,2024-05-01,0.1617375231053604
HND,Honduras,2024-06-01,0.3229527104959631
HND,Honduras,2024-07-01,0.6438261669349276
HND,Honduras,2024-08-01,0.4340872743888508
HND,Honduras,2024-09-01,0.04549590536851683
HND,Honduras,2024-10-01,-0.04547521600727603
HND,Honduras,2024-11-01,0.1137397634212921
HND,Honduras,2024-12-01,0.4544421722335833
PRY,Paraguay,2019-01-01,0
PRY,Paraguay,2019-02-01,0.5813953488372093
PRY,Paraguay,2019-03-01,0.09633911368015416
PRY,Paraguay,2019-04-01,0.2887391722810395
PRY,Paraguay,2019-05-01,0.7677543186180422
PRY,Paraguay,2019-06-01,-0.1904761904761905
PRY,Paraguay,2019-07-01,-0.09541984732824428
PRY,Paraguay,2019-08-01,-0.09551098376313276
PRY,Paraguay,2019-09-01,0.2868068833652008
PRY,Paraguay,2019-10-01,0.3813155386081983
PRY,Paraguay,2019-11-01,0.1899335232668566
PRY,Paraguay,2019-12-01,0.5687203791469194
PRY,Paraguay,2020-01-01,0
PRY,Paraguay,2020-02-01,0.1885014137606032
PRY,Paraguay,2020-03-01,0.1881467544684854
PRY,Paraguay,2020-04-01,-0.1877934272300469
PRY,Paraguay,2020-05-01,-0.5644402634054563
PRY,Paraguay,2020-06-01,-0.3784295175023652
PRY,Paraguay,2020-07-01,0.4748338081671415
PRY,Paraguay,2020-08-01,0.4725897920604915
PRY,Paraguay,2020-09-01,0.2822201317027281
PRY,Paraguay,2020-10-01,0.4690431519699812
PRY,Paraguay,2020-11-01,0.6535947712418301
PRY,Paraguay,2020-12-01,0.5565862708719852
PRY,Paraguay,2021-01-01,0.4612546125461255
PRY,Paraguay,2021-02-01,0.09182736455463728
PRY,Paraguay,2021-03-01,0.09174311926605504
PRY,Paraguay,2021-04-01,-0.0916590284142988
PRY,Paraguay,2021-05-01,0.5504587155963303
PRY,Paraguay,2021-06-01,0.364963503649635
PRY,Paraguay,2021-07-01,1.181818181818182
PRY,Paraguay,2021-08-01,0.8984725965858041
PRY,Paraguay,2021-09-01,0.979519145146928
PRY,Paraguay,2021-10-01,1.587301587301587
PRY,Paraguay,2021-11-01,0.5208333333333333
PRY,Paraguay,2021-12-01,0
PRY,Paraguay,2022-01-01,1.468048359240069
PRY,Paraguay,2022-02-01,1.361702127659574
PRY,Paraguay,2022-03-01,0.8396305625524769
PRY,Paraguay,2022-04-01,1.498751040799334
PRY,Paraguay,2022-05-01,0.1640689089417555
PRY,Paraguay,2022-06-01,0.4914004914004914
PRY,Paraguay,2022-07-01,0.7334963325183373
PRY,Paraguay,2022-08-01,0.4045307443365696
PRY,Paraguay,2022-09-01,-0.08058017727639001
PRY,Paraguay,2022-10-01,0.4032258064516129
PRY,Paraguay,2022-11-01,0.7228915662650602
PRY,Paraguay,2022-12-01,-0.1594896331738437
PRY,Paraguay,2023-01-01,1.198083067092652
PRY,Paraguay,2023-02-01,0.473559589581689
PRY,Paraguay,2023-03-01,0.3927729772191673
PRY,Paraguay,2023-04-01,0.3912363067292645
PRY,Paraguay,2023-05-01,0
PRY,Paraguay,2023-06-01,-0.3117692907248636
PRY,Paraguay,2023-07-01,0
PRY,Paraguay,2023-08-01,-0.1563721657544957
PRY,Paraguay,2023-09-01,0.4698512137823023
PRY,Paraguay,2023-10-01,0.4676539360872954
PRY,Paraguay,2023-11-01,0.3878975950349108
PRY,Paraguay,2023-12-01,0.3091190108191654
PRY,Paraguay,2024-01-01,0.9244992295839752
PRY,Paraguay,2024-02-01,0
PRY,Paraguay,2024-03-01,1.068702290076336
PRY,Paraguay,2024-04-01,0.7552870090634441
PRY,Paraguay,2024-05-01,0.3748125937031484
PRY,Paraguay,2024-06-01,-0.3734129947722181
PRY,Paraguay,2024-07-01,0.07496251874062969
PRY,Paraguay,2024-08-01,-0.2247191011235955
PRY,Paraguay,2024-09-01,0.2252252252252252
PRY,Paraguay,2024-10-01,0
PRY,Paraguay,2024-11-01,0.2247191011235955
PRY,Paraguay,2024-12-01,0.6726457399103138
TLS,"Timor-Leste, Democratic Republic of",2019-01-01,0.298804780876494
TLS,"Timor-Leste, Democratic Republic of",2019-02-01,0.09930486593843098
TLS,"Timor-Leste, Democratic Republic of",2019-03-01,0.0992063492063492
TLS,"Timor-Leste, Democratic Republic of",2019-04-01,0
TLS,"Timor-Leste, Democratic Republic of",2019-05-01,0.09910802775024775
TLS,"Timor-Leste, Democratic Republic of",2019-06-01,0
TLS,"Timor-Leste, Democratic Republic of",2019-07-01,-0.198019801980198
TLS,"Timor-Leste, Democratic Republic of",2019-08-01,0.0992063492063492
TLS,"Timor-Leste, Democratic Republic of",2019-09-01,0.1982160555004955
TLS,"Timor-Leste, Democratic Republic of",2019-10-01,-0.3956478733926805
TLS,"Timor-Leste, Democratic Republic of",2019-11-01,-0.09930486593843098
TLS,"Timor-Leste, Democratic Republic of",2019-12-01,0.8946322067594433
TLS,"Timor-Leste, Democratic Republic of",2020-01-01,0.2955665024630542
TLS,"Timor-Leste, Democratic Republic of",2020-02-01,-0.9823182711198428
TLS,"Timor-Leste, Democratic Republic of",2020-03-01,0.2976190476190476
TLS,"Timor-Leste, Democratic Republic of",2020-04-01,0.09891196834817012
TLS,"Timor-Leste, Democratic Republic of",2020-05-01,0.1976284584980237
TLS,"Timor-Leste, Democratic Republic of",2020-06-01,0.09861932938856016
TLS,"Timor-Leste, Democratic Republic of",2020-07-01,0.09852216748768472
TLS,"Timor-Leste, Democratic Republic of",2020-08-01,-0.0984251968503937
TLS,"Timor-Leste, Democratic Republic of",2020-09-01,-0.09852216748768472
TLS,"Timor-Leste, Democratic Republic of",2020-10-01,-0.09861932938856016
TLS,"Timor-Leste, Democratic Republic of",2020-11-01,0.0987166831194472
TLS,"Timor-Leste, Democratic Republic of",2020-12-01,0.4930966469428008
TLS,"Timor-Leste, Democratic Republic of",2021-01-01,0.9813542688910696
TLS,"Timor-Leste, Democratic Republic of",2021-02-01,0.3887269193391642
TLS,"Timor-Leste, Democratic Republic of",2021-03-01,0.6776379477250726
TLS,"Timor-Leste, Democratic Republic of",2021-04-01,0.5769230769230769
TLS,"Timor-Leste, Democratic Republic of",2021-05-01,0.4780114722753346
TLS,"Timor-Leste, Democratic Republic of",2021-06-01,0.09514747859181732
TLS,"Timor-Leste, Democratic Republic of",2021-07-01,0.09505703422053231
TLS,"Timor-Leste, Democratic Republic of",2021-08-01,0.1899335232668566
TLS,"Timor-Leste, Democratic Republic of",2021-09-01,0.09478672985781993
TLS,"Timor-Leste, Democratic Republic of",2021-10-01,0.6628787878787878
TLS,"Timor-Leste, Democratic Republic of",2021-11-01,0.4703668861712135
TLS,"Timor-Leste, Democratic Republic of",2021-12-01,0.4681647940074906
TLS,"Timor-Leste, Democratic Republic of",2022-01-01,1.118359739049394
TLS,"Timor-Leste, Democratic Republic of",2022-02-01,0.6451612903225806
TLS,"Timor-Leste, Democratic Republic of",2022-03-01,0.9157509157509158
TLS,"Timor-Leste, Democratic Republic of",2022-04-01,1.17967332123412
TLS,"Timor-Leste, Democratic Republic of",2022-05-01,1.255605381165919
TLS,"Timor-Leste, Democratic Republic of",2022-06-01,0.6200177147918512
TLS,"Timor-Leste, Democratic Republic of",2022-07-01,0.2640845070422535
TLS,"Timor-Leste, Democratic Republic of",2022-08-01,-0.0877963125548727
TLS,"Timor-Leste, Democratic Republic of",2022-09-01,0.08787346221441125
TLS,"Timor-Leste, Democratic Republic of",2022-10-01,0.1755926251097454
TLS,"Timor-Leste, Democratic Republic of",2022-11-01,-0.0876424189307625
TLS,"Timor-Leste, Democratic Republic of",2022-12-01,0.6140350877192982
TLS,"Timor-Leste, Democratic Republic of",2023-01-01,3.836094158674804
TLS,"Timor-Leste, Democratic Republic of",2023-02-01,0.5037783375314862
TLS,"Timor-Leste, Democratic Republic of",2023-03-01,0.9189640768588136
TLS,"Timor-Leste, Democratic Republic of",2023-04-01,-0.2483443708609272
TLS,"Timor-Leste, Democratic Republic of",2023-05-01,0.3319502074688797
TLS,"Timor-Leste, Democratic Republic of",2023-06-01,0.5789909015715466
TLS,"Timor-Leste, Democratic Republic of",2023-07-01,0.3289473684210526
TLS,"Timor-Leste, Democratic Republic of",2023-08-01,0.4918032786885246
TLS,"Timor-Leste, Democratic Republic of",2023-09-01,0.9787928221859706
TLS,"Timor-Leste, Democratic Republic of",2023-10-01,0.1615508885298869
TLS,"Timor-Leste, Democratic Republic of",2023-11-01,0.2419354838709677
TLS,"Timor-Leste, Democratic Republic of",2023-12-01,0.3218020917135961
TLS,"Timor-Leste, Democratic Republic of",2024-01-01,-0.400962309542903
TLS,"Timor-Leste, Democratic Republic of",2024-02-01,0.1610305958132045
TLS,"Timor-Leste, Democratic Republic of",2024-03-01,-0.2411575562700965
TLS,"Timor-Leste, Democratic Republic of",2024-04-01,0.40290088638195
TLS,"Timor-Leste, Democratic Republic of",2024-05-01,0.4012841091492777
TLS,"Timor-Leste, Democratic Republic of",2024-06-01,-0.07993605115907274
TLS,"Timor-Leste, Democratic Republic of",2024-07-01,-0.08
TLS,"Timor-Leste, Democratic Republic of",2024-08-01,-0.08006405124099279
TLS,"Timor-Leste, Democratic Republic of",2024-09-01,-0.1602564102564103
TLS,"Timor-Leste, Democratic Republic of",2024-10-01,-0.2407704654895666
TLS,"Timor-Leste, Democratic Republic of",2024-11-01,-0.2413515687851971
TLS,"Timor-Leste, Democratic Republic of",2024-12-01,0.1612903225806452
MDV,Maldives,2019-01-01,-0.08892197521848846
MDV,Maldives,2019-02-01,0.3238181095703248
MDV,Maldives,2019-03-01,-0.2134953016409017
MDV,Maldives,2019-04-01,0.4045434292502285
MDV,Maldives,2019-05-01,0.3151181099831935
MDV,Maldives,2019-06-01,0.2432707530943421
MDV,Maldives,2019-07-01,-0.7257832503011495
MDV,Maldives,2019-08-01,0.6402204847964412
MDV,Maldives,2019-09-01,-0.2334427993839116
MDV,Maldives,2019-10-01,0.2768911435553572
MDV,Maldives,2019-11-01,-0.130982046764967
MDV,Maldives,2019-12-01,0.4789233515736524
MDV,Maldives,2020-01-01,-0.1377445617212669
MDV,Maldives,2020-02-01,0.00107063202140218
MDV,Maldives,2020-03-01,-1.115871167837434
MDV,Maldives,2020-04-01,-3.233499771433584
MDV,Maldives,2020-05-01,0.05385661350584836
MDV,Maldives,2020-06-01,-0.4130514147148016
MDV,Maldives,2020-07-01,2.814653085239446
MDV,Maldives,2020-08-01,0.5390117983245201
MDV,Maldives,2020-09-01,0.07476255464654892
MDV,Maldives,2020-10-01,0.01864148209049489
MDV,Maldives,2020-11-01,0.1249777109494043
MDV,Maldives,2020-12-01,0.03410113648251507
MDV,Maldives,2021-01-01,0.250938786884948
MDV,Maldives,2021-02-01,-0.05115946877327759
MDV,Maldives,2021-03-01,-0.1983139629894835
MDV,Maldives,2021-04-01,0.08480295666867564
MDV,Maldives,2021-05-01,-0.535051879045399
MDV,Maldives,2021-06-01,-2.165929714380355
MDV,Maldives,2021-07-01,2.797397613323197
MDV,Maldives,2021-08-01,0.07789287611739101
MDV,Maldives,2021-09-01,-0.2957457344410496
MDV,Maldives,2021-10-01,0.0824378996905654
MDV,Maldives,2021-11-01,0.1160231412005115
MDV,Maldives,2021-12-01,-0.07370470243359364
MDV,Maldives,2022-01-01,0.3993782310829911
MDV,Maldives,2022-02-01,0.3384857005187346
MDV,Maldives,2022-03-01,0.2878547753082179
MDV,Maldives,2022-04-01,0.2652930193479373
MDV,Maldives,2022-05-01,0.6650123975607426
MDV,Maldives,2022-06-01,0.4467983417723035
MDV,Maldives,2022-07-01,0.148317675747387
MDV,Maldives,2022-08-01,0.2236628977473279
MDV,Maldives,2022-09-01,0.1575989804243135
MDV,Maldives,2022-10-01,-0.07292457419851878
MDV,Maldives,2022-11-01,0.01873543579792376
MDV,Maldives,2022-12-01,0.490037118036
MDV,Maldives,2023-01-01,0.9561104924973264
MDV,Maldives,2023-02-01,0.2239314276292078
MDV,Maldives,2023-03-01,0.3838817777358294
MDV,Maldives,2023-04-01,0.2088614357831433
MDV,Maldives,2023-05-01,-0.397114407673455
MDV,Maldives,2023-06-01,0.1038211182531431
MDV,Maldives,2023-07-01,0.05969980814734738
MDV,Maldives,2023-08-01,0.2001655007976557
MDV,Maldives,2023-09-01,0.4479574234129933
MDV,Maldives,2023-10-01,-0.07695132628861975
MDV,Maldives,2023-11-01,-0.4836931709451445
MDV,Maldives,2023-12-01,0.3867273370694595
MDV,Maldives,2024-01-01,-0.1713123074072861
MDV,Maldives,2024-02-01,0.4546943312670108
MDV,Maldives,2024-03-01,-0.8858381575191429
MDV,Maldives,2024-04-01,-0.7560683438040464
MDV,Maldives,2024-05-01,1.508197957824765
MDV,Maldives,2024-06-01,0.7289122091200089
MDV,Maldives,2024-07-01,0.09702388190297188
MDV,Maldives,2024-08-01,0.1910985361736933
MDV,Maldives,2024-09-01,0.1605984920016831
MDV,Maldives,2024-10-01,-0.1556084131431294
MDV,Maldives,2024-11-01,2.465179539298104
MDV,Maldives,2024-12-01,1.110883206559725
GMB,"Gambia, The",2019-01-01,0.3875058163967258
GMB,"Gambia, The",2019-02-01,0.5647698395804843
GMB,"Gambia, The",2019-03-01,0.4669475622270882
GMB,"Gambia, The",2019-04-01,1.293799132165383
GMB,"Gambia, The",2019-05-01,0.945792572599965
GMB,"Gambia, The",2019-06-01,0.4403223778451892
GMB,"Gambia, The",2019-07-01,0.4842302220604119
GMB,"Gambia, The",2019-08-01,0.715482382427435
GMB,"Gambia, The",2019-09-01,0.5458745372044674
GMB,"Gambia, The",2019-10-01,0.4427510031399776
GMB,"Gambia, The",2019-11-01,0.5017164853510382
GMB,"Gambia, The",2019-12-01,0.6323105726276681
GMB,"Gambia, The",2020-01-01,0.09463365148773316
GMB,"Gambia, The",2020-02-01,1.015032612139
GMB,"Gambia, The",2020-03-01,0.2305097707229948
GMB,"Gambia, The",2020-04-01,-0.5708445422268607
GMB,"Gambia, The",2020-05-01,0.7428738813363178
GMB,"Gambia, The",2020-06-01,0.1936522713888661
GMB,"Gambia, The",2020-07-01,0.184362854652512
GMB,"Gambia, The",2020-08-01,1.299083052523902
GMB,"Gambia, The",2020-09-01,0.3030242081143897
GMB,"Gambia, The",2020-10-01,0.8270105811587094
GMB,"Gambia, The",2020-11-01,0.6825956150214807
GMB,"Gambia, The",2020-12-01,0.5348577939513858
GMB,"Gambia, The",2021-01-01,1.902520489842898
GMB,"Gambia, The",2021-02-01,-0.1098787844098475
GMB,"Gambia, The",2021-03-01,1.164295120675119
GMB,"Gambia, The",2021-04-01,-0.6724539720178561
GMB,"Gambia, The",2021-05-01,1.128715575755737
GMB,"Gambia, The",2021-06-01,0.551499161073506
GMB,"Gambia, The",2021-07-01,0.2914452496894496
GMB,"Gambia, The",2021-08-01,0.1533398219608501
GMB,"Gambia, The",2021-09-01,0.362559760582548
GMB,"Gambia, The",2021-10-01,1.142188978301577
GMB,"Gambia, The",2021-11-01,0.4445755390904468
GMB,"Gambia, The",2021-12-01,1.021347867293468
GMB,"Gambia, The",2022-01-01,2.09669086203871
GMB,"Gambia, The",2022-02-01,0.386225287642997
GMB,"Gambia, The",2022-03-01,1.029735559998594
GMB,"Gambia, The",2022-04-01,2.526129351736707
GMB,"Gambia, The",2022-05-01,1.032880554246594
GMB,"Gambia, The",2022-06-01,0.6582931284487961
GMB,"Gambia, The",2022-07-01,0.8577216086587565
GMB,"Gambia, The",2022-08-01,0.6868760444877476
GMB,"Gambia, The",2022-09-01,0.6617259343069286
GMB,"Gambia, The",2022-10-01,1.114226642588456
GMB,"Gambia, The",2022-11-01,0.2207065295685675
GMB,"Gambia, The",2022-12-01,1.697766074073101
GMB,"Gambia, The",2023-01-01,1.562369337066674
GMB,"Gambia, The",2023-02-01,0.8235681696195877
GMB,"Gambia, The",2023-03-01,2.086241992459305
GMB,"Gambia, The",2023-04-01,4.797863930984167
GMB,"Gambia, The",2023-05-01,0.925889611030687
GMB,"Gambia, The",2023-06-01,1.144616681974244
GMB,"Gambia, The",2023-07-01,1.325221918622262
GMB,"Gambia, The",2023-08-01,0.7338497670485105
GMB,"Gambia, The",2023-09-01,0.7429537285121414
GMB,"Gambia, The",2023-10-01,0.7209335864411064
GMB,"Gambia, The",2023-11-01,0.5236336075110516
GMB,"Gambia, The",2023-12-01,0.7489162367832406
GMB,"Gambia, The",2024-01-01,0.5692445486060901
GMB,"Gambia, The",2024-02-01,1.259607894864968
GMB,"Gambia, The",2024-03-01,0.5873836160163719
GMB,"Gambia, The",2024-04-01,1.236657381679161
GMB,"Gambia, The",2024-05-01,0.8882376753183853
GMB,"Gambia, The",2024-06-01,0.5910833796728739
GMB,"Gambia, The",2024-07-01,0.6715027118671238
GMB,"Gambia, The",2024-08-01,0.8425235151491834
GMB,"Gambia, The",2024-09-01,0.9202075098814227
GMB,"Gambia, The",2024-10-01,0.7588274891377517
GMB,"Gambia, The",2024-11-01,0.747039174005466
GMB,"Gambia, The",2024-12-01,0.6631299734748011
SSD,"South Sudan, Republic of",2019-01-01,26.54724023731747
SSD,"South Sudan, Republic of",2019-02-01,15.05459818357455
SSD,"South Sudan, Republic of",2019-03-01,12.65919875405901
SSD,"South Sudan, Republic of",2019-04-01,7.189066785165193
SSD,"South Sudan, Republic of",2019-05-01,5.299384141616896
SSD,"South Sudan, Republic of",2019-06-01,0.06720493324370949
SSD,"South Sudan, Republic of",2019-07-01,10.00048192723039
SSD,"South Sudan, Republic of",2019-08-01,4.161341117170538
SSD,"South Sudan, Republic of",2019-09-01,14.24330254893569
SSD,"South Sudan, Republic of",2019-10-01,3.532259059962745
SSD,"South Sudan, Republic of",2019-11-01,-33.19604233273797
SSD,"South Sudan, Republic of",2019-12-01,0.7537567310774308
SSD,"South Sudan, Republic of",2020-01-01,2.109976656535788
SSD,"South Sudan, Republic of",2020-02-01,30.07042498156942
SSD,"South Sudan, Republic of",2020-03-01,2.620310159248219
SSD,"South Sudan, Republic of",2020-04-01,6.521827587871168
SSD,"South Sudan, Republic of",2020-05-01,3.903525392699751
SSD,"South Sudan, Republic of",2020-06-01,-20.23903596338501
SSD,"South Sudan, Republic of",2020-07-01,7.793087876936182
SSD,"South Sudan, Republic of",2020-08-01,8.039191640170397
SSD,"South Sudan, Republic of",2020-09-01,8.556882079692025
SSD,"South Sudan, Republic of",2020-10-01,8.931946350109042
SSD,"South Sudan, Republic of",2020-11-01,6.825283768565908
SSD,"South Sudan, Republic of",2020-12-01,-10.72209438778492
SSD,"South Sudan, Republic of",2021-01-01,-5.124150176749762
SSD,"South Sudan, Republic of",2021-02-01,4.81797630251274
SSD,"South Sudan, Republic of",2021-03-01,3.165572570407692
SSD,"South Sudan, Republic of",2021-04-01,3.09009699430124
SSD,"South Sudan, Republic of",2021-05-01,2.885202083956064
SSD,"South Sudan, Republic of",2021-06-01,-17.19920420862708
SSD,"South Sudan, Republic of",2021-07-01,1.788450479260594
SSD,"South Sudan, Republic of",2021-08-01,7.62374559354467
SSD,"South Sudan, Republic of",2021-09-01,2.444533106395091
SSD,"South Sudan, Republic of",2021-10-01,9.721348782552171
SSD,"South Sudan, Republic of",2021-11-01,-9.431238341088717
SSD,"South Sudan, Republic of",2021-12-01,-8.966795638401814
SSD,"South Sudan, Republic of",2022-01-01,-8.688543383676452
SSD,"South Sudan, Republic of",2022-02-01,3.230165548801413
SSD,"South Sudan, Republic of",2022-03-01,9.221390729644376
SSD,"South Sudan, Republic of",2022-04-01,7.493898021451961
SSD,"South Sudan, Republic of",2022-05-01,0.442465391917572
SSD,"South Sudan, Republic of",2022-06-01,-8.547774424045954
SSD,"South Sudan, Republic of",2022-07-01,4.972546694693318
SSD,"South Sudan, Republic of",2022-08-01,-1.453247994942638
SSD,"South Sudan, Republic of",2022-09-01,-4.076930237565421
SSD,"South Sudan, Republic of",2022-10-01,4.937488798501101
SSD,"South Sudan, Republic of",2022-11-01,-4.537244191903796
SSD,"South Sudan, Republic of",2022-12-01,-12.49055830952916
SSD,"South Sudan, Republic of",2023-01-01,18.09776113963022
SSD,"South Sudan, Republic of",2023-02-01,2.394539036488058
SSD,"South Sudan, Republic of",2023-03-01,-2.507511327621726
SSD,"South Sudan, Republic of",2023-04-01,-0.455487109683651
SSD,"South Sudan, Republic of",2023-05-01,8.937246115179086
SSD,"South Sudan, Republic of",2023-06-01,-5.034354769990128
SSD,"South Sudan, Republic of",2023-07-01,-2.174611015812118
SSD,"South Sudan, Republic of",2023-08-01,-3.023251214232821
SSD,"South Sudan, Republic of",2023-09-01,2.78409999866155
SSD,"South Sudan, Republic of",2023-10-01,-2.19233652660226
SSD,"South Sudan, Republic of",2023-11-01,-0.5010435501500065
SSD,"South Sudan, Republic of",2023-12-01,-8.206485897521661
SSD,"South Sudan, Republic of",2024-01-01,2.666505623998685
SSD,"South Sudan, Republic of",2024-02-01,3.122122261542393
SSD,"South Sudan, Republic of",2024-03-01,28.95424412356912
SSD,"South Sudan, Republic of",2024-04-01,18.88647833501287
SSD,"South Sudan, Republic of",2024-05-01,17.83102669791875
SSD,"South Sudan, Republic of",2024-06-01,18.42803890586378
SSD,"South Sudan, Republic of",2024-07-01,2.772034417358664
SSD,"South Sudan, Republic of",2024-08-01,1.378751013787531
SSD,"South Sudan, Republic of",2024-09-01,-1.2474063333337
SSD,"South Sudan, Republic of",2024-10-01,10.98453778578603
SSD,"South Sudan, Republic of",2024-11-01,21.81374219078782
SSD,"South Sudan, Republic of",2024-12-01,13.16469648753755
TGO,Togo,2019-01-01,0.7316134000770034
TGO,Togo,2019-02-01,-0.430045871559628
TGO,Togo,2019-03-01,-0.1439677512237242
TGO,Togo,2019-04-01,-0.00961168781237974
TGO,Togo,2019-05-01,1.355378256272225
TGO,Togo,2019-06-01,0.8061456752655564
TGO,Togo,2019-07-01,-1.241885407846455
TGO,Togo,2019-08-01,-1.600457273506721
TGO,Togo,2019-09-01,-0.542162842482325
TGO,Togo,2019-10-01,-0.184950842013054
TGO,Togo,2019-11-01,0.955724595279892
TGO,Togo,2019-12-01,0.01931993817619761
TGO,Togo,2020-01-01,1.796407185628746
TGO,Togo,2020-02-01,-0.09487666034155488
TGO,Togo,2020-03-01,0.541310541310535
TGO,Togo,2020-04-01,0.5761783319165065
TGO,Togo,2020-05-01,0.2066115702479315
TGO,Togo,2020-06-01,-0.7497656982193095
TGO,Togo,2020-07-01,0.5665722379603452
TGO,Togo,2020-08-01,-0.7511737089201908
TGO,Togo,2020-09-01,0
TGO,Togo,2020-10-01,-0.2838221381267706
TGO,Togo,2020-11-01,0.4743833017077743
TGO,Togo,2020-12-01,1.227573182247413
TGO,Togo,2021-01-01,0.1865671641791023
TGO,Togo,2021-02-01,0.0931098696461814
TGO,Togo,2021-03-01,-0.6511627906976785
TGO,Togo,2021-04-01,2.715355805243449
TGO,Togo,2021-05-01,0.9115770282588888
TGO,Togo,2021-06-01,1.623975609756092
TGO,Togo,2021-07-01,1.110435630880806
TGO,Togo,2021-08-01,-0.6802054553442339
TGO,Togo,2021-09-01,-1.087668165815152
TGO,Togo,2021-10-01,-0.0868311432935466
TGO,Togo,2021-11-01,-0.07996690295809016
TGO,Togo,2021-12-01,1.984349705878522
TGO,Togo,2022-01-01,1.472892291479832
TGO,Togo,2022-02-01,1.000718940887476
TGO,Togo,2022-03-01,-0.4006606833623914
TGO,Togo,2022-04-01,1.521624818905851
TGO,Togo,2022-05-01,1.415496453462201
TGO,Togo,2022-06-01,0.454872359729343
TGO,Togo,2022-07-01,0.3487621150290461
TGO,Togo,2022-08-01,0.3186130734475646
TGO,Togo,2022-09-01,-0.3126217735113272
TGO,Togo,2022-10-01,-0.724756499723754
TGO,Togo,2022-11-01,1.391590866109902
TGO,Togo,2022-12-01,1.029154881398735
TGO,Togo,2023-01-01,1.132546113255158
TGO,Togo,2023-02-01,-1.090601052656165
TGO,Togo,2023-03-01,0.6911303544619641
TGO,Togo,2023-04-01,2.115200710421766
TGO,Togo,2023-05-01,0.3023115795289839
TGO,Togo,2023-06-01,0.6847059015363377
TGO,Togo,2023-07-01,0.74219376481367
TGO,Togo,2023-08-01,-2.136297923557891
TGO,Togo,2023-09-01,-0.5126210313500276
TGO,Togo,2023-10-01,0.6529783900938388
TGO,Togo,2023-11-01,0.2943516308671105
TGO,Togo,2023-12-01,0.6504322995161542
TGO,Togo,2024-01-01,-0.3940420836945339
TGO,Togo,2024-02-01,0.4430730279293798
TGO,Togo,2024-03-01,-0.08664828672706681
TGO,Togo,2024-04-01,1.963103122043586
TGO,Togo,2024-05-01,1.600556715379214
TGO,Togo,2024-06-01,0.9893455098934436
TGO,Togo,2024-07-01,0.5124340617935891
TGO,Togo,2024-08-01,-2.009296746138903
TGO,Togo,2024-09-01,-1.377199693955608
TGO,Togo,2024-10-01,-0.8533747090767937
TGO,Togo,2024-11-01,-0.05477308294206689
TGO,Togo,2024-12-01,0.5167149455883048
ZMB,Zambia,2019-01-01,1.05073966542237
ZMB,Zambia,2019-02-01,0.7296939845852146
ZMB,Zambia,2019-03-01,1.095667134513515
ZMB,Zambia,2019-04-01,0.7299923865824712
ZMB,Zambia,2019-05-01,0.8536368486573004
ZMB,Zambia,2019-06-01,0.7494269088344206
ZMB,Zambia,2019-07-01,0.4463113678130743
ZMB,Zambia,2019-08-01,0.7449032932566649
ZMB,Zambia,2019-09-01,1.215030051455009
ZMB,Zambia,2019-10-01,0.9398496240601504
ZMB,Zambia,2019-11-01,0.9988149652954122
ZMB,Zambia,2019-12-01,1.583975863224941
ZMB,Zambia,2020-01-01,1.77378104116822
ZMB,Zambia,2020-02-01,1.941472114137484
ZMB,Zambia,2020-03-01,1.236531350642122
ZMB,Zambia,2020-04-01,2.211138166679758
ZMB,Zambia,2020-05-01,1.586935638808838
ZMB,Zambia,2020-06-01,0.2118163249867615
ZMB,Zambia,2020-07-01,0.3359251151204046
ZMB,Zambia,2020-08-01,0.4664635293232517
ZMB,Zambia,2020-09-01,1.400381922342457
ZMB,Zambia,2020-10-01,1.251800155090285
ZMB,Zambia,2020-11-01,2.191830780452225
ZMB,Zambia,2020-12-01,3.151208022554513
ZMB,Zambia,2021-01-01,3.698450041516745
ZMB,Zambia,2021-02-01,2.532279051146031
ZMB,Zambia,2021-03-01,1.744110373551998
ZMB,Zambia,2021-04-01,2.152360240501471
ZMB,Zambia,2021-05-01,2.006825083748161
ZMB,Zambia,2021-06-01,1.32588545822847
ZMB,Zambia,2021-07-01,0.3059308172290543
ZMB,Zambia,2021-08-01,0.3623735467310886
ZMB,Zambia,2021-09-01,-0.4874379419286896
ZMB,Zambia,2021-10-01,0.4172587911589514
ZMB,Zambia,2021-11-01,0.6293095661076149
ZMB,Zambia,2021-12-01,0.6313584679832436
ZMB,Zambia,2022-01-01,2.554191073711754
ZMB,Zambia,2022-02-01,1.739634676717889
ZMB,Zambia,2022-03-01,0.7722998005129666
ZMB,Zambia,2022-04-01,0.6815418116003507
ZMB,Zambia,2022-05-01,0.8482669512948711
ZMB,Zambia,2022-06-01,0.9107620320855616
ZMB,Zambia,2022-07-01,0.4416107753029174
ZMB,Zambia,2022-08-01,0.2638014893792421
ZMB,Zambia,2022-09-01,-0.3508098774906131
ZMB,Zambia,2022-10-01,0.184273494870596
ZMB,Zambia,2022-11-01,0.6945588316037995
ZMB,Zambia,2022-12-01,0.7661059461817389
ZMB,Zambia,2023-01-01,2.069805194805195
ZMB,Zambia,2023-02-01,1.94831013916501
ZMB,Zambia,2023-03-01,1.042641705668227
ZMB,Zambia,2023-04-01,0.9289519055093796
ZMB,Zambia,2023-05-01,0.5915047677323951
ZMB,Zambia,2023-06-01,0.8034673290414153
ZMB,Zambia,2023-07-01,0.8900957984461039
ZMB,Zambia,2023-08-01,0.7975077881619937
ZMB,Zambia,2023-09-01,0.6601557670911113
ZMB,Zambia,2023-10-01,0.7614462566319513
ZMB,Zambia,2023-11-01,0.919019062941836
ZMB,Zambia,2023-12-01,0.9758689823425688
ZMB,Zambia,2024-01-01,2.129033801401813
ZMB,Zambia,2024-02-01,2.239242967231162
ZMB,Zambia,2024-03-01,1.264633783133634
ZMB,Zambia,2024-04-01,0.9886654148096196
ZMB,Zambia,2024-05-01,1.375509655450513
ZMB,Zambia,2024-06-01,1.279501458499072
ZMB,Zambia,2024-07-01,1.003687460452532
ZMB,Zambia,2024-08-01,0.8705795943055886
ZMB,Zambia,2024-09-01,0.7816850130637769
ZMB,Zambia,2024-10-01,0.8393718523555537
ZMB,Zambia,2024-11-01,1.601550975681713
ZMB,Zambia,2024-12-01,1.22371095532418
ALB,Albania,2019-01-01,1.598996103897992
ALB,Albania,2019-02-01,0.5920430372860397
ALB,Albania,2019-03-01,-0.3068528312526694
ALB,Albania,2019-04-01,-0.237876202319796
ALB,Albania,2019-05-01,-1.014062732706067
ALB,Albania,2019-06-01,-0.2768940304865214
ALB,Albania,2019-07-01,-0.1102983903678899
ALB,Albania,2019-08-01,0.3470743000491543
ALB,Albania,2019-09-01,0.0918799485046194
ALB,Albania,2019-10-01,-0.2073244364222676
ALB,Albania,2019-11-01,-0.1487609139267837
ALB,Albania,2019-12-01,0.840643082142342
ALB,Albania,2020-01-01,1.907198149327913
ALB,Albania,2020-02-01,0.3635029765642307
ALB,Albania,2020-03-01,0.564102396086098
ALB,Albania,2020-04-01,-0.4234592328195298
ALB,Albania,2020-05-01,-0.8401750999292842
ALB,Albania,2020-06-01,-0.5721978309769036
ALB,Albania,2020-07-01,-0.5202159078900573
ALB,Albania,2020-08-01,0.2267122791788085
ALB,Albania,2020-09-01,0.3714199435901176
ALB,Albania,2020-10-01,0.243562465378199
ALB,Albania,2020-11-01,-0.5275111380491704
ALB,Albania,2020-12-01,0.2830221951322494
ALB,Albania,2021-01-01,1.255444857852
ALB,Albania,2021-02-01,1.099311196993553
ALB,Albania,2021-03-01,0.6605975871392998
ALB,Albania,2021-04-01,0.241101495911133
ALB,Albania,2021-05-01,-0.9121222853789784
ALB,Albania,2021-06-01,-0.8090521076180516
ALB,Albania,2021-07-01,0.1105003705844101
ALB,Albania,2021-08-01,0.369449197436011
ALB,Albania,2021-09-01,0.4960143735960514
ALB,Albania,2021-10-01,0.1494246920770064
ALB,Albania,2021-11-01,0.1711998468629462
ALB,Albania,2021-12-01,0.8471175108761757
ALB,Albania,2022-01-01,1.268992226816223
ALB,Albania,2022-02-01,1.274967154500668
ALB,Albania,2022-03-01,2.371280965245125
ALB,Albania,2022-04-01,0.7234607232555859
ALB,Albania,2022-05-01,-0.4617506467654369
ALB,Albania,2022-06-01,-0.1458081605608035
ALB,Albania,2022-07-01,0.2209446532361994
ALB,Albania,2022-08-01,0.80175041678171
ALB,Albania,2022-09-01,0.6110538642252148
ALB,Albania,2022-10-01,0.3634915444920334
ALB,Albania,2022-11-01,-0.2586279132663088
ALB,Albania,2022-12-01,0.4277994803638054
ALB,Albania,2023-01-01,1.101423897093514
ALB,Albania,2023-02-01,1.113646652617778
ALB,Albania,2023-03-01,0.699885424242885
ALB,Albania,2023-04-01,0.02502556241797605
ALB,Albania,2023-05-01,-0.3110670000176128
ALB,Albania,2023-06-01,-0.3459471659117899
ALB,Albania,2023-07-01,-0.1067174807721509
ALB,Albania,2023-08-01,0.6023415700282448
ALB,Albania,2023-09-01,0.6851626416913773
ALB,Albania,2023-10-01,0.1267416633433372
ALB,Albania,2023-11-01,-0.1658317687968842
ALB,Albania,2023-12-01,0.4956008279183653
ALB,Albania,2024-01-01,0.5118163022997563
ALB,Albania,2024-02-01,0.3353547493046391
ALB,Albania,2024-03-01,0.4120605751079475
ALB,Albania,2024-04-01,-0.1626767820907422
ALB,Albania,2024-05-01,-0.2297843634871037
ALB,Albania,2024-06-01,-0.3744208698672877
ALB,Albania,2024-07-01,-0.1866814654262621
ALB,Albania,2024-08-01,0.5163381962161543
ALB,Albania,2024-09-01,0.6252300481087552
ALB,Albania,2024-10-01,0.1063274424642437
ALB,Albania,2024-11-01,-0.02269160305480264
ALB,Albania,2024-12-01,0.5507092025218094
ISL,Iceland,2019-01-01,-0.4225461830867111
ISL,Iceland,2019-02-01,0.1929481338058943
ISL,Iceland,2019-03-01,0.5220368097560738
ISL,Iceland,2019-04-01,0.3627634100488741
ISL,Iceland,2019-05-01,0.2307900675017111
ISL,Iceland,2019-06-01,0.3743135824856232
ISL,Iceland,2019-07-01,-0.2200845480453824
ISL,Iceland,2019-08-01,0.2805611705267419
ISL,Iceland,2019-09-01,0.08931456626275901
ISL,Iceland,2019-10-01,0.3624003759026254
ISL,Iceland,2019-11-01,0.1225762783210996
ISL,Iceland,2019-12-01,0.1205748896073881
ISL,Iceland,2020-01-01,-0.7467356040601325
ISL,Iceland,2020-02-01,0.922367963999524
ISL,Iceland,2020-03-01,0.2199692019298218
ISL,Iceland,2020-04-01,0.4952406982685886
ISL,Iceland,2020-05-01,0.5354286947447461
ISL,Iceland,2020-06-01,0.4470683852315705
ISL,Iceland,2020-07-01,0.142036389652772
ISL,Iceland,2020-08-01,0.4511122583149706
ISL,Iceland,2020-09-01,0.3848896054197671
ISL,Iceland,2020-10-01,0.4274777825191562
ISL,Iceland,2020-11-01,0.04739798896279229
ISL,Iceland,2020-12-01,0.2005814322529865
ISL,Iceland,2021-01-01,-0.05309720243394812
ISL,Iceland,2021-02-01,0.6836007273917382
ISL,Iceland,2021-03-01,0.4935961267726539
ISL,Iceland,2021-04-01,0.6982326360118565
ISL,Iceland,2021-05-01,0.4360769250780143
ISL,Iceland,2021-06-01,0.2569290030219986
ISL,Iceland,2021-07-01,0.1579296168578072
ISL,Iceland,2021-08-01,0.4593036035510656
ISL,Iceland,2021-09-01,0.4617248930112199
ISL,Iceland,2021-10-01,0.606617902395524
ISL,Iceland,2021-11-01,0.3406355326820685
ISL,Iceland,2021-12-01,0.456931885666858
ISL,Iceland,2022-01-01,0.4910138762647223
ISL,Iceland,2022-02-01,1.163417685976998
ISL,Iceland,2022-03-01,0.946858643258112
ISL,Iceland,2022-04-01,1.230544671777341
ISL,Iceland,2022-05-01,0.7726823484986726
ISL,Iceland,2022-06-01,1.401788700175269
ISL,Iceland,2022-07-01,1.180609819164123
ISL,Iceland,2022-08-01,0.2816214581166508
ISL,Iceland,2022-09-01,0.09832376545941562
ISL,Iceland,2022-10-01,0.6683310576267845
ISL,Iceland,2022-11-01,0.2742500273846199
ISL,Iceland,2022-12-01,0.6606687635164251
ISL,Iceland,2023-01-01,0.8469210780577677
ISL,Iceland,2023-02-01,1.396160039196025
ISL,Iceland,2023-03-01,0.5921694539745731
ISL,Iceland,2023-04-01,1.305090011488759
ISL,Iceland,2023-05-01,0.3854320044383952
ISL,Iceland,2023-06-01,0.85166520292188
ISL,Iceland,2023-07-01,0.04076832168670872
ISL,Iceland,2023-08-01,0.3262505917290144
ISL,Iceland,2023-09-01,0.3484276123569236
ISL,Iceland,2023-10-01,0.6055248910031662
ISL,Iceland,2023-11-01,0.381900454182238
ISL,Iceland,2023-12-01,0.4175927734079159
ISL,Iceland,2024-01-01,-0.17594986705133361
ISL,Iceland,2024-02-01,1.337641807699461
ISL,Iceland,2024-03-01,0.7904770206967429
ISL,Iceland,2024-04-01,0.562090569050696
ISL,Iceland,2024-05-01,0.5643354652270763
ISL,Iceland,2024-06-01,0.4913544837221948
ISL,Iceland,2024-07-01,0.4540588480333971
ISL,Iceland,2024-08-01,0.09461948653099188
ISL,Iceland,2024-09-01,-0.2385079399444669
ISL,Iceland,2024-10-01,0.2875725350367392
ISL,Iceland,2024-11-01,0.09764568375354817
ISL,Iceland,2024-12-01,0.3907355115592589
DOM,Dominican Republic,2019-01-01,-0.1697007096575187
DOM,Dominican Republic,2019-02-01,0.370885489105248
DOM,Dominican Republic,2019-03-01,0.6543494996150885
DOM,Dominican Republic,2019-04-01,0.5277246653919663
DOM,Dominican Republic,2019-05-01,-0.03043213633596896
DOM,Dominican Republic,2019-06-01,-0.1826484018264834
DOM,Dominican Republic,2019-07-01,0.4650808173223653
DOM,Dominican Republic,2019-08-01,0.3415041359945231
DOM,Dominican Republic,2019-09-01,0.3781576160943912
DOM,Dominican Republic,2019-10-01,0.6705846895720396
DOM,Dominican Republic,2019-11-01,0.3742234862659908
DOM,Dominican Republic,2019-12-01,0.2013272686600456
DOM,Dominican Republic,2020-01-01,0.3274296770352838
DOM,Dominican Republic,2020-02-01,-0.1260940513276861
DOM,Dominican Republic,2020-03-01,-0.5198663200891442
DOM,Dominican Republic,2020-04-01,-0.8212019410227662
DOM,Dominican Republic,2020-05-01,-0.1129092961987264
DOM,Dominican Republic,2020-06-01,1.70308967596084
DOM,Dominican Republic,2020-07-01,1.882039122702965
DOM,Dominican Republic,2020-08-01,0.7781818181818336
DOM,Dominican Republic,2020-09-01,0.5989752471675222
DOM,Dominican Republic,2020-10-01,0.6627938883328499
DOM,Dominican Republic,2020-11-01,0.597428250513188
DOM,Dominican Republic,2020-12-01,0.4822269065288325
DOM,Dominican Republic,2021-01-01,0.967488552981972
DOM,Dominican Republic,2021-02-01,0.6830860308906683
DOM,Dominican Republic,2021-03-01,0.6030681090045606
DOM,Dominican Republic,2021-04-01,0.413997227529879
DOM,Dominican Republic,2021-05-01,0.6482846109359551
DOM,Dominican Republic,2021-06-01,0.6339144215530903
DOM,Dominican Republic,2021-07-01,0.5369065708891652
DOM,Dominican Republic,2021-08-01,0.7987688699985344
DOM,Dominican Republic,2021-09-01,0.4498364231188659
DOM,Dominican Republic,2021-10-01,0.6414257927353327
DOM,Dominican Republic,2021-11-01,1.08050771277552
DOM,Dominican Republic,2021-12-01,0.7265709762908418
DOM,Dominican Republic,2022-01-01,1.182204250284736
DOM,Dominican Republic,2022-02-01,0.9214498874365196
DOM,Dominican Republic,2022-03-01,0.6683497898978021
DOM,Dominican Republic,2022-04-01,0.9559309805807732
DOM,Dominican Republic,2022-05-01,0.4917307561423807
DOM,Dominican Republic,2022-06-01,0.6391696720339987
DOM,Dominican Republic,2022-07-01,0.4971525189902168
DOM,Dominican Republic,2022-08-01,0.2092610573542706
DOM,Dominican Republic,2022-09-01,0.2940242904158105
DOM,Dominican Republic,2022-10-01,0.2790039143832764
DOM,Dominican Republic,2022-11-01,0.4659274947053694
DOM,Dominican Republic,2022-12-01,0.9606004993138568
DOM,Dominican Republic,2023-01-01,0.6345801126686755
DOM,Dominican Republic,2023-02-01,0.1074017721292401
DOM,Dominican Republic,2023-03-01,0.2145730889584265
DOM,Dominican Republic,2023-04-01,0.2441220123439768
DOM,Dominican Republic,2023-05-01,-0.197411003236246
DOM,Dominican Republic,2023-06-01,0.2196893543889231
DOM,Dominican Republic,2023-07-01,0.4541079214087538
DOM,Dominican Republic,2023-08-01,0.5151849931233513
DOM,Dominican Republic,2023-09-01,0.4303514750673325
DOM,Dominican Republic,2023-10-01,0.2171252993250131
DOM,Dominican Republic,2023-11-01,0.1367425038364311
DOM,Dominican Republic,2023-12-01,0.5382745645396926
DOM,Dominican Republic,2024-01-01,0.389764607476207
DOM,Dominican Republic,2024-02-01,0.090565728668227
DOM,Dominican Republic,2024-03-01,0.29757361839134
DOM,Dominican Republic,2024-04-01,-0.09806013518177996
DOM,Dominican Republic,2024-05-01,-0.03855582899743851
DOM,Dominican Republic,2024-06-01,0.4785594825398845
DOM,Dominican Republic,2024-07-01,0.5278798260310739
DOM,Dominican Republic,2024-08-01,0.4036300260298593
DOM,Dominican Republic,2024-09-01,0.2968967971861031
DOM,Dominican Republic,2024-10-01,0.0928289984816821
DOM,Dominican Republic,2024-11-01,0.1575549204663996
DOM,Dominican Republic,2024-12-01,0.7027204417540124
KOR,"Korea, Republic of",2019-01-01,-0.1050632399886855
KOR,"Korea, Republic of",2019-02-01,0.4318191011690466
KOR,"Korea, Republic of",2019-03-01,-0.1913181822758808
KOR,"Korea, Republic of",2019-04-01,0.363192461738683
KOR,"Korea, Republic of",2019-05-01,0.1718921201033363
KOR,"Korea, Republic of",2019-06-01,-0.1615622365833099
KOR,"Korea, Republic of",2019-07-01,-0.3055552763566554
KOR,"Korea, Republic of",2019-08-01,0.2399508000040328
KOR,"Korea, Republic of",2019-09-01,0.3711340206185567
KOR,"Korea, Republic of",2019-10-01,0.2475098703328857
KOR,"Korea, Republic of",2019-11-01,-0.5597704940974201
KOR,"Korea, Republic of",2019-12-01,0.2392416642373921
KOR,"Korea, Republic of",2020-01-01,0.3720454477080596
KOR,"Korea, Republic of",2020-02-01,0.0699370566490159
KOR,"Korea, Republic of",2020-03-01,-0.2196485623003195
KOR,"Korea, Republic of",2020-04-01,-0.4402641584950971
KOR,"Korea, Republic of",2020-05-01,-0.06030150753768844
KOR,"Korea, Republic of",2020-06-01,0.2715205148833467
KOR,"Korea, Republic of",2020-07-01,-0.0802326747567947
KOR,"Korea, Republic of",2020-08-01,0.5620796948710228
KOR,"Korea, Republic of",2020-09-01,0.5489569817347041
KOR,"Korea, Republic of",2020-10-01,-0.555886440341473
KOR,"Korea, Republic of",2020-11-01,-0.08983829107606309
KOR,"Korea, Republic of",2020-12-01,0.2397841942251973
KOR,"Korea, Republic of",2021-01-01,0.7076647064686534
KOR,"Korea, Republic of",2021-02-01,0.5344418052256532
KOR,"Korea, Republic of",2021-03-01,0.2559558968300847
KOR,"Korea, Republic of",2021-04-01,0.1374705420267086
KOR,"Korea, Republic of",2021-05-01,0.06864090998234948
KOR,"Korea, Republic of",2021-06-01,0
KOR,"Korea, Republic of",2021-07-01,0.20578147966683
KOR,"Korea, Republic of",2021-08-01,0.4791707412477997
KOR,"Korea, Republic of",2021-09-01,0.4087591240875912
KOR,"Korea, Republic of",2021-10-01,0.1744693224774644
KOR,"Korea, Republic of",2021-11-01,0.5031446540880503
KOR,"Korea, Republic of",2021-12-01,0.1636661211129296
KOR,"Korea, Republic of",2022-01-01,0.7785467128027682
KOR,"Korea, Republic of",2022-02-01,0.5436337625178826
KOR,"Korea, Republic of",2022-03-01,0.6450388920508442
KOR,"Korea, Republic of",2022-04-01,0.6880301602262017
KOR,"Korea, Republic of",2022-05-01,0.6271646541233736
KOR,"Korea, Republic of",2022-06-01,0.6604651162790698
KOR,"Korea, Republic of",2022-07-01,0.4805470843729785
KOR,"Korea, Republic of",2022-08-01,-0.0919709371838499
KOR,"Korea, Republic of",2022-09-01,0.1749056430083771
KOR,"Korea, Republic of",2022-10-01,0.3124425657048337
KOR,"Korea, Republic of",2022-11-01,-0.08244778307072188
KOR,"Korea, Republic of",2022-12-01,0.1742000550105437
KOR,"Korea, Republic of",2023-01-01,0.7413509060955519
KOR,"Korea, Republic of",2023-02-01,0.2362133187971291
KOR,"Korea, Republic of",2023-03-01,0.1722106408048582
KOR,"Korea, Republic of",2023-04-01,0.2262034020991676
KOR,"Korea, Republic of",2023-05-01,0.3249977430712287
KOR,"Korea, Republic of",2023-06-01,0.02699541078016737
KOR,"Korea, Republic of",2023-07-01,0.1169485426412379
KOR,"Korea, Republic of",2023-08-01,0.8895677958486836
KOR,"Korea, Republic of",2023-09-01,0.5076594228713929
KOR,"Korea, Republic of",2023-10-01,0.3721754541426673
KOR,"Korea, Republic of",2023-11-01,-0.5208793149112739
KOR,"Korea, Republic of",2023-12-01,0.04437344692935747
KOR,"Korea, Republic of",2024-01-01,0.390313137585381
KOR,"Korea, Republic of",2024-02-01,0.5390121056817178
KOR,"Korea, Republic of",2024-03-01,0.1494111443135876
KOR,"Korea, Republic of",2024-04-01,0.05265467310223782
KOR,"Korea, Republic of",2024-05-01,0.07894044382071748
KOR,"Korea, Republic of",2024-06-01,-0.2278702892199825
KOR,"Korea, Republic of",2024-07-01,0.2547434996486297
KOR,"Korea, Republic of",2024-08-01,0.3592394637693858
KOR,"Korea, Republic of",2024-09-01,0.0960363191898027
KOR,"Korea, Republic of",2024-10-01,0.03488879197557785
KOR,"Korea, Republic of",2024-11-01,-0.2528555235853169
KOR,"Korea, Republic of",2024-12-01,0.4458041958041958
SVN,"Slovenia, Republic of",2019-01-01,-1.10187512081964
SVN,"Slovenia, Republic of",2019-02-01,0.7720875684128224
SVN,"Slovenia, Republic of",2019-03-01,0.6982833866744254
SVN,"Slovenia, Republic of",2019-04-01,0.7801213522103438
SVN,"Slovenia, Republic of",2019-05-01,0.879204892966361
SVN,"Slovenia, Republic of",2019-06-01,0.3505115574081091
SVN,"Slovenia, Republic of",2019-07-01,-0.7080147267063155
SVN,"Slovenia, Republic of",2019-08-01,0.3707929264118654
SVN,"Slovenia, Republic of",2019-09-01,-0.1894477597802406
SVN,"Slovenia, Republic of",2019-10-01,0.0664325709404954
SVN,"Slovenia, Republic of",2019-11-01,0.07587253414264036
SVN,"Slovenia, Republic of",2019-12-01,-0.1611068991660349
SVN,"Slovenia, Republic of",2020-01-01,-0.8542952064546749
SVN,"Slovenia, Republic of",2020-02-01,0.6606031594064146
SVN,"Slovenia, Republic of",2020-03-01,-0.779912497622218
SVN,"Slovenia, Republic of",2020-04-01,-0.9202453987730062
SVN,"Slovenia, Republic of",2020-05-01,0.8707430340557276
SVN,"Slovenia, Republic of",2020-06-01,1.285248417417993
SVN,"Slovenia, Republic of",2020-07-01,-0.1136363636363636
SVN,"Slovenia, Republic of",2020-08-01,-0.05688282138794084
SVN,"Slovenia, Republic of",2020-09-01,-0.3889205084424208
SVN,"Slovenia, Republic of",2020-10-01,0.3142557851633178
SVN,"Slovenia, Republic of",2020-11-01,-0.7594456047085627
SVN,"Slovenia, Republic of",2020-12-01,-0.3156686435814042
SVN,"Slovenia, Republic of",2021-01-01,-0.4318203627291047
SVN,"Slovenia, Republic of",2021-02-01,0.2891287586738628
SVN,"Slovenia, Republic of",2021-03-01,0.3363444166826831
SVN,"Slovenia, Republic of",2021-04-01,1.043961306388277
SVN,"Slovenia, Republic of",2021-05-01,0.9289099526066352
SVN,"Slovenia, Republic of",2021-06-01,0.5822689706987229
SVN,"Slovenia, Republic of",2021-07-01,0.4108309990662932
SVN,"Slovenia, Republic of",2021-08-01,0.09298865538404316
SVN,"Slovenia, Republic of",2021-09-01,-0.05574136008918618
SVN,"Slovenia, Republic of",2021-10-01,0.9016545826361776
SVN,"Slovenia, Republic of",2021-11-01,0.7001381851681253
SVN,"Slovenia, Republic of",2021-12-01,-0.00914829384319824
SVN,"Slovenia, Republic of",2022-01-01,0.3934126258005489
SVN,"Slovenia, Republic of",2022-02-01,1.376104984963091
SVN,"Slovenia, Republic of",2022-03-01,-1.10571736785329
SVN,"Slovenia, Republic of",2022-04-01,2.563403326970275
SVN,"Slovenia, Republic of",2022-05-01,2.029602056190729
SVN,"Slovenia, Republic of",2022-06-01,2.736275191104934
SVN,"Slovenia, Republic of",2022-07-01,0.9638961697810096
SVN,"Slovenia, Republic of",2022-08-01,0.02512352399296541
SVN,"Slovenia, Republic of",2022-09-01,-0.9209645010046884
SVN,"Slovenia, Republic of",2022-10-01,0.7605205340544196
SVN,"Slovenia, Republic of",2022-11-01,0.8638040925863804
SVN,"Slovenia, Republic of",2022-12-01,0.1995510102269893
SVN,"Slovenia, Republic of",2023-01-01,0.1908555306613559
SVN,"Slovenia, Republic of",2023-02-01,0.6791452708298824
SVN,"Slovenia, Republic of",2023-03-01,0.04113195129976966
SVN,"Slovenia, Republic of",2023-04-01,1.504810459666146
SVN,"Slovenia, Republic of",2023-05-01,1.053143227478937
SVN,"Slovenia, Republic of",2023-06-01,1.378868045534712
SVN,"Slovenia, Republic of",2023-07-01,0.166060414360272
SVN,"Slovenia, Republic of",2023-08-01,0.1026288781874161
SVN,"Slovenia, Republic of",2023-09-01,0.2760252365930599
SVN,"Slovenia, Republic of",2023-10-01,0.212347620920173
SVN,"Slovenia, Republic of",2023-11-01,-1.012399937215508
SVN,"Slovenia, Republic of",2023-12-01,-0.4756996749385555
SVN,"Slovenia, Republic of",2024-01-01,-0.5974667410180833
SVN,"Slovenia, Republic of",2024-02-01,0.7533258535021637
SVN,"Slovenia, Republic of",2024-03-01,0.1829462297168311
SVN,"Slovenia, Republic of",2024-04-01,0.9924573243350536
SVN,"Slovenia, Republic of",2024-05-01,0.5345911949685535
SVN,"Slovenia, Republic of",2024-06-01,0.390991554582421
SVN,"Slovenia, Republic of",2024-07-01,-0.09347250350521888
SVN,"Slovenia, Republic of",2024-08-01,-0.2027132387338219
SVN,"Slovenia, Republic of",2024-09-01,-0.015625
SVN,"Slovenia, Republic of",2024-10-01,-0.4531958118456009
SVN,"Slovenia, Republic of",2024-11-01,0.6907378335949765
SVN,"Slovenia, Republic of",2024-12-01,-0.3196133458060493
LUX,Luxembourg,2019-01-01,-0.8819018404907975
LUX,Luxembourg,2019-02-01,1.518375241779497
LUX,Luxembourg,2019-03-01,0.1619510336286558
LUX,Luxembourg,2019-04-01,0.1807114323758798
LUX,Luxembourg,2019-05-01,0.2753251685179911
LUX,Luxembourg,2019-06-01,-0.0662753266426813
LUX,Luxembourg,2019-07-01,-0.6821411653244908
LUX,Luxembourg,2019-08-01,1.173328245731184
LUX,Luxembourg,2019-09-01,-0.1508580049028852
LUX,Luxembourg,2019-10-01,-0.00944287063267233
LUX,Luxembourg,2019-11-01,0.03777504957975257
LUX,Luxembourg,2019-12-01,0.1416029453412631
LUX,Luxembourg,2020-01-01,-0.641025641025641
LUX,Luxembourg,2020-02-01,1.261859582542694
LUX,Luxembourg,2020-03-01,-0.6464911458821325
LUX,Luxembourg,2020-04-01,-0.05658242172764994
LUX,Luxembourg,2020-05-01,-0.150971881487073
LUX,Luxembourg,2020-06-01,0.4914004914004914
LUX,Luxembourg,2020-07-01,-0.4889975550122249
LUX,Luxembourg,2020-08-01,0.8221508221508222
LUX,Luxembourg,2020-09-01,-0.065610647670822
LUX,Luxembourg,2020-10-01,-0.02813731007315701
LUX,Luxembourg,2020-11-01,-0.2063983488132095
LUX,Luxembourg,2020-12-01,0.2820344081978001
LUX,Luxembourg,2021-01-01,0.6656041998687541
LUX,Luxembourg,2021-02-01,-0.6891413671074688
LUX,Luxembourg,2021-03-01,1.406601650412603
LUX,Luxembourg,2021-04-01,0.04623636027371925
LUX,Luxembourg,2021-05-01,0.2865329512893983
LUX,Luxembourg,2021-06-01,0.1658986175115207
LUX,Luxembourg,2021-07-01,-0.3864556496135444
LUX,Luxembourg,2021-08-01,0.9698873083317938
LUX,Luxembourg,2021-09-01,0.1463727014911719
LUX,Luxembourg,2021-10-01,0.8952224353704211
LUX,Luxembourg,2021-11-01,0.6609325486645541
LUX,Luxembourg,2021-12-01,-0.08094981111710739
LUX,Luxembourg,2022-01-01,0.1170222342245027
LUX,Luxembourg,2022-02-01,2.175867649703291
LUX,Luxembourg,2022-03-01,1.003167898627244
LUX,Luxembourg,2022-04-01,0.8189580066213626
LUX,Luxembourg,2022-05-01,0.1296232284825441
LUX,Luxembourg,2022-06-01,0.7594718218693363
LUX,Luxembourg,2022-07-01,-1.002141327623126
LUX,Luxembourg,2022-08-01,0.9690257830074408
LUX,Luxembourg,2022-09-01,0.2570694087403599
LUX,Luxembourg,2022-10-01,0.8717948717948718
LUX,Luxembourg,2022-11-01,-0.2033553634977123
LUX,Luxembourg,2022-12-01,-0.6113092205807438
LUX,Luxembourg,2023-01-01,-0.401503502477362
LUX,Luxembourg,2023-02-01,1.672527661034394
LUX,Luxembourg,2023-03-01,0.3121309262696136
LUX,Luxembourg,2023-04-01,0.9082499369270876
LUX,Luxembourg,2023-05-01,0.06667222268522377
LUX,Luxembourg,2023-06-01,0.3248105271924711
LUX,Luxembourg,2023-07-01,-0.4565830981238585
LUX,Luxembourg,2023-08-01,1.451088316237178
LUX,Luxembourg,2023-09-01,0.07398273736128237
LUX,Luxembourg,2023-10-01,0.00821422704123542
LUX,Luxembourg,2023-11-01,-0.3285420944558522
LUX,Luxembourg,2023-12-01,-0.1483312731767614
LUX,Luxembourg,2024-01-01,-0.4621606008087811
LUX,Luxembourg,2024-02-01,1.426084072630793
LUX,Luxembourg,2024-03-01,0.2125398512221041
LUX,Luxembourg,2024-04-01,0.2284036218288604
LUX,Luxembourg,2024-05-01,0.2522991779930007
LUX,Luxembourg,2024-06-01,-0.04870920603994155
LUX,Luxembourg,2024-07-01,-0.6741390513320338
LUX,Luxembourg,2024-08-01,1.202060675443618
LUX,Luxembourg,2024-09-01,-0.3716871363930187
LUX,Luxembourg,2024-10-01,-0.316301703163017
LUX,Luxembourg,2024-11-01,-0.4800260353103897
LUX,Luxembourg,2024-12-01,0.08992805755395683
QAT,Qatar,2019-01-01,-0.9666728042717784
QAT,Qatar,2019-02-01,0.1766291717021499
QAT,Qatar,2019-03-01,-0.02783964365256111
QAT,Qatar,2019-04-01,0.5105355982548972
QAT,Qatar,2019-05-01,-0.5633542667159221
QAT,Qatar,2019-06-01,0.464381907680871
QAT,Qatar,2019-07-01,-0.1848941481002083
QAT,Qatar,2019-08-01,1.176252662776685
QAT,Qatar,2019-09-01,-0.7506407909190669
QAT,Qatar,2019-10-01,-0.830105146651905
QAT,Qatar,2019-11-01,0.2232142857142846
QAT,Qatar,2019-12-01,0.4639940608760151
QAT,Qatar,2020-01-01,-0.9065269943593776
QAT,Qatar,2020-02-01,-0.01016466761536898
QAT,Qatar,2020-03-01,-0.9149130832570906
QAT,Qatar,2020-04-01,-1.241407612598748
QAT,Qatar,2020-05-01,-0.5921462705173488
QAT,Qatar,2020-06-01,0.2717107325739367
QAT,Qatar,2020-07-01,-0.2292860865033872
QAT,Qatar,2020-08-01,0.4805181238901076
QAT,Qatar,2020-09-01,0.270298367813702
QAT,Qatar,2020-10-01,-0.1658890616899948
QAT,Qatar,2020-11-01,-0.394641188077682
QAT,Qatar,2020-12-01,0.02085288291106245
QAT,Qatar,2021-01-01,1.230063588032941
QAT,Qatar,2021-02-01,-0.09267840593141798
QAT,Qatar,2021-03-01,0.1649144506287363
QAT,Qatar,2021-04-01,0.06174109899156205
QAT,Qatar,2021-05-01,0.8329905388728918
QAT,Qatar,2021-06-01,-0.2039775624681285
QAT,Qatar,2021-07-01,0.8993357179356157
QAT,Qatar,2021-08-01,0.3038590094196293
QAT,Qatar,2021-09-01,0.05048975058063213
QAT,Qatar,2021-10-01,1.342349616471538
QAT,Qatar,2021-11-01,1.065630913255652
QAT,Qatar,2021-12-01,0.650374458021285
QAT,Qatar,2022-01-01,-0.9692578813393382
QAT,Qatar,2022-02-01,-0.2570439940682155
QAT,Qatar,2022-03-01,0.5847953216374269
QAT,Qatar,2022-04-01,0.2857705951911707
QAT,Qatar,2022-05-01,1.336346664046379
QAT,Qatar,2022-06-01,0.00969649956365752
QAT,Qatar,2022-07-01,0.4944735311227458
QAT,Qatar,2022-08-01,0.1254220935841775
QAT,Qatar,2022-09-01,1.223742532279823
QAT,Qatar,2022-10-01,0.361732508329367
QAT,Qatar,2022-11-01,1.356350184956843
QAT,Qatar,2022-12-01,1.253977166385926
QAT,Qatar,2023-01-01,-2.587800369685767
QAT,Qatar,2023-02-01,-0.05692599620493359
QAT,Qatar,2023-03-01,0.275299031706854
QAT,Qatar,2023-04-01,0.7005585534412572
QAT,Qatar,2023-05-01,0.2162263796183134
QAT,Qatar,2023-06-01,-0.1125703564727955
QAT,Qatar,2023-07-01,0.3662659654395192
QAT,Qatar,2023-08-01,-0.5801441003087864
QAT,Qatar,2023-09-01,0.6494117647058824
QAT,Qatar,2023-10-01,1.075369365999626
QAT,Qatar,2023-11-01,0.1572763437875844
QAT,Qatar,2023-12-01,1.588767781267319
QAT,Qatar,2024-01-01,-1.163847972358611
QAT,Qatar,2024-02-01,-0.3403863845446182
QAT,Qatar,2024-03-01,-1.375426936213422
QAT,Qatar,2024-04-01,0.4118307749906402
QAT,Qatar,2024-05-01,0.4567486950037286
QAT,Qatar,2024-06-01,-0.09279020135473694
QAT,Qatar,2024-07-01,-0.3529302498374663
QAT,Qatar,2024-08-01,0.3448597259763258
QAT,Qatar,2024-09-01,0.492290544306149
QAT,Qatar,2024-10-01,0.933542841297717
QAT,Qatar,2024-11-01,0.08241758241758242
QAT,Qatar,2024-12-01,0.8692469576356483
GEO,Georgia,2019-01-01,1.288218545880864
GEO,Georgia,2019-02-01,0.273979523877327
GEO,Georgia,2019-03-01,0.9978769063754646
GEO,Georgia,2019-04-01,0.2045425684378572
GEO,Georgia,2019-05-01,0.5100863118541886
GEO,Georgia,2019-06-01,-0.9809969829333092
GEO,Georgia,2019-07-01,-0.02357223145657442
GEO,Georgia,2019-08-01,0.7891357186070455
GEO,Georgia,2019-09-01,1.694689596501402
GEO,Georgia,2019-10-01,0.7691698897244554
GEO,Georgia,2019-11-01,0.865840267297721
GEO,Georgia,2019-12-01,0.4185793335914281
GEO,Georgia,2020-01-01,0.7073577965163299
GEO,Georgia,2020-02-01,0.3320896462147897
GEO,Georgia,2020-03-01,0.6519400415979344
GEO,Georgia,2020-04-01,0.943999885990352
GEO,Georgia,2020-05-01,0.2031570521191723
GEO,Georgia,2020-06-01,-1.358702543683904
GEO,Georgia,2020-07-01,-0.4746366487196023
GEO,Georgia,2020-08-01,-0.024038754778151
GEO,Georgia,2020-09-01,0.6957124646868325
GEO,Georgia,2020-10-01,0.8045954890476505
GEO,Georgia,2020-11-01,0.8865608045090293
GEO,Georgia,2020-12-01,-0.9574093036914928
GEO,Georgia,2021-01-01,1.126807807193652
GEO,Georgia,2021-02-01,1.060649531500388
GEO,Georgia,2021-03-01,4.18754634960708
GEO,Georgia,2021-04-01,0.9335645257443028
GEO,Georgia,2021-05-01,0.6543711439313628
GEO,Georgia,2021-06-01,0.6624154154520858
GEO,Georgia,2021-07-01,1.349190979312102
GEO,Georgia,2021-08-01,0.7452221335205687
GEO,Georgia,2021-09-01,0.2435784584226783
GEO,Georgia,2021-10-01,1.327124593011739
GEO,Georgia,2021-11-01,0.6139536282666807
GEO,Georgia,2021-12-01,0.2742133570490831
GEO,Georgia,2022-01-01,1.12993894118765
GEO,Georgia,2022-02-01,0.8743582184882207
GEO,Georgia,2022-03-01,2.45568234605791
GEO,Georgia,2022-04-01,1.837891864525223
GEO,Georgia,2022-05-01,1.054102011867327
GEO,Georgia,2022-06-01,0.216070020082617
GEO,Georgia,2022-07-01,0.2335807806921919
GEO,Georgia,2022-08-01,0.1394539796118972
GEO,Georgia,2022-09-01,0.8327459088853018
GEO,Georgia,2022-10-01,0.4877104592744403
GEO,Georgia,2022-11-01,0.4655716084031766
GEO,Georgia,2022-12-01,-0.2664433617539586
GEO,Georgia,2023-01-01,0.7578160558849056
GEO,Georgia,2023-02-01,-0.3180066867260967
GEO,Georgia,2023-03-01,-0.2223634589846378
GEO,Georgia,2023-04-01,-0.7177752915362658
GEO,Georgia,2023-05-01,-0.1325794922881697
GEO,Georgia,2023-06-01,-0.6658829179578984
GEO,Georgia,2023-07-01,-0.04279173999120106
GEO,Georgia,2023-08-01,0.7285160268368066
GEO,Georgia,2023-09-01,0.6149761980486212
GEO,Georgia,2023-10-01,0.601547806595425
GEO,Georgia,2023-11-01,-0.2417547086240273
GEO,Georgia,2023-12-01,0.08975785662971363
GEO,Georgia,2024-01-01,0.3229060645091558
GEO,Georgia,2024-02-01,-0.0375398966614743
GEO,Georgia,2024-03-01,0.01156371127770589
GEO,Georgia,2024-04-01,0.2656539673256285
GEO,Georgia,2024-05-01,0.3765728789156134
GEO,Georgia,2024-06-01,-0.5265737958988367
GEO,Georgia,2024-07-01,-0.423118993036225
GEO,Georgia,2024-08-01,-0.08664994099471204
GEO,Georgia,2024-09-01,0.2867732124854824
GEO,Georgia,2024-10-01,0.2765131805927193
GEO,Georgia,2024-11-01,0.7081766440675497
GEO,Georgia,2024-12-01,0.6831658432657975
CHE,Switzerland,2019-01-01,-0.26216004378937
CHE,Switzerland,2019-02-01,0.3888453961063667
CHE,Switzerland,2019-03-01,0.5324922462699747
CHE,Switzerland,2019-04-01,0.1879066664429683
CHE,Switzerland,2019-05-01,0.3071397682956501
CHE,Switzerland,2019-06-01,-0.0296575340447868
CHE,Switzerland,2019-07-01,-0.5161155965339508
CHE,Switzerland,2019-08-01,-0.01017047895056456
CHE,Switzerland,2019-09-01,-0.1096153390372811
CHE,Switzerland,2019-10-01,-0.2248097421509369
CHE,Switzerland,2019-11-01,-0.1331684580994959
CHE,Switzerland,2019-12-01,0.0298639552973299
CHE,Switzerland,2020-01-01,-0.2158291220535506
CHE,Switzerland,2020-02-01,0.1238532885234919
CHE,Switzerland,2020-03-01,0.07684098185699038
CHE,Switzerland,2020-04-01,-0.3637719991786114
CHE,Switzerland,2020-05-01,0.04191632267404235
CHE,Switzerland,2020-06-01,0.02080009713346795
CHE,Switzerland,2020-07-01,-0.1585055700827453
CHE,Switzerland,2020-08-01,0.04404939511809125
CHE,Switzerland,2020-09-01,-0.04283461554936391
CHE,Switzerland,2020-10-01,0.00607914246221215
CHE,Switzerland,2020-11-01,-0.2481335177559961
CHE,Switzerland,2020-12-01,-0.1000997001004993
CHE,Switzerland,2021-01-01,0.0553
CHE,Switzerland,2021-02-01,0.1644090817777769
CHE,Switzerland,2021-03-01,0.3371589246835456
CHE,Switzerland,2021-04-01,0.2086364346042123
CHE,Switzerland,2021-05-01,0.2643709529362146
CHE,Switzerland,2021-06-01,0.07403455671809164
CHE,Switzerland,2021-07-01,-0.08476026296451245
CHE,Switzerland,2021-08-01,0.2455876384585688
CHE,Switzerland,2021-09-01,0.01737909433194663
CHE,Switzerland,2021-10-01,0.3027978441820262
CHE,Switzerland,2021-11-01,0.03858442409794144
CHE,Switzerland,2021-12-01,-0.1018353985748948
CHE,Switzerland,2022-01-01,0.1712775691389141
CHE,Switzerland,2022-02-01,0.6591612998377661
CHE,Switzerland,2022-03-01,0.568300587836531
CHE,Switzerland,2022-04-01,0.3670457238541841
CHE,Switzerland,2022-05-01,0.6500211447997825
CHE,Switzerland,2022-06-01,0.5041978024513782
CHE,Switzerland,2022-07-01,-0.03788342619237127
CHE,Switzerland,2022-08-01,0.2636575571624896
CHE,Switzerland,2022-09-01,-0.1756276541013352
CHE,Switzerland,2022-10-01,0.05364155394131557
CHE,Switzerland,2022-11-01,0.00382265919464216
CHE,Switzerland,2022-12-01,-0.2181699336411731
CHE,Switzerland,2023-01-01,0.6020213590205996
CHE,Switzerland,2023-02-01,0.7461670641210546
CHE,Switzerland,2023-03-01,0.1533630736114405
CHE,Switzerland,2023-04-01,-0.00339655966245744
CHE,Switzerland,2023-05-01,0.2509765440718585
CHE,Switzerland,2023-06-01,0.06362233181493054
CHE,Switzerland,2023-07-01,-0.141836500513546
CHE,Switzerland,2023-08-01,0.2135278914332648
CHE,Switzerland,2023-09-01,-0.07697693981418387
CHE,Switzerland,2023-10-01,0.091803870812389
CHE,Switzerland,2023-11-01,-0.2417978558647962
CHE,Switzerland,2023-12-01,0.04860867099560167
CHE,Switzerland,2024-01-01,0.1705184759734665
CHE,Switzerland,2024-02-01,0.63654633196286
CHE,Switzerland,2024-03-01,0.0311029498299145
CHE,Switzerland,2024-04-01,0.3161616887852239
CHE,Switzerland,2024-05-01,0.2730005016954327
CHE,Switzerland,2024-06-01,0.00241346341282291
CHE,Switzerland,2024-07-01,-0.1787776288479889
CHE,Switzerland,2024-08-01,-0.01422739657240629
CHE,Switzerland,2024-09-01,-0.2919356383755395
CHE,Switzerland,2024-10-01,-0.1265742497420945
CHE,Switzerland,2024-11-01,-0.1349532706789037
CHE,Switzerland,2024-12-01,-0.05498945100327692
FRA,France,2019-01-01,-0.4445733062723495
FRA,France,2019-02-01,0.04853897679836909
FRA,France,2019-03-01,0.8053561032408306
FRA,France,2019-04-01,0.317643661565117
FRA,France,2019-05-01,0.1055459604682403
FRA,France,2019-06-01,0.2396242691459791
FRA,France,2019-07-01,-0.1912411550965768
FRA,France,2019-08-01,0.4598582103851313
FRA,France,2019-09-01,-0.3433148960518787
FRA,France,2019-10-01,-0.03827751196172249
FRA,France,2019-11-01,0.05743825387708214
FRA,France,2019-12-01,0.440107156525067
FRA,France,2020-01-01,-0.4191274528481616
FRA,France,2020-02-01,-0.00956571647216376
FRA,France,2020-03-01,0.05739978953410504
FRA,France,2020-04-01,-0.02868343053829238
FRA,France,2020-05-01,0.1434583014537108
FRA,France,2020-06-01,0.07640148982905166
FRA,France,2020-07-01,0.381715812577536
FRA,France,2020-08-01,-0.09506607091928893
FRA,France,2020-09-01,-0.5138452754781616
FRA,France,2020-10-01,-0.03825920612147298
FRA,France,2020-11-01,0.2105061716582145
FRA,France,2020-12-01,0.2196123364842929
FRA,France,2021-01-01,0.1524390243902439
FRA,France,2021-02-01,0
FRA,France,2021-03-01,0.5993150684931507
FRA,France,2021-04-01,0.1040189125295508
FRA,France,2021-05-01,0.3211789155488381
FRA,France,2021-06-01,0.1318267419962335
FRA,France,2021-07-01,0.05642279480910288
FRA,France,2021-08-01,0.6109022556390977
FRA,France,2021-09-01,-0.2241943017281644
FRA,France,2021-10-01,0.411946446961895
FRA,France,2021-11-01,0.3636363636363636
FRA,France,2021-12-01,0.1950947603121516
FRA,France,2022-01-01,0.2503477051460362
FRA,France,2022-02-01,0.7584165741768405
FRA,France,2022-03-01,1.422801542133284
FRA,France,2022-04-01,0.4344284550638067
FRA,France,2022-05-01,0.6758583400919167
FRA,France,2022-06-01,0.7429287504475474
FRA,France,2022-07-01,0.2843180808529542
FRA,France,2022-08-01,0.451847257907327
FRA,France,2022-09-01,-0.5644734521079555
FRA,France,2022-10-01,1.028916090118858
FRA,France,2022-11-01,0.3160667251975417
FRA,France,2022-12-01,-0.0875196919306844
FRA,France,2023-01-01,0.3854239663629993
FRA,France,2023-02-01,1.029668411867365
FRA,France,2023-03-01,0.8723441008809812
FRA,France,2023-04-01,0.6079287610240603
FRA,France,2023-05-01,-0.05106382978723404
FRA,France,2023-06-01,0.1788147138964578
FRA,France,2023-07-01,0.0509987250318742
FRA,France,2023-08-01,1.002463681930167
FRA,France,2023-09-01,-0.5299015897047691
FRA,France,2023-10-01,0.1437510569930661
FRA,France,2023-11-01,-0.1688761293591151
FRA,France,2023-12-01,0.1353294426118582
FRA,France,2024-01-01,-0.1689331869245713
FRA,France,2024-02-01,0.8630171757339876
FRA,France,2024-03-01,0.2181025081788441
FRA,France,2024-04-01,0.5022181300744957
FRA,France,2024-05-01,0.03331390022486883
FRA,France,2024-06-01,0.07493131296311714
FRA,France,2024-07-01,0.1830282861896839
FRA,France,2024-08-01,0.5314731772130875
FRA,France,2024-09-01,-1.239055014042623
FRA,France,2024-10-01,0.2760120441619271
FRA,France,2024-11-01,-0.1417966469263492
FRA,France,2024-12-01,0.1921149348479786
BOL,Bolivia,2019-01-01,0.2246532525883962
BOL,Bolivia,2019-02-01,-0.1461845823993763
BOL,Bolivia,2019-03-01,-0.01951981260979895
BOL,Bolivia,2019-04-01,0.136665365091761
BOL,Bolivia,2019-05-01,0.45817898225775
BOL,Bolivia,2019-06-01,0.1552644347404173
BOL,Bolivia,2019-07-01,0.2266399688983626
BOL,Bolivia,2019-08-01,0.5015683338539005
BOL,Bolivia,2019-09-01,-0.08143467845201606
BOL,Bolivia,2019-10-01,0.4498505692332855
BOL,Bolivia,2019-11-01,1.114856200626335
BOL,Bolivia,2019-12-01,-1.539597972435388
BOL,Bolivia,2020-01-01,-0.03300102214806187
BOL,Bolivia,2020-02-01,-0.05777563793933558
BOL,Bolivia,2020-03-01,0.1141412469409384
BOL,Bolivia,2020-04-01,0.4165282430411667
BOL,Bolivia,2020-05-01,-0.02449429367556881
BOL,Bolivia,2020-06-01,0.3618151088695084
BOL,Bolivia,2020-07-01,0.1368413159523634
BOL,Bolivia,2020-08-01,0.5435368847318084
BOL,Bolivia,2020-09-01,-1.002061897972188
BOL,Bolivia,2020-10-01,0.2683277431720172
BOL,Bolivia,2020-11-01,-0.2676096721781516
BOL,Bolivia,2020-12-01,0.2204120747484427
BOL,Bolivia,2021-01-01,0.4685408299866131
BOL,Bolivia,2021-02-01,0.1617968973065575
BOL,Bolivia,2021-03-01,-0.1140250855188141
BOL,Bolivia,2021-04-01,-0.06802584864916286
BOL,Bolivia,2021-05-01,-0.1647910577072841
BOL,Bolivia,2021-06-01,0.01304995062482091
BOL,Bolivia,2021-07-01,0.1486745102407464
BOL,Bolivia,2021-08-01,0.5215659418347127
BOL,Bolivia,2021-09-01,-0.1958218879820804
BOL,Bolivia,2021-10-01,-0.2254508051008087
BOL,Bolivia,2021-11-01,0.1940450139063591
BOL,Bolivia,2021-12-01,0.1618017362242737
BOL,Bolivia,2022-01-01,0.3084100152764898
BOL,Bolivia,2022-02-01,0.1234194493037694
BOL,Bolivia,2022-03-01,-0.04697569500691215
BOL,Bolivia,2022-04-01,0.02765117179587692
BOL,Bolivia,2022-05-01,0.3776782247789865
BOL,Bolivia,2022-06-01,0.3855375574124419
BOL,Bolivia,2022-07-01,0.3913913983391534
BOL,Bolivia,2022-08-01,0.03784982359418412
BOL,Bolivia,2022-09-01,0.1444835031236083
BOL,Bolivia,2022-10-01,0.7467908620935703
BOL,Bolivia,2022-11-01,0.4703017291080234
BOL,Bolivia,2022-12-01,0.1153979318683313
BOL,Bolivia,2023-01-01,0.3295088411129315
BOL,Bolivia,2023-02-01,-0.438806774540938
BOL,Bolivia,2023-03-01,-0.07659070996791698
BOL,Bolivia,2023-04-01,0.1841851821724021
BOL,Bolivia,2023-05-01,0.5744918387635265
BOL,Bolivia,2023-06-01,0.2182102599658008
BOL,Bolivia,2023-07-01,0.3675360281114196
BOL,Bolivia,2023-08-01,0.3862008492940974
BOL,Bolivia,2023-09-01,-0.06022967007409386
BOL,Bolivia,2023-10-01,-0.00982461346081044
BOL,Bolivia,2023-11-01,5.156830903190722e-4
BOL,Bolivia,2023-12-01,0.6248302091822874
BOL,Bolivia,2024-01-01,0.08099352051835854
BOL,Bolivia,2024-02-01,0.1978239366963403
BOL,Bolivia,2024-03-01,0.457686439917437
BOL,Bolivia,2024-04-01,0.5714319596212257
BOL,Bolivia,2024-05-01,0.6298785023039302
BOL,Bolivia,2024-06-01,0.5351401296848198
BOL,Bolivia,2024-07-01,0.4732252519901159
BOL,Bolivia,2024-08-01,1.582837450654373
BOL,Bolivia,2024-09-01,0.8795699276974013
BOL,Bolivia,2024-10-01,1.644621044024923
BOL,Bolivia,2024-11-01,1.448396794293932
BOL,Bolivia,2024-12-01,1.061802682656232
ITA,Italy,2019-01-01,0.09775171065493646
ITA,Italy,2019-02-01,0.09765625
ITA,Italy,2019-03-01,0.2926829268292683
ITA,Italy,2019-04-01,0.1945525291828794
ITA,Italy,2019-05-01,0
ITA,Italy,2019-06-01,0.0970873786407767
ITA,Italy,2019-07-01,0
ITA,Italy,2019-08-01,0.3879728419010669
ITA,Italy,2019-09-01,-0.5797101449275363
ITA,Italy,2019-10-01,-0.09718172983479106
ITA,Italy,2019-11-01,-0.1945525291828794
ITA,Italy,2019-12-01,0.1949317738791423
ITA,Italy,2020-01-01,0.09727626459143968
ITA,Italy,2020-02-01,-0.09718172983479106
ITA,Italy,2020-03-01,0.09727626459143968
ITA,Italy,2020-04-01,0.09718172983479106
ITA,Italy,2020-05-01,-0.1941747572815534
ITA,Italy,2020-06-01,0.09727626459143968
ITA,Italy,2020-07-01,-0.1943634596695821
ITA,Italy,2020-08-01,0.2921129503407984
ITA,Italy,2020-09-01,-0.6796116504854369
ITA,Italy,2020-10-01,0.1955034213098729
ITA,Italy,2020-11-01,-0.0975609756097561
ITA,Italy,2020-12-01,0.1953125
ITA,Italy,2021-01-01,0.6822612085769981
ITA,Italy,2021-02-01,0.0968054211035818
ITA,Italy,2021-03-01,0.2901353965183752
ITA,Italy,2021-04-01,0.3857280617164899
ITA,Italy,2021-05-01,0
ITA,Italy,2021-06-01,0.09606147934678194
ITA,Italy,2021-07-01,0.4798464491362764
ITA,Italy,2021-08-01,0.382043935052531
ITA,Italy,2021-09-01,-0.1902949571836346
ITA,Italy,2021-10-01,0.667302192564347
ITA,Italy,2021-11-01,0.5681818181818182
ITA,Italy,2021-12-01,0.3766478342749529
ITA,Italy,2022-01-01,1.594746716697936
ITA,Italy,2022-02-01,0.9233610341643584
ITA,Italy,2022-03-01,1.0064043915828
ITA,Italy,2022-04-01,-0.09057971014492754
ITA,Italy,2022-05-01,0.8159564823209429
ITA,Italy,2022-06-01,1.169064748201439
ITA,Italy,2022-07-01,0.4444444444444444
ITA,Italy,2022-08-01,0.7964601769911503
ITA,Italy,2022-09-01,0.2633889376646181
ITA,Italy,2022-10-01,3.415061295971979
ITA,Italy,2022-11-01,0.5080440304826418
ITA,Italy,2022-12-01,0.2527379949452401
ITA,Italy,2023-01-01,0.08403361344537814
ITA,Italy,2023-02-01,0.1679261125104954
ITA,Italy,2023-03-01,-0.4191114836546521
ITA,Italy,2023-04-01,0.4208754208754209
ITA,Italy,2023-05-01,0.3352891869237217
ITA,Italy,2023-06-01,0
ITA,Italy,2023-07-01,0
ITA,Italy,2023-08-01,0.3341687552213868
ITA,Italy,2023-09-01,0.1665278934221482
ITA,Italy,2023-10-01,-0.1662510390689942
ITA,Italy,2023-11-01,-0.4995836802664446
ITA,Italy,2023-12-01,0.1673640167364017
ITA,Italy,2024-01-01,0.3341687552213868
ITA,Italy,2024-02-01,0.0832639467110741
ITA,Italy,2024-03-01,0
ITA,Italy,2024-04-01,0.08319467554076539
ITA,Italy,2024-05-01,0.2493765586034913
ITA,Italy,2024-06-01,0.08291873963515756
ITA,Italy,2024-07-01,0.4142502071251036
ITA,Italy,2024-08-01,0.165016501650165
ITA,Italy,2024-09-01,-0.1647446457990115
ITA,Italy,2024-10-01,0
ITA,Italy,2024-11-01,-0.08250825082508251
ITA,Italy,2024-12-01,0.08257638315441784
BLZ,Belize,2019-01-01,-0.1875502366028371
BLZ,Belize,2019-02-01,0.2323439890662168
BLZ,Belize,2019-03-01,0.132372712282705
BLZ,Belize,2019-04-01,0.1560228986824251
BLZ,Belize,2019-05-01,-0.2158672021303152
BLZ,Belize,2019-06-01,0.00843764826166538
BLZ,Belize,2019-07-01,0.08698758181962157
BLZ,Belize,2019-08-01,0.1159989530363323
BLZ,Belize,2019-09-01,-0.07621044539665375
BLZ,Belize,2019-10-01,0.03673173915100339
BLZ,Belize,2019-11-01,-0.1486085788916638
BLZ,Belize,2019-12-01,0.02393304470216834
BLZ,Belize,2020-01-01,-0.1244445081444342
BLZ,Belize,2020-02-01,0.4440455041780003
BLZ,Belize,2020-03-01,-0.1375015893415095
BLZ,Belize,2020-04-01,-0.03609523222117179
BLZ,Belize,2020-05-01,-0.1952029378656149
BLZ,Belize,2020-06-01,0.1817509815971782
BLZ,Belize,2020-07-01,0.08871507910769443
BLZ,Belize,2020-08-01,0
BLZ,Belize,2020-09-01,0.1476650070320928
BLZ,Belize,2020-10-01,-0.7191135111169197
BLZ,Belize,2020-11-01,0.405069235988
BLZ,Belize,2020-12-01,0.3312899872467548
BLZ,Belize,2021-01-01,0.5353681831761317
BLZ,Belize,2021-02-01,0.7165616859442613
BLZ,Belize,2021-03-01,0.02176107054842553
BLZ,Belize,2021-04-01,0.9270762581602664
BLZ,Belize,2021-05-01,0.09394635567801143
BLZ,Belize,2021-06-01,0.4239655440518014
BLZ,Belize,2021-07-01,0.3564372933174408
BLZ,Belize,2021-08-01,0.600406855579256
BLZ,Belize,2021-09-01,0.05785240567562155
BLZ,Belize,2021-10-01,0.614844031498181
BLZ,Belize,2021-11-01,0.864709126436665
BLZ,Belize,2021-12-01,-0.4049781528251589
BLZ,Belize,2022-01-01,-0.237018423632224
BLZ,Belize,2022-02-01,1.138045582530081
BLZ,Belize,2022-03-01,1.130027971738299
BLZ,Belize,2022-04-01,0.9954397725336585
BLZ,Belize,2022-05-01,0.8960854119317334
BLZ,Belize,2022-06-01,0.5400267349825053
BLZ,Belize,2022-07-01,0.8941127862837477
BLZ,Belize,2022-08-01,0.6526784350037902
BLZ,Belize,2022-09-01,-0.1571161507944484
BLZ,Belize,2022-10-01,0.2500623430222637
BLZ,Belize,2022-11-01,0.5947253015219591
BLZ,Belize,2022-12-01,-0.1455254889307464
BLZ,Belize,2023-01-01,-0.348089941697695
BLZ,Belize,2023-02-01,1.003589086686234
BLZ,Belize,2023-03-01,0.5432834063012084
BLZ,Belize,2023-04-01,-0.4163599794313865
BLZ,Belize,2023-05-01,0.1961721417757914
BLZ,Belize,2023-06-01,0.1755926251097454
BLZ,Belize,2023-07-01,0.4382120946538124
BLZ,Belize,2023-08-01,1.221640488656195
BLZ,Belize,2023-09-01,0.603448275862069
BLZ,Belize,2023-10-01,0.4284490145672665
BLZ,Belize,2023-11-01,0.4266211604095563
BLZ,Belize,2023-12-01,-0.594732370433305
BLZ,Belize,2024-01-01,0.2564102564102564
BLZ,Belize,2024-02-01,0.5967604433077579
BLZ,Belize,2024-03-01,0
BLZ,Belize,2024-04-01,0.08474576271186442
BLZ,Belize,2024-05-01,0.3386960203217612
BLZ,Belize,2024-06-01,-0.08438818565400844
BLZ,Belize,2024-07-01,0.4222972972972973
BLZ,Belize,2024-08-01,0.6728343145500421
BLZ,Belize,2024-09-01,0
BLZ,Belize,2024-10-01,0
BLZ,Belize,2024-11-01,0.3341687552213868
BLZ,Belize,2024-12-01,-0.0832639467110741
MSR,"Montserrat, United Kingdom-British Overseas Territory",2019-01-01,-2.218700475435816
MSR,"Montserrat, United Kingdom-British Overseas Territory",2019-02-01,-0.1823338735818476
MSR,"Montserrat, United Kingdom-British Overseas Territory",2019-03-01,-0.1014816318246397
MSR,"Montserrat, United Kingdom-British Overseas Territory",2019-04-01,2.20438845997562
MSR,"Montserrat, United Kingdom-British Overseas Territory",2019-05-01,-1.10327005267866
MSR,"Montserrat, United Kingdom-British Overseas Territory",2019-06-01,0.984924623115578
MSR,"Montserrat, United Kingdom-British Overseas Territory",2019-07-01,-0.9753184713375797
MSR,"Montserrat, United Kingdom-British Overseas Territory",2019-08-01,0.4824120603015075
MSR,"Montserrat, United Kingdom-British Overseas Territory",2019-09-01,-0.07001400280056011
MSR,"Montserrat, United Kingdom-British Overseas Territory",2019-10-01,0
MSR,"Montserrat, United Kingdom-British Overseas Territory",2019-11-01,0.3903513161845661
MSR,"Montserrat, United Kingdom-British Overseas Territory",2019-12-01,0.06979062811565304
MSR,"Montserrat, United Kingdom-British Overseas Territory",2020-01-01,-3.820414072653582
MSR,"Montserrat, United Kingdom-British Overseas Territory",2020-02-01,2.723174895735504
MSR,"Montserrat, United Kingdom-British Overseas Territory",2020-03-01,-0.2492495517444133
MSR,"Montserrat, United Kingdom-British Overseas Territory",2020-04-01,-0.5270304247408246
MSR,"Montserrat, United Kingdom-British Overseas Territory",2020-05-01,-1.730529834037967
MSR,"Montserrat, United Kingdom-British Overseas Territory",2020-06-01,1.12047072543336
MSR,"Montserrat, United Kingdom-British Overseas Territory",2020-07-01,-0.2883569703908297
MSR,"Montserrat, United Kingdom-British Overseas Territory",2020-08-01,0.9481591279360182
MSR,"Montserrat, United Kingdom-British Overseas Territory",2020-09-01,-0.3990835349917189
MSR,"Montserrat, United Kingdom-British Overseas Territory",2020-10-01,-0.829807832558337
MSR,"Montserrat, United Kingdom-British Overseas Territory",2020-11-01,0.3942787385979655
MSR,"Montserrat, United Kingdom-British Overseas Territory",2020-12-01,-0.2282575998179579
MSR,"Montserrat, United Kingdom-British Overseas Territory",2021-01-01,0.6950446578276606
MSR,"Montserrat, United Kingdom-British Overseas Territory",2021-02-01,-0.6017338092809791
MSR,"Montserrat, United Kingdom-British Overseas Territory",2021-03-01,-0.4104247896572953
MSR,"Montserrat, United Kingdom-British Overseas Territory",2021-04-01,3.276323923346384
MSR,"Montserrat, United Kingdom-British Overseas Territory",2021-05-01,0.4688747007182761
MSR,"Montserrat, United Kingdom-British Overseas Territory",2021-06-01,0.4269685234832688
MSR,"Montserrat, United Kingdom-British Overseas Territory",2021-07-01,-0.3460549733043306
MSR,"Montserrat, United Kingdom-British Overseas Territory",2021-08-01,0.2678837186228793
MSR,"Montserrat, United Kingdom-British Overseas Territory",2021-09-01,0.3661191371462498
MSR,"Montserrat, United Kingdom-British Overseas Territory",2021-10-01,0.1281672089125505
MSR,"Montserrat, United Kingdom-British Overseas Territory",2021-11-01,0.7483261126427727
MSR,"Montserrat, United Kingdom-British Overseas Territory",2021-12-01,0.07818608287724785
MSR,"Montserrat, United Kingdom-British Overseas Territory",2022-01-01,1.025390625
MSR,"Montserrat, United Kingdom-British Overseas Territory",2022-02-01,-0.1643305944900918
MSR,"Montserrat, United Kingdom-British Overseas Territory",2022-03-01,-0.1355538342370256
MSR,"Montserrat, United Kingdom-British Overseas Territory",2022-04-01,1.318596082993989
MSR,"Montserrat, United Kingdom-British Overseas Territory",2022-05-01,0.1339712918660287
MSR,"Montserrat, United Kingdom-British Overseas Territory",2022-06-01,0.8696483180428135
MSR,"Montserrat, United Kingdom-British Overseas Territory",2022-07-01,0.255802936996684
MSR,"Montserrat, United Kingdom-British Overseas Territory",2022-08-01,0.8032508032508033
MSR,"Montserrat, United Kingdom-British Overseas Territory",2022-09-01,-6.890409674697666
MSR,"Montserrat, United Kingdom-British Overseas Territory",2022-10-01,1.812323801852598
MSR,"Montserrat, United Kingdom-British Overseas Territory",2022-11-01,0.3560126582278481
MSR,"Montserrat, United Kingdom-British Overseas Territory",2022-12-01,-0.3350413874655104
MSR,"Montserrat, United Kingdom-British Overseas Territory",2023-01-01,3.430887878188649
MSR,"Montserrat, United Kingdom-British Overseas Territory",2023-02-01,-0.8794570308765892
MSR,"Montserrat, United Kingdom-British Overseas Territory",2023-03-01,-1.099430996238789
MSR,"Montserrat, United Kingdom-British Overseas Territory",2023-04-01,0.4388103364212579
MSR,"Montserrat, United Kingdom-British Overseas Territory",2023-05-01,-0.8058252427184466
MSR,"Montserrat, United Kingdom-British Overseas Territory",2023-06-01,0.0978760888714887
MSR,"Montserrat, United Kingdom-British Overseas Territory",2023-07-01,-1.544930087024543
MSR,"Montserrat, United Kingdom-British Overseas Territory",2023-08-01,-0.4171218591717152
MSR,"Montserrat, United Kingdom-British Overseas Territory",2023-09-01,0.7280343073701007
MSR,"Montserrat, United Kingdom-British Overseas Territory",2023-10-01,1.01980198019802
MSR,"Montserrat, United Kingdom-British Overseas Territory",2023-11-01,0.07840831128099579
MSR,"Montserrat, United Kingdom-British Overseas Territory",2023-12-01,0.09793360101850944
MSR,"Montserrat, United Kingdom-British Overseas Territory",2024-01-01,1.878485471088935
MSR,"Montserrat, United Kingdom-British Overseas Territory",2024-02-01,-0.6914433880726016
MSR,"Montserrat, United Kingdom-British Overseas Territory",2024-03-01,0.5221932114882507
MSR,"Montserrat, United Kingdom-British Overseas Territory",2024-04-01,1.115921115921116
MSR,"Montserrat, United Kingdom-British Overseas Territory",2024-05-01,-0.504233659975264
MSR,"Montserrat, United Kingdom-British Overseas Territory",2024-06-01,0.5259131765155862
MSR,"Montserrat, United Kingdom-British Overseas Territory",2024-07-01,0.7229144868258347
MSR,"Montserrat, United Kingdom-British Overseas Territory",2024-08-01,0.1605439607139484
MSR,"Montserrat, United Kingdom-British Overseas Territory",2024-09-01,0.1602866302093155
MSR,"Montserrat, United Kingdom-British Overseas Territory",2024-10-01,0.1694436599830556
MSR,"Montserrat, United Kingdom-British Overseas Territory",2024-11-01,0.1691570341133352
MSR,"Montserrat, United Kingdom-British Overseas Territory",2024-12-01,0.1688713763017169
SAU,Saudi Arabia,2019-01-01,-1.052765745411786
SAU,Saudi Arabia,2019-02-01,-0.1740733155846815
SAU,Saudi Arabia,2019-03-01,-0.1025746230382603
SAU,Saudi Arabia,2019-04-01,0.05133997330321388
SAU,Saudi Arabia,2019-05-01,0.03078817733990148
SAU,Saudi Arabia,2019-06-01,0.2257104750179542
SAU,Saudi Arabia,2019-07-01,0.2763844815231856
SAU,Saudi Arabia,2019-08-01,0.1939567170273581
SAU,Saudi Arabia,2019-09-01,0.2343352012226184
SAU,Saudi Arabia,2019-10-01,0.0541268550518398
SAU,Saudi Arabia,2019-11-01,-0.1387742454912339
SAU,Saudi Arabia,2019-12-01,0.2272203579674384
SAU,Saudi Arabia,2020-01-01,-0.1522533495736906
SAU,Saudi Arabia,2020-02-01,0.3253024296025211
SAU,Saudi Arabia,2020-03-01,0.1418583443104671
SAU,Saudi Arabia,2020-04-01,-0.1214206212688455
SAU,Saudi Arabia,2020-05-01,-0.2127444027960693
SAU,Saudi Arabia,2020-06-01,-0.3045685279187817
SAU,Saudi Arabia,2020-07-01,5.865580448065173
SAU,Saudi Arabia,2020-08-01,0.2308580223162755
SAU,Saudi Arabia,2020-09-01,-0.163147792706334
SAU,Saudi Arabia,2020-10-01,0.06728828222628087
SAU,Saudi Arabia,2020-11-01,-0.09606147934678194
SAU,Saudi Arabia,2020-12-01,-0.2211538461538462
SAU,Saudi Arabia,2021-01-01,0.2216440204297967
SAU,Saudi Arabia,2021-02-01,-0.125
SAU,Saudi Arabia,2021-03-01,-0.1444112833349379
SAU,Saudi Arabia,2021-04-01,0.1735441573467027
SAU,Saudi Arabia,2021-05-01,0.1828681424446583
SAU,Saudi Arabia,2021-06-01,0.1537131328657892
SAU,Saudi Arabia,2021-07-01,0.1534772182254197
SAU,Saudi Arabia,2021-08-01,0.06704338664878844
SAU,Saudi Arabia,2021-09-01,0.2009954058192956
SAU,Saudi Arabia,2021-10-01,0.2483522781545515
SAU,Saudi Arabia,2021-11-01,0.2096236303001429
SAU,Saudi Arabia,2021-12-01,-0.1045925644195113
SAU,Saudi Arabia,2022-01-01,0.1522939272796497
SAU,Saudi Arabia,2022-02-01,0.3136285877209656
SAU,Saudi Arabia,2022-03-01,0.2747513027001421
SAU,Saudi Arabia,2022-04-01,0.4251700680272109
SAU,Saudi Arabia,2022-05-01,0.1223068962273027
SAU,Saudi Arabia,2022-06-01,0.225521518511558
SAU,Saudi Arabia,2022-07-01,0.5062816426026627
SAU,Saudi Arabia,2022-08-01,0.3824626865671642
SAU,Saudi Arabia,2022-09-01,0.2694916829290958
SAU,Saudi Arabia,2022-10-01,0.1946246524559778
SAU,Saudi Arabia,2022-11-01,0.1294977337896587
SAU,Saudi Arabia,2022-12-01,0.2586605080831409
SAU,Saudi Arabia,2023-01-01,0.2027089284068921
SAU,Saudi Arabia,2023-02-01,-0.0735632183908046
SAU,Saudi Arabia,2023-03-01,0.06441520198766909
SAU,Saudi Arabia,2023-04-01,0.3862424130954571
SAU,Saudi Arabia,2023-05-01,0.192378160498351
SAU,Saudi Arabia,2023-06-01,0.1920087775441163
SAU,Saudi Arabia,2023-07-01,0.09125752874612156
SAU,Saudi Arabia,2023-08-01,0.02735229759299781
SAU,Saudi Arabia,2023-09-01,0.00911493938565308
SAU,Saudi Arabia,2023-10-01,0.1275975209624499
SAU,Saudi Arabia,2023-11-01,0.1820498816675769
SAU,Saudi Arabia,2023-12-01,0.08177357804833726
SAU,Saudi Arabia,2024-01-01,0.2632773490694507
SAU,Saudi Arabia,2024-02-01,0.1810938065918146
SAU,Saudi Arabia,2024-03-01,-0.09942154736080984
SAU,Saudi Arabia,2024-04-01,0.3257034289333213
SAU,Saudi Arabia,2024-05-01,0.1623230228154027
SAU,Saudi Arabia,2024-06-01,0.1350499684883407
SAU,Saudi Arabia,2024-07-01,0.1258766408919259
SAU,Saudi Arabia,2024-08-01,0.07183908045977011
SAU,Saudi Arabia,2024-09-01,0.1256281407035176
SAU,Saudi Arabia,2024-10-01,0.3136762860727729
SAU,Saudi Arabia,2024-11-01,0.2769588135441794
SAU,Saudi Arabia,2024-12-01,0.03563791874554526
BGD,Bangladesh,2019-01-01,1.336535854027034
BGD,Bangladesh,2019-02-01,-0.0841042893187572
BGD,Bangladesh,2019-03-01,0.417049280685647
BGD,Bangladesh,2019-04-01,0.106686987997711
BGD,Bangladesh,2019-05-01,-1.179918547558324
BGD,Bangladesh,2019-06-01,0.3119824365443068
BGD,Bangladesh,2019-07-01,1.247888189218252
BGD,Bangladesh,2019-08-01,1.240092532898475
BGD,Bangladesh,2019-09-01,1.850464489062039
BGD,Bangladesh,2019-10-01,0.5148951820522225
BGD,Bangladesh,2019-11-01,0.1097694840834243
BGD,Bangladesh,2019-12-01,-0.2302631578947447
BGD,Bangladesh,2020-01-01,1.168626589002465
BGD,Bangladesh,2020-02-01,-0.19191772885284691
BGD,Bangladesh,2020-03-01,0.4353662518593746
BGD,Bangladesh,2020-04-01,0.5635227395874765
BGD,Bangladesh,2020-05-01,-1.745752361794603
BGD,Bangladesh,2020-06-01,0.9468796841297114
BGD,Bangladesh,2020-07-01,0.7786469650876392
BGD,Bangladesh,2020-08-01,1.379954720235751
BGD,Bangladesh,2020-09-01,2.130374676544606
BGD,Bangladesh,2020-10-01,0.9683465222823818
BGD,Bangladesh,2020-11-01,-0.7562476367261315
BGD,Bangladesh,2020-12-01,-0.4502788265041129
BGD,Bangladesh,2021-01-01,0.9115897150412386
BGD,Bangladesh,2021-02-01,0.09309381788089992
BGD,Bangladesh,2021-03-01,0.5718222528418913
BGD,Bangladesh,2021-04-01,0.6576243321002866
BGD,Bangladesh,2021-05-01,-2.028038655233425
BGD,Bangladesh,2021-06-01,1.312864684634623
BGD,Bangladesh,2021-07-01,0.5107987658553325
BGD,Bangladesh,2021-08-01,1.548483918278246
BGD,Bangladesh,2021-09-01,2.179827360360051
BGD,Bangladesh,2021-10-01,1.074880021037414
BGD,Bangladesh,2021-11-01,-0.4943250186997947
BGD,Bangladesh,2021-12-01,-0.3791221361571437
BGD,Bangladesh,2022-01-01,0.7250418293363105
BGD,Bangladesh,2022-02-01,0.3875968992248083
BGD,Bangladesh,2022-03-01,0.6197073423964309
BGD,Bangladesh,2022-04-01,0.7287501612278843
BGD,Bangladesh,2022-05-01,-0.9923810743324994
BGD,Bangladesh,2022-06-01,1.448525607863365
BGD,Bangladesh,2022-07-01,0.4366394696583473
BGD,Bangladesh,2022-08-01,3.468409862596439
BGD,Bangladesh,2022-09-01,1.784947555664528
BGD,Bangladesh,2022-10-01,0.9069543208389238
BGD,Bangladesh,2022-11-01,-0.543462032309143
BGD,Bangladesh,2022-12-01,-0.5164079622901809
BGD,Bangladesh,2023-01-01,0.6005734118001376
BGD,Bangladesh,2023-02-01,0.5849883002340112
BGD,Bangladesh,2023-03-01,1.127382266098025
BGD,Bangladesh,2023-04-01,1.127367897319316
BGD,Bangladesh,2023-05-01,-0.3499327052489906
BGD,Bangladesh,2023-06-01,1.2605798667387
BGD,Bangladesh,2023-07-01,0.3823581717944158
BGD,Bangladesh,2023-08-01,3.693861280892905
BGD,Bangladesh,2023-09-01,1.512045105074321
BGD,Bangladesh,2023-10-01,1.186569048220146
BGD,Bangladesh,2023-11-01,-0.9481037924151696
BGD,Bangladesh,2023-12-01,-0.5877413937867338
BGD,Bangladesh,2024-01-01,1.013513513513514
BGD,Bangladesh,2024-02-01,0.4096989966555184
BGD,Bangladesh,2024-03-01,1.257390290615372
BGD,Bangladesh,2024-04-01,0.5756578947368421
BGD,Bangladesh,2024-05-01,-0.2125919869174162
BGD,Bangladesh,2024-06-01,1.098000655522779
BGD,Bangladesh,2024-07-01,2.172151077970498
BGD,Bangladesh,2024-08-01,2.60193558622878
BGD,Bangladesh,2024-09-01,0.9819081490644812
BGD,Bangladesh,2024-10-01,2.074879411989894
BGD,Bangladesh,2024-11-01,-0.495049504950495
BGD,Bangladesh,2024-12-01,-1.02517714458013
IND,India,2019-01-01,-0.3568879371877231
IND,India,2019-02-01,0.2148997134670487
IND,India,2019-03-01,0.357398141529664
IND,India,2019-04-01,0.5698005698005698
IND,India,2019-05-01,0.56657223796034
IND,India,2019-06-01,0.6338028169014085
IND,India,2019-07-01,0.9097270818754374
IND,India,2019-08-01,0.5547850208044383
IND,India,2019-09-01,0.5517241379310345
IND,India,2019-10-01,0.9602194787379972
IND,India,2019-11-01,0.9510869565217392
IND,India,2019-12-01,1.211305518169583
IND,India,2020-01-01,-0.1329787234042553
IND,India,2020-02-01,-0.7323568575233023
IND,India,2020-03-01,-0.335345405767941
IND,India,2020-04-01,1.884253028263795
IND,India,2020-05-01,-0.3302509907529723
IND,India,2020-06-01,0.5964214711729622
IND,India,2020-07-01,1.383399209486166
IND,India,2020-08-01,0.5198180636777128
IND,India,2020-09-01,1.098901098901099
IND,India,2020-10-01,1.278772378516624
IND,India,2020-11-01,0.3156565656565657
IND,India,2020-12-01,-1.006922592825677
IND,India,2021-01-01,-0.6357279084551812
IND,India,2021-02-01,0.1919385796545106
IND,India,2021-03-01,0.1277139208173691
IND,India,2021-04-01,0.6377551020408163
IND,India,2021-05-01,1.64765525982256
IND,India,2021-06-01,0.5610972568578554
IND,India,2021-07-01,0.7439553626782393
IND,India,2021-08-01,0.2461538461538462
IND,India,2021-09-01,0.1841620626151013
IND,India,2021-10-01,1.409313725490196
IND,India,2021-11-01,0.7250755287009063
IND,India,2021-12-01,-0.3599280143971206
IND,India,2022-01-01,-0.2408187838651415
IND,India,2022-02-01,0.2414001207000604
IND,India,2022-03-01,0.963275135460566
IND,India,2022-04-01,1.431127012522361
IND,India,2022-05-01,0.940623162845385
IND,India,2022-06-01,0.5241700640652301
IND,India,2022-07-01,0.4634994206257242
IND,India,2022-08-01,0.5190311418685121
IND,India,2022-09-01,0.5737234652897303
IND,India,2022-10-01,0.7986309184255562
IND,India,2022-11-01,-0.1131861912846633
IND,India,2022-12-01,-0.453257790368272
IND,India,2023-01-01,0.4553215708594195
IND,India,2023-02-01,0.169971671388102
IND,India,2023-03-01,0.2262443438914027
IND,India,2023-04-01,0.5079006772009029
IND,India,2023-05-01,0.5053340819764177
IND,India,2023-06-01,1.11731843575419
IND,India,2023-07-01,2.92817679558011
IND,India,2023-08-01,-0.05367686527106817
IND,India,2023-09-01,-1.12781954887218
IND,India,2023-10-01,0.6518196632265073
IND,India,2023-11-01,0.5396654074473826
IND,India,2023-12-01,-0.322061191626409
IND,India,2024-01-01,-0.1077005923532579
IND,India,2024-02-01,0.1617250673854447
IND,India,2024-03-01,0
IND,India,2024-04-01,0.4843918191603875
IND,India,2024-05-01,0.5356186395286556
IND,India,2024-06-01,1.3319126265317
IND,India,2024-07-01,1.472134595162986
IND,India,2024-08-01,0
IND,India,2024-09-01,0.6217616580310881
IND,India,2024-10-01,1.338825952626159
IND,India,2024-11-01,-0.1524390243902439
IND,India,2024-12-01,-0.5597964376590331
PAK,Pakistan,2019-01-01,0.9966635298143826
PAK,Pakistan,2019-02-01,0.6352971072805291
PAK,Pakistan,2019-03-01,1.418290475990012
PAK,Pakistan,2019-04-01,1.265665200431555
PAK,Pakistan,2019-05-01,0.7826906527886145
PAK,Pakistan,2019-06-01,0.357810848174374
PAK,Pakistan,2019-07-01,2.285066216821581
PAK,Pakistan,2019-08-01,1.638947198449863
PAK,Pakistan,2019-09-01,0.7705139407419175
PAK,Pakistan,2019-10-01,1.813022229229071
PAK,Pakistan,2019-11-01,1.347166305357696
PAK,Pakistan,2019-12-01,-0.3403888334782277
PAK,Pakistan,2020-01-01,1.97356493789885
PAK,Pakistan,2020-02-01,-1.042056580841195
PAK,Pakistan,2020-03-01,0.03832027358671596
PAK,Pakistan,2020-04-01,-0.8361949805121544
PAK,Pakistan,2020-05-01,0.3169495297256904
PAK,Pakistan,2020-06-01,0.8177956674083439
PAK,Pakistan,2020-07-01,2.500259996005253
PAK,Pakistan,2020-08-01,0.6255793069111409
PAK,Pakistan,2020-09-01,1.536098652472529
PAK,Pakistan,2020-10-01,1.7016535529972
PAK,Pakistan,2020-11-01,0.819646245942858
PAK,Pakistan,2020-12-01,-0.6826801381817038
PAK,Pakistan,2021-01-01,-0.2127700661989235
PAK,Pakistan,2021-02-01,1.803053411039998
PAK,Pakistan,2021-03-01,0.3618634526029332
PAK,Pakistan,2021-04-01,1.032878154653019
PAK,Pakistan,2021-05-01,0.1023413561450065
PAK,Pakistan,2021-06-01,-0.2869919604226066
PAK,Pakistan,2021-07-01,1.333839332061847
PAK,Pakistan,2021-08-01,0.5788354241217208
PAK,Pakistan,2021-09-01,2.124129152110358
PAK,Pakistan,2021-10-01,1.903033827393668
PAK,Pakistan,2021-11-01,2.977173487636787
PAK,Pakistan,2021-12-01,-0.01646071806552281
PAK,Pakistan,2022-01-01,0.3933126088732391
PAK,Pakistan,2022-02-01,1.151699629737789
PAK,Pakistan,2022-03-01,0.793934421210345
PAK,Pakistan,2022-04-01,1.613389271151516
PAK,Pakistan,2022-05-01,0.4444741598475944
PAK,Pakistan,2022-06-01,6.344377775255006
PAK,Pakistan,2022-07-01,4.348315795480847
PAK,Pakistan,2022-08-01,2.449406848089967
PAK,Pakistan,2022-09-01,-1.151076337814972
PAK,Pakistan,2022-10-01,4.705955177328621
PAK,Pakistan,2022-11-01,0.7577525773600347
PAK,Pakistan,2022-12-01,0.4935731332384431
PAK,Pakistan,2023-01-01,2.882139065990948
PAK,Pakistan,2023-02-01,4.319648852504788
PAK,Pakistan,2023-03-01,3.720426228721712
PAK,Pakistan,2023-04-01,2.405886579253424
PAK,Pakistan,2023-05-01,1.582328245939347
PAK,Pakistan,2023-06-01,-0.2583692417035705
PAK,Pakistan,2023-07-01,3.456912014158313
PAK,Pakistan,2023-08-01,1.715984632561434
PAK,Pakistan,2023-09-01,1.99716829023437
PAK,Pakistan,2023-10-01,1.081571939082322
PAK,Pakistan,2023-11-01,2.619725615601713
PAK,Pakistan,2023-12-01,0.8236121540255784
PAK,Pakistan,2024-01-01,1.8349617899201
PAK,Pakistan,2024-02-01,0.03458869905130117
PAK,Pakistan,2024-03-01,1.712106610143825
PAK,Pakistan,2024-04-01,-0.4307718967381835
PAK,Pakistan,2024-05-01,-3.243642404200423
PAK,Pakistan,2024-06-01,0.4565004924764698
PAK,Pakistan,2024-07-01,2.099363802845221
PAK,Pakistan,2024-08-01,0.3860789014163291
PAK,Pakistan,2024-09-01,-0.5199889108971636
PAK,Pakistan,2024-10-01,1.231663436696654
PAK,Pakistan,2024-11-01,0.4875446835425157
PAK,Pakistan,2024-12-01,0.06195003289843662
BWA,Botswana,2019-01-01,0.3
BWA,Botswana,2019-02-01,0.1994017946161515
BWA,Botswana,2019-03-01,0.09950248756218905
BWA,Botswana,2019-04-01,0.5964214711729622
BWA,Botswana,2019-05-01,0.09881422924901186
BWA,Botswana,2019-06-01,0.1974333662388944
BWA,Botswana,2019-07-01,0.1970443349753695
BWA,Botswana,2019-08-01,0
BWA,Botswana,2019-09-01,0.09832841691248773
BWA,Botswana,2019-10-01,0.09823182711198428
BWA,Botswana,2019-11-01,0.09813542688910697
BWA,Botswana,2019-12-01,0.196078431372549
BWA,Botswana,2020-01-01,0.3913894324853229
BWA,Botswana,2020-02-01,0.09746588693957114
BWA,Botswana,2020-03-01,0.0973709834469328
BWA,Botswana,2020-04-01,0.8754863813229572
BWA,Botswana,2020-05-01,0
BWA,Botswana,2020-06-01,-1.253616200578592
BWA,Botswana,2020-07-01,0.1953125
BWA,Botswana,2020-08-01,0.1949317738791423
BWA,Botswana,2020-09-01,0.7782101167315175
BWA,Botswana,2020-10-01,0.4826254826254826
BWA,Botswana,2020-11-01,0.1921229586935639
BWA,Botswana,2020-12-01,0.09587727708533078
BWA,Botswana,2021-01-01,0.4789272030651341
BWA,Botswana,2021-02-01,0.2859866539561487
BWA,Botswana,2021-03-01,3.187642585551331
BWA,Botswana,2021-04-01,2.936527091735496
BWA,Botswana,2021-05-01,0.518699028378994
BWA,Botswana,2021-06-01,-1.33296890065678
BWA,Botswana,2021-07-01,0.7964917188141504
BWA,Botswana,2021-08-01,0.0919376005987134
BWA,Botswana,2021-09-01,0.4542572192374668
BWA,Botswana,2021-10-01,0.8956807886264566
BWA,Botswana,2021-11-01,-0.02011951699040264
BWA,Botswana,2021-12-01,0.1526919682259488
BWA,Botswana,2022-01-01,2.214447489711209
BWA,Botswana,2022-02-01,0.3076238643006299
BWA,Botswana,2022-03-01,0.2212431216080782
BWA,Botswana,2022-04-01,3.001715265866209
BWA,Botswana,2022-05-01,2.575353871773522
BWA,Botswana,2022-06-01,1.343339313110323
BWA,Botswana,2022-07-01,2.30208117237054
BWA,Botswana,2022-08-01,0.3206182176915488
BWA,Botswana,2022-09-01,-0.2559870133417622
BWA,Botswana,2022-10-01,0.2447507306137938
BWA,Botswana,2022-11-01,0
BWA,Botswana,2022-12-01,-0.4051006780557977
BWA,Botswana,2023-01-01,-0.6250132252014737
BWA,Botswana,2023-02-01,0.07902220665963196
BWA,Botswana,2023-03-01,1.044838455476753
BWA,Botswana,2023-04-01,1.121068364503583
BWA,Botswana,2023-05-01,0.4138407599985809
BWA,Botswana,2023-06-01,0.2661290322580645
BWA,Botswana,2023-07-01,-0.6777661599506689
BWA,Botswana,2023-08-01,0.05167293040273265
BWA,Botswana,2023-09-01,1.686211300968868
BWA,Botswana,2023-10-01,0.08596366481144849
BWA,Botswana,2023-11-01,-0.02862994358840745
BWA,Botswana,2023-12-01,0.1003092616359501
BWA,Botswana,2024-01-01,-0.2811748339819655
BWA,Botswana,2024-02-01,0.07908756329092308
BWA,Botswana,2024-03-01,0.1024595603263841
BWA,Botswana,2024-04-01,1.307200436390084
BWA,Botswana,2024-05-01,0.3246398748405219
BWA,Botswana,2024-06-01,0.07312627887127612
BWA,Botswana,2024-07-01,0.2033525611994375
BWA,Botswana,2024-08-01,0.2317082780142519
BWA,Botswana,2024-09-01,-0.6971519858077655
BWA,Botswana,2024-10-01,0.1582591641317069
BWA,Botswana,2024-11-01,0.1442886309506943
BWA,Botswana,2024-12-01,0.05301575506125479
AUT,Austria,2019-01-01,-0.7525901377710563
AUT,Austria,2019-02-01,0
AUT,Austria,2019-03-01,0.8530918197652106
AUT,Austria,2019-04-01,0.0939726399969753
AUT,Austria,2019-05-01,0.1877992908406341
AUT,Austria,2019-06-01,0.09371856559007376
AUT,Austria,2019-07-01,-0.3745232645289774
AUT,Austria,2019-08-01,0.0939726399969753
AUT,Austria,2019-09-01,0.4694931500729061
AUT,Austria,2019-10-01,0.1869115996263385
AUT,Austria,2019-11-01,0.1865729796930519
AUT,Austria,2019-12-01,0.6517641936681104
AUT,Austria,2020-01-01,-0.4625340978344249
AUT,Austria,2020-02-01,0.1005025125628141
AUT,Austria,2020-03-01,0.3012048192771084
AUT,Austria,2020-04-01,0
AUT,Austria,2020-05-01,-0.6006006006006006
AUT,Austria,2020-06-01,0.5035246727089627
AUT,Austria,2020-07-01,0.2004008016032064
AUT,Austria,2020-08-01,-0.2
AUT,Austria,2020-09-01,0.4008016032064128
AUT,Austria,2020-10-01,0.1996007984031936
AUT,Austria,2020-11-01,0.09960159362549802
AUT,Austria,2020-12-01,0.5970149253731343
AUT,Austria,2021-01-01,-0.791295746785361
AUT,Austria,2021-02-01,0.4985044865403789
AUT,Austria,2021-03-01,1.091269841269841
AUT,Austria,2021-04-01,-0.09813542688910697
AUT,Austria,2021-05-01,0.2946954813359528
AUT,Austria,2021-06-01,0.4897159647404505
AUT,Austria,2021-07-01,0.2923976608187135
AUT,Austria,2021-08-01,0.09718172983479106
AUT,Austria,2021-09-01,0.4854368932038835
AUT,Austria,2021-10-01,0.5797101449275363
AUT,Austria,2021-11-01,0.6724303554274736
AUT,Austria,2021-12-01,0.5725190839694656
AUT,Austria,2022-01-01,-0.09487666034155598
AUT,Austria,2022-02-01,1.234567901234568
AUT,Austria,2022-03-01,2.063789868667917
AUT,Austria,2022-04-01,0.2757352941176471
AUT,Austria,2022-05-01,0.8249312557286893
AUT,Austria,2022-06-01,1.363636363636364
AUT,Austria,2022-07-01,0.9865470852017936
AUT,Austria,2022-08-01,0
AUT,Austria,2022-09-01,1.687388987566607
AUT,Austria,2022-10-01,0.960698689956332
AUT,Austria,2022-11-01,0.2595155709342561
AUT,Austria,2022-12-01,0.1725625539257981
AUT,Austria,2023-01-01,0.8613264427217916
AUT,Austria,2023-02-01,0.9393680614859096
AUT,Austria,2023-03-01,0.5076142131979695
AUT,Austria,2023-04-01,0.6734006734006734
AUT,Austria,2023-05-01,0.1672240802675585
AUT,Austria,2023-06-01,0.5008347245409015
AUT,Austria,2023-07-01,0.0830564784053156
AUT,Austria,2023-08-01,0.3319502074688797
AUT,Austria,2023-09-01,0.413564929693962
AUT,Austria,2023-10-01,0.3294892915980231
AUT,Austria,2023-11-01,0.2463054187192118
AUT,Austria,2023-12-01,0.4095004095004095
AUT,Austria,2024-01-01,-0.08156606851549755
AUT,Austria,2024-02-01,0.4897959183673469
AUT,Austria,2024-03-01,0.487408610885459
AUT,Austria,2024-04-01,0
AUT,Austria,2024-05-01,0.08084074373484236
AUT,Austria,2024-06-01,0.1615508885298869
AUT,Austria,2024-07-01,0
AUT,Austria,2024-08-01,-0.2419354838709677
AUT,Austria,2024-09-01,-0.08084074373484236
AUT,Austria,2024-10-01,0.3236245954692557
AUT,Austria,2024-11-01,0.3225806451612903
AUT,Austria,2024-12-01,0.5627009646302251
MKD,"North Macedonia, Republic of",2019-01-01,-0.06204023752548081
MKD,"North Macedonia, Republic of",2019-02-01,-0.00886839304717985
MKD,"North Macedonia, Republic of",2019-03-01,0.3902439024390244
MKD,"North Macedonia, Republic of",2019-04-01,0.7774538386783285
MKD,"North Macedonia, Republic of",2019-05-01,0.4821600771456123
MKD,"North Macedonia, Republic of",2019-06-01,-1.108009073460129
MKD,"North Macedonia, Republic of",2019-07-01,0.1852668725187472
MKD,"North Macedonia, Republic of",2019-08-01,0.2994011976047904
MKD,"North Macedonia, Republic of",2019-09-01,-0.6233538191395961
MKD,"North Macedonia, Republic of",2019-10-01,-0.1060164325470448
MKD,"North Macedonia, Republic of",2019-11-01,-0.08844078889183692
MKD,"North Macedonia, Republic of",2019-12-01,0.309816765512968
MKD,"North Macedonia, Republic of",2020-01-01,0.123543946346629
MKD,"North Macedonia, Republic of",2020-02-01,0.09695046712497796
MKD,"North Macedonia, Republic of",2020-03-01,0.1937131284670247
MKD,"North Macedonia, Republic of",2020-04-01,0.1230336584937165
MKD,"North Macedonia, Republic of",2020-05-01,0.3949793732993944
MKD,"North Macedonia, Republic of",2020-06-01,0.8130792096520371
MKD,"North Macedonia, Republic of",2020-07-01,-0.2601682421299107
MKD,"North Macedonia, Republic of",2020-08-01,0.4869141813755326
MKD,"North Macedonia, Republic of",2020-09-01,-0.2076663493986329
MKD,"North Macedonia, Republic of",2020-10-01,0.06936616665221539
MKD,"North Macedonia, Republic of",2020-11-01,0.03465904167749762
MKD,"North Macedonia, Republic of",2020-12-01,0.3637938501515808
MKD,"North Macedonia, Republic of",2021-01-01,-0.2243894019159403
MKD,"North Macedonia, Republic of",2021-02-01,0.06919816624859441
MKD,"North Macedonia, Republic of",2021-03-01,0.4667646296136226
MKD,"North Macedonia, Republic of",2021-04-01,0.688290458573518
MKD,"North Macedonia, Republic of",2021-05-01,0.6579509527471588
MKD,"North Macedonia, Republic of",2021-06-01,0.4923599320882852
MKD,"North Macedonia, Republic of",2021-07-01,0.4899476262882244
MKD,"North Macedonia, Republic of",2021-08-01,0.6136516476126429
MKD,"North Macedonia, Republic of",2021-09-01,-0.1169688361600802
MKD,"North Macedonia, Republic of",2021-10-01,0.4684232538686742
MKD,"North Macedonia, Republic of",2021-11-01,0.7493131296311714
MKD,"North Macedonia, Republic of",2021-12-01,0.4131889926452359
MKD,"North Macedonia, Republic of",2022-01-01,1.473129783556909
MKD,"North Macedonia, Republic of",2022-02-01,0.9651257096512572
MKD,"North Macedonia, Republic of",2022-03-01,1.622620290786409
MKD,"North Macedonia, Republic of",2022-04-01,2.205359260137539
MKD,"North Macedonia, Republic of",2022-05-01,1.956689868522815
MKD,"North Macedonia, Republic of",2022-06-01,2.776302814230448
MKD,"North Macedonia, Republic of",2022-07-01,1.882057716436637
MKD,"North Macedonia, Republic of",2022-08-01,1.246015647638366
MKD,"North Macedonia, Republic of",2022-09-01,1.57412707498569
MKD,"North Macedonia, Republic of",2022-10-01,1.352493660185968
MKD,"North Macedonia, Republic of",2022-11-01,0.5351681957186544
MKD,"North Macedonia, Republic of",2022-12-01,-0.2488765986864846
MKD,"North Macedonia, Republic of",2023-01-01,0.04851341049275764
MKD,"North Macedonia, Republic of",2023-02-01,0.5957328899972291
MKD,"North Macedonia, Republic of",2023-03-01,-0.08951934995179726
MKD,"North Macedonia, Republic of",2023-04-01,0.7099041973947205
MKD,"North Macedonia, Republic of",2023-05-01,0.3900903367095538
MKD,"North Macedonia, Republic of",2023-06-01,0.9475765219169678
MKD,"North Macedonia, Republic of",2023-07-01,1.019719070772555
MKD,"North Macedonia, Republic of",2023-08-01,1.196604051072933
MKD,"North Macedonia, Republic of",2023-09-01,-0.06605892456070815
MKD,"North Macedonia, Republic of",2023-10-01,-1.526969857218403
MKD,"North Macedonia, Republic of",2023-11-01,0.1476807410888098
MKD,"North Macedonia, Republic of",2023-12-01,0.2211944500301629
MKD,"North Macedonia, Republic of",2024-01-01,-0.3477795612627073
MKD,"North Macedonia, Republic of",2024-02-01,0.4026845637583893
MKD,"North Macedonia, Republic of",2024-03-01,0.8890374331550802
MKD,"North Macedonia, Republic of",2024-04-01,0.7089379182402438
MKD,"North Macedonia, Republic of",2024-05-01,0.8486842105263158
MKD,"North Macedonia, Republic of",2024-06-01,-0.2739904755691826
MKD,"North Macedonia, Republic of",2024-07-01,0.7391901615751946
MKD,"North Macedonia, Republic of",2024-08-01,0.5
MKD,"North Macedonia, Republic of",2024-09-01,0.2778316211152032
MKD,"North Macedonia, Republic of",2024-10-01,-0.6958762886597938
MKD,"North Macedonia, Republic of",2024-11-01,0.9602906825849988
MKD,"North Macedonia, Republic of",2024-12-01,0.3020565552699229
SVK,Slovak Republic,2019-01-01,1.06320141760189
SVK,Slovak Republic,2019-02-01,0.233781414377557
SVK,Slovak Republic,2019-03-01,0.5830903790087464
SVK,Slovak Republic,2019-04-01,0.2318840579710145
SVK,Slovak Republic,2019-05-01,0.3470213996529786
SVK,Slovak Republic,2019-06-01,0.05763688760806916
SVK,Slovak Republic,2019-07-01,0.1152073732718894
SVK,Slovak Republic,2019-08-01,0.2301495972382048
SVK,Slovak Republic,2019-09-01,0.1148105625717566
SVK,Slovak Republic,2019-10-01,-0.0573394495412844
SVK,Slovak Republic,2019-11-01,0.1147446930579461
SVK,Slovak Republic,2019-12-01,-0.1146131805157593
SVK,Slovak Republic,2020-01-01,1.147446930579461
SVK,Slovak Republic,2020-02-01,0.1134429948950652
SVK,Slovak Republic,2020-03-01,0
SVK,Slovak Republic,2020-04-01,0
SVK,Slovak Republic,2020-05-01,0.226628895184136
SVK,Slovak Republic,2020-06-01,-0.1130582249858677
SVK,Slovak Republic,2020-07-01,0.1131861912846633
SVK,Slovak Republic,2020-08-01,-0.1130582249858677
SVK,Slovak Republic,2020-09-01,0.05659309564233164
SVK,Slovak Republic,2020-10-01,0.1131221719457014
SVK,Slovak Republic,2020-11-01,0.05649717514124294
SVK,Slovak Republic,2020-12-01,-0.0564652738565782
SVK,Slovak Republic,2021-01-01,0.3389830508474576
SVK,Slovak Republic,2021-02-01,0.2252252252252252
SVK,Slovak Republic,2021-03-01,0.5056179775280899
SVK,Slovak Republic,2021-04-01,0.2235885969815539
SVK,Slovak Republic,2021-05-01,0.8365867261572782
SVK,Slovak Republic,2021-06-01,0.5530973451327434
SVK,Slovak Republic,2021-07-01,0.495049504950495
SVK,Slovak Republic,2021-08-01,0.3831417624521073
SVK,Slovak Republic,2021-09-01,0.8178844056706652
SVK,Slovak Republic,2021-10-01,0.5949161709031909
SVK,Slovak Republic,2021-11-01,0.5376344086021505
SVK,Slovak Republic,2021-12-01,0.160427807486631
SVK,Slovak Republic,2022-01-01,2.7549386011745862
SVK,Slovak Republic,2022-02-01,0.8521251169074093
SVK,Slovak Republic,2022-03-01,1.751674394641937
SVK,Slovak Republic,2022-04-01,1.417721518987342
SVK,Slovak Republic,2022-05-01,1.597603594608088
SVK,Slovak Republic,2022-06-01,1.179361179361179
SVK,Slovak Republic,2022-07-01,0.825643516270034
SVK,Slovak Republic,2022-08-01,0.770712909441233
SVK,Slovak Republic,2022-09-01,0.9082217973231358
SVK,Slovak Republic,2022-10-01,1.231643770724775
SVK,Slovak Republic,2022-11-01,0.9358914365933552
SVK,Slovak Republic,2022-12-01,0.1854427445526194
SVK,Slovak Republic,2023-01-01,2.591392873669597
SVK,Slovak Republic,2023-02-01,1.03743797925124
SVK,Slovak Republic,2023-03-01,1.160714285714286
SVK,Slovak Republic,2023-04-01,0.5736981465136805
SVK,Slovak Republic,2023-05-01,-0.04387889425186485
SVK,Slovak Republic,2023-06-01,0.2194907813871817
SVK,Slovak Republic,2023-07-01,-0.2628120893561104
SVK,Slovak Republic,2023-08-01,0
SVK,Slovak Republic,2023-09-01,0.3074220465524813
SVK,Slovak Republic,2023-10-01,0.1751313485113835
SVK,Slovak Republic,2023-11-01,0.1748251748251748
SVK,Slovak Republic,2023-12-01,-0.1308900523560209
SVK,Slovak Republic,2024-01-01,0.655307994757536
SVK,Slovak Republic,2024-02-01,0.5208333333333333
SVK,Slovak Republic,2024-03-01,0.1295336787564767
SVK,Slovak Republic,2024-04-01,0.301854247520483
SVK,Slovak Republic,2024-05-01,0.1289767841788478
SVK,Slovak Republic,2024-06-01,0
SVK,Slovak Republic,2024-07-01,0.30055817947617
SVK,Slovak Republic,2024-08-01,0.2568493150684932
SVK,Slovak Republic,2024-09-01,0.04269854824935952
SVK,Slovak Republic,2024-10-01,0.6828851899274434
SVK,Slovak Republic,2024-11-01,0.2543450614667232
SVK,Slovak Republic,2024-12-01,-0.4651162790697674
CAN,Canada,2019-01-01,0.1499250374812594
CAN,Canada,2019-02-01,0.6736526946107784
CAN,Canada,2019-03-01,0.6691449814126395
CAN,Canada,2019-04-01,0.4431314623338257
CAN,Canada,2019-05-01,0.4411764705882353
CAN,Canada,2019-06-01,-0.2196193265007321
CAN,Canada,2019-07-01,0.5135730007336757
CAN,Canada,2019-08-01,-0.145985401459854
CAN,Canada,2019-09-01,-0.4385964912280702
CAN,Canada,2019-10-01,0.2936857562408223
CAN,Canada,2019-11-01,-0.1464128843338214
CAN,Canada,2019-12-01,0
CAN,Canada,2020-01-01,0.2932551319648094
CAN,Canada,2020-02-01,0.4385964912280702
CAN,Canada,2020-03-01,-0.5822416302765648
CAN,Canada,2020-04-01,-0.6588579795021962
CAN,Canada,2020-05-01,0.2947678703021371
CAN,Canada,2020-06-01,0.8082292432035268
CAN,Canada,2020-07-01,0
CAN,Canada,2020-08-01,-0.1457725947521866
CAN,Canada,2020-09-01,-0.07299270072992702
CAN,Canada,2020-10-01,0.4382761139517896
CAN,Canada,2020-11-01,0.1454545454545455
CAN,Canada,2020-12-01,-0.2178649237472767
CAN,Canada,2021-01-01,0.5822416302765648
CAN,Canada,2021-02-01,0.5065123010130246
CAN,Canada,2021-03-01,0.503959683225342
CAN,Canada,2021-04-01,0.501432664756447
CAN,Canada,2021-05-01,0.4989308624376336
CAN,Canada,2021-06-01,0.2836879432624113
CAN,Canada,2021-07-01,0.6364922206506365
CAN,Canada,2021-08-01,0.2108222066057625
CAN,Canada,2021-09-01,0.2103786816269285
CAN,Canada,2021-10-01,0.6997900629811057
CAN,Canada,2021-11-01,0.2084781097984712
CAN,Canada,2021-12-01,-0.1386962552011096
CAN,Canada,2022-01-01,0.9027777777777778
CAN,Canada,2022-02-01,1.032346868547832
CAN,Canada,2022-03-01,1.430517711171662
CAN,Canada,2022-04-01,0.6044325050369375
CAN,Canada,2022-05-01,1.401869158878505
CAN,Canada,2022-06-01,0.6583278472679394
CAN,Canada,2022-07-01,0.1308044473512099
CAN,Canada,2022-08-01,-0.3265839320705421
CAN,Canada,2022-09-01,0.0655307994757536
CAN,Canada,2022-10-01,0.7203667321545514
CAN,Canada,2022-11-01,0.1300390117035111
CAN,Canada,2022-12-01,-0.5844155844155844
CAN,Canada,2023-01-01,0.5225342913128674
CAN,Canada,2023-02-01,0.3898635477582846
CAN,Canada,2023-03-01,0.5177993527508091
CAN,Canada,2023-04-01,0.7083065035415325
CAN,Canada,2023-05-01,0.3836317135549872
CAN,Canada,2023-06-01,0.1273885350318471
CAN,Canada,2023-07-01,0.5725190839694656
CAN,Canada,2023-08-01,0.3795066413662239
CAN,Canada,2023-09-01,-0.1260239445494644
CAN,Canada,2023-10-01,0.06309148264984227
CAN,Canada,2023-11-01,0.1261034047919294
CAN,Canada,2023-12-01,-0.3148614609571788
CAN,Canada,2024-01-01,0
CAN,Canada,2024-02-01,0.3158559696778269
CAN,Canada,2024-03-01,0.6297229219143577
CAN,Canada,2024-04-01,0.5006257822277848
CAN,Canada,2024-05-01,0.5603985056039851
CAN,Canada,2024-06-01,-0.06191950464396285
CAN,Canada,2024-07-01,0.4337050805452292
CAN,Canada,2024-08-01,-0.1850709438618137
CAN,Canada,2024-09-01,-0.4326328800988875
CAN,Canada,2024-10-01,0.4345127250155183
CAN,Canada,2024-11-01,0
CAN,Canada,2024-12-01,-0.3708281829419036
NIC,Nicaragua,2019-01-01,-0.2506305839373103
NIC,Nicaragua,2019-02-01,0.2736314096331799
NIC,Nicaragua,2019-03-01,1.818238868163662
NIC,Nicaragua,2019-04-01,0.9626191249254472
NIC,Nicaragua,2019-05-01,0.7665626757848871
NIC,Nicaragua,2019-06-01,0.0853057943949172
NIC,Nicaragua,2019-07-01,0.3510649317367021
NIC,Nicaragua,2019-08-01,-0.03212826554253957
NIC,Nicaragua,2019-09-01,-0.1378744242912236
NIC,Nicaragua,2019-10-01,0.3392282855734045
NIC,Nicaragua,2019-11-01,0.7893403584860458
NIC,Nicaragua,2019-12-01,1.017957517455204
NIC,Nicaragua,2020-01-01,0.01775384117981126
NIC,Nicaragua,2020-02-01,0.2720726407419103
NIC,Nicaragua,2020-03-01,-0.09068873796787262
NIC,Nicaragua,2020-04-01,-0.170784288648709
NIC,Nicaragua,2020-05-01,0.4608307112650271
NIC,Nicaragua,2020-06-01,0.754641804274427
NIC,Nicaragua,2020-07-01,0.1800049610414965
NIC,Nicaragua,2020-08-01,-0.5873603096079593
NIC,Nicaragua,2020-09-01,-0.2001888198867938
NIC,Nicaragua,2020-10-01,0.2257634587940116
NIC,Nicaragua,2020-11-01,0.7434019243699157
NIC,Nicaragua,2020-12-01,1.300939889849487
NIC,Nicaragua,2021-01-01,0.2625621239620874
NIC,Nicaragua,2021-02-01,0.8459700012877505
NIC,Nicaragua,2021-03-01,0.2345700820898618
NIC,Nicaragua,2021-04-01,0.1093828857417275
NIC,Nicaragua,2021-05-01,0.04724268258089505
NIC,Nicaragua,2021-06-01,0.724562181638744
NIC,Nicaragua,2021-07-01,0.3476913355782465
NIC,Nicaragua,2021-08-01,0.2381116697004493
NIC,Nicaragua,2021-09-01,0.6341084184562367
NIC,Nicaragua,2021-10-01,0.7462786383950726
NIC,Nicaragua,2021-11-01,1.394395098485732
NIC,Nicaragua,2021-12-01,1.409109272510288
NIC,Nicaragua,2022-01-01,0.7022729187509135
NIC,Nicaragua,2022-02-01,0.91443459889195
NIC,Nicaragua,2022-03-01,1.153694902635302
NIC,Nicaragua,2022-04-01,1.218384556438326
NIC,Nicaragua,2022-05-01,0.6515567204104797
NIC,Nicaragua,2022-06-01,0.5063134188309353
NIC,Nicaragua,2022-07-01,1.335601283131235
NIC,Nicaragua,2022-08-01,0.8614549606919959
NIC,Nicaragua,2022-09-01,0.06924835237512425
NIC,Nicaragua,2022-10-01,1.326105229982566
NIC,Nicaragua,2022-11-01,0.6834256148001004
NIC,Nicaragua,2022-12-01,1.607061437186274
NIC,Nicaragua,2023-01-01,0.09891152389639636
NIC,Nicaragua,2023-02-01,1.076067204633301
NIC,Nicaragua,2023-03-01,0.5024593372865608
NIC,Nicaragua,2023-04-01,0.4364950315524682
NIC,Nicaragua,2023-05-01,0.5912209191339559
NIC,Nicaragua,2023-06-01,0.8754701001110735
NIC,Nicaragua,2023-07-01,-0.2311172286219554
NIC,Nicaragua,2023-08-01,0.1957129029414656
NIC,Nicaragua,2023-09-01,-0.1986277260379508
NIC,Nicaragua,2023-10-01,0.2240489582423315
NIC,Nicaragua,2023-11-01,0.3431221512223478
NIC,Nicaragua,2023-12-01,1.565794889681876
NIC,Nicaragua,2024-01-01,0.2751484010641906
NIC,Nicaragua,2024-02-01,0.2577664256054772
NIC,Nicaragua,2024-03-01,0.9859189593841
NIC,Nicaragua,2024-04-01,0.4292212704831201
NIC,Nicaragua,2024-05-01,0.616083009079118
NIC,Nicaragua,2024-06-01,0.2578150177247825
NIC,Nicaragua,2024-07-01,0.1607200257152041
NIC,Nicaragua,2024-08-01,-0.4813863928112965
NIC,Nicaragua,2024-09-01,-0.8158658497258949
NIC,Nicaragua,2024-10-01,-0.02601033910979614
NIC,Nicaragua,2024-11-01,0.4495931575010569
NIC,Nicaragua,2024-12-01,0.7044496755285274
LCA,St. Lucia,2019-01-01,0.8185549055401439
LCA,St. Lucia,2019-02-01,0.04867127421395892
LCA,St. Lucia,2019-03-01,-0.4280988519167153
LCA,St. Lucia,2019-04-01,-0.1270275552081298
LCA,St. Lucia,2019-05-01,-0.146756677428823
LCA,St. Lucia,2019-06-01,0.01959631589261219
LCA,St. Lucia,2019-07-01,-0.8032915360501567
LCA,St. Lucia,2019-08-01,-0.08888011060635986
LCA,St. Lucia,2019-09-01,-0.0691904714836414
LCA,St. Lucia,2019-10-01,-0.1879327398615232
LCA,St. Lucia,2019-11-01,0.356753542760876
LCA,St. Lucia,2019-12-01,-0.08887133405747014
LCA,St. Lucia,2020-01-01,-1.442972919549318
LCA,St. Lucia,2020-02-01,-0.2306458082631368
LCA,St. Lucia,2020-03-01,0.06030756859985928
LCA,St. Lucia,2020-04-01,-0.311401305876444
LCA,St. Lucia,2020-05-01,-0.2015316404675534
LCA,St. Lucia,2020-06-01,0.01009693053311793
LCA,St. Lucia,2020-07-01,0.232205956587582
LCA,St. Lucia,2020-08-01,1.672038678485093
LCA,St. Lucia,2020-09-01,0.1783237566871409
LCA,St. Lucia,2020-10-01,-0.1977848101265823
LCA,St. Lucia,2020-11-01,-0.4260800634165676
LCA,St. Lucia,2020-12-01,0.3184396457358941
LCA,St. Lucia,2021-01-01,-0.1388751115960718
LCA,St. Lucia,2021-02-01,-0.2781364855468362
LCA,St. Lucia,2021-03-01,0.06972806056380118
LCA,St. Lucia,2021-04-01,0.656977901652399
LCA,St. Lucia,2021-05-01,0.3659018987341772
LCA,St. Lucia,2021-06-01,0.4433934377771209
LCA,St. Lucia,2021-07-01,0.1863841475377673
LCA,St. Lucia,2021-08-01,0.783315382355821
LCA,St. Lucia,2021-09-01,0.3206062372486156
LCA,St. Lucia,2021-10-01,0.7553747821034282
LCA,St. Lucia,2021-11-01,1.066897347174164
LCA,St. Lucia,2021-12-01,-0.1521635758440323
LCA,St. Lucia,2022-01-01,0.08572244975711973
LCA,St. Lucia,2022-02-01,0.1998477350590027
LCA,St. Lucia,2022-03-01,0.6458353119954412
LCA,St. Lucia,2022-04-01,0.4340851184297443
LCA,St. Lucia,2022-05-01,1.550314760875693
LCA,St. Lucia,2022-06-01,0.2220577350111029
LCA,St. Lucia,2022-07-01,1.237075332348597
LCA,St. Lucia,2022-08-01,0.9575050155024624
LCA,St. Lucia,2022-09-01,0.6051847168277482
LCA,St. Lucia,2022-10-01,-0.03591309032142216
LCA,St. Lucia,2022-11-01,0.9879647925273936
LCA,St. Lucia,2022-12-01,-0.1867662753468517
LCA,St. Lucia,2023-01-01,-0.4187828566336987
LCA,St. Lucia,2023-02-01,0.1879026485325698
LCA,St. Lucia,2023-03-01,1.384299365901581
LCA,St. Lucia,2023-04-01,0.4756871035940803
LCA,St. Lucia,2023-05-01,-1.253726109065404
LCA,St. Lucia,2023-06-01,-0.03551451655864335
LCA,St. Lucia,2023-07-01,-0.07105426769695355
LCA,St. Lucia,2023-08-01,0.1333214825348858
LCA,St. Lucia,2023-09-01,1.455707438309959
LCA,St. Lucia,2023-10-01,0.2099737532808399
LCA,St. Lucia,2023-11-01,0.427798149118212
LCA,St. Lucia,2023-12-01,-0.4085890637225072
LCA,St. Lucia,2024-01-01,-0.3840782122905028
LCA,St. Lucia,2024-02-01,-0.1314405888538381
LCA,St. Lucia,2024-03-01,-0.8423269281389839
LCA,St. Lucia,2024-04-01,-0.3097071055658791
LCA,St. Lucia,2024-05-01,1.624356470797089
LCA,St. Lucia,2024-06-01,-1.965237138614726
LCA,St. Lucia,2024-07-01,-0.4989308624376336
LCA,St. Lucia,2024-08-01,0.5193409742120344
LCA,St. Lucia,2024-09-01,-0.5344735435595938
LCA,St. Lucia,2024-10-01,-0.6806376500089558
LCA,St. Lucia,2024-11-01,4.220018034265104
LCA,St. Lucia,2024-12-01,0.415296764146046
VCT,St. Vincent and the Grenadines,2019-01-01,0.5415162454873645
VCT,St. Vincent and the Grenadines,2019-02-01,-0.4488330341113106
VCT,St. Vincent and the Grenadines,2019-03-01,0.1803426510369702
VCT,St. Vincent and the Grenadines,2019-04-01,0.36003600360036
VCT,St. Vincent and the Grenadines,2019-05-01,-0.4484304932735426
VCT,St. Vincent and the Grenadines,2019-06-01,0.5405405405405405
VCT,St. Vincent and the Grenadines,2019-07-01,0.1792114695340502
VCT,St. Vincent and the Grenadines,2019-08-01,0
VCT,St. Vincent and the Grenadines,2019-09-01,-0.2683363148479428
VCT,St. Vincent and the Grenadines,2019-10-01,0
VCT,St. Vincent and the Grenadines,2019-11-01,0.3587443946188341
VCT,St. Vincent and the Grenadines,2019-12-01,-0.5361930294906166
VCT,St. Vincent and the Grenadines,2020-01-01,0.3593890386343217
VCT,St. Vincent and the Grenadines,2020-02-01,0.08952551477170995
VCT,St. Vincent and the Grenadines,2020-03-01,-0.2683363148479428
VCT,St. Vincent and the Grenadines,2020-04-01,0.08968609865470852
VCT,St. Vincent and the Grenadines,2020-05-01,-0.985663082437276
VCT,St. Vincent and the Grenadines,2020-06-01,0
VCT,St. Vincent and the Grenadines,2020-07-01,-0.4524886877828054
VCT,St. Vincent and the Grenadines,2020-08-01,0.2727272727272727
VCT,St. Vincent and the Grenadines,2020-09-01,-0.09066183136899364
VCT,St. Vincent and the Grenadines,2020-10-01,0.09074410163339384
VCT,St. Vincent and the Grenadines,2020-11-01,0
VCT,St. Vincent and the Grenadines,2020-12-01,-0.09066183136899364
VCT,St. Vincent and the Grenadines,2021-01-01,0.2722323049001815
VCT,St. Vincent and the Grenadines,2021-02-01,0.2714932126696833
VCT,St. Vincent and the Grenadines,2021-03-01,0.5415162454873645
VCT,St. Vincent and the Grenadines,2021-04-01,0.5385996409335727
VCT,St. Vincent and the Grenadines,2021-05-01,-0.08928571428571429
VCT,St. Vincent and the Grenadines,2021-06-01,0.8042895442359249
VCT,St. Vincent and the Grenadines,2021-07-01,0.08865248226950355
VCT,St. Vincent and the Grenadines,2021-08-01,0.1771479185119575
VCT,St. Vincent and the Grenadines,2021-09-01,0.08841732979664015
VCT,St. Vincent and the Grenadines,2021-10-01,0.176678445229682
VCT,St. Vincent and the Grenadines,2021-11-01,0.3527336860670194
VCT,St. Vincent and the Grenadines,2021-12-01,0.1757469244288225
VCT,St. Vincent and the Grenadines,2022-01-01,0.6140350877192982
VCT,St. Vincent and the Grenadines,2022-02-01,0.08718395815170009
VCT,St. Vincent and the Grenadines,2022-03-01,0.5226480836236934
VCT,St. Vincent and the Grenadines,2022-04-01,1.299826689774697
VCT,St. Vincent and the Grenadines,2022-05-01,0.9409751924721984
VCT,St. Vincent and the Grenadines,2022-06-01,0.5932203389830508
VCT,St. Vincent and the Grenadines,2022-07-01,0.9267059814658803
VCT,St. Vincent and the Grenadines,2022-08-01,0.667779632721202
VCT,St. Vincent and the Grenadines,2022-09-01,0.746268656716418
VCT,St. Vincent and the Grenadines,2022-10-01,0.3292181069958848
VCT,St. Vincent and the Grenadines,2022-11-01,0.3281378178835111
VCT,St. Vincent and the Grenadines,2022-12-01,-0.5723630417007359
VCT,St. Vincent and the Grenadines,2023-01-01,-0.1644736842105263
VCT,St. Vincent and the Grenadines,2023-02-01,0.08237232289950577
VCT,St. Vincent and the Grenadines,2023-03-01,0.2469135802469136
VCT,St. Vincent and the Grenadines,2023-04-01,0.9852216748768472
VCT,St. Vincent and the Grenadines,2023-05-01,0.4878048780487805
VCT,St. Vincent and the Grenadines,2023-06-01,1.132686084142395
VCT,St. Vincent and the Grenadines,2023-07-01,0.32
VCT,St. Vincent and the Grenadines,2023-08-01,-0.1594896331738437
VCT,St. Vincent and the Grenadines,2023-09-01,0
VCT,St. Vincent and the Grenadines,2023-10-01,0.7987220447284346
VCT,St. Vincent and the Grenadines,2023-11-01,0.2377179080824089
VCT,St. Vincent and the Grenadines,2023-12-01,0
VCT,St. Vincent and the Grenadines,2024-01-01,0.5533596837944664
VCT,St. Vincent and the Grenadines,2024-02-01,0.3930817610062893
VCT,St. Vincent and the Grenadines,2024-03-01,0.07830853563038372
VCT,St. Vincent and the Grenadines,2024-04-01,0.8607198748043818
VCT,St. Vincent and the Grenadines,2024-05-01,0.1551590380139643
VCT,St. Vincent and the Grenadines,2024-06-01,-0.07745933384972889
VCT,St. Vincent and the Grenadines,2024-07-01,0.310077519379845
VCT,St. Vincent and the Grenadines,2024-08-01,-0.6182380216383307
VCT,St. Vincent and the Grenadines,2024-09-01,1.010886469673406
VCT,St. Vincent and the Grenadines,2024-10-01,-0.6158583525789069
VCT,St. Vincent and the Grenadines,2024-11-01,0.3872966692486445
VCT,St. Vincent and the Grenadines,2024-12-01,-0.3858024691358025
TTO,Trinidad and Tobago,2019-01-01,0.277264325323475
TTO,Trinidad and Tobago,2019-02-01,-0.09216589861751152
TTO,Trinidad and Tobago,2019-03-01,0.1845018450184502
TTO,Trinidad and Tobago,2019-04-01,-0.2762430939226519
TTO,Trinidad and Tobago,2019-05-01,0
TTO,Trinidad and Tobago,2019-06-01,-0.09233610341643585
TTO,Trinidad and Tobago,2019-07-01,0.3696857670979667
TTO,Trinidad and Tobago,2019-08-01,0.09208103130755065
TTO,Trinidad and Tobago,2019-09-01,0
TTO,Trinidad and Tobago,2019-10-01,0
TTO,Trinidad and Tobago,2019-11-01,-0.09199632014719412
TTO,Trinidad and Tobago,2019-12-01,0
TTO,Trinidad and Tobago,2020-01-01,0.2762430939226519
TTO,Trinidad and Tobago,2020-02-01,0
TTO,Trinidad and Tobago,2020-03-01,0.09182736455463728
TTO,Trinidad and Tobago,2020-04-01,0.09174311926605504
TTO,Trinidad and Tobago,2020-05-01,-0.0916590284142988
TTO,Trinidad and Tobago,2020-06-01,-0.1834862385321101
TTO,Trinidad and Tobago,2020-07-01,0.1838235294117647
TTO,Trinidad and Tobago,2020-08-01,0.1834862385321101
TTO,Trinidad and Tobago,2020-09-01,0.2747252747252747
TTO,Trinidad and Tobago,2020-10-01,0
TTO,Trinidad and Tobago,2020-11-01,0.091324200913242
TTO,Trinidad and Tobago,2020-12-01,-0.09124087591240876
TTO,Trinidad and Tobago,2021-01-01,0.365296803652968
TTO,Trinidad and Tobago,2021-02-01,-0.09099181073703368
TTO,Trinidad and Tobago,2021-03-01,0.09107468123861566
TTO,Trinidad and Tobago,2021-04-01,0.3639672429481347
TTO,Trinidad and Tobago,2021-05-01,0.1813236627379873
TTO,Trinidad and Tobago,2021-06-01,0.2714932126696833
TTO,Trinidad and Tobago,2021-07-01,0.5415162454873645
TTO,Trinidad and Tobago,2021-08-01,0.1795332136445242
TTO,Trinidad and Tobago,2021-09-01,0.4264156325483871
TTO,Trinidad and Tobago,2021-10-01,1.538350764184256
TTO,Trinidad and Tobago,2021-11-01,-0.1757469244288225
TTO,Trinidad and Tobago,2021-12-01,-0.2640845070422535
TTO,Trinidad and Tobago,2022-01-01,0.706090026478376
TTO,Trinidad and Tobago,2022-02-01,0.2629272567922875
TTO,Trinidad and Tobago,2022-03-01,0
TTO,Trinidad and Tobago,2022-04-01,1.311188811188811
TTO,Trinidad and Tobago,2022-05-01,0
TTO,Trinidad and Tobago,2022-06-01,0.2588438308886972
TTO,Trinidad and Tobago,2022-07-01,1.549053356282272
TTO,Trinidad and Tobago,2022-08-01,0.5084745762711864
TTO,Trinidad and Tobago,2022-09-01,0.3372681281618887
TTO,Trinidad and Tobago,2022-10-01,2.941176470588235
TTO,Trinidad and Tobago,2022-11-01,0.163265306122449
TTO,Trinidad and Tobago,2022-12-01,0.4074979625101874
TTO,Trinidad and Tobago,2023-01-01,0.3246753246753247
TTO,Trinidad and Tobago,2023-02-01,-0.4045307443365696
TTO,Trinidad and Tobago,2023-03-01,-0.2437043054427295
TTO,Trinidad and Tobago,2023-04-01,0
TTO,Trinidad and Tobago,2023-05-01,-0.244299674267101
TTO,Trinidad and Tobago,2023-06-01,0.326530612244898
TTO,Trinidad and Tobago,2023-07-01,0.4882017900732303
TTO,Trinidad and Tobago,2023-08-01,-0.08097165991902834
TTO,Trinidad and Tobago,2023-09-01,0.1620745542949757
TTO,Trinidad and Tobago,2023-10-01,0.4045307443365696
TTO,Trinidad and Tobago,2023-11-01,-0.08058017727639001
TTO,Trinidad and Tobago,2023-12-01,0.08064516129032258
TTO,Trinidad and Tobago,2024-01-01,-0.08058017727639001
TTO,Trinidad and Tobago,2024-02-01,0.08064516129032258
TTO,Trinidad and Tobago,2024-03-01,-0.24174053182917
TTO,Trinidad and Tobago,2024-04-01,-0.3231017770597738
TTO,Trinidad and Tobago,2024-05-01,0.1620745542949757
TTO,Trinidad and Tobago,2024-06-01,0.08090614886731393
TTO,Trinidad and Tobago,2024-07-01,0.1616814874696847
TTO,Trinidad and Tobago,2024-08-01,0
TTO,Trinidad and Tobago,2024-09-01,0.1614205004035513
TTO,Trinidad and Tobago,2024-10-01,0.24174053182917
TTO,Trinidad and Tobago,2024-11-01,0.1607717041800643
TTO,Trinidad and Tobago,2024-12-01,0.08025682182985554
KOS,"Kosovo, Republic of",2019-01-01,0.3983230157803732
KOS,"Kosovo, Republic of",2019-02-01,0.3681831982469476
KOS,"Kosovo, Republic of",2019-03-01,0.1454437885081345
KOS,"Kosovo, Republic of",2019-04-01,0.1277197359738162
KOS,"Kosovo, Republic of",2019-05-01,-0.1935994438452593
KOS,"Kosovo, Republic of",2019-06-01,-0.3260197521067536
KOS,"Kosovo, Republic of",2019-07-01,-0.1181834871295668
KOS,"Kosovo, Republic of",2019-08-01,0.497729104328405
KOS,"Kosovo, Republic of",2019-09-01,-0.1214693003462909
KOS,"Kosovo, Republic of",2019-10-01,-0.04121824810165401
KOS,"Kosovo, Republic of",2019-11-01,0.1988479154446486
KOS,"Kosovo, Republic of",2019-12-01,0.2394592679221262
KOS,"Kosovo, Republic of",2020-01-01,0.7663615514185098
KOS,"Kosovo, Republic of",2020-02-01,-0.1988736583062214
KOS,"Kosovo, Republic of",2020-03-01,-0.08662661474260427
KOS,"Kosovo, Republic of",2020-04-01,-0.3223989369165331
KOS,"Kosovo, Republic of",2020-05-01,-0.2911073584466882
KOS,"Kosovo, Republic of",2020-06-01,-0.4057228469286462
KOS,"Kosovo, Republic of",2020-07-01,-0.3315862296366901
KOS,"Kosovo, Republic of",2020-08-01,0.1031387217905578
KOS,"Kosovo, Republic of",2020-09-01,-0.0651299509138392
KOS,"Kosovo, Republic of",2020-10-01,0.1894986879070972
KOS,"Kosovo, Republic of",2020-11-01,0.1043973551121864
KOS,"Kosovo, Republic of",2020-12-01,0.6302229565505927
KOS,"Kosovo, Republic of",2021-01-01,0.4733711961586137
KOS,"Kosovo, Republic of",2021-02-01,0.7390138194041866
KOS,"Kosovo, Republic of",2021-03-01,0.4128099390553222
KOS,"Kosovo, Republic of",2021-04-01,0.3340286081123588
KOS,"Kosovo, Republic of",2021-05-01,-0.2287246377302671
KOS,"Kosovo, Republic of",2021-06-01,-0.01875953711963415
KOS,"Kosovo, Republic of",2021-07-01,0.7806268954796891
KOS,"Kosovo, Republic of",2021-08-01,1.247552013737005
KOS,"Kosovo, Republic of",2021-09-01,0.1056917562713516
KOS,"Kosovo, Republic of",2021-10-01,0.9865397873837036
KOS,"Kosovo, Republic of",2021-11-01,1.237326913132491
KOS,"Kosovo, Republic of",2021-12-01,0.4516798434769383
KOS,"Kosovo, Republic of",2022-01-01,0.8692891968166169
KOS,"Kosovo, Republic of",2022-02-01,1.108491703791681
KOS,"Kosovo, Republic of",2022-03-01,2.741845709349819
KOS,"Kosovo, Republic of",2022-04-01,1.454107841072614
KOS,"Kosovo, Republic of",2022-05-01,0.887126108741837
KOS,"Kosovo, Republic of",2022-06-01,1.399703202691625
KOS,"Kosovo, Republic of",2022-07-01,0.886178261029021
KOS,"Kosovo, Republic of",2022-08-01,0.2151803447152409
KOS,"Kosovo, Republic of",2022-09-01,-0.1803016841142905
KOS,"Kosovo, Republic of",2022-10-01,0.9464859700497206
KOS,"Kosovo, Republic of",2022-11-01,0.2730118788177963
KOS,"Kosovo, Republic of",2022-12-01,0.8748449767331847
KOS,"Kosovo, Republic of",2023-01-01,0.843180609464742
KOS,"Kosovo, Republic of",2023-02-01,-0.2790570616945192
KOS,"Kosovo, Republic of",2023-03-01,-0.4214650878487035
KOS,"Kosovo, Republic of",2023-04-01,-0.01202104211636862
KOS,"Kosovo, Republic of",2023-05-01,-0.3198493672608351
KOS,"Kosovo, Republic of",2023-06-01,-0.03405436674262301
KOS,"Kosovo, Republic of",2023-07-01,0.4281846861681838
KOS,"Kosovo, Republic of",2023-08-01,1.024932032491911
KOS,"Kosovo, Republic of",2023-09-01,0.8580221894424945
KOS,"Kosovo, Republic of",2023-10-01,-0.01645276719216709
KOS,"Kosovo, Republic of",2023-11-01,-0.09674943235373532
KOS,"Kosovo, Republic of",2023-12-01,0.3223953318464907
KOS,"Kosovo, Republic of",2024-01-01,0.358943960053671
KOS,"Kosovo, Republic of",2024-02-01,0.0825065430725747
KOS,"Kosovo, Republic of",2024-03-01,-0.3031927043405109
KOS,"Kosovo, Republic of",2024-04-01,0.08656635266661115
KOS,"Kosovo, Republic of",2024-05-01,-0.3552185902157417
KOS,"Kosovo, Republic of",2024-06-01,-0.02732586845223521
KOS,"Kosovo, Republic of",2024-07-01,0.2724812101080176
KOS,"Kosovo, Republic of",2024-08-01,0.2282933487817724
KOS,"Kosovo, Republic of",2024-09-01,-0.347386639539998
KOS,"Kosovo, Republic of",2024-10-01,0.2031221466388049
KOS,"Kosovo, Republic of",2024-11-01,0.1702039299132796
KOS,"Kosovo, Republic of",2024-12-01,0.7351307587784787
NOR,Norway,2019-01-01,-0.4553734061930783
NOR,Norway,2019-02-01,0.8234217749313815
NOR,Norway,2019-03-01,0.1814882032667877
NOR,Norway,2019-04-01,0.3623188405797101
NOR,Norway,2019-05-01,-0.2707581227436823
NOR,Norway,2019-06-01,0.09049773755656108
NOR,Norway,2019-07-01,0.7233273056057866
NOR,Norway,2019-08-01,-0.718132854578097
NOR,Norway,2019-09-01,0.4520795660036166
NOR,Norway,2019-10-01,0.18001800180018
NOR,Norway,2019-11-01,0.2695417789757412
NOR,Norway,2019-12-01,-0.2688172043010753
NOR,Norway,2020-01-01,0
NOR,Norway,2020-02-01,-0.08984725965858041
NOR,Norway,2020-03-01,0
NOR,Norway,2020-04-01,0.4496402877697842
NOR,Norway,2020-05-01,0.1790510295434199
NOR,Norway,2020-06-01,0.1787310098302055
NOR,Norway,2020-07-01,0.7136485280999108
NOR,Norway,2020-08-01,-0.354295837023915
NOR,Norway,2020-09-01,0.3555555555555556
NOR,Norway,2020-10-01,0.2657218777679362
NOR,Norway,2020-11-01,-0.7067137809187279
NOR,Norway,2020-12-01,0.4448398576512456
NOR,Norway,2021-01-01,1.062887511071745
NOR,Norway,2021-02-01,0.7011393514460998
NOR,Norway,2021-03-01,-0.2610966057441253
NOR,Norway,2021-04-01,0.3490401396160558
NOR,Norway,2021-05-01,-0.08695652173913043
NOR,Norway,2021-06-01,0.3481288076588338
NOR,Norway,2021-07-01,0.8673026886383348
NOR,Norway,2021-08-01,0
NOR,Norway,2021-09-01,1.031814273430782
NOR,Norway,2021-10-01,-0.2553191489361702
NOR,Norway,2021-11-01,0.7679180887372014
NOR,Norway,2021-12-01,0.6773920406435224
NOR,Norway,2022-01-01,-0.9251471825063078
NOR,Norway,2022-02-01,1.103565365025467
NOR,Norway,2022-03-01,0.5877413937867338
NOR,Norway,2022-04-01,1.168614357262104
NOR,Norway,2022-05-01,0.2475247524752475
NOR,Norway,2022-06-01,0.9053497942386832
NOR,Norway,2022-07-01,1.305057096247961
NOR,Norway,2022-08-01,-0.2415458937198068
NOR,Norway,2022-09-01,1.372074253430186
NOR,Norway,2022-10-01,0.3184713375796178
NOR,Norway,2022-11-01,-0.1587301587301587
NOR,Norway,2022-12-01,0.0794912559618442
NOR,Norway,2023-01-01,0.158856235107228
NOR,Norway,2023-02-01,0.3965107057890563
NOR,Norway,2023-03-01,0.7898894154818324
NOR,Norway,2023-04-01,1.09717868338558
NOR,Norway,2023-05-01,0.4651162790697674
NOR,Norway,2023-06-01,0.617283950617284
NOR,Norway,2023-07-01,0.3834355828220859
NOR,Norway,2023-08-01,-0.7639419404125286
NOR,Norway,2023-09-01,-0.07698229407236336
NOR,Norway,2023-10-01,1.001540832049307
NOR,Norway,2023-11-01,0.5339435545385202
NOR,Norway,2023-12-01,0.07587253414264036
NOR,Norway,2024-01-01,0.0758150113722517
NOR,Norway,2024-02-01,0.2272727272727273
NOR,Norway,2024-03-01,0.2267573696145125
NOR,Norway,2024-04-01,0.8295625942684766
NOR,Norway,2024-05-01,-0.1495886312640239
NOR,Norway,2024-06-01,0.2247191011235955
NOR,Norway,2024-07-01,0.523168908819133
NOR,Norway,2024-08-01,-0.8921933085501859
NOR,Norway,2024-09-01,0.3000750187546887
NOR,Norway,2024-10-01,0.5983545250560957
NOR,Norway,2024-11-01,0.2973977695167286
NOR,Norway,2024-12-01,-0.07412898443291327
GRC,Greece,2019-01-01,-1.766374463025279
GRC,Greece,2019-02-01,0.1296857391655549
GRC,Greece,2019-03-01,1.819253091120429
GRC,Greece,2019-04-01,0.9895911783439804
GRC,Greece,2019-05-01,-1.106913947310701
GRC,Greece,2019-06-01,0.4782792985499818
GRC,Greece,2019-07-01,-1.462246473636398
GRC,Greece,2019-08-01,-0.5461675778088184
GRC,Greece,2019-09-01,2.110235419616486
GRC,Greece,2019-10-01,0.1298025217375107
GRC,Greece,2019-11-01,-0.5760108093818385
GRC,Greece,2019-12-01,0.6604940460011895
GRC,Greece,2020-01-01,-1.685354235495652
GRC,Greece,2020-02-01,-0.4995860416426186
GRC,Greece,2020-03-01,1.582390041518674
GRC,Greece,2020-04-01,-0.4562218061027789
GRC,Greece,2020-05-01,-0.8126792602116507
GRC,Greece,2020-06-01,0.04417265024933118
GRC,Greece,2020-07-01,-1.701859614920774
GRC,Greece,2020-08-01,-0.6474316674825511
GRC,Greece,2020-09-01,2.033677070985763
GRC,Greece,2020-10-01,0.3487922697582939
GRC,Greece,2020-11-01,-0.876933657603062
GRC,Greece,2020-12-01,0.398247569915551
GRC,Greece,2021-01-01,-1.326946852417325
GRC,Greece,2021-02-01,0.2065685363770126
GRC,Greece,2021-03-01,1.203267287508963
GRC,Greece,2021-04-01,0.9094414946456724
GRC,Greece,2021-05-01,-0.3908969900634203
GRC,Greece,2021-06-01,0.9351229222118332
GRC,Greece,2021-07-01,-1.387863983804965
GRC,Greece,2021-08-01,-0.1303652748765477
GRC,Greece,2021-09-01,2.367398734354103
GRC,Greece,2021-10-01,1.528614177820661
GRC,Greece,2021-11-01,0.4739153776239076
GRC,Greece,2021-12-01,0.6780220328382148
GRC,Greece,2022-01-01,-0.2617406947228807
GRC,Greece,2022-02-01,1.116009801626917
GRC,Greece,2022-03-01,2.747610414125601
GRC,Greece,2022-04-01,2.135667186806053
GRC,Greece,2022-05-01,0.6547798569441506
GRC,Greece,2022-06-01,1.628223980079211
GRC,Greece,2022-07-01,-1.830436037710608
GRC,Greece,2022-08-01,-0.2976419940579183
GRC,Greece,2022-09-01,2.937378721965554
GRC,Greece,2022-10-01,-1.153233675261906
GRC,Greece,2022-11-01,-0.01033953440281235
GRC,Greece,2022-12-01,-0.5420420659288602
GRC,Greece,2023-01-01,-0.4800373935089205
GRC,Greece,2023-02-01,0.3003767209827069
GRC,Greece,2023-03-01,1.243578022079764
GRC,Greece,2023-04-01,0.6377609341751227
GRC,Greece,2023-05-01,0.4031408992296287
GRC,Greece,2023-06-01,0.6185565216029212
GRC,Greece,2023-07-01,-1.145182423988203
GRC,Greece,2023-08-01,-0.0317586968960467
GRC,Greece,2023-09-01,1.820097651822854
GRC,Greece,2023-10-01,0.5683205148921979
GRC,Greece,2023-11-01,-0.3677652046083895
GRC,Greece,2023-12-01,-0.08638312072105458
GRC,Greece,2024-01-01,-0.8345281739115503
GRC,Greece,2024-02-01,0.09523727067298118
GRC,Greece,2024-03-01,1.542673275034383
GRC,Greece,2024-04-01,0.4847756922172674
GRC,Greece,2024-05-01,-0.259317280923946
GRC,Greece,2024-06-01,0.4942302968696481
GRC,Greece,2024-07-01,-0.7298763861731135
GRC,Greece,2024-08-01,0.2559292258566899
GRC,Greece,2024-09-01,1.772229993048745
GRC,Greece,2024-10-01,0.01928823893368603
GRC,Greece,2024-11-01,-0.3800135576014399
GRC,Greece,2024-12-01,0.118746333696472
IRL,Ireland,2019-01-01,-0.5995203836930456
IRL,Ireland,2019-02-01,0.8443908323281062
IRL,Ireland,2019-03-01,0.7177033492822967
IRL,Ireland,2019-04-01,0.3562945368171021
IRL,Ireland,2019-05-01,-0.1183431952662722
IRL,Ireland,2019-06-01,0.2369668246445498
IRL,Ireland,2019-07-01,-0.1182033096926714
IRL,Ireland,2019-08-01,0.4733727810650888
IRL,Ireland,2019-09-01,-0.2355712603062426
IRL,Ireland,2019-10-01,-0.2361275088547816
IRL,Ireland,2019-11-01,-0.1183431952662722
IRL,Ireland,2019-12-01,0.1184834123222749
IRL,Ireland,2020-01-01,-0.5917159763313609
IRL,Ireland,2020-02-01,0.5952380952380952
IRL,Ireland,2020-03-01,0.3550295857988166
IRL,Ireland,2020-04-01,-0.3537735849056604
IRL,Ireland,2020-05-01,-0.5917159763313609
IRL,Ireland,2020-06-01,0.3571428571428571
IRL,Ireland,2020-07-01,-0.2372479240806643
IRL,Ireland,2020-08-01,-0.1189060642092747
IRL,Ireland,2020-09-01,-0.3571428571428571
IRL,Ireland,2020-10-01,-0.4778972520908005
IRL,Ireland,2020-11-01,0.2400960384153661
IRL,Ireland,2020-12-01,0.2395209580838323
IRL,Ireland,2021-01-01,0.1194743130227001
IRL,Ireland,2021-02-01,0.3579952267303103
IRL,Ireland,2021-03-01,0.8323424494649228
IRL,Ireland,2021-04-01,0.589622641509434
IRL,Ireland,2021-05-01,0.2344665885111372
IRL,Ireland,2021-06-01,0.1169590643274854
IRL,Ireland,2021-07-01,0.3504672897196262
IRL,Ireland,2021-08-01,0.6984866123399301
IRL,Ireland,2021-09-01,0.3468208092485549
IRL,Ireland,2021-10-01,0.6912442396313364
IRL,Ireland,2021-11-01,0.5720823798627002
IRL,Ireland,2021-12-01,0.5688282138794084
IRL,Ireland,2022-01-01,-0.4524886877828054
IRL,Ireland,2022-02-01,0.9090909090909092
IRL,Ireland,2022-03-01,1.914414414414414
IRL,Ireland,2022-04-01,0.8839779005524862
IRL,Ireland,2022-05-01,0.9857612267250822
IRL,Ireland,2022-06-01,1.301518438177874
IRL,Ireland,2022-07-01,0.4282655246252677
IRL,Ireland,2022-08-01,0.1066098081023454
IRL,Ireland,2022-09-01,0.1064962726304579
IRL,Ireland,2022-10-01,1.595744680851064
IRL,Ireland,2022-11-01,0.3141361256544503
IRL,Ireland,2022-12-01,-0.208768267223382
IRL,Ireland,2023-01-01,-0.8368200836820084
IRL,Ireland,2023-02-01,1.687763713080169
IRL,Ireland,2023-03-01,1.037344398340249
IRL,Ireland,2023-04-01,0.513347022587269
IRL,Ireland,2023-05-01,0.4085801838610827
IRL,Ireland,2023-06-01,0.8138351983723296
IRL,Ireland,2023-07-01,0.2018163471241171
IRL,Ireland,2023-08-01,0.6042296072507553
IRL,Ireland,2023-09-01,0.1001001001001001
IRL,Ireland,2023-10-01,0.3
IRL,Ireland,2023-11-01,-0.7976071784646062
IRL,Ireland,2023-12-01,0.5025125628140704
IRL,Ireland,2024-01-01,-1.3
IRL,Ireland,2024-02-01,1.013171225937183
IRL,Ireland,2024-03-01,0.5015045135406219
IRL,Ireland,2024-04-01,0.1996007984031936
IRL,Ireland,2024-05-01,0.49800796812749
IRL,Ireland,2024-06-01,0.3964321110009911
IRL,Ireland,2024-07-01,0.1974333662388944
IRL,Ireland,2024-08-01,0.09852216748768472
IRL,Ireland,2024-09-01,-0.8858267716535433
IRL,Ireland,2024-10-01,0.2979145978152929
IRL,Ireland,2024-11-01,-0.495049504950495
IRL,Ireland,2024-12-01,0.8955223880597015
HUN,Hungary,2019-01-01,0.2781641168289291
HUN,Hungary,2019-02-01,0.5547850208044383
HUN,Hungary,2019-03-01,0.6896551724137931
HUN,Hungary,2019-04-01,0.8904109589041096
HUN,Hungary,2019-05-01,0.6109979633401222
HUN,Hungary,2019-06-01,-0.2024291497975709
HUN,Hungary,2019-07-01,0.2028397565922921
HUN,Hungary,2019-08-01,-0.1349527665317139
HUN,Hungary,2019-09-01,0.06756756756756757
HUN,Hungary,2019-10-01,0.6076975016880486
HUN,Hungary,2019-11-01,0.06711409395973154
HUN,Hungary,2019-12-01,0.2682763246143528
HUN,Hungary,2020-01-01,0.9364548494983278
HUN,Hungary,2020-02-01,0.3313452617627568
HUN,Hungary,2020-03-01,0.1981505944517834
HUN,Hungary,2020-04-01,-0.5932762030323006
HUN,Hungary,2020-05-01,0.4641909814323607
HUN,Hungary,2020-06-01,0.396039603960396
HUN,Hungary,2020-07-01,1.117685733070348
HUN,Hungary,2020-08-01,0
HUN,Hungary,2020-09-01,-0.3901170351105332
HUN,Hungary,2020-10-01,0.195822454308094
HUN,Hungary,2020-11-01,-0.260586319218241
HUN,Hungary,2020-12-01,0.3265839320705421
HUN,Hungary,2021-01-01,0.9114583333333331
HUN,Hungary,2021-02-01,0.7096774193548387
HUN,Hungary,2021-03-01,0.7046764894298527
HUN,Hungary,2021-04-01,0.826972010178117
HUN,Hungary,2021-05-01,0.5047318611987383
HUN,Hungary,2021-06-01,0.5649717514124294
HUN,Hungary,2021-07-01,0.4993757802746567
HUN,Hungary,2021-08-01,0.1863354037267081
HUN,Hungary,2021-09-01,0.1239925604463732
HUN,Hungary,2021-10-01,1.176470588235294
HUN,Hungary,2021-11-01,0.6731946144430845
HUN,Hungary,2021-12-01,0.243161094224924
HUN,Hungary,2022-01-01,1.394784718010916
HUN,Hungary,2022-02-01,1.076555023923445
HUN,Hungary,2022-03-01,1.005917159763314
HUN,Hungary,2022-04-01,1.581722319859402
HUN,Hungary,2022-05-01,1.672433679354095
HUN,Hungary,2022-06-01,1.474758933635848
HUN,Hungary,2022-07-01,2.347680268306316
HUN,Hungary,2022-08-01,1.802293828509011
HUN,Hungary,2022-09-01,4.07725321888412
HUN,Hungary,2022-10-01,2.010309278350515
HUN,Hungary,2022-11-01,1.819100555836281
HUN,Hungary,2022-12-01,1.935483870967742
HUN,Hungary,2023-01-01,2.336903602726388
HUN,Hungary,2023-02-01,0.8087535680304472
HUN,Hungary,2023-03-01,0.8022652194431336
HUN,Hungary,2023-04-01,0.6554307116104869
HUN,Hungary,2023-05-01,-0.372093023255814
HUN,Hungary,2023-06-01,0.2801120448179272
HUN,Hungary,2023-07-01,0.2793296089385475
HUN,Hungary,2023-08-01,0.6963788300835655
HUN,Hungary,2023-09-01,0.3688335638543107
HUN,Hungary,2023-10-01,-0.1378043178686266
HUN,Hungary,2023-11-01,0
HUN,Hungary,2023-12-01,-0.3219871205151794
HUN,Hungary,2024-01-01,0.692201199815413
HUN,Hungary,2024-02-01,0.6416131989000917
HUN,Hungary,2024-03-01,0.819672131147541
HUN,Hungary,2024-04-01,0.6775067750677507
HUN,Hungary,2024-05-01,-0.04486316733961418
HUN,Hungary,2024-06-01,-0.04488330341113106
HUN,Hungary,2024-07-01,0.7184553210597217
HUN,Hungary,2024-08-01,0
HUN,Hungary,2024-09-01,-0.0891662951404369
HUN,Hungary,2024-10-01,0.0892458723784025
HUN,Hungary,2024-11-01,0.5349977708426215
HUN,Hungary,2024-12-01,0.5321507760532151
LTU,"Lithuania, Republic of",2019-01-01,0.194587812492482
LTU,"Lithuania, Republic of",2019-02-01,0.1278109874968717
LTU,"Lithuania, Republic of",2019-03-01,0.9382669592237092
LTU,"Lithuania, Republic of",2019-04-01,0.8062821293011917
LTU,"Lithuania, Republic of",2019-05-01,0.2322271874405156
LTU,"Lithuania, Republic of",2019-06-01,-0.1927125535362889
LTU,"Lithuania, Republic of",2019-07-01,-0.318847907101909
LTU,"Lithuania, Republic of",2019-08-01,-0.3961306813120488
LTU,"Lithuania, Republic of",2019-09-01,0.9201630978368
LTU,"Lithuania, Republic of",2019-10-01,0.07686276921184916
LTU,"Lithuania, Republic of",2019-11-01,-0.01481860312979741
LTU,"Lithuania, Republic of",2019-12-01,0.327503517680581
LTU,"Lithuania, Republic of",2020-01-01,0.4353359869642408
LTU,"Lithuania, Republic of",2020-02-01,-0.05085156186940027
LTU,"Lithuania, Republic of",2020-03-01,-0.0751047832863592
LTU,"Lithuania, Republic of",2020-04-01,0.08117772353956426
LTU,"Lithuania, Republic of",2020-05-01,-0.4845178598666679
LTU,"Lithuania, Republic of",2020-06-01,0.5103190846714935
LTU,"Lithuania, Republic of",2020-07-01,-0.2770975178736421
LTU,"Lithuania, Republic of",2020-08-01,-0.1865643111648036
LTU,"Lithuania, Republic of",2020-09-01,0.4041070396996414
LTU,"Lithuania, Republic of",2020-10-01,0.0659730668320631
LTU,"Lithuania, Republic of",2020-11-01,-0.1419055529741861
LTU,"Lithuania, Republic of",2020-12-01,-0.03161930358483854
LTU,"Lithuania, Republic of",2021-01-01,0.4888165248739321
LTU,"Lithuania, Republic of",2021-02-01,0.2162148628493149
LTU,"Lithuania, Republic of",2021-03-01,0.988802141423154
LTU,"Lithuania, Republic of",2021-04-01,0.930173382622156
LTU,"Lithuania, Republic of",2021-05-01,0.5680345950488462
LTU,"Lithuania, Republic of",2021-06-01,0.5522919025912022
LTU,"Lithuania, Republic of",2021-07-01,0.71044344066884
LTU,"Lithuania, Republic of",2021-08-01,0.4005497674490567
LTU,"Lithuania, Republic of",2021-09-01,1.408573696065531
LTU,"Lithuania, Republic of",2021-10-01,1.65806398235901
LTU,"Lithuania, Republic of",2021-11-01,0.9458923028117666
LTU,"Lithuania, Republic of",2021-12-01,1.22356739040298
LTU,"Lithuania, Republic of",2022-01-01,2.170808758331525
LTU,"Lithuania, Republic of",2022-02-01,1.798227227638894
LTU,"Lithuania, Republic of",2022-03-01,2.350255873686152
LTU,"Lithuania, Republic of",2022-04-01,1.901268122857514
LTU,"Lithuania, Republic of",2022-05-01,2.341477156512299
LTU,"Lithuania, Republic of",2022-06-01,2.316530804229977
LTU,"Lithuania, Republic of",2022-07-01,1.236970595474554
LTU,"Lithuania, Republic of",2022-08-01,1.01611708563739
LTU,"Lithuania, Republic of",2022-09-01,2.864393296452112
LTU,"Lithuania, Republic of",2022-10-01,1.196017175742562
LTU,"Lithuania, Republic of",2022-11-01,0.4055660819318765
LTU,"Lithuania, Republic of",2022-12-01,0.27098112169315
LTU,"Lithuania, Republic of",2023-01-01,0.7292978938886252
LTU,"Lithuania, Republic of",2023-02-01,0.7112260513798024
LTU,"Lithuania, Republic of",2023-03-01,0.5188432769520129
LTU,"Lithuania, Republic of",2023-04-01,0.04150795656460772
LTU,"Lithuania, Republic of",2023-05-01,-0.1653739532424289
LTU,"Lithuania, Republic of",2023-06-01,-0.1018010193212173
LTU,"Lithuania, Republic of",2023-07-01,-0.2433771749087254
LTU,"Lithuania, Republic of",2023-08-01,-0.1841128804687084
LTU,"Lithuania, Republic of",2023-09-01,0.4844266486717313
LTU,"Lithuania, Republic of",2023-10-01,0.3172188101507396
LTU,"Lithuania, Republic of",2023-11-01,-0.401202364982362
LTU,"Lithuania, Republic of",2023-12-01,-0.4954988956459241
LTU,"Lithuania, Republic of",2024-01-01,0.2620771178245422
LTU,"Lithuania, Republic of",2024-02-01,0.7116732974152252
LTU,"Lithuania, Republic of",2024-03-01,-0.1848106425844485
LTU,"Lithuania, Republic of",2024-04-01,0.07722882048684263
LTU,"Lithuania, Republic of",2024-05-01,0.304556842653915
LTU,"Lithuania, Republic of",2024-06-01,0.0900399279158984
LTU,"Lithuania, Republic of",2024-07-01,-0.08162095437238828
LTU,"Lithuania, Republic of",2024-08-01,-0.4191298996278747
LTU,"Lithuania, Republic of",2024-09-01,0.3154249890177373
LTU,"Lithuania, Republic of",2024-10-01,0.1221055406939067
LTU,"Lithuania, Republic of",2024-11-01,0.6301200924028388
LTU,"Lithuania, Republic of",2024-12-01,0.2360380329559359
EST,"Estonia, Republic of",2019-01-01,-0.2375296912114014
EST,"Estonia, Republic of",2019-02-01,0.1428571428571429
EST,"Estonia, Republic of",2019-03-01,0.3328578221588207
EST,"Estonia, Republic of",2019-04-01,1.327014218009479
EST,"Estonia, Republic of",2019-05-01,0.2338634237605239
EST,"Estonia, Republic of",2019-06-01,0.1866542230517965
EST,"Estonia, Republic of",2019-07-01,-0.1397298556124825
EST,"Estonia, Republic of",2019-08-01,0.6996268656716418
EST,"Estonia, Republic of",2019-09-01,-0.1389532190829088
EST,"Estonia, Republic of",2019-10-01,-0.0927643784786642
EST,"Estonia, Republic of",2019-11-01,-0.2321262766945218
EST,"Estonia, Republic of",2019-12-01,-0.3257328990228013
EST,"Estonia, Republic of",2020-01-01,-0.3734827264239029
EST,"Estonia, Republic of",2020-02-01,0.4686035613870665
EST,"Estonia, Republic of",2020-03-01,-0.6996268656716418
EST,"Estonia, Republic of",2020-04-01,-0.3757632691404415
EST,"Estonia, Republic of",2020-05-01,-0.6600660066006601
EST,"Estonia, Republic of",2020-06-01,0.9017560512577124
EST,"Estonia, Republic of",2020-07-01,0
EST,"Estonia, Republic of",2020-08-01,0.6114769520225776
EST,"Estonia, Republic of",2020-09-01,-0.2805049088359046
EST,"Estonia, Republic of",2020-10-01,-0.5157055789967182
EST,"Estonia, Republic of",2020-11-01,0.1413760603204524
EST,"Estonia, Republic of",2020-12-01,0
EST,"Estonia, Republic of",2021-01-01,0.6588235294117647
EST,"Estonia, Republic of",2021-02-01,0.8415147265077139
EST,"Estonia, Republic of",2021-03-01,-0.1854427445526194
EST,"Estonia, Republic of",2021-04-01,0.3715745471435207
EST,"Estonia, Republic of",2021-05-01,0.971772327626099
EST,"Estonia, Republic of",2021-06-01,1.145737855178735
EST,"Estonia, Republic of",2021-07-01,1.087449025826914
EST,"Estonia, Republic of",2021-08-01,0.7171671896010758
EST,"Estonia, Republic of",2021-09-01,1.246105919003115
EST,"Estonia, Republic of",2021-10-01,-0.1758241758241758
EST,"Estonia, Republic of",2021-11-01,1.849405548216645
EST,"Estonia, Republic of",2021-12-01,3.026372676178124
EST,"Estonia, Republic of",2022-01-01,-0.08392782207301722
EST,"Estonia, Republic of",2022-02-01,1.469970600587988
EST,"Estonia, Republic of",2022-03-01,2.649006622516556
EST,"Estonia, Republic of",2022-04-01,3.588709677419355
EST,"Estonia, Republic of",2022-05-01,1.907356948228883
EST,"Estonia, Republic of",2022-06-01,2.711993888464477
EST,"Estonia, Republic of",2022-07-01,1.934622536258832
EST,"Estonia, Republic of",2022-08-01,2.297610161465322
EST,"Estonia, Republic of",2022-09-01,0.3209700427960057
EST,"Estonia, Republic of",2022-10-01,-1.102026306434412
EST,"Estonia, Republic of",2022-11-01,0.8626887131560029
EST,"Estonia, Republic of",2022-12-01,-0.1069137562366358
EST,"Estonia, Republic of",2023-01-01,0.7491972886193364
EST,"Estonia, Republic of",2023-02-01,0.56657223796034
EST,"Estonia, Republic of",2023-03-01,0.6690140845070423
EST,"Estonia, Republic of",2023-04-01,1.958726827562085
EST,"Estonia, Republic of",2023-05-01,-0.03430531732418525
EST,"Estonia, Republic of",2023-06-01,0.7549759780370625
EST,"Estonia, Republic of",2023-07-01,-0.6471389645776567
EST,"Estonia, Republic of",2023-08-01,0.5485087418580734
EST,"Estonia, Republic of",2023-09-01,-0.03409478349812479
EST,"Estonia, Republic of",2023-10-01,-0.4433833560709413
EST,"Estonia, Republic of",2023-11-01,0
EST,"Estonia, Republic of",2023-12-01,-0.1027749229188078
EST,"Estonia, Republic of",2024-01-01,1.440329218106996
EST,"Estonia, Republic of",2024-02-01,0
EST,"Estonia, Republic of",2024-03-01,0.4056795131845842
EST,"Estonia, Republic of",2024-04-01,0.8754208754208754
EST,"Estonia, Republic of",2024-05-01,0.1001335113484646
EST,"Estonia, Republic of",2024-06-01,0.3667889296432144
EST,"Estonia, Republic of",2024-07-01,0.2325581395348837
EST,"Estonia, Republic of",2024-08-01,0.3646005966191581
EST,"Estonia, Republic of",2024-09-01,-0.2642007926023778
EST,"Estonia, Republic of",2024-10-01,0.5960264900662252
EST,"Estonia, Republic of",2024-11-01,-0.3949967083607637
EST,"Estonia, Republic of",2024-12-01,0.1321877065432915
LVA,"Latvia, Republic of",2019-01-01,0.4747010915023712
LVA,"Latvia, Republic of",2019-02-01,0.06257664235624912
LVA,"Latvia, Republic of",2019-03-01,1.127918650760265
LVA,"Latvia, Republic of",2019-04-01,0.8538357440766705
LVA,"Latvia, Republic of",2019-05-01,0.2180446372842582
LVA,"Latvia, Republic of",2019-06-01,0.3353636230611648
LVA,"Latvia, Republic of",2019-07-01,-0.960252737426705
LVA,"Latvia, Republic of",2019-08-01,0.1989743891799163
LVA,"Latvia, Republic of",2019-09-01,0.05207883652021522
LVA,"Latvia, Republic of",2019-10-01,0.3796930325043308
LVA,"Latvia, Republic of",2019-11-01,-0.2571707377745586
LVA,"Latvia, Republic of",2019-12-01,-0.2306017191977077
LVA,"Latvia, Republic of",2020-01-01,0.3904017057099007
LVA,"Latvia, Republic of",2020-02-01,0.1350289923266914
LVA,"Latvia, Republic of",2020-03-01,0.290995060489124
LVA,"Latvia, Republic of",2020-04-01,-0.5058267153806326
LVA,"Latvia, Republic of",2020-05-01,-0.4020277296519272
LVA,"Latvia, Republic of",2020-06-01,0.1917063985230144
LVA,"Latvia, Republic of",2020-07-01,0.2420207076443104
LVA,"Latvia, Republic of",2020-08-01,-0.5054043830412008
LVA,"Latvia, Republic of",2020-09-01,0.02476338995158711
LVA,"Latvia, Republic of",2020-10-01,-0.03396070130228706
LVA,"Latvia, Republic of",2020-11-01,-0.2766573895142706
LVA,"Latvia, Republic of",2020-12-01,-0.04219074277864354
LVA,"Latvia, Republic of",2021-01-01,0.4082314986621644
LVA,"Latvia, Republic of",2021-02-01,0.4275442238756957
LVA,"Latvia, Republic of",2021-03-01,0.7733193379294679
LVA,"Latvia, Republic of",2021-04-01,0.861638021141034
LVA,"Latvia, Republic of",2021-05-01,0.5152697551612583
LVA,"Latvia, Republic of",2021-06-01,0.2883198198359733
LVA,"Latvia, Republic of",2021-07-01,0.3650848706112043
LVA,"Latvia, Republic of",2021-08-01,0.3746232391104524
LVA,"Latvia, Republic of",2021-09-01,1.053389107081692
LVA,"Latvia, Republic of",2021-10-01,1.138386290892646
LVA,"Latvia, Republic of",2021-11-01,1.068703880726083
LVA,"Latvia, Republic of",2021-12-01,0.3749748728178009
LVA,"Latvia, Republic of",2022-01-01,-0.02926972047416947
LVA,"Latvia, Republic of",2022-02-01,1.628883118839895
LVA,"Latvia, Republic of",2022-03-01,3.31674427694402
LVA,"Latvia, Republic of",2022-04-01,2.232120290060677
LVA,"Latvia, Republic of",2022-05-01,3.952773752491269
LVA,"Latvia, Republic of",2022-06-01,2.421588379076323
LVA,"Latvia, Republic of",2022-07-01,2.189653080210875
LVA,"Latvia, Republic of",2022-08-01,0.4052078889460637
LVA,"Latvia, Republic of",2022-09-01,1.573699449395006
LVA,"Latvia, Republic of",2022-10-01,0.7931305621559926
LVA,"Latvia, Republic of",2022-11-01,1.135088996596444
LVA,"Latvia, Republic of",2022-12-01,-0.4549893356366008
LVA,"Latvia, Republic of",2023-01-01,0.5297410013443621
LVA,"Latvia, Republic of",2023-02-01,0.5900087437407568
LVA,"Latvia, Republic of",2023-03-01,0.739734183199958
LVA,"Latvia, Republic of",2023-04-01,0.3380530038185666
LVA,"Latvia, Republic of",2023-05-01,1.249603284045851
LVA,"Latvia, Republic of",2023-06-01,-1.387007735788235
LVA,"Latvia, Republic of",2023-07-01,0.7414296273419092
LVA,"Latvia, Republic of",2023-08-01,-0.5640874431985715
LVA,"Latvia, Republic of",2023-09-01,-0.4039186342977497
LVA,"Latvia, Republic of",2023-10-01,-0.4053480623013085
LVA,"Latvia, Republic of",2023-11-01,0.00335265065450027
LVA,"Latvia, Republic of",2023-12-01,-0.7720616224469199
LVA,"Latvia, Republic of",2024-01-01,0.831704438032881
LVA,"Latvia, Republic of",2024-02-01,0.0793710074533355
LVA,"Latvia, Republic of",2024-03-01,1.236982527116102
LVA,"Latvia, Republic of",2024-04-01,0.5106849737905337
LVA,"Latvia, Republic of",2024-05-01,0.2512345797493275
LVA,"Latvia, Republic of",2024-06-01,-0.1275247681818524
LVA,"Latvia, Republic of",2024-07-01,0.08167898583865764
LVA,"Latvia, Republic of",2024-08-01,-0.526067715655269
LVA,"Latvia, Republic of",2024-09-01,0.2645624541382671
LVA,"Latvia, Republic of",2024-10-01,0.212490723250381
LVA,"Latvia, Republic of",2024-11-01,0.1979406506580226
LVA,"Latvia, Republic of",2024-12-01,0.2087522951823031
NLD,"Netherlands, The",2019-01-01,0.07694527267481004
NLD,"Netherlands, The",2019-02-01,0.8841902931283037
NLD,"Netherlands, The",2019-03-01,0.3810612555968372
NLD,"Netherlands, The",2019-04-01,0.6738160766821676
NLD,"Netherlands, The",2019-05-01,-0.1319758672699849
NLD,"Netherlands, The",2019-06-01,-0.0943930526713234
NLD,"Netherlands, The",2019-07-01,1.00151171579743
NLD,"Netherlands, The",2019-08-01,0.4396632366697848
NLD,"Netherlands, The",2019-09-01,-0.6240104312191487
NLD,"Netherlands, The",2019-10-01,0.4311152764761012
NLD,"Netherlands, The",2019-11-01,-0.4012691302724897
NLD,"Netherlands, The",2019-12-01,0.0655860582778975
NLD,"Netherlands, The",2020-01-01,-0.7771535580524345
NLD,"Netherlands, The",2020-02-01,0.6322544116259319
NLD,"Netherlands, The",2020-03-01,0.1969242310577644
NLD,"Netherlands, The",2020-04-01,0.458586803930744
NLD,"Netherlands, The",2020-05-01,-0.1490590646543693
NLD,"Netherlands, The",2020-06-01,0.3078932636685949
NLD,"Netherlands, The",2020-07-01,1.09757231885406
NLD,"Netherlands, The",2020-08-01,-0.5152267917931732
NLD,"Netherlands, The",2020-09-01,-0.2312031813557755
NLD,"Netherlands, The",2020-10-01,0.5469039673711531
NLD,"Netherlands, The",2020-11-01,-0.7928459481884392
NLD,"Netherlands, The",2020-12-01,0.2230275996654586
NLD,"Netherlands, The",2021-01-01,-0.2132591562355123
NLD,"Netherlands, The",2021-02-01,0.8827355510128229
NLD,"Netherlands, The",2021-03-01,0.2763194252555955
NLD,"Netherlands, The",2021-04-01,0.450078074768072
NLD,"Netherlands, The",2021-05-01,0.091441111923921
NLD,"Netherlands, The",2021-06-01,0.1918509044399781
NLD,"Netherlands, The",2021-07-01,0.5106227774231786
NLD,"Netherlands, The",2021-08-01,0.4354531434273791
NLD,"Netherlands, The",2021-09-01,0.0722608617107759
NLD,"Netherlands, The",2021-10-01,1.254625868760718
NLD,"Netherlands, The",2021-11-01,0.882510251381708
NLD,"Netherlands, The",2021-12-01,0.7422461783158081
NLD,"Netherlands, The",2022-01-01,0.4561003420752566
NLD,"Netherlands, The",2022-02-01,0.6461189208067755
NLD,"Netherlands, The",2022-03-01,3.634944044417455
NLD,"Netherlands, The",2022-04-01,0.2929850996149339
NLD,"Netherlands, The",2022-05-01,-0.6343377013604874
NLD,"Netherlands, The",2022-06-01,0
NLD,"Netherlands, The",2022-07-01,2.116757664846703
NLD,"Netherlands, The",2022-08-01,1.957719832195443
NLD,"Netherlands, The",2022-09-01,2.371924162968939
NLD,"Netherlands, The",2022-10-01,1.071794467649145
NLD,"Netherlands, The",2022-11-01,-3.04093567251462
NLD,"Netherlands, The",2022-12-01,0.4744672295938882
NLD,"Netherlands, The",2023-01-01,-1.384664639026733
NLD,"Netherlands, The",2023-02-01,1.006411817222628
NLD,"Netherlands, The",2023-03-01,0.2169546002410607
NLD,"Netherlands, The",2023-04-01,1.034316869788326
NLD,"Netherlands, The",2023-05-01,0.1983969526228077
NLD,"Netherlands, The",2023-06-01,-0.3405670837953429
NLD,"Netherlands, The",2023-07-01,1.033139950727172
NLD,"Netherlands, The",2023-08-01,0.448359946511445
NLD,"Netherlands, The",2023-09-01,-0.422866092404072
NLD,"Netherlands, The",2023-10-01,0.4482541679773514
NLD,"Netherlands, The",2023-11-01,-1.041258905503797
NLD,"Netherlands, The",2023-12-01,0.03955696202531646
NLD,"Netherlands, The",2024-01-01,0.5219454329774614
NLD,"Netherlands, The",2024-02-01,0.660844937455747
NLD,"Netherlands, The",2024-03-01,0.492379835873388
NLD,"Netherlands, The",2024-04-01,0.6532897806812878
NLD,"Netherlands, The",2024-05-01,0.2086230876216968
NLD,"Netherlands, The",2024-06-01,0.1696352841391009
NLD,"Netherlands, The",2024-07-01,1.470248633669463
NLD,"Netherlands, The",2024-08-01,0.3186162949476559
NLD,"Netherlands, The",2024-09-01,-0.4764065335753176
NLD,"Netherlands, The",2024-10-01,0.4938834435073323
NLD,"Netherlands, The",2024-11-01,-0.5897474671102374
NLD,"Netherlands, The",2024-12-01,0.114085792515972
DNK,Denmark,2019-01-01,0.1958863858961802
DNK,Denmark,2019-02-01,0.4887585532746823
DNK,Denmark,2019-03-01,0.09727626459143968
DNK,Denmark,2019-04-01,0.2915451895043732
DNK,Denmark,2019-05-01,-0.09689922480620156
DNK,Denmark,2019-06-01,-0.1939864209505335
DNK,Denmark,2019-07-01,0.5830903790087464
DNK,Denmark,2019-08-01,-0.3864734299516908
DNK,Denmark,2019-09-01,-0.1939864209505335
DNK,Denmark,2019-10-01,0.3887269193391642
DNK,Denmark,2019-11-01,-0.1936108422071636
DNK,Denmark,2019-12-01,-0.1939864209505335
DNK,Denmark,2020-01-01,0.09718172983479106
DNK,Denmark,2020-02-01,0.5825242718446602
DNK,Denmark,2020-03-01,-0.2895752895752896
DNK,Denmark,2020-04-01,-0.0968054211035818
DNK,Denmark,2020-05-01,-0.09689922480620156
DNK,Denmark,2020-06-01,0.09699321047526673
DNK,Denmark,2020-07-01,0.7751937984496124
DNK,Denmark,2020-08-01,-0.3846153846153846
DNK,Denmark,2020-09-01,-0.09652509652509653
DNK,Denmark,2020-10-01,0.1932367149758454
DNK,Denmark,2020-11-01,-0.09643201542912248
DNK,Denmark,2020-12-01,-0.1930501930501931
DNK,Denmark,2021-01-01,0.1934235976789168
DNK,Denmark,2021-02-01,0.5791505791505792
DNK,Denmark,2021-03-01,0.09596928982725528
DNK,Denmark,2021-04-01,0.3835091083413231
DNK,Denmark,2021-05-01,0.1910219675262655
DNK,Denmark,2021-06-01,0.09532888465204956
DNK,Denmark,2021-07-01,0.6666666666666667
DNK,Denmark,2021-08-01,-0.1892147587511826
DNK,Denmark,2021-09-01,0.2843601895734597
DNK,Denmark,2021-10-01,0.945179584120983
DNK,Denmark,2021-11-01,0.2808988764044944
DNK,Denmark,2021-12-01,-0.4668534080298786
DNK,Denmark,2022-01-01,1.407129455909944
DNK,Denmark,2022-02-01,1.017576318223867
DNK,Denmark,2022-03-01,0.641025641025641
DNK,Denmark,2022-04-01,1.637852593266606
DNK,Denmark,2022-05-01,0.8952551477170994
DNK,Denmark,2022-06-01,0.7985803016858917
DNK,Denmark,2022-07-01,1.144366197183099
DNK,Denmark,2022-08-01,0
DNK,Denmark,2022-09-01,1.305483028720627
DNK,Denmark,2022-10-01,1.030927835051546
DNK,Denmark,2022-11-01,-0.8503401360544218
DNK,Denmark,2022-12-01,-0.6003430531732419
DNK,Denmark,2023-01-01,0.4314063848144953
DNK,Denmark,2023-02-01,0.9450171821305842
DNK,Denmark,2023-03-01,-0.1702127659574468
DNK,Denmark,2023-04-01,0.2557544757033248
DNK,Denmark,2023-05-01,-1.360544217687075
DNK,Denmark,2023-06-01,0.3448275862068966
DNK,Denmark,2023-07-01,1.804123711340206
DNK,Denmark,2023-08-01,-0.6751054852320675
DNK,Denmark,2023-09-01,-0.2548853016142736
DNK,Denmark,2023-10-01,0.2555366269165247
DNK,Denmark,2023-11-01,-0.3398470688190314
DNK,Denmark,2023-12-01,-0.5115089514066496
DNK,Denmark,2024-01-01,0.9425878320479864
DNK,Denmark,2024-02-01,0.5093378607809848
DNK,Denmark,2024-03-01,0
DNK,Denmark,2024-04-01,0.08445945945945946
DNK,Denmark,2024-05-01,0
DNK,Denmark,2024-06-01,0
DNK,Denmark,2024-07-01,1.09704641350211
DNK,Denmark,2024-08-01,-0.4173622704507513
DNK,Denmark,2024-09-01,-0.3352891869237217
DNK,Denmark,2024-10-01,0.5887300252312868
DNK,Denmark,2024-11-01,-0.3344481605351171
DNK,Denmark,2024-12-01,-0.2516778523489933
USA,United States,2019-01-01,0.1906596665246983
USA,United States,2019-02-01,0.4227053140096211
USA,United States,2019-03-01,0.5641358356806027
USA,United States,2019-04-01,0.5295001612890619
USA,United States,2019-05-01,0.2128758589384511
USA,United States,2019-06-01,0.01991471814815607
USA,United States,2019-07-01,0.1670941622453159
USA,United States,2019-08-01,-0.0050668236082659
USA,United States,2019-09-01,0.07834485769301516
USA,United States,2019-10-01,0.2286190552229444
USA,United States,2019-11-01,-0.05362430346692233
USA,United States,2019-12-01,-0.0909769525053671
USA,United States,2020-01-01,0.3879769937815112
USA,United States,2020-02-01,0.2740618131494814
USA,United States,2020-03-01,-0.217645103178442
USA,United States,2020-04-01,-0.6686941866996966
USA,United States,2020-05-01,0.00195016166833801
USA,United States,2020-06-01,0.5472046927775799
USA,United States,2020-07-01,0.505824350166928
USA,United States,2020-08-01,0.3153210524081913
USA,United States,2020-09-01,0.1392746943266276
USA,United States,2020-10-01,0.04149377593364945
USA,United States,2020-11-01,-0.0610627217844442
USA,United States,2020-12-01,0.09414784670424543
USA,United States,2021-01-01,0.425378348702773
USA,United States,2021-02-01,0.5474382793922873
USA,United States,2021-03-01,0.7083273133749644
USA,United States,2021-04-01,0.8218909154060232
USA,United States,2021-05-01,0.8017105154762624
USA,United States,2021-06-01,0.9290662902357408
USA,United States,2021-07-01,0.4810523526293765
USA,United States,2021-08-01,0.2065911363611491
USA,United States,2021-09-01,0.2715970859057866
USA,United States,2021-10-01,0.8308118552003874
USA,United States,2021-11-01,0.491342750434755
USA,United States,2021-12-01,0.3072517161482879
USA,United States,2022-01-01,0.8414573783546021
USA,United States,2022-02-01,0.9133979256476656
USA,United States,2022-03-01,1.335137954856271
USA,United States,2022-04-01,0.558253102565555
USA,United States,2022-05-01,1.102352399959827
USA,United States,2022-06-01,1.37360757588198
USA,United States,2022-07-01,-0.01181191383375453
USA,United States,2022-08-01,-0.03543992763505219
USA,United States,2022-09-01,0.2150784513000855
USA,United States,2022-10-01,0.4056494434112557
USA,United States,2022-11-01,-0.1010026441888313
USA,United States,2022-12-01,-0.3070091464541269
USA,United States,2023-01-01,0.7995363834540123
USA,United States,2023-02-01,0.5582110505732898
USA,United States,2023-03-01,0.3310729956122864
USA,United States,2023-04-01,0.5059038683257973
USA,United States,2023-05-01,0.251843501020222
USA,United States,2023-06-01,0.3228914236487255
USA,United States,2023-07-01,0.1907515019222071
USA,United States,2023-08-01,0.4367155068353452
USA,United States,2023-09-01,0.2485131552376985
USA,United States,2023-10-01,-0.03833795229848731
USA,United States,2023-11-01,-0.2015139548413912
USA,United States,2023-12-01,-0.09933203278933311
USA,United States,2024-01-01,0.5447503797930505
USA,United States,2024-02-01,0.6189671775550475
USA,United States,2024-03-01,0.6464169937420866
USA,United States,2024-04-01,0.3893293034335084
USA,United States,2024-05-01,0.166162756579523
USA,United States,2024-06-01,0.03375054526238664
USA,United States,2024-07-01,0.1161772897270501
USA,United States,2024-08-01,0.0813886946016332
USA,United States,2024-09-01,0.1604213522407919
USA,United States,2024-10-01,0.1151280839578631
USA,United States,2024-11-01,-0.05417152415224565
USA,United States,2024-12-01,0.03549999524555478
GIN,Guinea,2019-01-01,0.41641409223149223
GIN,Guinea,2019-02-01,0.9079793757435944
GIN,Guinea,2019-03-01,0.9666764566126788
GIN,Guinea,2019-04-01,0.8536066139861986
GIN,Guinea,2019-05-01,0.8289083050484205
GIN,Guinea,2019-06-01,0.7961011100142394
GIN,Guinea,2019-07-01,1.160821151333288
GIN,Guinea,2019-08-01,0.3733037049744956
GIN,Guinea,2019-09-01,1.049817242254025
GIN,Guinea,2019-10-01,0.3779334334970343
GIN,Guinea,2019-11-01,0.6051690594983029
GIN,Guinea,2019-12-01,0.4349996624855344
GIN,Guinea,2020-01-01,0.3623628626751873
GIN,Guinea,2020-02-01,1.126723663524089
GIN,Guinea,2020-03-01,1.104209954473296
GIN,Guinea,2020-04-01,2.839102495170446
GIN,Guinea,2020-05-01,0.7431859210862887
GIN,Guinea,2020-06-01,0.563320092114468
GIN,Guinea,2020-07-01,1.164970180580882
GIN,Guinea,2020-08-01,0.1689993908070425
GIN,Guinea,2020-09-01,0.6247102885099682
GIN,Guinea,2020-10-01,0.5537447501690017
GIN,Guinea,2020-11-01,0.5169711654181323
GIN,Guinea,2020-12-01,0.3574505234099172
GIN,Guinea,2021-01-01,2.170018540441935
GIN,Guinea,2021-02-01,1.152233514449185
GIN,Guinea,2021-03-01,0.846377881593129
GIN,Guinea,2021-04-01,2.922886597185508
GIN,Guinea,2021-05-01,0.710151718334402
GIN,Guinea,2021-06-01,0.445019114354236
GIN,Guinea,2021-07-01,1.204937046746225
GIN,Guinea,2021-08-01,1.239287982380736
GIN,Guinea,2021-09-01,0.2476297105946515
GIN,Guinea,2021-10-01,0.2271027336409265
GIN,Guinea,2021-11-01,0.451260676896998
GIN,Guinea,2021-12-01,0.2854299002133337
GIN,Guinea,2022-01-01,1.483628717694998
GIN,Guinea,2022-02-01,1.596833625951423
GIN,Guinea,2022-03-01,0.991272545629191
GIN,Guinea,2022-04-01,1.614197147574243
GIN,Guinea,2022-05-01,0.8317218237864464
GIN,Guinea,2022-06-01,1.7146887459162241
GIN,Guinea,2022-07-01,1.087918224611839
GIN,Guinea,2022-08-01,-2.286089790471109
GIN,Guinea,2022-09-01,0.2890173410404624
GIN,Guinea,2022-10-01,0.3602305475504323
GIN,Guinea,2022-11-01,0.3589375448671931
GIN,Guinea,2022-12-01,0.2861230329041488
GIN,Guinea,2023-01-01,1.212553495007133
GIN,Guinea,2023-02-01,1.409443269908386
GIN,Guinea,2023-03-01,0.9034051424600416
GIN,Guinea,2023-04-01,1.859504132231405
GIN,Guinea,2023-05-01,0.5409060175794456
GIN,Guinea,2023-06-01,0.06724949562878278
GIN,Guinea,2023-07-01,0.8736559139784946
GIN,Guinea,2023-08-01,-0.3997335109926716
GIN,Guinea,2023-09-01,0.1337792642140468
GIN,Guinea,2023-10-01,0.4008016032064128
GIN,Guinea,2023-11-01,0.3992015968063872
GIN,Guinea,2023-12-01,1.524188204108681
GIN,Guinea,2024-01-01,1.240208877284595
GIN,Guinea,2024-02-01,1.096067053513862
GIN,Guinea,2024-03-01,0.701530612244898
GIN,Guinea,2024-04-01,1.139962001266624
GIN,Guinea,2024-05-01,0.4383218534752661
GIN,Guinea,2024-06-01,0.2493765586034913
GIN,Guinea,2024-07-01,0.6840796019900498
GIN,Guinea,2024-08-01,0.06176652254478073
GIN,Guinea,2024-09-01,0.0617283950617284
GIN,Guinea,2024-10-01,0.06169031462060457
GIN,Guinea,2024-11-01,0.3699136868064118
GIN,Guinea,2024-12-01,0.1228501228501229
SRB,"Serbia, Republic of",2019-01-01,0.358974358974359
SRB,"Serbia, Republic of",2019-02-01,0.7153806847215125
SRB,"Serbia, Republic of",2019-03-01,0.45662100456621
SRB,"Serbia, Republic of",2019-04-01,0.7070707070707071
SRB,"Serbia, Republic of",2019-05-01,-0.2507522567703109
SRB,"Serbia, Republic of",2019-06-01,-0.2513826043237808
SRB,"Serbia, Republic of",2019-07-01,-0.2520161290322581
SRB,"Serbia, Republic of",2019-08-01,0
SRB,"Serbia, Republic of",2019-09-01,-0.4547751389590702
SRB,"Serbia, Republic of",2019-10-01,0.1522842639593909
SRB,"Serbia, Republic of",2019-11-01,0.1520527116066903
SRB,"Serbia, Republic of",2019-12-01,0.5060728744939271
SRB,"Serbia, Republic of",2020-01-01,0.553877139979859
SRB,"Serbia, Republic of",2020-02-01,0.6009013520280421
SRB,"Serbia, Republic of",2020-03-01,-0.09955201592832257
SRB,"Serbia, Republic of",2020-04-01,0.04982561036372696
SRB,"Serbia, Republic of",2020-05-01,-0.249003984063745
SRB,"Serbia, Republic of",2020-06-01,0.599101347978033
SRB,"Serbia, Republic of",2020-07-01,0.1985111662531017
SRB,"Serbia, Republic of",2020-08-01,-0.09905894006934124
SRB,"Serbia, Republic of",2020-09-01,-0.495785820525533
SRB,"Serbia, Republic of",2020-10-01,0.09965122072745392
SRB,"Serbia, Republic of",2020-11-01,0.04977600796416127
SRB,"Serbia, Republic of",2020-12-01,0.04975124378109453
SRB,"Serbia, Republic of",2021-01-01,0.4475385380407757
SRB,"Serbia, Republic of",2021-02-01,0.6435643564356436
SRB,"Serbia, Republic of",2021-03-01,0.4918839153959666
SRB,"Serbia, Republic of",2021-04-01,1.027900146842878
SRB,"Serbia, Republic of",2021-05-01,0.5329457364341085
SRB,"Serbia, Republic of",2021-06-01,0.2891566265060241
SRB,"Serbia, Republic of",2021-07-01,0.2402691013935608
SRB,"Serbia, Republic of",2021-08-01,0.862895493767977
SRB,"Serbia, Republic of",2021-09-01,0.8079847908745247
SRB,"Serbia, Republic of",2021-10-01,0.942951438000943
SRB,"Serbia, Republic of",2021-11-01,0.8874357776739841
SRB,"Serbia, Republic of",2021-12-01,0.4166666666666667
SRB,"Serbia, Republic of",2022-01-01,0.8298755186721992
SRB,"Serbia, Republic of",2022-02-01,1.097393689986283
SRB,"Serbia, Republic of",2022-03-01,0.8141112618724559
SRB,"Serbia, Republic of",2022-04-01,1.525347689546882
SRB,"Serbia, Republic of",2022-05-01,1.237295625276182
SRB,"Serbia, Republic of",2022-06-01,1.615015277171541
SRB,"Serbia, Republic of",2022-07-01,1.030927835051546
SRB,"Serbia, Republic of",2022-08-01,1.232993197278912
SRB,"Serbia, Republic of",2022-09-01,1.511969760604788
SRB,"Serbia, Republic of",2022-10-01,1.86181216383947
SRB,"Serbia, Republic of",2022-11-01,0.974817221770918
SRB,"Serbia, Republic of",2022-12-01,0.4424778761061947
SRB,"Serbia, Republic of",2023-01-01,1.401682018422107
SRB,"Serbia, Republic of",2023-02-01,1.382306477093207
SRB,"Serbia, Republic of",2023-03-01,0.8570315543435917
SRB,"Serbia, Republic of",2023-04-01,0.656624179219776
SRB,"Serbia, Republic of",2023-05-01,0.8825786646201074
SRB,"Serbia, Republic of",2023-06-01,0.7227082540890072
SRB,"Serbia, Republic of",2023-07-01,-0.03776435045317221
SRB,"Serbia, Republic of",2023-08-01,0.3400075557234605
SRB,"Serbia, Republic of",2023-09-01,0.3012048192771084
SRB,"Serbia, Republic of",2023-10-01,0.2627627627627628
SRB,"Serbia, Republic of",2023-11-01,0.4867090977162112
SRB,"Serbia, Republic of",2023-12-01,0.1490312965722802
SRB,"Serbia, Republic of",2024-01-01,0.2976190476190476
SRB,"Serbia, Republic of",2024-02-01,0.556379821958457
SRB,"Serbia, Republic of",2024-03-01,0.2582073035780155
SRB,"Serbia, Republic of",2024-04-01,0.6622516556291391
SRB,"Serbia, Republic of",2024-05-01,0.402046783625731
SRB,"Serbia, Republic of",2024-06-01,0.0728066982162359
SRB,"Serbia, Republic of",2024-07-01,0.4001455074572572
SRB,"Serbia, Republic of",2024-08-01,0.3985507246376812
SRB,"Serbia, Republic of",2024-09-01,0.1443522194153735
SRB,"Serbia, Republic of",2024-10-01,0.5765765765765766
SRB,"Serbia, Republic of",2024-11-01,0.2866356144750985
SRB,"Serbia, Republic of",2024-12-01,0.1429081814933905
MNE,Montenegro,2019-01-01,-0.3385619222489314
MNE,Montenegro,2019-02-01,0.3866437573526482
MNE,Montenegro,2019-03-01,0.6370230277116452
MNE,Montenegro,2019-04-01,0.1277830409759461
MNE,Montenegro,2019-05-01,0.1680923580551722
MNE,Montenegro,2019-06-01,-0.6868742904208894
MNE,Montenegro,2019-07-01,-0.06467939889807844
MNE,Montenegro,2019-08-01,0.05392657977123209
MNE,Montenegro,2019-09-01,0.1247904330321408
MNE,Montenegro,2019-10-01,0.5388179483954396
MNE,Montenegro,2019-11-01,0.1456976028029021
MNE,Montenegro,2019-12-01,-0.05151118719164831
MNE,Montenegro,2020-01-01,0.07858475484653368
MNE,Montenegro,2020-02-01,-0.1449146579115739
MNE,Montenegro,2020-03-01,-0.2840099620596525
MNE,Montenegro,2020-04-01,-0.7467687790826549
MNE,Montenegro,2020-05-01,0.05507615549298651
MNE,Montenegro,2020-06-01,0.09495865043310452
MNE,Montenegro,2020-07-01,-0.3452066919306091
MNE,Montenegro,2020-08-01,0.05171986079664704
MNE,Montenegro,2020-09-01,0.7070656292584787
MNE,Montenegro,2020-10-01,-0.1320047296151549
MNE,Montenegro,2020-11-01,-0.2834130808164748
MNE,Montenegro,2020-12-01,0.05123437938815837
MNE,Montenegro,2021-01-01,0.2950042547563036
MNE,Montenegro,2021-02-01,0.4538578339801531
MNE,Montenegro,2021-03-01,0.6068925678334426
MNE,Montenegro,2021-04-01,0.584626474279825
MNE,Montenegro,2021-05-01,0.2718697591909419
MNE,Montenegro,2021-06-01,0.1591612712196275
MNE,Montenegro,2021-07-01,0.3213955676041477
MNE,Montenegro,2021-08-01,0.06657472325589489
MNE,Montenegro,2021-09-01,0.5134825411580987
MNE,Montenegro,2021-10-01,0.6774014892648174
MNE,Montenegro,2021-11-01,0.3009342646759278
MNE,Montenegro,2021-12-01,0.2766968181885828
MNE,Montenegro,2022-01-01,1.283231540631103
MNE,Montenegro,2022-02-01,1.468725769377947
MNE,Montenegro,2022-03-01,3.448088087863916
MNE,Montenegro,2022-04-01,1.921870628424354
MNE,Montenegro,2022-05-01,0.7589776775583941
MNE,Montenegro,2022-06-01,1.764530292169152
MNE,Montenegro,2022-07-01,1.512136253025605
MNE,Montenegro,2022-08-01,0.1590726715219113
MNE,Montenegro,2022-09-01,1.376857238540218
MNE,Montenegro,2022-10-01,1.440152840422023
MNE,Montenegro,2022-11-01,0.8522233129233264
MNE,Montenegro,2022-12-01,0.05225118404432368
MNE,Montenegro,2023-01-01,0.4285926535317273
MNE,Montenegro,2023-02-01,0.5099066879769738
MNE,Montenegro,2023-03-01,-0.6942233140157877
MNE,Montenegro,2023-04-01,0.1731439781226655
MNE,Montenegro,2023-05-01,0.5325757856108231
MNE,Montenegro,2023-06-01,0.9209249073593642
MNE,Montenegro,2023-07-01,0.9595137512951636
MNE,Montenegro,2023-08-01,1.706513476702064
MNE,Montenegro,2023-09-01,0.7569800683344134
MNE,Montenegro,2023-10-01,-0.2722548348324845
MNE,Montenegro,2023-11-01,-0.3346311510252037
MNE,Montenegro,2023-12-01,-0.4836305866362408
MNE,Montenegro,2024-01-01,0.5315848935255919
MNE,Montenegro,2024-02-01,0.4070464031218382
MNE,Montenegro,2024-03-01,0.511261827379527
MNE,Montenegro,2024-04-01,0.0803890880782121
MNE,Montenegro,2024-05-01,0.0738614532887679
MNE,Montenegro,2024-06-01,0.1186148078460359
MNE,Montenegro,2024-07-01,0.3932679756628664
MNE,Montenegro,2024-08-01,0.3818192222688457
MNE,Montenegro,2024-09-01,-0.436412165562627
MNE,Montenegro,2024-10-01,-0.00604395435161608
MNE,Montenegro,2024-11-01,0.165433269909347
MNE,Montenegro,2024-12-01,-0.1172836327917053
PRT,Portugal,2019-01-01,-1.202994462559571
PRT,Portugal,2019-02-01,-0.2206794192030153
PRT,Portugal,2019-03-01,1.771297157116994
PRT,Portugal,2019-04-01,0.5846434924755998
PRT,Portugal,2019-05-01,0.05831572708239725
PRT,Portugal,2019-06-01,0.03057402736375449
PRT,Portugal,2019-07-01,-1.305685030946741
PRT,Portugal,2019-08-01,-0.1151661198695429
PRT,Portugal,2019-09-01,1.100668539870168
PRT,Portugal,2019-10-01,0.03737565407394629
PRT,Portugal,2019-11-01,-0.1475307754945634
PRT,Portugal,2019-12-01,-0.1323982308526254
PRT,Portugal,2020-01-01,-0.829066315698462
PRT,Portugal,2020-02-01,-0.6364428945074107
PRT,Portugal,2020-03-01,1.434100591773664
PRT,Portugal,2020-04-01,0.3171735035177425
PRT,Portugal,2020-05-01,-0.4483875294613601
PRT,Portugal,2020-06-01,0.8863780724885955
PRT,Portugal,2020-07-01,-1.288790101786753
PRT,Portugal,2020-08-01,-0.2686613320963315
PRT,Portugal,2020-09-01,0.9709490494001822
PRT,Portugal,2020-10-01,0.1055662188099808
PRT,Portugal,2020-11-01,-0.2962323842392867
PRT,Portugal,2020-12-01,-0.1413447947615888
PRT,Portugal,2021-01-01,-0.3013846361237892
PRT,Portugal,2021-02-01,-0.4577896678610406
PRT,Portugal,2021-03-01,1.406851853648598
PRT,Portugal,2021-04-01,0.4152434532181368
PRT,Portugal,2021-05-01,0.2363007498737506
PRT,Portugal,2021-06-01,0.1520927005009553
PRT,Portugal,2021-07-01,-0.3473837071346539
PRT,Portugal,2021-08-01,-0.2000133342222815
PRT,Portugal,2021-09-01,0.9142704446331944
PRT,Portugal,2021-10-01,0.4529936353921374
PRT,Portugal,2021-11-01,0.4405949915270194
PRT,Portugal,2021-12-01,0.01499700059988002
PRT,Portugal,2022-01-01,0.2764657369920528
PRT,Portugal,2022-02-01,0.3654239759250086
PRT,Portugal,2022-03-01,2.513269391935934
PRT,Portugal,2022-04-01,2.200946506917131
PRT,Portugal,2022-05-01,0.9794510807736064
PRT,Portugal,2022-06-01,0.8273628250039607
PRT,Portugal,2022-07-01,-0.04190163590970197
PRT,Portugal,2022-08-01,-0.3065341554154367
PRT,Portugal,2022-09-01,1.226402698085936
PRT,Portugal,2022-10-01,1.241832893427372
PRT,Portugal,2022-11-01,0.2555773997777588
PRT,Portugal,2022-12-01,-0.2975556105005584
PRT,Portugal,2023-01-01,-0.849153412006157
PRT,Portugal,2023-02-01,0.2587389065693808
PRT,Portugal,2023-03-01,1.740259963697988
PRT,Portugal,2023-04-01,0.5631182886615372
PRT,Portugal,2023-05-01,-0.6684267168897557
PRT,Portugal,2023-06-01,0.2547803048899197
PRT,Portugal,2023-07-01,-0.3571368264635856
PRT,Portugal,2023-08-01,0.3202874113490201
PRT,Portugal,2023-09-01,1.089554633985658
PRT,Portugal,2023-10-01,-0.1838127783301445
PRT,Portugal,2023-11-01,-0.3105460085211816
PRT,Portugal,2023-12-01,-0.4139517700006717
PRT,Portugal,2024-01-01,0.01011778791430234
PRT,Portugal,2024-02-01,0.03035029296463348
PRT,Portugal,2024-03-01,1.961213980497425
PRT,Portugal,2024-04-01,0.4810792044834598
PRT,Portugal,2024-05-01,0.1661730832510694
PRT,Portugal,2024-06-01,-0.00903401718105813
PRT,Portugal,2024-07-01,-0.6102619280334453
PRT,Portugal,2024-08-01,-0.3379941822028296
PRT,Portugal,2024-09-01,1.29603064702029
PRT,Portugal,2024-10-01,0.06466822743570014
PRT,Portugal,2024-11-01,-0.1619751147323729
PRT,Portugal,2024-12-01,0.1065198331735536
TUR,"Türkiye, Republic of",2019-01-01,1.063775769269828
TUR,"Türkiye, Republic of",2019-02-01,0.1607757429597809
TUR,"Türkiye, Republic of",2019-03-01,1.028316320132427
TUR,"Türkiye, Republic of",2019-04-01,1.693105930835878
TUR,"Türkiye, Republic of",2019-05-01,0.9496374777237996
TUR,"Türkiye, Republic of",2019-06-01,0.02660088992068098
TUR,"Türkiye, Republic of",2019-07-01,1.356284602180693
TUR,"Türkiye, Republic of",2019-08-01,0.8586966892472092
TUR,"Türkiye, Republic of",2019-09-01,0.9932835114937092
TUR,"Türkiye, Republic of",2019-10-01,2.002154364930686
TUR,"Türkiye, Republic of",2019-11-01,0.3810923115774008
TUR,"Türkiye, Republic of",2019-12-01,0.7432818753573471
TUR,"Türkiye, Republic of",2020-01-01,1.350737797956867
TUR,"Türkiye, Republic of",2020-02-01,0.3516631201702318
TUR,"Türkiye, Republic of",2020-03-01,0.5714030623632874
TUR,"Türkiye, Republic of",2020-04-01,0.8544542589551245
TUR,"Türkiye, Republic of",2020-05-01,1.36214598508021
TUR,"Türkiye, Republic of",2020-06-01,1.13325517780383
TUR,"Türkiye, Republic of",2020-07-01,0.5838914648806457
TUR,"Türkiye, Republic of",2020-08-01,0.8643503500085368
TUR,"Türkiye, Republic of",2020-09-01,0.9733183809060324
TUR,"Türkiye, Republic of",2020-10-01,2.131137235179481
TUR,"Türkiye, Republic of",2020-11-01,2.298001559358201
TUR,"Türkiye, Republic of",2020-12-01,1.249548718360143
TUR,"Türkiye, Republic of",2021-01-01,1.681820883104534
TUR,"Türkiye, Republic of",2021-02-01,0.9078511591661796
TUR,"Türkiye, Republic of",2021-03-01,1.075372615645996
TUR,"Türkiye, Republic of",2021-04-01,1.678986877542834
TUR,"Türkiye, Republic of",2021-05-01,0.8885632702134055
TUR,"Türkiye, Republic of",2021-06-01,1.942091052974583
TUR,"Türkiye, Republic of",2021-07-01,1.804632132680646
TUR,"Türkiye, Republic of",2021-08-01,1.11956365724128
TUR,"Türkiye, Republic of",2021-09-01,1.252661462029808
TUR,"Türkiye, Republic of",2021-10-01,2.393719552798514
TUR,"Türkiye, Republic of",2021-11-01,3.511774370208105
TUR,"Türkiye, Republic of",2021-12-01,13.57549103895245
TUR,"Türkiye, Republic of",2022-01-01,11.10415605211442
TUR,"Türkiye, Republic of",2022-02-01,4.808511195838738
TUR,"Türkiye, Republic of",2022-03-01,5.464228119960497
TUR,"Türkiye, Republic of",2022-04-01,7.248352377791475
TUR,"Türkiye, Republic of",2022-05-01,2.980802175090352
TUR,"Türkiye, Republic of",2022-06-01,4.951918949085601
TUR,"Türkiye, Republic of",2022-07-01,2.365272522752838
TUR,"Türkiye, Republic of",2022-08-01,1.460495689439877
TUR,"Türkiye, Republic of",2022-09-01,3.075862747993896
TUR,"Türkiye, Republic of",2022-10-01,3.54478502994584
TUR,"Türkiye, Republic of",2022-11-01,2.883763837638376
TUR,"Türkiye, Republic of",2022-12-01,1.182683858472464
TUR,"Türkiye, Republic of",2023-01-01,6.648943240728433
TUR,"Türkiye, Republic of",2023-02-01,3.145046033170472
TUR,"Türkiye, Republic of",2023-03-01,2.289479832115553
TUR,"Türkiye, Republic of",2023-04-01,2.385508958456389
TUR,"Türkiye, Republic of",2023-05-01,0.04307559767391773
TUR,"Türkiye, Republic of",2023-06-01,3.920498231585422
TUR,"Türkiye, Republic of",2023-07-01,9.488824273633275
TUR,"Türkiye, Republic of",2023-08-01,9.086793166828846
TUR,"Türkiye, Republic of",2023-09-01,4.753114333678166
TUR,"Türkiye, Republic of",2023-10-01,3.433981455199167
TUR,"Türkiye, Republic of",2023-11-01,3.281097243741103
TUR,"Türkiye, Republic of",2023-12-01,2.927207306947135
TUR,"Türkiye, Republic of",2024-01-01,6.703309705385666
TUR,"Türkiye, Republic of",2024-02-01,4.52918821382849
TUR,"Türkiye, Republic of",2024-03-01,3.162670935637549
TUR,"Türkiye, Republic of",2024-04-01,3.179759473140544
TUR,"Türkiye, Republic of",2024-05-01,3.36806342015855
TUR,"Türkiye, Republic of",2024-06-01,1.640773933431207
TUR,"Türkiye, Republic of",2024-07-01,3.225556096908968
TUR,"Türkiye, Republic of",2024-08-01,2.474416273338624
TUR,"Türkiye, Republic of",2024-09-01,2.968198455982457
TUR,"Türkiye, Republic of",2024-10-01,2.879865091680654
TUR,"Türkiye, Republic of",2024-11-01,2.244017684336895
TUR,"Türkiye, Republic of",2024-12-01,1.02813832449581
BRA,Brazil,2019-01-01,0.3199617300675802
BRA,Brazil,2019-02-01,0.4299452992321568
BRA,Brazil,2019-03-01,0.7499615678750245
BRA,Brazil,2019-04-01,0.56996950247901
BRA,Brazil,2019-05-01,0.130017783820948
BRA,Brazil,2019-06-01,0.00997362742747542
BRA,Brazil,2019-07-01,0.190055367290148
BRA,Brazil,2019-08-01,0.1100651202676784
BRA,Brazil,2019-09-01,-0.03996229395039704
BRA,Brazil,2019-10-01,0.10004131725531
BRA,Brazil,2019-11-01,0.5100256637117409
BRA,Brazil,2019-12-01,1.150052473877135
BRA,Brazil,2020-01-01,0.2099525398242564
BRA,Brazil,2020-02-01,0.250027197257016
BRA,Brazil,2020-03-01,0.0699752093175546
BRA,Brazil,2020-04-01,-0.3099940356997956
BRA,Brazil,2020-05-01,-0.3799764062034055
BRA,Brazil,2020-06-01,0.2599945403029191
BRA,Brazil,2020-07-01,0.3599689040946698
BRA,Brazil,2020-08-01,0.2400540355459592
BRA,Brazil,2020-09-01,0.6400421095071172
BRA,Brazil,2020-10-01,0.8600176195112904
BRA,Brazil,2020-11-01,0.8900134605341552
BRA,Brazil,2020-12-01,1.350036088449509
BRA,Brazil,2021-01-01,0.2499734740378269
BRA,Brazil,2021-02-01,0.8599889855394843
BRA,Brazil,2021-03-01,0.9300249180514476
BRA,Brazil,2021-04-01,0.3099712408717963
BRA,Brazil,2021-05-01,0.8300672310538252
BRA,Brazil,2021-06-01,0.5300057844155301
BRA,Brazil,2021-07-01,0.959968665402653
BRA,Brazil,2021-08-01,0.8699876574363516
BRA,Brazil,2021-09-01,1.159962900247615
BRA,Brazil,2021-10-01,1.249955839379833
BRA,Brazil,2021-11-01,0.9500690370207908
BRA,Brazil,2021-12-01,0.7299582434258496
BRA,Brazil,2022-01-01,0.5400291501362736
BRA,Brazil,2022-02-01,1.010061611320491
BRA,Brazil,2022-03-01,1.620050070471937
BRA,Brazil,2022-04-01,1.060018081264359
BRA,Brazil,2022-05-01,0.4700072694457674
BRA,Brazil,2022-06-01,0.6700577587604944
BRA,Brazil,2022-07-01,-0.6800034077619523
BRA,Brazil,2022-08-01,-0.3599529004437028
BRA,Brazil,2022-09-01,-0.2900356401053707
BRA,Brazil,2022-10-01,0.59007839455978806
BRA,Brazil,2022-11-01,0.4099607829673545
BRA,Brazil,2022-12-01,0.6199682944266575
BRA,Brazil,2023-01-01,0.5299586505593836
BRA,Brazil,2023-02-01,0.8399913957347428
BRA,Brazil,2023-03-01,0.7100335666083099
BRA,Brazil,2023-04-01,0.6100153260298926
BRA,Brazil,2023-05-01,0.2299251577821922
BRA,Brazil,2023-06-01,-0.07996663305967641
BRA,Brazil,2023-07-01,0.1199708706521821
BRA,Brazil,2023-08-01,0.2300560592926751
BRA,Brazil,2023-09-01,0.2600519505392562
BRA,Brazil,2023-10-01,0.2399763605376187
BRA,Brazil,2023-11-01,0.2800465702111441
BRA,Brazil,2023-12-01,0.5600136588697285
BRA,Brazil,2024-01-01,0.4200334550372272
BRA,Brazil,2024-02-01,0.829937133548573
BRA,Brazil,2024-03-01,0.1599552067096616
BRA,Brazil,2024-04-01,0.3799602279179053
BRA,Brazil,2024-05-01,0.4600274972299731
BRA,Brazil,2024-06-01,0.21004885259912
BRA,Brazil,2024-07-01,0.3800325865697809
BRA,Brazil,2024-08-01,-0.01994865016525806
BRA,Brazil,2024-09-01,0.4399626785329793
BRA,Brazil,2024-10-01,0.5599422622067556
BRA,Brazil,2024-11-01,0.3899760244331917
BRA,Brazil,2024-12-01,0.519977292578892
COL,Colombia,2019-01-01,0.5985
COL,Colombia,2019-02-01,0.5748594660954189
COL,Colombia,2019-03-01,0.4342892837093089
COL,Colombia,2019-04-01,0.4958854985720781
COL,Colombia,2019-05-01,0.3146295391406785
COL,Colombia,2019-06-01,0.2673723709359692
COL,Colombia,2019-07-01,0.2189547224220734
COL,Colombia,2019-08-01,0.0847093749574996
COL,Colombia,2019-09-01,0.228385846871803
COL,Colombia,2019-10-01,0.1586245565920705
COL,Colombia,2019-11-01,0.1050021029426694
COL,Colombia,2019-12-01,0.2600084415816472
COL,Colombia,2020-01-01,0.422140508630182
COL,Colombia,2020-02-01,0.6696884667961724
COL,Colombia,2020-03-01,0.5654627474971555
COL,Colombia,2020-04-01,0.1569162544772301
COL,Colombia,2020-05-01,-0.3184496440856919
COL,Colombia,2020-06-01,-0.3762231523400055
COL,Colombia,2020-07-01,0.00142902599493553
COL,Colombia,2020-08-01,-0.00552548821975438
COL,Colombia,2020-09-01,0.3163993167070462
COL,Colombia,2020-10-01,-0.05679314379492167
COL,Colombia,2020-11-01,-0.1495705784979465
COL,Colombia,2020-12-01,0.3795304785433948
COL,Colombia,2021-01-01,0.4090978042398271
COL,Colombia,2021-02-01,0.635837877393008
COL,Colombia,2021-03-01,0.509472147448558
COL,Colombia,2021-04-01,0.5923047984623413
COL,Colombia,2021-05-01,0.99945804689008
COL,Colombia,2021-06-01,-0.04915680008526637
COL,Colombia,2021-07-01,0.3249621490339845
COL,Colombia,2021-08-01,0.4474258581541828
COL,Colombia,2021-09-01,0.382763946117491
COL,Colombia,2021-10-01,0.01335837802028838
COL,Colombia,2021-11-01,0.495284304639372
COL,Colombia,2021-12-01,0.7264715003467354
COL,Colombia,2022-01-01,1.66570023679028
COL,Colombia,2022-02-01,1.63390642782285
COL,Colombia,2022-03-01,0.995891859209524
COL,Colombia,2022-04-01,1.246867992496084
COL,Colombia,2022-05-01,0.8447109776745854
COL,Colombia,2022-06-01,0.5072314815438842
COL,Colombia,2022-07-01,0.8116152425751413
COL,Colombia,2022-08-01,1.021753734817948
COL,Colombia,2022-09-01,0.9296928046748008
COL,Colombia,2022-10-01,0.7150656312662019
COL,Colombia,2022-11-01,0.77265624367455
COL,Colombia,2022-12-01,1.255470488087653
COL,Colombia,2023-01-01,1.782093998138478
COL,Colombia,2023-02-01,1.658197670883234
COL,Colombia,2023-03-01,1.054074117246478
COL,Colombia,2023-04-01,0.7811142317905069
COL,Colombia,2023-05-01,0.431241557017709
COL,Colombia,2023-06-01,0.30080532152505
COL,Colombia,2023-07-01,0.5017323670450341
COL,Colombia,2023-08-01,0.6986359751784523
COL,Colombia,2023-09-01,0.5374962145553118
COL,Colombia,2023-10-01,0.2471445038632859
COL,Colombia,2023-11-01,0.4716708036798531
COL,Colombia,2023-12-01,0.4532633281957654
COL,Colombia,2024-01-01,0.9163779688794556
COL,Colombia,2024-02-01,1.086574071742239
COL,Colombia,2024-03-01,0.702621287766517
COL,Colombia,2024-04-01,0.5939552699305108
COL,Colombia,2024-05-01,0.4252520454539067
COL,Colombia,2024-06-01,0.3247952712271412
COL,Colombia,2024-07-01,0.1993932419709175
COL,Colombia,2024-08-01,0.00167048441960062
COL,Colombia,2024-09-01,0.2422161946582977
COL,Colombia,2024-10-01,-0.1343551266375182
COL,Colombia,2024-11-01,0.272687199553911
COL,Colombia,2024-12-01,0.4587435861877687
NAM,Namibia,2019-01-01,1.170190646778945
NAM,Namibia,2019-02-01,-0.0856410644035961
NAM,Namibia,2019-03-01,0.1907167647085235
NAM,Namibia,2019-04-01,0.3548541075271118
NAM,Namibia,2019-05-01,-0.05833542348116414
NAM,Namibia,2019-06-01,0.1184001373428887
NAM,Namibia,2019-07-01,0.236904588811455
NAM,Namibia,2019-08-01,0.09812983366644512
NAM,Namibia,2019-09-01,0.3204555632636103
NAM,Namibia,2019-10-01,0.1927246436670687
NAM,Namibia,2019-11-01,0.1444043321299639
NAM,Namibia,2019-12-01,-0.144196106705119
NAM,Namibia,2020-01-01,0.6642599277978339
NAM,Namibia,2020-02-01,0.3084205996270263
NAM,Namibia,2020-03-01,0.09576414020235968
NAM,Namibia,2020-04-01,-0.3425580088094635
NAM,Namibia,2020-05-01,0.3516458053631283
NAM,Namibia,2020-06-01,0.2013688322147031
NAM,Namibia,2020-07-01,0.1801548551889903
NAM,Namibia,2020-08-01,0.420925927192222
NAM,Namibia,2020-09-01,0.3205520735938561
NAM,Namibia,2020-10-01,0.05186202681597306
NAM,Namibia,2020-11-01,0.1020224255973633
NAM,Namibia,2020-12-01,0.00994300406457389
NAM,Namibia,2021-01-01,0.9497487668494696
NAM,Namibia,2021-02-01,0.3566018450446685
NAM,Namibia,2021-03-01,0.4915991202516209
NAM,Namibia,2021-04-01,0.3610482598055247
NAM,Namibia,2021-05-01,0.2632866838728678
NAM,Namibia,2021-06-01,0.4790307765189407
NAM,Namibia,2021-07-01,0.1624878923029707
NAM,Namibia,2021-08-01,-0.1515083027498696
NAM,Namibia,2021-09-01,0.3482243532611416
NAM,Namibia,2021-10-01,0.18550761769233
NAM,Namibia,2021-11-01,0.5683010545333776
NAM,Namibia,2021-12-01,0.3938894604879749
NAM,Namibia,2022-01-01,1.053936666166314
NAM,Namibia,2022-02-01,0.2198748131065977
NAM,Namibia,2022-03-01,0.535631769598821
NAM,Namibia,2022-04-01,1.416299255907663
NAM,Namibia,2022-05-01,0.08535381863546937
NAM,Namibia,2022-06-01,1.021487776691004
NAM,Namibia,2022-07-01,0.9761053897944896
NAM,Namibia,2022-08-01,0.2907686572600213
NAM,Namibia,2022-09-01,0.1428980555744864
NAM,Namibia,2022-10-01,0.1595998645214848
NAM,Namibia,2022-11-01,0.5404978270262246
NAM,Namibia,2022-12-01,0.2636168543997702
NAM,Namibia,2023-01-01,1.137487372163442
NAM,Namibia,2023-02-01,0.3942756103263167
NAM,Namibia,2023-03-01,0.5595388824328951
NAM,Namibia,2023-04-01,0.387047469437177
NAM,Namibia,2023-05-01,0.2483121978676581
NAM,Namibia,2023-06-01,0.0614666223602724
NAM,Namibia,2023-07-01,0.2658803627552284
NAM,Namibia,2023-08-01,0.4331889158838598
NAM,Namibia,2023-09-01,0.792399740245615
NAM,Namibia,2023-10-01,0.7894012622088581
NAM,Namibia,2023-11-01,0.2602934111463645
NAM,Namibia,2023-12-01,-0.1397498547095383
NAM,Namibia,2024-01-01,1.270589548884694
NAM,Namibia,2024-02-01,0.01353990351123982
NAM,Namibia,2024-03-01,-0.00508806333101261
NAM,Namibia,2024-04-01,0.7144282448926083
NAM,Namibia,2024-05-01,0.3227452093302652
NAM,Namibia,2024-06-01,-0.1672111267657927
NAM,Namibia,2024-07-01,0.1864436218383195
NAM,Namibia,2024-08-01,0.3085302242912245
NAM,Namibia,2024-09-01,-0.2001159067106678
NAM,Namibia,2024-10-01,0.3974664209327032
NAM,Namibia,2024-11-01,0.2558971283195578
NAM,Namibia,2024-12-01,0.2458725352130918
CHN,"China, People's Republic of",2019-01-01,0.4694885837029803
CHN,"China, People's Republic of",2019-02-01,1.028027464939085
CHN,"China, People's Republic of",2019-03-01,-0.3700214042611021
CHN,"China, People's Republic of",2019-04-01,0.09285150119075708
CHN,"China, People's Republic of",2019-05-01,0
CHN,"China, People's Republic of",2019-06-01,-0.09276536715476875
CHN,"China, People's Republic of",2019-07-01,0.3713956476519083
CHN,"China, People's Republic of",2019-08-01,0.7400634460973881
CHN,"China, People's Republic of",2019-09-01,0.8264448418949478
CHN,"China, People's Republic of",2019-10-01,0.9107463682758054
CHN,"China, People's Republic of",2019-11-01,0.3610146828074257
CHN,"China, People's Republic of",2019-12-01,0
CHN,"China, People's Republic of",2020-01-01,1.43882409563913
CHN,"China, People's Republic of",2020-02-01,0.7979304636580202
CHN,"China, People's Republic of",2020-03-01,-1.231323149974002
CHN,"China, People's Republic of",2020-04-01,-0.8904911701807483
CHN,"China, People's Republic of",2020-05-01,-0.808633927307032
CHN,"China, People's Republic of",2020-06-01,0
CHN,"China, People's Republic of",2020-07-01,-0.3623126172168563
CHN,"China, People's Republic of",2020-08-01,1.363640742511582
CHN,"China, People's Republic of",2020-09-01,0.1793841035731861
CHN,"China, People's Republic of",2020-10-01,-0.2685993329205696
CHN,"China, People's Republic of",2020-11-01,-0.6283629669778509
CHN,"China, People's Republic of",2020-12-01,0.7226816122974373
CHN,"China, People's Republic of",2021-01-01,0.9416990158634532
CHN,"China, People's Republic of",2021-02-01,0.5946481665014866
CHN,"China, People's Republic of",2021-03-01,-0.4926108374384236
CHN,"China, People's Republic of",2021-04-01,-0.297029702970297
CHN,"China, People's Republic of",2021-05-01,-0.09930486593843098
CHN,"China, People's Republic of",2021-06-01,-0.3976143141153082
CHN,"China, People's Republic of",2021-07-01,0.2994011976047904
CHN,"China, People's Republic of",2021-08-01,0.09950248756218905
CHN,"China, People's Republic of",2021-09-01,0
CHN,"China, People's Republic of",2021-10-01,0.6958250497017893
CHN,"China, People's Republic of",2021-11-01,0.3948667324777887
CHN,"China, People's Republic of",2021-12-01,-0.2949852507374631
CHN,"China, People's Republic of",2022-01-01,0.4930966469428008
CHN,"China, People's Republic of",2022-02-01,0.5888125613346418
CHN,"China, People's Republic of",2022-03-01,0
CHN,"China, People's Republic of",2022-04-01,0.3902439024390244
CHN,"China, People's Republic of",2022-05-01,-0.1943634596695821
CHN,"China, People's Republic of",2022-06-01,0
CHN,"China, People's Republic of",2022-07-01,0.4868549172346641
CHN,"China, People's Republic of",2022-08-01,-0.09689922480620156
CHN,"China, People's Republic of",2022-09-01,0.2909796314258002
CHN,"China, People's Republic of",2022-10-01,0.0967117988394584
CHN,"China, People's Republic of",2022-11-01,-0.1932367149758454
CHN,"China, People's Republic of",2022-12-01,-0.0968054211035818
CHN,"China, People's Republic of",2023-01-01,0.7751937984496124
CHN,"China, People's Republic of",2023-02-01,-0.4807692307692308
CHN,"China, People's Republic of",2023-03-01,-0.2898550724637681
CHN,"China, People's Republic of",2023-04-01,-0.1937984496124031
CHN,"China, People's Republic of",2023-05-01,-0.0970873786407767
CHN,"China, People's Republic of",2023-06-01,-0.1943634596695821
CHN,"China, People's Republic of",2023-07-01,0.1947419668938656
CHN,"China, People's Republic of",2023-08-01,0.2915451895043732
CHN,"China, People's Republic of",2023-09-01,0.1937984496124031
CHN,"China, People's Republic of",2023-10-01,-0.0967117988394584
CHN,"China, People's Republic of",2023-11-01,-0.484027105517909
CHN,"China, People's Republic of",2023-12-01,0.09727626459143968
CHN,"China, People's Republic of",2024-01-01,0.1943634596695821
CHN,"China, People's Republic of",2024-02-01,1.066925315227934
CHN,"China, People's Republic of",2024-03-01,-0.8637236084452975
CHN,"China, People's Republic of",2024-04-01,-0.0968054211035818
CHN,"China, People's Republic of",2024-05-01,0
CHN,"China, People's Republic of",2024-06-01,-0.2906976744186047
CHN,"China, People's Republic of",2024-07-01,0.4859086491739553
CHN,"China, People's Republic of",2024-08-01,0.3868471953578337
CHN,"China, People's Republic of",2024-09-01,0
CHN,"China, People's Republic of",2024-10-01,-0.1926782273603083
CHN,"China, People's Republic of",2024-11-01,-0.5791505791505792
CHN,"China, People's Republic of",2024-12-01,0
CZE,Czech Republic,2019-01-01,1.037735849056604
CZE,Czech Republic,2019-02-01,0.1867413632119514
CZE,Czech Republic,2019-03-01,0.1863932898415657
CZE,Czech Republic,2019-04-01,0.09302325581395347
CZE,Czech Republic,2019-05-01,0.6505576208178439
CZE,Czech Republic,2019-06-01,0.1846722068328717
CZE,Czech Republic,2019-07-01,0.3686635944700461
CZE,Czech Republic,2019-08-01,0.09182736455463728
CZE,Czech Republic,2019-09-01,-0.5504587155963303
CZE,Czech Republic,2019-10-01,0.4612546125461255
CZE,Czech Republic,2019-11-01,0.2754820936639118
CZE,Czech Republic,2019-12-01,0.1831501831501832
CZE,Czech Republic,2020-01-01,1.462522851919561
CZE,Czech Republic,2020-02-01,0.2702702702702703
CZE,Czech Republic,2020-03-01,-0.08984725965858041
CZE,Czech Republic,2020-04-01,-0.1798561151079137
CZE,Czech Republic,2020-05-01,0.3603603603603604
CZE,Czech Republic,2020-06-01,0.6283662477558348
CZE,Czech Republic,2020-07-01,0.4460303300624442
CZE,Czech Republic,2020-08-01,0
CZE,Czech Republic,2020-09-01,-0.6216696269982238
CZE,Czech Republic,2020-10-01,0.1787310098302055
CZE,Czech Republic,2020-11-01,0
CZE,Czech Republic,2020-12-01,-0.1784121320249777
CZE,Czech Republic,2021-01-01,1.340482573726542
CZE,Czech Republic,2021-02-01,0.1763668430335097
CZE,Czech Republic,2021-03-01,0.176056338028169
CZE,Czech Republic,2021-04-01,0.5272407732864675
CZE,Czech Republic,2021-05-01,0.1748251748251748
CZE,Czech Republic,2021-06-01,0.5235602094240838
CZE,Czech Republic,2021-07-01,1.041666666666667
CZE,Czech Republic,2021-08-01,0.6872852233676976
CZE,Czech Republic,2021-09-01,0.1706484641638225
CZE,Czech Republic,2021-10-01,1.022146507666099
CZE,Czech Republic,2021-11-01,0.1686340640809444
CZE,Czech Republic,2021-12-01,0.4208754208754209
CZE,Czech Republic,2022-01-01,4.442581726739313
CZE,Czech Republic,2022-02-01,1.284109149277689
CZE,Czech Republic,2022-03-01,1.664025356576862
CZE,Czech Republic,2022-04-01,1.792673421667966
CZE,Czech Republic,2022-05-01,1.761102603369066
CZE,Czech Republic,2022-06-01,1.580135440180587
CZE,Czech Republic,2022-07-01,1.333333333333333
CZE,Czech Republic,2022-08-01,0.4385964912280702
CZE,Czech Republic,2022-09-01,0.8005822416302766
CZE,Czech Republic,2022-10-01,-1.444043321299639
CZE,Czech Republic,2022-11-01,1.172161172161172
CZE,Czech Republic,2022-12-01,0
CZE,Czech Republic,2023-01-01,6.010137581462708
CZE,Czech Republic,2023-02-01,0.6147540983606558
CZE,Czech Republic,2023-03-01,0.1357773251866938
CZE,Czech Republic,2023-04-01,-0.2033898305084746
CZE,Czech Republic,2023-05-01,0.2717391304347826
CZE,Czech Republic,2023-06-01,0.3387533875338753
CZE,Czech Republic,2023-07-01,0.4726536124240378
CZE,Czech Republic,2023-08-01,0.2016129032258065
CZE,Czech Republic,2023-09-01,-0.7377598926894702
CZE,Czech Republic,2023-10-01,0.06756756756756757
CZE,Czech Republic,2023-11-01,0.0675219446320054
CZE,Czech Republic,2023-12-01,-0.4048582995951417
CZE,Czech Republic,2024-01-01,1.490514905149051
CZE,Czech Republic,2024-02-01,0.267022696929239
CZE,Czech Republic,2024-03-01,0.133155792276964
CZE,Czech Republic,2024-04-01,0.6648936170212766
CZE,Czech Republic,2024-05-01,0
CZE,Czech Republic,2024-06-01,-0.2642007926023778
CZE,Czech Republic,2024-07-01,0.6622516556291391
CZE,Czech Republic,2024-08-01,0.2631578947368421
CZE,Czech Republic,2024-09-01,-0.3937007874015748
CZE,Czech Republic,2024-10-01,0.3293807641633729
CZE,Czech Republic,2024-11-01,0.06565988181221274
CZE,Czech Republic,2024-12-01,-0.2624671916010499
RWA,Rwanda,2019-01-01,-4.912061515949096e-4
RWA,Rwanda,2019-02-01,-0.1124482462821099
RWA,Rwanda,2019-03-01,2.202047439478005
RWA,Rwanda,2019-04-01,0.8509502038909423
RWA,Rwanda,2019-05-01,0.8381287156301743
RWA,Rwanda,2019-06-01,-0.07860677474144676
RWA,Rwanda,2019-07-01,-0.1122112937709251
RWA,Rwanda,2019-08-01,1.779687905073639
RWA,Rwanda,2019-09-01,1.647380064185083
RWA,Rwanda,2019-10-01,1.351084814892013
RWA,Rwanda,2019-11-01,3.808111735920169
RWA,Rwanda,2019-12-01,-0.7786905739396394
RWA,Rwanda,2020-01-01,-0.3979640411248131
RWA,Rwanda,2020-02-01,1.684185754214528
RWA,Rwanda,2020-03-01,1.879479818619207
RWA,Rwanda,2020-04-01,-1.829106559842042
RWA,Rwanda,2020-05-01,0.6768161652955078
RWA,Rwanda,2020-06-01,0.2422858134826354
RWA,Rwanda,2020-07-01,1.016897326902223
RWA,Rwanda,2020-08-01,1.193709633489703
RWA,Rwanda,2020-09-01,1.584861008162798
RWA,Rwanda,2020-10-01,0.00639932455519453
RWA,Rwanda,2020-11-01,-0.8111421077635504
RWA,Rwanda,2020-12-01,-1.299598746404418
RWA,Rwanda,2021-01-01,-0.8264747030160262
RWA,Rwanda,2021-02-01,0.4631501397340271
RWA,Rwanda,2021-03-01,1.374532709250329
RWA,Rwanda,2021-04-01,-0.8675170004162069
RWA,Rwanda,2021-05-01,-1.647376661416335
RWA,Rwanda,2021-06-01,5.855443446996251e-4
RWA,Rwanda,2021-07-01,-0.2617895122233101
RWA,Rwanda,2021-08-01,0.4751511787905124
RWA,Rwanda,2021-09-01,0.191202968872135
RWA,Rwanda,2021-10-01,-0.1065933119476076
RWA,Rwanda,2021-11-01,-0.8723247952992519
RWA,Rwanda,2021-12-01,0.08492710884698236
RWA,Rwanda,2022-01-01,2.537303694559468
RWA,Rwanda,2022-02-01,3.318361666855712
RWA,Rwanda,2022-03-01,2.782936179819813
RWA,Rwanda,2022-04-01,3.737367815057544
RWA,Rwanda,2022-05-01,2.124691091015151
RWA,Rwanda,2022-06-01,1.173613240976468
RWA,Rwanda,2022-07-01,2.712627530064226
RWA,Rwanda,2022-08-01,1.128362779561785
RWA,Rwanda,2022-09-01,3.121997796611854
RWA,Rwanda,2022-10-01,5.647809910425946
RWA,Rwanda,2022-11-01,1.256378409334864
RWA,Rwanda,2022-12-01,-1.52762654278672
RWA,Rwanda,2023-01-01,2.100552976950362
RWA,Rwanda,2023-02-01,2.657799254756164
RWA,Rwanda,2023-03-01,3.357269066998613
RWA,Rwanda,2023-04-01,1.669470417130285
RWA,Rwanda,2023-05-01,-2.686596317652762
RWA,Rwanda,2023-06-01,-0.4464303544062351
RWA,Rwanda,2023-07-01,0.04079825182214956
RWA,Rwanda,2023-08-01,1.211394298671089
RWA,Rwanda,2023-09-01,4.057432036196894
RWA,Rwanda,2023-10-01,0.7580165242180162
RWA,Rwanda,2023-11-01,-1.893954659555451
RWA,Rwanda,2023-12-01,-4.404941369622937
RWA,Rwanda,2024-01-01,-0.894972471338451
RWA,Rwanda,2024-02-01,2.717228140169995
RWA,Rwanda,2024-03-01,0.7401196238525626
RWA,Rwanda,2024-04-01,0.6422506840328372
RWA,Rwanda,2024-05-01,-0.9898157531580812
RWA,Rwanda,2024-06-01,-0.6117751339600928
RWA,Rwanda,2024-07-01,0.4509362651976606
RWA,Rwanda,2024-08-01,1.416047928838094
RWA,Rwanda,2024-09-01,1.463322475056821
RWA,Rwanda,2024-10-01,2.09915324649246
RWA,Rwanda,2024-11-01,0.8933840120214813
RWA,Rwanda,2024-12-01,-1.610696761058795
FJI,"Fiji, Republic of",2019-01-01,1.221640488656195
FJI,"Fiji, Republic of",2019-02-01,0.6896551724137931
FJI,"Fiji, Republic of",2019-03-01,-0.5993150684931507
FJI,"Fiji, Republic of",2019-04-01,-0.1722652885443583
FJI,"Fiji, Republic of",2019-05-01,0.4314063848144953
FJI,"Fiji, Republic of",2019-06-01,-0.0859106529209622
FJI,"Fiji, Republic of",2019-07-01,-1.633705932932072
FJI,"Fiji, Republic of",2019-08-01,0.6118881118881119
FJI,"Fiji, Republic of",2019-09-01,-0.3475238922675934
FJI,"Fiji, Republic of",2019-10-01,-0.6974716652136007
FJI,"Fiji, Republic of",2019-11-01,0.1755926251097454
FJI,"Fiji, Republic of",2019-12-01,-0.4382120946538124
FJI,"Fiji, Republic of",2020-01-01,0.176056338028169
FJI,"Fiji, Republic of",2020-02-01,-0.4393673110720562
FJI,"Fiji, Republic of",2020-03-01,-0.353045013239188
FJI,"Fiji, Republic of",2020-04-01,1.328609388839681
FJI,"Fiji, Republic of",2020-05-01,0
FJI,"Fiji, Republic of",2020-06-01,-1.923076923076923
FJI,"Fiji, Republic of",2020-07-01,0.35650623885918
FJI,"Fiji, Republic of",2020-08-01,-0.8880994671403197
FJI,"Fiji, Republic of",2020-09-01,-0.5376344086021505
FJI,"Fiji, Republic of",2020-10-01,-0.3603603603603604
FJI,"Fiji, Republic of",2020-11-01,-0.3616636528028933
FJI,"Fiji, Republic of",2020-12-01,0.1814882032667877
FJI,"Fiji, Republic of",2021-01-01,1.721014492753623
FJI,"Fiji, Republic of",2021-02-01,2.048085485307213
FJI,"Fiji, Republic of",2021-03-01,-2.617801047120419
FJI,"Fiji, Republic of",2021-04-01,0
FJI,"Fiji, Republic of",2021-05-01,0.8960573476702509
FJI,"Fiji, Republic of",2021-06-01,-0.3552397868561279
FJI,"Fiji, Republic of",2021-07-01,-0.08912655971479501
FJI,"Fiji, Republic of",2021-08-01,0.3568242640499554
FJI,"Fiji, Republic of",2021-09-01,0.1777777777777778
FJI,"Fiji, Republic of",2021-10-01,-0.7985803016858917
FJI,"Fiji, Republic of",2021-11-01,0
FJI,"Fiji, Republic of",2021-12-01,1.699463327370304
FJI,"Fiji, Republic of",2022-01-01,1.407211961301671
FJI,"Fiji, Republic of",2022-02-01,1.300954032957502
FJI,"Fiji, Republic of",2022-03-01,0
FJI,"Fiji, Republic of",2022-04-01,0
FJI,"Fiji, Republic of",2022-05-01,1.198630136986301
FJI,"Fiji, Republic of",2022-06-01,-0.2538071065989848
FJI,"Fiji, Republic of",2022-07-01,0
FJI,"Fiji, Republic of",2022-08-01,0.5937234944868534
FJI,"Fiji, Republic of",2022-09-01,-0.5059021922428331
FJI,"Fiji, Republic of",2022-10-01,-0.6779661016949153
FJI,"Fiji, Republic of",2022-11-01,-0.08532423208191126
FJI,"Fiji, Republic of",2022-12-01,0.08539709649871904
FJI,"Fiji, Republic of",2023-01-01,0.8532423208191126
FJI,"Fiji, Republic of",2023-02-01,0.338409475465313
FJI,"Fiji, Republic of",2023-03-01,0.4215851602023609
FJI,"Fiji, Republic of",2023-04-01,-0.5877413937867338
FJI,"Fiji, Republic of",2023-05-01,0.5912162162162162
FJI,"Fiji, Republic of",2023-06-01,-0.08396305625524769
FJI,"Fiji, Republic of",2023-07-01,-0.6722689075630252
FJI,"Fiji, Republic of",2023-08-01,1.692047377326565
FJI,"Fiji, Republic of",2023-09-01,0.6655574043261231
FJI,"Fiji, Republic of",2023-10-01,0.743801652892562
FJI,"Fiji, Republic of",2023-11-01,1.640689089417555
FJI,"Fiji, Republic of",2023-12-01,-0.5649717514124294
FJI,"Fiji, Republic of",2024-01-01,-0.6493506493506493
FJI,"Fiji, Republic of",2024-02-01,1.30718954248366
FJI,"Fiji, Republic of",2024-03-01,0.4838709677419355
FJI,"Fiji, Republic of",2024-04-01,1.765650080256822
FJI,"Fiji, Republic of",2024-05-01,-0.6309148264984227
FJI,"Fiji, Republic of",2024-06-01,0.7936507936507937
FJI,"Fiji, Republic of",2024-07-01,-0.6299212598425197
FJI,"Fiji, Republic of",2024-08-01,0.3961965134706815
FJI,"Fiji, Republic of",2024-09-01,-0.473559589581689
FJI,"Fiji, Republic of",2024-10-01,0.1586042823156225
FJI,"Fiji, Republic of",2024-11-01,-1.108471892319873
FJI,"Fiji, Republic of",2024-12-01,-0.08006405124099279
UKR,Ukraine,2019-01-01,0.9882174078297224
UKR,Ukraine,2019-02-01,0.5269100489273617
UKR,Ukraine,2019-03-01,0.8985398727068514
UKR,Ukraine,2019-04-01,1.001855287569573
UKR,Ukraine,2019-05-01,0.6980161645848642
UKR,Ukraine,2019-06-01,-0.5107624954396206
UKR,Ukraine,2019-07-01,-0.5867253392005867
UKR,Ukraine,2019-08-01,-0.2950940612320177
UKR,Ukraine,2019-09-01,0.7029226785053644
UKR,Ukraine,2019-10-01,0.6980161645848642
UKR,Ukraine,2019-11-01,0.07296607077708865
UKR,Ukraine,2019-12-01,-0.1822821728034998
UKR,Ukraine,2020-01-01,0.1826150474799123
UKR,Ukraine,2020-02-01,-0.2916514764855997
UKR,Ukraine,2020-03-01,0.8043875685557587
UKR,Ukraine,2020-04-01,0.7979688066739209
UKR,Ukraine,2020-05-01,0.2878733357322778
UKR,Ukraine,2020-06-01,0.2152852529601722
UKR,Ukraine,2020-07-01,-0.6086645184389545
UKR,Ukraine,2020-08-01,-0.1801152737752161
UKR,Ukraine,2020-09-01,0.4691447130999639
UKR,Ukraine,2020-10-01,1.005747126436782
UKR,Ukraine,2020-11-01,1.315789473684211
UKR,Ukraine,2020-12-01,0.9126009126009126
UKR,Ukraine,2021-01-01,1.28695652173913
UKR,Ukraine,2021-02-01,0.9958791208791208
UKR,Ukraine,2021-03-01,1.700102006120367
UKR,Ukraine,2021-04-01,0.7021063189568706
UKR,Ukraine,2021-05-01,1.294820717131474
UKR,Ukraine,2021-06-01,0.1966568338249754
UKR,Ukraine,2021-07-01,0.09813542688910697
UKR,Ukraine,2021-08-01,-0.196078431372549
UKR,Ukraine,2021-09-01,1.211525867714473
UKR,Ukraine,2021-10-01,0.9058557101261728
UKR,Ukraine,2021-11-01,0.8015389547932029
UKR,Ukraine,2021-12-01,0.5725190839694656
UKR,Ukraine,2022-01-01,1.328273244781784
UKR,Ukraine,2022-02-01,1.591760299625468
UKR,Ukraine,2022-03-01,4.485407066052227
UKR,Ukraine,2022-04-01,3.116730373419582
UKR,Ukraine,2022-05-01,2.680353578557171
UKR,Ukraine,2022-06-01,3.110247153568453
UKR,Ukraine,2022-07-01,0.7002423915970913
UKR,Ukraine,2022-08-01,1.096549879646964
UKR,Ukraine,2022-09-01,1.904761904761905
UKR,Ukraine,2022-10-01,2.492211838006231
UKR,Ukraine,2022-11-01,0.7092198581560284
UKR,Ukraine,2022-12-01,0.7042253521126761
UKR,Ukraine,2023-01-01,0.7992007992007992
UKR,Ukraine,2023-02-01,0.6937561942517344
UKR,Ukraine,2023-03-01,1.500984251968504
UKR,Ukraine,2023-04-01,0.1939393939393939
UKR,Ukraine,2023-05-01,0.5081054923784176
UKR,Ukraine,2023-06-01,0.7944150216658642
UKR,Ukraine,2023-07-01,-0.5970862192500597
UKR,Ukraine,2023-08-01,-1.393560788082653
UKR,Ukraine,2023-09-01,0.4873294346978558
UKR,Ukraine,2023-10-01,0.8001939864209505
UKR,Ukraine,2023-11-01,0.5051719990377675
UKR,Ukraine,2023-12-01,0.6941120153183341
UKR,Ukraine,2024-01-01,0.4040884240551462
UKR,Ukraine,2024-02-01,0.3077651515151515
UKR,Ukraine,2024-03-01,0.4956337030918102
UKR,Ukraine,2024-04-01,0.1878816345702208
UKR,Ukraine,2024-05-01,0.6094702297233943
UKR,Ukraine,2024-06-01,2.190121155638397
UKR,Ukraine,2024-07-01,0
UKR,Ukraine,2024-08-01,0.615595075239398
UKR,Ukraine,2024-09-01,1.495581237253569
UKR,Ukraine,2024-10-01,1.808439383791025
UKR,Ukraine,2024-11-01,1.885964912280702
UKR,Ukraine,2024-12-01,1.399052948773138
ARG,Argentina,2019-01-01,2.90624090934747
ARG,Argentina,2019-02-01,3.765622189957181
ARG,Argentina,2019-03-01,4.679540188289612
ARG,Argentina,2019-04-01,3.444697949233117
ARG,Argentina,2019-05-01,3.059069699983619
ARG,Argentina,2019-06-01,2.718005402399518
ARG,Argentina,2019-07-01,2.197865538692099
ARG,Argentina,2019-08-01,3.953985787048687
ARG,Argentina,2019-09-01,5.885662272122307
ARG,Argentina,2019-10-01,3.293482090984123
ARG,Argentina,2019-11-01,4.254537309480318
ARG,Argentina,2019-12-01,3.743707355138319
ARG,Argentina,2020-01-01,2.252894926055993
ARG,Argentina,2020-02-01,2.013629373642954
ARG,Argentina,2020-03-01,3.343468643672252
ARG,Argentina,2020-04-01,1.49657259087257
ARG,Argentina,2020-05-01,1.542736251238616
ARG,Argentina,2020-06-01,2.243539159127709
ARG,Argentina,2020-07-01,1.934194645651292
ARG,Argentina,2020-08-01,2.70011035906611
ARG,Argentina,2020-09-01,2.835521646978964
ARG,Argentina,2020-10-01,3.760969843982197
ARG,Argentina,2020-11-01,3.159704941096656
ARG,Argentina,2020-12-01,4.005567338353533
ARG,Argentina,2021-01-01,4.049029419828725
ARG,Argentina,2021-02-01,3.574631681482096
ARG,Argentina,2021-03-01,4.810807496281797
ARG,Argentina,2021-04-01,4.080293539959671
ARG,Argentina,2021-05-01,3.322978073639541
ARG,Argentina,2021-06-01,3.174547975892048
ARG,Argentina,2021-07-01,2.997033322036232
ARG,Argentina,2021-08-01,2.468486667401461
ARG,Argentina,2021-09-01,3.546787953311382
ARG,Argentina,2021-10-01,3.516274838371774
ARG,Argentina,2021-11-01,2.529464601350954
ARG,Argentina,2021-12-01,3.839970305841277
ARG,Argentina,2022-01-01,3.875681916706369
ARG,Argentina,2022-02-01,4.694365601009005
ARG,Argentina,2022-03-01,6.728797833902532
ARG,Argentina,2022-04-01,6.047319114997176
ARG,Argentina,2022-05-01,5.050228059562594
ARG,Argentina,2022-06-01,5.295221251628168
ARG,Argentina,2022-07-01,7.406196857159358
ARG,Argentina,2022-08-01,6.970335575355059
ARG,Argentina,2022-09-01,6.165519887577162
ARG,Argentina,2022-10-01,6.34735010869345
ARG,Argentina,2022-11-01,4.9161470818679
ARG,Argentina,2022-12-01,5.124607758867103
ARG,Argentina,2023-01-01,6.027873566384259
ARG,Argentina,2023-02-01,6.627721680927098
ARG,Argentina,2023-03-01,7.675239849783556
ARG,Argentina,2023-04-01,8.40268988367098
ARG,Argentina,2023-05-01,7.772752965890597
ARG,Argentina,2023-06-01,5.950831980500617
ARG,Argentina,2023-07-01,6.344850862315795
ARG,Argentina,2023-08-01,12.44163772868995
ARG,Argentina,2023-09-01,12.74975013246697
ARG,Argentina,2023-10-01,8.301739380409995
ARG,Argentina,2023-11-01,12.81069017691575
ARG,Argentina,2023-12-01,25.46567498423686
ARG,Argentina,2024-01-01,20.61422528896107
ARG,Argentina,2024-02-01,13.24067605352478
ARG,Argentina,2024-03-01,11.00970015654023
ARG,Argentina,2024-04-01,8.831920760605065
ARG,Argentina,2024-05-01,4.176327882665154
ARG,Argentina,2024-06-01,4.576827054736585
ARG,Argentina,2024-07-01,4.030417053702158
ARG,Argentina,2024-08-01,4.172404921530941
ARG,Argentina,2024-09-01,3.46921579452015
ARG,Argentina,2024-10-01,2.692988121647805
ARG,Argentina,2024-11-01,2.425485370522286
ARG,Argentina,2024-12-01,2.704434418132792
ATG,Antigua and Barbuda,2019-01-01,-0.1198561725928885
ATG,Antigua and Barbuda,2019-02-01,-0.27
ATG,Antigua and Barbuda,2019-03-01,0.03008121929208864
ATG,Antigua and Barbuda,2019-04-01,1.663993584603047
ATG,Antigua and Barbuda,2019-05-01,-0.0295799645040426
ATG,Antigua and Barbuda,2019-06-01,0.2169839234638525
ATG,Antigua and Barbuda,2019-07-01,-0.3739789390807991
ATG,Antigua and Barbuda,2019-08-01,1.323718265336363
ATG,Antigua and Barbuda,2019-09-01,-1.86214292678171
ATG,Antigua and Barbuda,2019-10-01,0.01986886548778065
ATG,Antigua and Barbuda,2019-11-01,1.926897099721891
ATG,Antigua and Barbuda,2019-12-01,-1.763788735139349
ATG,Antigua and Barbuda,2020-01-01,1.140759845253447
ATG,Antigua and Barbuda,2020-02-01,-0.03923107100823852
ATG,Antigua and Barbuda,2020-03-01,-0.8634222919937206
ATG,Antigua and Barbuda,2020-04-01,-0.3365003958828187
ATG,Antigua and Barbuda,2020-05-01,-0.1588877855014896
ATG,Antigua and Barbuda,2020-06-01,0.02983887010145216
ATG,Antigua and Barbuda,2020-07-01,0.7755791985681615
ATG,Antigua and Barbuda,2020-08-01,1.272816970892945
ATG,Antigua and Barbuda,2020-09-01,-1.169134840218239
ATG,Antigua and Barbuda,2020-10-01,0.5619085173501577
ATG,Antigua and Barbuda,2020-11-01,0.2744828938339378
ATG,Antigua and Barbuda,2020-12-01,1.290448724215466
ATG,Antigua and Barbuda,2021-01-01,-0.05790946819805038
ATG,Antigua and Barbuda,2021-02-01,-0.3090294543698696
ATG,Antigua and Barbuda,2021-03-01,-0.07749685169040008
ATG,Antigua and Barbuda,2021-04-01,0
ATG,Antigua and Barbuda,2021-05-01,-0.1938923897237033
ATG,Antigua and Barbuda,2021-06-01,0.2428363283147159
ATG,Antigua and Barbuda,2021-07-01,0.4263565891472868
ATG,Antigua and Barbuda,2021-08-01,0.1640293323041297
ATG,Antigua and Barbuda,2021-09-01,-0.1926596666987766
ATG,Antigua and Barbuda,2021-10-01,1.351220924621176
ATG,Antigua and Barbuda,2021-11-01,0.0571374154842396
ATG,Antigua and Barbuda,2021-12-01,-0.1903492909488912
ATG,Antigua and Barbuda,2022-01-01,1.649661485648899
ATG,Antigua and Barbuda,2022-02-01,1.181988742964353
ATG,Antigua and Barbuda,2022-03-01,1.483404413128129
ATG,Antigua and Barbuda,2022-04-01,0.9866617942627444
ATG,Antigua and Barbuda,2022-05-01,0.3889994572100597
ATG,Antigua and Barbuda,2022-06-01,2.793547805713256
ATG,Antigua and Barbuda,2022-07-01,-1.376347856579293
ATG,Antigua and Barbuda,2022-08-01,-0.02666666666666667
ATG,Antigua and Barbuda,2022-09-01,0.06223881924068641
ATG,Antigua and Barbuda,2022-10-01,0.4798293939932468
ATG,Antigua and Barbuda,2022-11-01,1.131941987973116
ATG,Antigua and Barbuda,2022-12-01,0.1836306400839454
ATG,Antigua and Barbuda,2023-01-01,-0.5062407261935934
ATG,Antigua and Barbuda,2023-02-01,0.2105447846302307
ATG,Antigua and Barbuda,2023-03-01,0.2451194957541802
ATG,Antigua and Barbuda,2023-04-01,3.99091782377085
ATG,Antigua and Barbuda,2023-05-01,-1.755122606650991
ATG,Antigua and Barbuda,2023-06-01,0.2136934780750491
ATG,Antigua and Barbuda,2023-07-01,0.7847151142954623
ATG,Antigua and Barbuda,2023-08-01,1.438727149627624
ATG,Antigua and Barbuda,2023-09-01,-0.8593358918738528
ATG,Antigua and Barbuda,2023-10-01,-1.077169065050913
ATG,Antigua and Barbuda,2023-11-01,0.4678860059549128
ATG,Antigua and Barbuda,2023-12-01,0.1947502116850127
ATG,Antigua and Barbuda,2024-01-01,3.33812220062537
ATG,Antigua and Barbuda,2024-02-01,0.0572456656853124
ATG,Antigua and Barbuda,2024-03-01,-1.781773600326931
ATG,Antigua and Barbuda,2024-04-01,5.06782058750104
ATG,Antigua and Barbuda,2024-05-01,-1.20386504039284
ATG,Antigua and Barbuda,2024-06-01,0.2164502164502165
ATG,Antigua and Barbuda,2024-07-01,0.3519718422526198
ATG,Antigua and Barbuda,2024-08-01,2.327620565962535
ATG,Antigua and Barbuda,2024-09-01,-2.329204642829321
ATG,Antigua and Barbuda,2024-10-01,-1.308023608230978
ATG,Antigua and Barbuda,2024-11-01,1.543559075480847
ATG,Antigua and Barbuda,2024-12-01,-0.7719856744926383
DMA,Dominica,2019-01-01,-0.4954268292682927
DMA,Dominica,2019-02-01,-0.6319417847567982
DMA,Dominica,2019-03-01,1.474272499518212
DMA,Dominica,2019-04-01,-0.5412591396828411
DMA,Dominica,2019-05-01,0.5682551078861944
DMA,Dominica,2019-06-01,0.241903583249231
DMA,Dominica,2019-07-01,0.4261767212804243
DMA,Dominica,2019-08-01,-0.09430403621274992
DMA,Dominica,2019-09-01,-0.07551444213705871
DMA,Dominica,2019-10-01,-0.160589457774419
DMA,Dominica,2019-11-01,-0.274387359258208
DMA,Dominica,2019-12-01,-0.2751423149905123
DMA,Dominica,2020-01-01,2.226239178003996
DMA,Dominica,2020-02-01,-0.6235458352722196
DMA,Dominica,2020-03-01,0.1779359430604982
DMA,Dominica,2020-04-01,-0.6543890810507619
DMA,Dominica,2020-05-01,-0.5175496377152536
DMA,Dominica,2020-06-01,0.340522133938706
DMA,Dominica,2020-07-01,0.2450980392156863
DMA,Dominica,2020-08-01,0.9497837126198984
DMA,Dominica,2020-09-01,-0.3446669771774569
DMA,Dominica,2020-10-01,-0.3832492054589643
DMA,Dominica,2020-11-01,-0.6193112508210566
DMA,Dominica,2020-12-01,0.3021433292418091
DMA,Dominica,2021-01-01,1.073143179892686
DMA,Dominica,2021-02-01,-0.8475365558349632
DMA,Dominica,2021-03-01,0.8359947398083787
DMA,Dominica,2021-04-01,1.015370284117373
DMA,Dominica,2021-05-01,0.4610844706750277
DMA,Dominica,2021-06-01,-0.2845603084266569
DMA,Dominica,2021-07-01,0.8469115345668784
DMA,Dominica,2021-08-01,0.3377453217708809
DMA,Dominica,2021-09-01,-0.1819505094614265
DMA,Dominica,2021-10-01,0.6835581480131243
DMA,Dominica,2021-11-01,0.00905223137503394
DMA,Dominica,2021-12-01,-0.5973931933381608
DMA,Dominica,2022-01-01,0.4917137133491167
DMA,Dominica,2022-02-01,-0.09061254077564336
DMA,Dominica,2022-03-01,0.9432251042989298
DMA,Dominica,2022-04-01,0
DMA,Dominica,2022-05-01,1.922731356693621
DMA,Dominica,2022-06-01,-0.4936530324400564
DMA,Dominica,2022-07-01,0.01771793054571226
DMA,Dominica,2022-08-01,-0.283436669619132
DMA,Dominica,2022-09-01,-0.03553028957186001
DMA,Dominica,2022-10-01,0.4087435578460992
DMA,Dominica,2022-11-01,-0.7876106194690266
DMA,Dominica,2022-12-01,0.07135848720007136
DMA,Dominica,2023-01-01,1.64898832337998
DMA,Dominica,2023-02-01,-1.034724658014732
DMA,Dominica,2023-03-01,1.293638135743399
DMA,Dominica,2023-04-01,1.950664800559832
DMA,Dominica,2023-05-01,2.41956241956242
DMA,Dominica,2023-06-01,-1.072296221831281
DMA,Dominica,2023-07-01,0.8891523414344991
DMA,Dominica,2023-08-01,0.5539701191875105
DMA,Dominica,2023-09-01,0.5008347245409015
DMA,Dominica,2023-10-01,0.3571428571428571
DMA,Dominica,2023-11-01,-1.4400397252338
DMA,Dominica,2023-12-01,-0.2603073305903098
DMA,Dominica,2024-01-01,-0.1767974406465735
DMA,Dominica,2024-02-01,0.2108459138061904
DMA,Dominica,2024-03-01,1.809459686921394
DMA,Dominica,2024-04-01,-0.4546581797139787
DMA,Dominica,2024-05-01,0.606211592758678
DMA,Dominica,2024-06-01,0.3631861328931077
DMA,Dominica,2024-07-01,-0.3536475039065713
DMA,Dominica,2024-08-01,0.6190161769560911
DMA,Dominica,2024-09-01,-0.5167746698384054
DMA,Dominica,2024-10-01,-0.3545514511873351
DMA,Dominica,2024-11-01,0.8109226313611916
DMA,Dominica,2024-12-01,-0.4186161044077813
GUY,Guyana,2019-01-01,-0.08539709649871904
GUY,Guyana,2019-02-01,0
GUY,Guyana,2019-03-01,0.08547008547008547
GUY,Guyana,2019-04-01,0.7002561912894962
GUY,Guyana,2019-05-01,0.4240162822252374
GUY,Guyana,2019-06-01,0.4306704948488431
GUY,Guyana,2019-07-01,0.253116818226688
GUY,Guyana,2019-08-01,0.1038873356464926
GUY,Guyana,2019-09-01,0.1990588218227729
GUY,Guyana,2019-10-01,0.1991904446084967
GUY,Guyana,2019-11-01,-0.2767414245462283
GUY,Guyana,2019-12-01,0.01236583404479427
GUY,Guyana,2020-01-01,-0.4581480303906469
GUY,Guyana,2020-02-01,-0.3231901689438319
GUY,Guyana,2020-03-01,0.3376952484657648
GUY,Guyana,2020-04-01,0.1409753995273593
GUY,Guyana,2020-05-01,0.1846412085606379
GUY,Guyana,2020-06-01,0.1690728547298316
GUY,Guyana,2020-07-01,0.1076723006937602
GUY,Guyana,2020-08-01,0.4699925269812228
GUY,Guyana,2020-09-01,0.2755565383286645
GUY,Guyana,2020-10-01,0.1799684553861165
GUY,Guyana,2020-11-01,0.06415076883443802
GUY,Guyana,2020-12-01,-0.1977667451543096
GUY,Guyana,2021-01-01,1.027766266058848
GUY,Guyana,2021-02-01,0
GUY,Guyana,2021-03-01,0.04102059233735335
GUY,Guyana,2021-04-01,0
GUY,Guyana,2021-05-01,4.436608167951452
GUY,Guyana,2021-06-01,0
GUY,Guyana,2021-07-01,1.248527679623086
GUY,Guyana,2021-08-01,0
GUY,Guyana,2021-09-01,-1.10904296572049
GUY,Guyana,2021-10-01,0
GUY,Guyana,2021-11-01,-0.2980158418947534
GUY,Guyana,2021-12-01,0.28317470305986
GUY,Guyana,2022-01-01,1.521687975527492
GUY,Guyana,2022-02-01,-0.4326663061114116
GUY,Guyana,2022-03-01,0.5897416000620781
GUY,Guyana,2022-04-01,1.087711177968063
GUY,Guyana,2022-05-01,0.3968253968253968
GUY,Guyana,2022-06-01,1.657038613560353
GUY,Guyana,2022-07-01,1.48796171676387
GUY,Guyana,2022-08-01,1.031459515214028
GUY,Guyana,2022-09-01,-0.3573251659009699
GUY,Guyana,2022-10-01,-0.6293911007025761
GUY,Guyana,2022-11-01,0.1178376785977316
GUY,Guyana,2022-12-01,0.5737825511254965
GUY,Guyana,2023-01-01,0.6875365710942071
GUY,Guyana,2023-02-01,-0.2179282289699259
GUY,Guyana,2023-03-01,-1.041059988351776
GUY,Guyana,2023-04-01,-0.3825498418303539
GUY,Guyana,2023-05-01,0.05907983162247988
GUY,Guyana,2023-06-01,0.5683076241789062
GUY,Guyana,2023-07-01,0.7779245559958902
GUY,Guyana,2023-08-01,0.1893387707544422
GUY,Guyana,2023-09-01,0.3416194214275331
GUY,Guyana,2023-10-01,0.1303875407461065
GUY,Guyana,2023-11-01,0.3327787021630616
GUY,Guyana,2023-12-01,0.5335640637392746
GUY,Guyana,2024-01-01,-0.408807286810586
GUY,Guyana,2024-02-01,0.05761198329252485
GUY,Guyana,2024-03-01,0.1151576219951058
GUY,Guyana,2024-04-01,0.2084831056793674
GUY,Guyana,2024-05-01,0.7102374632326566
GUY,Guyana,2024-06-01,0.9403048867360024
GUY,Guyana,2024-07-01,0.1905434015525759
GUY,Guyana,2024-08-01,0.1267873494400225
GUY,Guyana,2024-09-01,0.4642982764685192
GUY,Guyana,2024-10-01,0.392129402702892
GUY,Guyana,2024-11-01,-0.2092487968194183
GUY,Guyana,2024-12-01,0.3075417627734675
BHR,"Bahrain, Kingdom of",2019-01-01,1.120162932790224
BHR,"Bahrain, Kingdom of",2019-02-01,0.2317431338550856
BHR,"Bahrain, Kingdom of",2019-03-01,0.815184637390216
BHR,"Bahrain, Kingdom of",2019-04-01,-0.3403131025266352
BHR,"Bahrain, Kingdom of",2019-05-01,-0.4
BHR,"Bahrain, Kingdom of",2019-06-01,0.2008032128514056
BHR,"Bahrain, Kingdom of",2019-07-01,-0.3323532918596192
BHR,"Bahrain, Kingdom of",2019-08-01,1.239925253435369
BHR,"Bahrain, Kingdom of",2019-09-01,-0.8058783309615674
BHR,"Bahrain, Kingdom of",2019-10-01,0.5631435176162569
BHR,"Bahrain, Kingdom of",2019-11-01,-0.1519483123643002
BHR,"Bahrain, Kingdom of",2019-12-01,-0.897308075772682
BHR,"Bahrain, Kingdom of",2020-01-01,0
BHR,"Bahrain, Kingdom of",2020-02-01,0.2012072434607646
BHR,"Bahrain, Kingdom of",2020-03-01,-1.104417670682731
BHR,"Bahrain, Kingdom of",2020-04-01,-2.131979695431472
BHR,"Bahrain, Kingdom of",2020-05-01,0.6224066390041494
BHR,"Bahrain, Kingdom of",2020-06-01,-0.6185567010309277
BHR,"Bahrain, Kingdom of",2020-07-01,0.4149377593360996
BHR,"Bahrain, Kingdom of",2020-08-01,0.3099173553719008
BHR,"Bahrain, Kingdom of",2020-09-01,1.338825952626159
BHR,"Bahrain, Kingdom of",2020-10-01,-1.524390243902439
BHR,"Bahrain, Kingdom of",2020-11-01,-0.2063983488132095
BHR,"Bahrain, Kingdom of",2020-12-01,1.137538779731127
BHR,"Bahrain, Kingdom of",2021-01-01,-1.124744376278119
BHR,"Bahrain, Kingdom of",2021-02-01,-0.1034126163391934
BHR,"Bahrain, Kingdom of",2021-03-01,-0.10351966873706
BHR,"Bahrain, Kingdom of",2021-04-01,-0.310880829015544
BHR,"Bahrain, Kingdom of",2021-05-01,0.5197505197505198
BHR,"Bahrain, Kingdom of",2021-06-01,0.3102378490175801
BHR,"Bahrain, Kingdom of",2021-07-01,0.1030927835051546
BHR,"Bahrain, Kingdom of",2021-08-01,0.1029866117404737
BHR,"Bahrain, Kingdom of",2021-09-01,0.308641975308642
BHR,"Bahrain, Kingdom of",2021-10-01,0.1025641025641026
BHR,"Bahrain, Kingdom of",2021-11-01,-0.2049180327868852
BHR,"Bahrain, Kingdom of",2021-12-01,0
BHR,"Bahrain, Kingdom of",2022-01-01,2.258726899383984
BHR,"Bahrain, Kingdom of",2022-02-01,0.1004016064257028
BHR,"Bahrain, Kingdom of",2022-03-01,0.6018054162487462
BHR,"Bahrain, Kingdom of",2022-04-01,-0.6979062811565304
BHR,"Bahrain, Kingdom of",2022-05-01,0.5020080321285141
BHR,"Bahrain, Kingdom of",2022-06-01,-0.0999000999000999
BHR,"Bahrain, Kingdom of",2022-07-01,0.9
BHR,"Bahrain, Kingdom of",2022-08-01,0.1982160555004955
BHR,"Bahrain, Kingdom of",2022-09-01,0.2967359050445104
BHR,"Bahrain, Kingdom of",2022-10-01,-0.09861932938856016
BHR,"Bahrain, Kingdom of",2022-11-01,-0.0987166831194472
BHR,"Bahrain, Kingdom of",2022-12-01,-0.2964426877470356
BHR,"Bahrain, Kingdom of",2023-01-01,-0.4955401387512389
BHR,"Bahrain, Kingdom of",2023-02-01,0.398406374501992
BHR,"Bahrain, Kingdom of",2023-03-01,-0.5952380952380952
BHR,"Bahrain, Kingdom of",2023-04-01,0.0998003992015968
BHR,"Bahrain, Kingdom of",2023-05-01,-1.296111665004985
BHR,"Bahrain, Kingdom of",2023-06-01,1.414141414141414
BHR,"Bahrain, Kingdom of",2023-07-01,0.398406374501992
BHR,"Bahrain, Kingdom of",2023-08-01,0.2976190476190476
BHR,"Bahrain, Kingdom of",2023-09-01,0.1978239366963403
BHR,"Bahrain, Kingdom of",2023-10-01,0
BHR,"Bahrain, Kingdom of",2023-11-01,-0.4935834155972359
BHR,"Bahrain, Kingdom of",2023-12-01,-0.1984126984126984
BHR,"Bahrain, Kingdom of",2024-01-01,0.5964214711729622
BHR,"Bahrain, Kingdom of",2024-02-01,0.1976284584980237
BHR,"Bahrain, Kingdom of",2024-03-01,-0.1972386587771203
BHR,"Bahrain, Kingdom of",2024-04-01,0.2964426877470356
BHR,"Bahrain, Kingdom of",2024-05-01,0
BHR,"Bahrain, Kingdom of",2024-06-01,0.2955665024630542
BHR,"Bahrain, Kingdom of",2024-07-01,0.09823182711198428
BHR,"Bahrain, Kingdom of",2024-08-01,0.09813542688910697
BHR,"Bahrain, Kingdom of",2024-09-01,-0.2941176470588235
BHR,"Bahrain, Kingdom of",2024-10-01,-0.09832841691248773
BHR,"Bahrain, Kingdom of",2024-11-01,-0.3937007874015748
BHR,"Bahrain, Kingdom of",2024-12-01,-0.09881422924901186
HKG,"Hong Kong Special Administrative Region, People's Republic of China",2019-01-01,-0.1021450459652707
HKG,"Hong Kong Special Administrative Region, People's Republic of China",2019-02-01,0.9202453987730062
HKG,"Hong Kong Special Administrative Region, People's Republic of China",2019-03-01,-0.303951367781155
HKG,"Hong Kong Special Administrative Region, People's Republic of China",2019-04-01,0.7113821138211383
HKG,"Hong Kong Special Administrative Region, People's Republic of China",2019-05-01,-0.1009081735620585
HKG,"Hong Kong Special Administrative Region, People's Republic of China",2019-06-01,0.7070707070707071
HKG,"Hong Kong Special Administrative Region, People's Republic of China",2019-07-01,0.4012036108324975
HKG,"Hong Kong Special Administrative Region, People's Republic of China",2019-08-01,0.1998001998001998
HKG,"Hong Kong Special Administrative Region, People's Republic of China",2019-09-01,0
HKG,"Hong Kong Special Administrative Region, People's Republic of China",2019-10-01,0.2991026919242273
HKG,"Hong Kong Special Administrative Region, People's Republic of China",2019-11-01,0.09940357852882704
HKG,"Hong Kong Special Administrative Region, People's Republic of China",2019-12-01,0
HKG,"Hong Kong Special Administrative Region, People's Republic of China",2020-01-01,-2.184707050645482
HKG,"Hong Kong Special Administrative Region, People's Republic of China",2020-02-01,2.538071065989848
HKG,"Hong Kong Special Administrative Region, People's Republic of China",2020-03-01,-0.099009900990099
HKG,"Hong Kong Special Administrative Region, People's Republic of China",2020-04-01,0.09910802775024775
HKG,"Hong Kong Special Administrative Region, People's Republic of China",2020-05-01,-0.297029702970297
HKG,"Hong Kong Special Administrative Region, People's Republic of China",2020-06-01,-0.09930486593843098
HKG,"Hong Kong Special Administrative Region, People's Republic of China",2020-07-01,-2.882703777335984
HKG,"Hong Kong Special Administrative Region, People's Republic of China",2020-08-01,2.251791197543501
HKG,"Hong Kong Special Administrative Region, People's Republic of China",2020-09-01,-2.102102102102102
HKG,"Hong Kong Special Administrative Region, People's Republic of China",2020-10-01,2.45398773006135
HKG,"Hong Kong Special Administrative Region, People's Republic of China",2020-11-01,0.0998003992015968
HKG,"Hong Kong Special Administrative Region, People's Republic of China",2020-12-01,-0.4985044865403789
HKG,"Hong Kong Special Administrative Region, People's Republic of China",2021-01-01,1.302605210420842
HKG,"Hong Kong Special Administrative Region, People's Republic of China",2021-02-01,0.2967359050445104
HKG,"Hong Kong Special Administrative Region, People's Republic of China",2021-03-01,0.09861932938856016
HKG,"Hong Kong Special Administrative Region, People's Republic of China",2021-04-01,0.2955665024630542
HKG,"Hong Kong Special Administrative Region, People's Republic of China",2021-05-01,-0.1964636542239686
HKG,"Hong Kong Special Administrative Region, People's Republic of China",2021-06-01,-0.2952755905511811
HKG,"Hong Kong Special Administrative Region, People's Republic of China",2021-07-01,0.0987166831194472
HKG,"Hong Kong Special Administrative Region, People's Republic of China",2021-08-01,0.09861932938856016
HKG,"Hong Kong Special Administrative Region, People's Republic of China",2021-09-01,-2.266009852216749
HKG,"Hong Kong Special Administrative Region, People's Republic of China",2021-10-01,2.82258064516129
HKG,"Hong Kong Special Administrative Region, People's Republic of China",2021-11-01,0.196078431372549
HKG,"Hong Kong Special Administrative Region, People's Republic of China",2021-12-01,0
HKG,"Hong Kong Special Administrative Region, People's Republic of China",2022-01-01,0.09784735812133072
HKG,"Hong Kong Special Administrative Region, People's Republic of China",2022-02-01,0.7820136852394917
HKG,"Hong Kong Special Administrative Region, People's Republic of China",2022-03-01,0.1939864209505335
HKG,"Hong Kong Special Administrative Region, People's Republic of China",2022-04-01,-0.1936108422071636
HKG,"Hong Kong Special Administrative Region, People's Republic of China",2022-05-01,-0.1939864209505335
HKG,"Hong Kong Special Administrative Region, People's Republic of China",2022-06-01,0.2915451895043732
HKG,"Hong Kong Special Administrative Region, People's Republic of China",2022-07-01,0.09689922480620156
HKG,"Hong Kong Special Administrative Region, People's Republic of China",2022-08-01,0.0968054211035818
HKG,"Hong Kong Special Administrative Region, People's Republic of China",2022-09-01,0.0967117988394584
HKG,"Hong Kong Special Administrative Region, People's Republic of China",2022-10-01,0.2898550724637681
HKG,"Hong Kong Special Administrative Region, People's Republic of China",2022-11-01,0.1926782273603083
HKG,"Hong Kong Special Administrative Region, People's Republic of China",2022-12-01,0.1923076923076923
HKG,"Hong Kong Special Administrative Region, People's Republic of China",2023-01-01,0.5758157389635317
HKG,"Hong Kong Special Administrative Region, People's Republic of China",2023-02-01,0.09541984732824428
HKG,"Hong Kong Special Administrative Region, People's Republic of China",2023-03-01,0.09532888465204956
HKG,"Hong Kong Special Administrative Region, People's Republic of China",2023-04-01,0.1904761904761905
HKG,"Hong Kong Special Administrative Region, People's Republic of China",2023-05-01,-0.1901140684410646
HKG,"Hong Kong Special Administrative Region, People's Republic of China",2023-06-01,0.1904761904761905
HKG,"Hong Kong Special Administrative Region, People's Republic of China",2023-07-01,0
HKG,"Hong Kong Special Administrative Region, People's Republic of China",2023-08-01,0
HKG,"Hong Kong Special Administrative Region, People's Republic of China",2023-09-01,0.3802281368821293
HKG,"Hong Kong Special Administrative Region, People's Republic of China",2023-10-01,1.041666666666667
HKG,"Hong Kong Special Administrative Region, People's Republic of China",2023-11-01,-0.09372071227741333
HKG,"Hong Kong Special Administrative Region, People's Republic of China",2023-12-01,0.09380863039399626
HKG,"Hong Kong Special Administrative Region, People's Republic of China",2024-01-01,-0.09372071227741333
HKG,"Hong Kong Special Administrative Region, People's Republic of China",2024-02-01,0.4690431519699812
HKG,"Hong Kong Special Administrative Region, People's Republic of China",2024-03-01,0
HKG,"Hong Kong Special Administrative Region, People's Republic of China",2024-04-01,-0.6535947712418301
HKG,"Hong Kong Special Administrative Region, People's Republic of China",2024-05-01,-0.1879699248120301
HKG,"Hong Kong Special Administrative Region, People's Republic of China",2024-06-01,0.4708097928436911
HKG,"Hong Kong Special Administrative Region, People's Republic of China",2024-07-01,1.030927835051546
HKG,"Hong Kong Special Administrative Region, People's Republic of China",2024-08-01,0
HKG,"Hong Kong Special Administrative Region, People's Republic of China",2024-09-01,0.0927643784786642
HKG,"Hong Kong Special Administrative Region, People's Republic of China",2024-10-01,0.185356811862836
HKG,"Hong Kong Special Administrative Region, People's Republic of China",2024-11-01,0
HKG,"Hong Kong Special Administrative Region, People's Republic of China",2024-12-01,0.09250693802035154
BTN,Bhutan,2019-01-01,0.1735897309063901
BTN,Bhutan,2019-02-01,0.1139046607662141
BTN,Bhutan,2019-03-01,0.1108366874605368
BTN,Bhutan,2019-04-01,0.2917913763128264
BTN,Bhutan,2019-05-01,-0.2022166656974042
BTN,Bhutan,2019-06-01,-0.1496426539047854
BTN,Bhutan,2019-07-01,0.3726205442781436
BTN,Bhutan,2019-08-01,0.199757211615045
BTN,Bhutan,2019-09-01,0.03248206245407016
BTN,Bhutan,2019-10-01,0.563946016220062
BTN,Bhutan,2019-11-01,0.4204812982058086
BTN,Bhutan,2019-12-01,0.3744861212183728
BTN,Bhutan,2020-01-01,0.2872169155607597
BTN,Bhutan,2020-02-01,0.1311517247161661
BTN,Bhutan,2020-03-01,0.8944297015377433
BTN,Bhutan,2020-04-01,1.547180788583634
BTN,Bhutan,2020-05-01,-0.5643216756456853
BTN,Bhutan,2020-06-01,0.2031177437432298
BTN,Bhutan,2020-07-01,3.269564538563231
BTN,Bhutan,2020-08-01,0.09134393670383956
BTN,Bhutan,2020-09-01,0.5726020618182057
BTN,Bhutan,2020-10-01,0.3106663001389234
BTN,Bhutan,2020-11-01,0.204150658917119
BTN,Bhutan,2020-12-01,0.5610342092846377
BTN,Bhutan,2021-01-01,1.458372919540241
BTN,Bhutan,2021-02-01,0.652681451497814
BTN,Bhutan,2021-03-01,0.4987354590497171
BTN,Bhutan,2021-04-01,1.233128038164626
BTN,Bhutan,2021-05-01,-0.6405571648992235
BTN,Bhutan,2021-06-01,-0.9659416995802428
BTN,Bhutan,2021-07-01,1.09180436698776
BTN,Bhutan,2021-08-01,0.2252757260525892
BTN,Bhutan,2021-09-01,0.2623063795222819
BTN,Bhutan,2021-10-01,1.743671178008585
BTN,Bhutan,2021-11-01,0.9456439182897262
BTN,Bhutan,2021-12-01,0.1927000653924447
BTN,Bhutan,2022-01-01,0.6628115072115025
BTN,Bhutan,2022-02-01,-0.01917176629715339
BTN,Bhutan,2022-03-01,0.7374904155585645
BTN,Bhutan,2022-04-01,1.444053990595614
BTN,Bhutan,2022-05-01,-0.4982822725771975
BTN,Bhutan,2022-06-01,-0.4139565907572333
BTN,Bhutan,2022-07-01,1.163007316614034
BTN,Bhutan,2022-08-01,-0.3600285447348583
BTN,Bhutan,2022-09-01,0.3171432373592336
BTN,Bhutan,2022-10-01,0.6326758601431597
BTN,Bhutan,2022-11-01,0.6609431658645695
BTN,Bhutan,2022-12-01,0.05043892103797506
BTN,Bhutan,2023-01-01,0.556555901129476
BTN,Bhutan,2023-02-01,-0.08139345596613348
BTN,Bhutan,2023-03-01,-0.3502769631801957
BTN,Bhutan,2023-04-01,1.594048884165787
BTN,Bhutan,2023-05-01,-0.3942710009655642
BTN,Bhutan,2023-06-01,0
BTN,Bhutan,2023-07-01,1.324824299216416
BTN,Bhutan,2023-08-01,0.3598723452850145
BTN,Bhutan,2023-09-01,0.5879617804641162
BTN,Bhutan,2023-10-01,0.6656264619391418
BTN,Bhutan,2023-11-01,0.2146254461060893
BTN,Bhutan,2023-12-01,0.412397675020167
BTN,Bhutan,2024-01-01,-0.07700628455399805
BTN,Bhutan,2024-02-01,0.1179179584302702
BTN,Bhutan,2024-03-01,0.06872076034760448
BTN,Bhutan,2024-04-01,1.500349765649157
BTN,Bhutan,2024-05-01,-2.958285098187894
BTN,Bhutan,2024-06-01,-0.3275306678824088
BTN,Bhutan,2024-07-01,1.527373495927721
BTN,Bhutan,2024-08-01,0.3694101864810683
BTN,Bhutan,2024-09-01,-0.1072320495501285
BTN,Bhutan,2024-10-01,0.6539860095703919
BTN,Bhutan,2024-11-01,0.7466177771763061
BTN,Bhutan,2024-12-01,0.5543083334880188
COG,"Congo, Republic of",2019-01-01,0.1922823298536739
COG,"Congo, Republic of",2019-02-01,0.2039801250689433
COG,"Congo, Republic of",2019-03-01,0.5427636888469856
COG,"Congo, Republic of",2019-04-01,0.4004554608633356
COG,"Congo, Republic of",2019-05-01,-0.1237364598652883
COG,"Congo, Republic of",2019-06-01,0.2185082773065554
COG,"Congo, Republic of",2019-07-01,0.4393534547456005
COG,"Congo, Republic of",2019-08-01,-0.02203949684427259
COG,"Congo, Republic of",2019-09-01,-0.00506911237926727
COG,"Congo, Republic of",2019-10-01,0.3948755070173775
COG,"Congo, Republic of",2019-11-01,0.7722758946888991
COG,"Congo, Republic of",2019-12-01,0.7249483760318111
COG,"Congo, Republic of",2020-01-01,-0.955317334634078
COG,"Congo, Republic of",2020-02-01,0.2619101705742925
COG,"Congo, Republic of",2020-03-01,0.8034669332126168
COG,"Congo, Republic of",2020-04-01,2.651855588808196
COG,"Congo, Republic of",2020-05-01,-0.7372892667546264
COG,"Congo, Republic of",2020-06-01,-2.392021921812809
COG,"Congo, Republic of",2020-07-01,-0.5858284274634941
COG,"Congo, Republic of",2020-08-01,-0.5918919825192144
COG,"Congo, Republic of",2020-09-01,-0.05482046493479418
COG,"Congo, Republic of",2020-10-01,0.01578587868626727
COG,"Congo, Republic of",2020-11-01,1.372911205216785
COG,"Congo, Republic of",2020-12-01,0.4901960784313725
COG,"Congo, Republic of",2021-01-01,0.7804878048780488
COG,"Congo, Republic of",2021-02-01,0.8712487899322362
COG,"Congo, Republic of",2021-03-01,-1.151631477927063
COG,"Congo, Republic of",2021-04-01,0.5825242718446602
COG,"Congo, Republic of",2021-05-01,0.1930501930501931
COG,"Congo, Republic of",2021-06-01,0.4816955684007707
COG,"Congo, Republic of",2021-07-01,0
COG,"Congo, Republic of",2021-08-01,-0.5752636625119847
COG,"Congo, Republic of",2021-09-01,-0.1928640308582449
COG,"Congo, Republic of",2021-10-01,0.1932367149758454
COG,"Congo, Republic of",2021-11-01,0.1928640308582449
COG,"Congo, Republic of",2021-12-01,0.0962463907603465
COG,"Congo, Republic of",2022-01-01,0.9615384615384616
COG,"Congo, Republic of",2022-02-01,1.047619047619048
COG,"Congo, Republic of",2022-03-01,0.942507068803016
COG,"Congo, Republic of",2022-04-01,-0.4668534080298786
COG,"Congo, Republic of",2022-05-01,0.75046904315197
COG,"Congo, Republic of",2022-06-01,0.37243947858473
COG,"Congo, Republic of",2022-07-01,-0.6493506493506493
COG,"Congo, Republic of",2022-08-01,0.5602240896358543
COG,"Congo, Republic of",2022-09-01,-1.021355617455896
COG,"Congo, Republic of",2022-10-01,0.4690431519699812
COG,"Congo, Republic of",2022-11-01,0.1867413632119514
COG,"Congo, Republic of",2022-12-01,0.09319664492078283
COG,"Congo, Republic of",2023-01-01,1.024208566108007
COG,"Congo, Republic of",2023-02-01,1.105990783410138
COG,"Congo, Republic of",2023-03-01,0.4557885141294439
COG,"Congo, Republic of",2023-04-01,0.544464609800363
COG,"Congo, Republic of",2023-05-01,0.2707581227436823
COG,"Congo, Republic of",2023-06-01,0.99009900990099
COG,"Congo, Republic of",2023-07-01,0.35650623885918
COG,"Congo, Republic of",2023-08-01,0.08880994671403197
COG,"Congo, Republic of",2023-09-01,-0.354924578527063
COG,"Congo, Republic of",2023-10-01,-0.1780943900267142
COG,"Congo, Republic of",2023-11-01,0.6244424620874219
COG,"Congo, Republic of",2023-12-01,0.5319148936170213
COG,"Congo, Republic of",2024-01-01,-1.042038304941799
COG,"Congo, Republic of",2024-02-01,-0.4678480041894558
COG,"Congo, Republic of",2024-03-01,0.5459565559718883
COG,"Congo, Republic of",2024-04-01,0.9420121372964688
COG,"Congo, Republic of",2024-05-01,1.534016402869182
COG,"Congo, Republic of",2024-06-01,0.9556907037358818
COG,"Congo, Republic of",2024-07-01,0.4302925989672978
COG,"Congo, Republic of",2024-08-01,-0.6855184233076264
COG,"Congo, Republic of",2024-09-01,-0.6902502157031924
COG,"Congo, Republic of",2024-10-01,-0.08688097306689835
COG,"Congo, Republic of",2024-11-01,0.5217391304347826
COG,"Congo, Republic of",2024-12-01,4.325259515570934
NER,Niger,2019-01-01,-2.027027027027018
NER,Niger,2019-02-01,0
NER,Niger,2019-03-01,-0.4926108374384292
NER,Niger,2019-04-01,0
NER,Niger,2019-05-01,0.5940594059405915
NER,Niger,2019-06-01,0.4921259842519741
NER,Niger,2019-07-01,-0.7835455435847251
NER,Niger,2019-08-01,0.3948667324777909
NER,Niger,2019-09-01,-0.09832841691249113
NER,Niger,2019-10-01,0.3937007874015769
NER,Niger,2019-11-01,-0.4901960784313666
NER,Niger,2019-12-01,-0.2955665024630644
NER,Niger,2020-01-01,0.3952569169960496
NER,Niger,2020-02-01,0.1968503937007942
NER,Niger,2020-03-01,0.3929273084479277
NER,Niger,2020-04-01,1.174168297455975
NER,Niger,2020-05-01,0.9671179883945836
NER,Niger,2020-06-01,0.3831417624521093
NER,Niger,2020-07-01,1.622137404580153
NER,Niger,2020-08-01,0.9389671361502344
NER,Niger,2020-09-01,-0.4651162790697727
NER,Niger,2020-10-01,-1.495327102803735
NER,Niger,2020-11-01,-0.9487666034155592
NER,Niger,2020-12-01,-0.09578544061303014
NER,Niger,2021-01-01,1.054650047938641
NER,Niger,2021-02-01,1.138519924098667
NER,Niger,2021-03-01,-0.375234521575976
NER,Niger,2021-04-01,0.6591337099811684
NER,Niger,2021-05-01,0.467726847521042
NER,Niger,2021-06-01,1.210428305400371
NER,Niger,2021-07-01,1.655933762649498
NER,Niger,2021-08-01,0.9049773755656104
NER,Niger,2021-09-01,-0.8071748878923731
NER,Niger,2021-10-01,-1.265822784810128
NER,Niger,2021-11-01,-0.1831501831501895
NER,Niger,2021-12-01,0.3669724770642222
NER,Niger,2022-01-01,1.462522851919558
NER,Niger,2022-02-01,0.6306306306306314
NER,Niger,2022-03-01,0.08952551477171306
NER,Niger,2022-04-01,0.7155635062611845
NER,Niger,2022-05-01,0.6216696269982245
NER,Niger,2022-06-01,0.4413062665489796
NER,Niger,2022-07-01,0.7908611599296979
NER,Niger,2022-08-01,0.5231037489102085
NER,Niger,2022-09-01,-1.040763226366007
NER,Niger,2022-10-01,-1.402278702892197
NER,Niger,2022-11-01,0.2666666666666655
NER,Niger,2022-12-01,0
NER,Niger,2023-01-01,0.4432624113475227
NER,Niger,2023-02-01,-0.3530450132391899
NER,Niger,2023-03-01,0.3542958370239169
NER,Niger,2023-04-01,0.3530450132391795
NER,Niger,2023-05-01,-0.08795074758134719
NER,Niger,2023-06-01,1.848591549295777
NER,Niger,2023-07-01,2.160760587726874
NER,Niger,2023-08-01,2.199661590524512
NER,Niger,2023-09-01,1.821192052980196
NER,Niger,2023-10-01,-1.869918699187008
NER,Niger,2023-11-01,-0.1657000828500471
NER,Niger,2023-12-01,0.3319502074688911
NER,Niger,2024-01-01,0.1654259718775905
NER,Niger,2024-02-01,0.8257638315441099
NER,Niger,2024-03-01,0.7371007371008109
NER,Niger,2024-04-01,2.601626016260157
NER,Niger,2024-05-01,1.743264659270965
NER,Niger,2024-06-01,4.049844236760083
NER,Niger,2024-07-01,1.721556886227561
NER,Niger,2024-08-01,-2.060338484179529
NER,Niger,2024-09-01,-0.6010518407212831
NER,Niger,2024-10-01,-4.006046863189728
NER,Niger,2024-11-01,-1.574803149606262
NER,Niger,2024-12-01,1.199999999999995
SEN,Senegal,2019-01-01,-0.789889415481829
SEN,Senegal,2019-02-01,0.3184713375796115
SEN,Senegal,2019-03-01,-0.6349206349206346
SEN,Senegal,2019-04-01,0.2424830261881761
SEN,Senegal,2019-05-01,0.03870343492984804
SEN,Senegal,2019-06-01,0.4159009575394203
SEN,Senegal,2019-07-01,0.2600654979772704
SEN,Senegal,2019-08-01,1.911776568354299
SEN,Senegal,2019-09-01,0.4136686099382709
SEN,Senegal,2019-10-01,0.3832219447706622
SEN,Senegal,2019-11-01,-0.3311816747648554
SEN,Senegal,2019-12-01,-0.7252019586790439
SEN,Senegal,2020-01-01,0.09451795841209948
SEN,Senegal,2020-02-01,-0.2832861189801615
SEN,Senegal,2020-03-01,0.0946969696969588
SEN,Senegal,2020-04-01,1.040681173131505
SEN,Senegal,2020-05-01,-0.6554307116104832
SEN,Senegal,2020-06-01,-0.1885014137606056
SEN,Senegal,2020-07-01,0.944287063267233
SEN,Senegal,2020-08-01,2.151543498596823
SEN,Senegal,2020-09-01,0.2747252747252782
SEN,Senegal,2020-10-01,0.1826484018264746
SEN,Senegal,2020-11-01,-0.546946216955328
SEN,Senegal,2020-12-01,-0.64161319890008806
SEN,Senegal,2021-01-01,-1.383763837638382
SEN,Senegal,2021-02-01,0.4677268475210536
SEN,Senegal,2021-03-01,-0.4655493482309183
SEN,Senegal,2021-04-01,0.1870907390084214
SEN,Senegal,2021-05-01,0.3734827264239076
SEN,Senegal,2021-06-01,0.4651162790697614
SEN,Senegal,2021-07-01,1.944444444444445
SEN,Senegal,2021-08-01,1.81653042688465
SEN,Senegal,2021-09-01,0.6244424620874184
SEN,Senegal,2021-10-01,0.3546099290780186
SEN,Senegal,2021-11-01,-0.7067137809187255
SEN,Senegal,2021-12-01,0.08896797153025023
SEN,Senegal,2022-01-01,0.2458799195920013
SEN,Senegal,2022-02-01,1.428273752395381
SEN,Senegal,2022-03-01,-0.7597177822280649
SEN,Senegal,2022-04-01,0.9631839013137978
SEN,Senegal,2022-05-01,0.7471996179235197
SEN,Senegal,2022-06-01,1.878143787378674
SEN,Senegal,2022-07-01,3.82718126898707
SEN,Senegal,2022-08-01,2.196683480190946
SEN,Senegal,2022-09-01,1.11228930990683
SEN,Senegal,2022-10-01,1.357626449360496
SEN,Senegal,2022-11-01,0.225991648659145
SEN,Senegal,2022-12-01,-1.031432685842935
SEN,Senegal,2023-01-01,-1.722868327687828
SEN,Senegal,2023-02-01,0.389259842650606
SEN,Senegal,2023-03-01,-0.6947974083540918
SEN,Senegal,2023-04-01,0.5215116820608429
SEN,Senegal,2023-05-01,0.05972474974481231
SEN,Senegal,2023-06-01,1.094228544171961
SEN,Senegal,2023-07-01,2.114487821840005
SEN,Senegal,2023-08-01,1.811569084792953
SEN,Senegal,2023-09-01,-0.3460684658134644
SEN,Senegal,2023-10-01,0.02879099137239946
SEN,Senegal,2023-11-01,-1.213933484345355
SEN,Senegal,2023-12-01,-1.195747008579144
SEN,Senegal,2024-01-01,-0.4635705023899155
SEN,Senegal,2024-02-01,0.6430258426756528
SEN,Senegal,2024-03-01,0.2303205344950103
SEN,Senegal,2024-04-01,-0.4305005703559207
SEN,Senegal,2024-05-01,-0.1695261470625918
SEN,Senegal,2024-06-01,0.3769772745637251
SEN,Senegal,2024-07-01,0.07806401249021308
SEN,Senegal,2024-08-01,0.624024960998408
SEN,Senegal,2024-09-01,0.8527131782946538
SEN,Senegal,2024-10-01,0.461183704842356
SEN,Senegal,2024-11-01,-1.147666411629652
SEN,Senegal,2024-12-01,-0.7739938080495452
MYS,Malaysia,2019-01-01,-0.495458298926507
MYS,Malaysia,2019-02-01,0.2489626556016598
MYS,Malaysia,2019-03-01,0.2483443708609272
MYS,Malaysia,2019-04-01,0
MYS,Malaysia,2019-05-01,0.2477291494632535
MYS,Malaysia,2019-06-01,0
MYS,Malaysia,2019-07-01,0.08237232289950577
MYS,Malaysia,2019-08-01,0.2469135802469136
MYS,Malaysia,2019-09-01,0
MYS,Malaysia,2019-10-01,0.1642036124794745
MYS,Malaysia,2019-11-01,0.0819672131147541
MYS,Malaysia,2019-12-01,0.1638001638001638
MYS,Malaysia,2020-01-01,0.08176614881439084
MYS,Malaysia,2020-02-01,0
MYS,Malaysia,2020-03-01,-1.225490196078431
MYS,Malaysia,2020-04-01,-2.729528535980149
MYS,Malaysia,2020-05-01,0.2551020408163265
MYS,Malaysia,2020-06-01,1.017811704834606
MYS,Malaysia,2020-07-01,0.6717044500419815
MYS,Malaysia,2020-08-01,0.1668056713928274
MYS,Malaysia,2020-09-01,0
MYS,Malaysia,2020-10-01,0.0832639467110741
MYS,Malaysia,2020-11-01,-0.1663893510815308
MYS,Malaysia,2020-12-01,0.5
MYS,Malaysia,2021-01-01,1.243781094527363
MYS,Malaysia,2021-02-01,0.3276003276003276
MYS,Malaysia,2021-03-01,0.326530612244898
MYS,Malaysia,2021-04-01,0.1627339300244101
MYS,Malaysia,2021-05-01,0
MYS,Malaysia,2021-06-01,0.08123476848090982
MYS,Malaysia,2021-07-01,-0.5681818181818182
MYS,Malaysia,2021-08-01,0
MYS,Malaysia,2021-09-01,0.2448979591836735
MYS,Malaysia,2021-10-01,0.7328990228013029
MYS,Malaysia,2021-11-01,0.2425222312045271
MYS,Malaysia,2021-12-01,0.4032258064516129
MYS,Malaysia,2022-01-01,0.321285140562249
MYS,Malaysia,2022-02-01,0.2401921537229784
MYS,Malaysia,2022-03-01,0.3194888178913738
MYS,Malaysia,2022-04-01,0.2388535031847134
MYS,Malaysia,2022-05-01,0.555996822875298
MYS,Malaysia,2022-06-01,0.631911532385466
MYS,Malaysia,2022-07-01,0.3924646781789639
MYS,Malaysia,2022-08-01,0.2345582486317435
MYS,Malaysia,2022-09-01,0.078003120124805
MYS,Malaysia,2022-10-01,0.2338269680436477
MYS,Malaysia,2022-11-01,0.3110419906687403
MYS,Malaysia,2022-12-01,0.1550387596899225
MYS,Malaysia,2023-01-01,0.2321981424148607
MYS,Malaysia,2023-02-01,0.2316602316602317
MYS,Malaysia,2023-03-01,0.07704160246533127
MYS,Malaysia,2023-04-01,0.07698229407236336
MYS,Malaysia,2023-05-01,0.1538461538461538
MYS,Malaysia,2023-06-01,0.1536098310291859
MYS,Malaysia,2023-07-01,0.07668711656441718
MYS,Malaysia,2023-08-01,0.1532567049808429
MYS,Malaysia,2023-09-01,0.07651109410864575
MYS,Malaysia,2023-10-01,0.0764525993883792
MYS,Malaysia,2023-11-01,0
MYS,Malaysia,2023-12-01,0.2291825821237586
MYS,Malaysia,2024-01-01,0.1524390243902439
MYS,Malaysia,2024-02-01,0.5327245053272451
MYS,Malaysia,2024-03-01,0.0757002271006813
MYS,Malaysia,2024-04-01,0.151285930408472
MYS,Malaysia,2024-05-01,0.3021148036253776
MYS,Malaysia,2024-06-01,0.1506024096385542
MYS,Malaysia,2024-07-01,0.07518796992481203
MYS,Malaysia,2024-08-01,0.07513148009015778
MYS,Malaysia,2024-09-01,0
MYS,Malaysia,2024-10-01,0.1501501501501502
MYS,Malaysia,2024-11-01,-0.07496251874062969
MYS,Malaysia,2024-12-01,0.07501875468867217
GBR,United Kingdom,2019-01-01,-0.6535947712418301
GBR,United Kingdom,2019-02-01,0.3759398496240602
GBR,United Kingdom,2019-03-01,0.1872659176029963
GBR,United Kingdom,2019-04-01,0.5607476635514019
GBR,United Kingdom,2019-05-01,0.2788104089219331
GBR,United Kingdom,2019-06-01,0
GBR,United Kingdom,2019-07-01,0.09267840593141798
GBR,United Kingdom,2019-08-01,0.2777777777777778
GBR,United Kingdom,2019-09-01,0.09233610341643585
GBR,United Kingdom,2019-10-01,-0.09225092250922508
GBR,United Kingdom,2019-11-01,0.1846722068328717
GBR,United Kingdom,2019-12-01,0
GBR,United Kingdom,2020-01-01,-0.184331797235023
GBR,United Kingdom,2020-02-01,0.2770083102493075
GBR,United Kingdom,2020-03-01,0
GBR,United Kingdom,2020-04-01,0
GBR,United Kingdom,2020-05-01,0
GBR,United Kingdom,2020-06-01,0.1841620626151013
GBR,United Kingdom,2020-07-01,0.3676470588235294
GBR,United Kingdom,2020-08-01,-0.3663003663003663
GBR,United Kingdom,2020-09-01,0.3676470588235294
GBR,United Kingdom,2020-10-01,0
GBR,United Kingdom,2020-11-01,-0.09157509157509158
GBR,United Kingdom,2020-12-01,0.2749770852428964
GBR,United Kingdom,2021-01-01,-0.09140767824497258
GBR,United Kingdom,2021-02-01,0.09149130832570906
GBR,United Kingdom,2021-03-01,0.2742230347349177
GBR,United Kingdom,2021-04-01,0.6381039197812215
GBR,United Kingdom,2021-05-01,0.5434782608695652
GBR,United Kingdom,2021-06-01,0.3603603603603604
GBR,United Kingdom,2021-07-01,0
GBR,United Kingdom,2021-08-01,0.6283662477558348
GBR,United Kingdom,2021-09-01,0.2676181980374665
GBR,United Kingdom,2021-10-01,0.8896797153024911
GBR,United Kingdom,2021-11-01,0.617283950617284
GBR,United Kingdom,2021-12-01,0.5258545135845749
GBR,United Kingdom,2022-01-01,-0.08718395815170009
GBR,United Kingdom,2022-02-01,0.6980802792321117
GBR,United Kingdom,2022-03-01,0.9532062391681108
GBR,United Kingdom,2022-04-01,2.145922746781116
GBR,United Kingdom,2022-05-01,0.5882352941176471
GBR,United Kingdom,2022-06-01,0.6683375104427736
GBR,United Kingdom,2022-07-01,0.5809128630705394
GBR,United Kingdom,2022-08-01,0.495049504950495
GBR,United Kingdom,2022-09-01,0.4105090311986864
GBR,United Kingdom,2022-10-01,1.635322976287817
GBR,United Kingdom,2022-11-01,0.4022526146419952
GBR,United Kingdom,2022-12-01,0.4006410256410256
GBR,United Kingdom,2023-01-01,-0.3990422984836393
GBR,United Kingdom,2023-02-01,0.9615384615384616
GBR,United Kingdom,2023-03-01,0.6349206349206349
GBR,United Kingdom,2023-04-01,1.182965299684543
GBR,United Kingdom,2023-05-01,0.6235385814497272
GBR,United Kingdom,2023-06-01,0.2323780015491867
GBR,United Kingdom,2023-07-01,-0.3091190108191654
GBR,United Kingdom,2023-08-01,0.310077519379845
GBR,United Kingdom,2023-09-01,0.5409582689335394
GBR,United Kingdom,2023-10-01,0.07686395080707148
GBR,United Kingdom,2023-11-01,-0.1536098310291859
GBR,United Kingdom,2023-12-01,0.3846153846153846
GBR,United Kingdom,2024-01-01,-0.3831417624521073
GBR,United Kingdom,2024-02-01,0.6153846153846154
GBR,United Kingdom,2024-03-01,0.6116207951070336
GBR,United Kingdom,2024-04-01,0.4559270516717325
GBR,United Kingdom,2024-05-01,0.37821482602118
GBR,United Kingdom,2024-06-01,0.2260738507912585
GBR,United Kingdom,2024-07-01,-0.07518796992481203
GBR,United Kingdom,2024-08-01,0.3762227238525207
GBR,United Kingdom,2024-09-01,0.07496251874062969
GBR,United Kingdom,2024-10-01,0.599250936329588
GBR,United Kingdom,2024-11-01,0.2233804914370812
GBR,United Kingdom,2024-12-01,0.3714710252600297
PAN,Panama,2019-01-01,-0.2719138589124401
PAN,Panama,2019-02-01,0.08967157784613852
PAN,Panama,2019-03-01,0.4135937477566296
PAN,Panama,2019-04-01,0.2807259028507263
PAN,Panama,2019-05-01,0.08944773391152754
PAN,Panama,2019-06-01,-0.3311641936194622
PAN,Panama,2019-07-01,0.2206838722587223
PAN,Panama,2019-08-01,-0.275437567326278
PAN,Panama,2019-09-01,-0.04747903485990825
PAN,Panama,2019-10-01,-0.05236620862926441
PAN,Panama,2019-11-01,-0.01488781174934651
PAN,Panama,2019-12-01,-0.1617858871164028
PAN,Panama,2020-01-01,0.1469426933056465
PAN,Panama,2020-02-01,-0.2507820830664339
PAN,Panama,2020-03-01,-0.443967629314305
PAN,Panama,2020-04-01,-1.27055141181458
PAN,Panama,2020-05-01,-0.00837357843900919
PAN,Panama,2020-06-01,0.5197895913546274
PAN,Panama,2020-07-01,-0.4045367008559594
PAN,Panama,2020-08-01,0.01663236444136654
PAN,Panama,2020-09-01,0.05971095618246657
PAN,Panama,2020-10-01,-0.1443287546615272
PAN,Panama,2020-11-01,-0.1043394301821268
PAN,Panama,2020-12-01,0.3086684386521478
PAN,Panama,2021-01-01,0.3139351459720722
PAN,Panama,2021-02-01,0.5841718760893309
PAN,Panama,2021-03-01,0.4312763952224587
PAN,Panama,2021-04-01,0.1243221948187264
PAN,Panama,2021-05-01,0.206691085381895
PAN,Panama,2021-06-01,0.1805652552323321
PAN,Panama,2021-07-01,0.3723048665700937
PAN,Panama,2021-08-01,0.03648431791902572
PAN,Panama,2021-09-01,0.1508228297136171
PAN,Panama,2021-10-01,0.3010017269191705
PAN,Panama,2021-11-01,0.3007602682543329
PAN,Panama,2021-12-01,-0.4057185195798777
PAN,Panama,2022-01-01,0.3157506175877637
PAN,Panama,2022-02-01,0.691313807594545
PAN,Panama,2022-03-01,0.8701331436769169
PAN,Panama,2022-04-01,0.5765091562399266
PAN,Panama,2022-05-01,0.7573763375312302
PAN,Panama,2022-06-01,1.121016422445996
PAN,Panama,2022-07-01,-1.242391992124114
PAN,Panama,2022-08-01,-1.354312292261217
PAN,Panama,2022-09-01,0.019168942590878
PAN,Panama,2022-10-01,0.04047034918933704
PAN,Panama,2022-11-01,0.1274067791566229
PAN,Panama,2022-12-01,0.1656966970258186
PAN,Panama,2023-01-01,0.9426491724233854
PAN,Panama,2023-02-01,0.03426368894082027
PAN,Panama,2023-03-01,0.1830137861814949
PAN,Panama,2023-04-01,0.1833210813743948
PAN,Panama,2023-05-01,0.2280000951525277
PAN,Panama,2023-06-01,0.05385796468012933
PAN,Panama,2023-07-01,-0.02901290435595002
PAN,Panama,2023-08-01,0.230984187941366
PAN,Panama,2023-09-01,0.131842877525433
PAN,Panama,2023-10-01,-0.1832276250880902
PAN,Panama,2023-11-01,0.05484144263967715
PAN,Panama,2023-12-01,0.0777556832666856
PAN,Panama,2024-01-01,0.2507355576864641
PAN,Panama,2024-02-01,0.3400422171442262
PAN,Panama,2024-03-01,0.3465775019467852
PAN,Panama,2024-04-01,0.1518700749255747
PAN,Panama,2024-05-01,-0.1711684632455772
PAN,Panama,2024-06-01,-0.3084872764774395
PAN,Panama,2024-07-01,-0.1309385800398241
PAN,Panama,2024-08-01,-0.218758545255674
PAN,Panama,2024-09-01,-0.478313027791339
PAN,Panama,2024-10-01,-0.2047911649845404
PAN,Panama,2024-11-01,0.05271905131290539
PAN,Panama,2024-12-01,0.1814515760809017
ESP,Spain,2019-01-01,-1.278139095233692
ESP,Spain,2019-02-01,0.2445751157829006
ESP,Spain,2019-03-01,0.3623338870431894
ESP,Spain,2019-04-01,1.008596344226174
ESP,Spain,2019-05-01,0.1945844086682233
ESP,Spain,2019-06-01,-0.1175460473863892
ESP,Spain,2019-07-01,-0.6201455192951217
ESP,Spain,2019-08-01,-0.05560532575453338
ESP,Spain,2019-09-01,0
ESP,Spain,2019-10-01,0.9705436899205638
ESP,Spain,2019-11-01,0.1693860266731972
ESP,Spain,2019-12-01,-0.07232573064268033
ESP,Spain,2020-01-01,-0.975574946990703
ESP,Spain,2020-02-01,-0.118387053603599
ESP,Spain,2020-03-01,-0.383410290237467
ESP,Spain,2020-04-01,0.3021148036253776
ESP,Spain,2020-05-01,-0.00618914012213236
ESP,Spain,2020-06-01,0.4611194784295116
ESP,Spain,2020-07-01,-0.8974688093648919
ESP,Spain,2020-08-01,0.04559065805970304
ESP,Spain,2020-09-01,0.1501734762570556
ESP,Spain,2020-10-01,0.5253360910031024
ESP,Spain,2020-11-01,0.1635667846267797
ESP,Spain,2020-12-01,0.2125976973717995
ESP,Spain,2021-01-01,0.00922376862688831
ESP,Spain,2021-02-01,-0.5892419786233258
ESP,Spain,2021-03-01,0.9700230908791028
ESP,Spain,2021-04-01,1.180206025584743
ESP,Spain,2021-05-01,0.4712173956914384
ESP,Spain,2021-06-01,0.4760374402442454
ESP,Spain,2021-07-01,-0.7536533194730424
ESP,Spain,2021-08-01,0.4542158482052935
ESP,Spain,2021-09-01,0.8341437494360507
ESP,Spain,2021-10-01,1.839423315933383
ESP,Spain,2021-11-01,0.3055894556992922
ESP,Spain,2021-12-01,1.194300064241079
ESP,Spain,2022-01-01,-0.38282114173039
ESP,Spain,2022-02-01,0.8072069288479921
ESP,Spain,2022-03-01,3.029606428934034
ESP,Spain,2022-04-01,-0.177565401706859
ESP,Spain,2022-05-01,0.8260768335273574
ESP,Spain,2022-06-01,1.851988694093957
ESP,Spain,2022-07-01,-0.2548359890084976
ESP,Spain,2022-08-01,0.253668648737112
ESP,Spain,2022-09-01,-0.6955969709336598
ESP,Spain,2022-10-01,0.336079197793567
ESP,Spain,2022-11-01,-0.1201463601114084
ESP,Spain,2022-12-01,0.1503636065394499
ESP,Spain,2023-01-01,-0.2101929953866732
ESP,Spain,2023-02-01,0.9437575227048912
ESP,Spain,2023-03-01,0.3685536977317688
ESP,Spain,2023-04-01,0.5958005958005957
ESP,Spain,2023-05-01,-0.04831220419958308
ESP,Spain,2023-06-01,0.5683903364691771
ESP,Spain,2023-07-01,0.1691083539526853
ESP,Spain,2023-08-01,0.537567529144157
ESP,Spain,2023-09-01,0.1758742896534658
ESP,Spain,2023-10-01,0.2893743162649539
ESP,Spain,2023-11-01,-0.3483584925577958
ESP,Spain,2023-12-01,0.02471751412429379
ESP,Spain,2024-01-01,0.08472482084230593
ESP,Spain,2024-02-01,0.3553666537335544
ESP,Spain,2024-03-01,0.7618160570087956
ESP,Spain,2024-04-01,0.6958857282383103
ESP,Spain,2024-05-01,0.263267285575724
ESP,Spain,2024-06-01,0.3765892758430072
ESP,Spain,2024-07-01,-0.47499397652566
ESP,Spain,2024-08-01,0.04063634791630642
ESP,Spain,2024-09-01,-0.603247858815802
ESP,Spain,2024-10-01,0.6234294707370728
ESP,Spain,2024-11-01,0.2454072550680055
ESP,Spain,2024-12-01,0.4516851995517628
SGP,Singapore,2019-01-01,-0.2964865180343177
SGP,Singapore,2019-02-01,0.5678093097311979
SGP,Singapore,2019-03-01,0.01862609282779013
SGP,Singapore,2019-04-01,-0.2176519198761595
SGP,Singapore,2019-05-01,0.5727283331389245
SGP,Singapore,2019-06-01,-0.2864731329954419
SGP,Singapore,2019-07-01,-0.4501360876544071
SGP,Singapore,2019-08-01,0.6262633343848949
SGP,Singapore,2019-09-01,-0.06270102063328031
SGP,Singapore,2019-10-01,-0.2161056826499669
SGP,Singapore,2019-11-01,0.3225318165411083
SGP,Singapore,2019-12-01,0.1915041782729805
SGP,Singapore,2020-01-01,-0.2363162467419635
SGP,Singapore,2020-02-01,0.0719917325623251
SGP,Singapore,2020-03-01,-0.3422948841418841
SGP,Singapore,2020-04-01,-0.9198025335320416
SGP,Singapore,2020-05-01,0.4747467625561118
SGP,Singapore,2020-06-01,0.02105213913124839
SGP,Singapore,2020-07-01,-0.3215622076707203
SGP,Singapore,2020-08-01,0.6358144172678749
SGP,Singapore,2020-09-01,0.3333838460372784
SGP,Singapore,2020-10-01,-0.4228968433771334
SGP,Singapore,2020-11-01,0.3943576520552101
SGP,Singapore,2020-12-01,0.3614303810708101
SGP,Singapore,2021-01-01,-0.02779128743139026
SGP,Singapore,2021-02-01,0.5710380614821507
SGP,Singapore,2021-03-01,0.2211293721998917
SGP,Singapore,2021-04-01,-0.1654811018283363
SGP,Singapore,2021-05-01,0.8046043165467626
SGP,Singapore,2021-06-01,-0.00570945714481467
SGP,Singapore,2021-07-01,-0.1952745834713198
SGP,Singapore,2021-08-01,0.5537884162108972
SGP,Singapore,2021-09-01,0.4164675360142009
SGP,Singapore,2021-10-01,0.2855588795213489
SGP,Singapore,2021-11-01,0.9819209039548022
SGP,Singapore,2021-12-01,0.4610099699000772
SGP,Singapore,2022-01-01,0.03230082088637908
SGP,Singapore,2022-02-01,0.8685001670192629
SGP,Singapore,2022-03-01,1.24185892482614
SGP,Singapore,2022-04-01,-0.1319304366788421
SGP,Singapore,2022-05-01,0.9913313099111296
SGP,Singapore,2022-06-01,0.9956541480184212
SGP,Singapore,2022-07-01,0.1498560311700545
SGP,Singapore,2022-08-01,0.9426803330376324
SGP,Singapore,2022-09-01,0.4330562761395521
SGP,Singapore,2022-10-01,-0.3995614312522403
SGP,Singapore,2022-11-01,0.9748610743582958
SGP,Singapore,2022-12-01,0.2044110864187178
SGP,Singapore,2023-01-01,0.1893483696163865
SGP,Singapore,2023-02-01,0.5596625318464687
SGP,Singapore,2023-03-01,0.5025543049383229
SGP,Singapore,2023-04-01,0.0795520290933135
SGP,Singapore,2023-05-01,0.3220844645861937
SGP,Singapore,2023-06-01,0.4774595857214888
SGP,Singapore,2023-07-01,-0.2334988990731732
SGP,Singapore,2023-08-01,0.8838293111058645
SGP,Singapore,2023-09-01,0.506725818596227
SGP,Singapore,2023-10-01,0.2004535514699927
SGP,Singapore,2023-11-01,-0.1677208155677249
SGP,Singapore,2023-12-01,0.373451542385232
SGP,Singapore,2024-01-01,-0.4285267753612229
SGP,Singapore,2024-02-01,1.015675631885936
SGP,Singapore,2024-03-01,-0.04310560874141646
SGP,Singapore,2024-04-01,-0.2868260590500642
SGP,Singapore,2024-05-01,0.7875203669060407
SGP,Singapore,2024-06-01,-0.1047810076939197
SGP,Singapore,2024-07-01,-0.2857028690162231
SGP,Singapore,2024-08-01,0.5970866977899778
SGP,Singapore,2024-09-01,0.2300476029238951
SGP,Singapore,2024-10-01,-0.5226290426747479
SGP,Singapore,2024-11-01,0.2676814590637142
SGP,Singapore,2024-12-01,0.2729437078506181
DEU,Germany,2019-01-01,-0.7677590175063908
DEU,Germany,2019-02-01,0.3868495812977949
DEU,Germany,2019-03-01,0.3853588223072053
DEU,Germany,2019-04-01,0.9596937137821008
DEU,Germany,2019-05-01,0.1901102204408818
DEU,Germany,2019-06-01,0.2845992283407506
DEU,Germany,2019-07-01,0.4731022804447401
DEU,Germany,2019-08-01,-0.1883895276068078
DEU,Germany,2019-09-01,0
DEU,Germany,2019-10-01,0.0943725518079454
DEU,Germany,2019-11-01,-0.7540003457395548
DEU,Germany,2019-12-01,0.4748291879252658
DEU,Germany,2020-01-01,-0.567106243748082
DEU,Germany,2020-02-01,0.3006012024048096
DEU,Germany,2020-03-01,0.1998001998001998
DEU,Germany,2020-04-01,0.09970089730807576
DEU,Germany,2020-05-01,0
DEU,Germany,2020-06-01,0.09960159362549802
DEU,Germany,2020-07-01,-0.7960199004975124
DEU,Germany,2020-08-01,0
DEU,Germany,2020-09-01,0
DEU,Germany,2020-10-01,0.2006018054162487
DEU,Germany,2020-11-01,-0.2002002002002002
DEU,Germany,2020-12-01,0.1003009027081244
DEU,Germany,2021-01-01,1.202404809619238
DEU,Germany,2021-02-01,0.5940594059405941
DEU,Germany,2021-03-01,0.4921259842519685
DEU,Germany,2021-04-01,0.2938295788442703
DEU,Germany,2021-05-01,0.1953125
DEU,Germany,2021-06-01,0.2923976608187135
DEU,Germany,2021-07-01,0.4859086491739553
DEU,Germany,2021-08-01,0.0967117988394584
DEU,Germany,2021-09-01,0.2898550724637681
DEU,Germany,2021-10-01,0.4816955684007707
DEU,Germany,2021-11-01,0.1917545541706616
DEU,Germany,2021-12-01,0.1913875598086124
DEU,Germany,2022-01-01,0.4775549188156638
DEU,Germany,2022-02-01,0.7604562737642586
DEU,Germany,2022-03-01,1.981132075471698
DEU,Germany,2022-04-01,0.6475485661424607
DEU,Germany,2022-05-01,0.9191176470588236
DEU,Germany,2022-06-01,0
DEU,Germany,2022-07-01,0.4553734061930783
DEU,Germany,2022-08-01,0.3626473254759746
DEU,Germany,2022-09-01,1.806684733514002
DEU,Germany,2022-10-01,0.709849157054126
DEU,Germany,2022-11-01,0.1762114537444934
DEU,Germany,2022-12-01,-0.4397537379067722
DEU,Germany,2023-01-01,0.9717314487632508
DEU,Germany,2023-02-01,0.7874015748031497
DEU,Germany,2023-03-01,0.78125
DEU,Germany,2023-04-01,0.4306632213608958
DEU,Germany,2023-05-01,-0.08576329331046312
DEU,Germany,2023-06-01,0.2575107296137339
DEU,Germany,2023-07-01,0.2568493150684932
DEU,Germany,2023-08-01,0.3415883859948762
DEU,Germany,2023-09-01,0.2553191489361702
DEU,Germany,2023-10-01,0
DEU,Germany,2023-11-01,-0.4244482173174873
DEU,Germany,2023-12-01,0.08525149190110827
DEU,Germany,2024-01-01,0.1703577512776831
DEU,Germany,2024-02-01,0.4251700680272109
DEU,Germany,2024-03-01,0.4233700254022015
DEU,Germany,2024-04-01,0.5059021922428331
DEU,Germany,2024-05-01,0.08389261744966443
DEU,Germany,2024-06-01,0.08382229673093043
DEU,Germany,2024-07-01,0.3350083752093802
DEU,Germany,2024-08-01,-0.08347245409015025
DEU,Germany,2024-09-01,0
DEU,Germany,2024-10-01,0.4177109440267335
DEU,Germany,2024-11-01,-0.2495840266222962
DEU,Germany,2024-12-01,0.5004170141784821
FIN,Finland,2019-01-01,-0.3894460130464414
FIN,Finland,2019-02-01,0.4789365653406314
FIN,Finland,2019-03-01,0.06809338521400778
FIN,Finland,2019-04-01,0.5832604257801108
FIN,Finland,2019-05-01,-0.1739634676717889
FIN,Finland,2019-06-01,0.06777035531029141
FIN,Finland,2019-07-01,-0.2708978328173375
FIN,Finland,2019-08-01,0.4074505238649593
FIN,Finland,2019-09-01,0.03864734299516908
FIN,Finland,2019-10-01,0.07726482518833301
FIN,Finland,2019-11-01,-0.09650646593321752
FIN,Finland,2019-12-01,0.1255795981452859
FIN,Finland,2020-01-01,-0.3183791606367583
FIN,Finland,2020-02-01,0.3387533875338753
FIN,Finland,2020-03-01,-0.1736278576251567
FIN,Finland,2020-04-01,-0.3381969272393468
FIN,Finland,2020-05-01,-0.01939111886755866
FIN,Finland,2020-06-01,0.1939487975174554
FIN,Finland,2020-07-01,0.3581107239643825
FIN,Finland,2020-08-01,0.01928826309190857
FIN,Finland,2020-09-01,0
FIN,Finland,2020-10-01,0.09642271719217048
FIN,Finland,2020-11-01,-0.06743088334457181
FIN,Finland,2020-12-01,0.1445922498554078
FIN,Finland,2021-01-01,0.3368947925690634
FIN,Finland,2021-02-01,0.3645433614735226
FIN,Finland,2021-03-01,0.2389600458803288
FIN,Finland,2021-04-01,0.3718890054353008
FIN,Finland,2021-05-01,0.1520045601368041
FIN,Finland,2021-06-01,-0.05691519635742743
FIN,Finland,2021-07-01,0.3321943811693242
FIN,Finland,2021-08-01,0.2364960741651689
FIN,Finland,2021-09-01,0.3114382785956965
FIN,Finland,2021-10-01,0.7526578229372471
FIN,Finland,2021-11-01,0.4482211224203941
FIN,Finland,2021-12-01,-0.07437017755879892
FIN,Finland,2022-01-01,1.218718020280956
FIN,Finland,2022-02-01,0.5147058823529412
FIN,Finland,2022-03-01,1.453913679590344
FIN,Finland,2022-04-01,0.3154574132492114
FIN,Finland,2022-05-01,1.311769991015274
FIN,Finland,2022-06-01,0.7183398368215679
FIN,Finland,2022-07-01,0.3257902615127234
FIN,Finland,2022-08-01,0.07898894154818326
FIN,Finland,2022-09-01,0.7804963606068578
FIN,Finland,2022-10-01,0.931082492168465
FIN,Finland,2022-11-01,1.215622036382447
FIN,Finland,2022-12-01,-0.06814310051107325
FIN,Finland,2023-01-01,0.5710876235935902
FIN,Finland,2023-02-01,0.8390541571319603
FIN,Finland,2023-03-01,0.6471675911917969
FIN,Finland,2023-04-01,0.3089770354906054
FIN,Finland,2023-05-01,0.2747252747252747
FIN,Finland,2023-06-01,0.199252801992528
FIN,Finland,2023-07-01,0.5054271273510647
FIN,Finland,2023-08-01,-0.717230008244023
FIN,Finland,2023-09-01,0.7058042016108943
FIN,Finland,2023-10-01,0.2803430079155673
FIN,Finland,2023-11-01,-0.328893274132544
FIN,Finland,2023-12-01,0.2639828411153275
FIN,Finland,2024-01-01,0.255060062530854
FIN,Finland,2024-02-01,0.5334427574887156
FIN,Finland,2024-03-01,-0.1142857142857143
FIN,Finland,2024-04-01,0.02451781627983001
FIN,Finland,2024-05-01,-0.1143884304273225
FIN,Finland,2024-06-01,-0.016359918200409
FIN,Finland,2024-07-01,0.2127137363985928
FIN,Finland,2024-08-01,-0.4898359049718344
FIN,Finland,2024-09-01,0.3035523832964148
FIN,Finland,2024-10-01,0.5398331424832326
FIN,Finland,2024-11-01,-0.3660917670029287
FIN,Finland,2024-12-01,-0.06532211970278436
SLE,Sierra Leone,2019-01-01,1.780415430267062
SLE,Sierra Leone,2019-02-01,1.078717201166181
SLE,Sierra Leone,2019-03-01,1.845976348428036
SLE,Sierra Leone,2019-04-01,2.548853016142736
SLE,Sierra Leone,2019-05-01,-0.08285004142502071
SLE,Sierra Leone,2019-06-01,1.271420674405749
SLE,Sierra Leone,2019-07-01,2.210698689956332
SLE,Sierra Leone,2019-08-01,1.815754339118825
SLE,Sierra Leone,2019-09-01,0.1835824809861002
SLE,Sierra Leone,2019-10-01,-0.1308900523560209
SLE,Sierra Leone,2019-11-01,0.1965923984272608
SLE,Sierra Leone,2019-12-01,0.4185742315238718
SLE,Sierra Leone,2020-01-01,1.511006903738439
SLE,Sierra Leone,2020-02-01,2.053124598999102
SLE,Sierra Leone,2020-03-01,2.615365270966931
SLE,Sierra Leone,2020-04-01,2.119838255115795
SLE,Sierra Leone,2020-05-01,0.2639788816894648
SLE,Sierra Leone,2020-06-01,0.2872187649593107
SLE,Sierra Leone,2020-07-01,1.26491646778043
SLE,Sierra Leone,2020-08-01,1.838321942022154
SLE,Sierra Leone,2020-09-01,0.5207127979634344
SLE,Sierra Leone,2020-10-01,-1.876366985150224
SLE,Sierra Leone,2020-11-01,-0.7742843735335523
SLE,Sierra Leone,2020-12-01,0.2482856467249941
SLE,Sierra Leone,2021-01-01,2.476707158863073
SLE,Sierra Leone,2021-02-01,1.484635746345955
SLE,Sierra Leone,2021-03-01,0.839192560671354
SLE,Sierra Leone,2021-04-01,2.732793522267206
SLE,Sierra Leone,2021-05-01,0.4378762999452655
SLE,Sierra Leone,2021-06-01,0.6539509536784741
SLE,Sierra Leone,2021-07-01,1.537628586897672
SLE,Sierra Leone,2021-08-01,2.186200277274182
SLE,Sierra Leone,2021-09-01,1.210603214360259
SLE,Sierra Leone,2021-10-01,0.6805526912765519
SLE,Sierra Leone,2021-11-01,0.2867677181482999
SLE,Sierra Leone,2021-12-01,2.124183006535948
SLE,Sierra Leone,2022-01-01,1.36
SLE,Sierra Leone,2022-02-01,2.298737174427782
SLE,Sierra Leone,2022-03-01,4.677403799787829
SLE,Sierra Leone,2022-04-01,3.049566979915239
SLE,Sierra Leone,2022-05-01,2.431828341528833
SLE,Sierra Leone,2022-06-01,3.13345552937069
SLE,Sierra Leone,2022-07-01,2.742044685172647
SLE,Sierra Leone,2022-08-01,1.14497528830313
SLE,Sierra Leone,2022-09-01,1.96270054564704
SLE,Sierra Leone,2022-10-01,3.706070287539936
SLE,Sierra Leone,2022-11-01,1.848428835489834
SLE,Sierra Leone,2022-12-01,3.667574107683001
SLE,Sierra Leone,2023-01-01,2.385294332190532
SLE,Sierra Leone,2023-02-01,5.42889712168709
SLE,Sierra Leone,2023-03-01,3.784295175023652
SLE,Sierra Leone,2023-04-01,4.180231801015757
SLE,Sierra Leone,2023-05-01,3.41875
SLE,Sierra Leone,2023-06-01,3.408472834954977
SLE,Sierra Leone,2023-07-01,2.857810765004968
SLE,Sierra Leone,2023-08-01,5.306717001352273
SLE,Sierra Leone,2023-09-01,4.351748407811046
SLE,Sierra Leone,2023-10-01,3.782033707745167
SLE,Sierra Leone,2023-11-01,1.589278597050618
SLE,Sierra Leone,2023-12-01,2.295130204501986
SLE,Sierra Leone,2024-01-01,-0.4316571404218802
SLE,Sierra Leone,2024-02-01,1.772013563372777
SLE,Sierra Leone,2024-03-01,2.400715135055509
SLE,Sierra Leone,2024-04-01,2.054849121135849
SLE,Sierra Leone,2024-05-01,1.755419105973314
SLE,Sierra Leone,2024-06-01,0.4317911899374699
SLE,Sierra Leone,2024-07-01,0.925843891202268
SLE,Sierra Leone,2024-08-01,2.08488785497959
SLE,Sierra Leone,2024-09-01,0.5890446298047983
SLE,Sierra Leone,2024-10-01,0.7437486642444967
SLE,Sierra Leone,2024-11-01,-0.1485001485001485
SLE,Sierra Leone,2024-12-01,0.8455851109033738
