year_month,Country,emp_change_p
2020-01-01,Argentina,1.2216249253121831
2020-01-01,Australia,4.299408777567901
2020-01-01,Austria,-2.7664140877551384
2020-01-01,Belgium,-1.279190945882499
2020-01-01,Bulgaria,1.0118043844856746
2020-01-01,Bahrain,25.531914893617024
2020-01-01,Belarus,3.2210269209824296
2020-01-01,Brazil,-0.7122008871724329
2020-01-01,Canada,-1.7857142857142794
2020-01-01,Switzerland,0.9245168608021218
2020-01-01,Chile,3.636051770741559
2020-01-01,Colombia,2.7391083301445653
2020-01-01,Cyprus,4.687499999999997
2020-01-01,Czech Republic,-5.000000000000004
2020-01-01,Germany,-3.825652458405864
2020-01-01,Denmark,-2.86990400014453
2020-01-01,Dominican Republic,4.596749357350703
2020-01-01,Ecuador,40.29993236396409
2020-01-01,"Egypt, Arab Rep.",-0.5478328900015599
2020-01-01,Spain,0
2020-01-01,Estonia,15.909090909090892
2020-01-01,Finland,3.8454885051045697
2020-01-01,France,-0.09455745083222837
2020-01-01,United Kingdom,0
2020-01-01,Greece,-3.0904617193130086
2020-01-01,"Hong Kong SAR, China",2.0580245106613817
2020-01-01,Croatia,1.3513513513513467
2020-01-01,Hungary,1.257119899430408
2020-01-01,Ireland,2.0833333333333446
2020-01-01,Iceland,-3.4989934152887066
2020-01-01,Israel,2.77777777777778
2020-01-01,Italy,-0.9896493661159774
2020-01-01,Japan,4.318528246708202
2020-01-01,"Korea, Rep.",0
2020-01-01,Sri Lanka,14.583333333333337
2020-01-01,Lithuania,2.3809523809523725
2020-01-01,Luxembourg,2.626247184223185
2020-01-01,Latvia,9.596289629838758
2020-01-01,Morocco,2.526276038783367
2020-01-01,Mexico,18.506493506493502
2020-01-01,North Macedonia,-0.2966343826547338
2020-01-01,Malta,-6.264926464147491
2020-01-01,Netherlands,-0.4823060171405377
2020-01-01,Norway,-2.500000000000002
2020-01-01,New Zealand,3.205354220577593
2020-01-01,Pakistan,NA
2020-01-01,Peru,-1.7901450836338275
2020-01-01,Philippines,1.9230769230769162
2020-01-01,Poland,0
2020-01-01,Portugal,-1.1970710586586932
2020-01-01,Romania,3.5714285714285747
2020-01-01,Russian Federation,-1.522312888249121
2020-01-01,Saudi Arabia,34.387285087296306
2020-01-01,Singapore,13.636363636363628
2020-01-01,Slovakia,-0.9861932938856155
2020-01-01,Slovenia,0
2020-01-01,Sweden,10.181439616165267
2020-01-01,Thailand,-7.207207207207213
2020-01-01,Tunisia,-2.216001835176241
2020-01-01,Turkey,-2.9850746268656745
2020-01-01,"Taiwan, China",-0.26881720430108147
2020-01-01,Uruguay,-4.444444444444448
2020-01-01,United States,0
2020-01-01,"Venezuela, RB",NA
2020-01-01,Viet Nam,14.285714285714288
2020-01-01,South Africa,2.630965580562766
2020-02-01,Argentina,2.1207306119632676
2020-02-01,Australia,-3.111123906424119
2020-02-01,Austria,-2.5268739741080593
2020-02-01,Belgium,-1.355613629803555
2020-02-01,Bulgaria,-2.170283806343905
2020-02-01,Bahrain,0
2020-02-01,Belarus,-0.7455861724414475
2020-02-01,Brazil,-0.06485760181910628
2020-02-01,Canada,5.4545454545454515
2020-02-01,Switzerland,-1.451864247154983
2020-02-01,Chile,2.635031053952993
2020-02-01,Colombia,2.9258351285566393
2020-02-01,Cyprus,-1.4925373134328437
2020-02-01,Czech Republic,-5.263157894736835
2020-02-01,Germany,9.916810313531135
2020-02-01,Denmark,-2.1188369435156704
2020-02-01,Dominican Republic,-3.311986836577362
2020-02-01,Ecuador,17.543078155132346
2020-02-01,"Egypt, Arab Rep.",-2.599740591077263
2020-02-01,Spain,-1.4492753623188481
2020-02-01,Estonia,0
2020-02-01,Finland,0.14975998775003835
2020-02-01,France,-1.4197808668264966
2020-02-01,United Kingdom,5.1282051282051215
2020-02-01,Greece,-0.6093505435948146
2020-02-01,"Hong Kong SAR, China",10.144998507574066
2020-02-01,Croatia,-2.6666666666666687
2020-02-01,Hungary,5.756211905538996
2020-02-01,Ireland,-2.040816326530623
2020-02-01,Iceland,42.458048235559815
2020-02-01,Israel,-10.81081081081082
2020-02-01,Italy,-1.6040150623710188
2020-02-01,Japan,2.4035391326626683
2020-02-01,"Korea, Rep.",-2.85714285714286
2020-02-01,Sri Lanka,0
2020-02-01,Lithuania,2.3255813953488498
2020-02-01,Luxembourg,-1.4780282547069554
2020-02-01,Latvia,2.765979145245653
2020-02-01,Morocco,-0.6506460660885908
2020-02-01,Mexico,0.27397260273973234
2020-02-01,North Macedonia,-0.19591093718438
2020-02-01,Malta,2.0602119413585216
2020-02-01,Netherlands,-2.0282107840550547
2020-02-01,Norway,-5.1282051282051215
2020-02-01,New Zealand,0.34933796132895634
2020-02-01,Pakistan,NA
2020-02-01,Peru,13.504253319171688
2020-02-01,Philippines,0
2020-02-01,Poland,0
2020-02-01,Portugal,-1.3503074521785248
2020-02-01,Romania,-3.448275862068969
2020-02-01,Russian Federation,1.4410827306427505
2020-02-01,Saudi Arabia,-0.9595125027810418
2020-02-01,Singapore,0
2020-02-01,Slovakia,1.3944223107569778
2020-02-01,Slovenia,-1.315789473684206
2020-02-01,Sweden,4.270159325807836
2020-02-01,Thailand,16.50485436893203
2020-02-01,Tunisia,1.8294394519411048
2020-02-01,Turkey,-3.0769230769230793
2020-02-01,"Taiwan, China",-0.2695417789757355
2020-02-01,Uruguay,22.09302325581396
2020-02-01,United States,-2.77777777777778
2020-02-01,"Venezuela, RB",NA
2020-02-01,Viet Nam,0
2020-02-01,South Africa,1.8635005292372453
2020-03-01,Argentina,5.553653876771221
2020-03-01,Australia,1.0128163970956572
2020-03-01,Austria,67.42472839559436
2020-03-01,Belgium,-2.918002952505328
2020-03-01,Bulgaria,9.044368600682583
2020-03-01,Bahrain,0
2020-03-01,Belarus,-0.7899485223946701
2020-03-01,Brazil,1.84416833584428
2020-03-01,Canada,46.55172413793104
2020-03-01,Switzerland,19.230483385322216
2020-03-01,Chile,0.5307623234636928
2020-03-01,Colombia,9.733860781267376
2020-03-01,Cyprus,3.030303030303033
2020-03-01,Czech Republic,5.555555555555548
2020-03-01,Germany,11.303977917381003
2020-03-01,Denmark,10.628135389934679
2020-03-01,Dominican Republic,-8.67814969856135
2020-03-01,Ecuador,14.721806848861728
2020-03-01,"Egypt, Arab Rep.",-1.8975668985309224
2020-03-01,Spain,6.6176470588235325
2020-03-01,Estonia,0
2020-03-01,Finland,4.471403900807807
2020-03-01,France,-2.01632832413998
2020-03-01,United Kingdom,0
2020-03-01,Greece,1.8195057139140893
2020-03-01,"Hong Kong SAR, China",10.614190715527263
2020-03-01,Croatia,9.589041095890414
2020-03-01,Hungary,8.004276201096715
2020-03-01,Ireland,2.0833333333333446
2020-03-01,Iceland,-50.75502799708816
2020-03-01,Israel,6.060606060606066
2020-03-01,Italy,-22.05071609278965
2020-03-01,Japan,5.7397080667512945
2020-03-01,"Korea, Rep.",11.764705882352938
2020-03-01,Sri Lanka,0
2020-03-01,Lithuania,6.818181818181814
2020-03-01,Luxembourg,12.00155862268471
2020-03-01,Latvia,3.958920461751935
2020-03-01,Morocco,-1.1674390391847693
2020-03-01,Mexico,-9.562841530054648
2020-03-01,North Macedonia,-0.830476278724967
2020-03-01,Malta,5.411145208356861
2020-03-01,Netherlands,4.607628816054497
2020-03-01,Norway,0
2020-03-01,New Zealand,-0.24481462341819546
2020-03-01,Pakistan,NA
2020-03-01,Peru,-3.128619053566447
2020-03-01,Philippines,0
2020-03-01,Poland,0
2020-03-01,Portugal,-2.233949223473985
2020-03-01,Romania,3.5714285714285747
2020-03-01,Russian Federation,0.10290534423780724
2020-03-01,Saudi Arabia,-0.38587787013805375
2020-03-01,Singapore,0
2020-03-01,Slovakia,2.750491159135571
2020-03-01,Slovenia,5.3333333333333375
2020-03-01,Sweden,-10.451344138988377
2020-03-01,Thailand,-10.833333333333325
2020-03-01,Tunisia,3.8609457605902024
2020-03-01,Turkey,3.174603174603177
2020-03-01,"Taiwan, China",1.621621621621611
2020-03-01,Uruguay,-7.619047619047626
2020-03-01,United States,25.714285714285722
2020-03-01,"Venezuela, RB",NA
2020-03-01,Viet Nam,0
2020-03-01,South Africa,0.8643181092281627
2020-04-01,Argentina,12.3353557597674
2020-04-01,Australia,19.7372635620075
2020-04-01,Austria,4.400145316909151
2020-04-01,Belgium,-1.523689329019356
2020-04-01,Bulgaria,35.68075117370893
2020-04-01,Bahrain,0
2020-04-01,Belarus,6.649332286096735
2020-04-01,Brazil,4.070159582075557
2020-04-01,Canada,61.17647058823529
2020-04-01,Switzerland,15.354107209768165
2020-04-01,Chile,9.741834564574441
2020-04-01,Colombia,54.492457223539915
2020-04-01,Cyprus,8.823529411764714
2020-04-01,Czech Republic,15.789473684210542
2020-04-01,Germany,-3.8017535775900795
2020-04-01,Denmark,22.506690722018835
2020-04-01,Dominican Republic,-40.201379200834786
2020-04-01,Ecuador,32.291998894686024
2020-04-01,"Egypt, Arab Rep.",27.44065343852689
2020-04-01,Spain,5.51724137931035
2020-04-01,Estonia,31.372549019607852
2020-04-01,Finland,3.631534709409909
2020-04-01,France,-7.741301098427771
2020-04-01,United Kingdom,0
2020-04-01,Greece,5.339722949490753
2020-04-01,"Hong Kong SAR, China",18.643400336956006
2020-04-01,Croatia,14.999999999999991
2020-04-01,Hungary,18.478272469496936
2020-04-01,Ireland,-4.081632653061227
2020-04-01,Iceland,125.6490066795578
2020-04-01,Israel,5.71428571428572
2020-04-01,Italy,-13.849971357786362
2020-04-01,Japan,4.4731457047842476
2020-04-01,"Korea, Rep.",2.631578947368424
2020-04-01,Sri Lanka,0
2020-04-01,Lithuania,19.148936170212753
2020-04-01,Luxembourg,11.190799122291544
2020-04-01,Latvia,8.96994648563177
2020-04-01,Morocco,25.87087296459159
2020-04-01,Mexico,41.69184290030212
2020-04-01,North Macedonia,2.9100156691732737
2020-04-01,Malta,14.793841070491792
2020-04-01,Netherlands,8.874887804741054
2020-04-01,Norway,10.810810810810796
2020-04-01,New Zealand,-7.864026620761002
2020-04-01,Pakistan,NA
2020-04-01,Peru,109.42271443905302
2020-04-01,Philippines,209.43396226415092
2020-04-01,Poland,9.615384615384615
2020-04-01,Portugal,-10.318915473801876
2020-04-01,Romania,3.448275862068969
2020-04-01,Russian Federation,23.85956265827205
2020-04-01,Saudi Arabia,0.4225417308880097
2020-04-01,Singapore,20
2020-04-01,Slovakia,25.239005736137653
2020-04-01,Slovenia,15.189873417721508
2020-04-01,Sweden,18.21387050844209
2020-04-01,Thailand,NA
2020-04-01,Tunisia,13.125462385389334
2020-04-01,Turkey,3.8461538461538463
2020-04-01,"Taiwan, China",9.042553191489358
2020-04-01,Uruguay,1.0309278350515612
2020-04-01,United States,236.36363636363632
2020-04-01,"Venezuela, RB",NA
2020-04-01,Viet Nam,0
2020-04-01,South Africa,-23.728705329205958
2020-05-01,Argentina,3.5769732348009833
2020-05-01,Australia,12.980864645935256
2020-05-01,Austria,-2.679855401913577
2020-05-01,Belgium,3.0948182261124195
2020-05-01,Bulgaria,2.537485582468289
2020-05-01,Bahrain,0
2020-05-01,Belarus,-1.5341851790908159
2020-05-01,Brazil,4.09418545648525
2020-05-01,Canada,3.649635036496351
2020-05-01,Switzerland,4.87274643376788
2020-05-01,Chile,20.880885414503172
2020-05-01,Colombia,4.204364903398808
2020-05-01,Cyprus,0
2020-05-01,Czech Republic,13.636363636363628
2020-05-01,Germany,4.489162892922791
2020-05-01,Denmark,5.579739930499642
2020-05-01,Dominican Republic,-3.737261562788162
2020-05-01,Ecuador,2.768636134876703
2020-05-01,"Egypt, Arab Rep.",-0.9545543013549639
2020-05-01,Spain,1.3071895424836555
2020-05-01,Estonia,0
2020-05-01,Finland,17.3612752660275
2020-05-01,France,0.6372889074592628
2020-05-01,United Kingdom,0
2020-05-01,Greece,12.960270192160575
2020-05-01,"Hong Kong SAR, China",13.500796325730102
2020-05-01,Croatia,9.78260869565218
2020-05-01,Hungary,4.75395885506495
2020-05-01,Ireland,6.382978723404251
2020-05-01,Iceland,12.610824855813366
2020-05-01,Israel,10.810810810810796
2020-05-01,Italy,31.780691132237482
2020-05-01,Japan,3.729954718772624
2020-05-01,"Korea, Rep.",10.256410256410255
2020-05-01,Sri Lanka,0
2020-05-01,Lithuania,8.928571428571429
2020-05-01,Luxembourg,0.7486185925917693
2020-05-01,Latvia,2.5731377313773085
2020-05-01,Morocco,-1.512481266592854
2020-05-01,Mexico,-8.742004264392326
2020-05-01,North Macedonia,-0.6021145690221585
2020-05-01,Malta,5.589398835355399
2020-05-01,Netherlands,1.4203071832662957
2020-05-01,Norway,14.634146341463428
2020-05-01,New Zealand,1.8313521146765106
2020-05-01,Pakistan,NA
2020-05-01,Peru,74.20308307636519
2020-05-01,Philippines,0
2020-05-01,Poland,5.263157894736839
2020-05-01,Portugal,1.7069504314541266
2020-05-01,Romania,0
2020-05-01,Russian Federation,7.859938275129276
2020-05-01,Saudi Arabia,0.056146639217802045
2020-05-01,Singapore,0
2020-05-01,Slovakia,8.702290076335881
2020-05-01,Slovenia,3.2967032967033045
2020-05-01,Sweden,4.494435824065043
2020-05-01,Thailand,NA
2020-05-01,Tunisia,2.302583669909555
2020-05-01,Turkey,0.740740740740738
2020-05-01,"Taiwan, China",1.4634146341463536
2020-05-01,Uruguay,-1.0204081632653206
2020-05-01,United States,-10.81081081081082
2020-05-01,"Venezuela, RB",NA
2020-05-01,Viet Nam,0
2020-05-01,South Africa,0.9358819134959716
2020-06-01,Argentina,1.8958943354890352
2020-06-01,Australia,4.455612290144551
2020-06-01,Austria,-8.617928364374768
2020-06-01,Belgium,5.686756198710596
2020-06-01,Bulgaria,-5.174353205849278
2020-06-01,Bahrain,0
2020-06-01,Belarus,-1.2807028842569634
2020-06-01,Brazil,5.218062451761286
2020-06-01,Canada,-11.267605633802814
2020-06-01,Switzerland,0.25288214911692436
2020-06-01,Chile,8.711255544819512
2020-06-01,Colombia,-4.849802350635411
2020-06-01,Cyprus,-1.3513513513513586
2020-06-01,Czech Republic,4.0000000000000036
2020-06-01,Germany,3.8763777431172333
2020-06-01,Denmark,-1.1083988710537929
2020-06-01,Dominican Republic,18.63752554894101
2020-06-01,Ecuador,-5.523726393879603
2020-06-01,"Egypt, Arab Rep.",-0.16328850334977305
2020-06-01,Spain,3.225806451612903
2020-06-01,Estonia,0
2020-06-01,Finland,-7.989425835959918
2020-06-01,France,4.116082039529992
2020-06-01,United Kingdom,7.3170731707317245
2020-06-01,Greece,3.733866566066809
2020-06-01,"Hong Kong SAR, China",4.603969701524408
2020-06-01,Croatia,-2.9702970297029596
2020-06-01,Hungary,1.1942555352147923
2020-06-01,Ireland,14.000000000000004
2020-06-01,Iceland,-28.101194025550473
2020-06-01,Israel,17.073170731707325
2020-06-01,Italy,16.45975636675437
2020-06-01,Japan,-0.10312186230552617
2020-06-01,"Korea, Rep.",-2.3255813953488293
2020-06-01,Sri Lanka,0
2020-06-01,Lithuania,1.6393442622950907
2020-06-01,Luxembourg,0.7434769901370739
2020-06-01,Latvia,-0.3626950764160819
2020-06-01,Morocco,1.4032639055016756
2020-06-01,Mexico,27.803738317757
2020-06-01,North Macedonia,-0.385331907068419
2020-06-01,Malta,3.886761449314574
2020-06-01,Netherlands,13.694713299329864
2020-06-01,Norway,12.765957446808502
2020-06-01,New Zealand,5.592877978588584
2020-06-01,Pakistan,NA
2020-06-01,Peru,-47.64491029940329
2020-06-01,Philippines,0
2020-06-01,Poland,4.9999999999999964
2020-06-01,Portugal,6.724986917510109
2020-06-01,Romania,3.333333333333336
2020-06-01,Russian Federation,0.011918206033964557
2020-06-01,Saudi Arabia,-0.12361983703510679
2020-06-01,Singapore,0
2020-06-01,Slovakia,1.6853932584269677
2020-06-01,Slovenia,0
2020-06-01,Sweden,3.1710721051872013
2020-06-01,Thailand,NA
2020-06-01,Tunisia,-0.35081713303796974
2020-06-01,Turkey,0.7352941176470562
2020-06-01,"Taiwan, China",-4.567307692307691
2020-06-01,Uruguay,8.24742268041238
2020-06-01,United States,-16.666666666666664
2020-06-01,"Venezuela, RB",NA
2020-06-01,Viet Nam,0
2020-06-01,South Africa,0.3481163688706367
2020-07-01,Argentina,-5.052057574229949
2020-07-01,Australia,0.19950254300093634
2020-07-01,Austria,-6.337970495419255
2020-07-01,Belgium,13.465078710517062
2020-07-01,Bulgaria,-4.38908659549228
2020-07-01,Bahrain,0
2020-07-01,Belarus,2.2012177465238265
2020-07-01,Brazil,4.078884064599278
2020-07-01,Canada,-13.492063492063485
2020-07-01,Switzerland,-0.8861796738798392
2020-07-01,Chile,5.4891680722610126
2020-07-01,Colombia,2.9520949731963113
2020-07-01,Cyprus,5.479452054794526
2020-07-01,Czech Republic,15.38461538461538
2020-07-01,Germany,5.294371352281189
2020-07-01,Denmark,-6.146746132011861
2020-07-01,Dominican Republic,76.70440233466954
2020-07-01,Ecuador,-39.173907598603705
2020-07-01,"Egypt, Arab Rep.",-25.516592366145385
2020-07-01,Spain,1.2499999999999956
2020-07-01,Estonia,14.925373134328357
2020-07-01,Finland,3.507854620114604
2020-07-01,France,16.827172757723762
2020-07-01,United Kingdom,4.545454545454529
2020-07-01,Greece,-19.24914619650005
2020-07-01,"Hong Kong SAR, China",0.9848038358128084
2020-07-01,Croatia,-2.040816326530623
2020-07-01,Hungary,-7.159716591320861
2020-07-01,Ireland,19.298245614035082
2020-07-01,Iceland,48.57166036502385
2020-07-01,Israel,0
2020-07-01,Italy,14.580534612608837
2020-07-01,Japan,4.828605841461184
2020-07-01,"Korea, Rep.",0
2020-07-01,Sri Lanka,0
2020-07-01,Lithuania,4.838709677419352
2020-07-01,Luxembourg,-5.081203854895219
2020-07-01,Latvia,0.2676983996334617
2020-07-01,Morocco,-1.1426973375339444
2020-07-01,Mexico,-8.592321755027418
2020-07-01,North Macedonia,-4.318873943658581
2020-07-01,Malta,2.2164135543528856
2020-07-01,Netherlands,1.6619867555595007
2020-07-01,Norway,1.8867924528301987
2020-07-01,New Zealand,19.951478084363135
2020-07-01,Pakistan,NA
2020-07-01,Peru,20.14234637866065
2020-07-01,Philippines,-40.24390243902438
2020-07-01,Poland,-1.5873015873015817
2020-07-01,Portugal,26.779238973700554
2020-07-01,Romania,3.2258064516129057
2020-07-01,Russian Federation,1.8145660463497921
2020-07-01,Saudi Arabia,-0.2801833139843
2020-07-01,Singapore,13.33333333333333
2020-07-01,Slovakia,2.7624309392265216
2020-07-01,Slovenia,-1.0638297872340388
2020-07-01,Sweden,10.103682735226213
2020-07-01,Thailand,NA
2020-07-01,Tunisia,-10.27533227600937
2020-07-01,Turkey,2.919708029197083
2020-07-01,"Taiwan, China",-1.7632241813602085
2020-07-01,Uruguay,0.952380952380949
2020-07-01,United States,-7.27272727272728
2020-07-01,"Venezuela, RB",NA
2020-07-01,Viet Nam,0
2020-07-01,South Africa,31.596373566097903
2020-08-01,Argentina,-0.8057890862559501
2020-08-01,Australia,-7.222704117242254
2020-08-01,Austria,-6.357951106434783
2020-08-01,Belgium,6.772284615971954
2020-08-01,Bulgaria,-3.846153846153852
2020-08-01,Bahrain,0
2020-08-01,Belarus,-1.2317880040378604
2020-08-01,Brazil,5.689793169765724
2020-08-01,Canada,-7.339449541284409
2020-08-01,Switzerland,0.22180458286763924
2020-08-01,Chile,-1.1613894787038352
2020-08-01,Colombia,-11.910964246393045
2020-08-01,Cyprus,6.493506493506482
2020-08-01,Czech Republic,-9.999999999999993
2020-08-01,Germany,-4.20813711796265
2020-08-01,Denmark,-3.385748738845442
2020-08-01,Dominican Republic,12.538844698589582
2020-08-01,Ecuador,-18.260504626765687
2020-08-01,"Egypt, Arab Rep.",0.812962948149522
2020-08-01,Spain,1.8518518518518563
2020-08-01,Estonia,0
2020-08-01,Finland,4.173049891814203
2020-08-01,France,2.993497626869842
2020-08-01,United Kingdom,8.695652173913052
2020-08-01,Greece,2.4003890353826955
2020-08-01,"Hong Kong SAR, China",4.206906155960694
2020-08-01,Croatia,-1.041666666666663
2020-08-01,Hungary,-1.7796433711562227
2020-08-01,Ireland,5.882352941176476
2020-08-01,Iceland,-13.025083590151562
2020-08-01,Israel,2.0833333333333446
2020-08-01,Italy,-6.059701014927923
2020-08-01,Japan,2.2404777620532155
2020-08-01,"Korea, Rep.",-11.904761904761903
2020-08-01,Sri Lanka,0
2020-08-01,Lithuania,6.153846153846159
2020-08-01,Luxembourg,-4.148514911617432
2020-08-01,Latvia,-0.39557476204911435
2020-08-01,Morocco,0.2180954420423186
2020-08-01,Mexico,-1.9999999999999927
2020-08-01,North Macedonia,-0.6766631904555915
2020-08-01,Malta,1.2101370315086586
2020-08-01,Netherlands,-4.083189870483673
2020-08-01,Norway,1.8518518518518452
2020-08-01,New Zealand,4.5336179025065375
2020-08-01,Pakistan,NA
2020-08-01,Peru,7.197361426420187
2020-08-01,Philippines,0
2020-08-01,Poland,0
2020-08-01,Portugal,3.8208645556918777
2020-08-01,Romania,3.124999999999989
2020-08-01,Russian Federation,3.433950259482129
2020-08-01,Saudi Arabia,-0.40097807688034326
2020-08-01,Singapore,0
2020-08-01,Slovakia,0.5376344086021511
2020-08-01,Slovenia,-1.0752688172043163
2020-08-01,Sweden,-4.463810467333875
2020-08-01,Thailand,-6.5989847715735985
2020-08-01,Tunisia,-1.1561671334043762
2020-08-01,Turkey,-8.510638297872337
2020-08-01,"Taiwan, China",-1.794871794871791
2020-08-01,Uruguay,0
2020-08-01,United States,-17.647058823529402
2020-08-01,"Venezuela, RB",NA
2020-08-01,Viet Nam,0
2020-08-01,South Africa,-0.597773761410388
2020-09-01,Argentina,-0.3295097371267084
2020-09-01,Australia,0.35609053861730855
2020-09-01,Austria,-0.9983972689662335
2020-09-01,Belgium,-2.0710883757328995
2020-09-01,Bulgaria,-2.709677419354838
2020-09-01,Bahrain,0
2020-09-01,Belarus,-0.7632725795364845
2020-09-01,Brazil,1.371704800325594
2020-09-01,Canada,-9.900990099009901
2020-09-01,Switzerland,-0.08594139147882815
2020-09-01,Chile,-1.8966998254315728
2020-09-01,Colombia,-4.244639313760834
2020-09-01,Cyprus,3.6585365853658622
2020-09-01,Czech Republic,3.7037037037036904
2020-09-01,Germany,1.1229699441241363
2020-09-01,Denmark,0.22023491018482497
2020-09-01,Dominican Republic,4.932850588993656
2020-09-01,Ecuador,-11.827321683906824
2020-09-01,"Egypt, Arab Rep.",2.143495900101228
2020-09-01,Spain,-0.6060606060606146
2020-09-01,Estonia,0
2020-09-01,Finland,-5.155100497655743
2020-09-01,France,-0.25274682906396695
2020-09-01,United Kingdom,4.0000000000000036
2020-09-01,Greece,3.6478010962352223
2020-09-01,"Hong Kong SAR, China",2.9644693646320497
2020-09-01,Croatia,-1.0526315789473648
2020-09-01,Hungary,-1.2942293853621845
2020-09-01,Ireland,1.388888888888884
2020-09-01,Iceland,-7.629168412950972
2020-09-01,Israel,-6.122448979591851
2020-09-01,Italy,-1.8608409646169561
2020-09-01,Japan,-0.7844910412725985
2020-09-01,"Korea, Rep.",10.810810810810796
2020-09-01,Sri Lanka,0
2020-09-01,Lithuania,4.347826086956519
2020-09-01,Luxembourg,1.2026935901064975
2020-09-01,Latvia,-0.6957810492337377
2020-09-01,Morocco,-0.3641994825986217
2020-09-01,Mexico,-2.24489795918368
2020-09-01,North Macedonia,-0.4363017255279384
2020-09-01,Malta,0.23630489097217935
2020-09-01,Netherlands,-2.3344977112336385
2020-09-01,Norway,-3.63636363636364
2020-09-01,New Zealand,1.3031978385506406
2020-09-01,Pakistan,NA
2020-09-01,Peru,-10.026344344893205
2020-09-01,Philippines,0
2020-09-01,Poland,1.6129032258064457
2020-09-01,Portugal,-0.15103178197151407
2020-09-01,Romania,0
2020-09-01,Russian Federation,-1.233887094305053
2020-09-01,Saudi Arabia,-0.4509700859804284
2020-09-01,Singapore,0
2020-09-01,Slovakia,-0.5347593582887704
2020-09-01,Slovenia,-3.26086956521738
2020-09-01,Sweden,-1.9063809736942667
2020-09-01,Thailand,-1.630434782608697
2020-09-01,Tunisia,0.8943956263684052
2020-09-01,Turkey,-2.3255813953488427
2020-09-01,"Taiwan, China",-1.3054830287206336
2020-09-01,Uruguay,0.943396226415091
2020-09-01,United States,-7.1428571428571495
2020-09-01,"Venezuela, RB",NA
2020-09-01,Viet Nam,0
2020-09-01,South Africa,-0.9239261286840603
2020-10-01,Argentina,3.4856477810981668
2020-10-01,Australia,1.2147539209626856
2020-10-01,Austria,-0.32488964682268323
2020-10-01,Belgium,-7.078358204195759
2020-10-01,Bulgaria,-5.0397877984084865
2020-10-01,Bahrain,0
2020-10-01,Belarus,-1.3777951017325054
2020-10-01,Brazil,-0.30481187288186773
2020-10-01,Canada,-1.098901098901095
2020-10-01,Switzerland,-0.2403162554900639
2020-10-01,Chile,-3.2387873592007677
2020-10-01,Colombia,-1.2612756260260243
2020-10-01,Cyprus,4.70588235294118
2020-10-01,Czech Republic,14.285714285714299
2020-10-01,Germany,-5.25696051913259
2020-10-01,Denmark,-0.2829169346084193
2020-10-01,Dominican Republic,-5.006149028684276
2020-10-01,Ecuador,22.693316039454558
2020-10-01,"Egypt, Arab Rep.",-0.8741174873650295
2020-10-01,Spain,-0.6097560975609627
2020-10-01,Estonia,0
2020-10-01,Finland,2.365604960318702
2020-10-01,France,-9.501685789767132
2020-10-01,United Kingdom,0
2020-10-01,Greece,-0.634852027734645
2020-10-01,"Hong Kong SAR, China",1.8908990929001441
2020-10-01,Croatia,-2.1276595744680966
2020-10-01,Hungary,-1.136360149793365
2020-10-01,Ireland,-12.328767123287664
2020-10-01,Iceland,37.43538717991463
2020-10-01,Israel,0
2020-10-01,Italy,-4.189620196535174
2020-10-01,Japan,4.934772946043154
2020-10-01,"Korea, Rep.",2.4390243902439157
2020-10-01,Sri Lanka,0
2020-10-01,Lithuania,5.555555555555548
2020-10-01,Luxembourg,-0.7415432978579182
2020-10-01,Latvia,-3.328592915039962
2020-10-01,Morocco,-4.773029069942276
2020-10-01,Mexico,-4.175365344467644
2020-10-01,North Macedonia,1.290093871958467
2020-10-01,Malta,0.5477796401665023
2020-10-01,Netherlands,0.1337198831737288
2020-10-01,Norway,0
2020-10-01,New Zealand,-5.78438527381823
2020-10-01,Pakistan,NA
2020-10-01,Peru,4.739350448579064
2020-10-01,Philippines,-1.0204081632653206
2020-10-01,Poland,0
2020-10-01,Portugal,-11.775282158511551
2020-10-01,Romania,0
2020-10-01,Russian Federation,-1.984185642703916
2020-10-01,Saudi Arabia,-0.5033916472975112
2020-10-01,Singapore,-5.882352941176463
2020-10-01,Slovakia,1.0752688172042901
2020-10-01,Slovenia,-1.1235955056179736
2020-10-01,Sweden,-1.702995794054243
2020-10-01,Thailand,12.154696132596671
2020-10-01,Tunisia,8.03989443654761
2020-10-01,Turkey,3.968253968253968
2020-10-01,"Taiwan, China",-0.26455026455025893
2020-10-01,Uruguay,5.607476635514033
2020-10-01,United States,-11.538461538461533
2020-10-01,"Venezuela, RB",NA
2020-10-01,Viet Nam,0
2020-10-01,South Africa,4.621467111961641
2020-11-01,Argentina,-2.6258558525375784
2020-11-01,Australia,-3.6726407879015985
2020-11-01,Austria,2.411843157334183
2020-11-01,Belgium,-2.5286041209563783
2020-11-01,Bulgaria,-4.748603351955305
2020-11-01,Bahrain,0
2020-11-01,Belarus,-0.65243151457542925
2020-11-01,Brazil,0.04975516451929433
2020-11-01,Canada,-4.444444444444448
2020-11-01,Switzerland,-0.009208799858757112
2020-11-01,Chile,-3.0885173502660654
2020-11-01,Colombia,-4.747855452646088
2020-11-01,Cyprus,-13.483146067415733
2020-11-01,Czech Republic,-6.250000000000005
2020-11-01,Germany,-2.1868100267847144
2020-11-01,Denmark,-1.7922120540085673
2020-11-01,Dominican Republic,2.132828091843876
2020-11-01,Ecuador,-2.959053223854935
2020-11-01,"Egypt, Arab Rep.",-0.32565089965082034
2020-11-01,Spain,-0.6134969325153461
2020-11-01,Estonia,0
2020-11-01,Finland,-2.7389609608517955
2020-11-01,France,-2.2398534868868567
2020-11-01,United Kingdom,1.9230769230769162
2020-11-01,Greece,-0.6309579987881702
2020-11-01,"Hong Kong SAR, China",-1.472381651859413
2020-11-01,Croatia,-1.0869565217391266
2020-11-01,Hungary,0
2020-11-01,Ireland,-3.1250000000000027
2020-11-01,Iceland,7.750889522896729
2020-11-01,Israel,4.347826086956526
2020-11-01,Italy,-11.652108160632848
2020-11-01,Japan,-5.07866426984862
2020-11-01,"Korea, Rep.",-2.380952380952394
2020-11-01,Sri Lanka,0
2020-11-01,Lithuania,2.631578947368424
2020-11-01,Luxembourg,-0.7123909281487402
2020-11-01,Latvia,-2.1352758150832747
2020-11-01,Morocco,0.23468248058717378
2020-11-01,Mexico,-1.7429193899782152
2020-11-01,North Macedonia,-0.6000703743499897
2020-11-01,Malta,-2.1551778761609426
2020-11-01,Netherlands,-0.12421629274382473
2020-11-01,Norway,-1.886792452830182
2020-11-01,New Zealand,-2.408998050004296
2020-11-01,Pakistan,NA
2020-11-01,Peru,-8.21988386441437
2020-11-01,Philippines,0
2020-11-01,Poland,-1.5873015873015817
2020-11-01,Portugal,-2.6363813642138307
2020-11-01,Romania,0
2020-11-01,Russian Federation,-2.3859669350653134
2020-11-01,Saudi Arabia,-0.5424646043998664
2020-11-01,Singapore,0
2020-11-01,Slovakia,1.196808510638308
2020-11-01,Slovenia,0
2020-11-01,Sweden,-1.4856321706791453
2020-11-01,Thailand,-4.433497536945806
2020-11-01,Tunisia,1.8547354838413077
2020-11-01,Turkey,-0.7633587786259515
2020-11-01,"Taiwan, China",0
2020-11-01,Uruguay,-1.7699115044247882
2020-11-01,United States,-2.898550724637684
2020-11-01,"Venezuela, RB",NA
2020-11-01,Viet Nam,0
2020-11-01,South Africa,0.40794085686024095
2020-12-01,Argentina,-3.745290647532815
2020-12-01,Australia,-1.237721324302733
2020-12-01,Austria,-0.47756257678466607
2020-12-01,Belgium,3.903686154554648
2020-12-01,Bulgaria,-1.026392961876837
2020-12-01,Bahrain,0
2020-12-01,Belarus,-0.795610723521942
2020-12-01,Brazil,-0.22982797279445852
2020-12-01,Canada,3.4883720930232642
2020-12-01,Switzerland,-0.7153608715494592
2020-12-01,Chile,-1.9735256805505406
2020-12-01,Colombia,-3.50757895440253
2020-12-01,Cyprus,1.298701298701294
2020-12-01,Czech Republic,0
2020-12-01,Germany,4.205834230481084
2020-12-01,Denmark,1.3271252360319472
2020-12-01,Dominican Republic,2.1497328659878066
2020-12-01,Ecuador,-4.570913664739172
2020-12-01,"Egypt, Arab Rep.",-0.27624412272593507
2020-12-01,Spain,0
2020-12-01,Estonia,0
2020-12-01,Finland,1.778082437489536
2020-12-01,France,-0.7159833174791564
2020-12-01,United Kingdom,-1.886792452830182
2020-12-01,Greece,-1.5661235000245677
2020-12-01,"Hong Kong SAR, China",7.915620181516543
2020-12-01,Croatia,0
2020-12-01,Hungary,0.7957479895027231
2020-12-01,Ireland,0
2020-12-01,Iceland,-21.24116411478452
2020-12-01,Israel,0
2020-12-01,Italy,9.397558495540464
2020-12-01,Japan,4.2417333920110245
2020-12-01,"Korea, Rep.",2.4390243902439157
2020-12-01,Sri Lanka,0
2020-12-01,Lithuania,1.282051282051289
2020-12-01,Luxembourg,1.0651993889731168
2020-12-01,Latvia,-1.0714666946314253
2020-12-01,Morocco,0.5462827239021248
2020-12-01,Mexico,-10.86474501108648
2020-12-01,North Macedonia,-0.1467911753046327
2020-12-01,Malta,-4.013504947598425
2020-12-01,Netherlands,-3.1111094582276433
2020-12-01,Norway,-3.8461538461538494
2020-12-01,New Zealand,-2.1911496828275356
2020-12-01,Pakistan,NA
2020-12-01,Peru,-1.9467296353860721
2020-12-01,Philippines,0
2020-12-01,Poland,9.677419354838705
2020-12-01,Portugal,-2.1889864364396274
2020-12-01,Romania,0
2020-12-01,Russian Federation,-3.7105527710335524
2020-12-01,Saudi Arabia,-0.8768721566906995
2020-12-01,Singapore,0
2020-12-01,Slovakia,1.4454664914585997
2020-12-01,Slovenia,0
2020-12-01,Sweden,4.899401766400172
2020-12-01,Thailand,-11.340206185567009
2020-12-01,Tunisia,1.1250950563902324
2020-12-01,Turkey,-3.0769230769230793
2020-12-01,"Taiwan, China",-0.795755968169756
2020-12-01,Uruguay,0
2020-12-01,United States,0
2020-12-01,"Venezuela, RB",NA
2020-12-01,Viet Nam,0
2020-12-01,South Africa,0.44398820971562525
2021-01-01,Argentina,-8.246106446784466
2021-01-01,Australia,-4.877089428224719
2021-01-01,Austria,-1.6513078187513237
2021-01-01,Belgium,10.815638974942832
2021-01-01,Bulgaria,-0.29629629629629
2021-01-01,Bahrain,0
2021-01-01,Belarus,3.0161733365614243
2021-01-01,Brazil,-1.4647064097297327
2021-01-01,Canada,3.370786516853921
2021-01-01,Switzerland,0.2369221625026111
2021-01-01,Chile,-2.1095963452822466
2021-01-01,Colombia,-4.154993565232898
2021-01-01,Cyprus,-1.2820512820512775
2021-01-01,Czech Republic,9.999999999999993
2021-01-01,Germany,4.889727785926298
2021-01-01,Denmark,-4.427737002030114
2021-01-01,Dominican Republic,3.8810027141694974
2021-01-01,Ecuador,-10.66271984223359
2021-01-01,"Egypt, Arab Rep.",4.369394665353559
2021-01-01,Spain,-1.8518518518518454
2021-01-01,Estonia,-7.792207792207799
2021-01-01,Finland,1.4939818013359851
2021-01-01,France,3.9422984060654525
2021-01-01,United Kingdom,-3.8461538461538494
2021-01-01,Greece,-6.826933850888575
2021-01-01,"Hong Kong SAR, China",3.4437989495785297
2021-01-01,Croatia,-1.098901098901095
2021-01-01,Hungary,4.0351028439527665
2021-01-01,Ireland,11.290322580645164
2021-01-01,Iceland,15.140846064104728
2021-01-01,Israel,-4.1666666666666705
2021-01-01,Italy,5.07319902189593
2021-01-01,Japan,-1.7458879778236596
2021-01-01,"Korea, Rep.",11.904761904761903
2021-01-01,Sri Lanka,-7.27272727272728
2021-01-01,Lithuania,0
2021-01-01,Luxembourg,2.3413438887731237
2021-01-01,Latvia,-0.7048736886791693
2021-01-01,Morocco,1.6978893267400141
2021-01-01,Mexico,12.686567164179122
2021-01-01,North Macedonia,1.0260046321781653
2021-01-01,Malta,-10.57792172486748
2021-01-01,Netherlands,-3.843233084301673
2021-01-01,Norway,1.9999999999999927
2021-01-01,New Zealand,-1.4852623838069294
2021-01-01,Pakistan,NA
2021-01-01,Peru,-23.386038639993924
2021-01-01,Philippines,-9.278350515463904
2021-01-01,Poland,-1.4705882352941124
2021-01-01,Portugal,-0.7700500009025444
2021-01-01,Romania,-3.0303030303030196
2021-01-01,Russian Federation,-0.6106153441863403
2021-01-01,Saudi Arabia,-2.342080760305802
2021-01-01,Singapore,-9.375000000000009
2021-01-01,Slovakia,1.2953367875647739
2021-01-01,Slovenia,0
2021-01-01,Sweden,-1.6072328848092843
2021-01-01,Thailand,NA
2021-01-01,Tunisia,-0.9258918093885427
2021-01-01,Turkey,-2.3809523809523725
2021-01-01,"Taiwan, China",0
2021-01-01,Uruguay,-2.7027027027026933
2021-01-01,United States,-4.477611940298504
2021-01-01,"Venezuela, RB",NA
2021-01-01,Viet Nam,29.032258064516135
2021-01-01,South Africa,0.2874716720752273
2021-02-01,Argentina,-6.12363325566875
2021-02-01,Australia,-6.1520452230574145
2021-02-01,Austria,-2.0011508148528545
2021-02-01,Belgium,3.502450893080339
2021-02-01,Bulgaria,-2.8231797919762314
2021-02-01,Bahrain,0
2021-02-01,Belarus,-0.5166534166632776
2021-02-01,Brazil,-2.9116437230689445
2021-02-01,Canada,-7.608695652173907
2021-02-01,Switzerland,-0.37128311649118617
2021-02-01,Chile,-1.5906984301662146
2021-02-01,Colombia,-3.5123436141031577
2021-02-01,Cyprus,2.5974025974025996
2021-02-01,Czech Republic,-3.0303030303030196
2021-02-01,Germany,0.8465542699208092
2021-02-01,Denmark,1.7413159042946367
2021-02-01,Dominican Republic,3.194462447291739
2021-02-01,Ecuador,-4.770760354900004
2021-02-01,"Egypt, Arab Rep.",-1.647897487481137
2021-02-01,Spain,-1.2578616352201324
2021-02-01,Estonia,0
2021-02-01,Finland,-0.25374457512751275
2021-02-01,France,0.13877151492360634
2021-02-01,United Kingdom,-1.9999999999999927
2021-02-01,Greece,0.17521712093095435
2021-02-01,"Hong Kong SAR, China",0.3584809939612472
2021-02-01,Croatia,-1.1111111111111072
2021-02-01,Hungary,0.5058970862996
2021-02-01,Ireland,5.797101449275354
2021-02-01,Iceland,-34.73799960392468
2021-02-01,Israel,10.869565217391305
2021-02-01,Italy,0.9225549321510863
2021-02-01,Japan,-2.3983719056836033
2021-02-01,"Korea, Rep.",-12.765957446808521
2021-02-01,Sri Lanka,0
2021-02-01,Lithuania,-1.8987341772151944
2021-02-01,Luxembourg,-3.942713696547268
2021-02-01,Latvia,-0.06480531334776223
2021-02-01,Morocco,-0.22710835363065332
2021-02-01,Mexico,0.6622516556291249
2021-02-01,North Macedonia,-0.29479451642023247
2021-02-01,Malta,-5.844203539341893
2021-02-01,Netherlands,0.02012717517407049
2021-02-01,Norway,-3.9215686274509665
2021-02-01,New Zealand,-2.424614610343896
2021-02-01,Pakistan,0
2021-02-01,Peru,47.27345576196712
2021-02-01,Philippines,0
2021-02-01,Poland,1.4925373134328304
2021-02-01,Portugal,-0.5444914175113358
2021-02-01,Romania,3.124999999999989
2021-02-01,Russian Federation,-2.7628689882782944
2021-02-01,Saudi Arabia,-0.7791219788133533
2021-02-01,Singapore,0
2021-02-01,Slovakia,0.895140664961629
2021-02-01,Slovenia,-2.2727272727272845
2021-02-01,Sweden,-0.5251337349559894
2021-02-01,Thailand,NA
2021-02-01,Tunisia,-0.09235566680059593
2021-02-01,Turkey,7.317073170731696
2021-02-01,"Taiwan, China",-0.26737967914439115
2021-02-01,Uruguay,2.7777777777777675
2021-02-01,United States,-3.1250000000000027
2021-02-01,"Venezuela, RB",NA
2021-02-01,Viet Nam,0
2021-02-01,South Africa,1.385113300617461
2021-03-01,Argentina,-3.44981972107384
2021-03-01,Australia,-3.502330198521146
2021-03-01,Austria,-3.5298151984915087
2021-03-01,Belgium,-0.5262667323115225
2021-03-01,Bulgaria,-5.351681957186539
2021-03-01,Bahrain,0
2021-03-01,Belarus,-0.5769137290739185
2021-03-01,Brazil,-0.994012704731438
2021-03-01,Canada,-9.411764705882351
2021-03-01,Switzerland,-2.110397870137554
2021-03-01,Chile,-4.040838994992227
2021-03-01,Colombia,-0.6463038092471224
2021-03-01,Cyprus,0
2021-03-01,Czech Republic,3.124999999999989
2021-03-01,Germany,-0.21817158672471923
2021-03-01,Denmark,-4.896023098490227
2021-03-01,Dominican Republic,1.1687412380304087
2021-03-01,Ecuador,-2.718690466078562
2021-03-01,"Egypt, Arab Rep.",-1.1357218999279286
2021-03-01,Spain,-1.2738853503184668
2021-03-01,Estonia,0
2021-03-01,Finland,-4.188580019599357
2021-03-01,France,-0.5542794124451115
2021-03-01,United Kingdom,-2.040816326530623
2021-03-01,Greece,5.537489472394359
2021-03-01,"Hong Kong SAR, China",-8.000362928751393
2021-03-01,Croatia,-1.1235955056179736
2021-03-01,Hungary,-0.5033506500272421
2021-03-01,Ireland,4.109589041095888
2021-03-01,Iceland,43.52611746564261
2021-03-01,Israel,7.843137254901968
2021-03-01,Italy,-0.2599011845288569
2021-03-01,Japan,-9.870924785145645
2021-03-01,"Korea, Rep.",-4.8780487804877986
2021-03-01,Sri Lanka,0
2021-03-01,Lithuania,-4.5161290322580605
2021-03-01,Luxembourg,-1.3244497431812454
2021-03-01,Latvia,0.250465990649849
2021-03-01,Morocco,-0.8369557532479891
2021-03-01,Mexico,-1.9736842105263128
2021-03-01,North Macedonia,-0.8004266255655564
2021-03-01,Malta,-4.775108376819972
2021-03-01,Netherlands,-1.4321447386220303
2021-03-01,Norway,0
2021-03-01,New Zealand,-2.8725001114210675
2021-03-01,Pakistan,0
2021-03-01,Peru,-20.39356908073921
2021-03-01,Philippines,0
2021-03-01,Poland,-1.4705882352941124
2021-03-01,Portugal,-0.020485401590695677
2021-03-01,Romania,0
2021-03-01,Russian Federation,-5.4070946037750165
2021-03-01,Saudi Arabia,0.12647295992947824
2021-03-01,Singapore,0
2021-03-01,Slovakia,1.0139416983523457
2021-03-01,Slovenia,-2.3255813953488293
2021-03-01,Sweden,6.005887626659012
2021-03-01,Thailand,NA
2021-03-01,Tunisia,-0.05814930666399224
2021-03-01,Turkey,-2.272727272727265
2021-03-01,"Taiwan, China",-0.5361930294906171
2021-03-01,Uruguay,-15.315315315315308
2021-03-01,United States,-1.6129032258064602
2021-03-01,"Venezuela, RB",NA
2021-03-01,Viet Nam,0
2021-03-01,South Africa,0.6605807549912557
2021-04-01,Argentina,-1.8876495580201997
2021-04-01,Australia,-4.577596466480912
2021-04-01,Austria,-5.393153840009226
2021-04-01,Belgium,-3.6406165959869514
2021-04-01,Bulgaria,-5.008077544426502
2021-04-01,Bahrain,0
2021-04-01,Belarus,-1.3301495596276613
2021-04-01,Brazil,1.18087264630756
2021-04-01,Canada,6.493506493506482
2021-04-01,Switzerland,-2.5550608342061714
2021-04-01,Chile,-0.8140827417782788
2021-04-01,Colombia,4.527106247557371
2021-04-01,Cyprus,-2.531645569620255
2021-04-01,Czech Republic,0
2021-04-01,Germany,-4.89511675476652
2021-04-01,Denmark,-4.748610228232463
2021-04-01,Dominican Republic,-1.5445566011806715
2021-04-01,Ecuador,4.663991320111915
2021-04-01,"Egypt, Arab Rep.",-0.13027147659814658
2021-04-01,Spain,1.2903225806451568
2021-04-01,Estonia,-9.859154929577455
2021-04-01,Finland,11.002890930244755
2021-04-01,France,-2.740355808085046
2021-04-01,United Kingdom,0
2021-04-01,Greece,-1.7124977087917141
2021-04-01,"Hong Kong SAR, China",-8.383322433368955
2021-04-01,Croatia,-1.1363636363636525
2021-04-01,Hungary,-2.5295309626910445
2021-04-01,Ireland,-1.315789473684206
2021-04-01,Iceland,13.883247834397658
2021-04-01,Israel,-1.818181818181812
2021-04-01,Italy,-0.6549408013451261
2021-04-01,Japan,8.309002631779844
2021-04-01,"Korea, Rep.",-2.5641025641025665
2021-04-01,Sri Lanka,0
2021-04-01,Lithuania,-3.378378378378378
2021-04-01,Luxembourg,-1.9262475077870815
2021-04-01,Latvia,0.041453539102259275
2021-04-01,Morocco,8.5782048003986109
2021-04-01,Mexico,4.697986577181208
2021-04-01,North Macedonia,-0.7646145985725704
2021-04-01,Malta,-3.1719199941590697
2021-04-01,Netherlands,-1.9489774346874336
2021-04-01,Norway,2.0408163265306047
2021-04-01,New Zealand,-4.775516913859861
2021-04-01,Pakistan,0
2021-04-01,Peru,-9.140171935369231
2021-04-01,Philippines,-7.954545454545466
2021-04-01,Poland,0
2021-04-01,Portugal,4.203324144723901
2021-04-01,Romania,-3.0303030303030196
2021-04-01,Russian Federation,-3.252865787547146
2021-04-01,Saudi Arabia,0.054881502403999714
2021-04-01,Singapore,-6.896551724137923
2021-04-01,Slovakia,-0.37641154328731946
2021-04-01,Slovenia,-2.380952380952394
2021-04-01,Sweden,-5.592028616019349
2021-04-01,Thailand,NA
2021-04-01,Tunisia,0.31642372901443544
2021-04-01,Turkey,3.1007751937984525
2021-04-01,"Taiwan, China",-0.539083557951483
2021-04-01,Uruguay,4.255319148936174
2021-04-01,United States,0
2021-04-01,"Venezuela, RB",NA
2021-04-01,Viet Nam,0
2021-04-01,South Africa,4.190910930119568
2021-05-01,Argentina,-2.847078194444838
2021-05-01,Australia,-5.89010345950255
2021-05-01,Austria,-4.694052951852769
2021-05-01,Belgium,-3.4040225182116752
2021-05-01,Bulgaria,-5.272108843537408
2021-05-01,Bahrain,0
2021-05-01,Belarus,-1.3928742198977857
2021-05-01,Brazil,0.48563040845035427
2021-05-01,Canada,1.2195121951219685
2021-05-01,Switzerland,-2.3346410895963374
2021-05-01,Chile,-3.9621720934175126
2021-05-01,Colombia,-3.927095879947758
2021-05-01,Cyprus,7.792207792207799
2021-05-01,Czech Republic,-6.0606060606060534
2021-05-01,Germany,0.1615013987649977
2021-05-01,Denmark,-6.384174581992307
2021-05-01,Dominican Republic,-2.015606645641701
2021-05-01,Ecuador,0.6985624706145189
2021-05-01,"Egypt, Arab Rep.",-0.5002164470261634
2021-05-01,Spain,0
2021-05-01,Estonia,0
2021-05-01,Finland,-7.652678883442113
2021-05-01,France,-0.8596031026015503
2021-05-01,United Kingdom,-2.083333333333326
2021-05-01,Greece,-7.347118424942435
2021-05-01,"Hong Kong SAR, China",-7.832182263229756
2021-05-01,Croatia,0
2021-05-01,Hungary,-1.816591034737751
2021-05-01,Ireland,-6.666666666666667
2021-05-01,Iceland,-42.35390173241069
2021-05-01,Israel,0
2021-05-01,Italy,0.15616886848916745
2021-05-01,Japan,2.460670926293502
2021-05-01,"Korea, Rep.",0
2021-05-01,Sri Lanka,0
2021-05-01,Lithuania,-0.6993006993007091
2021-05-01,Luxembourg,-2.6884325199357346
2021-05-01,Latvia,-1.2697702925686887
2021-05-01,Morocco,-1.4448572200593888
2021-05-01,Mexico,-12.606837606837603
2021-05-01,North Macedonia,-0.5878410098252811
2021-05-01,Malta,-3.2989332348404217
2021-05-01,Netherlands,-3.733664619600357
2021-05-01,Norway,0
2021-05-01,New Zealand,-5.485775613124558
2021-05-01,Pakistan,0
2021-05-01,Peru,-15.08267849876384
2021-05-01,Philippines,0
2021-05-01,Poland,-1.4925373134328437
2021-05-01,Portugal,-0.6677165823236896
2021-05-01,Romania,0
2021-05-01,Russian Federation,-4.842031861824809
2021-05-01,Saudi Arabia,-0.3826170773831886
2021-05-01,Singapore,0
2021-05-01,Slovakia,-1.385390428211591
2021-05-01,Slovenia,-4.8780487804877986
2021-05-01,Sweden,0.360662716910372
2021-05-01,Thailand,NA
2021-05-01,Tunisia,0.4088663466092913
2021-05-01,Turkey,0.7518796992481176
2021-05-01,"Taiwan, China",13.550135501355026
2021-05-01,Uruguay,3.061224489795907
2021-05-01,United States,-4.918032786885243
2021-05-01,"Venezuela, RB",NA
2021-05-01,Viet Nam,0
2021-05-01,South Africa,0.5942407798643624
2021-06-01,Argentina,-2.396773397161519
2021-06-01,Australia,-1.3296486750795133
2021-06-01,Austria,-4.392610622746591
2021-06-01,Belgium,-0.8357258773175341
2021-06-01,Bulgaria,-4.129263913824064
2021-06-01,Bahrain,0
2021-06-01,Belarus,-1.0497953699258016
2021-06-01,Brazil,-1.950989390136048
2021-06-01,Canada,-4.819277108433739
2021-06-01,Switzerland,-3.9339553504180516
2021-06-01,Chile,-5.341429172712201
2021-06-01,Colombia,-2.443482309771853
2021-06-01,Cyprus,-3.6144578313253093
2021-06-01,Czech Republic,-9.677419354838717
2021-06-01,Germany,-4.099554886641042
2021-06-01,Denmark,-7.29845951568414
2021-06-01,Dominican Republic,-3.8062590063535637
2021-06-01,Ecuador,0.6031603019046525
2021-06-01,"Egypt, Arab Rep.",0.09192438389608462
2021-06-01,Spain,-0.6369426751592334
2021-06-01,Estonia,0
2021-06-01,Finland,-4.7686977155348265
2021-06-01,France,-0.4335216700358119
2021-06-01,United Kingdom,-2.1276595744680966
2021-06-01,Greece,-1.971622971116221
2021-06-01,"Hong Kong SAR, China",-6.340581692727085
2021-06-01,Croatia,-5.74712643678161
2021-06-01,Hungary,-2.1145399390632638
2021-06-01,Ireland,-8.571428571428566
2021-06-01,Iceland,19.599148234839273
2021-06-01,Israel,-1.8518518518518614
2021-06-01,Italy,-5.081811346142425
2021-06-01,Japan,0.674561940317926
2021-06-01,"Korea, Rep.",-2.631578947368412
2021-06-01,Sri Lanka,0
2021-06-01,Lithuania,-6.338028169014074
2021-06-01,Luxembourg,-3.004936962237096
2021-06-01,Latvia,-0.28854520715378196
2021-06-01,Morocco,1.439694645965623
2021-06-01,Mexico,-2.200488997555009
2021-06-01,North Macedonia,-0.36073490327324986
2021-06-01,Malta,-2.459564324779534
2021-06-01,Netherlands,-4.590961757112026
2021-06-01,Norway,0
2021-06-01,New Zealand,-6.543432349948633
2021-06-01,Pakistan,0
2021-06-01,Peru,-3.7453917570022677
2021-06-01,Philippines,0
2021-06-01,Poland,0
2021-06-01,Portugal,-2.7338684089522216
2021-06-01,Romania,-3.1250000000000027
2021-06-01,Russian Federation,-3.7939445379003978
2021-06-01,Saudi Arabia,-0.47376327924487716
2021-06-01,Singapore,0
2021-06-01,Slovakia,-2.554278416347384
2021-06-01,Slovenia,-3.8461538461538445
2021-06-01,Sweden,1.1575022506005683
2021-06-01,Thailand,NA
2021-06-01,Tunisia,0.774904110448631
2021-06-01,Turkey,-17.910447761194032
2021-06-01,"Taiwan, China",13.603818615751775
2021-06-01,Uruguay,-8.910891089108915
2021-06-01,United States,1.7241379310344922
2021-06-01,"Venezuela, RB",NA
2021-06-01,Viet Nam,0
2021-06-01,South Africa,0.16511439676751685
2021-07-01,Argentina,-3.8750977033711527
2021-07-01,Australia,-5.49644218533813
2021-07-01,Austria,-2.056052322399115
2021-07-01,Belgium,1.3568061521630754
2021-07-01,Bulgaria,-3.1835205992509352
2021-07-01,Bahrain,0
2021-07-01,Belarus,-1.465902010143399
2021-07-01,Brazil,-3.2708114849352294
2021-07-01,Canada,-6.329113924050632
2021-07-01,Switzerland,-2.8002291243793103
2021-07-01,Chile,-7.325315553439103
2021-07-01,Colombia,-7.838534802709837
2021-07-01,Cyprus,-13.749999999999996
2021-07-01,Czech Republic,-7.142857142857134
2021-07-01,Germany,-6.258049249771133
2021-07-01,Denmark,-3.958857561451058
2021-07-01,Dominican Republic,-7.205187267760589
2021-07-01,Ecuador,-4.045414165087698
2021-07-01,"Egypt, Arab Rep.",0.6682172482352478
2021-07-01,Spain,-2.5641025641025665
2021-07-01,Estonia,-10.937500000000004
2021-07-01,Finland,-1.6407460949290205
2021-07-01,France,1.5481305342159328
2021-07-01,United Kingdom,-2.173913043478253
2021-07-01,Greece,-7.611614231322027
2021-07-01,"Hong Kong SAR, China",-5.05288108178414
2021-07-01,Croatia,-3.658536585365841
2021-07-01,Hungary,-3.510364378471454
2021-07-01,Ireland,-9.375000000000009
2021-07-01,Iceland,-16.683352040503465
2021-07-01,Israel,-3.7735849056603805
2021-07-01,Italy,-2.8361140120126023
2021-07-01,Japan,-4.856640773603017
2021-07-01,"Korea, Rep.",-10.81081081081082
2021-07-01,Sri Lanka,0
2021-07-01,Lithuania,0
2021-07-01,Luxembourg,-1.1374246178147982
2021-07-01,Latvia,-2.537748022187749
2021-07-01,Morocco,-10.966795061310842
2021-07-01,Mexico,1.750000000000007
2021-07-01,North Macedonia,-0.6592540937031877
2021-07-01,Malta,0.6754413063861407
2021-07-01,Netherlands,-7.539561780837404
2021-07-01,Norway,-10
2021-07-01,New Zealand,-9.469339653871108
2021-07-01,Pakistan,0
2021-07-01,Peru,-0.20725203973799136
2021-07-01,Philippines,-12.34567901234568
2021-07-01,Poland,-3.0303030303030196
2021-07-01,Portugal,-6.5496727307827225
2021-07-01,Romania,-3.2258064516129057
2021-07-01,Russian Federation,-3.995310147174154
2021-07-01,Saudi Arabia,-0.5384454798198642
2021-07-01,Singapore,-3.703703703703707
2021-07-01,Slovakia,-1.8348623853210968
2021-07-01,Slovenia,-1.3333333333333286
2021-07-01,Sweden,-5.902979039938645
2021-07-01,Thailand,NA
2021-07-01,Tunisia,2.2128796567737763
2021-07-01,Turkey,5.4545454545454515
2021-07-01,"Taiwan, China",-7.773109243697482
2021-07-01,Uruguay,13.043478260869579
2021-07-01,United States,-8.47457627118644
2021-07-01,"Venezuela, RB",NA
2021-07-01,Viet Nam,0
2021-07-01,South Africa,1.5844643276996417
2021-08-01,Argentina,-2.8964579173223473
2021-08-01,Australia,-2.690969743492406
2021-08-01,Austria,-2.222163822413489
2021-08-01,Belgium,1.6823081141612657
2021-08-01,Bulgaria,-1.3539651837524234
2021-08-01,Bahrain,0
2021-08-01,Belarus,-0.9255026421212756
2021-08-01,Brazil,-3.6635188681111215
2021-08-01,Canada,-4.054054054054063
2021-08-01,Switzerland,-2.644903683189651
2021-08-01,Chile,-4.429189361709091
2021-08-01,Colombia,3.5562151445234114
2021-08-01,Cyprus,-2.898550724637684
2021-08-01,Czech Republic,7.692307692307682
2021-08-01,Germany,-1.482364061945327
2021-08-01,Denmark,-4.521407002555977
2021-08-01,Dominican Republic,-3.3825450106192707
2021-08-01,Ecuador,0.8916122599948484
2021-08-01,"Egypt, Arab Rep.",0.7214983447314592
2021-08-01,Spain,-2.631578947368412
2021-08-01,Estonia,0
2021-08-01,Finland,-6.97792404219084
2021-08-01,France,-0.7146188729358638
2021-08-01,United Kingdom,-2.2222222222222143
2021-08-01,Greece,-2.380501497460648
2021-08-01,"Hong Kong SAR, China",-3.2428215373851432
2021-08-01,Croatia,-2.531645569620255
2021-08-01,Hungary,-1.9589358170649023
2021-08-01,Ireland,-6.896551724137923
2021-08-01,Iceland,0.15677836950495128
2021-08-01,Israel,0
2021-08-01,Italy,1.3684134529098886
2021-08-01,Japan,-1.2607370611244753
2021-08-01,"Korea, Rep.",-3.0303030303030196
2021-08-01,Sri Lanka,0
2021-08-01,Lithuania,-7.518796992481203
2021-08-01,Luxembourg,-1.8814647969501406
2021-08-01,Latvia,-3.2890908153952827
2021-08-01,Morocco,0.23590265411685052
2021-08-01,Mexico,-1.7199017199017268
2021-08-01,North Macedonia,-0.6371099310371723
2021-08-01,Malta,-1.9114937532048195
2021-08-01,Netherlands,1.6710490552825923
2021-08-01,Norway,-6.6666666666666625
2021-08-01,New Zealand,-5.118644732180916
2021-08-01,Pakistan,0
2021-08-01,Peru,-2.437506777965224
2021-08-01,Philippines,0
2021-08-01,Poland,-1.5625000000000084
2021-08-01,Portugal,-3.3690177057104074
2021-08-01,Romania,-3.333333333333336
2021-08-01,Russian Federation,-1.7733825439487712
2021-08-01,Saudi Arabia,-0.6328642692279025
2021-08-01,Singapore,0
2021-08-01,Slovakia,-2.670226969292392
2021-08-01,Slovenia,-2.702702702702705
2021-08-01,Sweden,2.7951758767829067
2021-08-01,Thailand,NA
2021-08-01,Tunisia,-0.3610552080500534
2021-08-01,Turkey,3.448275862068969
2021-08-01,"Taiwan, China",-7.061503416856484
2021-08-01,Uruguay,-10.576923076923073
2021-08-01,United States,-5.555555555555569
2021-08-01,"Venezuela, RB",NA
2021-08-01,Viet Nam,0
2021-08-01,South Africa,-0.4840869823029616
2021-09-01,Argentina,-2.8982815396104913
2021-09-01,Australia,1.6906602108497464
2021-09-01,Austria,-1.4602500114227923
2021-09-01,Belgium,-3.892182058098157
2021-09-01,Bulgaria,-1.7647058823529385
2021-09-01,Bahrain,0
2021-09-01,Belarus,-0.673736350941132
2021-09-01,Brazil,-3.2174688666999787
2021-09-01,Canada,-1.4084507042253471
2021-09-01,Switzerland,-3.3732888614578154
2021-09-01,Chile,0.32699997355795174
2021-09-01,Colombia,-4.704782932248941
2021-09-01,Cyprus,-5.970149253731349
2021-09-01,Czech Republic,-7.142857142857134
2021-09-01,Germany,1.5018184676627215
2021-09-01,Denmark,-4.143693026231682
2021-09-01,Dominican Republic,-2.1097562151453833
2021-09-01,Ecuador,0.749124743910548
2021-09-01,"Egypt, Arab Rep.",1.2317881707628706
2021-09-01,Spain,-2.702702702702705
2021-09-01,Estonia,0
2021-09-01,Finland,5.52913455676024
2021-09-01,France,-1.4395507739243685
2021-09-01,United Kingdom,-2.2727272727272845
2021-09-01,Greece,-1.0744061192175736
2021-09-01,"Hong Kong SAR, China",-3.8091187070798074
2021-09-01,Croatia,-1.2987012987013056
2021-09-01,Hungary,-1.4272234471983112
2021-09-01,Ireland,-3.703703703703707
2021-09-01,Iceland,-21.354438425277227
2021-09-01,Israel,-1.9607843137254832
2021-09-01,Italy,-4.8237898749421975
2021-09-01,Japan,-0.9893902909473373
2021-09-01,"Korea, Rep.",-3.1250000000000027
2021-09-01,Sri Lanka,0
2021-09-01,Lithuania,-4.878048780487816
2021-09-01,Luxembourg,-2.397789841940068
2021-09-01,Latvia,-3.027187774815971
2021-09-01,Morocco,-0.8512945802406169
2021-09-01,Mexico,-2.0000000000000018
2021-09-01,North Macedonia,-0.515467963796875
2021-09-01,Malta,-2.0015142322186805
2021-09-01,Netherlands,-0.7546696759476634
2021-09-01,Norway,-9.52380952380953
2021-09-01,New Zealand,-2.6937542527323153
2021-09-01,Pakistan,0
2021-09-01,Peru,7.1492918740750175
2021-09-01,Philippines,0
2021-09-01,Poland,0
2021-09-01,Portugal,-1.7352783699194831
2021-09-01,Romania,0
2021-09-01,Russian Federation,-4.719210178633791
2021-09-01,Saudi Arabia,-0.7878459043674966
2021-09-01,Singapore,0
2021-09-01,Slovakia,-2.194787379972567
2021-09-01,Slovenia,-1.3888888888888962
2021-09-01,Sweden,1.5930147996548887
2021-09-01,Thailand,NA
2021-09-01,Tunisia,-1.9284203722769444
2021-09-01,Turkey,-5.833333333333327
2021-09-01,"Taiwan, China",-3.676470588235292
2021-09-01,Uruguay,-2.1505376344086136
2021-09-01,United States,-7.843137254901951
2021-09-01,"Venezuela, RB",NA
2021-09-01,Viet Nam,0
2021-09-01,South Africa,-0.672160610828881
2021-10-01,Argentina,-2.021395139854718
2021-10-01,Australia,9.976606933895752
2021-10-01,Austria,-3.674290657378105
2021-10-01,Belgium,-2.2017848235585062
2021-10-01,Bulgaria,-0.9980039920159646
2021-10-01,Bahrain,0
2021-10-01,Belarus,-1.2461846413615336
2021-10-01,Brazil,-2.275293280188934
2021-10-01,Canada,-7.142857142857142
2021-10-01,Switzerland,-3.624404361257642
2021-10-01,Chile,-0.9910292452461842
2021-10-01,Colombia,4.149255391392402
2021-10-01,Cyprus,3.174603174603177
2021-10-01,Czech Republic,-3.8461538461538494
2021-10-01,Germany,-4.057306326006871
2021-10-01,Denmark,-6.2064248724350435
2021-10-01,Dominican Republic,7.356366741989302
2021-10-01,Ecuador,1.8065369074221738
2021-10-01,"Egypt, Arab Rep.",-0.32772676868722433
2021-10-01,Spain,-3.4722222222222223
2021-10-01,Estonia,-3.5087719298245648
2021-10-01,Finland,-10.088769253187358
2021-10-01,France,-3.9435250407924776
2021-10-01,United Kingdom,-2.3255813953488293
2021-10-01,Greece,0.19306190708756935
2021-10-01,"Hong Kong SAR, China",-2.497116477405118
2021-10-01,Croatia,-3.947368421052629
2021-10-01,Hungary,0.28957239661749656
2021-10-01,Ireland,1.9230769230769162
2021-10-01,Iceland,39.99510979351445
2021-10-01,Israel,-4.0000000000000036
2021-10-01,Italy,2.518174678617785
2021-10-01,Japan,-1.684516469065164
2021-10-01,"Korea, Rep.",3.2258064516129057
2021-10-01,Sri Lanka,0
2021-10-01,Lithuania,-5.128205128205125
2021-10-01,Luxembourg,-2.680897700442555
2021-10-01,Latvia,1.589243072628895
2021-10-01,Morocco,0.6316450501228965
2021-10-01,Mexico,-1.7857142857142818
2021-10-01,North Macedonia,-0.8018000720660087
2021-10-01,Malta,-4.396001964631044
2021-10-01,Netherlands,-1.8608189125046044
2021-10-01,Norway,0
2021-10-01,New Zealand,2.8488361224549976
2021-10-01,Pakistan,0
2021-10-01,Peru,-11.393339351501705
2021-10-01,Philippines,12.676056338028175
2021-10-01,Poland,-3.174603174603177
2021-10-01,Portugal,1.090624037535304
2021-10-01,Romania,-3.448275862068969
2021-10-01,Russian Federation,-0.0585952283082948
2021-10-01,Saudi Arabia,-1.0811368363949718
2021-10-01,Singapore,-7.692307692307699
2021-10-01,Slovakia,-2.1037868162692774
2021-10-01,Slovenia,-2.8169014084506943
2021-10-01,Sweden,-4.668493851319811
2021-10-01,Thailand,NA
2021-10-01,Tunisia,-5.802778235448668
2021-10-01,Turkey,-2.6548672566371745
2021-10-01,"Taiwan, China",-3.0534351145038197
2021-10-01,Uruguay,-10.989010989010989
2021-10-01,United States,-4.255319148936174
2021-10-01,"Venezuela, RB",NA
2021-10-01,Viet Nam,0
2021-10-01,South Africa,0.23127744444457413
2021-11-01,Argentina,-4.053634790928866
2021-11-01,Australia,-11.915473403502048
2021-11-01,Austria,0.931252192709861
2021-11-01,Belgium,-4.027400172392888
2021-11-01,Bulgaria,-0.6048387096774244
2021-11-01,Bahrain,0
2021-11-01,Belarus,-0.6563185543437582
2021-11-01,Brazil,-2.910596558932313
2021-11-01,Canada,-6.153846153846159
2021-11-01,Switzerland,-3.1987619341253644
2021-11-01,Chile,-3.1413430610157356
2021-11-01,Colombia,0.35812993302925294
2021-11-01,Cyprus,-3.0769230769230793
2021-11-01,Czech Republic,-11.999999999999993
2021-11-01,Germany,0.7892612652580764
2021-11-01,Denmark,-6.887688273247044
2021-11-01,Dominican Republic,0.06274148236737924
2021-11-01,Ecuador,-1.6592758651460686
2021-11-01,"Egypt, Arab Rep.",-0.3206605875991366
2021-11-01,Spain,-2.8776978417266212
2021-11-01,Estonia,0
2021-11-01,Finland,2.9470839429644706
2021-11-01,France,-1.6725768798699827
2021-11-01,United Kingdom,0
2021-11-01,Greece,-1.4220942710760491
2021-11-01,"Hong Kong SAR, China",-5.80445176410746
2021-11-01,Croatia,-1.3698630136986254
2021-11-01,Hungary,-1.154945184020987
2021-11-01,Ireland,0
2021-11-01,Iceland,-26.868636855388004
2021-11-01,Israel,-10.416666666666668
2021-11-01,Italy,-5.7529326003816355
2021-11-01,Japan,5.217127837941324
2021-11-01,"Korea, Rep.",-3.1250000000000027
2021-11-01,Sri Lanka,0
2021-11-01,Lithuania,-7.2072072072071975
2021-11-01,Luxembourg,-1.017467977147986
2021-11-01,Latvia,1.9855105492284055
2021-11-01,Morocco,-0.06426876893935361
2021-11-01,Mexico,-1.2987012987013056
2021-11-01,North Macedonia,-0.7775908537126951
2021-11-01,Malta,-0.8595657036008212
2021-11-01,Netherlands,-4.370403183662796
2021-11-01,Norway,-5.263157894736835
2021-11-01,New Zealand,-0.5287050945704956
2021-11-01,Pakistan,0
2021-11-01,Peru,-3.2546661346140757
2021-11-01,Philippines,0
2021-11-01,Poland,-1.6393442622950762
2021-11-01,Portugal,-0.4305675229670361
2021-11-01,Romania,-3.5714285714285587
2021-11-01,Russian Federation,0.4822259853486576
2021-11-01,Saudi Arabia,0.27230249045671295
2021-11-01,Singapore,0
2021-11-01,Slovakia,-1.575931232091695
2021-11-01,Slovenia,-1.4492753623188481
2021-11-01,Sweden,0.17650026096566634
2021-11-01,Thailand,NA
2021-11-01,Tunisia,-2.9922820419940592
2021-11-01,Turkey,1.818181818181812
2021-11-01,"Taiwan, China",-3.4120734908136456
2021-11-01,Uruguay,-4.938271604938265
2021-11-01,United States,-6.6666666666666625
2021-11-01,"Venezuela, RB",NA
2021-11-01,Viet Nam,0
2021-11-01,South Africa,0.2534168711830423
2021-12-01,Argentina,-3.7383160237388746
2021-12-01,Australia,-6.993993252045986
2021-12-01,Austria,-3.087100856591303
2021-12-01,Belgium,-3.0770069402203246
2021-12-01,Bulgaria,-2.028397565922914
2021-12-01,Bahrain,0
2021-12-01,Belarus,-0.8299087452715092
2021-12-01,Brazil,-3.384487221741004
2021-12-01,Canada,-3.2786885245901525
2021-12-01,Switzerland,-2.5538086462710186
2021-12-01,Chile,-2.2319509804944513
2021-12-01,Colombia,-8.225354772426321
2021-12-01,Cyprus,-3.174603174603177
2021-12-01,Czech Republic,0
2021-12-01,Germany,-1.5855412818460763
2021-12-01,Denmark,-6.822669332213746
2021-12-01,Dominican Republic,-1.8244842202195137
2021-12-01,Ecuador,-2.023541564007348
2021-12-01,"Egypt, Arab Rep.",-0.3171502753733032
2021-12-01,Spain,-1.481481481481476
2021-12-01,Estonia,0
2021-12-01,Finland,4.177882814579814
2021-12-01,France,-1.0824773474865221
2021-12-01,United Kingdom,-2.380952380952394
2021-12-01,Greece,-4.229756640648999
2021-12-01,"Hong Kong SAR, China",-1.6067291118960954
2021-12-01,Croatia,-1.3888888888888962
2021-12-01,Hungary,-1.4605763224478077
2021-12-01,Ireland,-3.7735849056603805
2021-12-01,Iceland,13.046617097771898
2021-12-01,Israel,-6.976744186046507
2021-12-01,Italy,1.5611414958901413
2021-12-01,Japan,-3.1000362162018873
2021-12-01,"Korea, Rep.",12.90322580645161
2021-12-01,Sri Lanka,0
2021-12-01,Lithuania,-3.883495145631071
2021-12-01,Luxembourg,-0.22702736724626846
2021-12-01,Latvia,0.33678507816599307
2021-12-01,Morocco,0.4552612109982058
2021-12-01,Mexico,-1.8421052631578907
2021-12-01,North Macedonia,-0.20028017847515917
2021-12-01,Malta,0.6543629068496779
2021-12-01,Netherlands,3.188166323978034
2021-12-01,Norway,-2.77777777777778
2021-12-01,New Zealand,-0.43507319251678567
2021-12-01,Pakistan,0
2021-12-01,Peru,-8.613536598388718
2021-12-01,Philippines,0
2021-12-01,Poland,-3.333333333333336
2021-12-01,Portugal,-1.7626434622738687
2021-12-01,Romania,11.111111111111104
2021-12-01,Russian Federation,-0.35604932511109405
2021-12-01,Saudi Arabia,-0.5610060571351877
2021-12-01,Singapore,0
2021-12-01,Slovakia,0
2021-12-01,Slovenia,-2.941176470588238
2021-12-01,Sweden,-7.083093396272328
2021-12-01,Thailand,NA
2021-12-01,Tunisia,-1.9571175080665915
2021-12-01,Turkey,-1.7857142857142794
2021-12-01,"Taiwan, China",0.8152173913043425
2021-12-01,Uruguay,-1.2987012987013056
2021-12-01,United States,-7.1428571428571495
2021-12-01,"Venezuela, RB",NA
2021-12-01,Viet Nam,0
2021-12-01,South Africa,0.3125322546381653
2022-01-01,Argentina,-4.164009532928873
2022-01-01,Australia,-3.3977051113002
2022-01-01,Austria,-3.7527233083934353
2022-01-01,Belgium,-4.420169453577025
2022-01-01,Bulgaria,-3.5196687370600404
2022-01-01,Bahrain,-8.47457627118644
2022-01-01,Belarus,-1.8329123763506188
2022-01-01,Brazil,-2.8581664776764413
2022-01-01,Canada,8.47457627118644
2022-01-01,Switzerland,-3.292492791968507
2022-01-01,Chile,-0.15674160695805067
2022-01-01,Colombia,0.5565517308954709
2022-01-01,Cyprus,-6.55737704918032
2022-01-01,Czech Republic,4.545454545454529
2022-01-01,Germany,-1.9658227439209228
2022-01-01,Denmark,0.3685634663020519
2022-01-01,Dominican Republic,-5.57534319204486
2022-01-01,Ecuador,-0.6411518799539306
2022-01-01,"Egypt, Arab Rep.",-1.649408435576043
2022-01-01,Spain,0
2022-01-01,Estonia,1.818181818181812
2022-01-01,Finland,-2.118092124852486
2022-01-01,France,-0.0521005762017101
2022-01-01,United Kingdom,-4.8780487804877986
2022-01-01,Greece,7.834837179392899
2022-01-01,"Hong Kong SAR, China",-5.4041386298020955
2022-01-01,Croatia,-1.4084507042253471
2022-01-01,Hungary,-1.7786650900658205
2022-01-01,Ireland,-1.9607843137254832
2022-01-01,Iceland,-29.103923104716827
2022-01-01,Israel,-7.499999999999996
2022-01-01,Italy,-4.262690747898321
2022-01-01,Japan,2.4399386396362073
2022-01-01,"Korea, Rep.",-5.71428571428572
2022-01-01,Sri Lanka,-7.843137254901951
2022-01-01,Lithuania,-3.0303030303030374
2022-01-01,Luxembourg,-5.247147045784793
2022-01-01,Latvia,-1.387880723161695
2022-01-01,Morocco,0.46341731206135894
2022-01-01,Mexico,-4.289544235924937
2022-01-01,North Macedonia,-0.8521960901128225
2022-01-01,Malta,3.321692484343853
2022-01-01,Netherlands,-3.4798024891314276
2022-01-01,Norway,-5.71428571428572
2022-01-01,New Zealand,-0.8306805265839604
2022-01-01,Pakistan,NA
2022-01-01,Peru,14.78064721398705
2022-01-01,Philippines,-21.250000000000004
2022-01-01,Poland,-3.448275862068969
2022-01-01,Portugal,-5.437748775022468
2022-01-01,Romania,-3.333333333333336
2022-01-01,Russian Federation,3.3754587833890684
2022-01-01,Saudi Arabia,-27.263581758701438
2022-01-01,Singapore,-4.1666666666666705
2022-01-01,Slovakia,0.5822416302765653
2022-01-01,Slovenia,-4.545454545454543
2022-01-01,Sweden,1.5590261840866568
2022-01-01,Thailand,NA
2022-01-01,Tunisia,0.3635866593767177
2022-01-01,Turkey,1.818181818181812
2022-01-01,"Taiwan, China",-0.539083557951483
2022-01-01,Uruguay,-1.315789473684206
2022-01-01,United States,2.5641025641025665
2022-01-01,"Venezuela, RB",NA
2022-01-01,Viet Nam,-26.87500000000001
2022-01-01,South Africa,-2.0288500180989426
2022-02-01,Argentina,-3.7686996878239842
2022-02-01,Australia,-0.037470029461631
2022-02-01,Austria,-3.6305615145561334
2022-02-01,Belgium,-1.4611283591680524
2022-02-01,Bulgaria,-2.7896995708154484
2022-02-01,Bahrain,0
2022-02-01,Belarus,-0.5456447263619513
2022-02-01,Brazil,-3.788138135488537
2022-02-01,Canada,-14.062500000000005
2022-02-01,Switzerland,-2.6272768389457672
2022-02-01,Chile,0.31264582361175713
2022-02-01,Colombia,-3.202760860738938
2022-02-01,Cyprus,0
2022-02-01,Czech Republic,8.695652173913052
2022-02-01,Germany,-3.7017346703093645
2022-02-01,Denmark,-4.57500629979259
2022-02-01,Dominican Republic,-3.0147432081542367
2022-02-01,Ecuador,-3.714808896283884
2022-02-01,"Egypt, Arab Rep.",-0.955531694485336
2022-02-01,Spain,-0.7518796992481309
2022-02-01,Estonia,0
2022-02-01,Finland,-4.05061505018102
2022-02-01,France,-0.15641135948231583
2022-02-01,United Kingdom,-2.5641025641025665
2022-02-01,Greece,-3.3435889697619605
2022-02-01,"Hong Kong SAR, China",13.570849335965779
2022-02-01,Croatia,0
2022-02-01,Hungary,-2.112655205880453
2022-02-01,Ireland,-8.000000000000007
2022-02-01,Iceland,7.587591261203998
2022-02-01,Israel,2.7027027027026933
2022-02-01,Italy,-2.1721772974651796
2022-02-01,Japan,-4.155297105932149
2022-02-01,"Korea, Rep.",-15.151515151515152
2022-02-01,Sri Lanka,0
2022-02-01,Lithuania,-1.041666666666663
2022-02-01,Luxembourg,-0.4930161959138979
2022-02-01,Latvia,-2.471776003205632
2022-02-01,Morocco,0.041697596587526864
2022-02-01,Mexico,8.963585434173678
2022-02-01,North Macedonia,-0.41649394331793876
2022-02-01,Malta,1.4795162801902262
2022-02-01,Netherlands,-2.9737418513123606
2022-02-01,Norway,-3.0303030303030196
2022-02-01,New Zealand,0.21994091205217917
2022-02-01,Pakistan,NA
2022-02-01,Peru,-8.862529289331663
2022-02-01,Philippines,0
2022-02-01,Poland,0
2022-02-01,Portugal,-1.2680434479428537
2022-02-01,Romania,0
2022-02-01,Russian Federation,-7.937888067310807
2022-02-01,Saudi Arabia,-0.5498546562532847
2022-02-01,Singapore,0
2022-02-01,Slovakia,-1.7366136034732287
2022-02-01,Slovenia,0
2022-02-01,Sweden,-9.451545864657193
2022-02-01,Thailand,-11.60220994475138
2022-02-01,Tunisia,-1.2346382133650897
2022-02-01,Turkey,-5.357142857142854
2022-02-01,"Taiwan, China",-0.27100271002709453
2022-02-01,Uruguay,-2.6666666666666687
2022-02-01,United States,-5.000000000000004
2022-02-01,"Venezuela, RB",NA
2022-02-01,Viet Nam,0
2022-02-01,South Africa,0.6389302326122623
2022-03-01,Argentina,-1.5725128167785203
2022-03-01,Australia,-2.806842636147421
2022-03-01,Austria,-3.3876040134284446
2022-03-01,Belgium,2.606235173103836
2022-03-01,Bulgaria,-1.1037527593818945
2022-03-01,Bahrain,0
2022-03-01,Belarus,-0.6290001720266875
2022-03-01,Brazil,-3.7733184403445925
2022-03-01,Canada,-1.818181818181812
2022-03-01,Switzerland,-2.9479748771430834
2022-03-01,Chile,-0.33191587341146483
2022-03-01,Colombia,-1.3989252200815734
2022-03-01,Cyprus,3.5087719298245648
2022-03-01,Czech Republic,-8.000000000000007
2022-03-01,Germany,-2.5247413997315213
2022-03-01,Denmark,-0.5392778211128448
2022-03-01,Dominican Republic,-4.492919525340847
2022-03-01,Ecuador,-4.689431143744978
2022-03-01,"Egypt, Arab Rep.",-0.6015729102187998
2022-03-01,Spain,0.7575757575757683
2022-03-01,Estonia,0
2022-03-01,Finland,-0.34703580221683455
2022-03-01,France,0.15665638786829653
2022-03-01,United Kingdom,0
2022-03-01,Greece,-6.922106969692418
2022-03-01,"Hong Kong SAR, China",9.91487684773058
2022-03-01,Croatia,0
2022-03-01,Hungary,-2.46660103049529
2022-03-01,Ireland,6.521739130434799
2022-03-01,Iceland,14.70868998864782
2022-03-01,Israel,0
2022-03-01,Italy,-0.2797923298718363
2022-03-01,Japan,-6.377069837554866
2022-03-01,"Korea, Rep.",0
2022-03-01,Sri Lanka,0
2022-03-01,Lithuania,-1.0526315789473648
2022-03-01,Luxembourg,-3.1470584155596373
2022-03-01,Latvia,-2.2522160396923967
2022-03-01,Morocco,-0.3684833695094157
2022-03-01,Mexico,-11.053984575835479
2022-03-01,North Macedonia,-0.7331500571184543
2022-03-01,Malta,1.438126116603183
2022-03-01,Netherlands,-2.165554612763051
2022-03-01,Norway,-6.250000000000005
2022-03-01,New Zealand,0.5765003797954419
2022-03-01,Pakistan,NA
2022-03-01,Peru,-8.998377299629372
2022-03-01,Philippines,0
2022-03-01,Poland,0
2022-03-01,Portugal,-0.01208467363484719
2022-03-01,Romania,0
2022-03-01,Russian Federation,-0.16790800226160985
2022-03-01,Saudi Arabia,0.6516855598638801
2022-03-01,Singapore,0
2022-03-01,Slovakia,-2.356406480117822
2022-03-01,Slovenia,-3.174603174603177
2022-03-01,Sweden,3.9533454602434888
2022-03-01,Thailand,-18.125000000000004
2022-03-01,Tunisia,-1.3613274933121422
2022-03-01,Turkey,5.660377358490563
2022-03-01,"Taiwan, China",0.8152173913043425
2022-03-01,Uruguay,1.3698630136986376
2022-03-01,United States,-2.631578947368412
2022-03-01,"Venezuela, RB",NA
2022-03-01,Viet Nam,0
2022-03-01,South Africa,0.2102466705403162
2022-04-01,Argentina,-0.6442816028176314
2022-04-01,Australia,-5.342035612734345
2022-04-01,Austria,-0.46245394399026873
2022-04-01,Belgium,5.095554346014667
2022-04-01,Bulgaria,-1.5625000000000062
2022-04-01,Bahrain,0
2022-04-01,Belarus,3.7100835393704816
2022-04-01,Brazil,-3.314114171352326
2022-04-01,Canada,0
2022-04-01,Switzerland,-2.655948429943068
2022-04-01,Chile,-0.4178149145635724
2022-04-01,Colombia,-8.203035268533968
2022-04-01,Cyprus,8.47457627118644
2022-04-01,Czech Republic,8.695652173913052
2022-04-01,Germany,3.2754897387587327
2022-04-01,Denmark,0.17082174983232878
2022-04-01,Dominican Republic,-8.513240189616816
2022-04-01,Ecuador,-8.019462872228736
2022-04-01,"Egypt, Arab Rep.",0.8367266473908644
2022-04-01,Spain,-1.5037593984962485
2022-04-01,Estonia,-1.7857142857142794
2022-04-01,Finland,-6.2270687490926155
2022-04-01,France,1.5119858597711877
2022-04-01,United Kingdom,-2.631578947368412
2022-04-01,Greece,-1.453656679950393
2022-04-01,"Hong Kong SAR, China",5.47696436613336
2022-04-01,Croatia,-1.4285714285714235
2022-04-01,Hungary,-5.7955824132991385
2022-04-01,Ireland,-8.163265306122454
2022-04-01,Iceland,-21.958777051870182
2022-04-01,Israel,-7.894736842105258
2022-04-01,Italy,-0.7932625520334838
2022-04-01,Japan,1.8093972510363174
2022-04-01,"Korea, Rep.",0
2022-04-01,Sri Lanka,0
2022-04-01,Lithuania,0
2022-04-01,Luxembourg,-0.9702309055621811
2022-04-01,Latvia,-2.8048018471266847
2022-04-01,Morocco,-2.7240416049553464
2022-04-01,Mexico,-11.271676300578038
2022-04-01,North Macedonia,-0.6472516222268727
2022-04-01,Malta,2.8275542134860165
2022-04-01,Netherlands,-2.7228317839320524
2022-04-01,Norway,3.333333333333336
2022-04-01,New Zealand,2.4508948173070335
2022-04-01,Pakistan,NA
2022-04-01,Peru,-10.301354051751552
2022-04-01,Philippines,-14.285714285714276
2022-04-01,Poland,-1.7857142857142794
2022-04-01,Portugal,4.52518352821411
2022-04-01,Romania,0
2022-04-01,Russian Federation,-1.4322395486049584
2022-04-01,Saudi Arabia,-0.33905830550644706
2022-04-01,Singapore,-8.695652173913032
2022-04-01,Slovakia,-2.111613876319754
2022-04-01,Slovenia,-3.2786885245901525
2022-04-01,Sweden,3.111458257418742
2022-04-01,Thailand,1.5267175572519098
2022-04-01,Tunisia,-1.6863981841623834
2022-04-01,Turkey,-2.678571428571419
2022-04-01,"Taiwan, China",-0.539083557951483
2022-04-01,Uruguay,4.054054054054052
2022-04-01,United States,0
2022-04-01,"Venezuela, RB",NA
2022-04-01,Viet Nam,0
2022-04-01,South Africa,-2.2321373195140004
2022-05-01,Argentina,0.3987679605034462
2022-05-01,Australia,6.121218242194198
2022-05-01,Austria,-1.0167997517879215
2022-05-01,Belgium,4.731062950045
2022-05-01,Bulgaria,0
2022-05-01,Bahrain,0
2022-05-01,Belarus,-1.150107576815844
2022-05-01,Brazil,-5.317394839949744
2022-05-01,Canada,-3.703703703703707
2022-05-01,Switzerland,-2.894324699286298
2022-05-01,Chile,-0.23824566980182885
2022-05-01,Colombia,-6.403451455793288
2022-05-01,Cyprus,0
2022-05-01,Czech Republic,0
2022-05-01,Germany,-3.3777651405590983
2022-05-01,Denmark,0.60574600342202
2022-05-01,Dominican Republic,-5.432910445027506
2022-05-01,Ecuador,-3.08446410566361
2022-05-01,"Egypt, Arab Rep.",-0.25735718471122193
2022-05-01,Spain,-1.526717557251903
2022-05-01,Estonia,0
2022-05-01,Finland,-0.9209461001712483
2022-05-01,France,0
2022-05-01,United Kingdom,2.7027027027026933
2022-05-01,Greece,4.164597119517682
2022-05-01,"Hong Kong SAR, China",-6.987967446105424
2022-05-01,Croatia,1.4492753623188355
2022-05-01,Hungary,-1.0067013760637997
2022-05-01,Ireland,-6.6666666666666625
2022-05-01,Iceland,17.43559015450652
2022-05-01,Israel,5.71428571428572
2022-05-01,Italy,-0.3539602443809125
2022-05-01,Japan,2.078615612156949
2022-05-01,"Korea, Rep.",3.5714285714285747
2022-05-01,Sri Lanka,0
2022-05-01,Lithuania,-2.1276595744680966
2022-05-01,Luxembourg,-0.01682270737975444
2022-05-01,Latvia,-3.4051650614860347
2022-05-01,Morocco,-0.9614759336218266
2022-05-01,Mexico,9.120521172638444
2022-05-01,North Macedonia,-0.5943436304318281
2022-05-01,Malta,-0.9088176487164626
2022-05-01,Netherlands,-2.9527338081717818
2022-05-01,Norway,3.2258064516129057
2022-05-01,New Zealand,0.3910006372402187
2022-05-01,Pakistan,NA
2022-05-01,Peru,-0.19777276586147277
2022-05-01,Philippines,0
2022-05-01,Poland,-1.818181818181812
2022-05-01,Portugal,1.5778678434442257
2022-05-01,Romania,0
2022-05-01,Russian Federation,-1.3193714414945026
2022-05-01,Saudi Arabia,-0.7892766449131781
2022-05-01,Singapore,0
2022-05-01,Slovakia,-2.773497688751935
2022-05-01,Slovenia,0
2022-05-01,Sweden,-0.0512548866614826
2022-05-01,Thailand,4.511278195488709
2022-05-01,Tunisia,-0.9925864643187251
2022-05-01,Turkey,0
2022-05-01,"Taiwan, China",0.8130081300813075
2022-05-01,Uruguay,2.5974025974025996
2022-05-01,United States,-2.702702702702705
2022-05-01,"Venezuela, RB",NA
2022-05-01,Viet Nam,0
2022-05-01,South Africa,0.05237278208644161
2022-06-01,Argentina,1.818970731722152
2022-06-01,Australia,-9.337710015419642
2022-06-01,Austria,1.0427042669511721
2022-06-01,Belgium,-2.472908656372084
2022-06-01,Bulgaria,-0.680272108843543
2022-06-01,Bahrain,0
2022-06-01,Belarus,-1.0212528736098778
2022-06-01,Brazil,-3.4207816600555447
2022-06-01,Canada,-5.769230769230766
2022-06-01,Switzerland,-1.71518944226885
2022-06-01,Chile,0.47403353430963246
2022-06-01,Colombia,7.8022604800202915
2022-06-01,Cyprus,1.5624999999999944
2022-06-01,Czech Republic,-4.0000000000000036
2022-06-01,Germany,-1.225885318398025
2022-06-01,Denmark,0.1549527947234229
2022-06-01,Dominican Republic,-4.8727367322738555
2022-06-01,Ecuador,-1.3198644293425474
2022-06-01,"Egypt, Arab Rep.",0.06641554815944051
2022-06-01,Spain,-0.7751937984496096
2022-06-01,Estonia,0
2022-06-01,Finland,9.73761516945109
2022-06-01,France,-0.4622449994182566
2022-06-01,United Kingdom,-5.263157894736835
2022-06-01,Greece,-3.4754615540518263
2022-06-01,"Hong Kong SAR, China",-5.208289549940187
2022-06-01,Croatia,-2.85714285714286
2022-06-01,Hungary,1.0169389141058314
2022-06-01,Ireland,0
2022-06-01,Iceland,10.654248460605539
2022-06-01,Israel,-8.108108108108116
2022-06-01,Italy,0.15511850567822913
2022-06-01,Japan,0.6294483824462971
2022-06-01,"Korea, Rep.",0
2022-06-01,Sri Lanka,0
2022-06-01,Lithuania,-2.173913043478253
2022-06-01,Luxembourg,-0.26614555004938284
2022-06-01,Latvia,1.2711771120379587
2022-06-01,Morocco,1.5061606909919183
2022-06-01,Mexico,-0.5970149253731348
2022-06-01,North Macedonia,-0.4104924526370811
2022-06-01,Malta,-2.5580502829352985
2022-06-01,Netherlands,6.357000346101334
2022-06-01,Norway,3.124999999999989
2022-06-01,New Zealand,-0.2732062707344073
2022-06-01,Pakistan,NA
2022-06-01,Peru,11.333248060344038
2022-06-01,Philippines,0
2022-06-01,Poland,0
2022-06-01,Portugal,1.0283731154697289
2022-06-01,Romania,0
2022-06-01,Russian Federation,0.8047404992695234
2022-06-01,Saudi Arabia,-0.6974046761975761
2022-06-01,Singapore,0
2022-06-01,Slovakia,-1.267828843106168
2022-06-01,Slovenia,-1.6949152542372972
2022-06-01,Sweden,-4.962279977132057
2022-06-01,Thailand,0.7194244604316554
2022-06-01,Tunisia,-0.5473905757426003
2022-06-01,Turkey,-6.422018348623864
2022-06-01,"Taiwan, China",-0.5376344086021511
2022-06-01,Uruguay,5.06329113924051
2022-06-01,United States,0
2022-06-01,"Venezuela, RB",NA
2022-06-01,Viet Nam,0
2022-06-01,South Africa,-0.18685084371883862
2022-07-01,Argentina,5.677941877795448
2022-07-01,Australia,-4.623810826619621
2022-07-01,Austria,1.1810173418470198
2022-07-01,Belgium,-4.68622313220596
2022-07-01,Bulgaria,-0.22831050228310015
2022-07-01,Bahrain,0
2022-07-01,Belarus,-2.83016365976246
2022-07-01,Brazil,-1.9381291368920275
2022-07-01,Canada,-2.040816326530623
2022-07-01,Switzerland,-1.6149305679138342
2022-07-01,Chile,0.06513625846986677
2022-07-01,Colombia,1.5939676687177944
2022-07-01,Cyprus,-1.538461538461533
2022-07-01,Czech Republic,0
2022-07-01,Germany,15.768870935485557
2022-07-01,Denmark,3.2927213230455594
2022-07-01,Dominican Republic,-1.8332975702744143
2022-07-01,Ecuador,0.32731419393379113
2022-07-01,"Egypt, Arab Rep.",0.577561796151903
2022-07-01,Spain,-0.7812500000000111
2022-07-01,Estonia,1.818181818181812
2022-07-01,Finland,2.02188719922167
2022-07-01,France,-1.754386942588636
2022-07-01,United Kingdom,0
2022-07-01,Greece,0.6334130898318645
2022-07-01,"Hong Kong SAR, China",-3.7917872132683765
2022-07-01,Croatia,0
2022-07-01,Hungary,5.704701533714819
2022-07-01,Ireland,0
2022-07-01,Iceland,2.6632039444177678
2022-07-01,Israel,5.882352941176476
2022-07-01,Italy,-4.216710456322902
2022-07-01,Japan,-5.121976753183517
2022-07-01,"Korea, Rep.",3.448275862068969
2022-07-01,Sri Lanka,0
2022-07-01,Lithuania,2.2222222222222143
2022-07-01,Luxembourg,0.1536041632230934
2022-07-01,Latvia,4.323297554790886
2022-07-01,Morocco,-1.6566532637138678
2022-07-01,Mexico,-4.804804804804809
2022-07-01,North Macedonia,0.001249885427171197
2022-07-01,Malta,-7.631404056825685
2022-07-01,Netherlands,-0.4122489174907088
2022-07-01,Norway,-6.0606060606060534
2022-07-01,New Zealand,-0.9496794001513839
2022-07-01,Pakistan,NA
2022-07-01,Peru,0.363889083288117
2022-07-01,Philippines,-5.555555555555569
2022-07-01,Poland,-1.8518518518518614
2022-07-01,Portugal,1.3860400950962724
2022-07-01,Romania,0
2022-07-01,Russian Federation,-2.6019849225830236
2022-07-01,Saudi Arabia,-0.6786708911934337
2022-07-01,Singapore,0
2022-07-01,Slovakia,-1.6051364365971192
2022-07-01,Slovenia,-1.7241379310344769
2022-07-01,Sweden,-5.158374032134901
2022-07-01,Thailand,-16.428571428571427
2022-07-01,Tunisia,-0.3198707126296801
2022-07-01,Turkey,0
2022-07-01,"Taiwan, China",-0.8108108108108174
2022-07-01,Uruguay,-3.6144578313253093
2022-07-01,United States,-2.77777777777778
2022-07-01,"Venezuela, RB",NA
2022-07-01,Viet Nam,0
2022-07-01,South Africa,-1.7243671637804583
2022-08-01,Argentina,1.6082715304271928
2022-08-01,Australia,1.9991073736998752
2022-08-01,Austria,1.4163739940598457
2022-08-01,Belgium,-1.508873223337401
2022-08-01,Bulgaria,2.517162471395888
2022-08-01,Bahrain,0
2022-08-01,Belarus,-0.6795979643293271
2022-08-01,Brazil,-1.414053920959759
2022-08-01,Canada,8.333333333333341
2022-08-01,Switzerland,-1.3109042097446582
2022-08-01,Chile,-0.4077927282053997
2022-08-01,Colombia,0.07640006509827893
2022-08-01,Cyprus,-1.5625000000000084
2022-08-01,Czech Republic,0
2022-08-01,Germany,-10.413985334673123
2022-08-01,Denmark,1.2186225459275433
2022-08-01,Dominican Republic,-2.7071887238256336
2022-08-01,Ecuador,0.9156239911081974
2022-08-01,"Egypt, Arab Rep.",0.2236354318845802
2022-08-01,Spain,0.7874015748031609
2022-08-01,Estonia,0
2022-08-01,Finland,4.932012619735206
2022-08-01,France,-0.7878214120205609
2022-08-01,United Kingdom,2.77777777777778
2022-08-01,Greece,-0.6317715076872827
2022-08-01,"Hong Kong SAR, China",-3.734396969653616
2022-08-01,Croatia,-1.4705882352941124
2022-08-01,Hungary,2.85714285714286
2022-08-01,Ireland,2.3809523809523725
2022-08-01,Iceland,-11.016256462053244
2022-08-01,Israel,2.77777777777778
2022-08-01,Italy,6.459456119329198
2022-08-01,Japan,2.7977090935840025
2022-08-01,"Korea, Rep.",-13.33333333333333
2022-08-01,Sri Lanka,0
2022-08-01,Lithuania,-5.434782608695652
2022-08-01,Luxembourg,1.4555960473411058
2022-08-01,Latvia,2.150254650374873
2022-08-01,Morocco,0.1863646010744988
2022-08-01,Mexico,2.208201892744489
2022-08-01,North Macedonia,-0.5921605388327668
2022-08-01,Malta,-3.040851521478964
2022-08-01,Netherlands,4.33495399176834
2022-08-01,Norway,3.2258064516129057
2022-08-01,New Zealand,-0.033661453378426444
2022-08-01,Pakistan,NA
2022-08-01,Peru,-4.891446904937372
2022-08-01,Philippines,0
2022-08-01,Poland,0
2022-08-01,Portugal,0.8844351265463888
2022-08-01,Romania,0
2022-08-01,Russian Federation,-1.9048224893203167
2022-08-01,Saudi Arabia,-0.7399167071786688
2022-08-01,Singapore,0
2022-08-01,Slovakia,-0.48939641109298937
2022-08-01,Slovenia,-1.75438596491229
2022-08-01,Sweden,-3.3834298420992797
2022-08-01,Thailand,0.8547008547008554
2022-08-01,Tunisia,0.05794982730293475
2022-08-01,Turkey,-2.9411764705882253
2022-08-01,"Taiwan, China",-0.5449591280653956
2022-08-01,Uruguay,-2.500000000000002
2022-08-01,United States,2.85714285714286
2022-08-01,"Venezuela, RB",NA
2022-08-01,Viet Nam,0
2022-08-01,South Africa,-0.45619063681796884
2022-09-01,Argentina,0.1795166173809217
2022-09-01,Australia,1.8675702328416093
2022-09-01,Austria,0.5873318097428191
2022-09-01,Belgium,0.1805553874918799
2022-09-01,Bulgaria,0
2022-09-01,Bahrain,0
2022-09-01,Belarus,-0.619061379204853
2022-09-01,Brazil,-1.6334275419489916
2022-09-01,Canada,-1.9230769230769333
2022-09-01,Switzerland,-0.9895818260743905
2022-09-01,Chile,2.9238651675497276
2022-09-01,Colombia,3.6737994245007246
2022-09-01,Cyprus,0
2022-09-01,Czech Republic,-4.1666666666666705
2022-09-01,Germany,-1.3019680251630388
2022-09-01,Denmark,-2.119610109409966
2022-09-01,Dominican Republic,-2.111522619037919
2022-09-01,Ecuador,0.6762197047344848
2022-09-01,"Egypt, Arab Rep.",0.37006887038353886
2022-09-01,Spain,1.5624999999999944
2022-09-01,Estonia,0
2022-09-01,Finland,-3.545107690353945
2022-09-01,France,-0.6352504239386151
2022-09-01,United Kingdom,2.7027027027026933
2022-09-01,Greece,0.2583194909136421
2022-09-01,"Hong Kong SAR, China",-3.120401714044067
2022-09-01,Croatia,-1.4925373134328437
2022-09-01,Hungary,2.77777777777778
2022-09-01,Ireland,0
2022-09-01,Iceland,-4.930812517185907
2022-09-01,Israel,2.7027027027026933
2022-09-01,Italy,-4.458770564605914
2022-09-01,Japan,2.612597512045229
2022-09-01,"Korea, Rep.",7.692307692307682
2022-09-01,Sri Lanka,0
2022-09-01,Lithuania,-2.2988505747126355
2022-09-01,Luxembourg,1.561784380686908
2022-09-01,Latvia,0.8048750425825757
2022-09-01,Morocco,-1.0842437999129766
2022-09-01,Mexico,-3.3950617283950715
2022-09-01,North Macedonia,-0.6010664826329868
2022-09-01,Malta,-1.1318296479841987
2022-09-01,Netherlands,-0.2347931113471203
2022-09-01,Norway,3.124999999999989
2022-09-01,New Zealand,0.6022802513540363
2022-09-01,Pakistan,NA
2022-09-01,Peru,8.1057596549049
2022-09-01,Philippines,0
2022-09-01,Poland,0
2022-09-01,Portugal,1.3350320424836806
2022-09-01,Romania,3.448275862068969
2022-09-01,Russian Federation,1.6652345835775992
2022-09-01,Saudi Arabia,-0.9087023538453946
2022-09-01,Singapore,0
2022-09-01,Slovakia,0
2022-09-01,Slovenia,0
2022-09-01,Sweden,0.6080348875588937
2022-09-01,Thailand,2.5423728813559343
2022-09-01,Tunisia,0.13426043233175766
2022-09-01,Turkey,2.0202020202020132
2022-09-01,"Taiwan, China",-0.2739726027397202
2022-09-01,Uruguay,2.5641025641025665
2022-09-01,United States,-2.77777777777778
2022-09-01,"Venezuela, RB",NA
2022-09-01,Viet Nam,0
2022-09-01,South Africa,-0.5071476958938079
2022-10-01,Argentina,-3.515448243344329
2022-10-01,Australia,-4.699792039679274
2022-10-01,Austria,0.732856729668895
2022-10-01,Belgium,2.5317479635367404
2022-10-01,Bulgaria,0.8928571428571237
2022-10-01,Bahrain,0
2022-10-01,Belarus,1.6356576153760218
2022-10-01,Brazil,-3.0029981013913676
2022-10-01,Canada,0
2022-10-01,Switzerland,-0.7988667092430047
2022-10-01,Chile,1.5960078919213343
2022-10-01,Colombia,-6.55443130413261
2022-10-01,Cyprus,1.5873015873015959
2022-10-01,Czech Republic,-4.347826086956506
2022-10-01,Germany,4.40254013029843
2022-10-01,Denmark,0.787587781079379
2022-10-01,Dominican Republic,1.076837479247647
2022-10-01,Ecuador,2.202976679515638
2022-10-01,"Egypt, Arab Rep.",-0.7454208640455997
2022-10-01,Spain,0
2022-10-01,Estonia,1.7857142857142954
2022-10-01,Finland,-8.136673447854493
2022-10-01,France,-0.2663894455750714
2022-10-01,United Kingdom,2.631578947368424
2022-10-01,Greece,-4.157936820401252
2022-10-01,"Hong Kong SAR, China",-5.644073057470996
2022-10-01,Croatia,0
2022-10-01,Hungary,3.9038918918918917
2022-10-01,Ireland,4.651162790697678
2022-10-01,Iceland,-19.79650980727076
2022-10-01,Israel,10.526315789473696
2022-10-01,Italy,-2.7202147322795787
2022-10-01,Japan,-1.1003104761442724
2022-10-01,"Korea, Rep.",0
2022-10-01,Sri Lanka,0
2022-10-01,Lithuania,1.17647058823529
2022-10-01,Luxembourg,1.1832051050740102
2022-10-01,Latvia,-1.7296109479193449
2022-10-01,Morocco,13.607976091548768
2022-10-01,Mexico,2.5559105431309925
2022-10-01,North Macedonia,-1.0258486019492374
2022-10-01,Malta,2.8230893513712676
2022-10-01,Netherlands,-1.3369854164772634
2022-10-01,Norway,0
2022-10-01,New Zealand,1.2718750571050965
2022-10-01,Pakistan,NA
2022-10-01,Peru,-17.89905255765916
2022-10-01,Philippines,-5.8823529411764675
2022-10-01,Poland,0
2022-10-01,Portugal,0.021103108318648083
2022-10-01,Romania,0
2022-10-01,Russian Federation,0.4309212903770126
2022-10-01,Saudi Arabia,-1.3411769173025432
2022-10-01,Singapore,-4.761904761904765
2022-10-01,Slovakia,-0.6557377049180334
2022-10-01,Slovenia,-1.7857142857142794
2022-10-01,Sweden,14.147410576600508
2022-10-01,Thailand,14.876033057851235
2022-10-01,Tunisia,0.6011929213427711
2022-10-01,Turkey,1.980198019801991
2022-10-01,"Taiwan, China",-0.2747252747252811
2022-10-01,Uruguay,0
2022-10-01,United States,2.85714285714286
2022-10-01,"Venezuela, RB",NA
2022-10-01,Viet Nam,0
2022-10-01,South Africa,-1.1128700548678978
2022-11-01,Argentina,-1.770518586058773
2022-11-01,Australia,2.4413646553062085
2022-11-01,Austria,-3.6517317691956492
2022-11-01,Belgium,1.382444308472622
2022-11-01,Bulgaria,0.4424778761062049
2022-11-01,Bahrain,0
2022-11-01,Belarus,-0.7572810469101865
2022-11-01,Brazil,-1.360893681875574
2022-11-01,Canada,-1.9607843137254832
2022-11-01,Switzerland,-0.9996150038499635
2022-11-01,Chile,3.364972807933391
2022-11-01,Colombia,2.1985144290623504
2022-11-01,Cyprus,4.687499999999997
2022-11-01,Czech Republic,27.272727272727256
2022-11-01,Germany,-2.2455279780154407
2022-11-01,Denmark,3.9125811704235653
2022-11-01,Dominican Republic,1.0399757511493464
2022-11-01,Ecuador,-2.197477482780251
2022-11-01,"Egypt, Arab Rep.",-0.518784500629453
2022-11-01,Spain,1.538461538461533
2022-11-01,Estonia,0
2022-11-01,Finland,4.155699983042251
2022-11-01,France,-0.48076444619059594
2022-11-01,United Kingdom,0
2022-11-01,Greece,-1.255395269102812
2022-11-01,"Hong Kong SAR, China",-2.1436153113020455
2022-11-01,Croatia,-1.5151515151515098
2022-11-01,Hungary,1.7341129172384826
2022-11-01,Ireland,0
2022-11-01,Iceland,83.85299015940039
2022-11-01,Israel,-4.761904761904765
2022-11-01,Italy,0.4843615894186953
2022-11-01,Japan,-3.5852900330178796
2022-11-01,"Korea, Rep.",0
2022-11-01,Sri Lanka,0
2022-11-01,Lithuania,0
2022-11-01,Luxembourg,-0.8258971610461766
2022-11-01,Latvia,-2.3297877380668965
2022-11-01,Morocco,-0.28977740110177996
2022-11-01,Mexico,-8.41121495327103
2022-11-01,North Macedonia,-0.9583795731241823
2022-11-01,Malta,1.3986475120688076
2022-11-01,Netherlands,0.8306825593407258
2022-11-01,Norway,0
2022-11-01,New Zealand,0.7866338704569762
2022-11-01,Pakistan,NA
2022-11-01,Peru,38.15954078795569
2022-11-01,Philippines,0
2022-11-01,Poland,-1.886792452830182
2022-11-01,Portugal,2.231382351373381
2022-11-01,Romania,0
2022-11-01,Russian Federation,-5.212688391409022
2022-11-01,Saudi Arabia,0.7233806368975617
2022-11-01,Singapore,0
2022-11-01,Slovakia,-0.6600660066006607
2022-11-01,Slovenia,-1.818181818181812
2022-11-01,Sweden,-7.716221928652342
2022-11-01,Thailand,-16.546762589928058
2022-11-01,Tunisia,0.5858402662447025
2022-11-01,Turkey,-0.9708737864077808
2022-11-01,"Taiwan, China",0.8264462809917426
2022-11-01,Uruguay,1.2499999999999956
2022-11-01,United States,0
2022-11-01,"Venezuela, RB",NA
2022-11-01,Viet Nam,0
2022-11-01,South Africa,0.1417294989522899
2022-12-01,Argentina,-1.4824851908137584
2022-12-01,Australia,-0.73997267819475
2022-12-01,Austria,1.5932687299329167
2022-12-01,Belgium,0.38262869593739324
2022-12-01,Bulgaria,3.524229074889871
2022-12-01,Bahrain,0
2022-12-01,Belarus,-0.989179532934082
2022-12-01,Brazil,-1.791309939672034
2022-12-01,Canada,0
2022-12-01,Switzerland,-1.0571777772927715
2022-12-01,Chile,1.2076171148875081
2022-12-01,Colombia,1.9699969887488702
2022-12-01,Cyprus,-2.9850746268656745
2022-12-01,Czech Republic,-21.428571428571416
2022-12-01,Germany,2.136325298894436
2022-12-01,Denmark,-1.2691212097412465
2022-12-01,Dominican Republic,1.6839413983125218
2022-12-01,Ecuador,-3.3156876525210106
2022-12-01,"Egypt, Arab Rep.",-0.4769027368215849
2022-12-01,Spain,0
2022-12-01,Estonia,0
2022-12-01,Finland,6.092163217275461
2022-12-01,France,-0.4830869565217496
2022-12-01,United Kingdom,0
2022-12-01,Greece,5.5708234906616925
2022-12-01,"Hong Kong SAR, China",-5.7560144252343495
2022-12-01,Croatia,-1.538461538461533
2022-12-01,Hungary,0.8522642287575023
2022-12-01,Ireland,-4.444444444444448
2022-12-01,Iceland,-44.80110353774974
2022-12-01,Israel,2.499999999999991
2022-12-01,Italy,1.9233206619161003
2022-12-01,Japan,0.883567083131636
2022-12-01,"Korea, Rep.",7.1428571428571495
2022-12-01,Sri Lanka,0
2022-12-01,Lithuania,0
2022-12-01,Luxembourg,1.0919475484573722
2022-12-01,Latvia,-3.84617312703636
2022-12-01,Morocco,0.3149159703255552
2022-12-01,Mexico,0
2022-12-01,North Macedonia,-0.2893353817169682
2022-12-01,Malta,1.8759218608258386
2022-12-01,Netherlands,-2.928064473737968
2022-12-01,Norway,3.030303030303033
2022-12-01,New Zealand,0.4570711757512886
2022-12-01,Pakistan,NA
2022-12-01,Peru,-13.007418000021753
2022-12-01,Philippines,0
2022-12-01,Poland,0
2022-12-01,Portugal,2.000588233824815
2022-12-01,Romania,0
2022-12-01,Russian Federation,-3.110751944726571
2022-12-01,Saudi Arabia,-0.3994069217223854
2022-12-01,Singapore,0
2022-12-01,Slovakia,-1.3289036544850363
2022-12-01,Slovenia,-1.8518518518518614
2022-12-01,Sweden,2.2441219733423465
2022-12-01,Thailand,-3.4482758620689493
2022-12-01,Tunisia,0.8502269112081242
2022-12-01,Turkey,0.9803921568627592
2022-12-01,"Taiwan, China",-1.9125683060109366
2022-12-01,Uruguay,4.938271604938276
2022-12-01,United States,-2.77777777777778
2022-12-01,"Venezuela, RB",NA
2022-12-01,Viet Nam,0
2022-12-01,South Africa,0.26270365280693725
2023-01-01,Argentina,0.2702199432512798
2023-01-01,Australia,3.4059705115224577
2023-01-01,Austria,-1.0067019403726718
2023-01-01,Belgium,-0.8100108529948903
2023-01-01,Bulgaria,-2.978723404255331
2023-01-01,Bahrain,16.666666666666654
2023-01-01,Belarus,1.6500322830541636
2023-01-01,Brazil,2.118711744510638
2023-01-01,Canada,1.9999999999999927
2023-01-01,Switzerland,-0.19225804187565806
2023-01-01,Chile,1.1167325007041742
2023-01-01,Colombia,2.348142560173386
2023-01-01,Cyprus,-4.615384615384613
2023-01-01,Czech Republic,13.636363636363628
2023-01-01,Germany,-4.666106730435639
2023-01-01,Denmark,4.343845336297022
2023-01-01,Dominican Republic,2.7226800158140554
2023-01-01,Ecuador,-6.247086867265059
2023-01-01,"Egypt, Arab Rep.",-0.23776439967515714
2023-01-01,Spain,-0.7575757575757549
2023-01-01,Estonia,-7.0175438596491295
2023-01-01,Finland,-0.9428293854501745
2023-01-01,France,-1.132689265403426
2023-01-01,United Kingdom,2.5641025641025665
2023-01-01,Greece,-9.149415537512937
2023-01-01,"Hong Kong SAR, China",-5.470551833495406
2023-01-01,Croatia,0
2023-01-01,Hungary,-1.502341014348282
2023-01-01,Ireland,0
2023-01-01,Iceland,1.3033639485999322
2023-01-01,Israel,2.4390243902439157
2023-01-01,Italy,-1.394212445324352
2023-01-01,Japan,-0.9177091508521196
2023-01-01,"Korea, Rep.",-3.333333333333336
2023-01-01,Sri Lanka,0
2023-01-01,Lithuania,0
2023-01-01,Luxembourg,-0.3623938366155388
2023-01-01,Latvia,-3.9310026303901577
2023-01-01,Morocco,-1.6267215968163404
2023-01-01,Mexico,-1.360544217687076
2023-01-01,North Macedonia,-3.7131035276101114
2023-01-01,Malta,3.5460739294160173
2023-01-01,Netherlands,1.643341766852629
2023-01-01,Norway,5.882352941176476
2023-01-01,New Zealand,-0.47319951904797214
2023-01-01,Pakistan,NA
2023-01-01,Peru,-7.981690498083916
2023-01-01,Philippines,-2.083333333333326
2023-01-01,Poland,0
2023-01-01,Portugal,4.955335100767301
2023-01-01,Romania,-3.333333333333336
2023-01-01,Russian Federation,-1.809187823076717
2023-01-01,Saudi Arabia,NA
2023-01-01,Singapore,-9.999999999999998
2023-01-01,Slovakia,-3.703703703703714
2023-01-01,Slovenia,-5.660377358490563
2023-01-01,Sweden,-1.4478837983790993
2023-01-01,Thailand,0.8928571428571237
2023-01-01,Tunisia,2.045303633268692
2023-01-01,Turkey,-5.825242718446615
2023-01-01,"Taiwan, China",-0.5571030640668528
2023-01-01,Uruguay,0
2023-01-01,United States,0
2023-01-01,"Venezuela, RB",NA
2023-01-01,Viet Nam,-2.5641025641025665
2023-01-01,South Africa,0.23315389716463264
2023-02-01,Argentina,-2.7698081529583014
2023-02-01,Australia,0.22740060795535527
2023-02-01,Austria,-0.2740794207082928
2023-02-01,Belgium,-1.3219418799646603
2023-02-01,Bulgaria,12.061403508771946
2023-02-01,Bahrain,0
2023-02-01,Belarus,-0.7947617554005005
2023-02-01,Brazil,-1.66105276438125
2023-02-01,Canada,0
2023-02-01,Switzerland,-0.8367154223258088
2023-02-01,Chile,0.9665745267516006
2023-02-01,Colombia,-8.444731616769504
2023-02-01,Cyprus,0
2023-02-01,Czech Republic,0
2023-02-01,Germany,-3.4299934386891087
2023-02-01,Denmark,-0.21423298726183773
2023-02-01,Dominican Republic,3.150068358356697
2023-02-01,Ecuador,-2.9117412566107115
2023-02-01,"Egypt, Arab Rep.",-0.4426188217527924
2023-02-01,Spain,-1.526717557251903
2023-02-01,Estonia,0
2023-02-01,Finland,-4.446136652016696
2023-02-01,France,0
2023-02-01,United Kingdom,0
2023-02-01,Greece,0.9333925963553348
2023-02-01,"Hong Kong SAR, China",-1.8086145359195505
2023-02-01,Croatia,-3.1250000000000027
2023-02-01,Hungary,0.28598380772087023
2023-02-01,Ireland,-4.651162790697678
2023-02-01,Iceland,38.66917782561486
2023-02-01,Israel,-9.52380952380953
2023-02-01,Italy,0.9105452273482301
2023-02-01,Japan,1.9891644713952068
2023-02-01,"Korea, Rep.",-10.344827586206891
2023-02-01,Sri Lanka,0
2023-02-01,Lithuania,0
2023-02-01,Luxembourg,0.5992822271894807
2023-02-01,Latvia,-0.8780536389881348
2023-02-01,Morocco,0.17123626567191857
2023-02-01,Mexico,-2.0689655172413812
2023-02-01,North Macedonia,-0.5305994444610451
2023-02-01,Malta,-0.21608566707851648
2023-02-01,Netherlands,-0.6251696321395956
2023-02-01,Norway,2.77777777777778
2023-02-01,New Zealand,0.9682382171022623
2023-02-01,Pakistan,NA
2023-02-01,Peru,-11.314131744867755
2023-02-01,Philippines,0
2023-02-01,Poland,1.9230769230769162
2023-02-01,Portugal,0.6047361617933955
2023-02-01,Romania,0
2023-02-01,Russian Federation,-1.1238938631146462
2023-02-01,Saudi Arabia,NA
2023-02-01,Singapore,0
2023-02-01,Slovakia,-1.2237762237762133
2023-02-01,Slovenia,1.9999999999999927
2023-02-01,Sweden,4.5210190776179076
2023-02-01,Thailand,-13.274336283185834
2023-02-01,Tunisia,0.4587121221683936
2023-02-01,Turkey,2.0618556701031037
2023-02-01,"Taiwan, China",-0.28011204481792124
2023-02-01,Uruguay,-3.5294117647058907
2023-02-01,United States,2.85714285714286
2023-02-01,"Venezuela, RB",NA
2023-02-01,Viet Nam,0
2023-02-01,South Africa,0.16294399722794708
2023-03-01,Argentina,-2.5658270102890732
2023-03-01,Australia,-0.14511096199543266
2023-03-01,Austria,-0.46491761398273024
2023-03-01,Belgium,0.42971265642734147
2023-03-01,Bulgaria,-0.19569471624267468
2023-03-01,Bahrain,0
2023-03-01,Belarus,-0.7902878380023138
2023-03-01,Brazil,-0.6205282821047499
2023-03-01,Canada,-1.9607843137254832
2023-03-01,Switzerland,-1.1320915277005257
2023-03-01,Chile,1.1941285326131366
2023-03-01,Colombia,-7.7183362221681024
2023-03-01,Cyprus,-3.2258064516129057
2023-03-01,Czech Republic,0
2023-03-01,Germany,-0.015931355033207625
2023-03-01,Denmark,-0.03338851559949094
2023-03-01,Dominican Republic,2.8241578391320594
2023-03-01,Ecuador,-1.6056420831102096
2023-03-01,"Egypt, Arab Rep.",-0.38912713396196275
2023-03-01,Spain,-2.3255813953488427
2023-03-01,Estonia,0
2023-03-01,Finland,-3.7059929943767806
2023-03-01,France,0.49099344531925376
2023-03-01,United Kingdom,-2.500000000000002
2023-03-01,Greece,-0.24685101044111055
2023-03-01,"Hong Kong SAR, China",-10.4963247039931
2023-03-01,Croatia,-1.6129032258064602
2023-03-01,Hungary,0.5703622106739293
2023-03-01,Ireland,0
2023-03-01,Iceland,-28.035382744986155
2023-03-01,Israel,-2.631578947368412
2023-03-01,Italy,0.007777496113160396
2023-03-01,Japan,5.4246169441303635
2023-03-01,"Korea, Rep.",0
2023-03-01,Sri Lanka,0
2023-03-01,Lithuania,0
2023-03-01,Luxembourg,1.3084368209466979
2023-03-01,Latvia,-0.8413557535986524
2023-03-01,Morocco,-0.0386460449052786
2023-03-01,Mexico,-1.0563380281690073
2023-03-01,North Macedonia,-0.6934737796647978
2023-03-01,Malta,-1.8494152966764317
2023-03-01,Netherlands,1.2404102189259005
2023-03-01,Norway,-2.702702702702705
2023-03-01,New Zealand,1.0801414532178122
2023-03-01,Pakistan,NA
2023-03-01,Peru,4.728901032467539
2023-03-01,Philippines,0
2023-03-01,Poland,-1.886792452830182
2023-03-01,Portugal,-0.9093338953466628
2023-03-01,Romania,0
2023-03-01,Russian Federation,-0.271198942318379
2023-03-01,Saudi Arabia,NA
2023-03-01,Singapore,0
2023-03-01,Slovakia,-1.7699115044247882
2023-03-01,Slovenia,-1.9607843137254832
2023-03-01,Sweden,-6.397650957095509
2023-03-01,Thailand,11.224489795918377
2023-03-01,Tunisia,-0.011999718540636466
2023-03-01,Turkey,2.0202020202020132
2023-03-01,"Taiwan, China",0.5617977528089892
2023-03-01,Uruguay,1.2195121951219685
2023-03-01,United States,-2.77777777777778
2023-03-01,"Venezuela, RB",NA
2023-03-01,Viet Nam,0
2023-03-01,South Africa,0.0741830500257524
2023-04-01,Argentina,-4.131610788465087
2023-04-01,Australia,1.8938690373550906
2023-04-01,Austria,1.5350507527534065
2023-04-01,Belgium,-0.3965074231620842
2023-04-01,Bulgaria,-0.9803921568627416
2023-04-01,Bahrain,0
2023-04-01,Belarus,-1.8272624302062537
2023-04-01,Brazil,-0.9726914849999142
2023-04-01,Canada,1.9999999999999927
2023-04-01,Switzerland,0.23848899927863373
2023-04-01,Chile,-1.0548493847639764
2023-04-01,Colombia,7.0969093263305
2023-04-01,Cyprus,-1.6666666666666607
2023-04-01,Czech Republic,8.000000000000007
2023-04-01,Germany,2.78410794602699
2023-04-01,Denmark,1.0684219190001176
2023-04-01,Dominican Republic,5.580396904710875
2023-04-01,Ecuador,4.230944495232096
2023-04-01,"Egypt, Arab Rep.",-0.3618317752961266
2023-04-01,Spain,-3.968253968253968
2023-04-01,Estonia,20.754716981132088
2023-04-01,Finland,10.5132048946114
2023-04-01,France,1.6286629195004236
2023-04-01,United Kingdom,2.5641025641025665
2023-04-01,Greece,0.17373848627235236
2023-04-01,"Hong Kong SAR, China",-3.7780789054875807
2023-04-01,Croatia,0
2023-04-01,Hungary,1.60678052090599
2023-04-01,Ireland,0
2023-04-01,Iceland,-11.007015633119536
2023-04-01,Israel,-2.702702702702705
2023-04-01,Italy,0.9480956575386942
2023-04-01,Japan,-5.051375055657532
2023-04-01,"Korea, Rep.",0
2023-04-01,Sri Lanka,0
2023-04-01,Lithuania,3.4883720930232642
2023-04-01,Luxembourg,1.2086988761664517
2023-04-01,Latvia,1.731368122657151
2023-04-01,Morocco,0.8280882735458418
2023-04-01,Mexico,2.1352313167259807
2023-04-01,North Macedonia,-0.46247021685756273
2023-04-01,Malta,-10.75182268611099
2023-04-01,Netherlands,-4.7945264531495395
2023-04-01,Norway,-5.55555555555556
2023-04-01,New Zealand,2.844889524290214
2023-04-01,Pakistan,NA
2023-04-01,Peru,2.7959259511276473
2023-04-01,Philippines,-6.382978723404251
2023-04-01,Poland,0
2023-04-01,Portugal,-4.79599184994276
2023-04-01,Romania,-3.448275862068969
2023-04-01,Russian Federation,-4.184572316456596
2023-04-01,Saudi Arabia,NA
2023-04-01,Singapore,5.555555555555548
2023-04-01,Slovakia,-4.144144144144136
2023-04-01,Slovenia,0
2023-04-01,Sweden,0.15638159793840356
2023-04-01,Thailand,-3.6697247706422047
2023-04-01,Tunisia,-1.1685735523366692
2023-04-01,Turkey,0.9900990099009866
2023-04-01,"Taiwan, China",-0.8379888268156493
2023-04-01,Uruguay,4.819277108433717
2023-04-01,United States,-2.85714285714286
2023-04-01,"Venezuela, RB",NA
2023-04-01,Viet Nam,0
2023-04-01,South Africa,-1.236289275927723
2023-05-01,Argentina,-2.629210124010916
2023-05-01,Australia,-1.912157891715398
2023-05-01,Austria,1.8946934808872864
2023-05-01,Belgium,0.8806684646779642
2023-05-01,Bulgaria,0.3960396039604052
2023-05-01,Bahrain,0
2023-05-01,Belarus,-0.8619484586266805
2023-05-01,Brazil,-0.5313117901098746
2023-05-01,Canada,1.960784313725501
2023-05-01,Switzerland,0.5697340236040708
2023-05-01,Chile,-1.8321926959828716
2023-05-01,Colombia,-2.3713585572214266
2023-05-01,Cyprus,0
2023-05-01,Czech Republic,-7.407407407407414
2023-05-01,Germany,-3.032411325697083
2023-05-01,Denmark,-2.003626763302796
2023-05-01,Dominican Republic,1.411869166361641
2023-05-01,Ecuador,1.119836395099598
2023-05-01,"Egypt, Arab Rep.",-0.2675922232695088
2023-05-01,Spain,-1.6528925619834651
2023-05-01,Estonia,0
2023-05-01,Finland,-0.7245842902300057
2023-05-01,France,0.9615433154588104
2023-05-01,United Kingdom,5.000000000000004
2023-05-01,Greece,-2.295559618580129
2023-05-01,"Hong Kong SAR, China",-1.455911611490926
2023-05-01,Croatia,0
2023-05-01,Hungary,0.5581591372657532
2023-05-01,Ireland,0
2023-05-01,Iceland,41.34508437149505
2023-05-01,Israel,0
2023-05-01,Italy,-2.2505677034693314
2023-05-01,Japan,-2.0407447871327404
2023-05-01,"Korea, Rep.",-3.8461538461538494
2023-05-01,Sri Lanka,0
2023-05-01,Lithuania,-2.2471910112359668
2023-05-01,Luxembourg,-0.15010068163789297
2023-05-01,Latvia,2.471018261424527
2023-05-01,Morocco,-0.527869585161317
2023-05-01,Mexico,4.529616724738672
2023-05-01,North Macedonia,-0.622959982624251
2023-05-01,Malta,-1.236135636963966
2023-05-01,Netherlands,5.699240599808141
2023-05-01,Norway,0
2023-05-01,New Zealand,2.1163503647144477
2023-05-01,Pakistan,NA
2023-05-01,Peru,-0.4133230299787971
2023-05-01,Philippines,0
2023-05-01,Poland,-1.9230769230769333
2023-05-01,Portugal,-1.9804548088901555
2023-05-01,Romania,3.5714285714285747
2023-05-01,Russian Federation,-1.517625879926326
2023-05-01,Saudi Arabia,NA
2023-05-01,Singapore,0
2023-05-01,Slovakia,-3.7593984962406046
2023-05-01,Slovenia,0
2023-05-01,Sweden,2.387756771189089
2023-05-01,Thailand,5.714285714285719
2023-05-01,Tunisia,-0.26536716860097825
2023-05-01,Turkey,-6.862745098039209
2023-05-01,"Taiwan, China",-1.6901408450704116
2023-05-01,Uruguay,-3.4482758620689538
2023-05-01,United States,5.882352941176476
2023-05-01,"Venezuela, RB",NA
2023-05-01,Viet Nam,0
2023-05-01,South Africa,-0.2103169296809231
2023-06-01,Argentina,-2.074434690737
2023-06-01,Australia,-1.5246033507156371
2023-06-01,Austria,0.8144870459723726
2023-06-01,Belgium,-2.3822422898391595
2023-06-01,Bulgaria,2.761341222879678
2023-06-01,Bahrain,0
2023-06-01,Belarus,-1.0812408061992145
2023-06-01,Brazil,-1.7175797104561512
2023-06-01,Canada,3.8461538461538494
2023-06-01,Switzerland,0.4633897688336676
2023-06-01,Chile,0.6544251331343912
2023-06-01,Colombia,-10.612707860931492
2023-06-01,Cyprus,-1.6949152542372972
2023-06-01,Czech Republic,4.0000000000000036
2023-06-01,Germany,6.135893039739995
2023-06-01,Denmark,3.081487296279892
2023-06-01,Dominican Republic,-0.3047690818613392
2023-06-01,Ecuador,0.9483752755026615
2023-06-01,"Egypt, Arab Rep.",-0.1309354910611625
2023-06-01,Spain,0
2023-06-01,Estonia,0
2023-06-01,Finland,0.5794955491314815
2023-06-01,France,0.9523857142857115
2023-06-01,United Kingdom,2.3809523809523725
2023-06-01,Greece,2.1191635878852635
2023-06-01,"Hong Kong SAR, China",2.0955442604972583
2023-06-01,Croatia,3.2786885245901667
2023-06-01,Hungary,0.27751801831503153
2023-06-01,Ireland,4.87804878048781
2023-06-01,Iceland,-24.735983382823267
2023-06-01,Israel,0
2023-06-01,Italy,-6.0274904281060175
2023-06-01,Japan,0.6340231804536695
2023-06-01,"Korea, Rep.",4.0000000000000036
2023-06-01,Sri Lanka,0
2023-06-01,Lithuania,-2.2988505747126355
2023-06-01,Luxembourg,3.563738400434225
2023-06-01,Latvia,1.451974667477136
2023-06-01,Morocco,1.1903832859182348
2023-06-01,Mexico,-12.333333333333336
2023-06-01,North Macedonia,-0.4716581013698191
2023-06-01,Malta,1.78472303268686
2023-06-01,Netherlands,-3.123543870839723
2023-06-01,Norway,0
2023-06-01,New Zealand,2.1562441701494994
2023-06-01,Pakistan,NA
2023-06-01,Peru,2.0991712199899877
2023-06-01,Philippines,0
2023-06-01,Poland,3.921568627450984
2023-06-01,Portugal,-1.4449390141058027
2023-06-01,Romania,0
2023-06-01,Russian Federation,-4.932650704197845
2023-06-01,Saudi Arabia,NA
2023-06-01,Singapore,0
2023-06-01,Slovakia,0.19531249999999584
2023-06-01,Slovenia,0
2023-06-01,Sweden,9.994123437261662
2023-06-01,Thailand,-20.720720720720728
2023-06-01,Tunisia,-0.13520396292313358
2023-06-01,Turkey,-1.0526315789473648
2023-06-01,"Taiwan, China",-1.432664756446999
2023-06-01,Uruguay,-3.5714285714285796
2023-06-01,United States,0
2023-06-01,"Venezuela, RB",NA
2023-06-01,Viet Nam,0
2023-06-01,South Africa,-0.3033575895900648
2023-07-01,Argentina,-1.8669653281779615
2023-07-01,Australia,3.622436261261587
2023-07-01,Austria,1.4421895347773586
2023-07-01,Belgium,-0.8093544155236441
2023-07-01,Bulgaria,2.879078694817665
2023-07-01,Bahrain,0
2023-07-01,Belarus,5.100608052081823
2023-07-01,Brazil,-1.0828987525251117
2023-07-01,Canada,1.8518518518518452
2023-07-01,Switzerland,1.9205358985669612
2023-07-01,Chile,1.425966789161462
2023-07-01,Colombia,8.298437847058658
2023-07-01,Cyprus,1.7241379310344922
2023-07-01,Czech Republic,7.692307692307682
2023-07-01,Germany,-1.98592266529992
2023-07-01,Denmark,-0.7571046263386091
2023-07-01,Dominican Republic,-2.342633403566893
2023-07-01,Ecuador,-1.6781947678400195
2023-07-01,"Egypt, Arab Rep.",-0.9947252467576311
2023-07-01,Spain,0.8403361344537785
2023-07-01,Estonia,14.062499999999991
2023-07-01,Finland,0.6442210898855081
2023-07-01,France,1.153032964479579
2023-07-01,United Kingdom,0
2023-07-01,Greece,1.946681975884421
2023-07-01,"Hong Kong SAR, China",-1.3758570191214026
2023-07-01,Croatia,0
2023-07-01,Hungary,-1.845016520063802
2023-07-01,Ireland,2.3255813953488498
2023-07-01,Iceland,15.807026417036003
2023-07-01,Israel,-5.55555555555556
2023-07-01,Italy,8.385419780623312
2023-07-01,Japan,2.874441524206278
2023-07-01,"Korea, Rep.",7.692307692307682
2023-07-01,Sri Lanka,0
2023-07-01,Lithuania,2.35294117647058
2023-07-01,Luxembourg,-0.003393047779286109
2023-07-01,Latvia,-0.5418379280100344
2023-07-01,Morocco,5.371181692690719
2023-07-01,Mexico,9.505703422053232
2023-07-01,North Macedonia,-0.9449456120724555
2023-07-01,Malta,13.826046650921686
2023-07-01,Netherlands,2.9238816810857626
2023-07-01,Norway,5.882352941176476
2023-07-01,New Zealand,4.0988914842989725
2023-07-01,Pakistan,NA
2023-07-01,Peru,-3.296934891894513
2023-07-01,Philippines,9.09090909090908
2023-07-01,Poland,-3.7735849056603805
2023-07-01,Portugal,0.760275271148581
2023-07-01,Romania,-3.448275862068969
2023-07-01,Russian Federation,-0.3519393747345329
2023-07-01,Saudi Arabia,NA
2023-07-01,Singapore,5.263157894736848
2023-07-01,Slovakia,0.974658869395708
2023-07-01,Slovenia,-1.9999999999999927
2023-07-01,Sweden,-15.602741427091708
2023-07-01,Thailand,20.45454545454546
2023-07-01,Tunisia,-0.26011413105921777
2023-07-01,Turkey,-1.0638297872340388
2023-07-01,"Taiwan, China",0
2023-07-01,Uruguay,-4.938271604938265
2023-07-01,United States,-2.77777777777778
2023-07-01,"Venezuela, RB",NA
2023-07-01,Viet Nam,0
2023-07-01,South Africa,0.010746604057633028
2023-08-01,Argentina,0.06418001657518911
2023-08-01,Australia,1.4284665818573188
2023-08-01,Austria,-0.3492573546910245
2023-08-01,Belgium,-1.448769057031995
2023-08-01,Bulgaria,1.865671641791038
2023-08-01,Bahrain,0
2023-08-01,Belarus,-0.6106026906557904
2023-08-01,Brazil,-0.4853370770135915
2023-08-01,Canada,0
2023-08-01,Switzerland,1.2604001375848262
2023-08-01,Chile,1.7921644088994104
2023-08-01,Colombia,-0.2531309853162995
2023-08-01,Cyprus,-1.6949152542372972
2023-08-01,Czech Republic,-7.142857142857134
2023-08-01,Germany,4.882229328214682
2023-08-01,Denmark,0.8424068248370347
2023-08-01,Dominican Republic,-2.067892518898256
2023-08-01,Ecuador,0.9623053107219217
2023-08-01,"Egypt, Arab Rep.",-0.16935210653152177
2023-08-01,Spain,0
2023-08-01,Estonia,0
2023-08-01,Finland,1.4764119140776295
2023-08-01,France,0.7772083062633869
2023-08-01,United Kingdom,-4.651162790697678
2023-08-01,Greece,5.783796930313578
2023-08-01,"Hong Kong SAR, China",0.9874306803981593
2023-08-01,Croatia,0
2023-08-01,Hungary,1.1278081964787823
2023-08-01,Ireland,0
2023-08-01,Iceland,10.275888445490978
2023-08-01,Israel,-5.882352941176463
2023-08-01,Italy,-5.763066633998433
2023-08-01,Japan,2.7042939639319874
2023-08-01,"Korea, Rep.",-10.714285714285708
2023-08-01,Sri Lanka,0
2023-08-01,Lithuania,-2.2988505747126355
2023-08-01,Luxembourg,1.397753074358971
2023-08-01,Latvia,0.4379685779777132
2023-08-01,Morocco,0.13861853141244307
2023-08-01,Mexico,-6.597222222222221
2023-08-01,North Macedonia,-0.5817396534831453
2023-08-01,Malta,1.332159920828894
2023-08-01,Netherlands,-1.957926125000941
2023-08-01,Norway,0
2023-08-01,New Zealand,1.875235811819752
2023-08-01,Pakistan,NA
2023-08-01,Peru,3.0966887330225576
2023-08-01,Philippines,0
2023-08-01,Poland,0
2023-08-01,Portugal,-0.22348400482452868
2023-08-01,Romania,3.5714285714285747
2023-08-01,Russian Federation,-2.302741271205198
2023-08-01,Saudi Arabia,NA
2023-08-01,Singapore,0
2023-08-01,Slovakia,0.579150579150584
2023-08-01,Slovenia,0
2023-08-01,Sweden,18.502473684612422
2023-08-01,Thailand,-11.320754716981142
2023-08-01,Tunisia,0.604974576732183
2023-08-01,Turkey,-1.0752688172043163
2023-08-01,"Taiwan, China",-0.29069767441859845
2023-08-01,Uruguay,5.194805194805188
2023-08-01,United States,5.71428571428572
2023-08-01,"Venezuela, RB",NA
2023-08-01,Viet Nam,0
2023-08-01,South Africa,-0.3380636019117575
2023-09-01,Argentina,1.401189915141511
2023-09-01,Australia,-3.316779185027774
2023-09-01,Austria,0.32678466326346384
2023-09-01,Belgium,1.7520184786935007
2023-09-01,Bulgaria,1.4652014652014667
2023-09-01,Bahrain,0
2023-09-01,Belarus,-0.5277684865785351
2023-09-01,Brazil,-0.5927665810193254
2023-09-01,Canada,0
2023-09-01,Switzerland,1.696443057401156
2023-09-01,Chile,0.2596041232432554
2023-09-01,Colombia,2.616670095343878
2023-09-01,Cyprus,-1.7241379310344769
2023-09-01,Czech Republic,0
2023-09-01,Germany,-0.19910955385993037
2023-09-01,Denmark,2.0118994319990144
2023-09-01,Dominican Republic,-2.586281947984902
2023-09-01,Ecuador,0.7181202782477324
2023-09-01,"Egypt, Arab Rep.",-0.3042813444696223
2023-09-01,Spain,0
2023-09-01,Estonia,0
2023-09-01,Finland,-0.13459565516735578
2023-09-01,France,0.6169603859347841
2023-09-01,United Kingdom,-2.439024390243894
2023-09-01,Greece,-11.597838322474958
2023-09-01,"Hong Kong SAR, China",2.0347278757963485
2023-09-01,Croatia,0
2023-09-01,Hungary,2.2304861631266917
2023-09-01,Ireland,4.545454545454529
2023-09-01,Iceland,27.68456255807173
2023-09-01,Israel,3.124999999999989
2023-09-01,Italy,1.996353097235247
2023-09-01,Japan,-4.852886568908897
2023-09-01,"Korea, Rep.",8.000000000000007
2023-09-01,Sri Lanka,0
2023-09-01,Lithuania,1.17647058823529
2023-09-01,Luxembourg,2.3561979277346277
2023-09-01,Latvia,2.0149733804008823
2023-09-01,Morocco,-1.4079651061492515
2023-09-01,Mexico,0
2023-09-01,North Macedonia,-0.6563276991652047
2023-09-01,Malta,-0.4185872567440244
2023-09-01,Netherlands,-0.002148617011561114
2023-09-01,Norway,0
2023-09-01,New Zealand,1.5309160694784893
2023-09-01,Pakistan,NA
2023-09-01,Peru,-5.739765538703978
2023-09-01,Philippines,0
2023-09-01,Poland,0
2023-09-01,Portugal,0.34559563712600316
2023-09-01,Romania,0
2023-09-01,Russian Federation,-1.4675624862522134
2023-09-01,Saudi Arabia,NA
2023-09-01,Singapore,0
2023-09-01,Slovakia,0.38387715930903
2023-09-01,Slovenia,0
2023-09-01,Sweden,0.45383475185863476
2023-09-01,Thailand,-3.191489361702119
2023-09-01,Tunisia,1.1116426356776505
2023-09-01,Turkey,-1.0869565217391266
2023-09-01,"Taiwan, China",1.4577259475218607
2023-09-01,Uruguay,0
2023-09-01,United States,2.7027027027026933
2023-09-01,"Venezuela, RB",NA
2023-09-01,Viet Nam,0
2023-09-01,South Africa,-0.28312583097525734
2023-10-01,Argentina,1.743759739261931
2023-10-01,Australia,4.011110898598491
2023-10-01,Austria,0.07909494645101318
2023-10-01,Belgium,0.4039775235610955
2023-10-01,Bulgaria,2.346570397111911
2023-10-01,Bahrain,0
2023-10-01,Belarus,-1.3497372397424328
2023-10-01,Brazil,0.268107803529508
2023-10-01,Canada,3.63636363636364
2023-10-01,Switzerland,1.86055164908151
2023-10-01,Chile,1.7346582605082528
2023-10-01,Colombia,1.4139121766256546
2023-10-01,Cyprus,0
2023-10-01,Czech Republic,11.538461538461531
2023-10-01,Germany,6.230844456666866
2023-10-01,Denmark,0.9053311674760345
2023-10-01,Dominican Republic,-3.4267820558870863
2023-10-01,Ecuador,0.2686922781859509
2023-10-01,"Egypt, Arab Rep.",-0.21128709100876714
2023-10-01,Spain,0
2023-10-01,Estonia,-9.589041095890414
2023-10-01,Finland,3.350719555807949
2023-10-01,France,0.6642800340169697
2023-10-01,United Kingdom,0
2023-10-01,Greece,-0.4963822357615225
2023-10-01,"Hong Kong SAR, China",0.8505243211345428
2023-10-01,Croatia,0
2023-10-01,Hungary,6.181821930578568
2023-10-01,Ireland,-2.173913043478253
2023-10-01,Iceland,-22.90026637884783
2023-10-01,Israel,-6.0606060606060534
2023-10-01,Italy,2.1459308631592413
2023-10-01,Japan,-0.7527942879758422
2023-10-01,"Korea, Rep.",-7.407407407407414
2023-10-01,Sri Lanka,0
2023-10-01,Lithuania,0
2023-10-01,Luxembourg,0.839134747345274
2023-10-01,Latvia,2.4969751214095046
2023-10-01,Morocco,-2.9260084901047283
2023-10-01,Mexico,-0.3717472118959029
2023-10-01,North Macedonia,2.6509743967263506
2023-10-01,Malta,-6.552138384130897
2023-10-01,Netherlands,-0.725060735074638
2023-10-01,Norway,2.77777777777778
2023-10-01,New Zealand,-1.8855119646196243
2023-10-01,Pakistan,NA
2023-10-01,Peru,1.80422585057086
2023-10-01,Philippines,-8.333333333333323
2023-10-01,Poland,1.960784313725501
2023-10-01,Portugal,0.39154533254630725
2023-10-01,Romania,0
2023-10-01,Russian Federation,-2.5563908767838304
2023-10-01,Saudi Arabia,NA
2023-10-01,Singapore,0
2023-10-01,Slovakia,-0.19120458891014674
2023-10-01,Slovenia,-2.040816326530623
2023-10-01,Sweden,0.5956646214145492
2023-10-01,Thailand,-7.692307692307699
2023-10-01,Tunisia,3.722491668622243
2023-10-01,Turkey,-6.5934065934065895
2023-10-01,"Taiwan, China",-2.2988505747126458
2023-10-01,Uruguay,8.641975308641989
2023-10-01,United States,2.631578947368424
2023-10-01,"Venezuela, RB",NA
2023-10-01,Viet Nam,0
2023-10-01,South Africa,0.43474399741994585
2023-11-01,Argentina,4.611212932668645
2023-11-01,Australia,2.5029481642763796
2023-11-01,Austria,0.322045298750118
2023-11-01,Belgium,-0.2607183396791784
2023-11-01,Bulgaria,-0.7054673721340394
2023-11-01,Bahrain,0
2023-11-01,Belarus,-0.8332675612251567
2023-11-01,Brazil,-0.39024412591347846
2023-11-01,Canada,0
2023-11-01,Switzerland,1.7968990656124797
2023-11-01,Chile,1.4399422392105488
2023-11-01,Colombia,2.0808093940772805
2023-11-01,Cyprus,-1.75438596491229
2023-11-01,Czech Republic,-10.344827586206891
2023-11-01,Germany,-5.026731207861068
2023-11-01,Denmark,-0.27707189056586573
2023-11-01,Dominican Republic,-1.550407244939931
2023-11-01,Ecuador,-0.21681606709002066
2023-11-01,"Egypt, Arab Rep.",-0.5532304925290581
2023-11-01,Spain,-0.8333333333333304
2023-11-01,Estonia,0
2023-11-01,Finland,2.1524747032313885
2023-11-01,France,0.1522827473008296
2023-11-01,United Kingdom,-2.500000000000002
2023-11-01,Greece,-1.5147498166168132
2023-11-01,"Hong Kong SAR, China",0.23334034768560194
2023-11-01,Croatia,-1.5873015873015817
2023-11-01,Hungary,2.054797053856215
2023-11-01,Ireland,-2.2222222222222143
2023-11-01,Iceland,4.843730424699897
2023-11-01,Israel,-9.677419354838717
2023-11-01,Italy,-2.0736944445801595
2023-11-01,Japan,-0.5385245638719334
2023-11-01,"Korea, Rep.",11.999999999999993
2023-11-01,Sri Lanka,0
2023-11-01,Lithuania,0
2023-11-01,Luxembourg,2.802884597771884
2023-11-01,Latvia,0.7178259850095879
2023-11-01,Morocco,-0.5300217068997792
2023-11-01,Mexico,4.104477611940293
2023-11-01,North Macedonia,-1.114567747568527
2023-11-01,Malta,-2.2082739686893587
2023-11-01,Netherlands,0.6962961317546025
2023-11-01,Norway,0
2023-11-01,New Zealand,2.0749735613409133
2023-11-01,Pakistan,NA
2023-11-01,Peru,6.961083637927324
2023-11-01,Philippines,0
2023-11-01,Poland,-1.9230769230769333
2023-11-01,Portugal,0.7553805948221692
2023-11-01,Romania,0
2023-11-01,Russian Federation,-0.5041859212633296
2023-11-01,Saudi Arabia,NA
2023-11-01,Singapore,0
2023-11-01,Slovakia,-1.1494252873563144
2023-11-01,Slovenia,0
2023-11-01,Sweden,-1.1394682448824236
2023-11-01,Thailand,-2.380952380952383
2023-11-01,Tunisia,0.83244320625292
2023-11-01,Turkey,5.88235294117647
2023-11-01,"Taiwan, China",-0.8823529411764649
2023-11-01,Uruguay,-1.1363636363636525
2023-11-01,United States,-5.1282051282051215
2023-11-01,"Venezuela, RB",NA
2023-11-01,Viet Nam,0
2023-11-01,South Africa,0.016195100702815667
2023-12-01,Argentina,5.329492682345473
2023-12-01,Australia,3.9178119801760323
2023-12-01,Austria,1.329186794808509
2023-12-01,Belgium,0.4535873724548176
2023-12-01,Bulgaria,-0.5328596802841963
2023-12-01,Bahrain,0
2023-12-01,Belarus,-1.116646759517454
2023-12-01,Brazil,-0.948720228650504
2023-12-01,Canada,1.7543859649122744
2023-12-01,Switzerland,1.7913503131539517
2023-12-01,Chile,-0.7460164984183059
2023-12-01,Colombia,2.888931343375749
2023-12-01,Cyprus,-1.7857142857142794
2023-12-01,Czech Republic,7.692307692307682
2023-12-01,Germany,-0.8402732512059838
2023-12-01,Denmark,0.05240842276222466
2023-12-01,Dominican Republic,-0.6842016925125843
2023-12-01,Ecuador,0.12786555368866037
2023-12-01,"Egypt, Arab Rep.",-0.5218178645812475
2023-12-01,Spain,0
2023-12-01,Estonia,0
2023-12-01,Finland,-1.9225085917305194
2023-12-01,France,-0.15205119955684057
2023-12-01,United Kingdom,5.1282051282051215
2023-12-01,Greece,-1.782228699056758
2023-12-01,"Hong Kong SAR, China",1.2449144407027575
2023-12-01,Croatia,-1.6129032258064602
2023-12-01,Hungary,1.0067013000544842
2023-12-01,Ireland,0
2023-12-01,Iceland,5.495917936763584
2023-12-01,Israel,14.285714285714299
2023-12-01,Italy,-7.991334262786729
2023-12-01,Japan,1.3826059051597501
2023-12-01,"Korea, Rep.",14.285714285714299
2023-12-01,Sri Lanka,0
2023-12-01,Lithuania,2.3255813953488498
2023-12-01,Luxembourg,-2.1599473590338714
2023-12-01,Latvia,1.9516071260195622
2023-12-01,Morocco,0.13051661469526013
2023-12-01,Mexico,0
2023-12-01,North Macedonia,-0.35697358766573944
2023-12-01,Malta,-1.5190014436176769
2023-12-01,Netherlands,-0.1605254919062683
2023-12-01,Norway,8.108108108108103
2023-12-01,New Zealand,2.8180067728614406
2023-12-01,Pakistan,NA
2023-12-01,Peru,1.6422409093031518
2023-12-01,Philippines,0
2023-12-01,Poland,0
2023-12-01,Portugal,0.27376374176616475
2023-12-01,Romania,0
2023-12-01,Russian Federation,-0.4654876659922338
2023-12-01,Saudi Arabia,NA
2023-12-01,Singapore,0
2023-12-01,Slovakia,-1.5503875968992262
2023-12-01,Slovenia,0
2023-12-01,Sweden,2.2419074515002766
2023-12-01,Thailand,13.414634146341475
2023-12-01,Tunisia,-0.24429051381616504
2023-12-01,Turkey,-2.2222222222222143
2023-12-01,"Taiwan, China",0.5934718100890213
2023-12-01,Uruguay,-4.597701149425271
2023-12-01,United States,2.7027027027026933
2023-12-01,"Venezuela, RB",NA
2023-12-01,Viet Nam,0
2023-12-01,South Africa,0.16462352953221196
2024-01-01,Argentina,9.399828957983702
2024-01-01,Australia,0.5394622840505933
2024-01-01,Austria,1.1419234836189103
2024-01-01,Belgium,2.868268632947553
2024-01-01,Bulgaria,0.5357142857142903
2024-01-01,Bahrain,-1.5873015873015817
2024-01-01,Belarus,-3.3847624365784643
2024-01-01,Brazil,-1.5836107553096341
2024-01-01,Canada,-1.7241379310344769
2024-01-01,Switzerland,1.8485064907784767
2024-01-01,Chile,-1.2451771229832547
2024-01-01,Colombia,-1.570317298810411
2024-01-01,Cyprus,-3.63636363636364
2024-01-01,Czech Republic,7.1428571428571495
2024-01-01,Germany,-1.4515967950099176
2024-01-01,Denmark,1.320378613577935
2024-01-01,Dominican Republic,0.8912915307410622
2024-01-01,Ecuador,4.850187832256652
2024-01-01,"Egypt, Arab Rep.",-1.2345429022778676
2024-01-01,Spain,0
2024-01-01,Estonia,16.66666666666668
2024-01-01,Finland,2.1426860848237306
2024-01-01,France,-0.8629447050941995
2024-01-01,United Kingdom,2.4390243902439157
2024-01-01,Greece,16.79105344919092
2024-01-01,"Hong Kong SAR, China",-1.4574344978896172
2024-01-01,Croatia,-1.6393442622950762
2024-01-01,Hungary,-1.328897917793067
2024-01-01,Ireland,0
2024-01-01,Iceland,0.5562785602931563
2024-01-01,Israel,3.124999999999989
2024-01-01,Italy,0.6827349924871444
2024-01-01,Japan,-0.652774941485097
2024-01-01,"Korea, Rep.",-9.375000000000009
2024-01-01,Sri Lanka,NA
2024-01-01,Lithuania,0
2024-01-01,Luxembourg,2.5787564865915686
2024-01-01,Latvia,0.7509504097563833
2024-01-01,Morocco,3.6871870096516783
2024-01-01,Mexico,-1.0752688172043101
2024-01-01,North Macedonia,0.7834687093600357
2024-01-01,Malta,-3.571259111501174
2024-01-01,Netherlands,3.4662800608802167
2024-01-01,Norway,-2.500000000000002
2024-01-01,New Zealand,6.329063202379421
2024-01-01,Pakistan,NA
2024-01-01,Peru,-6.827746545254902
2024-01-01,Philippines,2.2727272727272645
2024-01-01,Poland,0
2024-01-01,Portugal,0.4129597260510329
2024-01-01,Romania,0
2024-01-01,Russian Federation,-2.6423187895103473
2024-01-01,Saudi Arabia,NA
2024-01-01,Singapore,5.000000000000004
2024-01-01,Slovakia,-0.1968503937007832
2024-01-01,Slovenia,-2.083333333333326
2024-01-01,Sweden,-0.9336087881222789
2024-01-01,Thailand,6.451612903225799
2024-01-01,Tunisia,-3.055591737100084
2024-01-01,Turkey,3.409090909090897
2024-01-01,"Taiwan, China",-0.29498525073746995
2024-01-01,Uruguay,3.614457831325288
2024-01-01,United States,-2.631578947368412
2024-01-01,"Venezuela, RB",NA
2024-01-01,Viet Nam,NA
2024-01-01,South Africa,1.0723047754957615
2024-02-01,Argentina,1.995300657308159
2024-02-01,Australia,-8.281512652093257
2024-02-01,Austria,0.903600270683588
2024-02-01,Belgium,0.4873539281323931
2024-02-01,Bulgaria,-3.3747779751332065
2024-02-01,Bahrain,0
2024-02-01,Belarus,-1.0694281481300578
2024-02-01,Brazil,-1.539542228833157
2024-02-01,Canada,3.5087719298245648
2024-02-01,Switzerland,0.8269980218404517
2024-02-01,Chile,-2.407779189804049
2024-02-01,Colombia,1.7876333841463452
2024-02-01,Cyprus,-1.886792452830182
2024-02-01,Czech Republic,-13.33333333333333
2024-02-01,Germany,12.894582145035738
2024-02-01,Denmark,0.23519987669804013
2024-02-01,Dominican Republic,0.5941170284468772
2024-02-01,Ecuador,-1.4222122342757528
2024-02-01,"Egypt, Arab Rep.",-0.4371554716191917
2024-02-01,Spain,-0.8403361344537785
2024-02-01,Estonia,0
2024-02-01,Finland,1.7229796360729153
2024-02-01,France,-0.4608249060287953
2024-02-01,United Kingdom,2.3809523809523725
2024-02-01,Greece,-1.148017464062254
2024-02-01,"Hong Kong SAR, China",-1.041609039903906
2024-02-01,Croatia,0
2024-02-01,Hungary,0
2024-02-01,Ireland,-6.818181818181834
2024-02-01,Iceland,-28.366727430725696
2024-02-01,Israel,-3.0303030303030196
2024-02-01,Italy,8.826749941466892
2024-02-01,Japan,4.738553953018064
2024-02-01,"Korea, Rep.",-6.896551724137923
2024-02-01,Sri Lanka,NA
2024-02-01,Lithuania,-1.1363636363636525
2024-02-01,Luxembourg,-0.3026414507473952
2024-02-01,Latvia,0.711547766306427
2024-02-01,Morocco,0.15715777475347784
2024-02-01,Mexico,-6.5217391304347725
2024-02-01,North Macedonia,-0.5831298845981914
2024-02-01,Malta,-0.5466434301117591
2024-02-01,Netherlands,1.9118825114754574
2024-02-01,Norway,2.5641025641025665
2024-02-01,New Zealand,2.6300208053633995
2024-02-01,Pakistan,NA
2024-02-01,Peru,2.63544312772419
2024-02-01,Philippines,0
2024-02-01,Poland,0
2024-02-01,Portugal,-0.14204593830042211
2024-02-01,Romania,3.448275862068969
2024-02-01,Russian Federation,-1.015682499738176
2024-02-01,Saudi Arabia,NA
2024-02-01,Singapore,0
2024-02-01,Slovakia,-0.9861932938856155
2024-02-01,Slovenia,0
2024-02-01,Sweden,-3.0979327806853205
2024-02-01,Thailand,10.101010101010111
2024-02-01,Tunisia,-0.8238198643595833
2024-02-01,Turkey,-5.4945054945054945
2024-02-01,"Taiwan, China",0.5917159763313614
2024-02-01,Uruguay,-2.3255813953488293
2024-02-01,United States,5.405405405405398
2024-02-01,"Venezuela, RB",NA
2024-02-01,Viet Nam,NA
2024-02-01,South Africa,0.18611058596643937
2024-03-01,Argentina,1.1202637046156554
2024-03-01,Australia,5.528294126073876
2024-03-01,Austria,1.768666865005457
2024-03-01,Belgium,-1.5473893937366114
2024-03-01,Bulgaria,1.102941176470581
2024-03-01,Bahrain,0
2024-03-01,Belarus,-0.9887289709248175
2024-03-01,Brazil,-1.5266919526962421
2024-03-01,Canada,3.3898305084745637
2024-03-01,Switzerland,1.741550275013217
2024-03-01,Chile,-1.6931437666073155
2024-03-01,Colombia,2.06390524568896
2024-03-01,Cyprus,-1.9230769230769333
2024-03-01,Czech Republic,11.538461538461531
2024-03-01,Germany,-0.0767781575955421
2024-03-01,Denmark,0.0281329350132624
2024-03-01,Dominican Republic,0.7371068181192652
2024-03-01,Ecuador,-3.2713333557233435
2024-03-01,"Egypt, Arab Rep.",-0.42183072519952086
2024-03-01,Spain,-0.847457627118656
2024-03-01,Estonia,0
2024-03-01,Finland,6.845000605976415
2024-03-01,France,-0.46295833333333103
2024-03-01,United Kingdom,2.3255813953488498
2024-03-01,Greece,-11.767015278580537
2024-03-01,"Hong Kong SAR, China",-0.7583736808115322
2024-03-01,Croatia,-3.333333333333336
2024-03-01,Hungary,0
2024-03-01,Ireland,2.4390243902439157
2024-03-01,Iceland,42.9329421216351
2024-03-01,Israel,3.124999999999989
2024-03-01,Italy,-7.993059184852726
2024-03-01,Japan,-2.0406391730710713
2024-03-01,"Korea, Rep.",3.7037037037036904
2024-03-01,Sri Lanka,NA
2024-03-01,Lithuania,2.298850574712656
2024-03-01,Luxembourg,-0.1107788872286604
2024-03-01,Latvia,0.9048581787787289
2024-03-01,Morocco,0.15616540108554727
2024-03-01,Mexico,4.263565891472863
2024-03-01,North Macedonia,-0.6752994511643051
2024-03-01,Malta,0.5479114521095076
2024-03-01,Netherlands,-0.9314393278979682
2024-03-01,Norway,-2.500000000000002
2024-03-01,New Zealand,1.1847038713392104
2024-03-01,Pakistan,NA
2024-03-01,Peru,2.3399181355193237
2024-03-01,Philippines,0
2024-03-01,Poland,0
2024-03-01,Portugal,-0.35073680307241656
2024-03-01,Romania,6.666666666666672
2024-03-01,Russian Federation,-3.883872514141279
2024-03-01,Saudi Arabia,NA
2024-03-01,Singapore,0
2024-03-01,Slovakia,0.1992031872510095
2024-03-01,Slovenia,0
2024-03-01,Sweden,8.098852977591218
2024-03-01,Thailand,-5.504587155963307
2024-03-01,Tunisia,-0.22917870105727312
2024-03-01,Turkey,1.1627906976744147
2024-03-01,"Taiwan, China",0
2024-03-01,Uruguay,4.761904761904765
2024-03-01,United States,0
2024-03-01,"Venezuela, RB",NA
2024-03-01,Viet Nam,NA
2024-03-01,South Africa,0.10927524486004458
2024-04-01,Argentina,0.42829747270520196
2024-04-01,Australia,4.439449189593753
2024-04-01,Austria,0.46984501893010056
2024-04-01,Belgium,-2.2615859253851305
2024-04-01,Bulgaria,0
2024-04-01,Bahrain,0
2024-04-01,Belarus,-5.307166671962809
2024-04-01,Brazil,-2.441312002958533
2024-04-01,Canada,1.6393442622950907
2024-04-01,Switzerland,1.6144040664957726
2024-04-01,Chile,-0.8043035363803395
2024-04-01,Colombia,-5.480675670594545
2024-04-01,Cyprus,-1.9607843137254832
2024-04-01,Czech Republic,-3.448275862068969
2024-04-01,Germany,-12.393774804173576
2024-04-01,Denmark,-1.4976574544579653
2024-04-01,Dominican Republic,3.43837249412072
2024-04-01,Ecuador,-8.803366870520165
2024-04-01,"Egypt, Arab Rep.",-1.724106380791436
2024-04-01,Spain,-0.8547008547008517
2024-04-01,Estonia,-5.194805194805199
2024-04-01,Finland,-0.4558927903440778
2024-04-01,France,-0.8785534475091527
2024-04-01,United Kingdom,0
2024-04-01,Greece,-1.6326437476647027
2024-04-01,"Hong Kong SAR, China",-0.7310268416412622
2024-04-01,Croatia,-3.448275862068969
2024-04-01,Hungary,-0.6734090909090918
2024-04-01,Ireland,4.761904761904765
2024-04-01,Iceland,-5.414856792207732
2024-04-01,Israel,3.030303030303033
2024-04-01,Italy,-4.5423849438893455
2024-04-01,Japan,2.5623164641527647
2024-04-01,"Korea, Rep.",0
2024-04-01,Sri Lanka,NA
2024-04-01,Lithuania,-4.494382022471914
2024-04-01,Luxembourg,1.32588283741601
2024-04-01,Latvia,-0.8193060515637208
2024-04-01,Morocco,0.37491250800458603
2024-04-01,Mexico,-1.1152416356877253
2024-04-01,North Macedonia,-1.91655900430312
2024-04-01,Malta,3.153119831849252
2024-04-01,Netherlands,1.6351482575095417
2024-04-01,Norway,5.1282051282051215
2024-04-01,New Zealand,1.2313894552454256
2024-04-01,Pakistan,NA
2024-04-01,Peru,9.299238390150835
2024-04-01,Philippines,-11.11111111111111
2024-04-01,Poland,-1.9607843137254832
2024-04-01,Portugal,-0.06561833928352541
2024-04-01,Romania,-3.1250000000000027
2024-04-01,Russian Federation,-1.7393137478464913
2024-04-01,Saudi Arabia,NA
2024-04-01,Singapore,-9.52380952380953
2024-04-01,Slovakia,-0.5964214711729672
2024-04-01,Slovenia,-2.1276595744680966
2024-04-01,Sweden,-0.7164318834985131
2024-04-01,Thailand,5.825242718446607
2024-04-01,Tunisia,1.3007194787315446
2024-04-01,Turkey,0
2024-04-01,"Taiwan, China",0
2024-04-01,Uruguay,0
2024-04-01,United States,0
2024-04-01,"Venezuela, RB",NA
2024-04-01,Viet Nam,NA
2024-04-01,South Africa,1.6549058472525227
2024-05-01,Argentina,-0.3669381675362285
2024-05-01,Australia,-0.9160196349707288
2024-05-01,Austria,0.26087665072347893
2024-05-01,Belgium,0.7769897145225866
2024-05-01,Bulgaria,-1.6363636363636338
2024-05-01,Bahrain,0
2024-05-01,Belarus,-0.6833617806951818
2024-05-01,Brazil,-3.32629919859079
2024-05-01,Canada,1.6129032258064457
2024-05-01,Switzerland,1.7622248163578584
2024-05-01,Chile,-2.325664166833122
2024-05-01,Colombia,-3.0965865263799164
2024-05-01,Cyprus,-5.9999999999999964
2024-05-01,Czech Republic,-3.5714285714285587
2024-05-01,Germany,18.02337831140813
2024-05-01,Denmark,1.8757267190108406
2024-05-01,Dominican Republic,1.0559364526570014
2024-05-01,Ecuador,-1.2435291145140406
2024-05-01,"Egypt, Arab Rep.",-0.362048818459219
2024-05-01,Spain,-0.8620689655172384
2024-05-01,Estonia,0
2024-05-01,Finland,-3.0316885774164435
2024-05-01,France,-0.15641135948231583
2024-05-01,United Kingdom,-4.545454545454549
2024-05-01,Greece,-2.0574723642229706
2024-05-01,"Hong Kong SAR, China",-1.146408916714938
2024-05-01,Croatia,-1.7857142857142794
2024-05-01,Hungary,0.5084924159739207
2024-05-01,Ireland,0
2024-05-01,Iceland,-27.62974987147466
2024-05-01,Israel,0
2024-05-01,Italy,-0.5476007067059201
2024-05-01,Japan,-2.053606847059104
2024-05-01,"Korea, Rep.",0
2024-05-01,Sri Lanka,NA
2024-05-01,Lithuania,1.17647058823529
2024-05-01,Luxembourg,1.465346081745728
2024-05-01,Latvia,-2.2012007138922667
2024-05-01,Morocco,-0.11409368590112419
2024-05-01,Mexico,0.3759398496240521
2024-05-01,North Macedonia,-0.6280713971150549
2024-05-01,Malta,-0.21551547118024453
2024-05-01,Netherlands,-3.405327425888575
2024-05-01,Norway,0
2024-05-01,New Zealand,1.3235806415857068
2024-05-01,Pakistan,NA
2024-05-01,Peru,-9.420983053798626
2024-05-01,Philippines,0
2024-05-01,Poland,1.9999999999999927
2024-05-01,Portugal,-0.46015925308494326
2024-05-01,Romania,3.2258064516129057
2024-05-01,Russian Federation,-1.583377791326885
2024-05-01,Saudi Arabia,NA
2024-05-01,Singapore,0
2024-05-01,Slovakia,0
2024-05-01,Slovenia,0
2024-05-01,Sweden,-4.745871561685571
2024-05-01,Thailand,-5.504587155963307
2024-05-01,Tunisia,0.07527494281461938
2024-05-01,Turkey,-3.4482758620689538
2024-05-01,"Taiwan, China",-0.5882352941176475
2024-05-01,Uruguay,-6.818181818181834
2024-05-01,United States,2.5641025641025665
2024-05-01,"Venezuela, RB",NA
2024-05-01,Viet Nam,NA
2024-05-01,South Africa,-0.2851717882786536
2024-06-01,Argentina,-1.2340959543690282
2024-06-01,Australia,1.695234451282384
2024-06-01,Austria,0.807150837087211
2024-06-01,Belgium,-0.4082144151248135
2024-06-01,Bulgaria,2.0332717190388063
2024-06-01,Bahrain,0
2024-06-01,Belarus,-1.2417346056875722
2024-06-01,Brazil,-0.7294936066659162
2024-06-01,Canada,1.5873015873015959
2024-06-01,Switzerland,2.859326286460136
2024-06-01,Chile,1.1098841489638955
2024-06-01,Colombia,0.9677232021274749
2024-06-01,Cyprus,2.1276595744680775
2024-06-01,Czech Republic,0
2024-06-01,Germany,-3.6910666682311724
2024-06-01,Denmark,-1.2082150517691148
2024-06-01,Dominican Republic,0.35515154956675876
2024-06-01,Ecuador,2.0241510253934383
2024-06-01,"Egypt, Arab Rep.",-0.2843741012178488
2024-06-01,Spain,0
2024-06-01,Estonia,0
2024-06-01,Finland,1.728399700581142
2024-06-01,France,0.15665638786829653
2024-06-01,United Kingdom,0
2024-06-01,Greece,-15.763352978096023
2024-06-01,"Hong Kong SAR, China",1.492823782064421
2024-06-01,Croatia,-1.818181818181812
2024-06-01,Hungary,1.0117941725992
2024-06-01,Ireland,0
2024-06-01,Iceland,16.04377262577583
2024-06-01,Israel,-8.823529411764701
2024-06-01,Italy,4.614915532720489
2024-06-01,Japan,-3.0548673380941724
2024-06-01,"Korea, Rep.",0
2024-06-01,Sri Lanka,NA
2024-06-01,Lithuania,3.4883720930232642
2024-06-01,Luxembourg,-0.5037338310040698
2024-06-01,Latvia,-1.48389383776449
2024-06-01,Morocco,0.9483266331322496
2024-06-01,Mexico,2.621722846441958
2024-06-01,North Macedonia,-0.5213278862021972
2024-06-01,Malta,-1.429330351432846
2024-06-01,Netherlands,2.366613026273852
2024-06-01,Norway,-2.439024390243894
2024-06-01,New Zealand,1.1832651171533464
2024-06-01,Pakistan,NA
2024-06-01,Peru,-12.100648033118288
2024-06-01,Philippines,0
2024-06-01,Poland,0
2024-06-01,Portugal,-0.463615815515772
2024-06-01,Romania,0
2024-06-01,Russian Federation,-2.443498903645057
2024-06-01,Saudi Arabia,NA
2024-06-01,Singapore,0
2024-06-01,Slovakia,0.39999999999999153
2024-06-01,Slovenia,2.1739130434782727
2024-06-01,Sweden,0.8998629573763572
2024-06-01,Thailand,-9.708737864077667
2024-06-01,Tunisia,-0.270426301236675
2024-06-01,Turkey,9.523809523809511
2024-06-01,"Taiwan, China",-0.29585798816567416
2024-06-01,Uruguay,-2.439024390243894
2024-06-01,United States,2.499999999999991
2024-06-01,"Venezuela, RB",NA
2024-06-01,Viet Nam,NA
2024-06-01,South Africa,-0.3626605231678549
2024-07-01,Argentina,-2.9136128048046968
2024-07-01,Australia,2.732508510535373
2024-07-01,Austria,0.6843171401767214
2024-07-01,Belgium,3.098950105663203
2024-07-01,Bulgaria,0.3623188405797185
2024-07-01,Bahrain,0
2024-07-01,Belarus,1.4516602957928206
2024-07-01,Brazil,-1.3139197009129477
2024-07-01,Canada,0
2024-07-01,Switzerland,1.8406259245865955
2024-07-01,Chile,2.4254741926797845
2024-07-01,Colombia,0.755552602585682
2024-07-01,Cyprus,2.0833333333333446
2024-07-01,Czech Republic,0
2024-07-01,Germany,3.457655497465125
2024-07-01,Denmark,-0.42877883731505556
2024-07-01,Dominican Republic,0.8920814190112718
2024-07-01,Ecuador,11.225273812999893
2024-07-01,"Egypt, Arab Rep.",0.4507164747910427
2024-07-01,Spain,0
2024-07-01,Estonia,1.3698630136986376
2024-07-01,Finland,0.009125438935433864
2024-07-01,France,1.3034326880737244
2024-07-01,United Kingdom,-2.380952380952394
2024-07-01,Greece,11.229141061782201
2024-07-01,"Hong Kong SAR, China",4.674994717039796
2024-07-01,Croatia,-1.8518518518518614
2024-07-01,Hungary,3.5058531177450134
2024-07-01,Ireland,4.545454545454529
2024-07-01,Iceland,-18.151313755696645
2024-07-01,Israel,-12.90322580645161
2024-07-01,Italy,-11.225773203075756
2024-07-01,Japan,7.071726071792519
2024-07-01,"Korea, Rep.",-7.142857142857134
2024-07-01,Sri Lanka,NA
2024-07-01,Lithuania,-2.2471910112359668
2024-07-01,Luxembourg,1.442398348437674
2024-07-01,Latvia,-0.7491203389230271
2024-07-01,Morocco,0.1889282734692578
2024-07-01,Mexico,-1.8248175182481847
2024-07-01,North Macedonia,-0.306378461835376
2024-07-01,Malta,-3.6222343915862343
2024-07-01,Netherlands,-2.508845582955831
2024-07-01,Norway,0
2024-07-01,New Zealand,1.404064026675345
2024-07-01,Pakistan,NA
2024-07-01,Peru,4.103822065317702
2024-07-01,Philippines,14.999999999999991
2024-07-01,Poland,0
2024-07-01,Portugal,-0.3750869253304739
2024-07-01,Romania,-3.1250000000000027
2024-07-01,Russian Federation,-0.5700639243163997
2024-07-01,Saudi Arabia,NA
2024-07-01,Singapore,0
2024-07-01,Slovakia,0.3984063745020013
2024-07-01,Slovenia,-2.1276595744680966
2024-07-01,Sweden,4.056639788450439
2024-07-01,Thailand,5.376344086021498
2024-07-01,Tunisia,-0.6841478898548639
2024-07-01,Turkey,-3.26086956521738
2024-07-01,"Taiwan, China",0
2024-07-01,Uruguay,3.750000000000009
2024-07-01,United States,2.4390243902439157
2024-07-01,"Venezuela, RB",NA
2024-07-01,Viet Nam,NA
2024-07-01,South Africa,-1.4843860123547064
2024-08-01,Argentina,-1.1454057936060138
2024-08-01,Australia,-1.8329097114678623
2024-08-01,Austria,0.9793705099348295
2024-08-01,Belgium,2.0332466453443807
2024-08-01,Bulgaria,-1.6245487364620912
2024-08-01,Bahrain,0
2024-08-01,Belarus,-0.6323907591003538
2024-08-01,Brazil,-2.233870925270219
2024-08-01,Canada,4.687499999999997
2024-08-01,Switzerland,1.9961570617420261
2024-08-01,Chile,1.6842336655623742
2024-08-01,Colombia,0.31091907639612965
2024-08-01,Cyprus,-2.040816326530623
2024-08-01,Czech Republic,0
2024-08-01,Germany,3.5869870290309613
2024-08-01,Denmark,0.7290915598076153
2024-08-01,Dominican Republic,-1.1766840433792085
2024-08-01,Ecuador,2.4712075087481638
2024-08-01,"Egypt, Arab Rep.",-0.3495539830724523
2024-08-01,Spain,-1.7391304347826024
2024-08-01,Estonia,0
2024-08-01,Finland,-0.3608081745851054
2024-08-01,France,0.15439887408744232
2024-08-01,United Kingdom,4.87804878048781
2024-08-01,Greece,2.8469369323349394
2024-08-01,"Hong Kong SAR, China",4.577052054009827
2024-08-01,Croatia,-3.7735849056603805
2024-08-01,Hungary,0.48386608610865767
2024-08-01,Ireland,-10.869565217391305
2024-08-01,Iceland,3.313854697015857
2024-08-01,Israel,-3.703703703703707
2024-08-01,Italy,-7.577972083656547
2024-08-01,Japan,-8.4004992458845
2024-08-01,"Korea, Rep.",-3.8461538461538494
2024-08-01,Sri Lanka,NA
2024-08-01,Lithuania,2.298850574712656
2024-08-01,Luxembourg,-0.2658890938227513
2024-08-01,Latvia,0.3959639600111296
2024-08-01,Morocco,0.22697666494837354
2024-08-01,Mexico,2.6022304832713696
2024-08-01,North Macedonia,-0.5698729582577177
2024-08-01,Malta,-1.9039300320459709
2024-08-01,Netherlands,0.5177815104839179
2024-08-01,Norway,0
2024-08-01,New Zealand,1.6346476248298534
2024-08-01,Pakistan,NA
2024-08-01,Peru,-3.4404453119986003
2024-08-01,Philippines,0
2024-08-01,Poland,0
2024-08-01,Portugal,0.11657862551717807
2024-08-01,Romania,0
2024-08-01,Russian Federation,-2.8067455459270656
2024-08-01,Saudi Arabia,NA
2024-08-01,Singapore,0
2024-08-01,Slovakia,-0.19841269841269418
2024-08-01,Slovenia,0
2024-08-01,Sweden,-2.0628347246749645
2024-08-01,Thailand,7.1428571428571495
2024-08-01,Tunisia,-0.07938520292372685
2024-08-01,Turkey,-3.37078651685394
2024-08-01,"Taiwan, China",0.2967359050445041
2024-08-01,Uruguay,0
2024-08-01,United States,0
2024-08-01,"Venezuela, RB",NA
2024-08-01,Viet Nam,NA
2024-08-01,South Africa,-0.38966824926855387
2024-09-01,Argentina,-0.41957767451935685
2024-09-01,Australia,-2.4941047991561804
2024-09-01,Austria,0.6272399543963529
2024-09-01,Belgium,1.5404029912754507
2024-09-01,Bulgaria,-0.5504587155963349
2024-09-01,Bahrain,0
2024-09-01,Belarus,-0.5215897774259706
2024-09-01,Brazil,-2.3598197687015725
2024-09-01,Canada,-1.4925373134328437
2024-09-01,Switzerland,2.103107743030155
2024-09-01,Chile,-0.7733824147881333
2024-09-01,Colombia,-4.049180762162473
2024-09-01,Cyprus,-2.083333333333326
2024-09-01,Czech Republic,3.7037037037036904
2024-09-01,Germany,-9.83171165913687
2024-09-01,Denmark,1.8268502829950621
2024-09-01,Dominican Republic,-2.1033815904030178
2024-09-01,Ecuador,-0.12917553707184445
2024-09-01,"Egypt, Arab Rep.",-0.5036499705767868
2024-09-01,Spain,-1.7699115044247882
2024-09-01,Estonia,0
2024-09-01,Finland,2.7843852414088084
2024-09-01,France,-0.15416085146849137
2024-09-01,United Kingdom,0
2024-09-01,Greece,-2.4888100477767683
2024-09-01,"Hong Kong SAR, China",-4.45559321002349
2024-09-01,Croatia,-1.9607843137254832
2024-09-01,Hungary,-0.48153609624654914
2024-09-01,Ireland,0
2024-09-01,Iceland,117.43850395406368
2024-09-01,Israel,3.8461538461538494
2024-09-01,Italy,-0.7979854337563979
2024-09-01,Japan,-1.4395810778323344
2024-09-01,"Korea, Rep.",0
2024-09-01,Sri Lanka,NA
2024-09-01,Lithuania,1.1235955056179736
2024-09-01,Luxembourg,-0.029369354688964573
2024-09-01,Latvia,-1.1091196254668996
2024-09-01,Morocco,-1.4894076877145357
2024-09-01,Mexico,-1.0869565217391235
2024-09-01,North Macedonia,-0.6966905576039257
2024-09-01,Malta,-0.37909916471806526
2024-09-01,Netherlands,-0.18613282890234983
2024-09-01,Norway,0
2024-09-01,New Zealand,2.0306772511154847
2024-09-01,Pakistan,NA
2024-09-01,Peru,-17.52663473368021
2024-09-01,Philippines,0
2024-09-01,Poland,0
2024-09-01,Portugal,0.6492415066561664
2024-09-01,Romania,3.2258064516129057
2024-09-01,Russian Federation,-1.919243982725936
2024-09-01,Saudi Arabia,NA
2024-09-01,Singapore,0
2024-09-01,Slovakia,-0.7952286282306169
2024-09-01,Slovenia,0
2024-09-01,Sweden,3.654860084992385
2024-09-01,Thailand,-12.380952380952381
2024-09-01,Tunisia,0.2872167853900397
2024-09-01,Turkey,1.1627906976744147
2024-09-01,"Taiwan, China",0.5917159763313614
2024-09-01,Uruguay,-4.819277108433739
2024-09-01,United States,-2.380952380952394
2024-09-01,"Venezuela, RB",NA
2024-09-01,Viet Nam,NA
2024-09-01,South Africa,-0.3217143797727839
2024-10-01,Argentina,2.859012316088425
2024-10-01,Australia,1.2222424017616018
2024-10-01,Austria,0.7327444439880331
2024-10-01,Belgium,0.19475650833494232
2024-10-01,Bulgaria,-1.4760147601476028
2024-10-01,Bahrain,0
2024-10-01,Belarus,-0.9960361247475125
2024-10-01,Brazil,-1.602111915199719
2024-10-01,Canada,0
2024-10-01,Switzerland,1.5757019231328118
2024-10-01,Chile,-0.1311749282456802
2024-10-01,Colombia,2.685153428135441
2024-10-01,Cyprus,0
2024-10-01,Czech Republic,-7.142857142857134
2024-10-01,Germany,1.8759266536123416
2024-10-01,Denmark,0.8638808152894261
2024-10-01,Dominican Republic,-5.386120474878498
2024-10-01,Ecuador,-5.898481010175133
2024-10-01,"Egypt, Arab Rep.",-1.620410387491637
2024-10-01,Spain,-1.8018018018017956
2024-10-01,Estonia,2.7027027027026933
2024-10-01,Finland,6.306632786726428
2024-10-01,France,-1.286661916074612
2024-10-01,United Kingdom,2.3255813953488498
2024-10-01,Greece,2.358324511434855
2024-10-01,"Hong Kong SAR, China",3.610638893644232
2024-10-01,Croatia,-4.0000000000000036
2024-10-01,Hungary,-2.7419368535378545
2024-10-01,Ireland,2.4390243902439157
2024-10-01,Iceland,-42.17305340652438
2024-10-01,Israel,-3.703703703703707
2024-10-01,Italy,-2.226011056337023
2024-10-01,Japan,-0.5223793552928652
2024-10-01,"Korea, Rep.",8.000000000000007
2024-10-01,Sri Lanka,NA
2024-10-01,Lithuania,-2.2222222222222143
2024-10-01,Luxembourg,0.6245362844795035
2024-10-01,Latvia,0.6796684119839868
2024-10-01,Morocco,-1.4683439240325624
2024-10-01,Mexico,-10.622710622710624
2024-10-01,North Macedonia,-2.160694781541008
2024-10-01,Malta,4.345215076534622
2024-10-01,Netherlands,-0.2325481958204816
2024-10-01,Norway,-2.500000000000002
2024-10-01,New Zealand,2.808769292502653
2024-10-01,Pakistan,NA
2024-10-01,Peru,26.722897036897987
2024-10-01,Philippines,-8.695652173913032
2024-10-01,Poland,0
2024-10-01,Portugal,1.8595979085333934
2024-10-01,Romania,0
2024-10-01,Russian Federation,-3.2546331152272048
2024-10-01,Saudi Arabia,NA
2024-10-01,Singapore,0
2024-10-01,Slovakia,-0.20040080160320214
2024-10-01,Slovenia,0
2024-10-01,Sweden,-0.6201104269062477
2024-10-01,Thailand,6.521739130434775
2024-10-01,Tunisia,NA
2024-10-01,Turkey,1.1494252873563382
2024-10-01,"Taiwan, China",-0.8823529411764649
2024-10-01,Uruguay,-5.06329113924051
2024-10-01,United States,0
2024-10-01,"Venezuela, RB",NA
2024-10-01,Viet Nam,NA
2024-10-01,South Africa,-0.6741409727730432
2024-11-01,Argentina,-1.426089354969373
2024-11-01,Australia,-5.376525401222433
2024-11-01,Austria,0.28026341376539077
2024-11-01,Belgium,0.05858221843357414
2024-11-01,Bulgaria,-1.1235955056179703
2024-11-01,Bahrain,0
2024-11-01,Belarus,-0.8403457870547445
2024-11-01,Brazil,-0.8100649148382174
2024-11-01,Canada,4.5454545454545565
2024-11-01,Switzerland,1.1066469383543573
2024-11-01,Chile,-1.3955481851730756
2024-11-01,Colombia,-5.982190248852524
2024-11-01,Cyprus,0
2024-11-01,Czech Republic,7.692307692307682
2024-11-01,Germany,1.342311543337094
2024-11-01,Denmark,-0.1834667314672781
2024-11-01,Dominican Republic,-2.168673769926059
2024-11-01,Ecuador,-4.263491515403879
2024-11-01,"Egypt, Arab Rep.",-0.5716076250634634
2024-11-01,Spain,-0.9174311926605472
2024-11-01,Estonia,0
2024-11-01,Finland,2.0334484392084526
2024-11-01,France,-0.15641135948231583
2024-11-01,United Kingdom,0
2024-11-01,Greece,-0.9817968105685918
2024-11-01,"Hong Kong SAR, China",0.6550158214371108
2024-11-01,Croatia,0
2024-11-01,Hungary,-1.4925446647354683
2024-11-01,Ireland,0
2024-11-01,Iceland,-9.235577447617066
2024-11-01,Israel,3.8461538461538494
2024-11-01,Italy,4.192605510899639
2024-11-01,Japan,3.2671225352999307
2024-11-01,"Korea, Rep.",0
2024-11-01,Sri Lanka,NA
2024-11-01,Lithuania,1.1363636363636322
2024-11-01,Luxembourg,0.8429579075849134
2024-11-01,Latvia,0.804508931547711
2024-11-01,Morocco,-0.5301800302377739
2024-11-01,Mexico,10.655737704918042
2024-11-01,North Macedonia,-1.2368408747812385
2024-11-01,Malta,-0.1981491049954853
2024-11-01,Netherlands,0.8420281339646788
2024-11-01,Norway,2.5641025641025665
2024-11-01,New Zealand,1.41364863540235
2024-11-01,Pakistan,NA
2024-11-01,Peru,-7.803493985565485
2024-11-01,Philippines,0
2024-11-01,Poland,0
2024-11-01,Portugal,0.2318917539372215
2024-11-01,Romania,3.124999999999989
2024-11-01,Russian Federation,-0.6300183214313912
2024-11-01,Saudi Arabia,NA
2024-11-01,Singapore,0
2024-11-01,Slovakia,-0.4016064257028205
2024-11-01,Slovenia,0
2024-11-01,Sweden,-2.0073273598922112
2024-11-01,Thailand,0
2024-11-01,Tunisia,NA
2024-11-01,Turkey,-3.409090909090917
2024-11-01,"Taiwan, China",0.2967359050445041
2024-11-01,Uruguay,0
2024-11-01,United States,2.4390243902439157
2024-11-01,"Venezuela, RB",NA
2024-11-01,Viet Nam,NA
2024-11-01,South Africa,0.034371696900168815
2024-12-01,Argentina,-4.193204687047049
2024-12-01,Australia,3.5449952984663184
2024-12-01,Austria,-3.053644804900577
2024-12-01,Belgium,0.2775372054770189
2024-12-01,Bulgaria,-0.7575757575757582
2024-12-01,Bahrain,0
2024-12-01,Belarus,-1.117986520381947
2024-12-01,Brazil,1.9124915131923226
2024-12-01,Canada,-2.898550724637684
2024-12-01,Switzerland,0.613138410752187
2024-12-01,Chile,0.5319245953774965
2024-12-01,Colombia,1.9770517394545046
2024-12-01,Cyprus,4.255319148936174
2024-12-01,Czech Republic,-3.5714285714285587
2024-12-01,Germany,-0.22929404417007127
2024-12-01,Denmark,0.3681827111353258
2024-12-01,Dominican Republic,-1.0323683917462851
2024-12-01,Ecuador,-4.577669439455254
2024-12-01,"Egypt, Arab Rep.",-0.4366521282783482
2024-12-01,Spain,0
2024-12-01,Estonia,0
2024-12-01,Finland,-5.614203934541939
2024-12-01,France,0.15665638786829653
2024-12-01,United Kingdom,0
2024-12-01,Greece,-3.3604766530665033
2024-12-01,"Hong Kong SAR, China",1.1622003197776676
2024-12-01,Croatia,-2.083333333333326
2024-12-01,Hungary,-1.5151590909091066
2024-12-01,Ireland,4.761904761904765
2024-12-01,Iceland,22.9479058170417
2024-12-01,Israel,0
2024-12-01,Italy,14.989496235248575
2024-12-01,Japan,-2.709510916766125
2024-12-01,"Korea, Rep.",37.03703703703704
2024-12-01,Sri Lanka,NA
2024-12-01,Lithuania,-2.2471910112359668
2024-12-01,Luxembourg,-0.025759278943965618
2024-12-01,Latvia,3.4611575791167275
2024-12-01,Morocco,0.18341049423703723
2024-12-01,Mexico,-3.703703703703707
2024-12-01,North Macedonia,-0.3760456868455877
2024-12-01,Malta,-1.6173208450975463
2024-12-01,Netherlands,2.960369918054945
2024-12-01,Norway,-2.500000000000002
2024-12-01,New Zealand,0.3821247033544306
2024-12-01,Pakistan,NA
2024-12-01,Peru,-6.560121322589861
2024-12-01,Philippines,0
2024-12-01,Poland,0
2024-12-01,Portugal,-0.6461299271641798
2024-12-01,Romania,0
2024-12-01,Russian Federation,-4.8833265892894735
2024-12-01,Saudi Arabia,NA
2024-12-01,Singapore,0
2024-12-01,Slovakia,-0.40322580645160433
2024-12-01,Slovenia,0
2024-12-01,Sweden,1.7523540484034927
2024-12-01,Thailand,-5.102040816326523
2024-12-01,Tunisia,NA
2024-12-01,Turkey,-1.17647058823529
2024-12-01,"Taiwan, China",0
2024-12-01,Uruguay,5.3333333333333375
2024-12-01,United States,-2.380952380952394
2024-12-01,"Venezuela, RB",NA
2024-12-01,Viet Nam,NA
2024-12-01,South Africa,0.20245567372299453
2025-01-01,Argentina,NA
2025-01-01,Australia,0.22022707112025305
2025-01-01,Austria,1.7509007604138582
2025-01-01,Belgium,-0.738429574218912
2025-01-01,Bulgaria,2.2900763358778646
2025-01-01,Bahrain,NA
2025-01-01,Belarus,-4.02841348400087
2025-01-01,Brazil,0.35918600528864403
2025-01-01,Canada,-1.4925373134328437
2025-01-01,Switzerland,0.34786006253756657
2025-01-01,Chile,-1.28423953495987
2025-01-01,Colombia,-0.8109472424677737
2025-01-01,Cyprus,2.0408163265306047
2025-01-01,Czech Republic,-11.11111111111112
2025-01-01,Germany,3.5920097127499626
2025-01-01,Denmark,-2.4396406399702424
2025-01-01,Dominican Republic,-0.33818514499905294
2025-01-01,Ecuador,-7.222545815605998
2025-01-01,"Egypt, Arab Rep.",0.17516609440401446
2025-01-01,Spain,0
2025-01-01,Estonia,9.210526315789489
2025-01-01,Finland,2.4801616650905873
2025-01-01,France,0.4692340784469725
2025-01-01,United Kingdom,0
2025-01-01,Greece,-8.621387347075247
2025-01-01,"Hong Kong SAR, China",-0.40685956803954615
2025-01-01,Croatia,-2.1276595744680966
2025-01-01,Hungary,-1.5384462721881673
2025-01-01,Ireland,2.2727272727272645
2025-01-01,Iceland,23.489644242055586
2025-01-01,Israel,0
2025-01-01,Italy,-4.307719443526816
2025-01-01,Japan,-0.35928491900120435
2025-01-01,"Korea, Rep.",-21.621621621621628
2025-01-01,Sri Lanka,NA
2025-01-01,Lithuania,1.1494252873563382
2025-01-01,Luxembourg,0.25027077990558894
2025-01-01,Latvia,9.17023187640462
2025-01-01,Morocco,-1.5671559263338317
2025-01-01,Mexico,0.3846153846153764
2025-01-01,North Macedonia,NA
2025-01-01,Malta,NA
2025-01-01,Netherlands,2.1039428289141635
2025-01-01,Norway,2.5641025641025665
2025-01-01,New Zealand,-3.329216067200649
2025-01-01,Pakistan,NA
2025-01-01,Peru,10.035522779394167
2025-01-01,Philippines,2.3809523809523725
2025-01-01,Poland,0
2025-01-01,Portugal,-2.5645132223407123
2025-01-01,Romania,0
2025-01-01,Russian Federation,5.5172802244224295
2025-01-01,Saudi Arabia,NA
2025-01-01,Singapore,10.526315789473696
2025-01-01,Slovakia,0.40485829959513303
2025-01-01,Slovenia,-2.173913043478253
2025-01-01,Sweden,16.853266883938105
2025-01-01,Thailand,-7.526881720430113
2025-01-01,Tunisia,NA
2025-01-01,Turkey,0
2025-01-01,"Taiwan, China",-0.29585798816567416
2025-01-01,Uruguay,2.531645569620244
2025-01-01,United States,-2.439024390243894
2025-01-01,"Venezuela, RB",NA
2025-01-01,Viet Nam,NA
2025-01-01,South Africa,1.0184951083286558
