Country,country_region_code,year_month,rt_rc_mob,groc_pha_mob,parks_mob,transit_mob,work_mob,resid_mob,abs_sum
Afghanistan,AF,2020-02-01,-1.2,5.1,0.8666666666666667,4.966666666666667,2.6,0.8,25.466666666666665
Afghanistan,AF,2020-03-01,-10.741935483870968,-1.3064516129032258,-3.306451612903226,-9.064516129032258,-7.161290322580645,3.693548387096774,59.95161290322581
Afghanistan,AF,2020-04-01,-50.25,-32.233333333333334,-29,-46.18333333333333,-40.56666666666667,16.166666666666668,214.4
Afghanistan,AF,2020-05-01,-44.083333333333336,-20.11111111111111,-30,-41.333333333333336,-32.97222222222222,16.416666666666668,185.63888888888889
Afghanistan,AF,2020-07-01,-8.827586206896552,18.96551724137931,-2.4827586206896552,-8.620689655172415,-15.568965517241379,6.379310344827586,63.5
Afghanistan,AF,2020-08-01,-8.0625,11.65625,3.6041666666666665,-4.566666666666666,-18.177419354838708,3.3225806451612905,78.84375
Afghanistan,AF,2020-09-01,36.5,47.175,17.42,-0.4745762711864407,-2.816666666666667,3.033333333333333,118.775
Afghanistan,AF,2020-10-01,32.483870967741936,49.75806451612903,7.274193548387097,2.693548387096774,-2.838709677419355,3.435483870967742,111.06451612903226
Afghanistan,AF,2020-11-01,29.416666666666668,49.86666666666667,4.95,1.2,0.16666666666666666,2.7,104.86666666666666
Afghanistan,AF,2020-12-01,29.951612903225808,52.29032258064516,17.016129032258064,9.258064516129032,1.6935483870967742,5.67741935483871,120.2741935483871
Afghanistan,AF,2021-01-01,23.451612903225808,38.483870967741936,9.14516129032258,-3.032258064516129,0.1774193548387097,4.596774193548387,92.53225806451613
Afghanistan,AF,2021-02-01,21.053571428571427,40.607142857142854,6.196428571428571,-9.446428571428571,-5.232142857142857,2.3035714285714284,91.26785714285714
Afghanistan,AF,2021-03-01,34.25806451612903,64.25806451612904,12.35483870967742,2.870967741935484,-3.403225806451613,-0.3387096774193548,135.80645161290323
Afghanistan,AF,2021-04-01,27.766666666666666,65.3,13.9,7.15,1.35,3.8333333333333335,139.63333333333333
Afghanistan,AF,2021-05-01,45.17741935483871,88.56451612903226,30.306451612903224,15.741935483870968,-1.3387096774193548,0.8064516129032258,202.25806451612902
Afghanistan,AF,2021-06-01,39.9,77.38333333333334,29.783333333333335,-0.35,-2.4,0.35,168.8
Afghanistan,AF,2021-07-01,46.016129032258064,83.01612903225806,36.806451612903224,1.8548387096774193,-9.129032258064516,-0.12903225806451613,197.17741935483872
Afghanistan,AF,2021-08-01,40.725806451612904,79.62903225806451,37.03225806451613,11.435483870967742,-19.129032258064516,2.7903225806451615,203.7741935483871
Afghanistan,AF,2021-09-01,25.2,68.56666666666666,20.25,-20.133333333333333,-21.966666666666665,4.166666666666667,160.38333333333333
Afghanistan,AF,2021-10-01,28.64516129032258,75.41935483870968,19.032258064516128,-16.612903225806452,-18.951612903225808,2.4516129032258065,161.82258064516128
Afghanistan,AF,2021-11-01,30.85,81.31666666666666,18.083333333333332,-16.95,-15.616666666666667,3.033333333333333,166.08333333333334
Afghanistan,AF,2021-12-01,28.274193548387096,75.83870967741936,18.806451612903224,-20.548387096774192,-7.096774193548387,2.9838709677419355,154.48387096774192
Afghanistan,AF,2022-01-01,33.145161290322584,82.64516129032258,27.419354838709676,-17.70967741935484,0.45161290322580644,3.9516129032258065,170.6451612903226
Afghanistan,AF,2022-02-01,39.92857142857143,95.625,39.982142857142854,-11.017857142857142,5.25,3.6785714285714284,200.23214285714286
Afghanistan,AF,2022-03-01,69.56451612903226,147.93548387096774,99.45161290322581,20.516129032258064,15.32258064516129,7.645161290322581,363.7903225806452
Afghanistan,AF,2022-04-01,56.483333333333334,146.78333333333333,91.98333333333333,18.016666666666666,19.083333333333332,14.2,350.5833333333333
Afghanistan,AF,2022-05-01,66.25806451612904,149.29032258064515,104.66129032258064,10.935483870967742,8.64516129032258,7.258064516129032,367.2741935483871
Afghanistan,AF,2022-06-01,73.61666666666666,159.56666666666666,106.53333333333333,14.25,27.9,7.95,390.48333333333335
Afghanistan,AF,2022-07-01,68.51612903225806,153.19354838709677,115.2258064516129,14.258064516129032,14.370967741935484,9.774193548387096,393.4032258064516
Afghanistan,AF,2022-08-01,77.20967741935483,171.2741935483871,116.35483870967742,14.903225806451612,23,11.903225806451612,422.93548387096774
Afghanistan,AF,2022-09-01,80.05,166.58333333333334,111.43333333333334,14.816666666666666,31.483333333333334,9.35,414.01666666666665
Afghanistan,AF,2022-10-01,80.43333333333334,163.9,110.86666666666666,15.6,30.6,9.066666666666666,410.73333333333335
Angola,AO,2020-02-01,-3.7,-2.967741935483871,-1.1333333333333333,-5.733333333333333,-6.819444444444445,1.8,38.733333333333334
Angola,AO,2020-03-01,-14.65079365079365,-4.2835820895522385,-9.241935483870968,-23.78787878787879,-4.722972972972973,6.741935483870968,92.04838709677419
Angola,AO,2020-04-01,-54.56716417910448,-34.11392405063291,-46.833333333333336,-61.69230769230769,-37.43225806451613,26.383333333333333,270.03333333333336
Angola,AO,2020-05-01,-36.507936507936506,-18.13888888888889,-32.41935483870968,-52.421875,-14.198675496688741,19.983870967741936,182.90322580645162
Angola,AO,2020-06-01,-17.883333333333333,-3.619047619047619,-18.166666666666668,-43.016666666666666,-2.236842105263158,13.966666666666667,113.23333333333333
Angola,AO,2020-07-01,-20.080645161290324,-4.619047619047619,-19.822580645161292,-41.693548387096776,-3.1858974358974357,14.32258064516129,120.6774193548387
Angola,AO,2020-08-01,-15.887096774193548,-2.5806451612903225,-13.71875,-37.375,-5.330097087378641,12.14516129032258,98.78125
Angola,AO,2020-09-01,-11.666666666666666,-3.6666666666666665,11.4,-26.170731707317074,-13.40495867768595,11.266666666666667,92.875
Angola,AO,2020-10-01,-15.241935483870968,-0.9206349206349206,20.419354838709676,-20.758064516129032,-10.265822784810126,8.516129032258064,86.04838709677419
Angola,AO,2020-11-01,-15.5,-2.7301587301587302,16.866666666666667,-21.737704918032787,-12.258278145695364,8.45,89.93333333333334
Angola,AO,2020-12-01,-7.650793650793651,8.507936507936508,34.693548387096776,-4.523809523809524,-11.813664596273291,6.403225806451613,94.8225806451613
Angola,AO,2021-01-01,-16.761904761904763,-9.223880597014926,17.338709677419356,-15.88888888888889,-12.735483870967743,5.225806451612903,85.14516129032258
Angola,AO,2021-02-01,-9.071428571428571,-2.967741935483871,19.5,-20.339285714285715,-25.21527777777778,0.19642857142857142,85.19642857142857
Angola,AO,2021-03-01,1.4838709677419355,8.742424242424242,20.35483870967742,-19.129032258064516,-20.746913580246915,-1.8064516129032258,82.1774193548387
Angola,AO,2021-04-01,5.266666666666667,14.262295081967213,22.25,-17.333333333333332,-11.698717948717949,-1.6666666666666667,84.18333333333334
Angola,AO,2021-05-01,13.096774193548388,26.93548387096774,32.5,-15.596774193548388,-5.612903225806452,-0.22580645161290322,102.53225806451613
Angola,AO,2021-06-01,24.316666666666666,34.85,47.53333333333333,-17.533333333333335,0.0784313725490196,-2.7,138.01666666666668
Angola,AO,2021-07-01,34.53225806451613,42.693548387096776,54.516129032258064,-14.048387096774194,-1.4113924050632911,-3.8225806451612905,168.1451612903226
Angola,AO,2021-08-01,39.37096774193548,47.225806451612904,62.62903225806452,-3.4516129032258065,-1.1320754716981132,-4.306451612903226,180.1451612903226
Angola,AO,2021-09-01,42.8,47.88333333333333,70.85,19.266666666666666,-1.0263157894736843,-5.05,194.98333333333332
Angola,AO,2021-10-01,51.67741935483871,52.38709677419355,79.46774193548387,10.64516129032258,10.255172413793103,-6.870967741935484,228.83870967741936
Angola,AO,2021-11-01,54.583333333333336,52.18333333333333,88.6,29.85,2.014388489208633,-6.233333333333333,256.9166666666667
Angola,AO,2021-12-01,55.04838709677419,56.698412698412696,86.61290322580645,30.806451612903224,6.725352112676056,-3.8870967741935485,265.4032258064516
Angola,AO,2022-01-01,42.37096774193548,41.79365079365079,82.96774193548387,16.661290322580644,11.727272727272727,1.4516129032258065,215.11290322580646
Angola,AO,2022-02-01,61.69642857142857,57.982142857142854,113.57142857142857,29.75,25.514018691588785,-0.75,301.2142857142857
Angola,AO,2022-03-01,77.48387096774194,67.64516129032258,140.41935483870967,38.88709677419355,34.225,6.451612903225806,385.83870967741933
Angola,AO,2022-04-01,90.78333333333333,81.08333333333333,160.66666666666666,70.23333333333333,46.54054054054054,6.616666666666666,462
Angola,AO,2022-05-01,97.75806451612904,89.66129032258064,168.5,75.40322580645162,61.908256880733944,4.709677419354839,494.5
Angola,AO,2022-06-01,101.75,96.36666666666666,172.85,85.9,67.11650485436893,5.483333333333333,525.4333333333333
Angola,AO,2022-07-01,106.40322580645162,96.62903225806451,178.7741935483871,90.5,62.398148148148145,6.467741935483871,539.3870967741935
Angola,AO,2022-08-01,110.3225806451613,104.30645161290323,197.25806451612902,90.93548387096774,53.81578947368421,9.225806451612904,571.1451612903226
Angola,AO,2022-09-01,105.96666666666667,98.08333333333333,196.32203389830508,83.3,61.3,6.283333333333333,555.0169491525423
Angola,AO,2022-10-01,117.8,104.23333333333333,214.82142857142858,94.86666666666666,73.17307692307692,3.8333333333333335,612.7142857142857
Antigua and Barbuda,AG,2020-02-01,-1.8,0.9666666666666667,1.8666666666666667,-0.46511627906976744,0.21875,1.3478260869565217,16.91304347826087
Antigua and Barbuda,AG,2020-03-01,-13.580645161290322,-0.0967741935483871,-9.112903225806452,-16.897727272727273,-17.30952380952381,7.2272727272727275,68.43181818181819
Antigua and Barbuda,AG,2020-04-01,-67.25,-48.55,-51.583333333333336,-74.3855421686747,-69.0873786407767,26.4,254.2
Antigua and Barbuda,AG,2020-05-01,-38.41935483870968,-24.758064516129032,-21.451612903225808,-61.853932584269664,-44.8252427184466,25.4,209.65
Antigua and Barbuda,AG,2020-06-01,-29.75,-19.583333333333332,-10.6,-51.093023255813954,-32.91346153846154,17.97142857142857,151.5142857142857
Antigua and Barbuda,AG,2020-07-01,-25.870967741935484,-17.774193548387096,-10,-50.146067415730336,-33.7037037037037,16.973684210526315,139.71052631578948
Antigua and Barbuda,AG,2020-08-01,-23.3125,-15.875,-7.34375,-48.733333333333334,-36.698412698412696,13.108108108108109,121.4375
Antigua and Barbuda,AG,2020-09-01,-10.9,-8.175,51.425,-44.69491525423729,-29.86842105263158,7.638297872340425,146.41935483870967
Antigua and Barbuda,AG,2020-10-01,-9.790322580645162,-3.774193548387097,58.83870967741935,-42.7752808988764,-27.952830188679247,5.896551724137931,142.18965517241378
Antigua and Barbuda,AG,2020-11-01,-11.15,-6.366666666666666,64.98333333333333,-43.27058823529412,-29.215686274509803,6.2727272727272725,154.83636363636364
Antigua and Barbuda,AG,2020-12-01,-0.5483870967741935,4.67741935483871,81.45161290322581,-36.168539325842694,-33.861111111111114,4.9655172413793105,177.56896551724137
Antigua and Barbuda,AG,2021-01-01,-11.274193548387096,-6.290322580645161,63.53225806451613,-38.36363636363637,-26.475728155339805,1,141.42105263157896
Antigua and Barbuda,AG,2021-02-01,-29.446428571428573,-13.285714285714286,46.57142857142857,-52.5,-42.083333333333336,4.096153846153846,182.53846153846155
Antigua and Barbuda,AG,2021-03-01,-24.516129032258064,-5.370967741935484,54.66129032258065,-49.955555555555556,-41.25925925925926,1.4137931034482758,172.89655172413794
Antigua and Barbuda,AG,2021-04-01,-13.233333333333333,4.566666666666666,67.36666666666666,-44.36046511627907,-33.125,-3.892857142857143,165.44642857142858
Antigua and Barbuda,AG,2021-05-01,-1.5,12.225806451612904,78.03225806451613,-40.15909090909091,-26.623762376237625,-7.298245614035087,165.49122807017545
Antigua and Barbuda,AG,2021-06-01,9.1,9.5,79.5,-34.08139534883721,-19.49,-8.892857142857142,153.16071428571428
Antigua and Barbuda,AG,2021-07-01,16.43548387096774,10.516129032258064,83.2741935483871,-25.325842696629213,-22.259615384615383,-9.568965517241379,163.31034482758622
Antigua and Barbuda,AG,2021-08-01,12.048387096774194,8.935483870967742,79.48387096774194,-32.18181818181818,-29.104761904761904,-6.2105263157894735,175.859649122807
Antigua and Barbuda,AG,2021-09-01,2.816666666666667,8.666666666666666,66.58333333333333,-37.395348837209305,-29.576923076923077,-1.4821428571428572,144.82142857142858
Antigua and Barbuda,AG,2021-10-01,12.129032258064516,14.274193548387096,74.29032258064517,-34.34090909090909,-21.326923076923077,-4.894736842105263,155.7719298245614
Antigua and Barbuda,AG,2021-11-01,25.083333333333332,18.9,85.6,-27.093023255813954,-13.818181818181818,-8.339285714285714,177.69642857142858
Antigua and Barbuda,AG,2021-12-01,41.306451612903224,24.741935483870968,96.8225806451613,-18.65909090909091,-19.864583333333332,-5.862068965517241,217.17241379310346
Antigua and Barbuda,AG,2022-01-01,27.70967741935484,18.419354838709676,77.25806451612904,-19.318181818181817,-9.579545454545455,-1.4385964912280702,155.21052631578948
Antigua and Barbuda,AG,2022-02-01,37.089285714285715,24.196428571428573,82.66071428571429,-15.875,1.523076923076923,-3.7884615384615383,167.1346153846154
Antigua and Barbuda,AG,2022-03-01,38.32258064516129,25.806451612903224,127.98387096774194,-15.39080459770115,4.782608695652174,3.0517241379310347,218.29310344827587
Antigua and Barbuda,AG,2022-04-01,37.166666666666664,27.983333333333334,127.15,-15.372093023255815,-6.302631578947368,5.75,228.94642857142858
Antigua and Barbuda,AG,2022-05-01,37.46774193548387,32.145161290322584,118.33870967741936,-16.896551724137932,-4.115384615384615,5.894736842105263,215.6140350877193
Antigua and Barbuda,AG,2022-06-01,38.63333333333333,35.25,114.88333333333334,-15.186046511627907,-9.670588235294117,7.339285714285714,221.55357142857142
Antigua and Barbuda,AG,2022-07-01,45.564516129032256,39.032786885245905,114.08064516129032,-10.258823529411766,-13.21505376344086,7,228.75438596491227
Antigua and Barbuda,AG,2022-08-01,39.79032258064516,39.62903225806452,112.53225806451613,-8.402298850574713,-19.75257731958763,11.017241379310345,231.63793103448276
Antigua and Barbuda,AG,2022-09-01,35,41.32203389830509,104,-18.13953488372093,-14.445652173913043,7.963636363636364,224.56363636363636
Antigua and Barbuda,AG,2022-10-01,41.266666666666666,45.41379310344828,107.43333333333334,-21,-1.9487179487179487,5.142857142857143,228
Argentina,AR,2020-02-01,-1.6067833698030634,-1.8082412523020257,-1.3511872879842886,-0.4380559085133418,0.5445755173080642,0.6480129764801298,61.819505094614264
Argentina,AR,2020-03-01,-36.108129003755245,-18.807141206378553,-40.99639750461295,-34.045790003354576,-19.815176151761516,10.349386910917417,189.7904015670911
Argentina,AR,2020-04-01,-79.75093383137673,-37.483776158006116,-77.55094848139318,-70.69964028776978,-44.19198293485024,24.38681948424069,347.57088122605364
Argentina,AR,2020-05-01,-71.41191285732276,-24.65333483551149,-84.6176636887934,-62.409142486626685,-26.52070847124072,19.31810115350488,299.22500500901623
Argentina,AR,2020-06-01,-60.90876275827732,-15.31646005509642,-79.93115532444043,-57.33457852850414,-13.127604166666666,16.098577524893315,261.0338949454906
Argentina,AR,2020-07-01,-55.726408367007366,-13.5527950310559,-76.91518046709129,-58.40587492103601,-13.002569722621116,15.663957012951226,254.20038204393506
Argentina,AR,2020-08-01,-52.035162409334596,-13.147445941711062,-73.64246703077129,-56.18951871657754,-12.707438894792775,14.806217761048377,238.26725663716815
Argentina,AR,2020-09-01,-50.07619728377412,-16.11302570093458,-70.89355875699488,-58.2669508729192,-15.341328948641067,14.175417175417175,233.2141181988743
Argentina,AR,2020-10-01,-45.37263134006581,-9.156369785794814,-67.93367012816914,-55.232554417413574,-11.746802106847253,12.697341278936511,217.95439971499823
Argentina,AR,2020-11-01,-39.58433523987394,-7.732478833490123,-62.28217821782178,-52.923642903858735,-8.245760725169962,10.17061050638902,193.93453355155484
Argentina,AR,2020-12-01,-28.57447998210691,4.68621236133122,-55.03641127574991,-42.77672136175433,-7.050848736325915,6.435007302550275,174.11956149366222
Argentina,AR,2021-01-01,-36.15460055096419,-10.53691503861881,-53.924315190323725,-44.253429820594,-15.463173765548436,6.507431968900069,177.28793574846208
Argentina,AR,2021-02-01,-29.263579049466536,-2.22190345515779,-49.58131386861314,-37.74228008679686,-12.072149470347819,3.432342007434944,150.98709315375982
Argentina,AR,2021-03-01,-26.523386034255598,4.465699505173189,-50.8339812687754,-33.18326693227092,-2.249811661895435,2.95453537369705,144.7109174782163
Argentina,AR,2021-04-01,-31.046934650797215,4.093505887839571,-52.818698673404924,-36.99237126509854,-2.942274778279135,5.74206211753839,163.45300950369588
Argentina,AR,2021-05-01,-36.45080698651338,3.056668183887119,-57.514466938917366,-43.20578577013292,-9.132720006032727,10.11689497716895,190.321675900277
Argentina,AR,2021-06-01,-27.17941982640475,10.774633123689727,-52.847616543988785,-38.807115507338864,-3.2790806388780678,8.818426283175494,171.3109895925207
Argentina,AR,2021-07-01,-12.17554347826087,21.144597338145726,-38.38767812238056,-26.8648401826484,-0.2977081915135009,5.639340585398677,140.22419627749576
Argentina,AR,2021-08-01,-6.105548919535237,24.167600320109752,-30.574735952682722,-20.73989860193578,12.328341013824884,3.1409544950055492,140.24744550408718
Argentina,AR,2021-09-01,-2.263169743358847,25.48076923076923,-27.416871704745166,-14.917749603803486,22.047314578005114,1.2141245487364623,142.01384264937795
Argentina,AR,2021-10-01,5.296525515743757,30.69386347965985,-19.38961590754589,-6.6667697063369395,22.393099151024224,-0.33031624863685927,145.67116732182532
Argentina,AR,2021-11-01,8.234795387745875,31.42680193464669,-16.333894103063574,-2.738335738335738,26.99026392018024,-1.152929382936066,149.73817925194072
Argentina,AR,2021-12-01,15.970992198659488,40.63804945054945,-10.622412747899888,0.9675853429376764,15.092197489024109,-1.2264636500107227,160.06670122688786
Argentina,AR,2022-01-01,2.191147754393578,29.005270998052023,-13.762306368330465,-8.704745710310712,-3.6584940033399116,5.336695808114772,113.11126350077147
Argentina,AR,2022-02-01,15.32880368842514,36.250189441778225,-6.6105455243949285,3.0233928261999656,14.6254688032731,1.5793737153911256,125.75854782942758
Argentina,AR,2022-03-01,7.512753717572995,33.6126832594613,-12.655565142364107,-1.5517776742741811,31.135772485114384,2.719429198682766,147.83502669192353
Argentina,AR,2022-04-01,8.178120460386635,35.87759924385633,-12.01754542215889,1.990289690888493,41.118821603927984,2.62688098495212,164.47736625514403
Argentina,AR,2022-05-01,5.971066319895969,34.19787209436799,-17.715195867412827,-0.6940087829360103,43.42857142857143,3.61488960390547,181.2756644085461
Argentina,AR,2022-06-01,9.563906390639064,39.641927083333336,-17.83681485449027,-0.2718367346938774,45.81380667377224,4.075665790376043,182.63703437106352
Argentina,AR,2022-07-01,16.93412254740765,42.83865371269951,-10.047511508729263,4.331906121154456,33.63601230380945,4.891916134095751,172.6937773882559
Argentina,AR,2022-08-01,18.965108551174126,45.209131581966275,-5.681682734443471,7.486819258089976,52.11632180234881,4.551544679437493,195.6902841108383
Argentina,AR,2022-09-01,18.646094283762242,44.98133490844654,-4.7572290784614,7.3936239427456085,52.91190851081462,2.7329319550153355,189.84105720492397
Argentina,AR,2022-10-01,23.638551455420583,48.4791617051679,0.7341795104261107,4.760120441619271,40.088903523213695,2.870879120879121,195.14354243542437
Aruba,AW,2020-02-01,1,-1.6,8.066666666666666,6.333333333333333,-9.6,1.6666666666666667,44.93333333333333
Aruba,AW,2020-03-01,-31.483870967741936,-8.64516129032258,-21.70967741935484,-28.806451612903224,-25.806451612903224,12.517241379310345,133.3448275862069
Aruba,AW,2020-04-01,-68.66666666666667,-35.9,-51.06666666666667,-70.56666666666666,-64.86666666666666,29.85,294.2
Aruba,AW,2020-05-01,-47.16129032258065,-16.806451612903224,-24.93548387096774,-55.225806451612904,-42.354838709677416,20.44,199.68
Aruba,AW,2020-06-01,-28.866666666666667,-6.566666666666666,-15.866666666666667,-47.833333333333336,-23.133333333333333,11.862068965517242,134.68965517241378
Aruba,AW,2020-07-01,-21,-4.612903225806452,-4.967741935483871,-39,-24.387096774193548,9.64516129032258,108.83870967741936
Aruba,AW,2020-08-01,-30.25,-5.75,-9.5,-40.9375,-26.814814814814813,12.633333333333333,129.06666666666666
Aruba,AW,2020-09-01,-27.45,-8.8,-0.2,-56.75,-21.464285714285715,11.321428571428571,130.77777777777777
Aruba,AW,2020-10-01,-21.419354838709676,-5.096774193548387,12.35483870967742,-53.54838709677419,-16.225806451612904,8.225806451612904,120.16129032258064
Aruba,AW,2020-11-01,-15.566666666666666,-3.933333333333333,19.966666666666665,-51.03333333333333,-9.466666666666667,4.7,106.86666666666666
Aruba,AW,2020-12-01,-2.3548387096774195,5.516129032258065,46.58064516129032,-43.38709677419355,-18.29032258064516,2.774193548387097,133.74193548387098
Aruba,AW,2021-01-01,-20.35483870967742,-11.709677419354838,27.870967741935484,-50.096774193548384,-17.774193548387096,3.967741935483871,133.25806451612902
Aruba,AW,2021-02-01,-15.071428571428571,-5.5,32.82142857142857,-51.607142857142854,-12.642857142857142,-4.678571428571429,124.96428571428571
Aruba,AW,2021-03-01,-10.225806451612904,-2.6129032258064515,37.70967741935484,-50.58064516129032,-12.064516129032258,-6.516129032258065,123.90322580645162
Aruba,AW,2021-04-01,-8.333333333333334,-5.633333333333334,38.36666666666667,-47.666666666666664,-15.866666666666667,-4.466666666666667,134.4
Aruba,AW,2021-05-01,2.6129032258064515,1.935483870967742,46.354838709677416,-40.193548387096776,-7.064516129032258,-6.967741935483871,118.2258064516129
Aruba,AW,2021-06-01,8.266666666666667,5.966666666666667,58.2,-33.7,-6.133333333333334,-7.633333333333334,121.23333333333333
Aruba,AW,2021-07-01,13.774193548387096,6.774193548387097,69.51612903225806,-30.70967741935484,-11.580645161290322,-7.32258064516129,140
Aruba,AW,2021-08-01,6.612903225806452,7.290322580645161,58.806451612903224,-32.12903225806452,-11.709677419354838,-4.096774193548387,121.41935483870968
Aruba,AW,2021-09-01,6.1,10.366666666666667,51.7,-33.3,-4.266666666666667,-7.833333333333333,113.9
Aruba,AW,2021-10-01,10.483870967741936,12.870967741935484,53.54838709677419,-30.870967741935484,-3.032258064516129,-7.67741935483871,120.03225806451613
Aruba,AW,2021-11-01,17.6,16.633333333333333,60.03333333333333,-26.466666666666665,1.1333333333333333,-8.766666666666667,131.43333333333334
Aruba,AW,2021-12-01,27.70967741935484,24.806451612903224,69.25806451612904,-24.903225806451612,-9.419354838709678,-6.903225806451613,172.67741935483872
Aruba,AW,2022-01-01,7.032258064516129,6.741935483870968,37.806451612903224,-35.54838709677419,-10.741935483870968,0.9032258064516129,110.70967741935483
Aruba,AW,2022-02-01,18.392857142857142,16.142857142857142,38.07142857142857,-28.928571428571427,3.107142857142857,-3.7142857142857144,115.14285714285714
Aruba,AW,2022-03-01,16.806451612903224,18.93548387096774,55.03225806451613,-27.258064516129032,3.161290322580645,0.25806451612903225,128.3548387096774
Aruba,AW,2022-04-01,12.933333333333334,16.7,52.06666666666667,-28.233333333333334,-5.033333333333333,2.6666666666666665,131.96666666666667
Aruba,AW,2022-05-01,19.93548387096774,18.29032258064516,50.806451612903224,-22.612903225806452,-1.935483870967742,2.2580645161290325,127.45161290322581
Aruba,AW,2022-06-01,17.033333333333335,20.766666666666666,44.56666666666667,-24.2,0.1,3.2666666666666666,115.73333333333333
Aruba,AW,2022-07-01,21.677419354838708,20.70967741935484,52.064516129032256,-24.032258064516128,-4.096774193548387,2.7419354838709675,128.48387096774192
Aruba,AW,2022-08-01,21.838709677419356,20.93548387096774,57.96774193548387,-22.741935483870968,-3.225806451612903,3.7419354838709675,133.41935483870967
Aruba,AW,2022-09-01,18.8,20.833333333333332,50.86666666666667,-26.166666666666668,2.533333333333333,1.0666666666666667,121.06666666666666
Aruba,AW,2022-10-01,18.066666666666666,19.4,47.06666666666667,-28,-1.2,1.9333333333333333,120.2
Australia,AU,2020-02-01,0.21216661672160622,2.3527717782577393,0.2559421288322425,9.035065483734686,12.033563362609787,-1.470432480141218,56.074053757542515
Australia,AU,2020-03-01,-12.77633328408923,9.165060452076398,-12.54560448622794,-14.155577689243028,-1.8911764705882352,4.750835747715623,96.23570658036678
Australia,AU,2020-04-01,-40.9593521258371,-12.62906956057641,-32.914261744966446,-51.908276959808994,-37.251355206847364,18.530239099859354,190.60490045941808
Australia,AU,2020-05-01,-24.934034560480843,0.1098025632144094,-22.603166829905323,-39.2805544709098,-21.2152868082647,13.41162109375,139.004469273743
Australia,AU,2020-06-01,-11.442704295239572,1.6069767441860465,-13.056884181756065,-30.494920763917108,-11.520324189526185,9.274105662165363,104.09159663865546
Australia,AU,2020-07-01,-8.407980941036332,0.5084395452979675,-10.372340425531915,-31.023205506391346,-13.240124023886082,9.529612756264237,113.83031613077547
Australia,AU,2020-08-01,-17.884946677604592,-5.332457983193278,-14.987390029325512,-38.75351103468042,-15.537797721781153,9.826597744360901,133.18440779610194
Australia,AU,2020-09-01,-12.776375282592314,-3.4799144283337293,-1.6162444113263783,-35.474799689842335,-13.622863247863249,8.238136511375949,124.04806565064479
Australia,AU,2020-10-01,-9.234609720176731,0.7158078602620087,-4.254046911133135,-31.868897637795275,-9.884308048639259,6.8160631050555756,113.75164193626854
Australia,AU,2020-11-01,-4.6169626454378445,3.7353210170111577,-7.84860421305018,-30.411394971613948,-4.95134288811273,4.724567602752464,93.87584650112866
Australia,AU,2020-12-01,1.268915087300403,8.415787623066104,-5.490658138360545,-30.77847480886101,-16.792002765614196,5.155154091392136,116.39676015473887
Australia,AU,2021-01-01,-7.3460064839375185,-1.0376420454545454,-0.5816960537363558,-36.923751950078,-18.495444989488437,6.879544619904517,114.75230024213074
Australia,AU,2021-02-01,-8.618223383409536,-0.34332109027643537,-12.511831088460138,-31.769446240034476,-5.331279681683994,4.615323698277569,95.87453679195342
Australia,AU,2021-03-01,-3.672923440733077,3.3864945035770373,-13.956586578293289,-24.807264206209723,-2.6839312492790404,3.2786798446876104,86.6857962697274
Australia,AU,2021-04-01,-2.962602614776528,2.863373145132103,-5.098776223776224,-25.650719643219137,-12.542271969516552,4.450543378154356,101.9244055068836
Australia,AU,2021-05-01,-2.02813981042654,7.8411806043569925,-13.554512516469037,-23.973015560370296,-1.3830933146001638,3.6266521817852615,92.94344660194174
Australia,AU,2021-06-01,-4.872085889570552,8.2641169042035,-18.23831223628692,-36.091730228823764,-5.428503222726188,6.502756339581037,119.86296296296297
Australia,AU,2021-07-01,-12.499032594136033,5.9207487753673895,-20.44247355573637,-47.80715667311412,-12.75544485634847,10.8695258776692,154.4676760394136
Australia,AU,2021-08-01,-17.032021547209336,4.473509354782305,-18.54692556634304,-50.18817309575093,-12.288169046789736,12.1668785182495,168.3584447144593
Australia,AU,2021-09-01,-13.30680418719212,7.478729133010232,-7.893474910087344,-49.21434294871795,-14.592217991432651,11.815068493150685,166.3994469582705
Australia,AU,2021-10-01,-6.004905604281254,10.263478260869565,-6.066798941798942,-44.739376218323585,-10.540081919251024,8.589298758217677,145.38529196188614
Australia,AU,2021-11-01,3.9494097807757167,12.839353099730458,-12.459293394777266,-36.762318255250406,-3.818855299318915,4.5867813987550345,113.74351944167498
Australia,AU,2021-12-01,6.819061801935964,17.010621626327705,-2.383082897180483,-38.76579563182527,-16.204220479704798,5.3351044987601846,137.874210781933
Australia,AU,2022-01-01,-4.9769264901641765,8.80546792849632,-1.2265350510289443,-47.23672994963193,-21.907925407925408,9.759622501850481,141.17127607957303
Australia,AU,2022-02-01,-1.9050343249427917,8.355636503067485,-8.352156432748538,-38.42761884276189,-5.197841726618705,5.311919351650523,107.79075942644715
Australia,AU,2022-03-01,-4.777368498600265,4.058996032430567,-15.526534686408251,-37.5062184220754,-4.4287361623616235,4.902900601344181,108.75447387258411
Australia,AU,2022-04-01,-1.537608266220939,4.7989931679252065,-8.292874607055536,-35.378164877455944,-14.285285285285285,5.488801791713326,121.32479276563677
Australia,AU,2022-05-01,-0.48642667453526106,8.298886569241475,-18.060671185319887,-31.58123524783635,-1.1370789136262967,4.181932697498651,105.60769603097773
Australia,AU,2022-06-01,-0.9620291616038882,7.40114306126094,-19.098740211099763,-31.304848484848485,-2.6852227929757495,4.555106539309332,109.05697299975229
Australia,AU,2022-07-01,-0.6955562095350206,7.254125412541254,-21.72015047432123,-32.896876841484975,-5.573450292397661,5.5161762017912634,113.85311143270623
Australia,AU,2022-08-01,1.2224845087046325,8.706271777003485,-16.05776959142666,-27.552848722986248,1.1114450867052024,5.296841731724627,105.9082148879788
Australia,AU,2022-09-01,4.592948717948718,9.144140905823148,-11.203351370221679,-27.252494400325798,-3.793952432174017,3.843922144693353,105.6541447533183
Australia,AU,2022-10-01,3.357404021937843,8.401586157173757,-8.607180202161032,-26.99019607843137,-4.973811833171678,3.6119683853970646,102.33635448136958
Austria,AT,2020-02-01,5.86468085106383,6.093576526566217,19.93884297520661,3.555918367346939,-1.4394717534849597,0.4281716417910448,56.359756097560975
Austria,AT,2020-03-01,-44.91277387350145,-13.47014331210191,-27.69624060150376,-35.83359073359073,-29.21955462769659,11.738143289606459,187.2549019607843
Austria,AT,2020-04-01,-67.64587782998719,-24.06274980015987,-26.478048780487804,-52.56761006289308,-48.71646017699115,18.554748603351957,264.9826388888889
Austria,AT,2020-05-01,-32.85803497085762,-10.874161735700197,-7.485318107667211,-33.448738170347006,-29.99301187980433,9.267241379310345,181.02941176470588
Austria,AT,2020-06-01,-12.216333622936578,-9.478364430329496,25.42669172932331,-15.986901350798199,-20.933101045296166,3.7901234567901234,153.04265402843603
Austria,AT,2020-07-01,1.4220374220374221,-1.1557251908396946,86.33798283261802,-3.5340000000000003,-22.162558294470355,1.7355408388520972,164.81134401972872
Austria,AT,2020-08-01,0.185375240538807,-4.518955873213176,109.06930693069307,-2.9205823957643946,-28.694767441860463,1.9425882352941177,201.8615751789976
Austria,AT,2020-09-01,-5.422023476802683,-6.620745542949757,49.33621933621934,-3.60580204778157,-19.303172737955347,0.5153239929947461,141.1421143847487
Austria,AT,2020-10-01,-17.567556634304207,-10.37683965917893,-5.23135593220339,-16.201272871917265,-17.673884077281812,3.9083269671504968,135.817993795243
Austria,AT,2020-11-01,-52.16357504215851,-15.170265780730897,-19.669679539852094,-39.1318108974359,-30.807402330363264,11.771880064829821,211.21243523316062
Austria,AT,2020-12-01,-49.17054263565891,-9.0030935808198,-28.24216300940439,-40.589506172839506,-39.82327586206897,13.456505003849115,225.81957773512477
Austria,AT,2021-01-01,-66.41359773371104,-22.98189134808853,-30.24770642201835,-46.5881441301821,-38.236973116495186,14.387212073073869,250.8230174081238
Austria,AT,2021-02-01,-45.306873614190685,-8.093980077955825,-18.585172109443953,-34.14340918849292,-27.57453073242547,9.363013698630137,190.8781558726674
Austria,AT,2021-03-01,-37.34415584415584,-0.2984615384615384,-16.99099836333879,-27.30532866588876,-24.289272666888078,8.1185921958684,176.48987854251013
Austria,AT,2021-04-01,-41.490736928777274,-0.05075939248601116,-8.10553633217993,-26.95193861066236,-25.639546858908343,8.735736925515056,181.92102454642475
Austria,AT,2021-05-01,-24.854812398042416,4.873462911543038,6.497431506849315,-15.497197758206566,-21.253333333333334,5.771117166212534,168.17057569296375
Austria,AT,2021-06-01,-5.633191489361702,12.088375796178344,54.67001003009027,-0.7805183946488294,-13.500171880371262,0.8604199066874028,148.34037558685446
Austria,AT,2021-07-01,6.242048740190004,15.668206312548113,82.2360248447205,7.204971475142624,-19.30426098535286,0.5899280575539568,166.29028436018956
Austria,AT,2021-08-01,12.469741853575963,16.402385685884692,102.76774193548387,9.503265306122449,-23.817455029980014,1.866412213740458,194.05977584059775
Austria,AT,2021-09-01,7.490094745908699,12.644568690095847,72.94432989690722,6.365577889447236,-15.987972508591065,0.20350194552529183,147.86966824644549
Austria,AT,2021-10-01,-4.63684858432499,5.131401349741961,21.475652173913044,-12.83193612774451,-19.087246087246086,2.4103755323267517,119.65572033898304
Austria,AT,2021-11-01,-26.989491382934006,6.428400478659753,-17.918896321070235,-24.616592831252518,-22.480960548885076,7.261593341260404,154.34504132231405
Austria,AT,2021-12-01,-31.03371242891958,11.419992251065478,-10.067851373182553,-27.09743788819876,-31.888631090487237,9.785495011511896,172.04146100691017
Austria,AT,2022-01-01,-23.177142857142858,1.9139311449159329,-1.475957620211899,-24.50331901600937,-24.224625623960065,8.75638506876228,128.36680327868854
Austria,AT,2022-02-01,-11.064032697547685,9.053866203301476,4.412093023255814,-19.583405358686257,-17.651342405296063,6.4022108843537415,92.97968397291196
Austria,AT,2022-03-01,-10.54117165096272,8.45868725868726,9.303056768558951,-13.573165947430365,-14.60777150448356,5.126851500189898,90.18572927597062
Austria,AT,2022-04-01,-10.52808046940486,6.951658010387535,4.236889692585895,-9.518898931799507,-16.906776745786033,3.413697545526524,117.1701199563795
Austria,AT,2022-05-01,-2.4241034195162636,9.260159362549802,27.263940520446095,0.06852075775896806,-13.686646686646686,0.6203597397627248,128.51739618406285
Austria,AT,2022-06-01,-0.2094709897610921,11.365746298519408,70.71188222923239,9.613199665831244,-15.09212787899622,0.6024143302180686,160.14797136038186
Austria,AT,2022-07-01,4.984329896907217,17.483730158730157,96.1886195995785,17.2785802723896,-17.4983344437042,1.38135593220339,178.04358353510895
Austria,AT,2022-08-01,8.848206839032526,17.367521367521366,116.17917133258679,19.614663951120164,-24.32712765957447,3.5658242172764996,209.12610340479193
Austria,AT,2022-09-01,1.910059676044331,16.987595038015208,51.0460593654043,12.937578550481776,-14.995529573590096,1.3479109722764544,133.29988193624558
Austria,AT,2022-10-01,-1.8676844783715012,15.659217877094973,35.19449901768173,6.339225589225589,-10.213645761543763,1.6239113222486143,113.85483870967742
Bahrain,BH,2020-02-01,-7.066666666666666,-0.4666666666666667,-11.2,-5.266666666666667,3.2666666666666666,1.6666666666666667,31.6
Bahrain,BH,2020-03-01,-26.225806451612904,-9,-26.612903225806452,-22.741935483870968,-9.451612903225806,8.774193548387096,103.25806451612904
Bahrain,BH,2020-04-01,-41.166666666666664,-15.833333333333334,-40.733333333333334,-35.86666666666667,-24.4,16.6,174.6
Bahrain,BH,2020-05-01,-37.54838709677419,-14.64516129032258,-35.03225806451613,-33.41935483870968,-26.580645161290324,18.741935483870968,165.96774193548387
Bahrain,BH,2020-06-01,-29.7,-10.5,-27.3,-27.133333333333333,-18.866666666666667,14.8,128.3
Bahrain,BH,2020-07-01,-26.483870967741936,-9.903225806451612,-28.903225806451612,-25.580645161290324,-20.032258064516128,13.709677419354838,125
Bahrain,BH,2020-08-01,-27.419354838709676,-11.516129032258064,-26.741935483870968,-26.838709677419356,-25.774193548387096,13.32258064516129,131.61290322580646
Bahrain,BH,2020-09-01,-26.333333333333332,-13.033333333333333,-25.933333333333334,-20.033333333333335,-20,11.033333333333333,116.36666666666666
Bahrain,BH,2020-10-01,-24.806451612903224,-9.96774193548387,-22.322580645161292,-15.870967741935484,-18.580645161290324,10.161290322580646,101.70967741935483
Bahrain,BH,2020-11-01,-20.966666666666665,-9.433333333333334,-20.6,-20.5,-16.633333333333333,8.966666666666667,97.1
Bahrain,BH,2020-12-01,-18.483870967741936,-5.483870967741935,-23.70967741935484,-16.64516129032258,-18.225806451612904,8.451612903225806,92.03225806451613
Bahrain,BH,2021-01-01,-22.129032258064516,-10.67741935483871,-33.096774193548384,-16.548387096774192,-18.838709677419356,6.903225806451613,108.19354838709677
Bahrain,BH,2021-02-01,-22.607142857142858,-10.214285714285714,-34.5,-18.321428571428573,-20.785714285714285,6.607142857142857,113.03571428571429
Bahrain,BH,2021-03-01,-16.258064516129032,-4.161290322580645,-31.580645161290324,-10.67741935483871,-17.483870967741936,5.225806451612903,85.64516129032258
Bahrain,BH,2021-04-01,-16.8,0.03333333333333333,-32.166666666666664,-8.466666666666667,-15.766666666666667,7.633333333333334,83.6
Bahrain,BH,2021-05-01,-14.193548387096774,3.4193548387096775,-29.193548387096776,-7.193548387096774,-21.451612903225808,10.193548387096774,87.38709677419355
Bahrain,BH,2021-06-01,-23.633333333333333,1.6,-29.966666666666665,-12.133333333333333,-18,11.033333333333333,97.36666666666666
Bahrain,BH,2021-07-01,-6.354838709677419,5.967741935483871,-29.129032258064516,10.451612903225806,-15.387096774193548,7.161290322580645,76.12903225806451
Bahrain,BH,2021-08-01,-7.258064516129032,3.7419354838709675,-31.548387096774192,6.645161290322581,-13.774193548387096,6.645161290322581,71.16129032258064
Bahrain,BH,2021-09-01,-4.5,6.3,-29.266666666666666,8.833333333333334,-6.133333333333334,4.266666666666667,59.36666666666667
Bahrain,BH,2021-10-01,-1.8064516129032258,7.225806451612903,-20.516129032258064,9.064516129032258,-3.903225806451613,3.870967741935484,47.483870967741936
Bahrain,BH,2021-11-01,1.7666666666666666,11,-12.333333333333334,11.933333333333334,-1.4666666666666666,2.8333333333333335,41.8
Bahrain,BH,2021-12-01,5.354838709677419,14.193548387096774,-10.03225806451613,5,-3.870967741935484,4.064516129032258,46.38709677419355
Bahrain,BH,2022-01-01,-1.6774193548387097,10.161290322580646,-21.870967741935484,-1.8387096774193548,-4.290322580645161,7.67741935483871,50.29032258064516
Bahrain,BH,2022-02-01,-2.5714285714285716,8.857142857142858,-19.75,1.1428571428571428,-1.6785714285714286,8.321428571428571,46.464285714285715
Bahrain,BH,2022-03-01,0.5483870967741935,10.129032258064516,-18.096774193548388,17.741935483870968,4.032258064516129,6.161290322580645,58.25806451612903
Bahrain,BH,2022-04-01,-7.333333333333333,10.3,-21.766666666666666,14.966666666666667,0.8333333333333334,10,66.73333333333333
Bahrain,BH,2022-05-01,1.7741935483870968,11.35483870967742,-13.483870967741936,18.225806451612904,-4.129032258064516,7.258064516129032,69.64516129032258
Bahrain,BH,2022-06-01,0.9333333333333333,11.066666666666666,-20.933333333333334,19.266666666666666,4,5.833333333333333,63.166666666666664
Bahrain,BH,2022-07-01,-0.7741935483870968,7.645161290322581,-24.70967741935484,20.93548387096774,-7.612903225806452,8.387096774193548,75.48387096774194
Bahrain,BH,2022-08-01,-2.3225806451612905,8.451612903225806,-27.548387096774192,19.612903225806452,-2.7419354838709675,9.258064516129032,74.58064516129032
Bahrain,BH,2022-09-01,1.3,14.833333333333334,-24.233333333333334,22.033333333333335,3.8,6.166666666666667,73.9
Bahrain,BH,2022-10-01,3.1333333333333333,14.266666666666667,-19.133333333333333,24.666666666666668,3.3333333333333335,6.4,77.46666666666667
Bangladesh,BD,2020-02-01,2.533333333333333,3.8,7.466666666666667,4.2,6.8,0.8,25.733333333333334
Bangladesh,BD,2020-03-01,-18.580645161290324,-7.580645161290323,-6.354838709677419,-15.67741935483871,-9.67741935483871,7.258064516129032,97.38709677419355
Bangladesh,BD,2020-04-01,-72.7,-52,-33.6,-69.7,-55.666666666666664,24.2,307.8666666666667
Bangladesh,BD,2020-05-01,-60.03225806451613,-37.83870967741935,-29.612903225806452,-56.12903225806452,-38.67741935483871,18.548387096774192,240.83870967741936
Bangladesh,BD,2020-06-01,-45.333333333333336,-25.566666666666666,-24.7,-40.86666666666667,-21.133333333333333,14.033333333333333,171.63333333333333
Bangladesh,BD,2020-07-01,-29.35483870967742,-10.709677419354838,-16.838709677419356,-28.70967741935484,-13.612903225806452,11.387096774193548,115.45161290322581
Bangladesh,BD,2020-08-01,-23.903225806451612,-4.032258064516129,-1.7096774193548387,-20.419354838709676,-17.838709677419356,9,81.6774193548387
Bangladesh,BD,2020-09-01,-16.233333333333334,2.2,-1.2,-10.3,-6.1,9.333333333333334,48.3
Bangladesh,BD,2020-10-01,-10.741935483870968,11.548387096774194,0.06451612903225806,0.2903225806451613,-2.5483870967741935,8.161290322580646,43.483870967741936
Bangladesh,BD,2020-11-01,-5.533333333333333,15.633333333333333,6.133333333333334,6.4,4.3,8.133333333333333,46.333333333333336
Bangladesh,BD,2020-12-01,-2.4838709677419355,23.193548387096776,16.612903225806452,13.935483870967742,6.516129032258065,8.387096774193548,73.96774193548387
Bangladesh,BD,2021-01-01,-1.1612903225806452,22.516129032258064,14.419354838709678,12.290322580645162,7.516129032258065,6.741935483870968,66.38709677419355
Bangladesh,BD,2021-02-01,8.464285714285714,34.964285714285715,17.785714285714285,21.428571428571427,8.321428571428571,4.75,98
Bangladesh,BD,2021-03-01,12.64516129032258,43.096774193548384,17.580645161290324,26.903225806451612,11.96774193548387,5.548387096774194,121.6774193548387
Bangladesh,BD,2021-04-01,-18.733333333333334,21.8,-11.333333333333334,-11.433333333333334,-0.5333333333333333,14.633333333333333,114.4
Bangladesh,BD,2021-05-01,10.451612903225806,48.61290322580645,17.419354838709676,16.419354838709676,3.096774193548387,9.258064516129032,125
Bangladesh,BD,2021-06-01,19.5,52.4,23.133333333333333,28.366666666666667,17.066666666666666,7.133333333333334,148.33333333333334
Bangladesh,BD,2021-07-01,-10.32258064516129,33.935483870967744,14.516129032258064,-4.483870967741935,-12.387096774193548,14.225806451612904,143.3548387096774
Bangladesh,BD,2021-08-01,17.387096774193548,53.935483870967744,28.483870967741936,27.322580645161292,10.35483870967742,8.451612903225806,156.25806451612902
Bangladesh,BD,2021-09-01,37.96666666666667,69.26666666666667,39.46666666666667,50.43333333333333,23.033333333333335,5.033333333333333,225.2
Bangladesh,BD,2021-10-01,43.483870967741936,75.12903225806451,46.096774193548384,59.096774193548384,27.387096774193548,4.548387096774194,256.64516129032256
Bangladesh,BD,2021-11-01,49.7,83.16666666666667,50.8,66.76666666666667,34.13333333333333,4.6,289.1666666666667
Bangladesh,BD,2021-12-01,55.064516129032256,87.61290322580645,58.45161290322581,76.03225806451613,41.12903225806452,3.5483870967741935,322.8709677419355
Bangladesh,BD,2022-01-01,51.67741935483871,86.83870967741936,55.25806451612903,72.58064516129032,50.67741935483871,4.774193548387097,321.80645161290323
Bangladesh,BD,2022-02-01,55.892857142857146,91.92857142857143,67.42857142857143,75.67857142857143,52,5.142857142857143,348.85714285714283
Bangladesh,BD,2022-03-01,54.064516129032256,89.48387096774194,105.96774193548387,83.74193548387096,61.16129032258065,6.774193548387097,401.19354838709677
Bangladesh,BD,2022-04-01,44.86666666666667,81.4,88.4,66.16666666666667,65.33333333333333,10.533333333333333,356.7
Bangladesh,BD,2022-05-01,47.935483870967744,85.35483870967742,120.3225806451613,75.45161290322581,41.225806451612904,8.064516129032258,389.258064516129
Bangladesh,BD,2022-06-01,46.13333333333333,79.86666666666666,98.76666666666667,74.23333333333333,66.76666666666667,8.566666666666666,374.3333333333333
Bangladesh,BD,2022-07-01,48.935483870967744,89.06451612903226,124.12903225806451,79.48387096774194,47.45161290322581,8.451612903225806,405.96774193548384
Bangladesh,BD,2022-08-01,50.193548387096776,83.70967741935483,109.64516129032258,73.87096774193549,64.06451612903226,10.548387096774194,392.03225806451616
Bangladesh,BD,2022-09-01,49.9,84.33333333333333,103.2,70.86666666666666,69.96666666666667,9.333333333333334,387.6
Bangladesh,BD,2022-10-01,51.266666666666666,87.13333333333334,116.6,73.93333333333334,55.266666666666666,7.933333333333334,392.1333333333333
Barbados,BB,2020-02-01,2.034090909090909,2.9518072289156625,6.866666666666666,1.488888888888889,1.4077669902912622,0.22857142857142856,25.92
Barbados,BB,2020-03-01,-16.892307692307693,-2.9411764705882355,-13.206521739130435,-19.989247311827956,-14.540178571428571,5.873239436619718,79
Barbados,BB,2020-04-01,-77.56603773584905,-59.742574257425744,-67.42553191489361,-82.57777777777778,-72.71264367816092,30.26923076923077,378.61538461538464
Barbados,BB,2020-05-01,-57.604166666666664,-38.895833333333336,-40.76767676767677,-66.96774193548387,-49.56692913385827,21.88,269.26
Barbados,BB,2020-06-01,-33.47826086956522,-22.988888888888887,-21.440860215053764,-56.36666666666667,-35.28260869565217,16.718309859154928,183.67924528301887
Barbados,BB,2020-07-01,-22.292929292929294,-16.19148936170213,-10.86021505376344,-50.215053763440864,-29.467248908296945,13.207792207792208,141.8148148148148
Barbados,BB,2020-08-01,-22.323076923076922,-18.866666666666667,-5.3125,-47.125,-31.942446043165468,11.169014084507042,134.72
Barbados,BB,2020-09-01,-15.58904109589041,-16.057971014492754,11.466666666666667,-36.31666666666667,-24.147435897435898,8.792207792207792,102.38888888888889
Barbados,BB,2020-10-01,-21.494949494949495,-17.311827956989248,19.397849462365592,-38.98924731182796,-21.04954954954955,8.326086956521738,114.1774193548387
Barbados,BB,2020-11-01,-17.42391304347826,-15.722222222222221,28.263736263736263,-38.68888888888889,-19.080952380952382,6.602150537634409,108.35483870967742
Barbados,BB,2020-12-01,-3.1894736842105265,-4.311827956989247,39.207317073170735,-33.03225806451613,-24.422907488986784,4.5,113.59677419354838
Barbados,BB,2021-01-01,-40.10679611650485,-29.301075268817204,3.032258064516129,-53.333333333333336,-42.43568464730291,13.409090909090908,197.5
Barbados,BB,2021-02-01,-75.9010989010989,-54.10843373493976,-31.61904761904762,-75.20481927710843,-65.72,20.458333333333332,341.77358490566036
Barbados,BB,2021-03-01,-42.14563106796116,-29.892473118279568,3.6021505376344085,-58.97849462365591,-41.77327935222672,5.557894736842106,201.11290322580646
Barbados,BB,2021-04-01,-35.6530612244898,-29.58888888888889,0.967032967032967,-59.111111111111114,-43.64957264957265,6.242105263157895,202.75
Barbados,BB,2021-05-01,-8.821052631578947,-12.13978494623656,25.118279569892472,-46.26881720430107,-27.037037037037038,-2.8796296296296298,128.80645161290323
Barbados,BB,2021-06-01,-1.1,-1.9555555555555555,27.7125,-37.53333333333333,-18.934272300469484,-6.277777777777778,99.23333333333333
Barbados,BB,2021-07-01,-0.3229166666666667,-0.08602150537634409,25.44047619047619,-37.043010752688176,-24.05909090909091,-6.018018018018018,114.93650793650794
Barbados,BB,2021-08-01,3.74468085106383,-3.9894736842105263,34,-33.11827956989247,-25.5158371040724,-3.759259259259259,109.09677419354838
Barbados,BB,2021-09-01,-0.4835164835164835,2.422222222222222,25.333333333333332,-33.17777777777778,-22.685446009389672,-1.9537037037037037,93.1
Barbados,BB,2021-10-01,-0.07446808510638298,-0.6021505376344086,21.29032258064516,-33.516129032258064,-21.046728971962615,0.08256880733944955,93.96774193548387
Barbados,BB,2021-11-01,11.033333333333333,3.4725274725274726,36.770114942528735,-21.177777777777777,-20.972093023255812,-1.1682242990654206,96.06666666666666
Barbados,BB,2021-12-01,30.0531914893617,17.97872340425532,43.10843373493976,-10.526881720430108,-18.963800904977376,-2.8828828828828827,136.25806451612902
Barbados,BB,2022-01-01,9.297872340425531,4.673684210526316,31.956521739130434,-14.526881720430108,-17.037037037037038,1.7407407407407407,86.8225806451613
Barbados,BB,2022-02-01,16.88095238095238,13.297619047619047,29.654761904761905,-9.452380952380953,-9.209183673469388,0.77,74.67857142857143
Barbados,BB,2022-03-01,22.13978494623656,15.881720430107526,46.56,-1.4516129032258065,0.7318181818181818,2.2037037037037037,82.56451612903226
Barbados,BB,2022-04-01,14.978021978021978,8.688172043010752,41.76315789473684,-12.644444444444444,-11.004651162790697,5.122448979591836,109.11666666666666
Barbados,BB,2022-05-01,20.623655913978496,14.01063829787234,45.701298701298704,-13.387096774193548,-1.885321100917431,3.5576923076923075,94.80327868852459
Barbados,BB,2022-06-01,21.955555555555556,14.648351648351648,42.48,-12.9,-0.48598130841121495,3.8217821782178216,97.2
Barbados,BB,2022-07-01,28.677419354838708,20.870967741935484,48.67088607594937,-10.516129032258064,-1.6854460093896713,4.303030303030303,105.61290322580645
Barbados,BB,2022-08-01,24.70967741935484,15.648936170212766,45.78666666666667,-13.46236559139785,-12.428571428571429,7.48936170212766,115.75806451612904
Barbados,BB,2022-09-01,28.42222222222222,19.955555555555556,46.5921052631579,-9.677777777777777,-3.193396226415094,3.37,98.46666666666667
Barbados,BB,2022-10-01,28.333333333333332,21.355555555555554,46.2,-3.8444444444444446,3.1262135922330097,2.019607843137255,93.73333333333333
Belarus,BY,2020-02-01,4.533333333333333,5.266666666666667,8.4,5.733333333333333,5.466666666666667,-0.6666666666666666,30.6
Belarus,BY,2020-03-01,-2.129032258064516,6.258064516129032,11.838709677419354,-1.096774193548387,1.6451612903225807,0.5161290322580645,39.67741935483871
Belarus,BY,2020-04-01,-24.9,-4.7,11.5,-24.5,-21.866666666666667,6.833333333333333,103.23333333333333
Belarus,BY,2020-05-01,-16.838709677419356,-1.2903225806451613,25.35483870967742,-18.129032258064516,-17.548387096774192,3.4838709677419355,88.90322580645162
Belarus,BY,2020-06-01,-5.9,6.3,61.833333333333336,-7.5,-17.833333333333332,-1.2333333333333334,106.6
Belarus,BY,2020-07-01,-1.935483870967742,7.290322580645161,71,-6,-23.967741935483872,-2.4838709677419355,119.70967741935483
Belarus,BY,2020-08-01,-9.548387096774194,0.3225806451612903,52.70967741935484,-11.096774193548388,-26.032258064516128,-5.645161290322581,126.7741935483871
Belarus,BY,2020-09-01,-10.433333333333334,3.533333333333333,32.1,-0.3333333333333333,-13.833333333333334,-4.366666666666666,69.13333333333334
Belarus,BY,2020-10-01,-17.096774193548388,1.7741935483870968,-0.16129032258064516,-2.3548387096774195,-9.806451612903226,-1.967741935483871,45.29032258064516
Belarus,BY,2020-11-01,-24.233333333333334,-2.8,-20.2,-14.366666666666667,-17.1,2.066666666666667,82.23333333333333
Belarus,BY,2020-12-01,-20.838709677419356,1.1612903225806452,-19.419354838709676,-14.774193548387096,-19.741935483870968,3.4838709677419355,85.87096774193549
Belarus,BY,2021-01-01,-31.096774193548388,-10.870967741935484,-19.096774193548388,-24.096774193548388,-27.516129032258064,3.5161290322580645,120.83870967741936
Belarus,BY,2021-02-01,-27.964285714285715,-7.464285714285714,-27,-17.25,-18.571428571428573,0.6428571428571429,100.17857142857143
Belarus,BY,2021-03-01,-20.774193548387096,0.6451612903225806,-16.451612903225808,-9.806451612903226,-17.580645161290324,-1.4193548387096775,72.41935483870968
Belarus,BY,2021-04-01,-17.366666666666667,5.266666666666667,-1.3666666666666667,-3.1666666666666665,-14.6,-4.133333333333334,59.166666666666664
Belarus,BY,2021-05-01,-12.387096774193548,10.903225806451612,25.903225806451612,1.1612903225806452,-16,-6.225806451612903,88.25806451612904
Belarus,BY,2021-06-01,-7.333333333333333,16.466666666666665,54.63333333333333,5.433333333333334,-24.866666666666667,-8.6,118.86666666666666
Belarus,BY,2021-07-01,-8.838709677419354,15.161290322580646,63.38709677419355,0.8387096774193549,-32.03225806451613,-8.419354838709678,131.38709677419354
Belarus,BY,2021-08-01,-4.774193548387097,15.419354838709678,37.67741935483871,1.4193548387096775,-29.419354838709676,-6.129032258064516,98.7741935483871
Belarus,BY,2021-09-01,-9.333333333333334,12.433333333333334,9.166666666666666,1.6666666666666667,-21.033333333333335,-4.366666666666666,67.66666666666667
Belarus,BY,2021-10-01,-12.806451612903226,12.451612903225806,5.709677419354839,-0.9354838709677419,-15.580645161290322,-2.2580645161290325,56.32258064516129
Belarus,BY,2021-11-01,-13.333333333333334,9.233333333333333,-10.133333333333333,-3.6333333333333333,-16.2,-0.8666666666666667,54.4
Belarus,BY,2021-12-01,-10.290322580645162,11.064516129032258,-12.935483870967742,-4.741935483870968,-16.419354838709676,0.3548387096774194,60
Belarus,BY,2022-01-01,-20.677419354838708,3.838709677419355,-16.193548387096776,-12.96774193548387,-23.548387096774192,2.6451612903225805,85.41935483870968
Belarus,BY,2022-02-01,-19.357142857142858,7.714285714285714,-20.142857142857142,-11.857142857142858,-15.357142857142858,2,77.64285714285714
Belarus,BY,2022-03-01,-16.806451612903224,8.516129032258064,-3.161290322580645,-9.64516129032258,-9.35483870967742,1.5161290322580645,63.064516129032256
Belarus,BY,2022-04-01,-19.366666666666667,6.066666666666666,3.466666666666667,-9.666666666666666,-9.133333333333333,0.3333333333333333,60.5
Belarus,BY,2022-05-01,-13.67741935483871,11,37.32258064516129,-6.096774193548387,-11.774193548387096,-2.225806451612903,89.90322580645162
Belarus,BY,2022-06-01,-10.366666666666667,15.133333333333333,62.93333333333333,-0.8666666666666667,-19.433333333333334,-4.433333333333334,114.56666666666666
Belarus,BY,2022-07-01,-13.129032258064516,11.548387096774194,64.41935483870968,-6.225806451612903,-25.741935483870968,-3.193548387096774,125.29032258064517
Belarus,BY,2022-08-01,-7.935483870967742,15.064516129032258,63.45161290322581,-3.3548387096774195,-24.741935483870968,-0.967741935483871,120.09677419354838
Belarus,BY,2022-09-01,-13.766666666666667,9,14.633333333333333,-5.366666666666666,-16.1,-0.8666666666666667,62.53333333333333
Belarus,BY,2022-10-01,-16.533333333333335,6.333333333333333,9.866666666666667,-7.733333333333333,-9.866666666666667,-0.8,57.8
Belgium,BE,2020-02-01,0.6952380952380952,-0.05238095238095238,3.961904761904762,-2.323809523809524,-7.5476190476190474,1.4952380952380953,42.00952380952381
Belgium,BE,2020-03-01,-41.60829493087557,-10.149769585253456,-9.039260969976905,-35.7073732718894,-31.322580645161292,13.26958525345622,167.00461893764435
Belgium,BE,2020-04-01,-73.15238095238095,-28.216666666666665,-18.804761904761904,-64.03333333333333,-58.55714285714286,24.20952380952381,273.18809523809523
Belgium,BE,2020-05-01,-47.3778801843318,-14.027649769585253,11.62937062937063,-43.04377880184332,-39.11981566820276,16.831797235023043,190.5734265734266
Belgium,BE,2020-06-01,-14.804761904761905,-4.878571428571429,43.57692307692308,-25.052380952380954,-24.321428571428573,9.35952380952381,138.12019230769232
Belgium,BE,2020-07-01,-5.451612903225806,-5.412442396313364,118.86854460093896,-21.10599078341014,-32.2073732718894,7.154377880184332,211.96713615023475
Belgium,BE,2020-08-01,-7.459016393442623,-5.94212962962963,105.11988304093568,-24.691244239631338,-29.511574074074073,7.417050691244239,200.1169590643275
Belgium,BE,2020-09-01,-6.880382775119617,-3.6825775656324584,72.67688022284122,-9.847619047619048,-19.343675417661096,3.914285714285714,131.2590529247911
Belgium,BE,2020-10-01,-22.75115207373272,-2.8870967741935485,16.453703703703702,-19.617511520737327,-18.668202764976957,8.523041474654377,96.13194444444444
Belgium,BE,2020-11-01,-51.285714285714285,-10.616666666666667,28.534772182254198,-39.964285714285715,-35.57142857142857,15.15,188.86330935251797
Belgium,BE,2020-12-01,-34.345622119815665,1.7165898617511521,4.124711316397229,-36.88709677419355,-35.172811059907836,14.440092165898617,153.73210161662817
Belgium,BE,2021-01-01,-43.87327188940092,-9.857142857142858,-2.186635944700461,-36.15898617511521,-25.97926267281106,12.688940092165899,147.27880184331798
Belgium,BE,2021-02-01,-35.545918367346935,0.49744897959183676,29.822164948453608,-29.956632653061224,-25.831632653061224,11.607142857142858,147.61082474226805
Belgium,BE,2021-03-01,-32.025345622119815,5.723502304147465,36.433255269320846,-26.85483870967742,-21.1036866359447,10.605990783410139,139.39110070257613
Belgium,BE,2021-04-01,-32.64047619047619,10.385714285714286,69.43341404358354,-28.964285714285715,-27.985714285714284,11.769047619047619,188.4915254237288
Belgium,BE,2021-05-01,-12.246543778801843,15.161290322580646,73.64335664335664,-15.168202764976959,-17.46082949308756,8.585253456221198,160.48717948717947
Belgium,BE,2021-06-01,6.983333333333333,22.385714285714286,90.73300970873787,-6.892857142857143,-10.054761904761905,5.069047619047619,158.64805825242718
Belgium,BE,2021-07-01,8.709677419354838,16.18663594470046,112.57476635514018,-15.557603686635945,-29.45852534562212,5.744239631336406,208.93457943925233
Belgium,BE,2021-08-01,11.997695852534562,18.12672811059908,121.56839622641509,-12,-24.308755760368662,5.221198156682028,214.19103773584905
Belgium,BE,2021-09-01,11.040476190476191,20.757142857142856,94.19174757281553,3.954761904761905,-14.488095238095237,2.2476190476190476,163.12135922330097
Belgium,BE,2021-10-01,5.311059907834101,17.806451612903224,48.29930394431555,-6.292626728110599,-10.799539170506913,3.2119815668202767,101.83526682134571
Belgium,BE,2021-11-01,-0.6714285714285715,15.138095238095238,31.27338129496403,-17.976190476190474,-22.65714285714286,7.29047619047619,112.07194244604317
Belgium,BE,2021-12-01,1.2557603686635945,24.380184331797235,16.032258064516128,-24.456221198156683,-26.63364055299539,9.28110599078341,130.49539170506912
Belgium,BE,2022-01-01,-9.622119815668203,11.921658986175116,8.748267898383371,-27.232718894009217,-20.642857142857142,9.453917050691244,106.53579676674364
Belgium,BE,2022-02-01,-3.8316326530612246,14.829081632653061,18.592307692307692,-18.0484693877551,-12.614795918367347,6.043367346938775,91.57179487179488
Belgium,BE,2022-03-01,-1.0829493087557605,19.78110599078341,47.81220657276995,-12,-10.695852534562212,3.97926267281106,105.50704225352112
Belgium,BE,2022-04-01,0.8952380952380953,21.71904761904762,65.23970944309927,-11.383333333333333,-16.1,3.9023809523809523,140.5593220338983
Belgium,BE,2022-05-01,9.460829493087557,28.861751152073733,80.68705882352941,-1.9262672811059909,-7.947004608294931,1.6912442396313363,154.15764705882353
Belgium,BE,2022-06-01,8.602380952380953,30.473809523809525,80.4140435835351,-1.7857142857142858,-8.592857142857143,1.8738095238095238,152.21549636803874
Belgium,BE,2022-07-01,5.347926267281106,25.986175115207374,119.87529411764706,-6.387096774193548,-26.055299539170505,3.532258064516129,214.3294117647059
Belgium,BE,2022-08-01,8.815668202764977,30.534562211981566,133.8222748815166,-4.815668202764977,-23.672811059907833,4.647465437788019,232.14454976303318
Belgium,BE,2022-09-01,4.902380952380953,30.695238095238096,62.196125907990314,0.8976190476190476,-10.980952380952381,2.142857142857143,130.45278450363196
Belgium,BE,2022-10-01,6.866666666666666,31.99047619047619,54.883495145631066,1.2523809523809524,-4.271428571428571,2.0047619047619047,116.4126213592233
Belize,BZ,2020-02-01,3.267857142857143,2.627906976744186,12.355555555555556,7.225,1.4939759036144578,0.11428571428571428,27.2
Belize,BZ,2020-03-01,-17.840336134453782,2.5121951219512195,-5.010752688172043,-21.766666666666666,-15.323699421965317,4.682539682539683,82.31746031746032
Belize,BZ,2020-04-01,-71.09009009009009,-46.83582089552239,-55.855555555555554,-78.80434782608695,-64.19886363636364,25.08695652173913,319.4347826086956
Belize,BZ,2020-05-01,-43.70247933884298,-20.132530120481928,-31.795698924731184,-56.915789473684214,-40.16477272727273,16.727272727272727,208.3409090909091
Belize,BZ,2020-06-01,-26.559322033898304,-5.670588235294118,-18.444444444444443,-43.735632183908045,-25.63095238095238,12.153846153846153,140.76923076923077
Belize,BZ,2020-07-01,-20.483870967741936,-2.125,-9.623655913978494,-37.60674157303371,-25.32758620689655,9.333333333333334,110.85185185185185
Belize,BZ,2020-08-01,-31.47457627118644,-7.568181818181818,-21.0625,-50.21568627450981,-31.653465346534652,14.01923076923077,158.1153846153846
Belize,BZ,2020-09-01,-21.25,-6.448979591836735,-3.316666666666667,-49.95,-33.416,12.321428571428571,123.4
Belize,BZ,2020-10-01,-19.778688524590162,-0.23170731707317074,-3.752688172043011,-45.72043010752688,-29.193181818181817,10.4375,115.88311688311688
Belize,BZ,2020-11-01,-22.026086956521738,-1.4594594594594594,-7.588888888888889,-48.04347826086956,-35.24260355029586,12.986842105263158,132.22222222222223
Belize,BZ,2020-12-01,-15.663934426229508,8.817073170731707,3.881720430107527,-41.90425531914894,-35.29943502824859,12.283950617283951,140.68421052631578
Belize,BZ,2021-01-01,-27.878048780487806,-8.276315789473685,-4.806451612903226,-47.90425531914894,-34.46551724137931,10.35897435897436,144.35211267605635
Belize,BZ,2021-02-01,-16.65765765765766,1.36,9.369047619047619,-42.94047619047619,-30.10062893081761,3.2777777777777777,115.25
Belize,BZ,2021-03-01,-7.983333333333333,11.872093023255815,17.64516129032258,-35.043956043956044,-29.062146892655367,0.9135802469135802,108.49367088607595
Belize,BZ,2021-04-01,-6.105263157894737,13.707317073170731,24.11111111111111,-31.149425287356323,-29.523529411764706,0.6923076923076923,120.21333333333334
Belize,BZ,2021-05-01,3.8947368421052633,24.223529411764705,40.73913043478261,-24.75,-23.745664739884393,-1.2179487179487178,120.89333333333333
Belize,BZ,2021-06-01,11.955357142857142,27.546511627906977,48.78651685393258,-18.872093023255815,-21.80952380952381,-3.423076923076923,129.27272727272728
Belize,BZ,2021-07-01,13.931034482758621,31.04494382022472,50.11827956989247,-13.865168539325843,-24.161849710982658,-2.4375,132.2
Belize,BZ,2021-08-01,11.631578947368421,28.919540229885058,41.01075268817204,-16.443181818181817,-24.924418604651162,-1.2025316455696202,124.48717948717949
Belize,BZ,2021-09-01,1.8392857142857142,22.97590361445783,27.433333333333334,-25.46511627906977,-29.147058823529413,2.3974358974358974,125.9342105263158
Belize,BZ,2021-10-01,5.434782608695652,25.229885057471265,27.989247311827956,-25.177777777777777,-25.4,1.5,121.1025641025641
Belize,BZ,2021-11-01,18.373831775700936,32.76470588235294,42.25555555555555,-14.647727272727273,-20.875739644970412,0.3974358974358974,131.93506493506493
Belize,BZ,2021-12-01,37.72,49.79012345679013,57.43181818181818,-1.25,-19.228571428571428,-1.3703703703703705,187.97260273972603
Belize,BZ,2022-01-01,17.18348623853211,32.39080459770115,36.526881720430104,-13.333333333333334,-17.796511627906977,3.782051282051282,126.28205128205128
Belize,BZ,2022-02-01,32.19565217391305,40.607594936708864,47.54216867469879,-2.6875,-5.935897435897436,0.6666666666666666,140.67605633802816
Belize,BZ,2022-03-01,34.95,40.96470588235294,76.22666666666667,3.5730337078651684,0.6839080459770115,4.271604938271605,171.1076923076923
Belize,BZ,2022-04-01,34.46,41.91358024691358,82.52,4.662790697674419,-6.315476190476191,5.233766233766234,196.5
Belize,BZ,2022-05-01,33.58252427184466,47.951219512195124,72.77027027027027,1.0227272727272727,0.25,4.848101265822785,172.3968253968254
Belize,BZ,2022-06-01,35.5959595959596,48.73170731707317,68.14102564102564,3.0813953488372094,-0.5535714285714286,5.576923076923077,173.0151515151515
Belize,BZ,2022-07-01,37.475247524752476,48.144578313253014,72.74074074074075,5.252873563218391,-3.783625730994152,5.538461538461538,182.37878787878788
Belize,BZ,2022-08-01,41.48514851485149,50.654761904761905,76.82716049382717,2.875,-2.9942528735632186,6.555555555555555,195.28985507246378
Belize,BZ,2022-09-01,38.48543689320388,53.59493670886076,77.16883116883118,-2.380952380952381,1.1726190476190477,4.17948717948718,197.53846153846155
Belize,BZ,2022-10-01,31.22222222222222,48.170731707317074,62.74418604651163,-7.441860465116279,3.2289156626506026,4.7631578947368425,174.02857142857144
Benin,BJ,2020-02-01,-1.3555555555555556,2.5,0.2962962962962963,0.6333333333333333,-0.5897435897435898,0.6511627906976745,15.444444444444445
Benin,BJ,2020-03-01,-7.126315789473685,3.879032258064516,9.142857142857142,-0.8387096774193549,1,2,31.428571428571427
Benin,BJ,2020-04-01,-20.15,-6.616666666666666,-1.9,-23.5,-11.777070063694268,11.952380952380953,88.47916666666667
Benin,BJ,2020-05-01,-14.7,-1.3387096774193548,1.6274509803921569,-21.274193548387096,-4.09375,8.162790697674419,68.83673469387755
Benin,BJ,2020-06-01,-9.648936170212766,-1.975,3.511111111111111,-19.683333333333334,-2.47741935483871,6.08235294117647,53.5
Benin,BJ,2020-07-01,-4.6421052631578945,5.217741935483871,8.244897959183673,-15.451612903225806,-5.981481481481482,5.977528089887641,52.285714285714285
Benin,BJ,2020-08-01,1.3454545454545455,11.987654320987655,17.96153846153846,-7.46875,-5.188524590163935,3.3181818181818183,49.73076923076923
Benin,BJ,2020-09-01,-1.4852941176470589,22.5,27.35,3.875,-5.544117647058823,7.523255813953488,71.95
Benin,BJ,2020-10-01,-13.37962962962963,37.38709677419355,7.65625,-0.9354838709677419,-12.907514450867051,2.4731182795698925,70.96875
Benin,BJ,2020-11-01,-12.76923076923077,42.80833333333333,10.266666666666667,-7.033333333333333,-7.766467065868263,1.9333333333333333,73.4
Benin,BJ,2020-12-01,-7.764150943396227,61.806451612903224,25.451612903225808,-8.741935483870968,-10.022857142857143,3.806451612903226,108.87096774193549
Benin,BJ,2021-01-01,-11.121495327102803,47.516129032258064,20.483870967741936,-13.596774193548388,-13.965116279069768,4.688172043010753,102.2258064516129
Benin,BJ,2021-02-01,-13.20388349514563,53.151785714285715,5.035714285714286,-11.839285714285714,-18.658227848101266,0.16666666666666666,94.39285714285714
Benin,BJ,2021-03-01,-10.044247787610619,55.11290322580645,7.516129032258065,-6.967741935483871,-13.672413793103448,-0.5376344086021505,86.58064516129032
Benin,BJ,2021-04-01,-6.01,60.475,11.366666666666667,-4.216666666666667,-12.994047619047619,1.2333333333333334,92.33333333333333
Benin,BJ,2021-05-01,4.810526315789474,76.39344262295081,24.322580645161292,0.016129032258064516,-8.196428571428571,-0.6021505376344086,119.06451612903226
Benin,BJ,2021-06-01,13.1,93.34782608695652,42.833333333333336,1.3,-5.255952380952381,-3.7222222222222223,156.9
Benin,BJ,2021-07-01,16.752688172043012,103.01754385964912,66.87096774193549,2.8225806451612905,-9.220930232558139,-3.6021505376344085,196.38709677419354
Benin,BJ,2021-08-01,16.483870967741936,106.72277227722772,70.38709677419355,5.919354838709677,-10.362068965517242,-2.849462365591398,207.19354838709677
Benin,BJ,2021-09-01,14.533333333333333,103.4950495049505,68.73333333333333,6.683333333333334,-7.7251461988304095,-1.2777777777777777,201
Benin,BJ,2021-10-01,16.021505376344088,106.50467289719626,70.25806451612904,5.870967741935484,-2.257309941520468,-2.752688172043011,210.16129032258064
Benin,BJ,2021-11-01,20.144444444444446,109.06481481481481,79,10.15,3.8181818181818183,-3.111111111111111,234.2
Benin,BJ,2021-12-01,25.397849462365592,119.88495575221239,96.38709677419355,16.080645161290324,12.420731707317072,-3.111111111111111,285.64516129032256
Benin,BJ,2022-01-01,24.56989247311828,108.94690265486726,104.96774193548387,7.32258064516129,20.19375,3.978723404255319,276.16129032258067
Benin,BJ,2022-02-01,33.63095238095238,112.86734693877551,144.07142857142858,-6.482142857142857,36.75714285714286,6.344444444444444,334.5357142857143
Benin,BJ,2022-03-01,68.70967741935483,152.6236559139785,255.8709677419355,-0.3709677419354839,67.09271523178808,17.483870967741936,568.6451612903226
Benin,BJ,2022-04-01,70.6,165.1888888888889,281.5,2.8,64.24657534246575,21.666666666666668,615.9333333333333
Benin,BJ,2022-05-01,68.50537634408602,160.06451612903226,279.38709677419354,3.967741935483871,62.54666666666667,20.677419354838708,610.0645161290323
Benin,BJ,2022-06-01,66.67777777777778,159.67777777777778,284.7,3.2666666666666666,58.47260273972603,22.42222222222222,607.9
Benin,BJ,2022-07-01,68.56989247311827,165.95698924731184,303.03225806451616,7.596774193548387,57.06666666666667,22.78494623655914,639.1612903225806
Benin,BJ,2022-08-01,75.35483870967742,173.1290322580645,321.0967741935484,17.887096774193548,57.93377483443709,25.956989247311828,685.5483870967741
Benin,BJ,2022-09-01,69.14444444444445,169.13333333333333,330.43333333333334,15.016666666666667,64.67123287671232,22.955555555555556,684.7
Benin,BJ,2022-10-01,64.2,162.73333333333332,326.3333333333333,27.7,67.06849315068493,22.755555555555556,681.5333333333333
Bolivia,BO,2020-02-01,-3.878787878787879,1.7007299270072993,0.48208955223880595,-5.887295081967213,2.819105691056911,1.344927536231884,65.22941176470589
Bolivia,BO,2020-03-01,-35.896708286038596,-24.56848484848485,-30.323131672597864,-38.772,-19.888372093023257,12.389589905362776,167.2130081300813
Bolivia,BO,2020-04-01,-78.59224441833138,-72.38815789473684,-68.74624624624624,-81.2947131608549,-63.45318021201413,36.12909836065574,423.4282700421941
Bolivia,BO,2020-05-01,-72.1510067114094,-64.87577639751552,-62.62997159090909,-75.89456869009585,-51.47814685314685,32.12043795620438,374.3028037383178
Bolivia,BO,2020-06-01,-61.12180974477958,-48.15384615384615,-51.83787767133382,-68.06139438085327,-36.97065637065637,26.524834437086092,299.63484087102177
Bolivia,BO,2020-07-01,-54.68227424749164,-41.97951807228916,-47.48773651016118,-62.33980582524272,-32.73590292648108,25.48103186646434,278.0263157894737
Bolivia,BO,2020-08-01,-53.3546875,-41.62600321027287,-46.813541666666666,-59.76923076923077,-32.67522211253702,22.098310291858677,265.97216274089936
Bolivia,BO,2020-09-01,-36.445868945868945,-18.95015105740181,-27.981078524124882,-40.70617283950617,-20,14.85131195335277,173.5303867403315
Bolivia,BO,2020-10-01,-27.97145993413831,-6.411764705882353,-21.940886699507388,-34.59887535145267,-12.837956204379562,11.06507304116866,137.11126564673157
Bolivia,BO,2020-11-01,-24.855367231638418,-6.779746835443038,-21.529796511627907,-32.77669902912621,-10.84738041002278,9.53920220082531,125.48275862068965
Bolivia,BO,2020-12-01,-11.19031903190319,13.005006257822277,-9.189519023689877,-18.126937984496124,-5.4326923076923075,6.50586701434159,93.49930843706777
Bolivia,BO,2021-01-01,-27.389793702497286,-5.254278728606357,-24.70281690140845,-34.76704545454545,-18.946685878962537,10.981283422459892,146.86173184357543
Bolivia,BO,2021-02-01,-24.679903730445247,-0.6585034013605442,-24.002338269680436,-33.24973985431842,-17.84749801429706,7.59593023255814,134.8027950310559
Bolivia,BO,2021-03-01,-19.827661909989022,4.392768079800499,-21.489466292134832,-27.87887323943662,-10.198120028922633,6.032594524119948,108.89275766016713
Bolivia,BO,2021-04-01,-16.40685714285714,8.90326797385621,-17.43918426802622,-25.80750721847931,-7.8181137724550895,6.4838274932614555,103.472182596291
Bolivia,BO,2021-05-01,-12.645374449339206,13.169032258064517,-15.592329545454545,-24.486255924170617,-5.569028487947407,8.046571798188875,110.3983286908078
Bolivia,BO,2021-06-01,-13.579374275782156,9.943472409152086,-17.03003003003003,-26.91708291708292,-13.862745098039216,9.960053262316912,137.8
Bolivia,BO,2021-07-01,1.4398200224971878,22.43260590500642,-5.898678414096916,-15.92485549132948,-0.9457079970652971,5.950127877237851,94.39082058414465
Bolivia,BO,2021-08-01,8.54185520361991,25.1437578814628,0.9823139277818718,-10.219367588932807,2.8028169014084505,4.2727272727272725,87.33473389355743
Bolivia,BO,2021-09-01,13.285211267605634,27.50785340314136,4.669224865694551,-8.764227642276422,8.629744384198295,3.010540184453228,91.26445086705202
Bolivia,BO,2021-10-01,16.525539160045405,30.149234693877553,5.4966984592809975,-7.701081612586037,12.331814730447988,2.6222791293213827,100.61958041958042
Bolivia,BO,2021-11-01,16.511189634864547,30.353092783505154,5.856278366111952,-13.889112903225806,9.309006211180124,4.783068783068783,115.93083573487031
Bolivia,BO,2021-12-01,32.571917808219176,49.51122194513716,15.04776345716452,4.439959636730575,9.774385703648548,1.9490445859872612,141.72492836676219
Bolivia,BO,2022-01-01,15.685227272727273,35.88461538461539,9.493754592211609,-7.852442671984048,3.937639198218263,8.322538860103627,105.82132564841498
Bolivia,BO,2022-02-01,26.326582278481013,42.406639004149376,13.920922570016474,-3.027808676307008,20.869006849315067,5.910511363636363,131.288
Bolivia,BO,2022-03-01,19.6156501726122,37.031847133757964,15.65783497350492,-6.695783132530121,34.470252648736754,9.329896907216495,129.02741702741702
Bolivia,BO,2022-04-01,25.686018957345972,42.96330275229358,23.918318794607455,-0.9157894736842106,46.79248505550811,7.8516556291390724,154.99250374812593
Bolivia,BO,2022-05-01,29.421113689095126,47.2746835443038,22.97553516819572,-1.5251282051282051,52.83511953833471,8.007722007722007,169.4200581395349
Bolivia,BO,2022-06-01,32.19030303030303,51.01570680628272,24.41726618705036,-0.9134107708553326,53.706132879045995,9.282666666666668,181.37761194029852
Bolivia,BO,2022-07-01,35.704784130688445,50.215384615384615,29.93464566929134,10.574534161490684,32.83532219570406,10.417654808959156,173.58771929824562
Bolivia,BO,2022-08-01,39.93514150943396,53.82603092783505,33.016666666666666,4.850152905198777,60.26254180602007,10.298584298584299,210.23843930635837
Bolivia,BO,2022-09-01,43.83251833740831,56.40052356020942,33.804330392943065,4.517671517671518,67.05130434782609,6.811345646437995,221.92708333333334
Bolivia,BO,2022-10-01,46.11764705882353,55.9973544973545,33.02996845425867,1.995850622406639,69.77043478260869,6.237333333333333,223.7833827893175
Bosnia and Herzegovina,BA,2020-02-01,2.2666666666666666,4.133333333333334,9.466666666666667,5.066666666666666,7.066666666666666,-0.9333333333333333,32
Bosnia and Herzegovina,BA,2020-03-01,-34.225806451612904,-11.870967741935484,-10.290322580645162,-28.451612903225808,-22.129032258064516,8.64516129032258,141.5483870967742
Bosnia and Herzegovina,BA,2020-04-01,-62.06666666666667,-29.4,-4.433333333333334,-50.5,-46.166666666666664,14.333333333333334,211.63333333333333
Bosnia and Herzegovina,BA,2020-05-01,-30.93548387096774,-7.870967741935484,13.225806451612904,-28.741935483870968,-23.838709677419356,6.741935483870968,119.74193548387096
Bosnia and Herzegovina,BA,2020-06-01,-3.2666666666666666,7.7,28.333333333333332,-9.433333333333334,-8.7,0.1,61.266666666666666
Bosnia and Herzegovina,BA,2020-07-01,-4.741935483870968,7.612903225806452,40.483870967741936,-8.096774193548388,-14.35483870967742,0.0967741935483871,78.87096774193549
Bosnia and Herzegovina,BA,2020-08-01,-2.967741935483871,7.67741935483871,52.58064516129032,-7.903225806451613,-18.096774193548388,-1.1612903225806452,93.61290322580645
Bosnia and Herzegovina,BA,2020-09-01,-6.933333333333334,4.1,23.7,-4.833333333333333,-11.266666666666667,-3.6333333333333333,57.2
Bosnia and Herzegovina,BA,2020-10-01,-13.064516129032258,2.838709677419355,0.6774193548387096,-8.64516129032258,-9.03225806451613,-2.5161290322580645,47.096774193548384
Bosnia and Herzegovina,BA,2020-11-01,-21.466666666666665,-4.733333333333333,-17.433333333333334,-24.366666666666667,-15,1,86.6
Bosnia and Herzegovina,BA,2020-12-01,-14.64516129032258,4.483870967741935,-4.483870967741935,-18.741935483870968,-12.387096774193548,0.45161290322580644,71.38709677419355
Bosnia and Herzegovina,BA,2021-01-01,-20.774193548387096,-7.32258064516129,-14.387096774193548,-26.35483870967742,-21.322580645161292,-0.8387096774193549,100.87096774193549
Bosnia and Herzegovina,BA,2021-02-01,-13.5,3.857142857142857,-13.714285714285714,-20.642857142857142,-9.964285714285714,-6.321428571428571,71.85714285714286
Bosnia and Herzegovina,BA,2021-03-01,-20.903225806451612,8.741935483870968,-14.32258064516129,-25.06451612903226,-16.70967741935484,-4.935483870967742,93.25806451612904
Bosnia and Herzegovina,BA,2021-04-01,-19.533333333333335,16.133333333333333,-5.566666666666666,-22.233333333333334,-18.733333333333334,-4.966666666666667,95.9
Bosnia and Herzegovina,BA,2021-05-01,-1.967741935483871,29,22.096774193548388,-4.225806451612903,-12.516129032258064,-10.35483870967742,90.2258064516129
Bosnia and Herzegovina,BA,2021-06-01,4.733333333333333,34.2,34.6,3.466666666666667,-11.8,-13.533333333333333,103.73333333333333
Bosnia and Herzegovina,BA,2021-07-01,15.806451612903226,49.483870967741936,59.58064516129032,16.29032258064516,-17.258064516129032,-14.096774193548388,172.51612903225808
Bosnia and Herzegovina,BA,2021-08-01,26.903225806451612,60.193548387096776,72.06451612903226,21.483870967741936,-17.419354838709676,-13.451612903225806,211.51612903225808
Bosnia and Herzegovina,BA,2021-09-01,12.033333333333333,45.46666666666667,27.6,14.8,-4.7,-13.1,118.96666666666667
Bosnia and Herzegovina,BA,2021-10-01,10.935483870967742,43.645161290322584,16.129032258064516,11.064516129032258,0.7741935483870968,-11.548387096774194,100.61290322580645
Bosnia and Herzegovina,BA,2021-11-01,5.266666666666667,37.9,2.7,3.7333333333333334,-0.1,-9.166666666666666,77.93333333333334
Bosnia and Herzegovina,BA,2021-12-01,16.322580645161292,54.29032258064516,15.161290322580646,5.387096774193548,5.516129032258065,-8.935483870967742,120.38709677419355
Bosnia and Herzegovina,BA,2022-01-01,3.774193548387097,37.70967741935484,8.161290322580646,-34.064516129032256,-11.387096774193548,-3.6451612903225805,121.25806451612904
Bosnia and Herzegovina,BA,2022-02-01,10.392857142857142,46.42857142857143,4.464285714285714,-34.035714285714285,11.071428571428571,-6.535714285714286,118.85714285714286
Bosnia and Herzegovina,BA,2022-03-01,9.548387096774194,42.516129032258064,29.096774193548388,-29.29032258064516,14.774193548387096,-2.3548387096774195,129.96774193548387
Bosnia and Herzegovina,BA,2022-04-01,13.733333333333333,52.46666666666667,53.333333333333336,-21.066666666666666,11.2,-1.2333333333333334,155.23333333333332
Bosnia and Herzegovina,BA,2022-05-01,18.548387096774192,54.87096774193548,69.12903225806451,-16.451612903225808,8.193548387096774,-4.161290322580645,179.8709677419355
Bosnia and Herzegovina,BA,2022-06-01,19.566666666666666,56.7,72.06666666666666,-15.9,6.766666666666667,-5.033333333333333,176.83333333333334
Bosnia and Herzegovina,BA,2022-07-01,28.774193548387096,67.74193548387096,101.58064516129032,-9.548387096774194,-3.096774193548387,-4.032258064516129,218.32258064516128
Bosnia and Herzegovina,BA,2022-08-01,42.87096774193548,81.38709677419355,116.7741935483871,-3.064516129032258,-3.806451612903226,-2,254.80645161290323
Bosnia and Herzegovina,BA,2022-09-01,24.3,61.53333333333333,57.43333333333333,-8.833333333333334,12.066666666666666,-3.7666666666666666,167.93333333333334
Bosnia and Herzegovina,BA,2022-10-01,24.133333333333333,61.2,57.266666666666666,-12.133333333333333,16.6,-4.133333333333334,175.46666666666667
Botswana,BW,2020-02-01,2.3870967741935485,1.8181818181818181,-3.577777777777778,-1.0833333333333333,5.577464788732394,-1,37.766666666666666
Botswana,BW,2020-03-01,-2.893939393939394,0.7887323943661971,-1.6881720430107527,-8.255102040816327,1.631578947368421,3.467741935483871,46.08064516129032
Botswana,BW,2020-04-01,-66.32051282051282,-51.459016393442624,-25.6,-67.69,-58.6436170212766,37.55,322.51666666666665
Botswana,BW,2020-05-01,-37.53521126760563,-23.984126984126984,-9.216494845360824,-52.31896551724138,-36.843023255813954,27.403225806451612,199.8709677419355
Botswana,BW,2020-06-01,-4.714285714285714,4.542857142857143,10.744444444444444,-16.61261261261261,2.3755458515283845,11.416666666666666,69.18333333333334
Botswana,BW,2020-07-01,-1.34375,11.797101449275363,16.591397849462364,-9.31578947368421,-3.8615384615384616,11.274193548387096,73.20967741935483
Botswana,BW,2020-08-01,-22.816326530612244,-11.027027027027026,6.5,-37.228070175438596,-10.798657718120806,19.016129032258064,176.40625
Botswana,BW,2020-09-01,7.8431372549019605,24.682926829268293,64.1,4.605633802816901,-3.685082872928177,6.984615384615385,133.725
Botswana,BW,2020-10-01,5.323076923076923,29.318181818181817,37.723404255319146,-1.456140350877193,-5.159533073929961,4.573170731707317,110.64516129032258
Botswana,BW,2020-11-01,12.016129032258064,38.21311475409836,36.71111111111111,1.091743119266055,-1.2571428571428571,2.5185185185185186,117.38333333333334
Botswana,BW,2020-12-01,12.920634920634921,40.854838709677416,57.11827956989247,12.118181818181819,-23.325670498084293,3.935064935064935,180.1290322580645
Botswana,BW,2021-01-01,-8.492537313432836,19.984615384615385,37.086021505376344,-9.36936936936937,-24.725099601593627,6.48051948051948,107.24193548387096
Botswana,BW,2021-02-01,0.6610169491525424,34.41379310344828,20.047619047619047,-9.902912621359222,-20.50210970464135,1.9726027397260273,86.125
Botswana,BW,2021-03-01,11.555555555555555,54.354838709677416,22.193548387096776,1.6929824561403508,-16.637735849056604,-0.8352941176470589,123.3225806451613
Botswana,BW,2021-04-01,11.80952380952381,59.52459016393443,25.733333333333334,8.790909090909091,-16.798418972332016,1.275,147.33333333333334
Botswana,BW,2021-05-01,28.887096774193548,82.38709677419355,44.096774193548384,24.73148148148148,-7.693548387096774,0.8433734939759037,220.01612903225808
Botswana,BW,2021-06-01,28.883333333333333,79.51666666666667,55.06666666666667,12.280373831775702,0.008032128514056231,-0.1951219512195122,204.3
Botswana,BW,2021-07-01,22.873015873015873,82.41935483870968,58.10752688172043,7.071428571428571,-11.45703125,6.333333333333333,211.90322580645162
Botswana,BW,2021-08-01,14.921875,70.87096774193549,45.8494623655914,-2.945945945945946,-11.952569169960475,5.469879518072289,164.24193548387098
Botswana,BW,2021-09-01,23.661290322580644,82.06666666666666,50.91111111111111,1.1203703703703705,-3.448,0.0975609756097561,179.16666666666666
Botswana,BW,2021-10-01,26.184615384615384,87.06451612903226,55.774193548387096,5.205357142857143,6.251028806584362,-2.0609756097560976,209.79032258064515
Botswana,BW,2021-11-01,35.333333333333336,92.36666666666666,52.87777777777778,15.60377358490566,14.775510204081632,-3.231707317073171,237.9
Botswana,BW,2021-12-01,34.983870967741936,91.95161290322581,53.60215053763441,15.345454545454546,-13.065637065637066,0.08641975308641975,253.9516129032258
Botswana,BW,2022-01-01,23.983870967741936,77.12903225806451,50.225806451612904,5.071428571428571,-0.34024896265560167,3.7160493827160495,207.70967741935485
Botswana,BW,2022-02-01,39.94642857142857,91.125,61.68674698795181,20.677419354838708,27.52073732718894,1.7763157894736843,265.30357142857144
Botswana,BW,2022-03-01,50.45161290322581,88.98387096774194,144.93421052631578,29.763440860215052,51.859030837004404,9.411764705882353,396.2903225806452
Botswana,BW,2022-04-01,49.983333333333334,85.66666666666667,155.768115942029,33.93023255813954,37.92165898617512,12.75,404.53333333333336
Botswana,BW,2022-05-01,55.46774193548387,91.64516129032258,158.1578947368421,33.37931034482759,48.851851851851855,13.095238095238095,420.7741935483871
Botswana,BW,2022-06-01,57.5,96.3,162.37142857142857,30.1046511627907,61.68780487804878,12.548780487804878,422.53333333333336
Botswana,BW,2022-07-01,62.67741935483871,106.12903225806451,175.83333333333334,40.35227272727273,46.614634146341466,13.634146341463415,468.01612903225805
Botswana,BW,2022-08-01,80.59677419354838,117.16129032258064,199.4,67.26436781609195,63.2688679245283,12.952941176470588,553.7741935483871
Botswana,BW,2022-09-01,83.86666666666666,118.11666666666666,203.6764705882353,61.02325581395349,71.18811881188118,10.123456790123457,566.6
Botswana,BW,2022-10-01,77.56666666666666,115.33333333333333,206.65714285714284,49.41860465116279,77.30526315789474,9.75,546.8
Brazil,BR,2020-02-01,-5.606592151423676,-0.4706691897471185,-1.8172844480257857,-3.1613633655106663,-0.9186409281466317,1.3704067948144836,81.10178817056396
Brazil,BR,2020-03-01,-29.10243627884538,-8.350579539727867,-31.08332556187634,-25.818024363489407,-8.550160403299724,6.2885906040268456,148.76908249807246
Brazil,BR,2020-04-01,-53.01758342730652,-15.358121751084761,-45.03497062279671,-53.18950556170287,-29.524952372610418,15.830048750129654,230.12474337667416
Brazil,BR,2020-05-01,-45.92348123701259,-5.610751349107514,-42.33515657049091,-47.33856390352093,-18.87019924269744,14.144726638231873,197.1151503794622
Brazil,BR,2020-06-01,-38.02928139118575,0.5220334653212415,-38.347987858611575,-41.757334546281555,-10.327051876845212,13.08825891802504,170.4387028483449
Brazil,BR,2020-07-01,-32.35412375381066,6.105527638190955,-33.28846791380535,-36.75145205479452,-6.578572932647474,11.995272921869425,151.70025048705816
Brazil,BR,2020-08-01,-25.53651616086849,10.87612368504941,-29.307951166066676,-30.844079618918,-3.8091677260151053,10.025375219723262,134.48205904617714
Brazil,BR,2020-09-01,-19.74385378477464,11.219613738868972,-26.531738607510356,-25.609529517530717,-1.148196012796339,8.258165960836932,117.71041257367386
Brazil,BR,2020-10-01,-13.959581378563696,17.811629776968978,-23.33724792963084,-14.877798043442215,1.1259587289992699,6.708833945652533,113.16449976947902
Brazil,BR,2020-11-01,-10.989461799021454,18.631402479375303,-26.281288664699723,-14.462882346202313,2.9727677360687905,6.0914114031149635,113.92772466539196
Brazil,BR,2020-12-01,-7.988298391028766,26.496311285358964,-20.655192169968966,-12.370044549709581,-1.2522297808012097,6.083953450254056,125.17845494362129
Brazil,BR,2021-01-01,-21.146085295989817,7.950665655544321,-23.4359285746413,-21.376378215836954,-6.524071274792726,6.496807108828597,116.19131934985926
Brazil,BR,2021-02-01,-20.425342768686424,10.89925112795944,-32.92470692107716,-22.879380053908356,-4.368158290198697,4.815178016026931,115.05952141564448
Brazil,BR,2021-03-01,-33.53830653286584,10.661693413574056,-44.20341425078589,-31.139455971519162,-7.386961250242093,8.4582380052389,155.41825674101943
Brazil,BR,2021-04-01,-28.039842454394694,17.369367803606345,-39.55248593514156,-28.47150767101165,-5.862755125761309,8.290270585411022,151.73584729110135
Brazil,BR,2021-05-01,-16.155651011062933,28.27514780315597,-31.700157693174138,-17.607880880937554,3.7718139321020767,6.436853419320166,133.96516260539238
Brazil,BR,2021-06-01,-11.984134332126926,32.283617941215006,-24.77468342147397,-14.79944568935016,4.141516785636358,6.592772971868401,136.2335702463246
Brazil,BR,2021-07-01,-2.680745037170166,40.02377717391305,-15.873892427798266,-6.961851916074215,9.472921167128122,5.334823042292399,131.42226910904384
Brazil,BR,2021-08-01,-0.3559614909898787,41.390855964248885,-16.139027911453322,-4.474289383061928,16.436798687529986,3.984649845180842,136.47117160913953
Brazil,BR,2021-09-01,2.293967714528462,41.685556292855566,-10.137760008097576,-2.2756005823829164,15.910496273981291,3.2154144904245348,138.03853136978012
Brazil,BR,2021-10-01,4.842666666666667,43.421734234234236,-13.655269432522651,-0.8147121283624359,17.42055240660132,2.672144672144672,142.82569605568446
Brazil,BR,2021-11-01,8.071345931353644,44.464145733119544,-8.645933258495765,2.5211361839304174,19.009558882395325,1.8073159366262814,149.397943601751
Brazil,BR,2021-12-01,17.207074955834106,56.74360191618834,1.4214482970236268,8.658476510873482,14.340397127424502,1.3589948272558912,176.29633718013045
Brazil,BR,2022-01-01,1.5417179424070884,43.04578961061486,-4.764068948773974,-1.1154301967290827,8.332834646883724,5.0015952143569296,137.3542600896861
Brazil,BR,2022-02-01,10.616902183886952,51.518589589829695,-4.02241904234708,2.8868565455970736,25.174358440115288,1.3954814339676431,150.01889694572623
Brazil,BR,2022-03-01,6.189285861119105,46.99263787833125,-2.8919813054665755,-1.2325019163865798,35.69162748150407,2.643010821746251,154.86266905330152
Brazil,BR,2022-04-01,8.64528029853278,51.645571319876474,0.6966526050512248,0.4520034414945912,33.121400738829,3.27507578309195,168.68362923203964
Brazil,BR,2022-05-01,9.647518496965667,54.29442265795207,-6.058900592150081,1.7756398729245346,45.266241144232055,2.557201109117599,174.6965854632588
Brazil,BR,2022-06-01,9.334389585920439,55.44909563037249,-3.9280702723606433,0.49771604938271546,39.705451353130854,4.031472624502491,178.33761524914533
Brazil,BR,2022-07-01,13.674993744265576,57.75929824561403,6.079649820076266,4.849620867455263,34.33531225400157,4.547774717068799,174.12684515931997
Brazil,BR,2022-08-01,14.323578947368421,59.31723928509457,0.4394062958734305,3.937444039873456,49.16802740318263,4.543752425300737,189.173735725938
Brazil,BR,2022-09-01,15.885627310284843,59.401999639704556,3.332567522133812,1.6547104580812453,45.004368158692635,3.0524069875983466,190.61759444385984
Brazil,BR,2022-10-01,19.766475395583377,63.73370205821017,7.095667669005457,0.9429530201342284,37.789120330521605,3.1740338983050846,198.73961627661816
Bulgaria,BG,2020-02-01,2.2556097560975608,2.7874865156418553,8.0778859527121,4.077540106951871,3.310694769711163,-1.0063856960408684,41.03767123287671
Bulgaria,BG,2020-03-01,-31.937530266343824,-14.475392670157069,-14.076227390180879,-31.18242491657397,-25.74173553719008,8.87308868501529,169.20064724919095
Bulgaria,BG,2020-04-01,-51.39868924085199,-23.047591743119266,-28.815099168266155,-48.40756756756757,-37.40803814713897,14.050547598989048,209.85507246376812
Bulgaria,BG,2020-05-01,-20.569444444444443,-4.611050328227571,15.613351877607789,-31.015801354401805,-23.97064025468695,6.311078503301541,126.25448613376835
Bulgaria,BG,2020-06-01,-2.5022579026593075,1.4873208379272327,35.43390357698289,-15.409090909090908,-9.538374076179647,0.6249176005273567,102.95540308747856
Bulgaria,BG,2020-07-01,2.09028794533919,2.8195043103448274,53.864532019704434,-2.979115479115479,-13.428644632334102,-1.7222578576010263,135.86126126126126
Bulgaria,BG,2020-08-01,6.7526223776223775,6.515122873345936,64.51648351648352,2.7857142857142856,-18.716595744680852,-2.2311827956989245,152.9486301369863
Bulgaria,BG,2020-09-01,2.2354630294328786,8.759422614274259,48.42520612485277,4.8683206106870225,-13.800216372160115,-3.1789931634555626,125.90716180371352
Bulgaria,BG,2020-10-01,-9.107729468599034,8.103896103896103,15.545454545454545,-3.0378096479791394,-8.314004659590992,-1.7155555555555555,86.60406091370558
Bulgaria,BG,2020-11-01,-25.10343087790111,-0.41238253178551687,-10.435356200527705,-23.304400977995112,-21.172459893048128,5.226133333333333,112.15213946117274
Bulgaria,BG,2020-12-01,-37.567846607669615,3.7000538502961766,-7.40365774003919,-29.022701475595913,-38.28773346794548,10.26500508646999,161.62839879154077
Bulgaria,BG,2021-01-01,-42.750848279205044,-7.450188476036618,-12.2375,-30.844866071428573,-28.338361508452536,6.832366895097523,153.6014598540146
Bulgaria,BG,2021-02-01,-34.490435706695,2.998803827751196,-1.9617927994121969,-20.95913154533844,-23.06740300198244,2.0279329608938546,125.85374149659864
Bulgaria,BG,2021-03-01,-28.732211538461538,6.402904787520172,-1.9064796259185037,-19.863961813842483,-26.35021524436566,2.7385912698412698,129.8773291925466
Bulgaria,BG,2021-04-01,-18.63454011741683,16.27862380146644,16.046770601336302,-10.964285714285714,-21.56,-0.6789873417721519,123.09450171821305
Bulgaria,BG,2021-05-01,-1.576279527559055,23.738015607580824,45.43453815261044,0.05756358768406958,-20.803557415642167,-3.694694694694695,145.02048417132215
Bulgaria,BG,2021-06-01,0.6201825557809331,25.19022988505747,42.03736799350122,11.824929971988796,-10.125231175693527,-6.073073073073073,147.29133858267716
Bulgaria,BG,2021-07-01,9.125496031746032,30.926938092582265,77.136815920398,27.03988603988604,-19.535677352637023,-7.05444822557122,229.16827852998065
Bulgaria,BG,2021-08-01,15.569639278557114,37.58695652173913,91.30484581497798,35.56637168141593,-22.12787056367432,-5.395177165354331,263.45891783567134
Bulgaria,BG,2021-09-01,4.647360328036904,32.92811594202899,47.78405315614618,22.43722304283604,-17.10581023454158,-4.046898638426626,177.76388888888889
Bulgaria,BG,2021-10-01,-14.858846918489066,22.250837988826817,4.06776180698152,-1.2519685039370079,-17.5703877179287,-1.4670076726342711,109.88624787775892
Bulgaria,BG,2021-11-01,-23.422013562858634,19.186246418338108,3.4366096866096867,-9.098684210526315,-23.56782996588822,1.3340227507755946,115.34608695652175
Bulgaria,BG,2021-12-01,-20.063218390804597,25.620842572062084,-0.7920054200542006,-9.258687258687258,-27.843583902809414,2.7884711779448623,124.79495798319327
Bulgaria,BG,2022-01-01,-27.7734375,13.154735682819384,-10.036890645586297,-15.098484848484848,-22.633609528741584,4.364921465968586,125.96672212978369
Bulgaria,BG,2022-02-01,-19.4859865470852,19.230110159118727,2.974732006125574,-8.450142450142451,-16.87027027027027,1.99606962380685,108.12757973733584
Bulgaria,BG,2022-03-01,-21.60610687022901,17.03695532266961,4.3328611898017,-4.766097240473062,-9.83987761346252,3.3402010050251256,107.65734265734265
Bulgaria,BG,2022-04-01,-12.673333333333334,24.22139160437033,31.653605015673982,8.867816091954023,-13.372962864012823,0.9984342379958246,134.17374517374517
Bulgaria,BG,2022-05-01,-5.892892892892893,28.963739376770537,46.90538336052202,18.0975954738331,-10.185502727981294,-1.1163255117324014,164.65753424657535
Bulgaria,BG,2022-06-01,-5.2979274611398965,29.460955710955712,50.097337770382694,33.17709923664122,-4.702014846235419,-2.6703629032258065,185.1122661122661
Bulgaria,BG,2022-07-01,0.10336048879837073,32.5079275198188,73.1855241264559,47.55625,-12.48446550816219,-1.9699898270600202,239.98140495867767
Bulgaria,BG,2022-08-01,7.845012787723785,39.03680634201586,89.13808267370273,53.98562300319489,-15.18179480586269,0.6774827925270404,269.98093220338984
Bulgaria,BG,2022-09-01,0.6363160648874935,34.64927536231884,54.43630308076603,42.70982839313572,-8.812032085561498,-0.5899645210339585,193.50103519668738
Bulgaria,BG,2022-10-01,-4.885297184567258,32.651108518086346,34.67868338557994,29.63109756097561,-1.4742606790799562,-0.5619146722164412,142.8995983935743
Burkina Faso,BF,2020-02-01,0.4666666666666667,0.4,-7.2,-0.6888888888888889,3.5076923076923077,-0.875,17.133333333333333
Burkina Faso,BF,2020-03-01,-11.053763440860216,-6.666666666666667,-13.82258064516129,-15.344086021505376,-4.861313868613139,6.666666666666667,77.25806451612904
Burkina Faso,BF,2020-04-01,-27.68888888888889,-20.055555555555557,-22.583333333333332,-40.34444444444444,-11.223880597014926,18.129032258064516,154
Burkina Faso,BF,2020-05-01,-14.602150537634408,-5.741935483870968,-14.548387096774194,-24.311827956989248,-2.348148148148148,9.620253164556962,91.1774193548387
Burkina Faso,BF,2020-06-01,3.2333333333333334,4.222222222222222,-2.1666666666666665,-15.722222222222221,4.654135338345864,1.1951219512195121,38.75
Burkina Faso,BF,2020-07-01,10.96774193548387,4.451612903225806,1.2258064516129032,-4.053763440860215,-0.539568345323741,1.880952380952381,43.225806451612904
Burkina Faso,BF,2020-08-01,19.56,7.631578947368421,8.90625,4.833333333333333,-3.3958333333333335,1.1975308641975309,48.21875
Burkina Faso,BF,2020-09-01,18.475409836065573,30.443037974683545,40.30434782608695,11.116666666666667,-6.845454545454546,3.52,114.17391304347827
Burkina Faso,BF,2020-10-01,6.301075268817204,45.946236559139784,32.25,5.946236559139785,-16.18,-2.2247191011235956,101.5
Burkina Faso,BF,2020-11-01,9.88888888888889,53.94444444444444,34.55263157894737,5.833333333333333,-7.642857142857143,-2.0941176470588236,109.52631578947368
Burkina Faso,BF,2020-12-01,14.505376344086022,72.97849462365592,52.645161290322584,24.483870967741936,-8.20138888888889,2.247191011235955,181
Burkina Faso,BF,2021-01-01,13.666666666666666,58.67741935483871,55.515151515151516,14.397849462365592,-3.6214285714285714,3.4942528735632186,163.3939393939394
Burkina Faso,BF,2021-02-01,12.607142857142858,61.05952380952381,46.32142857142857,13.583333333333334,-6.201492537313433,-2.6625,146.03571428571428
Burkina Faso,BF,2021-03-01,18.43010752688172,68.84946236559139,52,22.32183908045977,-5.993377483443709,-3.561797752808989,176.7741935483871
Burkina Faso,BF,2021-04-01,17.377777777777776,73.68888888888888,54.833333333333336,30.94047619047619,-6.135135135135135,-1.7790697674418605,189.9
Burkina Faso,BF,2021-05-01,28.655913978494624,92.83870967741936,73.90322580645162,31.962025316455698,-1.127659574468085,-4.0227272727272725,252.96774193548387
Burkina Faso,BF,2021-06-01,40.28888888888889,106.35555555555555,99.46666666666667,40.39473684210526,6.2835820895522385,-6.662790697674419,315.06666666666666
Burkina Faso,BF,2021-07-01,44.01075268817204,116.80645161290323,110.29032258064517,48.44444444444444,0.6013986013986014,-5.01123595505618,349.38709677419354
Burkina Faso,BF,2021-08-01,46.376344086021504,124.96774193548387,114.45161290322581,53.2875,-2.090909090909091,-3.147727272727273,364.16129032258067
Burkina Faso,BF,2021-09-01,53.5,128.46666666666667,112.53333333333333,52.4078947368421,6.139705882352941,-3.9651162790697674,370.1
Burkina Faso,BF,2021-10-01,53.13978494623656,124.89247311827957,116.25806451612904,47.93181818181818,7.8088235294117645,-5.011363636363637,369.35483870967744
Burkina Faso,BF,2021-11-01,29.72222222222222,86.63333333333334,56.89473684210526,16.864197530864196,-8.860927152317881,-4.275,330.10526315789474
Burkina Faso,BF,2021-12-01,68.16129032258064,153.19354838709677,136.90322580645162,59.053333333333335,26.495934959349594,-2.4157303370786516,467.64516129032256
Burkina Faso,BF,2022-01-01,60.376344086021504,131.31182795698925,124.03125,42.675324675324674,35.756521739130434,4.693181818181818,424.4375
Burkina Faso,BF,2022-02-01,81.54761904761905,143.6547619047619,152.14285714285714,50.72727272727273,69.32967032967034,6.4,515.1071428571429
Burkina Faso,BF,2022-03-01,119.85555555555555,201.09677419354838,284.5,74.83870967741936,91.16129032258064,19.0561797752809,816.3333333333334
Burkina Faso,BF,2022-04-01,108.4888888888889,188.42222222222222,286.8666666666667,69.41666666666667,99.46666666666667,23.069767441860463,805.7666666666667
Burkina Faso,BF,2022-05-01,123.54545454545455,201.40860215053763,297.7096774193548,74.61290322580645,88.20212765957447,21.46590909090909,838.7741935483871
Burkina Faso,BF,2022-06-01,118.03448275862068,194.6,281.3,80.56666666666666,86.47777777777777,22.232558139534884,809.6333333333333
Burkina Faso,BF,2022-07-01,122.25,191.29032258064515,280.38709677419354,84.46031746031746,79.50537634408602,25.057471264367816,807.4516129032259
Burkina Faso,BF,2022-08-01,123.41111111111111,195.752688172043,279,78.6774193548387,78.89247311827957,30.24137931034483,806.6129032258065
Burkina Faso,BF,2022-09-01,123.48837209302326,193.72222222222223,275.73333333333335,78.63333333333334,86.0111111111111,27.270588235294117,803.4666666666667
Burkina Faso,BF,2022-10-01,114.36363636363636,184.13333333333333,264.8,65.58064516129032,79.97777777777777,27.627906976744185,755.4666666666667
Cambodia,KH,2020-02-01,0.7377049180327869,-0.7452229299363057,-0.6288659793814433,-12.48360655737705,6.056666666666667,1.7378640776699028,35.77272727272727
Cambodia,KH,2020-03-01,-14.63978494623656,-9.021538461538462,-12.051724137931034,-28.202334630350194,-6.083601286173633,6.271428571428571,105.80555555555556
Cambodia,KH,2020-04-01,-32.05898876404494,-22.272727272727273,-20.712158808933,-48.68482490272373,-23.46451612903226,12.183673469387756,189.68235294117648
Cambodia,KH,2020-05-01,-18.464673913043477,-12.975683890577507,-12.25952380952381,-38.412213740458014,-16.3984126984127,9.859903381642512,141.55494505494505
Cambodia,KH,2020-06-01,-13.257703081232494,-10.822222222222223,-12.054726368159203,-34.94779116465863,-12.66068515497553,8.227722772277227,125.53107344632768
Cambodia,KH,2020-07-01,-11.154471544715447,-10.17283950617284,-14.23953488372093,-35.90909090909091,-14.634493670886076,8.175355450236967,122.84656084656085
Cambodia,KH,2020-08-01,-11.956521739130435,-9.748743718592964,-15.428,-38.47953216374269,-17.698952879581153,7.947115384615385,124.63779527559055
Cambodia,KH,2020-09-01,-9.642335766423358,-8.304545454545455,-7.595667870036101,-36.780748663101605,-30.313978494623655,8.085858585858587,137.2348484848485
Cambodia,KH,2020-10-01,-14.232673267326733,-11.697530864197532,-22.083885209713024,-39.27169811320755,-25.707762557077626,8.551867219917012,133.95045045045046
Cambodia,KH,2020-11-01,-12.523076923076923,-11.828025477707007,-18.995271867612292,-38.85214007782101,-20.87878787878788,8.316017316017316,123.42307692307692
Cambodia,KH,2020-12-01,-19.471464019851116,-11.642857142857142,-13.990697674418605,-41.95539033457249,-24.69710806697108,12.205020920502092,136.20975609756098
Cambodia,KH,2021-01-01,-9.126550868486353,-8.506211180124224,-13.263616557734204,-36.71969696969697,-22.202472952086552,7.591666666666667,118.00966183574879
Cambodia,KH,2021-02-01,-6.107438016528926,-4.802721088435374,-18.839328537170264,-36.1695652173913,-21.751269035532996,4.8842592592592595,116.53888888888889
Cambodia,KH,2021-03-01,-26.133495145631066,-19.99093655589124,-36.42125984251968,-50.003937007874015,-27.998487140695914,14.172268907563025,182.7378640776699
Cambodia,KH,2021-04-01,-45.27560975609756,-34.35820895522388,-46.33130081300813,-61.563265306122446,-44.23672230652504,25.216216216216218,272.4924623115578
Cambodia,KH,2021-05-01,-34.27336448598131,-29.07941176470588,-37.525291828793776,-53.07569721115538,-37.86329866270431,21.95762711864407,228.30373831775702
Cambodia,KH,2021-06-01,-21.56926952141058,-22.440993788819874,-28.405857740585773,-46.56299212598425,-33.2572298325723,15.383620689655173,181.34285714285716
Cambodia,KH,2021-07-01,-23.180522565320665,-25.56379821958457,-30.11336032388664,-50.01556420233463,-36.23741007194245,16.31645569620253,190.12093023255815
Cambodia,KH,2021-08-01,-23.265060240963855,-23.55421686746988,-31.87722772277228,-48.51004016064257,-36.391117478510026,16.07949790794979,195.12328767123287
Cambodia,KH,2021-09-01,-17.305128205128206,-18.488888888888887,-29.66122448979592,-47.38934426229508,-36.01323529411765,15.480519480519481,184.73333333333332
Cambodia,KH,2021-10-01,-11.218045112781954,-14.586750788643533,-22.391304347826086,-46.01865671641791,-40.331896551724135,13.517241379310345,177.38942307692307
Cambodia,KH,2021-11-01,-0.3011049723756906,-7.6537216828478964,-13.657210401891254,-39.92338709677419,-32.785394932935915,9.969696969696969,141.171875
Cambodia,KH,2021-12-01,8.33879781420765,-2.50314465408805,-9.408212560386474,-33.0703125,-17.226586102719033,7.2105263157894735,113.54123711340206
Cambodia,KH,2022-01-01,12.923497267759563,2.549206349206349,-4.908872901678657,-30.345098039215685,-10.001557632398754,6.856031128404669,112.01047120418848
Cambodia,KH,2022-02-01,15.12063492063492,1.0620689655172413,-1.7391304347826086,-33.06276150627615,-0.3591549295774648,9.165254237288135,113.92307692307692
Cambodia,KH,2022-03-01,23.053797468354432,5.7746031746031745,35.184357541899445,-27.544061302681992,23.428571428571427,14.169675090252708,136.51612903225808
Cambodia,KH,2022-04-01,32.70446735395189,10.567375886524824,53.40119760479042,-17.292181069958847,13.263333333333334,13.874524714828897,166.74444444444444
Cambodia,KH,2022-05-01,29.574132492113566,7.542857142857143,41.425,-21.702380952380953,29.292079207920793,14.509025270758123,146.41935483870967
Cambodia,KH,2022-06-01,29.049668874172184,8.016447368421053,42.02040816326531,-21.951020408163266,31.146507666098806,14.996268656716419,149.67222222222222
Cambodia,KH,2022-07-01,24.897832817337463,5.287925696594427,34.15217391304348,-24.929411764705883,34.84641068447412,16.43911439114391,144.83957219251337
Cambodia,KH,2022-08-01,28.261146496815286,8.64516129032258,38.287323943661974,-22.93951612903226,35.56435643564357,18.53731343283582,147.05913978494624
Cambodia,KH,2022-09-01,32.18394648829432,11.185714285714285,41.59130434782609,-19.390041493775932,23.5251677852349,16.224806201550386,158.82777777777778
Cambodia,KH,2022-10-01,30.080745341614907,8.3841059602649,32.78453038674033,-22.19327731092437,31.315254237288137,17.1171875,150.92222222222222
Cameroon,CM,2020-02-01,-6.754966887417218,-0.7909090909090909,-4.341666666666667,-7.058333333333334,1.6417910447761195,0.7391304347826086,20.988888888888887
Cameroon,CM,2020-03-01,-15.487179487179487,-6.763274336283186,-11.116935483870968,-12.58130081300813,-1.7688953488372092,3.096296296296296,56.564516129032256
Cameroon,CM,2020-04-01,-28.315960912052116,-14.997797356828194,-20.37295081967213,-25.823529411764707,-10.053254437869823,11.735294117647058,128.74444444444444
Cameroon,CM,2020-05-01,-15.698360655737705,-7.044491525423729,-15.309236947791165,-17.243589743589745,-7.028818443804035,10.243243243243244,97.6236559139785
Cameroon,CM,2020-06-01,-6.737024221453288,-2.685968819599109,-15.784232365145229,-7.455357142857143,-0.8716931216931217,6.455830388692579,62.855555555555554
Cameroon,CM,2020-07-01,-3.328813559322034,0.8244111349036403,-16.860557768924302,3.036036036036036,-4.1077111383108935,5.832764505119454,59.236559139784944
Cameroon,CM,2020-08-01,2.099502487562189,5.491909385113269,-12.761290322580646,11.691542288557214,-5.527450980392157,3.117437722419929,54.12698412698413
Cameroon,CM,2020-09-01,1.4174311926605505,5.006578947368421,-11.93010752688172,9,-12.470389170896786,6.581673306772909,77.34306569343066
Cameroon,CM,2020-10-01,-1.2464285714285714,7.978468899521531,-15.054607508532424,7.387755102040816,-16.46153846153846,0.47560975609756095,81.85326086956522
Cameroon,CM,2020-11-01,-1.927007299270073,4.941025641025641,-16.39929328621908,16.663594470046082,-12.431297709923664,-0.19504643962848298,75.67222222222222
Cameroon,CM,2020-12-01,2.1035714285714286,18.277641277641276,-6.3694779116465865,27.945945945945947,-14.43276283618582,2.172727272727273,107.40437158469945
Cameroon,CM,2021-01-01,-6.671140939597316,6.37378640776699,-12.9272030651341,9.925,-17.59290953545232,3.536741214057508,94.69021739130434
Cameroon,CM,2021-02-01,-8.865248226950355,10.384615384615385,-25.41044776119403,7.234146341463415,-24.388963660834456,-1.0812720848056536,89.82142857142857
Cameroon,CM,2021-03-01,-6.462328767123288,17.798488664987406,-25.166666666666668,16.571428571428573,-23.114077669902912,-1.8944099378881987,97.49462365591398
Cameroon,CM,2021-04-01,0.051660516605166046,29.848958333333332,-23.906896551724138,27.217391304347824,-19.13801756587202,-1.3819875776397517,109.67777777777778
Cameroon,CM,2021-05-01,6.815094339622641,36.93333333333333,-16.48780487804878,34.36448598130841,-15.792429792429793,-1.4397590361445782,125.75806451612904
Cameroon,CM,2021-06-01,14.097165991902834,48.47428571428571,-9.485185185185186,39.62135922330097,-12.00501253132832,-4.377643504531722,134.87777777777777
Cameroon,CM,2021-07-01,16.593625498007967,55.041666666666664,-3.893536121673004,47.056338028169016,-15.695757575757575,-3.9251497005988023,155.51891891891893
Cameroon,CM,2021-08-01,19.10612244897959,60.261971830985914,0.8178294573643411,53.08490566037736,-15.62530413625304,-3.93968253968254,171.56451612903226
Cameroon,CM,2021-09-01,14.951807228915662,56.5801749271137,-2.6332046332046333,40.940366972477065,-12.724619289340101,-1.7572815533980584,161.23033707865167
Cameroon,CM,2021-10-01,16.773809523809526,55.02857142857143,1.4960629921259843,48.791666666666664,-9.764634146341463,-3.698170731707317,157.45652173913044
Cameroon,CM,2021-11-01,22.80349344978166,60.5,3.6137339055793993,52.924882629107984,-3.1168341708542715,-4.4817073170731705,170.9322033898305
Cameroon,CM,2021-12-01,28.991666666666667,67.3126843657817,5.347107438016529,59.262008733624455,-1.6674786845310596,-3.4121037463976944,202.03825136612022
Cameroon,CM,2022-01-01,28.630252100840337,60.12647058823529,1.8672199170124482,51.053333333333335,12.260815822002472,3.0417910447761196,186.3695652173913
Cameroon,CM,2022-02-01,27.845070422535212,61.669934640522875,2.033333333333333,46.96279069767442,19.30958904109589,6.695081967213115,192.94578313253012
Cameroon,CM,2022-03-01,39.80995475113122,79.85416666666667,39.36571428571428,72.75233644859813,43.5126582278481,16.470948012232416,257.5508982035928
Cameroon,CM,2022-04-01,42.3411214953271,85.6123076923077,55.74545454545454,77.61835748792271,44.93923381770146,19,278.46794871794873
Cameroon,CM,2022-05-01,39.120535714285715,81.03293413173652,59.798780487804876,69.65581395348838,39.774809160305345,20.900958466453673,274.63870967741934
Cameroon,CM,2022-06-01,41.44859813084112,84.4,66.18354430379746,72.65714285714286,43.5822454308094,20.506493506493506,281.94
Cameroon,CM,2022-07-01,42.64090909090909,86.3225806451613,71.96969696969697,80.64319248826291,35.55796178343949,21.07766990291262,292.3354838709677
Cameroon,CM,2022-08-01,49.882075471698116,95.28869047619048,85.9329268292683,89.95754716981132,36.51576292559899,22.834415584415584,332.2
Cameroon,CM,2022-09-01,49.73364485981308,91.19148936170212,92.9113924050633,82.62135922330097,40.801315789473684,21.52159468438538,341.43333333333334
Cameroon,CM,2022-10-01,50.49074074074074,86.52694610778443,92.3375,72.91509433962264,43.295212765957444,20.10135135135135,332.7866666666667
Canada,CA,2020-02-01,2.4251824817518246,1.508860759493671,14.17786561264822,1.4877081681205393,-2.573341836734694,1.050485436893204,55.414358974358976
Canada,CA,2020-03-01,-20.013911770089695,-2.0220887082523413,-0.32688661357603327,-26.14936990363232,-21.910115649246084,8.26009652019304,133.4310865191147
Canada,CA,2020-04-01,-47.53364449630494,-21.993989481592788,-12.244717633499809,-56.70326409495549,-49.43943702018766,19.966349206349207,243.9273979862215
Canada,CA,2020-05-01,-26.05097134064243,-4.738099514999102,42.1078691423519,-41.1303074670571,-35.7662262233193,13.831009023789992,212.37793024585477
Canada,CA,2020-06-01,-6.912815338042382,6.893644617380026,100.56845070422536,-28.21208622016936,-22.77040406743377,8.294604767879548,213.39508632138114
Canada,CA,2020-07-01,2.915674222051479,12.113924050632912,138.46379413524835,-24.856761904761903,-25.717385881766027,6.412439024390244,238.89680923285812
Canada,CA,2020-08-01,2.556322473771397,9.09101482989241,139.42565597667638,-26.85706371191136,-25.419450083041152,5.04656374501992,237.24892703862662
Canada,CA,2020-09-01,-1.8446389496717723,2.0915915915915915,82.86725018234866,-29.769902912621358,-18.370582460732983,4.915016121602948,174.5323801513877
Canada,CA,2020-10-01,-8.417874839420078,0.3495891389782064,35.1300488237905,-32.95135332845648,-16.270770392749245,6.787117491499811,143.1942485078676
Canada,CA,2020-11-01,-12.32988901645618,-3.1756832124930283,6.277732793522267,-37.974166978659674,-16.5703511053316,8.490614503062636,133.35570469798657
Canada,CA,2020-12-01,-18.42902861445783,0.9863432165318957,-2.6907844630616906,-45.39748201438849,-28.578097839582817,12.170385779122542,160.74721009218825
Canada,CA,2021-01-01,-37.31708673091179,-14.349972771827918,0.2632380952380953,-52.26057101554029,-26.991208239135897,13.293076317859953,185.46108663729808
Canada,CA,2021-02-01,-27.65444055223573,-8.4364,-1.6222030981067126,-48.97905759162304,-22.617948008849556,11.516478843291516,168.51769188894937
Canada,CA,2021-03-01,-13.166010129431626,-1.5047859851905365,17.182795698924732,-42.083515681983954,-18.569154228855723,9.116554054054054,148.4884556182658
Canada,CA,2021-04-01,-15.108380104509386,1.337250512963999,39.950993989828945,-41.79469696969697,-21.78056628056628,9.538730343622598,181.77324263038548
Canada,CA,2021-05-01,-7.202308856926571,10.986890021849964,84.21952453211938,-38.227998514667654,-19.846785398509535,7.3576349024110215,209.9892601431981
Canada,CA,2021-06-01,7.017294986397202,20.221742395794216,114.39441535776615,-33.60433604336043,-15.973531310522919,4.051757066462949,227.2583222370173
Canada,CA,2021-07-01,16.938082804923535,23.702485380116958,140.26885644768856,-26.144811858608893,-23.576860333793448,3.4762261325346313,247.7583846680356
Canada,CA,2021-08-01,19.81478701444924,23.596231991134097,132.91126070991433,-21.160091918805055,-19.439722572509456,2.7599850690556176,233.39163763066202
Canada,CA,2021-09-01,13.19429115128449,17.305539906103288,97.2380146644106,-21.336180124223603,-15.181865217953693,3.3977446483180427,186.87524752475247
Canada,CA,2021-10-01,8.314627081824765,13.562624614826898,54.90814393939394,-23.84171597633136,-11.537993920972644,4.249760948556129,139.62157534246575
Canada,CA,2021-11-01,5.237288135593221,8.480415815852979,16.177150192554556,-28.823972860912175,-10.74422207876049,5.4672067901234565,105.86903499469777
Canada,CA,2021-12-01,1.559657570893526,14.220601476679272,4.140734949179046,-33.87327523602033,-23.061653200745805,8.636534133533383,134.8559488692232
Canada,CA,2022-01-01,-20.565929123943157,-1.9632645674990952,-0.5877833269304649,-43.69152787834902,-23.5383362565773,11.57728337236534,151.93427458617333
Canada,CA,2022-02-01,-9.16679764243615,1.2008359872611465,6.8275099513489605,-35.80674969867417,-14.482152739346985,7.877926421404682,120.05173362685746
Canada,CA,2022-03-01,-3.183439265536723,1.7720522454821972,9.703778951645672,-35.14290895901342,-10.174611076540137,5.847309833024119,108.41214859437751
Canada,CA,2022-04-01,3.1284117970324234,7.461782252050709,28.0837023914969,-30.860932171277,-10.825939898529986,5.082843713278496,124.35529928610653
Canada,CA,2022-05-01,16.293163172288057,16.903066812705365,84.5578947368421,-21.458520179372197,-7.330304177710463,2.0283001303295474,164.41100123609394
Canada,CA,2022-06-01,21.19188679245283,21.94655626646594,109.13103037522335,-16.418403460479748,-6.598492723492724,1.1570888468809073,184.79807029634733
Canada,CA,2022-07-01,24.593154486586496,26.173622704507512,150.98934169278996,-11.09871745044695,-17.070182142402242,2.1255444044688505,234.6780383795309
Canada,CA,2022-08-01,25.370363431997003,27.837222222222223,135.4025,-10.668994955374467,-14.452548330404218,3.33572876358946,220.9593552908199
Canada,CA,2022-09-01,17.77973484848485,22.047610086563793,89.53151618398637,-8.245959795033505,-8.722794213475824,1.889986699600988,162.95726495726495
Canada,CA,2022-10-01,14.598721323805941,20.199093313184736,72.90821771611526,-9.970335675253708,-7.887096774193548,2.6162608012568733,146.36875
Cape Verde,CV,2020-02-01,-3.380952380952381,-1.375,-2.066666666666667,-11.133333333333333,-6.322033898305085,1.0869565217391304,29.666666666666668
Cape Verde,CV,2020-03-01,-23.648936170212767,-10.178571428571429,-27.26153846153846,-37.52238805970149,-13.203252032520325,4.431818181818182,103.24137931034483
Cape Verde,CV,2020-04-01,-65.29906542056075,-49.35,-63.04054054054054,-80.86792452830188,-57.8,28.571428571428573,332.04761904761904
Cape Verde,CV,2020-05-01,-54.663366336633665,-32.9375,-51.42857142857143,-75.02597402597402,-41.475806451612904,19.28,255.36
Cape Verde,CV,2020-06-01,-47.38709677419355,-20.304878048780488,-50.91803278688525,-72.16901408450704,-31.575,14.115384615384615,219.69230769230768
Cape Verde,CV,2020-07-01,-45.43157894736842,-19.75609756097561,-49.125,-68.72222222222223,-31.766129032258064,12.777777777777779,208.25925925925927
Cape Verde,CV,2020-08-01,-45.36,-21.29268292682927,-49.53125,-67.88235294117646,-35.22077922077922,11.538461538461538,210.76923076923077
Cape Verde,CV,2020-09-01,-35.583333333333336,-19.64864864864865,-38.2,-64.29166666666667,-40.87640449438202,12.909090909090908,187.83333333333334
Cape Verde,CV,2020-10-01,-38.75,-11.758620689655173,-32.66129032258065,-64.28787878787878,-37.733870967741936,10.60377358490566,176.83870967741936
Cape Verde,CV,2020-11-01,-36.7816091954023,-9.982758620689655,-30.5,-62.01587301587302,-34.016666666666666,9.705882352941176,167.76666666666668
Cape Verde,CV,2020-12-01,-32.31182795698925,2.566666666666667,-18.161290322580644,-56.333333333333336,-35.564516129032256,10.074074074074074,140.3548387096774
Cape Verde,CV,2021-01-01,-38.62105263157895,-14.379310344827585,-28.838709677419356,-59.940298507462686,-42.16129032258065,10.98076923076923,180.19354838709677
Cape Verde,CV,2021-02-01,-37.93333333333333,-11.836363636363636,-27.553571428571427,-62.61666666666667,-40.348214285714285,3.2708333333333335,180.14285714285714
Cape Verde,CV,2021-03-01,-32.45054945054945,-10.344262295081966,-16.258064516129032,-63.38095238095238,-35.95967741935484,2.1666666666666665,151
Cape Verde,CV,2021-04-01,-30.945652173913043,-7.568965517241379,-12.233333333333333,-61.09230769230769,-36.225,5.326923076923077,144.53333333333333
Cape Verde,CV,2021-05-01,-28.23404255319149,-2.169491525423729,-10.209677419354838,-61.13235294117647,-32.306451612903224,5.5,135
Cape Verde,CV,2021-06-01,-18.98876404494382,2.2333333333333334,-5.716666666666667,-57.3125,-32.1,3.269230769230769,115.1
Cape Verde,CV,2021-07-01,-14.064516129032258,9.904761904761905,2.806451612903226,-48.878787878787875,-38.403225806451616,2.056603773584906,109.51612903225806
Cape Verde,CV,2021-08-01,-5.89247311827957,15.419354838709678,13.870967741935484,-43.61538461538461,-39.346774193548384,1,112.48387096774194
Cape Verde,CV,2021-09-01,-4.811111111111111,15.483333333333333,8.233333333333333,-45.25396825396825,-33.19166666666667,0.9615384615384616,101.6
Cape Verde,CV,2021-10-01,-4.451612903225806,16.214285714285715,1.8709677419354838,-43.81818181818182,-26.338709677419356,-0.057692307692307696,83.6774193548387
Cape Verde,CV,2021-11-01,3.433333333333333,17.166666666666668,11.833333333333334,-29.916666666666668,-21.866666666666667,0.3269230769230769,77.4
Cape Verde,CV,2021-12-01,9.574712643678161,27.029850746268657,20.903225806451612,-22.936507936507937,-20.79032258064516,2.9074074074074074,97.54838709677419
Cape Verde,CV,2022-01-01,5.139784946236559,16.690140845070424,14.048387096774194,-25.322580645161292,-20.04032258064516,10.76923076923077,91.45161290322581
Cape Verde,CV,2022-02-01,11.831168831168831,20.3125,9.553571428571429,-21.660714285714285,-9.080357142857142,10.125,76.75
Cape Verde,CV,2022-03-01,9.277777777777779,29.376623376623378,41.41935483870968,-13.209677419354838,-5.798387096774194,17.40740740740741,112.83870967741936
Cape Verde,CV,2022-04-01,6.813953488372093,30.36986301369863,44.78333333333333,-11.403225806451612,-7.266666666666667,19.392156862745097,126.43333333333334
Cape Verde,CV,2022-05-01,6.943820224719101,30,41.82258064516129,-15.919354838709678,-4.879032258064516,18.735849056603772,124.93548387096774
Cape Verde,CV,2022-06-01,8.413793103448276,29.893939393939394,40.416666666666664,-9.133333333333333,-8.241666666666667,20.807692307692307,127.23333333333333
Cape Verde,CV,2022-07-01,14.30952380952381,34.582089552238806,54.74193548387097,1.0526315789473684,-18.10483870967742,21.096153846153847,174.19354838709677
Cape Verde,CV,2022-08-01,20.536585365853657,35.294117647058826,59.75806451612903,12.754716981132075,-22.443548387096776,23.444444444444443,205.4516129032258
Cape Verde,CV,2022-09-01,16.92207792207792,33.62686567164179,39.19047619047619,6.42,-16.375,21.21153846153846,158.2
Cape Verde,CV,2022-10-01,14.64102564102564,32.25,42.7,-2.25,-9.416666666666666,19.76,138.8
Chile,CL,2020-02-01,4.6,6.368131868131868,7.746438746438747,6.621535181236673,-1.7627471383975026,1.0538011695906433,41.69927536231884
Chile,CL,2020-03-01,-29.91762356465302,-17.354155637903652,-36.22318575992698,-30.18419702411493,-9.483532934131736,10.09942196531792,155.79715302491104
Chile,CL,2020-04-01,-60.38788522848034,-42.92771739130435,-60.464387464387464,-61.190578158458244,-39.23358778625954,20.987608426270135,282.8433354390398
Chile,CL,2020-05-01,-56.686858316221766,-39.869085173501574,-59.72561531449408,-59.824261275272164,-32.646766169154226,21.161694510739856,269.06272838002434
Chile,CL,2020-06-01,-57.79967948717949,-41.17038649972782,-62.042512990080304,-61.52696209289909,-31.356895699456253,22.83109756097561,277.17712865133626
Chile,CL,2020-07-01,-56.835651725914474,-40.34195250659631,-60.32421340629275,-60.28020565552699,-31.95165876777251,22.854534746760894,273.73257211538464
Chile,CL,2020-08-01,-49.39112426035503,-31.94845971563981,-53.82579303172127,-53.47471554993679,-28.135969664138678,18.90495867768595,238.38334529791817
Chile,CL,2020-09-01,-50.32066781807715,-33.037544696066746,-51.87808641975309,-51.34188034188034,-29.71657754010695,19.135705669481304,234.63700070077084
Chile,CL,2020-10-01,-47.234668018246325,-25.71603622802344,-49.343934575193096,-43.213299232736574,-24.2934730824202,17.822545846817693,211.63373083475298
Chile,CL,2020-11-01,-41.5993756503642,-21.800660792951543,-45.746009389671364,-38.9994708994709,-17.80750246791708,14.944320712694877,183.64230995875073
Chile,CL,2020-12-01,-32.88994974874372,-10.780331373597006,-37.441617446615176,-33.08150789607743,-16.25798760133524,12.81140117208311,160.11894024802706
Chile,CL,2021-01-01,-41.453953953953956,-21.506666666666668,-40.441617446615176,-39,-23.67831498324557,14.562770562770563,184.24673851389676
Chile,CL,2021-02-01,-34.368101545253865,-12.095097460129947,-33.55482897384306,-30.05842314237096,-19.79258849557522,12.346153846153847,152.01173402868318
Chile,CL,2021-03-01,-40.70808080808081,-18.274906766116143,-46.344388914129944,-36.810433884297524,-16.24313529705442,15.035031847133759,182.68779342723005
Chile,CL,2021-04-01,-51.56315240083507,-27.776502732240438,-55.955399061032864,-47.0992,-21.04385964912281,20.39680792515135,227.97386018237083
Chile,CL,2021-05-01,-35.39445843828715,-12.157446808510638,-45.383916401635624,-32.122942386831276,-13.644177911044478,16.559294871794872,171.66765053128688
Chile,CL,2021-06-01,-31.400931195033625,-5.807415605976757,-42.19154929577465,-28.94954859267127,-9.928792569659443,16.48956043956044,151.89246658566222
Chile,CL,2021-07-01,-16.44272136068034,6.35287789133943,-29.155838255338484,-12.312759336099585,-4.236263736263736,13.141195134849285,112.27337278106509
Chile,CL,2021-08-01,-10.4901185770751,9.306199460916442,-28.569286687869152,-9.371310201967892,7.758620689655173,11.24447949526814,105.2642731018246
Chile,CL,2021-09-01,-8.03397565922921,11.186137506987144,-21.72206572769953,-5.144935344827586,6.952479338842975,9.752164502164502,114.25855745721272
Chile,CL,2021-10-01,-1.1791338582677164,16.512221618685498,-17.012721490231712,-0.4273772204806688,14.533299949924887,8.572555205047319,104.39774078478003
Chile,CL,2021-11-01,-0.028556858745537973,17.706838565022423,-15.719454887218046,3.1527703066164605,17.63655136809499,7.806486486486486,108.22527472527473
Chile,CL,2021-12-01,9.276490882207984,27.261697497279652,-7.056363636363637,9.822395833333333,17.09695152423788,5.983289817232376,129.9206631142688
Chile,CL,2022-01-01,3.3102766798418974,20.30588876772083,1.2399815753109167,13.719344608879492,6.969515242378811,7.525459317585302,97.51414810355207
Chile,CL,2022-02-01,11.460404150737302,30.169594185342216,12.311441765007697,19.54785672342924,7.2606530160487,8.16,108.74146014735432
Chile,CL,2022-03-01,0.1628135759960649,20.605334784975504,-5.915870850386539,4.641185647425897,37.81190595297649,7.113838120104439,121.13100177830468
Chile,CL,2022-04-01,-2.044297352342159,18.677112479015108,-10.406015037593985,3.2361782071927,49.04168837936425,7.594054054054054,144.33353695784973
Chile,CL,2022-05-01,-1.8900394477317555,17.890997830802604,-14.156746933212176,2.3126614987080103,55.22070707070707,7.82565445026178,149.57866823806717
Chile,CL,2022-06-01,-4.931492842535787,17.79047619047619,-17.483098591549297,-2.231590181430096,45.61053180396246,10.713203463203463,148.2440657334145
Chile,CL,2022-07-01,-1.3951652688702516,20.079631635969665,-14.414357110404362,1.686112545172948,29.203415369161224,12.51718667371761,125.21230041395624
Chile,CL,2022-08-01,2.6543392504930967,25.69176213857065,-8.630454545454546,6.325652841781874,55.397675593734206,10.427597061909758,160.5494699646643
Chile,CL,2022-09-01,3.005091649694501,25.92242355605889,-0.9124705882352941,9.424840085287846,47.85647181628392,7.504864864864865,163.83067484662575
Chile,CL,2022-10-01,6.615071283095723,29.191609977324262,-2.235626767200754,8.391906283280084,52.13972888425443,7.444203683640303,159.34846625766872
Colombia,CO,2020-02-01,-6.085158150851582,-2.6763657957244655,-10.570406278855032,-3.587406793703397,10.478841870824054,-0.5988603988603989,45.440993788819874
Colombia,CO,2020-03-01,-33.49294030220461,-21.638952819332566,-32.731245776075696,-31.067136344799007,-20.63140550337782,9.476729559748428,169.2026525198939
Colombia,CO,2020-04-01,-76.68857062622858,-59.50059523809524,-65.68591598194654,-74.14589941096511,-57.87305425419375,29.7855421686747,376.27600472813236
Colombia,CO,2020-05-01,-64.79300443748369,-45.75633640552996,-54.43804347826087,-64.48576078112286,-39.93282756440651,24.006451612903227,302.7245382585752
Colombia,CO,2020-06-01,-52.10099685204617,-31.442152466367713,-44.65010028972588,-56.506809739991745,-23.54490792934987,19.399032258064516,239.69428421604616
Colombia,CO,2020-07-01,-49.48022312373225,-29.88243831640058,-43.308779119930975,-56.05294585987261,-22.261912770489964,18.648072704481354,231.94164989939637
Colombia,CO,2020-08-01,-52.66586538461539,-32.82244427363567,-43.75465891605403,-58.518345952242285,-24.939347343242783,18.217977528089886,240.05010737294202
Colombia,CO,2020-09-01,-37.014311270125226,-15.916857360793287,-27.73210697171124,-41.22591006423983,-15.800581573308847,13.469611621701748,165.38299274884642
Colombia,CO,2020-10-01,-32.72093023255814,-5.986267927982912,-25.0836969900414,-33.42839756592292,-12.208076659822039,11.255329457364342,141.1564524165421
Colombia,CO,2020-11-01,-27.32864419112297,-2.415563957151859,-26.41198847262248,-28.894425675675677,-8.877338129496403,10.486121530382595,127.8990211231324
Colombia,CO,2020-12-01,-18.29776615969582,12.761184819500155,-12.70977145522388,-20.525020850708923,-5.863221181639496,7.62012369172217,111.90357142857142
Colombia,CO,2021-01-01,-34.7991081905656,-10.674418604651162,-27.037224471434996,-29.784049079754602,-16.98687214611872,11.065058479532164,155.7694625816173
Colombia,CO,2021-02-01,-25.904194717762817,2.274798927613941,-25.970121497644435,-24.542660550458717,-8.105737496826606,7.052868094105207,113.728285077951
Colombia,CO,2021-03-01,-20.316690442225394,11.52581729300336,-20.831108068013236,-17.62764158918005,-4.799976969138646,6.558816568047337,104.54712175241977
Colombia,CO,2021-04-01,-27.774914089347078,5.3639230526647745,-25.18854666822813,-24.176163549369292,-9.765713610586012,10.576808721506442,140.6149789029536
Colombia,CO,2021-05-01,-22.494813767090996,9.391317639865484,-22.468094701240137,-25.489649345162654,-6.041161380597015,11.88840262582057,126.17822290703647
Colombia,CO,2021-06-01,-5.46228287841191,22.653474903474905,-8.174187287724406,-4.337697516930023,-2.828198057786836,7.968672915638876,93.19741100323624
Colombia,CO,2021-07-01,3.9463201360213747,31.434782608695652,-0.7818051746750924,6.012394864984507,2.7471142520612486,5.879449454200285,95.55614127569847
Colombia,CO,2021-08-01,7.7144613871126415,34.44412698412698,0.9418046556275498,11.406011664423508,10.707742245732147,4.721563981042654,99.01597444089457
Colombia,CO,2021-09-01,12.095554420030659,38.70292474531712,1.8794132272501243,14.301772388059701,17.646484863647736,3.4843787842092517,107.00110864745011
Colombia,CO,2021-10-01,17.695372432566195,42.14610701698174,7.1564535585042215,20.180574555403556,17.674950787401574,2.795320255258804,127.01632208922742
Colombia,CO,2021-11-01,21.686142709410547,46.61412315930388,9.139729148209087,27.243295019157088,19.00076151795913,2.3653660886319847,148.2737020316027
Colombia,CO,2021-12-01,39.495536852843664,68.61581733951026,28.325851393188856,35.512771996215704,17.423409173865434,0.13368737012237358,213.28772522522522
Colombia,CO,2022-01-01,23.140342052313883,48.12504091653028,23.267148472169392,28.25499303297724,14.454332840965042,4.659881656804734,161.19978046103182
Colombia,CO,2022-02-01,25.53320366768547,53.18990559186638,16.02613667301933,30.703629032258064,37.9137187230371,1.5103039670273055,178.49575757575758
Colombia,CO,2022-03-01,23.768979386626444,51.33235581622679,23.277327935222672,29.916037316748113,47.757209302325585,2.9560669456066946,192.50350026925148
Colombia,CO,2022-04-01,23.09323347107438,48.368791946308725,27.484820239680428,31.82442396313364,40.436123946724656,4.050789793438639,195.51408061844285
Colombia,CO,2022-05-01,22.435665914221218,50.380968060586106,21.19200901803607,30.175620767494358,49.18612113918973,3.776235294117647,197.34279475982532
Colombia,CO,2022-06-01,27.03061224489796,52.952949198772586,26.98195468914647,35.11837121212121,41.50994183687272,4.578602620087336,203.4067699368904
Colombia,CO,2022-07-01,34.56158134820071,59.23363243602526,35.109638399176426,40.18092566619916,44.132994380519136,4.2293144208037825,228.78014582164892
Colombia,CO,2022-08-01,33.76560900716479,59.82133421400264,32.64965197215777,43.261474269819196,55.73245910504259,4.496842105263158,242.4164810690423
Colombia,CO,2022-09-01,34.79481132075472,61.81349610037301,29.17420457533526,40.19245463228271,61.34313449634215,2.3944777911164468,243.78604382929643
Colombia,CO,2022-10-01,37.799053129931615,63.72702518720218,33.145019920318724,43.02569169960474,54.32532812063669,2.292411793136781,245.88679245283018
Costa Rica,CR,2020-02-01,-2.3333333333333335,2.933333333333333,-1.1333333333333333,0.3333333333333333,14.733333333333333,-1.2666666666666666,27.666666666666668
Costa Rica,CR,2020-03-01,-28.032258064516128,-11,-29.580645161290324,-28.419354838709676,-8.870967741935484,9.193548387096774,135.80645161290323
Costa Rica,CR,2020-04-01,-58.86666666666667,-36.233333333333334,-61.43333333333333,-61.8,-46.333333333333336,22.533333333333335,287.2
Costa Rica,CR,2020-05-01,-44,-23.967741935483872,-49.806451612903224,-48.096774193548384,-32,17,214.8709677419355
Costa Rica,CR,2020-06-01,-40.93333333333333,-23.8,-49.8,-48.766666666666666,-28.033333333333335,16.366666666666667,207.7
Costa Rica,CR,2020-07-01,-54.25806451612903,-31.70967741935484,-57.70967741935484,-58.483870967741936,-39.483870967741936,20.548387096774192,262.19354838709677
Costa Rica,CR,2020-08-01,-43.70967741935484,-26.096774193548388,-50.41935483870968,-51.806451612903224,-32.516129032258064,16.580645161290324,221.1290322580645
Costa Rica,CR,2020-09-01,-41.46666666666667,-24.966666666666665,-49.266666666666666,-49.666666666666664,-31.866666666666667,14.766666666666667,212
Costa Rica,CR,2020-10-01,-39.41935483870968,-21.741935483870968,-49.25806451612903,-46,-27.516129032258064,13.67741935483871,197.61290322580646
Costa Rica,CR,2020-11-01,-32.4,-17.233333333333334,-47.333333333333336,-42.833333333333336,-24.266666666666666,11.533333333333333,175.6
Costa Rica,CR,2020-12-01,-21.225806451612904,-2.4193548387096775,-32.70967741935484,-31.677419354838708,-23.774193548387096,8.516129032258064,126.83870967741936
Costa Rica,CR,2021-01-01,-32.87096774193548,-15.709677419354838,-41.87096774193548,-39.774193548387096,-25.451612903225808,9.064516129032258,164.74193548387098
Costa Rica,CR,2021-02-01,-26.928571428571427,-9.428571428571429,-40.17857142857143,-36.42857142857143,-19.892857142857142,4.428571428571429,137.28571428571428
Costa Rica,CR,2021-03-01,-24,-4.225806451612903,-37.03225806451613,-32.354838709677416,-18.225806451612904,3.064516129032258,120.83870967741936
Costa Rica,CR,2021-04-01,-28.5,-7.633333333333334,-43.96666666666667,-35,-20.533333333333335,5.633333333333334,141.46666666666667
Costa Rica,CR,2021-05-01,-32.903225806451616,-6.32258064516129,-47.645161290322584,-35.58064516129032,-21.032258064516128,8.741935483870968,153.06451612903226
Costa Rica,CR,2021-06-01,-25.466666666666665,-1.9666666666666666,-39.13333333333333,-30.566666666666666,-19.733333333333334,6.166666666666667,124.76666666666667
Costa Rica,CR,2021-07-01,-20.741935483870968,3.4193548387096775,-36.74193548387097,-26.93548387096774,-16.548387096774192,5.096774193548387,111.41935483870968
Costa Rica,CR,2021-08-01,-17.516129032258064,6.161290322580645,-34.87096774193548,-25.419354838709676,-11.258064516129032,4.258064516129032,99.93548387096774
Costa Rica,CR,2021-09-01,-16.533333333333335,6.933333333333334,-32.96666666666667,-26.566666666666666,-9.9,4.133333333333334,97.1
Costa Rica,CR,2021-10-01,-12.806451612903226,10.064516129032258,-29.161290322580644,-21.838709677419356,-4.67741935483871,3.096774193548387,81.7741935483871
Costa Rica,CR,2021-11-01,-4.266666666666667,15.966666666666667,-20.666666666666668,-16.633333333333333,-3.1333333333333333,2,65.66666666666667
Costa Rica,CR,2021-12-01,9.064516129032258,29.483870967741936,-6.193548387096774,-6.967741935483871,-6.709677419354839,0.7419354838709677,72.90322580645162
Costa Rica,CR,2022-01-01,-5.645161290322581,15.161290322580646,-16.225806451612904,-18.451612903225808,-4.741935483870968,5.419354838709677,72.03225806451613
Costa Rica,CR,2022-02-01,-0.8571428571428571,18.892857142857142,-13.892857142857142,-15.178571428571429,1.9285714285714286,4.821428571428571,64.42857142857143
Costa Rica,CR,2022-03-01,-4.258064516129032,16.774193548387096,-9.32258064516129,-15.548387096774194,14.96774193548387,5.290322580645161,66.2258064516129
Costa Rica,CR,2022-04-01,-6.866666666666666,15.933333333333334,-9.6,-17.033333333333335,5.5,7.433333333333334,81.96666666666667
Costa Rica,CR,2022-05-01,-5.161290322580645,16.870967741935484,-15.806451612903226,-14,18.451612903225808,6.645161290322581,77.19354838709677
Costa Rica,CR,2022-06-01,-5.366666666666666,18.066666666666666,-16.566666666666666,-13.766666666666667,18.9,7.466666666666667,80.8
Costa Rica,CR,2022-07-01,-1.6129032258064515,20,-10.67741935483871,-12.774193548387096,8.612903225806452,8.419354838709678,71.06451612903226
Costa Rica,CR,2022-08-01,-0.6129032258064516,25.322580645161292,-8.32258064516129,-10.741935483870968,17.096774193548388,8.451612903225806,81
Costa Rica,CR,2022-09-01,-1.5333333333333334,22.133333333333333,-11.3,-12.166666666666666,18.666666666666668,6.633333333333334,78.96666666666667
Costa Rica,CR,2022-10-01,-2.4,20.666666666666668,-16.066666666666666,-13.6,16.2,7.133333333333334,78.2
Croatia,HR,2020-02-01,5.590909090909091,3.7804878048780486,18.22543352601156,8.991735537190083,0.4818181818181818,0.01107011070110701,44.32876712328767
Croatia,HR,2020-03-01,-31.818181818181817,-12.511045655375552,-10.302197802197803,-33.83582089552239,-23.94281524926686,9.034068136272545,156.3838028169014
Croatia,HR,2020-04-01,-62.956239870340355,-31.182758620689654,-2.9910979228486645,-65.96478873239437,-48.92121212121212,17.64587973273942,249.9264705882353
Croatia,HR,2020-05-01,-22.403374233128833,-14.308441558441558,27.482649842271293,-38.80107526881721,-24.69208211143695,7.198347107438017,144.34328358208955
Croatia,HR,2020-06-01,7.8584905660377355,6.73044925124792,81.51219512195122,-10.594810379241517,-13.917808219178083,1.8433268858800773,169.13793103448276
Croatia,HR,2020-07-01,23.502304147465438,17.175409836065572,175.0462962962963,16.002028397565923,-15.153166421207658,0.3352272727272727,331.1525423728813
Croatia,HR,2020-08-01,30.79850746268657,21.457765667574932,223.65546218487395,26.71003717472119,-22.967799642218246,0.6841046277665996,423.25742574257424
Croatia,HR,2020-09-01,5.292631578947368,5.1986143187066975,94.14659685863874,0.673352435530086,-11.876949740034663,-1.45,156.35365853658536
Croatia,HR,2020-10-01,-6.1063515509601185,4.560975609756097,33.45794392523364,-9.988483685220729,-10.626099706744869,0.7734627831715211,82.13333333333334
Croatia,HR,2020-11-01,-18.587786259541986,-1.0404721753794266,9.91150442477876,-27.030888030888033,-20.327272727272728,5.051194539249146,99.22112211221122
Croatia,HR,2020-12-01,-43.758620689655174,1.3555194805194806,1.7390029325513197,-40.2153024911032,-36.40029325513196,9.996726677577742,168.4565916398714
Croatia,HR,2021-01-01,-47.23388305847077,-6.475328947368421,2.49002849002849,-42.487001733102254,-34.62756598240469,8.532445923460898,169.1280487804878
Croatia,HR,2021-02-01,-37.402317880794705,7.010909090909091,25.359060402684563,-24.33817427385892,-18.805194805194805,3.0577617328519855,129.8345864661654
Croatia,HR,2021-03-01,-18.834074074074074,13.48841059602649,29.34304207119741,-13.986564299424185,-13.429618768328446,0.7124394184168013,105.13235294117646
Croatia,HR,2021-04-01,-16.26993865030675,13.793162393162394,44.29065743944636,-17.9106463878327,-22.433333333333334,2.692953020134228,139.13846153846154
Croatia,HR,2021-05-01,3.242152466367713,25.99145299145299,84.74545454545455,4.6600397614314115,-8.636363636363637,-1.616260162601626,155.23949579831933
Croatia,HR,2021-06-01,21.385964912280702,37.25668449197861,175.25221238938053,24.278372591006423,-12.415151515151516,-3.5398671096345513,319.9005235602094
Croatia,HR,2021-07-01,47.45440494590417,59.66550522648084,276.515306122449,58.92760180995475,-13.45735294117647,-4.122383252818035,541.7051282051282
Croatia,HR,2021-08-01,66.0388198757764,75.19607843137256,325.53932584269666,73.90220048899755,-14.382570162481537,-2.4951612903225806,667.4710144927536
Croatia,HR,2021-09-01,38.93620414673046,49.74372759856631,197.4537037037037,54.869662921348315,-1.9771341463414633,-4.1011608623548925,410.1345029239766
Croatia,HR,2021-10-01,14.853073463268366,32.88054607508533,76.84429065743944,16.154,-6.395007342143906,-2.760586319218241,171.21311475409837
Croatia,HR,2021-11-01,2.4106870229007633,25.25130890052356,25.08653846153846,-10.905405405405405,-16.324242424242424,1.4531772575250836,94.88
Croatia,HR,2021-12-01,9.943870014771049,32.66442953020134,37.71103896103896,-10.435272045028142,-15.64516129032258,1.2116316639741518,123.47014925373135
Croatia,HR,2022-01-01,-2.8645833333333335,19.03220338983051,20.74404761904762,-19.142589118198874,-18.397360703812318,4.696223316912972,106.63422818791946
Croatia,HR,2022-02-01,7.575409836065574,27.617537313432837,29.84246575342466,-9.099792099792099,-7.262987012987013,0.8453237410071942,90.4922480620155
Croatia,HR,2022-03-01,8.103703703703705,28.577441077441076,47.82993197278912,0.928030303030303,0.5205278592375366,0.3263327948303716,97.5984555984556
Croatia,HR,2022-04-01,23.47244094488189,25.551724137931036,100.5220588235294,27.593220338983052,-4.212121212121212,-0.1127946127946128,212.9094827586207
Croatia,HR,2022-05-01,32.39506172839506,33.77796901893287,151.8235294117647,50.083333333333336,2.7580645161290325,-2.7423014586709886,321.6267942583732
Croatia,HR,2022-06-01,47.4599358974359,47.943636363636365,227.88541666666666,66.98300970873787,-0.2530487804878049,-2.9603305785123966,447.3541666666667
Croatia,HR,2022-07-01,65.14241486068111,68.78330373001776,296.3606557377049,90.16414141414141,-1.0088626292466765,-2.048465266558966,611.7042253521126
Croatia,HR,2022-08-01,75.68266253869969,89.32562277580071,344.0755813953488,95.16321243523316,-7.5525925925925925,1.0541401273885351,725.0144927536232
Croatia,HR,2022-09-01,46.76714513556619,64.69454545454545,196.3444976076555,71.96039603960396,8.85474006116208,-1.825082508250825,413.987012987013
Croatia,HR,2022-10-01,31.95583596214511,51.40217391304348,145.75,59.604651162790695,9.121951219512194,-2.5986622073578594,331.26732673267327
Czechia,CZ,2020-02-01,6.5315589353612165,6.296153846153846,11.983789260385006,5.60200668896321,1.168639053254438,0.041060735671514116,44.8021712907117
Czechia,CZ,2020-03-01,-35.773273273273276,-6.2171344165435745,2.665655032878098,-29.630485893416928,-20.47877274348912,10.220575783234548,140.62685643564356
Czechia,CZ,2020-04-01,-56.229665071770334,-3.7654934965570006,20.050269299820467,-36.534874290348746,-35.0124954061007,14.037053773158608,192.59134262655905
Czechia,CZ,2020-05-01,-25.37451587916344,3.2377079482439926,1.934065934065934,-13.613654618473896,-17.155221745350502,7.691384483497642,120.749375
Czechia,CZ,2020-06-01,8.818818040435458,9.770793407435798,23.47107438016529,2.886230058774139,-6.643171806167401,2.2950683796104436,87.91716766867067
Czechia,CZ,2020-07-01,25.500928332714444,17.264918282022045,112.94380017841213,7.539098055440629,-18.53881602268699,0.7662129703763011,182.65769230769232
Czechia,CZ,2020-08-01,24.853172205438067,18.115407147041594,128.1530612244898,11.236350574712644,-19.316108195397657,0.1382716049382716,201.62523191094618
Czechia,CZ,2020-09-01,10.483704086911537,12.340306122448979,70.99016393442623,14.6,-10.261264822134388,0.27011726647796197,140.4263839811543
Czechia,CZ,2020-10-01,-26.415555555555557,7.133283693224125,23.093400447427292,-13.614070760471737,-16.725629209500177,8.244950422328314,128.20830860534124
Czechia,CZ,2020-11-01,-47.5147859922179,-5.236872364890763,9.340677055346587,-26.196339434276208,-22.93113553113553,11.59831675592961,162.0102564102564
Czechia,CZ,2020-12-01,-26.64664441972562,6.512658227848101,9.147183846971307,-18.433870967741935,-26.045728465083304,11.05525064032199,136.94107648725213
Czechia,CZ,2021-01-01,-53.896133434420015,-9.309655937846836,0.8847093307278946,-29.3953394937726,-24.032258064516128,12.048237476808906,156.31735278791038
Czechia,CZ,2021-02-01,-46.83810709838107,0.9617283950617284,5.532349602724177,-23.487935656836463,-21.517268445839875,10.372453137734311,141.31623415811708
Czechia,CZ,2021-03-01,-48.86694308330192,1.0177909562638991,-1.9617542070372258,-30.937925510612736,-23.919532080822403,12.75966139124034,154.75845147219192
Czechia,CZ,2021-04-01,-36.16248097412481,9.433076923076923,24.67096018735363,-12.779797125950973,-19.557142857142857,9.020415879017014,152.3635220125786
Czechia,CZ,2021-05-01,-11.051451672179345,24.48591813743898,44.479242979242976,10.683703393380812,-7.536689117334278,3.2046289493019837,130.04026402640264
Czechia,CZ,2021-06-01,16.495782208588956,32.12757681835861,87.5980471928397,27.12008830022075,-1.0450549450549451,-1.144736842105263,162.63580786026202
Czechia,CZ,2021-07-01,24.11965811965812,31.810325047801147,124.29155787641427,20.615942028985508,-20.081531371853952,0.5806921675774135,215.4435261707989
Czechia,CZ,2021-08-01,29.219539375928676,33.985867074102366,108.04180602006689,23.761270931730355,-15.292095001772422,0.8044509303174024,203.05249110320284
Czechia,CZ,2021-09-01,19.813429988553988,28.980881779165042,77.55249042145594,31.39017857142857,-7.004395604395604,-0.06203007518796992,167.9783693843594
Czechia,CZ,2021-10-01,8.173318551367332,22.897368421052633,41.84664351851852,16.83868243243243,-8.237504431052818,1.7379816513761468,115.09402795425667
Czechia,CZ,2021-11-01,-3.9666792881484287,23.743055555555557,4.439978847170809,4.876982426060866,-9.45897435897436,4.889099167297502,85.7045191193511
Czechia,CZ,2021-12-01,-9.526779163609685,21.20806873365708,1.416375436844733,-6.560855263157895,-24.980857851825593,9.24899304284145,129.47402952433023
Czechia,CZ,2022-01-01,-15.96360294117647,10.304882594111069,-6.844075829383886,-5.912396694214876,-10.560085076214108,6.633839318770826,88.52255054432348
Czechia,CZ,2022-02-01,-5.2386178861788615,17.53454695904013,6.041597337770383,1.3184947223497017,-9.615384615384615,4.9679643146796435,79.55428226779252
Czechia,CZ,2022-03-01,-2.779001468428781,22.932184338703635,25.508379888268156,12.821114369501466,-4.011343495214463,2.924142961342086,88.49297495418449
Czechia,CZ,2022-04-01,-0.22449753507773987,25.22848200312989,34.07640172520025,17.80629645824224,-7.207692307692308,2.921301551267499,116.95918367346938
Czechia,CZ,2022-05-01,12.292574806058367,31.5,72.18971759594497,31.174118658641444,1.5285359801488834,-0.8371073776479182,154.6613545816733
Czechia,CZ,2022-06-01,14.425629290617849,36.69972342947452,90.81301482701812,35.32766338406446,1.298901098901099,-1.6562617525385483,178.56467439785905
Czechia,CZ,2022-07-01,14.946276398666173,35.9419054996127,116.14595496246872,26.197322970639032,-17.287486706841545,1.5682900036616625,209.88
Czechia,CZ,2022-08-01,19.71291157972623,38.235271467077396,111.546875,27.536941580756015,-11.71534916696207,2.4437568256279576,205.2047970479705
Czechia,CZ,2022-09-01,6.990125332320547,34.5390349156532,57.90782122905028,25.73071837814015,-2.3655677655677656,1.2398343373493976,145.1744097486672
Czechia,CZ,2022-10-01,6.308276385725133,36.60503540519276,50.76631853785901,27.04858657243816,3.9047619047619047,0.9157814871016692,129.0850144092219
Côte d'Ivoire,CI,2020-02-01,0.7021276595744681,0.2366412213740458,4.883333333333334,2.2363636363636363,-0.592391304347826,0.13513513513513514,14.933333333333334
Côte d'Ivoire,CI,2020-03-01,-9.32,-0.34099616858237547,-0.782258064516129,-8.198347107438016,-2.088772845953003,4.486486486486487,58.75806451612903
Côte d'Ivoire,CI,2020-04-01,-28.701923076923077,-12.481481481481481,-15.966666666666667,-32.99264705882353,-10.10427807486631,18.216666666666665,152.18333333333334
Côte d'Ivoire,CI,2020-05-01,-17.75,-1.255639097744361,-11.379032258064516,-25.46153846153846,-2.2243243243243245,13.761904761904763,101.30645161290323
Côte d'Ivoire,CI,2020-06-01,-3.619565217391304,5.4417670682730925,-8.45,-15.450381679389313,4.495798319327731,8.924242424242424,57.86666666666667
Côte d'Ivoire,CI,2020-07-01,2.532608695652174,12.450980392156863,1.532258064516129,-3.302325581395349,1.257372654155496,6.823529411764706,40.16129032258065
Côte d'Ivoire,CI,2020-08-01,4.905405405405405,14.28930817610063,8.353658536585366,3.610526315789474,-5.1466666666666665,5.597014925373134,50.24
Côte d'Ivoire,CI,2020-09-01,6.181818181818182,17.128342245989305,3.5652173913043477,9.454545454545455,-7.657992565055762,6.375,63.25
Côte d'Ivoire,CI,2020-10-01,-3.6842105263157894,23.073469387755104,-11.846774193548388,-1.2540983606557377,-16.40153452685422,4.5181818181818185,81.88709677419355
Côte d'Ivoire,CI,2020-11-01,-6.791208791208791,16.24313725490196,-18.958333333333332,-8.557377049180328,-12.785145888594165,7.733333333333333,93.41666666666667
Côte d'Ivoire,CI,2020-12-01,7.662790697674419,35.04897959183673,-3,18.1875,-11.548469387755102,4.0265486725663715,95.35483870967742
Côte d'Ivoire,CI,2021-01-01,-0.21505376344086022,25.41434262948207,-10.935483870967742,4.380165289256198,-14.297435897435898,4.310679611650485,84.58064516129032
Côte d'Ivoire,CI,2021-02-01,3.6904761904761907,27.666666666666668,-12.383928571428571,6.401960784313726,-20.29494382022472,-2.089108910891089,84.76785714285714
Côte d'Ivoire,CI,2021-03-01,8.13978494623656,34.906882591093115,-11.564516129032258,17.037735849056602,-17.30126582278481,-1.9363636363636363,95.62903225806451
Côte d'Ivoire,CI,2021-04-01,8.951807228915662,39.04867256637168,-11.966666666666667,21.160377358490567,-17.230366492146597,-0.4519230769230769,111.83333333333333
Côte d'Ivoire,CI,2021-05-01,16.91358024691358,48.379912663755455,-6.32258064516129,22.62962962962963,-14.75765306122449,-0.9819819819819819,143.43548387096774
Côte d'Ivoire,CI,2021-06-01,23.753424657534246,60.14418604651163,1.8,28.04901960784314,-9.075916230366492,-2.1203703703703702,164.35
Côte d'Ivoire,CI,2021-07-01,30.013698630136986,69.20833333333333,10.64516129032258,42.91836734693877,-12.220812182741117,-1.037037037037037,203.80645161290323
Côte d'Ivoire,CI,2021-08-01,35.25714285714286,72.06818181818181,15.814516129032258,42.08910891089109,-10.745547073791348,-0.39814814814814814,224.20967741935485
Côte d'Ivoire,CI,2021-09-01,38.25757575757576,73.26666666666667,15.333333333333334,47.306930693069305,-6.458115183246074,-0.22857142857142856,235.21666666666667
Côte d'Ivoire,CI,2021-10-01,39.94117647058823,82.55348837209303,21.612903225806452,46.12871287128713,-0.4858611825192802,-0.954954954954955,247.24193548387098
Côte d'Ivoire,CI,2021-11-01,46.859375,88.38461538461539,27.218487394957982,44.02803738317757,3.079155672823219,-1.4390243902439024,280.28333333333336
Côte d'Ivoire,CI,2021-12-01,52.71641791044776,91.88532110091744,23.798387096774192,40.63793103448276,11.237726098191214,-1.6165413533834587,299.35483870967744
Côte d'Ivoire,CI,2022-01-01,42.67164179104478,77.64840182648402,23.89516129032258,24.6171875,23.52659574468085,3.9126984126984126,269.51612903225805
Côte d'Ivoire,CI,2022-02-01,53.67857142857143,85.32307692307693,31.871559633027523,33.25,35.154761904761905,5.52542372881356,319.1607142857143
Côte d'Ivoire,CI,2022-03-01,58.91935483870968,109.96618357487922,59.23863636363637,46.56637168141593,76.39944903581267,14.919642857142858,361.43548387096774
Côte d'Ivoire,CI,2022-04-01,54.21666666666667,112.04975124378109,62.55172413793103,51.839622641509436,65.90571428571428,20.294117647058822,349.5
Côte d'Ivoire,CI,2022-05-01,57.95161290322581,112.61734693877551,62.883720930232556,48.48739495798319,71.85833333333333,18.952830188679247,368.4193548387097
Côte d'Ivoire,CI,2022-06-01,58.21666666666667,115.14893617021276,66.82558139534883,54.00892857142857,69.48710601719198,20.865384615384617,382.01666666666665
Côte d'Ivoire,CI,2022-07-01,60.79032258064516,116.63829787234043,67.0111111111111,60.526785714285715,61.4404432132964,21.71153846153846,384.758064516129
Côte d'Ivoire,CI,2022-08-01,71.11290322580645,119.5026455026455,83.17857142857143,65.72072072072072,64.61878453038673,24.125,435.56451612903226
Côte d'Ivoire,CI,2022-09-01,73.15,121.81318681318682,85.96341463414635,68.85849056603773,76.39942528735632,21.192307692307693,452.6
Côte d'Ivoire,CI,2022-10-01,71.03333333333333,121.81318681318682,80.90243902439025,64.42307692307692,80.82658959537572,20.02,437.8666666666667
Denmark,DK,2020-02-01,0.6803135888501742,-0.8068376068376069,-10.391459074733095,-2.0151921358355676,-0.9804421768707483,0.7317073170731707,32.16184971098266
Denmark,DK,2020-03-01,-14.908906882591094,-11.247131147540983,20.61904761904762,-34.584766584766584,-29.396961433580053,9.33940917661848,149.95731707317074
Denmark,DK,2020-04-01,-22.53038046564452,-7.878852739726027,75.28080229226362,-43.89795918367347,-45.519905400078834,13.708271787296898,238.07191780821918
Denmark,DK,2020-05-01,-14.101674641148325,0.911590524534687,87.812324929972,-24.609434764130896,-28.50974025974026,8.277085927770859,199.9515570934256
Denmark,DK,2020-06-01,8.86267029972752,4.440846286701209,136.20569620253164,-9.37544642857143,-16.727436174038115,3.3810316139767056,209.22794117647058
Denmark,DK,2020-07-01,20.78284854563691,4.909052982895286,194.11186440677966,-10.144108628996934,-36.80247326203209,5.292817679558011,293.89138576779027
Denmark,DK,2020-08-01,16.305254378648876,3.6642388929351783,219.61748633879782,-5.453982985305491,-20.716222760290556,1.9092908191313909,296.2797619047619
Denmark,DK,2020-09-01,6.8439119170984455,-4.8580285182889025,92.37083333333334,-10.095565271705185,-13.704724409448819,2.107892107892108,150.3170731707317
Denmark,DK,2020-10-01,8.879256965944272,-0.13969050606440825,49.513661202185794,-15.895815542271563,-16.72602280348759,4.527728873239437,115.37854889589906
Denmark,DK,2020-11-01,2.794788273615635,-4.180749128919861,9.787610619469026,-23.39905498281787,-13.907734998265695,5.890574712643678,87.02179836512262
Denmark,DK,2020-12-01,-11.522784176264397,-4.434546214972815,-4.679764243614931,-38.80056292722155,-35.56056056056056,11.497187364777153,141.03456790123457
Denmark,DK,2021-01-01,-41.66205428419372,-18.758534554537885,10.72844827586207,-48.162986752308306,-35.73731944910984,14.350673478866698,194.63783783783785
Denmark,DK,2021-02-01,-33.124361158432706,-8.15831381733021,33.980555555555554,-41.62628062360802,-31.36161541311597,12.585461689587426,185.4314381270903
Denmark,DK,2021-03-01,-9.192741539970573,-0.8689567430025446,50.24164524421594,-32.162894098625706,-25.251420929455033,9.590987124463519,164.2085889570552
Denmark,DK,2021-04-01,-4.020712909441233,-1.7333627148523578,87.37719298245614,-24.477963200684638,-26.28967428967429,8.43668903803132,200.27491408934708
Denmark,DK,2021-05-01,11.533485193621868,4.834862385321101,105.42469879518072,-13.870441870441871,-16.84971098265896,5.498860009119927,184.73378839590444
Denmark,DK,2021-06-01,21.0205054840248,11.41614066726781,170.3029315960912,-5.360975609756098,-10.828254847645429,1.9734160389898094,237.65703971119135
Denmark,DK,2021-07-01,23.65771812080537,13.378997407087295,243.34883720930233,-9.355123674911662,-34.106617647058826,4.685676392572944,341.531914893617
Denmark,DK,2021-08-01,23.733620277379245,11.007388092133855,183,0.7074889867841408,-18.422573060127647,2.802023757149142,257.5034965034965
Denmark,DK,2021-09-01,18.347006129184347,5.385918003565062,124.51898734177215,1.3242518981688254,-9.336096718480139,1.1964444444444444,173.47703180212014
Denmark,DK,2021-10-01,16.017288444040037,3.0170212765957447,68.29333333333334,-9.405902480752781,-17.25101078167116,2.7169553327256155,123.35576923076923
Denmark,DK,2021-11-01,14.811494252873564,3.4058098591549295,27.75925925925926,-10.93026259147654,-14.505858028945555,3.1918113039608365,78.52046783625731
Denmark,DK,2021-12-01,8.591627906976743,4.303647158608991,10.230142566191446,-24.827558092132083,-33.040252827677975,8.7505385609651,124.77525252525253
Denmark,DK,2022-01-01,-3.5893675527039415,-8.104733975701718,9.402777777777779,-29.89666529435982,-22.287629902782434,8.351996328591097,109.19280205655527
Denmark,DK,2022-02-01,4.415894685519259,-5.113128491620111,20.644768856447687,-22.855707762557078,-19.958919319022947,5.8967364831953235,91.39577039274924
Denmark,DK,2022-03-01,5.385220813292523,-2.0164835164835164,44.879265091863516,-15.310530679933665,-11.826782145236509,2.6941478000854335,91.60303030303031
Denmark,DK,2022-04-01,9.861632270168856,2.532656663724625,82.05187319884726,-11.391190580026167,-20.764033264033262,3.1264367816091956,152.10163934426228
Denmark,DK,2022-05-01,15.491423273064441,4.0008602150537635,112.85410334346504,-4.530419880034276,-15.258724832214765,1.3583406884377758,170.74324324324326
Denmark,DK,2022-06-01,16.40972556571979,7.574270557029178,161.93708609271522,1.9387934830471159,-14.094529085872576,0.6328159645232816,216.44599303135888
Denmark,DK,2022-07-01,16.611810261374636,7.43741935483871,211.19155844155844,-2.942130644454187,-34.908968760497146,4.573333333333333,303.8615916955017
Denmark,DK,2022-08-01,18.18481375358166,9.327179046801202,224.63366336633663,3.8080589254766033,-20.23507835945315,3.06145966709347,289.0827586206897
Denmark,DK,2022-09-01,11.562849162011172,3.2560386473429954,102.57993730407523,-2.097711267605634,-12.34451746800415,1.0351267229879946,146.46101694915254
Denmark,DK,2022-10-01,10.705936920222635,4.1294838145231845,72.13414634146342,-5.586975914362177,-11.89066852367688,1.6752136752136753,111.99324324324324
Dominican Republic,DO,2020-02-01,-2.4174757281553396,-2.052980132450331,0.6519337016574586,-2.5705521472392636,-3.32579185520362,1.187793427230047,34.73529411764706
Dominican Republic,DO,2020-03-01,-32.954268292682926,-22.013615733736764,-31.316062176165804,-38.1058495821727,-26.906926406926406,10.356955380577428,168.74358974358975
Dominican Republic,DO,2020-04-01,-66.30828220858896,-49.599435825105786,-59.94307891332471,-79.92287234042553,-57.222832052689355,29.278169014084508,368.84189723320156
Dominican Republic,DO,2020-05-01,-50.98554913294798,-33.230989956958396,-48.824050632911394,-69.61197916666667,-41.250267379679144,22.628985507246377,291.8484848484849
Dominican Republic,DO,2020-06-01,-33.992492492492495,-18.515673981191224,-35.29560585885486,-52.739495798319325,-27.035281146637267,15.179624664879357,205.31058020477815
Dominican Republic,DO,2020-07-01,-29.980882352941176,-14.280811232449299,-31.318240620957308,-45.710743801652896,-29.366737739872068,14.114285714285714,181.4781144781145
Dominican Republic,DO,2020-08-01,-33.74193548387097,-18.592039800995025,-32.925690021231425,-49.34920634920635,-31.37888198757764,13.417322834645669,190.24752475247524
Dominican Republic,DO,2020-09-01,-30.164948453608247,-14.8490990990991,-29.10634328358209,-41.554421768707485,-32.36959553695955,12.06088992974239,166.17241379310346
Dominican Republic,DO,2020-10-01,-29.15182481751825,-6.333868378812199,-31.67450980392157,-33.46808510638298,-30.57112526539278,9.011627906976743,149.06306306306305
Dominican Republic,DO,2020-11-01,-29.501492537313432,-5.451666666666667,-36.00133155792277,-30.939890710382514,-30.249173098125688,8.524475524475525,148.2875
Dominican Republic,DO,2020-12-01,-22.03469079939668,11.021702838063439,-21.27919463087248,-17.68258426966292,-29.78131634819533,8.206611570247935,125.6
Dominican Republic,DO,2021-01-01,-37.88167388167388,-13.739268680445152,-37.83224967490247,-34.656836461126005,-41.78897136797455,10.065371024734983,192.17741935483872
Dominican Republic,DO,2021-02-01,-30.65008025682183,-5.978571428571429,-36.242467718794835,-29.217910447761195,-37.125734430082254,2.473394495412844,147.34782608695653
Dominican Republic,DO,2021-03-01,-23.765140324963074,3.0392798690671032,-32.13116883116883,-18.969101123595507,-33.06574761399788,0.2524271844660194,122.90372670807453
Dominican Republic,DO,2021-04-01,-19.70347003154574,8.09201388888889,-26.131147540983605,-18.381231671554254,-32.851811196487375,0.5,124.95364238410596
Dominican Republic,DO,2021-05-01,-11.05,19.58803418803419,-20.185922974767596,-7.740412979351032,-27.211312700106724,-1.2140522875816993,106.3036303630363
Dominican Republic,DO,2021-06-01,-11.839024390243903,21.796491228070174,-19.616022099447513,-6.015060240963855,-31.547149122807017,-1.505804311774461,114.5085324232082
Dominican Republic,DO,2021-07-01,-1.1865793780687397,31.629173989455186,-11.181198910081743,2.017910447761194,-28.846971307120086,-3.832258064516129,109.51006711409396
Dominican Republic,DO,2021-08-01,2.2504145936981756,33.3125,-8.850340136054422,3.960843373493976,-30.320212765957447,-3.8825448613376836,113.51013513513513
Dominican Republic,DO,2021-09-01,3.398613518197574,32.46028880866426,-11.504895104895105,2.7740963855421685,-27.17324561403509,-4.864013266998342,106.02027027027027
Dominican Republic,DO,2021-10-01,1.9047619047619047,30.79020979020979,-15.039893617021276,1,-23.625,-4.586601307189542,100.40655737704918
Dominican Republic,DO,2021-11-01,5.390625,34.686025408348456,-11.782122905027933,7.7701492537313435,-21.87156970362239,-4.736754966887418,99.36700336700336
Dominican Republic,DO,2021-12-01,15.543739279588337,53.13221601489758,-2.16991643454039,18.685294117647057,-24.14665249734325,-4.575079872204473,131.18666666666667
Dominican Republic,DO,2022-01-01,7.215126050420168,42.74181818181818,-1.8667582417582418,5.844827586206897,-26.100213219616204,1.1346469622331692,112.66775244299674
Dominican Republic,DO,2022-02-01,10.345215759849907,46.11904761904762,-7.583208395802099,9.23003194888179,-9.402366863905325,-1.0178571428571428,100.60507246376811
Dominican Republic,DO,2022-03-01,9.206779661016949,44.73967684021544,2.2510518934081345,3.282051282051282,-4.459051724137931,6.346534653465347,100.28013029315962
Dominican Republic,DO,2022-04-01,9.082456140350876,45.20973782771536,8.3918128654970765,-0.2714285714285714,-11.133037694013304,8.094903339191564,115.22818791946308
Dominican Republic,DO,2022-05-01,8.894736842105264,46.11552346570397,3.8625525946704067,-2.411602209944751,-6.456121343445287,6.570945945945946,105.28896103896103
Dominican Republic,DO,2022-06-01,6.9475524475524475,42.67403314917127,4.309696092619392,-3.0112359550561796,-8.169435215946844,8.09201388888889,102.02033898305085
Dominican Republic,DO,2022-07-01,10.33838383838384,44.67857142857143,5.289139633286319,4.6991643454039,-12.469453376205788,8.441941074523397,107.09271523178808
Dominican Republic,DO,2022-08-01,13.01023890784983,48.54496402877698,8.14080459770115,6.294765840220386,-15.507478632478632,10.098106712564544,114.8
Dominican Republic,DO,2022-09-01,4.180242634315425,40.905730129390015,-4.642553191489362,-4.790960451977401,-14.491169977924946,8.450530035335689,115.74074074074075
Dominican Republic,DO,2022-10-01,6.258620689655173,42.25830258302583,-4.892957746478873,-4.865921787709497,-9.209251101321586,6.701067615658363,102.1554054054054
Ecuador,EC,2020-02-01,3.116062176165803,0.9759036144578314,7.978142076502732,1.456578947368421,-15.931058990760484,2.22,57.39103869653768
Ecuador,EC,2020-03-01,-36.868530020703936,-29.442357512953368,-34.40819249498711,-36.87141858839972,-42.35817539351108,13.918872758326216,194.54545454545453
Ecuador,EC,2020-04-01,-76.1492281303602,-65.81132075471699,-67.40462601381796,-79.91489361702128,-70.01016009852216,34.81211372064277,407.08310991957103
Ecuador,EC,2020-05-01,-61.34911838790932,-50.6794952681388,-54.96115457243054,-71.55344262295083,-52.361236316806185,28.871306005719735,325.97195253505936
Ecuador,EC,2020-06-01,-40.12587763289869,-27.09526938239159,-38.30978110279856,-58.67843866171004,-33.52622905795111,22.5281173594132,222.46810699588477
Ecuador,EC,2020-07-01,-32.105899419729205,-18.883354350567465,-31.940714672441796,-53.40641099026903,-30.2366373902133,20.942307692307693,190.8077304261645
Ecuador,EC,2020-08-01,-29.183599419448477,-15.64463601532567,-28.29448677722994,-49.20686367969495,-28.727810650887573,18.652241112828438,175.8517397881997
Ecuador,EC,2020-09-01,-19.781685467816853,-7.464285714285714,-20.731012658227847,-32.30782029950083,-25.389118457300274,16.4125,135.54851228978006
Ecuador,EC,2020-10-01,-14.003479125248509,0.9705882352941176,-18.1192480359147,-23.755924170616115,-23.19483151760831,13.775647668393782,110.43186003683242
Ecuador,EC,2020-11-01,-13.418724279835391,0.14009661835748793,-21.834878331402084,-24.677675840978594,-21.748743718592966,13.761290322580646,112.74858223062382
Ecuador,EC,2020-12-01,-7.91570496738585,14.818805765271104,-15.820819112627987,-17.850799289520427,-19.441706883413765,12.771867007672634,106.14735866543096
Ecuador,EC,2021-01-01,-17.58399209486166,-4.007352941176471,-25.710920177383592,-25.663307646710138,-25.64094728800611,12.914120126448893,127.57614678899083
Ecuador,EC,2021-02-01,-11.628062360801781,5.960180315552217,-20.278555866791162,-18.477852348993288,-27.45990500139704,8.28912919749573,110.23298969072165
Ecuador,EC,2021-03-01,-6.99288256227758,14.153314917127071,-19.621254946297345,-14.602402402402403,-24.16119328152419,7.362304194037392,98.71521942110178
Ecuador,EC,2021-04-01,-11.282037815126051,14.46503244412401,-22.594769321187187,-16.19242902208202,-27.658195020746888,10.139620653319284,136.4594861660079
Ecuador,EC,2021-05-01,-7.580113343637301,12.70409604519774,-19.320955670696602,-12.623265036351619,-25.58157827962446,10.619916579770594,156.2051020408163
Ecuador,EC,2021-06-01,12.703426124197001,33.94302848575712,-2.323891625615764,0.6660039761431412,-16.957112970711297,6.16701244813278,103.58913934426229
Ecuador,EC,2021-07-01,21.94099051633298,40.05298013245033,4.060587700696758,7.934489402697495,-13.65170831208567,5.077116935483871,118.67098703888335
Ecuador,EC,2021-08-01,30.18977705274606,45.22774480712166,11.667698978011769,16.338815789473685,-12.30441478439425,4.07995951417004,138.25881168177241
Ecuador,EC,2021-09-01,31.794018058690746,45.86117467581998,10.214240305149396,14.539136302294198,-8.669053301511536,4,137.96161825726142
Ecuador,EC,2021-10-01,36.90763274336283,48.71491550330639,13.405797101449275,17.986754966887418,-4.712673838887431,3.477551020408163,150.3069105691057
Ecuador,EC,2021-11-01,39.93367935409458,50.96549079754601,14.218346253229974,19.452380952380953,-6.225573945541911,3.8555900621118013,162.23779193205945
Ecuador,EC,2021-12-01,52.54508902929351,70.64405487804878,20.72327044025157,25.21517331589274,0.3294453084499741,2.2046812749003983,202.46178010471203
Ecuador,EC,2022-01-01,27.732824427480917,43.60190615835777,6.0809741248097415,6.806684141546527,-5.039308176100629,9.655578300921187,140.1673387096774
Ecuador,EC,2022-02-01,45.602053915275995,56.85237698081735,20.95778087927425,18.753159851301117,6.9605493863237875,5.296875,169.36111111111111
Ecuador,EC,2022-03-01,43.23405466970387,54.537051184110005,25.855398457583547,18.36866981769075,16.892667375132838,8.003508771929825,171.04008438818565
Ecuador,EC,2022-04-01,49.045942720763726,61.05420267085624,33.523061497326204,28.73351839000694,20.540896358543417,7.445960125918154,201.30141458106638
Ecuador,EC,2022-05-01,52.27015891701001,66.2545871559633,35.12442996742671,32.268062120189065,27.98846470749794,6.756332320162107,219.02848101265823
Ecuador,EC,2022-06-01,33.50459770114943,49.68735806207419,21.075742735879857,4.525552486187846,23.053277545327756,12.65480616038237,188.8
Ecuador,EC,2022-07-01,54.916866028708135,65.57458143074581,38.111656843483956,38.73314801945796,31.88331485587583,8.397849462365592,229.1760939167556
Ecuador,EC,2022-08-01,61.6540404040404,71.97606177606177,48.21360544217687,46.0828025477707,28.174078091106292,9.54764292878636,255.18907103825137
Ecuador,EC,2022-09-01,59.23067092651757,72.43362136684996,43.243067442656624,40.213467048710605,34.59334092202618,7.274896265560166,248.76185101580134
Ecuador,EC,2022-10-01,59.52731893265565,71.6203125,42.3609022556391,38.096820809248555,32.111944604731676,6.973572938689218,244.23318385650225
Egypt,EG,2020-02-01,1.6785714285714286,2.388095238095238,0.581081081081081,2.9526462395543174,8.533333333333333,-0.040865384615384616,34.300970873786405
Egypt,EG,2020-03-01,-22.47685683530678,-10.058755760368664,-20.54993514915694,-24.20619946091644,-10.466666666666667,6.098692033293698,127.4493670886076
Egypt,EG,2020-04-01,-53.40236686390533,-5.183333333333334,-36.587071240105544,-51.25941422594142,-30.891111111111112,13.57922077922078,206.62981574539364
Egypt,EG,2020-05-01,-50.468822170900694,8.268433179723502,-31.185714285714287,-48.42448979591837,-26.803225806451614,13.47408343868521,197.06280991735537
Egypt,EG,2020-06-01,-43.7103694874851,12.326190476190476,-23.27538247566064,-40.76117318435754,-16.736666666666668,11.226923076923077,162.3258620689655
Egypt,EG,2020-07-01,-23.597432905484247,29.20162224797219,-9.537482319660537,-24.645466847090663,-13.763440860215054,7.221680876979294,121.20608108108108
Egypt,EG,2020-08-01,-17.285714285714285,30.80461811722913,6.4978354978354975,-18.87,-15.489892984542212,5.180722891566265,114.38324873096447
Egypt,EG,2020-09-01,-12.313636363636364,32.573667711598745,8.299618320610687,-11.285971223021583,-9.297746144721234,3.562953995157385,106.13245033112582
Egypt,EG,2020-10-01,-11.83025404157044,53.577188940092164,9.920054200542005,-3.5656292286874156,-8.405376344086022,0.869815668202765,124.3758064516129
Egypt,EG,2020-11-01,-16.523809523809526,41.03928571428571,-5.100274725274725,-4.837988826815643,-3.7955555555555556,0.9428571428571428,113.36258278145695
Egypt,EG,2020-12-01,-16.23041474654378,45.5,-1.5781041388518025,-0.5356662180349933,-1.1344086021505377,2.910138248847926,117.56410256410257
Egypt,EG,2021-01-01,-19.23041474654378,40.19585253456221,-5.69761273209549,-27.285135135135135,-15.630107526881721,2.7672811059907834,137.0990415335463
Egypt,EG,2021-02-01,-19.207908163265305,41.42602040816327,-9.665204678362572,-38.8997005988024,-17.089285714285715,-1.9451530612244898,145.63908450704224
Egypt,EG,2021-03-01,-9.53110599078341,58.607142857142854,3.1042780748663104,-23.454054054054055,-7.848387096774194,-4.087557603686636,137.92903225806452
Egypt,EG,2021-04-01,-8.04642857142857,69.94285714285714,6.287101248266297,-21.594405594405593,-7.753333333333333,-1.6004756242568372,155.49161073825502
Egypt,EG,2021-05-01,-0.0034682080924855457,88.34486735870819,20.370725034199726,-19.938858695652176,-15.36021505376344,-1.2889908256880733,182.80519480519482
Egypt,EG,2021-06-01,13.453771289537713,106.6578631452581,35.68035190615836,-9.707454289732771,-5.8677777777777775,-8.296511627906977,201.2864406779661
Egypt,EG,2021-07-01,19.234169653524493,119.74193548387096,49.5290611028316,-6.0845839017735335,-13.034408602150538,-7.582106455266138,239.87290969899666
Egypt,EG,2021-08-01,19.898446833930706,122.52688172043011,50.75074626865672,-0.32564450474898243,-3.8311827956989246,-8.518018018018019,239.65723793677205
Egypt,EG,2021-09-01,23.321472392638036,129.67277167277166,50.38787878787879,2.0325318246110324,1.0977777777777777,-8.803030303030303,242.64695652173913
Egypt,EG,2021-10-01,28.83949191685912,137.92956120092379,50.098314606741575,11.087016574585636,3.0451612903225804,-9.587373167981962,261.71794871794873
Egypt,EG,2021-11-01,27.27857142857143,135.28452380952382,45.29857142857143,10.85,11.171111111111111,-9.595127610208817,264.22007042253523
Egypt,EG,2021-12-01,22.108294930875577,125.9942396313364,36.38651994497937,8.273972602739725,20.2,-7.2362204724409445,249.2533783783784
Egypt,EG,2022-01-01,14.22004608294931,113.5,28.84426229508197,0.8972972972972972,18.274193548387096,-2.7929465301478955,224.7206611570248
Egypt,EG,2022-02-01,25.8609693877551,127.76020408163265,47.30521472392638,11.28335832083958,22.271428571428572,-3.1878172588832485,260.9208103130755
Egypt,EG,2022-03-01,24.851382488479263,138.6820276497696,60.308228730822876,20.206611570247933,39.391397849462365,2.532258064516129,299.7013651877133
Egypt,EG,2022-04-01,22.909415971394516,142.52807646356032,61.10834553440703,10.923512747875353,30.897777777777776,8,293.83629893238435
Egypt,EG,2022-05-01,27.17939814814815,136.82638888888889,75.70827285921625,12.587671232876712,21.73010752688172,6.574884792626728,292.66089965397924
Egypt,EG,2022-06-01,24.06879606879607,130.48540145985402,77.05754276827372,14.520393811533053,27.446666666666665,5.4869047619047615,287.2716049382716
Egypt,EG,2022-07-01,32.12066905615293,141.03237410071944,92.9453125,31.282758620689656,15.356989247311828,6.933179723502304,317.22340425531917
Egypt,EG,2022-08-01,33.97371565113501,143.27956989247312,97.50078492935636,79.45338983050847,31.22795698924731,6.139400921658986,343.4401473296501
Egypt,EG,2022-09-01,33.47037037037037,145.040490797546,92.5940594059406,51.364285714285714,35.13666666666666,4.242857142857143,328.2377358490566
Egypt,EG,2022-10-01,34.455635491606714,146.60859188544154,87.80564263322884,29.818181818181817,32.16444444444444,3.5142857142857142,314.19029850746267
El Salvador,SV,2020-02-01,-0.8493975903614458,0.448,-2.017777777777778,-1.3963963963963963,5.511111111111111,-0.625,18.775510204081634
El Salvador,SV,2020-03-01,-32.44,-17.8671875,-27.711827956989247,-34.100806451612904,-20.64516129032258,10.407239819004525,148.66315789473686
El Salvador,SV,2020-04-01,-69.52234636871508,-52.654761904761905,-60.18222222222222,-67.23420074349443,-56.153333333333336,31.352201257861637,348.97484276729557
El Salvador,SV,2020-05-01,-71.25268817204301,-54.874524714828894,-61.39784946236559,-70.45486111111111,-52.57204301075269,30.725609756097562,355.6036585365854
El Salvador,SV,2020-06-01,-57.46478873239437,-38.65758754863813,-51.55111111111111,-63.27985074626866,-43.6,25.058479532163744,291.05263157894734
El Salvador,SV,2020-07-01,-49.18836565096953,-30.091872791519435,-45.660215053763444,-55.80608365019011,-39.255913978494625,21.792134831460675,250.24157303370785
El Salvador,SV,2020-08-01,-45.9059829059829,-26.427027027027027,-40.89473684210526,-53.833333333333336,-37.369565217391305,17.894444444444446,229.03333333333333
El Salvador,SV,2020-09-01,-29.047430830039527,-15.155440414507773,-33.43333333333333,-35.11731843575419,-31.435393258426966,12.829493087557603,156.95238095238096
El Salvador,SV,2020-10-01,-24.132183908045977,-8.122047244094489,-32.19569892473118,-26.472340425531915,-27.270967741935483,9.629746835443038,128.06572769953053
El Salvador,SV,2020-11-01,-19.214285714285715,-5.662601626016261,-32.593333333333334,-24.67713004484305,-24.635555555555555,8.954692556634305,118.61244019138756
El Salvador,SV,2020-12-01,-5.090116279069767,12.124,-13.96774193548387,-10.21875,-22.43010752688172,6.240853658536586,98.47004608294931
El Salvador,SV,2021-01-01,-12.783236994219653,-4.233201581027668,-24.739784946236558,-22.803418803418804,-24.763440860215052,5.432601880877743,104.58064516129032
El Salvador,SV,2021-02-01,-10.54983922829582,4.4104803493449785,-23.590476190476192,-20.187793427230048,-23.35952380952381,1.0342465753424657,91.02551020408163
El Salvador,SV,2021-03-01,-4.005847953216374,16.309236947791163,-18.791397849462367,-12.582608695652175,-23.010752688172044,-0.5370919881305638,85.43778801843318
El Salvador,SV,2021-04-01,-1.4174174174174174,20.116182572614107,-15.497777777777777,-11.01834862385321,-22.364444444444445,-0.4411764705882353,91.47867298578198
El Salvador,SV,2021-05-01,6.994065281899109,35.192622950819676,-11.647311827956988,0.9506726457399103,-15.825806451612904,-1.9119318181818181,89.76497695852535
El Salvador,SV,2021-06-01,10.115853658536585,37.69456066945607,-9.04,6.5607476635514015,-15.506666666666666,-3.454022988505747,92.12857142857143
El Salvador,SV,2021-07-01,14.930513595166163,41.67886178861789,-6.167741935483871,11.642857142857142,-12.397849462365592,-3.9831460674157304,97.0184331797235
El Salvador,SV,2021-08-01,17.722397476340696,42.160493827160494,-2.3161290322580643,11.506787330316742,-15.78494623655914,-3.045070422535211,108.61290322580645
El Salvador,SV,2021-09-01,18.080128205128204,45.17796610169491,-3.988888888888889,9.710280373831775,-10.315555555555555,-3.1982758620689653,103.23809523809524
El Salvador,SV,2021-10-01,21.55485893416928,48.86008230452675,-3.552688172043011,13.454954954954955,-7.352688172043011,-3.460227272727273,110.31797235023042
El Salvador,SV,2021-11-01,28.768166089965398,56.07627118644068,3.986666666666667,22.47196261682243,-6.444444444444445,-3.4798850574712645,137.4857142857143
El Salvador,SV,2021-12-01,44.663003663003664,74.45188284518828,22.843010752688173,36.707207207207205,-5.550537634408602,-4.307479224376731,207.95283018867926
El Salvador,SV,2022-01-01,28.73611111111111,54.89754098360656,10.561290322580644,21.14864864864865,-0.9655913978494624,1.7774647887323944,145.10091743119267
El Salvador,SV,2022-02-01,33.62595419847328,54.54090909090909,11.123809523809523,26.495,10.50952380952381,0.9166666666666666,149.42857142857142
El Salvador,SV,2022-03-01,33.18505338078292,49.55327868852459,19.023706896551722,29.55504587155963,20.55698924731183,4.520891364902507,162.4700460829493
El Salvador,SV,2022-04-01,35.21739130434783,47.436440677966104,22.408577878103838,25.834123222748815,9.697777777777778,6.706948640483383,168.2439024390244
El Salvador,SV,2022-05-01,35.27835051546392,50.44444444444444,15.53448275862069,30.10091743119266,18.78494623655914,5.696883852691218,167.21759259259258
El Salvador,SV,2022-06-01,34.514388489208635,50.16525423728814,14.86,29.252380952380953,16.73777777777778,6.904191616766467,167.66507177033492
El Salvador,SV,2022-07-01,40.81118881118881,53.82716049382716,20.10537634408602,32.95852534562212,22.266666666666666,5.997084548104956,185.17972350230414
El Salvador,SV,2022-08-01,44.30882352941177,57.442622950819676,26.16702819956616,38.31797235023041,20.419354838709676,7.19364161849711,204.45070422535213
El Salvador,SV,2022-09-01,42.04428044280443,54.71610169491525,19.566964285714285,35.86854460093897,25.644444444444446,5.519061583577713,196.79904306220095
El Salvador,SV,2022-10-01,37.5177304964539,51.00847457627118,13.733333333333333,33.00952380952381,24.6,6.096969696969697,192.7047619047619
Estonia,EE,2020-02-01,0.863013698630137,0.9422222222222222,8.209302325581396,1.3775510204081634,-12.945652173913043,1.8985507246376812,48.583333333333336
Estonia,EE,2020-03-01,-24.756696428571427,-5.256465517241379,7.426829268292683,-21.578703703703702,-22.811855670103093,8.863309352517986,123.63380281690141
Estonia,EE,2020-04-01,-49.025,-18.25531914893617,10.776470588235295,-38.85909090909091,-43.37859007832898,16.129032258064516,212.07042253521126
Estonia,EE,2020-05-01,-16.556701030927837,0.5431472081218274,49.16438356164384,-13.454545454545455,-27.971052631578946,7.705426356589148,153.90769230769232
Estonia,EE,2020-06-01,6.98019801980198,13.834285714285715,114.5079365079365,6.1139896373057,-25.010443864229764,0.9856115107913669,175.63492063492063
Estonia,EE,2020-07-01,20.03960396039604,18.463687150837988,120.48484848484848,11.039800995024876,-31.022670025188916,1,181.0909090909091
Estonia,EE,2020-08-01,14.65925925925926,13.603305785123966,136,7.544776119402985,-26.070247933884296,-0.05223880597014925,189.69444444444446
Estonia,EE,2020-09-01,2.329192546583851,7.559440559440559,59.06,2.9539473684210527,-11.589473684210526,-1.0538922155688624,94.65306122448979
Estonia,EE,2020-10-01,2.2146118721461185,9.494791666666666,18.023255813953487,-0.5609756097560976,-9.452442159383033,0.4858490566037736,60.25
Estonia,EE,2020-11-01,-6.419047619047619,5.421621621621622,-5.119565217391305,-12.05911330049261,-8.600536193029491,3.5784313725490198,69.93023255813954
Estonia,EE,2020-12-01,-11.711711711711711,7.481283422459893,7.7701149425287355,-20.58490566037736,-30.301507537688444,9.023696682464456,117.5
Estonia,EE,2021-01-01,-24.622222222222224,-4.372448979591836,-4.3076923076923075,-26.407239819004523,-20.83727034120735,8.0935960591133,127.38144329896907
Estonia,EE,2021-02-01,-19.85,-0.0847457627118644,-10,-24.586734693877553,-18.861189801699716,7.303191489361702,105.15555555555555
Estonia,EE,2021-03-01,-36.478070175438596,-0.32642487046632124,-8.505050505050505,-31.21875,-29.047858942065492,10.89622641509434,148.8279569892473
Estonia,EE,2021-04-01,-31.06756756756757,9.627027027027028,27.59259259259259,-22.05263157894737,-29.041884816753928,7.759803921568627,156.68421052631578
Estonia,EE,2021-05-01,-2.004694835680751,21.121052631578948,49.57142857142857,-3.5776699029126213,-10.452631578947368,1.5817307692307692,116.63013698630137
Estonia,EE,2021-06-01,20.111702127659573,32.843023255813954,130.78333333333333,9.858638743455497,-17.446194225721786,-1.6956521739130435,201.35
Estonia,EE,2021-07-01,30.46524064171123,36.619883040935676,147.0793650793651,14.292929292929292,-26.710594315245476,-0.4481132075471698,221.22222222222223
Estonia,EE,2021-08-01,21.276923076923076,29.011049723756905,86.65671641791045,7.378109452736318,-17.537662337662336,1.5497630331753554,151.61194029850745
Estonia,EE,2021-09-01,10.826732673267326,23.907103825136613,45.88405797101449,3.6464646464646466,-7.476315789473684,0.2932692307692308,93.41791044776119
Estonia,EE,2021-10-01,0.3933649289099526,14.151041666666666,19.83132530120482,-11.15311004784689,-12.121052631578948,2.0673076923076925,75.5
Estonia,EE,2021-11-01,-4.8,12.956521739130435,-3.131868131868132,-16.461165048543688,-11.214659685863875,3.753623188405797,70.65116279069767
Estonia,EE,2021-12-01,-1.3785046728971964,17.24468085106383,9.219780219780219,-15.199052132701421,-21.654135338345863,6.149532710280374,97.10588235294118
Estonia,EE,2022-01-01,-15.33953488372093,4.75,-7.643564356435643,-22.31192660550459,-15.192708333333334,7.029268292682927,95.17391304347827
Estonia,EE,2022-02-01,-13.4375,8.410404624277456,-3.466666666666667,-21.93846153846154,-18.03399433427762,7.566844919786096,93.44578313253012
Estonia,EE,2022-03-01,-7.63849765258216,12.010582010582011,-1.134020618556701,-10.204761904761904,-8.1738035264483635,4.15962441314554,67.31182795698925
Estonia,EE,2022-04-01,0.6747572815533981,16.311827956989248,11.629213483146067,-2.3613861386138613,-9.056149732620321,2.2758620689655173,70.86904761904762
Estonia,EE,2022-05-01,5.469194312796208,20.746031746031747,40.32432432432432,4.966183574879227,-3.204134366925065,-0.5,79.32394366197182
Estonia,EE,2022-06-01,13.275510204081632,27.477272727272727,101.78125,13.469072164948454,-16.365535248041777,-0.961352657004831,162.31746031746033
Estonia,EE,2022-07-01,22.443298969072163,30.929347826086957,119.75,13.975247524752476,-26.102631578947367,1.25,185.234375
Estonia,EE,2022-08-01,19.015463917525775,24.735449735449734,130.22222222222223,18.054726368159205,-14.035353535353535,1.5972222222222223,188.33333333333334
Estonia,EE,2022-09-01,8.419191919191919,16.62162162162162,48.816901408450704,7.7611940298507465,-4.644736842105263,1.0528846153846154,86.85507246376811
Estonia,EE,2022-10-01,7.58,14.387096774193548,32.717948717948715,6.49,-2.2349726775956285,1.52,66.94444444444444
Fiji,FJ,2020-02-01,0.9333333333333333,-2.2,-0.8666666666666667,3.3333333333333335,7.666666666666667,0.4,19.533333333333335
Fiji,FJ,2020-03-01,-8.741935483870968,-7.290322580645161,-7.129032258064516,-13.96774193548387,0.41935483870967744,5.967741935483871,61.70967741935484
Fiji,FJ,2020-04-01,-39.4,-26.966666666666665,-23.5,-52.1,-31.2,18.866666666666667,192.03333333333333
Fiji,FJ,2020-05-01,-18.903225806451612,-8.03225806451613,-10.03225806451613,-27.258064516129032,-12.35483870967742,11.96774193548387,89.19354838709677
Fiji,FJ,2020-06-01,-13.666666666666666,-3.9,-5.433333333333334,-25.366666666666667,-8.266666666666667,10.2,66.96666666666667
Fiji,FJ,2020-07-01,-7.451612903225806,5.419354838709677,-8.67741935483871,-22.258064516129032,-6.193548387096774,7.225806451612903,58.12903225806452
Fiji,FJ,2020-08-01,-0.3,9.090909090909092,-5.035714285714286,-16.96551724137931,-3.896551724137931,4.032258064516129,43.65
Fiji,FJ,2020-09-01,4.090909090909091,5.56,-1.4814814814814814,-15.620689655172415,-6.931034482758621,7.2,45.04761904761905
Fiji,FJ,2020-10-01,2.4838709677419355,5.419354838709677,-12.741935483870968,-18.774193548387096,-3.161290322580645,5.935483870967742,55.29032258064516
Fiji,FJ,2020-11-01,-0.9,2.3666666666666667,-16.333333333333332,-22.833333333333332,-10.766666666666667,7.2,72.33333333333333
Fiji,FJ,2020-12-01,1.3548387096774193,5.483870967741935,-5.32258064516129,-24.129032258064516,-18.096774193548388,9.193548387096774,94.54838709677419
Fiji,FJ,2021-01-01,-6.193548387096774,-6.870967741935484,-10.838709677419354,-28.580645161290324,-18.774193548387096,8.806451612903226,86.83870967741936
Fiji,FJ,2021-02-01,1.0357142857142858,0.25,-23.75,-32.714285714285715,-14.535714285714286,3,84
Fiji,FJ,2021-03-01,15.741935483870968,12.193548387096774,-24.70967741935484,-19.612903225806452,-5.612903225806452,1.2903225806451613,81.2258064516129
Fiji,FJ,2021-04-01,-2.2333333333333334,4.866666666666666,-27.6,-28.666666666666668,-20.433333333333334,11,129.4
Fiji,FJ,2021-05-01,-44.483870967741936,-19.612903225806452,-37.03225806451613,-60.516129032258064,-49.935483870967744,33.903225806451616,248.25806451612902
Fiji,FJ,2021-06-01,-23.366666666666667,-2.566666666666667,-19.3,-52.766666666666666,-32.333333333333336,25.7,159.23333333333332
Fiji,FJ,2021-07-01,-23.35483870967742,-2.935483870967742,-21.193548387096776,-54.45161290322581,-33.45161290322581,28,165.90322580645162
Fiji,FJ,2021-08-01,-10.64516129032258,8.290322580645162,-16.225806451612904,-52.12903225806452,-24.741935483870968,22.806451612903224,138.51612903225808
Fiji,FJ,2021-09-01,-0.06666666666666667,17,-7.6,-46.266666666666666,-17.3,17.233333333333334,111.8
Fiji,FJ,2021-10-01,20,30.806451612903224,0.41935483870967744,-29.806451612903224,-5.516129032258065,9.774193548387096,103.61290322580645
Fiji,FJ,2021-11-01,27.066666666666666,35.13333333333333,-0.23333333333333334,-20.866666666666667,0.03333333333333333,5.833333333333333,103.23333333333333
Fiji,FJ,2021-12-01,31.548387096774192,37.38709677419355,0.16129032258064516,-20.64516129032258,-2.4193548387096775,4.32258064516129,114.09677419354838
Fiji,FJ,2022-01-01,12.129032258064516,24.516129032258064,-6.32258064516129,-30.838709677419356,-2.7419354838709675,11.67741935483871,106.54838709677419
Fiji,FJ,2022-02-01,25.821428571428573,36.82142857142857,5.142857142857143,-17,16.821428571428573,9.071428571428571,114.17857142857143
Fiji,FJ,2022-03-01,32.12903225806452,44.16129032258065,64.06451612903226,-15.161290322580646,25.29032258064516,11.35483870967742,192.16129032258064
Fiji,FJ,2022-04-01,40.36666666666667,53.63333333333333,78,-6.266666666666667,22.133333333333333,11.7,221.1
Fiji,FJ,2022-05-01,46.45161290322581,58.354838709677416,76.83870967741936,-2.096774193548387,32.064516129032256,10.32258064516129,229.09677419354838
Fiji,FJ,2022-06-01,45.4,58.13333333333333,77.03333333333333,-0.7666666666666667,35.03333333333333,12,231.43333333333334
Fiji,FJ,2022-07-01,47.516129032258064,63.70967741935484,81.58064516129032,4.225806451612903,28.967741935483872,13.870967741935484,241.3548387096774
Fiji,FJ,2022-08-01,49.483870967741936,68.61290322580645,83.96774193548387,7.774193548387097,37.483870967741936,15.419354838709678,263.1290322580645
Fiji,FJ,2022-09-01,56.03333333333333,70.53333333333333,84.3,7.933333333333334,37.766666666666666,12.566666666666666,274.93333333333334
Fiji,FJ,2022-10-01,58.06666666666667,68.73333333333333,81.06666666666666,7.933333333333334,23.466666666666665,13.8,275.06666666666666
Finland,FI,2020-02-01,5.146680942184155,2.5098253275109172,17.816568047337277,1.717910447761194,-9.232094288304625,1.34375,55.92926829268293
Finland,FI,2020-03-01,-19.882065217391304,-6.0046680497925315,25.734833659491194,-28.031165311653115,-20.750428816466552,7.14828897338403,120.69212690951821
Finland,FI,2020-04-01,-43.285714285714285,-13.006305832895428,43.93123543123543,-50.92814765985498,-41.38709677419355,13.128612716763005,225.84525547445256
Finland,FI,2020-05-01,-29.2414605418139,-1.8217770929635335,68.99077733860342,-39.229595222295956,-28.35258358662614,7.358870967741935,206.28155339805826
Finland,FI,2020-06-01,0.7974683544303798,11.989047097480832,139.84957627118644,-21.59591539022611,-30.44683491932147,1.414361001317523,239.270783847981
Finland,FI,2020-07-01,15.492019812878372,14.2486602357985,159.92747252747253,-18.513129879347055,-35.61975695805567,2.1718346253229974,244.1
Finland,FI,2020-08-01,7.481927710843373,7.74741506646972,159.89705882352942,-19.38364055299539,-23.824158204168892,-0.423728813559322,231.82142857142858
Finland,FI,2020-09-01,-0.8407272727272728,3.2350515463917526,102.5906976744186,-19.828125,-11.813793103448276,0.178343949044586,155.5785536159601
Finland,FI,2020-10-01,-6.045385007649158,1.2219321148825066,61.250917992656056,-29.195753151957533,-13.536681051392703,3.868803204807211,132.3633952254642
Finland,FI,2020-11-01,-8.58395324123273,-1.5727370689655173,23.888548057259715,-33.99389830508475,-8.644426362896663,5.481286241433843,99.03628117913833
Finland,FI,2020-12-01,-12.782654680063459,1.8908045977011494,18.366565961732125,-40.87029831387808,-25.134165366614663,9.765182186234817,135.92978482446208
Finland,FI,2021-01-01,-24.13497899159664,-10.812597605413847,8.052351375332742,-42.529411764705884,-19.02826855123675,9.476240208877284,132.33841463414635
Finland,FI,2021-02-01,-17.825862068965517,-2.7354130560369727,13.770392749244714,-39.627507163323784,-13.302688638334779,8.095426312817617,114.10935738444194
Finland,FI,2021-03-01,-23.03846153846154,2.80042689434365,26.815682281059065,-43.19614147909968,-20.66120857699805,8.93169261677549,142.92663656884875
Finland,FI,2021-04-01,-12.93358737071312,8.893675027262814,55.52220888355342,-37.59010840108401,-16.094736842105263,6.75,158.04817708333334
Finland,FI,2021-05-01,1.11395101171459,14.262208067940552,87.10848400556328,-30.481506388702083,-10.139250493096647,3.3564206268958543,176.19968304278922
Finland,FI,2021-06-01,18.703745108999442,27.484383872799544,194.70283018867926,-20.387813620071686,-23.83083771752327,0.5173279758915118,295.47680412371136
Finland,FI,2021-07-01,32.89555555555555,33.39309954751131,234.23636363636365,-14.507452093683463,-32.614901960784316,1.306930693069307,332.2900552486188
Finland,FI,2021-08-01,16.959481361426256,21.98901098901099,139.24710424710426,-16.9547983310153,-18.22930693069307,1.9877149877149878,213.26526315789474
Finland,FI,2021-09-01,8.818867924528302,13.869832402234637,105.71169686985174,-20.02263083451202,-9.519238558120696,2.0301659125188536,162.35951134380454
Finland,FI,2021-10-01,1.3935950413223142,4.535115303983228,59.47857142857143,-27.159920371599203,-18.7438211063162,3.5463917525773194,124.18455497382199
Finland,FI,2021-11-01,-0.6828358208955224,3.3013404825737265,27.19406150583245,-27.226960110041265,-16.904627766599596,4.60500260552371,91.27359617682198
Finland,FI,2021-12-01,-4.824146981627297,6.66875,20.61796643632774,-29.82431529726119,-29.17864077669903,8.706747843734146,123.4939226519337
Finland,FI,2022-01-01,-20.935870698644422,-3.17911227154047,21.528265107212476,-37.65432914738929,-25.032902467685076,10.039556962025317,134.10055248618784
Finland,FI,2022-02-01,-13.094211123723042,0.16521739130434784,26.389965792474346,-30.329646017699115,-20.15707485936824,8.113250283125709,113.86548223350253
Finland,FI,2022-03-01,-8.548140601120734,1.1892461781760675,49.97380952380952,-25.032,-20.315645727662893,6.6760421898543445,122.62405063291139
Finland,FI,2022-04-01,-4.664712153518123,4.428259683578832,53.45848822800496,-22.146750524109013,-20.64872521246459,5.804646251319958,124.24005305039788
Finland,FI,2022-05-01,1.2891566265060241,7.929936305732484,85.84365781710915,-18.244121715076073,-17.696554424432264,2.688798783578307,153.1202003338898
Finland,FI,2022-06-01,9.146673936750272,16.757286995515695,160.29211087420043,-11.575492341356673,-26.979040709391374,0.5249357326478149,241.30188679245282
Finland,FI,2022-07-01,17.86914378029079,20.20198675496689,181.86486486486487,-6.713458755426918,-34.53555992141454,2.4084362139917697,264.8362282878412
Finland,FI,2022-08-01,8.957761351636748,13.734224598930481,153.81140350877192,-10.828631875881523,-21.518590998043052,2.750497017892644,222.0528846153846
Finland,FI,2022-09-01,2.4672349493873202,7.821857923497268,98.27027027027027,-16.440113394755492,-14.05363673303535,2.2498714652956298,149.63230240549828
Finland,FI,2022-10-01,-1.3287526427061311,5.104525862068965,73.71625344352617,-18.20113314447592,-12.656045751633988,3.2974413646055436,125.77945619335347
France,FR,2020-02-01,1.5242424242424242,1.7350791717417784,20.978168587022438,8.949969116738728,-10.495757575757576,2.112667478684531,66.45009299442033
France,FR,2020-03-01,-44.221309069562665,-20.371386430678466,-26.91810977399472,-38.62481270602338,-33.30410557184751,14.684886499402628,198.30471841704718
France,FR,2020-04-01,-81.33728350045578,-42.967457420924575,-56.516060606060606,-76.8646288209607,-61.22636363636364,26.633530694920537,345.7507163323782
France,FR,2020-05-01,-51.1548178613396,-16.73319575471698,-4.598355842630652,-53.20076877587226,-38.55601173020528,15.841901931649332,216.81455961653685
France,FR,2020-06-01,-15.215650591446769,-1.0898842169408898,47.71015815085158,-18.57638036809816,-18.225757575757576,6.490721022208701,131.66728509585653
France,FR,2020-07-01,3.123018203170875,10.617429837518463,158.37212772306773,11.327799577422276,-22.96099706744868,3.615950559152443,250.42558425584255
France,FR,2020-08-01,6.720937700706487,14.405328258801141,187.4284463894967,19.459500378501136,-30.79495646952867,4.147362216327734,312.78528459046737
France,FR,2020-09-01,-6.593850096092249,1.7523052464228934,73.04501731435167,5.242467210209146,-16.046683046683047,1.289537712895377,132.6420047732697
France,FR,2020-10-01,-14.460410557184751,0.9840848806366048,27.084263065179094,-5.298094103633115,-18.04457478005865,4.8766881972988845,102.02874251497006
France,FR,2020-11-01,-50.34688922610015,-13.419256550883608,-17.563636363636363,-39.93233770192015,-28.25030303030303,13.105007587253414,167.2963530493411
France,FR,2020-12-01,-24.778625954198475,9.159775546367396,-5.520527859237537,-25.63926670609107,-30.739296187683284,10.037580739870815,134.25498363582267
France,FR,2021-01-01,-39.91277533039648,-10.099115044247787,-14.495601173020528,-27.297273266152935,-23.727859237536656,8.851101321585903,133.11918951132301
France,FR,2021-02-01,-36.273081924577376,-1.54640522875817,10.271841506982787,-19.329068241469816,-25.00194805194805,8.030884265279584,127.71617161716172
France,FR,2021-03-01,-34.209336465061654,3.6781710914454275,16.748091603053435,-16.649081209247186,-19.29560117302053,6.906928948913682,113.64835820895523
France,FR,2021-04-01,-40.28549757281554,5.56280487804878,19.171523982999393,-29.351795496043824,-30.15030303030303,10.862864077669903,152.7669426556271
France,FR,2021-05-01,-22.819835680751172,16.165827657684336,54.61504554804584,-0.40968899521531094,-20.802052785923753,5.695154185022027,161.7186369119421
France,FR,2021-06-01,0.7059715065171264,23.174549893194996,87.51607963246555,13.136760124610593,-8.44939393939394,1.25,157.20303605313092
France,FR,2021-07-01,14.111241561491047,32.25960969840331,162.89082706766916,37.66277282508454,-19.122873900293254,1.3975337639459777,282.1933753943218
France,FR,2021-08-01,17.818795888399414,42.528,205.04980261160037,46.07004011107683,-26.582111436950147,3.278120411160059,356.9000319386777
France,FR,2021-09-01,5.2310491206792,26.378015267175574,98.79336813018115,30.553425518541797,-9.873030303030303,0.26941747572815533,184.8491530840524
France,FR,2021-10-01,0.046041055718475075,19.7856298048492,54.7889019377569,15.424086930274676,-10.313196480938416,0.980323054331865,120.13353566009104
France,FR,2021-11-01,-5.013333333333334,14.79390243902439,22.24052168638156,3.842398022249691,-16.512424242424242,3.6926577669902914,93.85771978875427
France,FR,2021-12-01,0.5425219941348973,30.034942256440626,18.448194892867626,2.9611011370436864,-20.660117302052786,4.8405754550792714,119.83378582202111
France,FR,2022-01-01,-14.9841642228739,15.648640661938535,7.082428864769727,-7.294749403341289,-15.011436950146628,6.251688693098385,93.0069069069069
France,FR,2022-02-01,-5.9327922077922075,16.724509803921567,26.95971410006498,5.30648918469218,-13.937337662337661,4.039336801040312,93.56034770979605
France,FR,2022-03-01,-8.12199413489736,17.367877177443166,44.2827748383304,8.727245419044758,-6.682404692082112,3.290663534938344,100.83116490166414
France,FR,2022-04-01,-3.4177023340406185,24.34229007633588,81.11764705882354,17.522308892355696,-13.343636363636364,3.6189320388349513,165.4011976047904
France,FR,2022-05-01,4.358274647887324,26.68944099378882,110.10032554010063,28.762252663622526,-8.73782991202346,1.13215859030837,196.63583102065988
France,FR,2022-06-01,6.842584167424932,30.032139577594123,116.52540806898676,32.61091827074787,-6.174242424242424,0.8925970873786407,206.07387096774193
France,FR,2022-07-01,11.97826725403818,37.84288684288684,183.71779327068808,50.53938461538461,-15.968621700879766,2.2140969162995594,315.34588385449905
France,FR,2022-08-01,16.26306517909571,42.22479240806643,218.91915155241315,53.23683400061595,-26.837536656891494,5.362889019377569,377.14368743945755
France,FR,2022-09-01,6.582650894752805,30.92086770546899,109.17473035439137,35.97632575757576,-7.015151515151516,1.5200242718446602,204.2114764667956
France,FR,2022-10-01,2.2387878787878788,27.958460598656078,74.82704019488429,27.26896551724138,-2.621212121212121,1.8495145631067962,153.0386320455985
Gabon,GA,2020-02-01,-2.2195121951219514,-5.777777777777778,-7.533333333333333,-3.7,2.8181818181818183,1.6666666666666667,26.133333333333333
Gabon,GA,2020-03-01,-16.707865168539325,-9.66304347826087,-12.65625,-20.919354838709676,-8.365217391304348,7.387096774193548,84.6875
Gabon,GA,2020-04-01,-41.06666666666667,-30.5,-22.235294117647058,-52.11666666666667,-28.714285714285715,23.983333333333334,206.44117647058823
Gabon,GA,2020-05-01,-29.451612903225808,-17.870967741935484,-17.65625,-37.08064516129032,-18.32456140350877,20.35483870967742,144.625
Gabon,GA,2020-06-01,-22.633333333333333,-13.460674157303371,-15.633333333333333,-34.916666666666664,-13.017857142857142,19.05,123.43333333333334
Gabon,GA,2020-07-01,-16.13978494623656,-6.010752688172043,-11.806451612903226,-20.822580645161292,-10.232758620689655,15.048387096774194,82.35483870967742
Gabon,GA,2020-08-01,-9.458333333333334,-0.5689655172413793,-1.75,-8.40625,-10.674418604651162,12.32258064516129,44.6875
Gabon,GA,2020-09-01,-7.576271186440678,-17.352941176470587,12.7,8.95,-14.365591397849462,10.833333333333334,63.4
Gabon,GA,2020-10-01,-11.688172043010752,-14.13978494623656,15.03225806451613,6.193548387096774,-16.556521739130435,6.774193548387097,62.38709677419355
Gabon,GA,2020-11-01,-10.5,-13.133333333333333,20.933333333333334,10.3,-14.306306306306306,5.65,65.33333333333333
Gabon,GA,2020-12-01,-5.087912087912088,-4.408602150537634,45.483870967741936,17.661290322580644,-16.387931034482758,5.032258064516129,91.6774193548387
Gabon,GA,2021-01-01,-17.26086956521739,-17.204301075268816,37.516129032258064,-0.2903225806451613,-18.94736842105263,3.225806451612903,92.3225806451613
Gabon,GA,2021-02-01,-26.86904761904762,-20.178571428571427,16.25,-13.482142857142858,-27.298076923076923,-1.6071428571428572,98.53571428571429
Gabon,GA,2021-03-01,-21.655913978494624,-13.924731182795698,22.612903225806452,-6.903225806451613,-26.879310344827587,-2.725806451612903,88.90322580645162
Gabon,GA,2021-04-01,-17.18888888888889,-6.511111111111111,44.2,1.9333333333333333,-22.973214285714285,-3.1166666666666667,93.43333333333334
Gabon,GA,2021-05-01,-8.23076923076923,1.0543478260869565,63,6.112903225806452,-19.13157894736842,-3.838709677419355,112.12903225806451
Gabon,GA,2021-06-01,7.317647058823529,9.727272727272727,86.7,11.983333333333333,-8.776785714285714,-12.45,145.93333333333334
Gabon,GA,2021-07-01,13.909090909090908,9.78494623655914,93.64516129032258,21.241935483870968,-15.652173913043478,-12.209677419354838,178.4516129032258
Gabon,GA,2021-08-01,15.341176470588236,10.559139784946236,102.16666666666667,21.629032258064516,-20.88695652173913,-11.241935483870968,196.03333333333333
Gabon,GA,2021-09-01,17.270588235294117,9.766666666666667,97.03703703703704,21.916666666666668,-14.491071428571429,-11.15,180.59259259259258
Gabon,GA,2021-10-01,19.370786516853933,11.043010752688172,117,21.93548387096774,-9.850877192982455,-12.612903225806452,194.05555555555554
Gabon,GA,2021-11-01,18.24418604651163,8.666666666666666,128.8181818181818,18.333333333333332,-6.446428571428571,-11.311475409836065,201.1818181818182
Gabon,GA,2021-12-01,21.670454545454547,14.46236559139785,118.3529411764706,21.274193548387096,-8.405172413793103,-6.3125,198.1764705882353
Gabon,GA,2022-01-01,14.545454545454545,5.096774193548387,69.74193548387096,16.241935483870968,1.8869565217391304,0.7580645161290323,135.74193548387098
Gabon,GA,2022-02-01,22.526315789473685,11.297619047619047,56.82142857142857,26.303571428571427,15.405940594059405,3.857142857142857,151.03571428571428
Gabon,GA,2022-03-01,34.642857142857146,17.408602150537636,121,27.741935483870968,26.242105263157896,14.838709677419354,258.7857142857143
Gabon,GA,2022-04-01,35.68181818181818,18.0561797752809,134.33333333333334,30.983333333333334,24.516483516483518,18.283333333333335,289.1666666666667
Gabon,GA,2022-05-01,39.149253731343286,22.3,131.9,34.5,25.621052631578948,18.419354838709676,301.7
Gabon,GA,2022-06-01,46.5,24.955555555555556,151.75,39.15,24.52747252747253,18.85,342.625
Gabon,GA,2022-07-01,54.343283582089555,26.923076923076923,148.6,45.596774193548384,21.0752688172043,18.338709677419356,336.9
Gabon,GA,2022-08-01,63.166666666666664,24.439560439560438,174.4,49.41935483870968,12.697916666666666,21.032258064516128,403
Gabon,GA,2022-09-01,62.8125,27.86046511627907,162.5,48.7,24.344444444444445,18.233333333333334,388.25
Gabon,GA,2022-10-01,57.666666666666664,24.46511627906977,184.5,37.6,28.177777777777777,17.866666666666667,402
Georgia,GE,2020-02-01,3.9,7.566666666666666,3.5,4.3,5.133333333333334,-0.9666666666666667,29.766666666666666
Georgia,GE,2020-03-01,-32.064516129032256,-11.919354838709678,-16.29032258064516,-25.35483870967742,-28.129032258064516,9.548387096774194,140.30645161290323
Georgia,GE,2020-04-01,-74.45,-48.13333333333333,-47.35,-65.15,-64.93333333333334,24.166666666666668,324.18333333333334
Georgia,GE,2020-05-01,-62.361111111111114,-36.77777777777778,-32.888888888888886,-54.138888888888886,-51.333333333333336,17.083333333333332,254.58333333333334
Georgia,GE,2020-07-01,-12.672413793103448,-0.5344827586206896,15.258620689655173,-12.948275862068966,-22.603448275862068,-0.06896551724137931,75.70689655172414
Georgia,GE,2020-08-01,-14.870967741935484,-5.790322580645161,25.70967741935484,-16.419354838709676,-26.741935483870968,-2.064516129032258,107.69354838709677
Georgia,GE,2020-09-01,-10.683333333333334,0.3333333333333333,24.116666666666667,-2.3833333333333333,-21.1,-0.4,69.15
Georgia,GE,2020-10-01,-21.661290322580644,0.016129032258064516,3.9516129032258065,-2.3548387096774195,-22,3.338709677419355,64.38709677419355
Georgia,GE,2020-11-01,-33.483333333333334,-8.183333333333334,-23.666666666666668,-17.366666666666667,-29.433333333333334,9.433333333333334,123.8
Georgia,GE,2020-12-01,-48.064516129032256,-8.64516129032258,-22.016129032258064,-30.93548387096774,-36.03225806451613,12.35483870967742,164.91935483870967
Georgia,GE,2021-01-01,-54.82258064516129,-18.5,-23.096774193548388,-34.693548387096776,-40.225806451612904,10.67741935483871,182.53225806451613
Georgia,GE,2021-02-01,-39.107142857142854,-2.982142857142857,-20.714285714285715,-21.428571428571427,-26.035714285714285,6.017857142857143,119.32142857142857
Georgia,GE,2021-03-01,-27.20967741935484,7.370967741935484,-19.56451612903226,-3.838709677419355,-18.419354838709676,3.7580645161290325,82.87096774193549
Georgia,GE,2021-04-01,-18.266666666666666,16.216666666666665,3.3333333333333335,-2.1166666666666667,-12.85,2.183333333333333,72.63333333333334
Georgia,GE,2021-05-01,-9.435483870967742,22.161290322580644,25.016129032258064,-15.887096774193548,-16.596774193548388,0.9354838709677419,102.96774193548387
Georgia,GE,2021-06-01,8.6,33.06666666666667,48.416666666666664,0.45,-6.816666666666666,-2.433333333333333,105.31666666666666
Georgia,GE,2021-07-01,13.016129032258064,36.03225806451613,64.98387096774194,1.6451612903225807,-13.225806451612904,-4.145161290322581,137.91935483870967
Georgia,GE,2021-08-01,-0.6129032258064516,30.032258064516128,58.854838709677416,-13.870967741935484,-25.338709677419356,-2.338709677419355,147.46774193548387
Georgia,GE,2021-09-01,6.25,39.81666666666667,41.56666666666667,-5.966666666666667,-17.45,-0.6,122.65
Georgia,GE,2021-10-01,10.951612903225806,44.61290322580645,31.661290322580644,3.2419354838709675,-11.32258064516129,-0.3225806451612903,106.75806451612904
Georgia,GE,2021-11-01,9.316666666666666,43.333333333333336,26.75,0.36666666666666664,-8.75,1.1833333333333333,95.2
Georgia,GE,2021-12-01,11.983870967741936,52,25.596774193548388,2.774193548387097,-0.3225806451612903,0.6451612903225806,104.74193548387096
Georgia,GE,2022-01-01,-8.67741935483871,28.870967741935484,14.96774193548387,-10.112903225806452,-15.564516129032258,5.338709677419355,89.53225806451613
Georgia,GE,2022-02-01,-2.1607142857142856,37.267857142857146,21.053571428571427,-0.75,-5.857142857142857,4.678571428571429,85.44642857142857
Georgia,GE,2022-03-01,0.45161290322580644,39.564516129032256,17.983870967741936,6.82258064516129,2.6451612903225805,4.112903225806452,87.80645161290323
Georgia,GE,2022-04-01,9.2,47.38333333333333,48.61666666666667,14.45,5.05,0.5,146.86666666666667
Georgia,GE,2022-05-01,18.919354838709676,53.66129032258065,56.61290322580645,21.5,12.274193548387096,0.12903225806451613,172.1290322580645
Georgia,GE,2022-06-01,24.133333333333333,58.1,72.28333333333333,26.133333333333333,14.016666666666667,-1.2333333333333334,196.23333333333332
Georgia,GE,2022-07-01,24.403225806451612,59.75806451612903,93.08064516129032,21.887096774193548,6.629032258064516,-1.935483870967742,211.40322580645162
Georgia,GE,2022-08-01,18.548387096774192,54.87096774193548,103.41935483870968,12.064516129032258,-4.854838709677419,-0.7903225806451613,207.48387096774192
Georgia,GE,2022-09-01,30.233333333333334,69.05,87.86666666666666,31.466666666666665,5.716666666666667,-1.15,229.91666666666666
Georgia,GE,2022-10-01,32.5,73.03333333333333,79.2,38.93333333333333,11.433333333333334,-0.7333333333333333,240.83333333333334
Germany,DE,2020-02-01,1.1411764705882352,2.0823529411764707,9.568627450980392,-0.050980392156862744,-4.113725490196078,1.0666666666666667,35.70980392156863
Germany,DE,2020-03-01,-26.84629981024668,-3.235294117647059,13.159392789373815,-28.844402277039848,-19.176470588235293,7.823529411764706,122.92220113851992
Germany,DE,2020-04-01,-51.219607843137254,-11.17716535433071,40.95490196078431,-48.088235294117645,-38.011764705882356,13.464705882352941,209.43897637795277
Germany,DE,2020-05-01,-30.40607210626186,-3.8859315589353614,59.06500956022945,-31.810246679316887,-23.216318785578746,8.330170777988615,174.3831417624521
Germany,DE,2020-06-01,-12.678431372549019,0.02352941176470587,99.54343434343434,-20.041176470588237,-17.113725490196078,4.950980392156863,178.72525252525253
Germany,DE,2020-07-01,-1.618595825426945,4.884250474383301,131.0448343079922,-13.40607210626186,-19.447817836812145,3.3889943074003797,198.0896686159844
Germany,DE,2020-08-01,-1.7855787476280836,3.3025540275049114,136.0810185185185,-10.358095238095238,-19.235294117647058,2.2561669829222013,203.73333333333332
Germany,DE,2020-09-01,-0.34705882352941175,3.5788423153692617,113.4251101321586,-6.528487229862476,-13.18235294117647,1.4137254901960785,163.70535714285714
Germany,DE,2020-10-01,-10.123339658444023,1.7533206831119545,58.110056925996204,-15.639468690702087,-16.47248576850095,4.421252371916508,128.44402277039848
Germany,DE,2020-11-01,-29.562745098039215,-1.964705882352941,13.162745098039215,-28.198039215686276,-16.20980392156863,7.770588235294118,106.52352941176471
Germany,DE,2020-12-01,-43.47628083491461,-7.557874762808349,-5.074003795066414,-40.96774193548387,-33.35104364326376,12.233396584440227,161.85199240986717
Germany,DE,2021-01-01,-59.878557874762805,-18.27514231499051,-6.307400379506642,-47.69639468690702,-31.16698292220114,12.77988614800759,188.5977229601518
Germany,DE,2021-02-01,-52.29621848739496,-6.0021008403361344,19.98949579831933,-40.62394957983193,-25.76890756302521,11.268907563025211,172.71008403361344
Germany,DE,2021-03-01,-36.573055028462996,2.113851992409867,33.35673624288425,-31.956356736242885,-19.755218216318784,8.867172675521822,141.58633776091082
Germany,DE,2021-04-01,-38.998039215686276,-0.3686274509803922,52.5,-32.07254901960784,-22.945098039215686,9.674509803921568,172.978431372549
Germany,DE,2021-05-01,-29.83301707779886,6.829222011385199,84.94117647058823,-23.77609108159393,-18.9696394686907,7.861480075901328,196.69259962049335
Germany,DE,2021-06-01,-5.603921568627451,19.476470588235294,136.6705882352941,-10.462745098039216,-8.370588235294118,3.0647058823529414,206.62156862745098
Germany,DE,2021-07-01,3.5161290322580645,21.808349146110057,152.79696394686908,-2.57685009487666,-11.55787476280835,2.584440227703985,227.865275142315
Germany,DE,2021-08-01,7.16888045540797,23.345351043643262,150.8292220113852,-0.3738140417457306,-15.98481973434535,3.1195445920303606,232.7798861480076
Germany,DE,2021-09-01,6.466666666666667,23.22156862745098,130.8235294117647,2.8137254901960786,-8.349019607843138,1.8745098039215686,199.34117647058824
Germany,DE,2021-10-01,1.5161290322580645,19.669829222011384,84.13662239089184,-2.3681214421252372,-12.161290322580646,3.157495256166983,147.4686907020873
Germany,DE,2021-11-01,-7.370588235294117,15.1,28.945098039215686,-12.252941176470589,-12.045098039215686,5.509803921568627,89.92941176470588
Germany,DE,2021-12-01,-13.554079696394687,16.191650853889943,19.10056925996205,-22.69639468690702,-23.943074003795065,8.76091081593928,123.08159392789373
Germany,DE,2022-01-01,-21.537001897533205,5.50853889943074,11.476280834914611,-24.671726755218216,-14.229601518026566,7.943074003795067,100.42125237191651
Germany,DE,2022-02-01,-13.831932773109244,11.399159663865547,29.52310924369748,-18.29621848739496,-11.888655462184873,6.51890756302521,101.47478991596638
Germany,DE,2022-03-01,-10.605313092979127,14.857685009487666,61.54079696394687,-11.417457305502847,-9.789373814041745,4.899430740037951,121.58444022770398
Germany,DE,2022-04-01,-7.858823529411764,13.586274509803921,85.12352941176471,-5.390196078431373,-13.950980392156863,4.231372549019608,163.03529411764706
Germany,DE,2022-05-01,1.8178368121442126,23.990512333965846,120.8595825426945,6.240986717267552,-4.47438330170778,1.2314990512333965,194.56546489563567
Germany,DE,2022-06-01,0.8196078431372549,22.223529411764705,146.1,21.611764705882354,-5.868627450980392,1.0450980392156863,230.68039215686275
Germany,DE,2022-07-01,2.3927893738140416,26.21821631878558,152.37950664136622,23.77988614800759,-7.3719165085389,1.8140417457305502,237.4629981024668
Germany,DE,2022-08-01,3.5996204933586338,24.362428842504745,166.84440227703985,23.261859582542694,-13.72865275142315,3.0777988614800758,255.3339658444023
Germany,DE,2022-09-01,-0.9529411764705883,24.05294117647059,95.47450980392156,9.98235294117647,-6.419607843137255,1.9941176470588236,161.0921568627451
Germany,DE,2022-10-01,-2,21.498039215686273,90.23137254901961,7.3843137254901965,-10.984313725490196,3.5098039215686274,169.1764705882353
Ghana,GH,2020-02-01,-2.5555555555555554,-2.8,-1.6222222222222222,-4.533333333333333,1.6444444444444444,0.08888888888888889,16.8
Ghana,GH,2020-03-01,-12.612903225806452,-7.344086021505376,-12.225806451612904,-14.21505376344086,-9.387096774193548,7.451612903225806,73.40860215053763
Ghana,GH,2020-04-01,-47.98888888888889,-39.977777777777774,-42.477777777777774,-53.4,-37.44444444444444,25.866666666666667,247.15555555555557
Ghana,GH,2020-05-01,-25.967741935483872,-14.559139784946236,-26.731182795698924,-29.301075268817204,-13.204301075268818,15.903225806451612,127.55913978494624
Ghana,GH,2020-06-01,-15.477777777777778,-4.2555555555555555,-18.822222222222223,-17.711111111111112,-8.633333333333333,13.21111111111111,82.4888888888889
Ghana,GH,2020-07-01,-9.53763440860215,1.8709677419354838,-14.709677419354838,-13.268817204301076,-11.365591397849462,11.935483870967742,70.21505376344086
Ghana,GH,2020-08-01,-3.6881720430107525,1.8709677419354838,-6.153846153846154,-8.634408602150538,-8.580645161290322,8.806451612903226,50.256410256410255
Ghana,GH,2020-09-01,0.24444444444444444,10.966666666666667,-5.3625,0.8,-11.544444444444444,10.6,55.275
Ghana,GH,2020-10-01,-1.8387096774193548,17.010752688172044,-11.688172043010752,0.8494623655913979,-12.010752688172044,7.806451612903226,60.1505376344086
Ghana,GH,2020-11-01,3.8444444444444446,17.88888888888889,-11.522222222222222,3.6555555555555554,-9.511111111111111,8.88888888888889,59.31111111111111
Ghana,GH,2020-12-01,8.881720430107526,30.129032258064516,-8.376344086021506,11.86021505376344,-14.559139784946236,11.741935483870968,92.51612903225806
Ghana,GH,2021-01-01,3.903225806451613,21.741935483870968,-5.086021505376344,3.956989247311828,-16.537634408602152,11.666666666666666,79.75268817204301
Ghana,GH,2021-02-01,1,22.333333333333332,-15.297619047619047,-0.9404761904761905,-12.714285714285714,9.654761904761905,72.10714285714286
Ghana,GH,2021-03-01,7.698924731182796,32.1505376344086,-14.161290322580646,6.924731182795699,-10.096774193548388,9.612903225806452,90.02150537634408
Ghana,GH,2021-04-01,13.355555555555556,41.422222222222224,-9.5,10.944444444444445,-10.5,10.455555555555556,109.06666666666666
Ghana,GH,2021-05-01,21.35483870967742,54.38709677419355,-1.6451612903225807,21.35483870967742,-6.666666666666667,8.193548387096774,136.29032258064515
Ghana,GH,2021-06-01,25.977777777777778,57.28888888888889,5.377777777777778,24.622222222222224,-1.8222222222222222,8.533333333333333,142.0222222222222
Ghana,GH,2021-07-01,28.774193548387096,58.913978494623656,9.387096774193548,25.9247311827957,-2.225806451612903,9.290322580645162,146
Ghana,GH,2021-08-01,30.096774193548388,60.29032258064516,5.247311827956989,30.49462365591398,-5.279569892473118,11.591397849462366,157.34408602150538
Ghana,GH,2021-09-01,29.822222222222223,57.36666666666667,3.422222222222222,28.166666666666668,-3.688888888888889,10.466666666666667,148.15555555555557
Ghana,GH,2021-10-01,29.903225806451612,60.376344086021504,1.4946236559139785,30.9247311827957,-0.06451612903225806,7.688172043010753,142.49462365591398
Ghana,GH,2021-11-01,32.96666666666667,62.611111111111114,6.155555555555556,31.966666666666665,1.5888888888888888,7.477777777777778,150.2111111111111
Ghana,GH,2021-12-01,41.946236559139784,69.63440860215054,5.043010752688172,34.72043010752688,-5.193548387096774,10.021505376344086,179.56989247311827
Ghana,GH,2022-01-01,38.053763440860216,64.02150537634408,15.494623655913978,31.634408602150536,2.5161290322580645,12.731182795698924,180.19354838709677
Ghana,GH,2022-02-01,40.726190476190474,64.85714285714286,19.666666666666668,31.797619047619047,16.916666666666668,13.142857142857142,188.96428571428572
Ghana,GH,2022-03-01,48.45161290322581,68.91397849462365,39.58064516129032,38.215053763440864,24.731182795698924,19.344086021505376,241.86021505376345
Ghana,GH,2022-04-01,49.44444444444444,68.91111111111111,42.855555555555554,37.75555555555555,17.511111111111113,22.77777777777778,245.12222222222223
Ghana,GH,2022-05-01,46.16129032258065,66.58064516129032,40.333333333333336,33.60215053763441,18.053763440860216,22.462365591397848,232.46236559139786
Ghana,GH,2022-06-01,45.544444444444444,68,43.455555555555556,36.82222222222222,22.22222222222222,22.07777777777778,238.12222222222223
Ghana,GH,2022-07-01,48.204301075268816,70.04301075268818,44.376344086021504,33.96774193548387,21.29032258064516,23.526881720430108,243.98924731182797
Ghana,GH,2022-08-01,53.25806451612903,75.65591397849462,49.225806451612904,35.58064516129032,21.56989247311828,26.483870967741936,263.752688172043
Ghana,GH,2022-09-01,50.28888888888889,74.87777777777778,45.611111111111114,33.18888888888889,20.933333333333334,24.255555555555556,251.15555555555557
Ghana,GH,2022-10-01,47.44444444444444,76.46666666666667,40.2,31.755555555555556,22.2,22.11111111111111,240.17777777777778
Greece,GR,2020-02-01,3.9,6.75,11.025,8.483333333333333,2.316666666666667,-0.16666666666666666,44.94166666666667
Greece,GR,2020-03-01,-39.70967741935484,-6.959677419354839,-12.431451612903226,-33.971774193548384,-31.072580645161292,12.233870967741936,183.30645161290323
Greece,GR,2020-04-01,-71.10416666666667,-10.246861924686192,-31.2375,-64.675,-50.920833333333334,20.066666666666666,257.93305439330544
Greece,GR,2020-05-01,-37.58870967741935,12.455645161290322,48.681451612903224,-29.475806451612904,-22.322580645161292,8.471774193548388,167.08467741935485
Greece,GR,2020-06-01,-5.025,17.6,86.10833333333333,-5.904166666666667,-6.245833333333334,0.9625,143.82083333333333
Greece,GR,2020-07-01,23.56048387096774,27.927419354838708,171.1138211382114,39,-8.149193548387096,-2.495967741935484,284.7967479674797
Greece,GR,2020-08-01,39,35.93333333333333,238.62573099415204,59.57225433526011,-13.375,-2.25,426.19642857142856
Greece,GR,2020-09-01,10.922413793103448,18.46759259259259,98.61340206185567,24.647368421052633,-3.7416666666666667,-1.2791666666666666,186.34920634920636
Greece,GR,2020-10-01,-2.6048387096774195,14.19758064516129,66.52822580645162,11.375,-6.084677419354839,0.3951612903225806,143.8951612903226
Greece,GR,2020-11-01,-51.225,-0.8458333333333333,-1.7041666666666666,-48.53333333333333,-33.208333333333336,11.704166666666667,179.87083333333334
Greece,GR,2020-12-01,-52.45564516129032,10.97983870967742,1.5766129032258065,-51.435483870967744,-37.391129032258064,12.5,199.16129032258064
Greece,GR,2021-01-01,-54.310483870967744,-4.262096774193548,-2.838709677419355,-53.44758064516129,-35.33870967741935,10.673387096774194,185.6209677419355
Greece,GR,2021-02-01,-51.950892857142854,1.375,4.575892857142857,-51.29017857142857,-31.6875,7.46875,167.15178571428572
Greece,GR,2021-03-01,-53.53225806451613,6.846774193548387,12.524193548387096,-50.41129032258065,-34.82661290322581,8.709677419354838,183.86693548387098
Greece,GR,2021-04-01,-37.6375,28.995833333333334,46.541666666666664,-35.833333333333336,-27.745833333333334,4.925,183.55416666666667
Greece,GR,2021-05-01,-7.431451612903226,34.20967741935484,81.04435483870968,-10.439516129032258,-19.419354838709676,-1.028225806451613,187.8790322580645
Greece,GR,2021-06-01,14.125,49.43333333333333,145.8875,39.7625,-10.4125,-4.929166666666666,289.475
Greece,GR,2021-07-01,44.850806451612904,73.58467741935483,262.9758064516129,123.91129032258064,-8.274193548387096,-7.67741935483871,538.8870967741935
Greece,GR,2021-08-01,70.37096774193549,93.25403225806451,347.01209677419354,166.8991935483871,-11.068548387096774,-6.395161290322581,723.1451612903226
Greece,GR,2021-09-01,40.52916666666667,72.96666666666667,177.65416666666667,119.8875,-0.04583333333333333,-5.304166666666666,438.02916666666664
Greece,GR,2021-10-01,12.30241935483871,54.54838709677419,91.19354838709677,68.12903225806451,-7.306451612903226,-2.9475806451612905,262.30645161290323
Greece,GR,2021-11-01,-5.654166666666667,49.641666666666666,42.57083333333333,4.033333333333333,-13.420833333333333,-1.4416666666666667,135.37083333333334
Greece,GR,2021-12-01,-5.419354838709677,55.38306451612903,37.310483870967744,-0.8145161290322581,-18.403225806451612,0.21774193548387097,147.76612903225808
Greece,GR,2022-01-01,-20.866935483870968,34.16935483870968,21.157258064516128,-18.72983870967742,-23.625,5.044354838709677,143.2701612903226
Greece,GR,2022-02-01,-11.705357142857142,40.99107142857143,26.071428571428573,-7.808035714285714,-11.741071428571429,1.0357142857142858,111.28125
Greece,GR,2022-03-01,-14.290322580645162,37.61290322580645,33.54838709677419,0.16129032258064516,-13.161290322580646,4.012096774193548,135.3991935483871
Greece,GR,2022-04-01,7.4125,52.104166666666664,95.62916666666666,48.729166666666664,-12.908333333333333,0.32083333333333336,238.92916666666667
Greece,GR,2022-05-01,15.600806451612904,55.104838709677416,123.60887096774194,93.35483870967742,-0.47580645161290325,-1.8870967741935485,310.6290322580645
Greece,GR,2022-06-01,33.083333333333336,68.425,189.00416666666666,145.05416666666667,-0.17500000000000002,-2.941666666666667,458.2
Greece,GR,2022-07-01,52.30241935483871,89.78225806451613,260.60887096774195,186.04435483870967,-1.5725806451612903,-3.7298387096774195,614.5806451612904
Greece,GR,2022-08-01,79.64112903225806,107.22267206477733,348.53629032258067,223.35887096774192,-8.028225806451612,-1.9435483870967742,796.9595141700405
Greece,GR,2022-09-01,49.075,87.14166666666667,198.84583333333333,183.10833333333332,6.075,-2.841666666666667,535.8958333333334
Greece,GR,2022-10-01,26.75,71.8,122.76666666666667,128.36666666666667,6.558333333333334,-1.4666666666666666,362.9916666666667
Guatemala,GT,2020-02-01,-0.31283422459893045,-0.880718954248366,-0.5533165407220823,-1.4641148325358853,4.182095625635808,-0.5246913580246914,26.183520599250937
Guatemala,GT,2020-03-01,-29.413568166992825,-18.567783094098882,-24.03877471888329,-33.62910284463895,-21.27503461005999,9.561643835616438,148.96449704142012
Guatemala,GT,2020-04-01,-56.61923847695391,-43.03306451612903,-47.71714066102998,-62.403740374037405,-42.68393094289509,25.365448504983387,274.40343347639487
Guatemala,GT,2020-05-01,-54.222511385816524,-44.490580847723706,-46.963111467522054,-60.50056625141563,-40.93815331010453,22.32850241545894,241.26382978723404
Guatemala,GT,2020-06-01,-46.48440610484406,-35.490718321226794,-42.66335453100159,-56.834782608695654,-31.83513419309864,21.439592430858806,226.2751937984496
Guatemala,GT,2020-07-01,-45.608274078862316,-35.33384734001542,-43.068897637795274,-55.62379421221865,-35.189516129032256,21.734604105571847,219.79429735234217
Guatemala,GT,2020-08-01,-37.08627858627859,-27.05606258148631,-37.20886501007387,-52.774080560420316,-29.436216216216216,17.54237288135593,199.35668789808918
Guatemala,GT,2020-09-01,-29.885304659498207,-23.264105642256904,-35.24915254237288,-46.29289940828402,-29.584573748308525,15.339513325608342,180.4
Guatemala,GT,2020-10-01,-26.208646616541355,-16.937194127243067,-34.53578190079515,-37.42505133470226,-26.706940063091483,12.00909090909091,153.9157458563536
Guatemala,GT,2020-11-01,-22.30779305828422,-13.731457800511508,-34.77628987790469,-34.505920344456406,-23.300032970656115,10.476671850699844,139.1404011461318
Guatemala,GT,2020-12-01,-8.951815181518151,5.65976821192053,-19.408965788438852,-21.18281938325991,-21.80690091801203,7.902087832973362,115.0748898678414
Guatemala,GT,2021-01-01,-17.096670934699105,-12.016949152542374,-27.58639143730887,-28.760427807486632,-22.59175788795879,8.361319340329835,127.07223796033995
Guatemala,GT,2021-02-01,-14.84221902017291,-7.63871543264942,-28.842735042735043,-28.14066193853428,-20.480701754385965,3.635135135135135,115.42022116903634
Guatemala,GT,2021-03-01,-10.168787675820496,0.8216926869350863,-25.272226593233675,-24.27263045793397,-18.699336073348086,2.5052854122621566,103.79516358463727
Guatemala,GT,2021-04-01,-11.984170681348933,-0.4091293322062553,-26.97650870797894,-28.50109170305677,-21.614607107923053,5.218100890207715,116.66318926974665
Guatemala,GT,2021-05-01,-3.0957300275482096,9.364009860312244,-21.485714285714284,-22.128205128205128,-13.359248461289278,3.3159797541576284,93.1511111111111
Guatemala,GT,2021-06-01,0.8048069919883467,10.884745762711864,-16.164686603850882,-20.77942857142857,-14.776458951533135,1.8703568827385288,92.12577639751552
Guatemala,GT,2021-07-01,3.8374384236453203,15.751033912324235,-13.50360576923077,-14.7098623853211,-13.869731800766283,2.550354609929078,90.56025039123631
Guatemala,GT,2021-08-01,1.968332160450387,14.853960396039604,-13.997582594681708,-18.091732729331824,-12.42411575562701,3.7467811158798283,93.47546012269939
Guatemala,GT,2021-09-01,4.744727272727273,16.601899827288428,-14.131426202321725,-15.837616822429906,-12.31149160355614,4.130690161527166,94.1296875
Guatemala,GT,2021-10-01,13.935231316725979,23.715004191114836,-7.0451586655817735,-8.919953596287703,-6.785807717462394,1.5728500355366026,97.44303797468355
Guatemala,GT,2021-11-01,21.20074906367041,29.053135888501743,-2.3129803586678053,-3.5181159420289854,-4.657982631930528,0.7587687902648532,103.721044045677
Guatemala,GT,2021-12-01,34.80452224653538,48.11708586296618,11.02195945945946,5.685579196217494,-2.3114220631304914,-0.23244717109747784,156.08896210873147
Guatemala,GT,2022-01-01,18.980631276901004,28.323155216284988,0.1706611570247934,-4.424028268551237,3.3443775100401605,6.001422475106685,109.20385232744783
Guatemala,GT,2022-02-01,23.09672262190248,33.140977443609025,2.376905311778291,-1.9933598937583001,12.060538116591928,6.397035881435257,116.97074954296161
Guatemala,GT,2022-03-01,24.02735781137509,31.263157894736842,14.826881252718573,0.3325213154689403,21.83184011026878,9.484827099506,133.26510067114094
Guatemala,GT,2022-04-01,29.48153730218538,36.336879432624116,22.05672461116194,0.03513174404015058,13.800568787771063,10.14360119047619,161.57685664939552
Guatemala,GT,2022-05-01,27.977454545454545,35.01619778346121,15.944037882049075,1.037851037851038,24.991575991575992,9.556034482758621,148.09780775716695
Guatemala,GT,2022-06-01,28.35949177877429,36.34805653710247,15.883649184662847,2.2950819672131146,24.757302560403893,10.407680945347119,149.80769230769232
Guatemala,GT,2022-07-01,34.16605972323379,42.523727351164794,20.183612183612183,6.241895261845387,24.83126110124334,10.954014598540146,167.96153846153845
Guatemala,GT,2022-08-01,36.803703703703704,43.45392491467577,24.18054338299737,4.891656288916563,32.703362831858406,11.159801136363637,180.93706293706293
Guatemala,GT,2022-09-01,36.30114068441065,42.61267605633803,21.612817089452605,1.0036945812807883,30.12,9.26086956521739,182.07042253521126
Guatemala,GT,2022-10-01,34.798179059180576,39.83274647887324,16.897816593886464,-1.0167865707434052,29.9375,9.660179640718562,180.07534246575344
Guinea-Bissau,GW,2020-02-01,-5.4,1.6,-11.666666666666666,NA,-4.2,NA,NA
Guinea-Bissau,GW,2020-03-01,-28.548387096774192,-13.5,-16.272727272727273,NA,-11.387096774193548,NA,NA
Guinea-Bissau,GW,2020-04-01,-55,-24.25,-22.88888888888889,NA,-30.766666666666666,NA,NA
Guinea-Bissau,GW,2020-05-01,-49,NA,-16.555555555555557,NA,-21.93548387096774,NA,NA
Guinea-Bissau,GW,2020-06-01,NA,NA,-12.272727272727273,NA,-10.7,NA,NA
Guinea-Bissau,GW,2020-07-01,NA,NA,-10.333333333333334,NA,-12.64516129032258,NA,NA
Guinea-Bissau,GW,2020-08-01,NA,NA,-7.333333333333333,NA,-14.375,NA,NA
Guinea-Bissau,GW,2020-09-01,NA,NA,-7.666666666666667,NA,-18.75,NA,NA
Guinea-Bissau,GW,2020-10-01,NA,NA,-22.05,NA,-23.870967741935484,NA,NA
Guinea-Bissau,GW,2020-11-01,NA,NA,-19.833333333333332,NA,-24.4,NA,NA
Guinea-Bissau,GW,2020-12-01,NA,NA,-18.25,NA,-25.967741935483872,NA,NA
Guinea-Bissau,GW,2021-01-01,NA,NA,-14.866666666666667,NA,-29.677419354838708,NA,NA
Guinea-Bissau,GW,2021-02-01,NA,NA,-24.210526315789473,NA,-35.142857142857146,NA,NA
Guinea-Bissau,GW,2021-03-01,NA,NA,-27.17391304347826,NA,-29.838709677419356,NA,NA
Guinea-Bissau,GW,2021-04-01,NA,NA,-25,NA,-27.2,NA,NA
Guinea-Bissau,GW,2021-05-01,NA,NA,-15.058823529411764,NA,-20.903225806451612,NA,NA
Guinea-Bissau,GW,2021-06-01,NA,NA,-3.4,NA,-10.9,NA,NA
Guinea-Bissau,GW,2021-07-01,NA,NA,-7.375,NA,-19,NA,NA
Guinea-Bissau,GW,2021-08-01,NA,NA,-11.3,NA,-22.806451612903224,NA,NA
Guinea-Bissau,GW,2021-09-01,NA,NA,-13.727272727272727,NA,-18.4,NA,NA
Guinea-Bissau,GW,2021-10-01,NA,NA,-8.444444444444445,NA,-12.548387096774194,NA,NA
Guinea-Bissau,GW,2021-11-01,NA,NA,-6.5,NA,-10.5,NA,NA
Guinea-Bissau,GW,2021-12-01,NA,NA,-8.3,NA,-3.870967741935484,NA,NA
Guinea-Bissau,GW,2022-01-01,NA,NA,-9.25,NA,3.225806451612903,NA,NA
Guinea-Bissau,GW,2022-02-01,NA,NA,-4.8,NA,18.214285714285715,NA,NA
Guinea-Bissau,GW,2022-03-01,NA,NA,NA,NA,39.064516129032256,NA,NA
Guinea-Bissau,GW,2022-04-01,NA,NA,NA,NA,37.666666666666664,NA,NA
Guinea-Bissau,GW,2022-05-01,NA,NA,NA,NA,38.58064516129032,NA,NA
Guinea-Bissau,GW,2022-06-01,NA,NA,NA,NA,43.233333333333334,NA,NA
Guinea-Bissau,GW,2022-07-01,NA,NA,NA,NA,33.58064516129032,NA,NA
Guinea-Bissau,GW,2022-08-01,NA,NA,NA,NA,32.903225806451616,NA,NA
Guinea-Bissau,GW,2022-09-01,NA,NA,NA,NA,35.333333333333336,NA,NA
Guinea-Bissau,GW,2022-10-01,NA,NA,NA,NA,39.13333333333333,NA,NA
Haiti,HT,2020-02-01,-13.333333333333334,-11.244444444444444,-7.53932584269663,-14.51063829787234,-8.796992481203008,5,65.82222222222222
Haiti,HT,2020-03-01,-16.70967741935484,-11.043010752688172,-13.172043010752688,-22.908163265306122,-8.92057761732852,4.548387096774194,85.2258064516129
Haiti,HT,2020-04-01,-36.08888888888889,-30.3,-19.744444444444444,-52.94174757281554,-27.322695035460992,11.2,193.46666666666667
Haiti,HT,2020-05-01,-32.924731182795696,-27.021505376344088,-19.381720430107528,-48.14563106796116,-23.444839857651246,10.172043010752688,174.63440860215053
Haiti,HT,2020-06-01,-28.333333333333332,-26.522222222222222,-18.933333333333334,-43.71,-22.436363636363637,10.366666666666667,162.93333333333334
Haiti,HT,2020-07-01,-18.86021505376344,-22.06451612903226,-16.403225806451612,-32.02884615384615,-23.48951048951049,7.935483870967742,130.23655913978496
Haiti,HT,2020-08-01,-8.403225806451612,-11.948717948717949,-9.595238095238095,-20.544117647058822,-22.280423280423282,3.096774193548387,80.54838709677419
Haiti,HT,2020-09-01,-7.057971014492754,-10.886075949367088,-17.8,-10.60759493670886,-21.27314814814815,5.34020618556701,72.6086956521739
Haiti,HT,2020-10-01,-10.720430107526882,-12.021505376344086,-28.53723404255319,-6.5,-27.37037037037037,1.8770491803278688,81.79569892473118
Haiti,HT,2020-11-01,-12.155555555555555,-15.766666666666667,-29.661202185792348,-8.03960396039604,-27.905923344947734,3.347826086956522,88.92222222222222
Haiti,HT,2020-12-01,-2.2903225806451615,-3.182795698924731,-8.152173913043478,9.565656565656566,-27.72053872053872,4.491525423728813,68.06451612903226
Haiti,HT,2021-01-01,-21.462365591397848,-23.451612903225808,-24.122340425531913,-10.88,-36.84615384615385,5.894736842105263,127.45161290322581
Haiti,HT,2021-02-01,-33.714285714285715,-29.642857142857142,-36.0414201183432,-33.670103092783506,-43.61623616236162,8.586538461538462,186.52380952380952
Haiti,HT,2021-03-01,-16.204301075268816,-15.279569892473118,-30.3048128342246,-13.048543689320388,-29.816053511705686,2.2521008403361344,99.96774193548387
Haiti,HT,2021-04-01,-8.5,-8.322222222222223,-22.583333333333332,-6.494949494949495,-25.75862068965517,1.1304347826086956,73.76666666666667
Haiti,HT,2021-05-01,4.634408602150538,6.311827956989247,-10.946236559139784,-3.4329896907216493,-18.886986301369863,-0.30578512396694213,51.45161290322581
Haiti,HT,2021-06-01,5.588888888888889,6.622222222222222,-4.411111111111111,-12,-23.05923344947735,2.206896551724138,59.644444444444446
Haiti,HT,2021-07-01,-3.204301075268817,-6.806451612903226,-8.301075268817204,-16.244897959183675,-32.91610738255034,5.5344827586206895,95
Haiti,HT,2021-08-01,15.193548387096774,6.903225806451613,1.032258064516129,0.31958762886597936,-28.674576271186442,1.1260504201680672,62.13978494623656
Haiti,HT,2021-09-01,18.433333333333334,12.733333333333333,1.05,-0.3368421052631579,-25.926573426573427,2.236842105263158,68.53333333333333
Haiti,HT,2021-10-01,-1.6451612903225807,-3.860215053763441,-8.424731182795698,-15.575757575757576,-29.85958904109589,7.140350877192983,109.6236559139785
Haiti,HT,2021-11-01,1.8222222222222222,-1.0444444444444445,-11.63888888888889,-11.291666666666666,-26.68421052631579,5.883928571428571,88.31111111111112
Haiti,HT,2021-12-01,27.731182795698924,25.376344086021504,1.4519774011299436,12.221052631578948,-18.07266435986159,2.0672268907563027,98.26881720430107
Haiti,HT,2022-01-01,18.978494623655912,18.526881720430108,1.7166666666666666,7.145833333333333,-9.298932384341636,4.966101694915254,79.48387096774194
Haiti,HT,2022-02-01,24.583333333333332,26.488095238095237,6.83125,13.674418604651162,7.591836734693878,6.381818181818182,101.8452380952381
Haiti,HT,2022-03-01,41.236559139784944,29.795698924731184,55.37820512820513,25.64516129032258,23.158102766798418,16.49137931034483,176.16129032258064
Haiti,HT,2022-04-01,44.67777777777778,32.81111111111111,64.47972972972973,28.133333333333333,23.33469387755102,18,184.26666666666668
Haiti,HT,2022-05-01,43.96774193548387,31.70967741935484,60.78145695364238,26.021505376344088,29.170040485829958,16.921739130434784,175.59139784946237
Haiti,HT,2022-06-01,41.022222222222226,30.533333333333335,61.04827586206896,33.01111111111111,26.06122448979592,19.321428571428573,179.36666666666667
Haiti,HT,2022-07-01,33.03225806451613,21.752688172043012,59.136054421768705,28.741935483870968,16.108870967741936,22.69298245614035,158.25806451612902
Haiti,HT,2022-08-01,37.86021505376344,23.397849462365592,69.68055555555556,35.46236559139785,14.674509803921568,24.482758620689655,177.3548387096774
Haiti,HT,2022-09-01,-0.6222222222222222,-11.011111111111111,33.1578947368421,-6.7,-13.589147286821705,29.45945945945946,165.7888888888889
Haiti,HT,2022-10-01,-10.688888888888888,-20.155555555555555,25.666666666666668,-17.8,-14.272727272727273,31.054545454545455,130.42222222222222
Honduras,HN,2020-02-01,-4.12531328320802,-0.794044665012407,-4.8788927335640135,-4.425438596491228,8.697936210131331,-0.44129554655870445,38.22699386503067
Honduras,HN,2020-03-01,-41.24752475247525,-23.61118881118881,-29.45394736842105,-41.23625254582485,-28.118770764119603,7.597014925373134,162.3130081300813
Honduras,HN,2020-04-01,-75.00396825396825,-54.97072419106318,-52.0843776106934,-69.03441295546558,-55.140489344909234,27.22119815668203,364.7860696517413
Honduras,HN,2020-05-01,-68.15211970074813,-48.011019283746556,-48.87720706260032,-63.49177330895795,-44.370723945902945,22.666666666666668,312.411320754717
Honduras,HN,2020-06-01,-57.0675,-36.431937172774866,-43.60891089108911,-57.524809160305345,-34.7606490872211,19.00862068965517,260.5366666666667
Honduras,HN,2020-07-01,-57.25631768953068,-37.14588528678304,-44.313091482649845,-58.90346083788707,-38.72996300863132,19.582132564841498,266.0769230769231
Honduras,HN,2020-08-01,-54.91881188118812,-36.02777777777778,-40.958333333333336,-58.5843023255814,-37.021186440677965,15.491428571428571,244.4228855721393
Honduras,HN,2020-09-01,-40.994949494949495,-22.83265306122449,-31.756440281030446,-46.644549763033176,-30.155797101449274,11.287946428571429,188.20866141732284
Honduras,HN,2020-10-01,-36.09199522102748,-14.45788043478261,-31.48159749412686,-40.294326241134755,-26.88497800125707,8.4575260804769,157.07894736842104
Honduras,HN,2020-11-01,-38.38721351025332,-15.652818991097924,-39.566823899371066,-45.087188612099645,-30.8717277486911,7.58908507223114,177.0544041450777
Honduras,HN,2020-12-01,-20.32850241545894,4.852503382949933,-17.352512155591572,-22.39250493096647,-23.44423440453686,4.7367647058823525,104.74137931034483
Honduras,HN,2021-01-01,-30.225921521997623,-10.259917920656635,-27.455607476635514,-33.272890484739676,-27.75665399239544,4.580152671755725,139.21832884097034
Honduras,HN,2021-02-01,-27.679094540612518,-3.5473684210526315,-29.13126079447323,-33.14750957854406,-26.97087378640777,-0.3096774193548387,123.32102272727273
Honduras,HN,2021-03-01,-20.542787286063568,6.53519256308101,-24.62841091492777,-23.384191176470587,-25.383125,-2.394109396914446,105.392
Honduras,HN,2021-04-01,-21.227959697733,6.112359550561798,-24.694901315789473,-24.730337078651687,-27.619754680438994,-0.4052863436123348,112.68032786885246
Honduras,HN,2021-05-01,-12.706748466257668,16.66434540389972,-18.161106590724167,-16.69402985074627,-19.697910069664346,-2.151558073654391,81.83152173913044
Honduras,HN,2021-06-01,-6.6841432225063935,22.25764192139738,-12.094017094017094,-11.39763779527559,-19.09779792746114,-4.983169705469845,74.8
Honduras,HN,2021-07-01,-3.8102372034956304,25.88515406162465,-10.983870967741936,-7.406311637080868,-18.920276208411803,-5.051912568306011,76.26050420168067
Honduras,HN,2021-08-01,-2.6746231155778895,27.1287988422576,-11.852965069049553,-5.94949494949495,-16.859671302149177,-4.574555403556771,73.58430232558139
Honduras,HN,2021-09-01,-1.138996138996139,27.523529411764706,-12.088757396449704,-8.11603375527426,-16.244329228775115,-4.801952580195258,71.41463414634147
Honduras,HN,2021-10-01,1.67,27.875524475524475,-7.682644628099173,-8.066252587991718,-17.293443666454486,-4.79696132596685,81.88150289017341
Honduras,HN,2021-11-01,7.631439894319683,32.00280504908836,-7.440692640692641,-4.771551724137931,-9.5898105813194,-4.536111111111111,74.95795795795796
Honduras,HN,2021-12-01,18.070967741935483,42.92275280898876,3.2551020408163267,5.270833333333333,-9.130627774254915,-4.660645161290323,119.8562874251497
Honduras,HN,2022-01-01,3.424433249370277,29.89445196211096,-7.41673640167364,-8.734204793028322,-6.647932816537468,0.6306429548563611,81.48546511627907
Honduras,HN,2022-02-01,9.894586894586894,33.40428790199081,-4.857010213556174,-4.209756097560976,3.6416184971098264,0.42731277533039647,76.29084967320262
Honduras,HN,2022-03-01,12.4779792746114,34.29834254143646,9.960072595281307,0.6349557522123893,12.022427440633246,4.325811001410437,88.00895522388059
Honduras,HN,2022-04-01,13.205333333333334,35.15712187958884,17.879459980713598,2.3735498839907194,3.258807588075881,5.73644578313253,116.75077881619937
Honduras,HN,2022-05-01,16.11627906976744,38.03943661971831,10.437272727272727,1.3498871331828444,15.437374413931682,4.351744186046512,107.8025078369906
Honduras,HN,2022-06-01,17.61662198391421,37.87339971550498,9.666979362101314,2.958041958041958,17.102849200833912,4.682020802377415,108.6006289308176
Honduras,HN,2022-07-01,17.236503856041132,38.49452054794521,11.722018348623854,3.5011494252873563,12.346282652377763,5.937777777777778,107.87654320987654
Honduras,HN,2022-08-01,20.29790026246719,42.95290858725762,15.628517823639775,4.293023255813954,20.182063385030343,5.6841339155749635,124.85220125786164
Honduras,HN,2022-09-01,18.416666666666668,41.65072463768116,11.385687732342008,-0.7799043062200957,15.551414768806072,4.208333333333333,119.53627760252365
Honduras,HN,2022-10-01,13.811518324607329,37.961876832844574,8.259597806215723,-6.022935779816514,0.2872628726287263,6.67076923076923,121.9367088607595
Hong Kong,HK,2020-02-01,-24,-6.533333333333333,-13,-30.6,-17.066666666666666,13.866666666666667,105.06666666666666
Hong Kong,HK,2020-03-01,-23.838709677419356,-5.483870967741935,-15.709677419354838,-28.93548387096774,-13.64516129032258,13.258064516129032,101.12903225806451
Hong Kong,HK,2020-04-01,-26.133333333333333,-3.1666666666666665,-15.5,-34.833333333333336,-23.5,15.766666666666667,122.5
Hong Kong,HK,2020-05-01,-18.387096774193548,-0.7741935483870968,-17.06451612903226,-24.774193548387096,-10.96774193548387,11.096774193548388,87.45161290322581
Hong Kong,HK,2020-06-01,-13.366666666666667,1.2666666666666666,-17.566666666666666,-18.766666666666666,-6.866666666666666,8.133333333333333,69.36666666666666
Hong Kong,HK,2020-07-01,-26.29032258064516,9.935483870967742,-23.870967741935484,-28.483870967741936,-19.548387096774192,13.741935483870968,122.96774193548387
Hong Kong,HK,2020-08-01,-33.096774193548384,8.96774193548387,-32.61290322580645,-32.87096774193548,-26.548387096774192,16.387096774193548,151.1290322580645
Hong Kong,HK,2020-09-01,-20.833333333333332,13.9,-28.633333333333333,-20.866666666666667,-12.8,9.833333333333334,106.93333333333334
Hong Kong,HK,2020-10-01,-15.67741935483871,23.161290322580644,-14.064516129032258,-15.193548387096774,-12.903225806451612,8.161290322580646,94.90322580645162
Hong Kong,HK,2020-11-01,-14.9,26.566666666666666,-15.4,-14.133333333333333,-5,6.8,84.6
Hong Kong,HK,2020-12-01,-26.70967741935484,23.483870967741936,-20.64516129032258,-25.387096774193548,-21.35483870967742,13.32258064516129,130.90322580645162
Hong Kong,HK,2021-01-01,-28.451612903225808,22.774193548387096,-24.29032258064516,-25.70967741935484,-19.838709677419356,11.935483870967742,133
Hong Kong,HK,2021-02-01,-23.857142857142858,26.857142857142858,-21.071428571428573,-21.285714285714285,-23.428571428571427,10.75,128.39285714285714
Hong Kong,HK,2021-03-01,-17.35483870967742,26.193548387096776,-19.129032258064516,-14.064516129032258,-9.129032258064516,7.516129032258065,93.58064516129032
Hong Kong,HK,2021-04-01,-14.1,30.933333333333334,-13.1,-10.8,-11.7,7.633333333333334,90.66666666666667
Hong Kong,HK,2021-05-01,-10.387096774193548,39.935483870967744,-16.129032258064516,-6.612903225806452,-5.806451612903226,6.451612903225806,87.58064516129032
Hong Kong,HK,2021-06-01,-9.3,39.833333333333336,-20.5,-7.1,-3.966666666666667,6.366666666666666,90.2
Hong Kong,HK,2021-07-01,-6.838709677419355,38.064516129032256,-20,-5.967741935483871,-5.129032258064516,6.419354838709677,84.16129032258064
Hong Kong,HK,2021-08-01,-3.3870967741935485,40.516129032258064,-20.35483870967742,-3.5483870967741935,-3.2580645161290325,5.645161290322581,78.51612903225806
Hong Kong,HK,2021-09-01,-2.066666666666667,41.63333333333333,-16.433333333333334,-1.1333333333333333,-0.26666666666666666,4.633333333333334,75.16666666666667
Hong Kong,HK,2021-10-01,-4.32258064516129,42.806451612903224,-18.516129032258064,-5.709677419354839,-5.580645161290323,7.193548387096774,93.93548387096774
Hong Kong,HK,2021-11-01,0.03333333333333333,43.93333333333333,-6.8,0.7666666666666667,4.6,3.7666666666666666,63.5
Hong Kong,HK,2021-12-01,1.7419354838709677,50.29032258064516,-4.870967741935484,1.2580645161290323,0.7419354838709677,4.580645161290323,76.83870967741936
Hong Kong,HK,2022-01-01,-10.838709677419354,51.483870967741936,-15.548387096774194,-8.064516129032258,-3.4193548387096775,9.129032258064516,103.51612903225806
Hong Kong,HK,2022-02-01,-30.464285714285715,31.857142857142858,-29.964285714285715,-31,-32.142857142857146,19.035714285714285,174.53571428571428
Hong Kong,HK,2022-03-01,-41,6.161290322580645,-47,-36.29032258064516,-33.03225806451613,20.225806451612904,185.38709677419354
Hong Kong,HK,2022-04-01,-25.666666666666668,15.533333333333333,-35.63333333333333,-19.833333333333332,-20.266666666666666,12.8,129.73333333333332
Hong Kong,HK,2022-05-01,-15.903225806451612,13.548387096774194,-38.29032258064516,-11.225806451612904,-8.387096774193548,7.612903225806452,97.03225806451613
Hong Kong,HK,2022-06-01,-14.866666666666667,9.633333333333333,-39.2,-9.266666666666667,0.43333333333333335,6.733333333333333,86.13333333333334
Hong Kong,HK,2022-07-01,-15.32258064516129,10.03225806451613,-40.12903225806452,-11.806451612903226,-2.3225806451612905,8.096774193548388,94.29032258064517
Hong Kong,HK,2022-08-01,-13.096774193548388,11.258064516129032,-37.935483870967744,-10.064516129032258,-2.3870967741935485,8.741935483870968,86
Hong Kong,HK,2022-09-01,-12.366666666666667,10.333333333333334,-30.266666666666666,-7.1,-0.1,6.4,72.3
Hong Kong,HK,2022-10-01,-10.266666666666667,13.266666666666667,-26.066666666666666,-6.333333333333333,-2.933333333333333,6.133333333333334,72.33333333333333
Hungary,HU,2020-02-01,6.742857142857143,4.746031746031746,21.738805970149254,6.911111111111111,2.1904761904761907,-0.4090909090909091,46.36940298507463
Hungary,HU,2020-03-01,-19.668202764976957,-5.45468509984639,3.0899470899470898,-18.781874039938558,-18.0568356374808,7.768370607028754,124.71454219030521
Hungary,HU,2020-04-01,-42.196172248803826,-19.606349206349208,10.07909604519774,-39.14126984126984,-40.425396825396824,15.116357504215852,183.4825581395349
Hungary,HU,2020-05-01,-14.105590062111801,-8.125960061443932,38.907514450867055,-23.307219662058372,-25.00921658986175,9.171156893819335,138.4506769825919
Hungary,HU,2020-06-01,8.84664536741214,2.2984126984126982,69.93627450980392,-6.998412698412698,-15.923809523809524,3.9303079416531603,132.01225490196077
Hungary,HU,2020-07-01,23.259659969088098,11.287250384024578,95.33542319749216,5.029185867895546,-18.663594470046082,1.3286384976525822,155.98746081504703
Hungary,HU,2020-08-01,25.45,9.115463917525773,111.89887640449439,5.078389830508475,-23.95777027027027,0.6147798742138365,184.98314606741573
Hungary,HU,2020-09-01,6.727650727650728,4.281853281853282,77.31615120274914,7.862669245647969,-12.467554076539102,-0.12077294685990338,123.93470790378007
Hungary,HU,2020-10-01,1.1298299845440494,5.3379416282642085,48.20084566596194,1.9185867895545314,-14.01689708141321,3.0384024577572966,100.8985200845666
Hungary,HU,2020-11-01,-17.976114649681527,-0.38095238095238093,13.082217973231357,-14.301587301587302,-17.917460317460318,7.295238095238095,94.93116634799235
Hungary,HU,2020-12-01,-22.550077041602464,2.9278033794162828,6.099264705882353,-24.089093701996926,-32.42242703533026,11.585253456221198,134.88970588235293
Hungary,HU,2021-01-01,-32.06605222734255,-7.8771121351766515,4.828070175438596,-24.71121351766513,-20.91551459293395,8.744615384615384,117.79649122807018
Hungary,HU,2021-02-01,-24.348122866894197,1.7057823129251701,13.911111111111111,-17.374149659863946,-15.70578231292517,6.568027210884353,98.63838383838385
Hungary,HU,2021-03-01,-28.451313755795983,4.476923076923077,26.06640625,-21.316436251920123,-24.551459293394778,9.697388632872503,132.3515625
Hungary,HU,2021-04-01,-15.853269537480063,4.661904761904762,39.54716981132076,-14.2015873015873,-23.365079365079364,8.492063492063492,138.51362683438154
Hungary,HU,2021-05-01,11.312693498452012,16.26923076923077,67.99311926605505,7.7158218125960065,-10.657450076804915,2.6589861751152073,147.704128440367
Hungary,HU,2021-06-01,27.62619808306709,28.774603174603175,108.9536231884058,19.061904761904763,-7.247619047619048,-0.626984126984127,186.92463768115942
Hungary,HU,2021-07-01,39.23029366306028,34.115207373271886,121.87820512820512,23.83563748079877,-15.477726574500767,-0.2488479262672811,212.70833333333334
Hungary,HU,2021-08-01,49.51238390092879,38.90461538461538,130.8661971830986,29.646697388632873,-17.38095238095238,0.2764976958525346,239.24647887323943
Hungary,HU,2021-09-01,34.47124600638978,32.74603174603175,104.32022471910112,28.141269841269843,-5.682539682539683,-0.9015873015873016,202.28370786516854
Hungary,HU,2021-10-01,26.181114551083592,28.07395993836672,77.73493975903614,15.737327188940093,-9.480798771121352,0.6098310291858678,163.86506024096386
Hungary,HU,2021-11-01,13.429712460063898,24.13809523809524,35.34315789473684,4.474603174603175,-11.177777777777777,3.9952380952380953,105.10105263157895
Hungary,HU,2021-12-01,14.591049382716049,27.77932098765432,36.34879032258065,-2.780337941628264,-21.90015360983103,7.138248847926267,154.5665322580645
Hungary,HU,2022-01-01,2.3839009287925697,15.202764976958525,22.18147448015123,-2.414746543778802,-8.717357910906298,5.771121351766513,83.117202268431
Hungary,HU,2022-02-01,17.333904109589042,27.33503401360544,39.388392857142854,8.212585034013605,-3.2091836734693877,2.933673469387755,106.54910714285714
Hungary,HU,2022-03-01,18.18856259659969,27.71846153846154,60.89908256880734,11.691244239631336,-1.9400921658986174,2.6359447004608296,140.401376146789
Hungary,HU,2022-04-01,23.782747603833865,28.506369426751593,75.63037974683544,16.692063492063493,-5.950793650793651,1.8968253968253967,173.50886075949367
Hungary,HU,2022-05-01,35.746130030959755,34.99227202472952,112.61369863013698,27.121351766513058,2.685099846390169,-1.2227342549923195,207.76986301369863
Hungary,HU,2022-06-01,37.94249201277955,36.146496815286625,124.52647975077882,28.547619047619047,-4.068253968253968,-1.0063492063492063,228.50467289719626
Hungary,HU,2022-07-01,43.61145510835913,43.773148148148145,132.27272727272728,31.362519201228878,-9.599078341013826,0.38402457757296465,231.23905723905725
Hungary,HU,2022-08-01,47.4435857805255,44.908809891808346,140.568345323741,29.86635944700461,-11.605222734254992,2.2565284178187404,249.50359712230215
Hungary,HU,2022-09-01,31.838658146964857,39.543130990415335,98.24043715846994,24.196825396825396,0.6571428571428571,0.12380952380952381,193.05191256830602
Hungary,HU,2022-10-01,32.2555910543131,40.59744408945687,98.14516129032258,26.676190476190477,9.33968253968254,-0.31746031746031744,198.86021505376345
India,IN,2020-02-01,1.050464527027027,1.1426985008328707,3.882739212007505,3.3836451545091446,3.291500867258443,-0.18067540215191222,33.03929737642157
India,IN,2020-03-01,-21.688917262512767,-16.49691257718557,-9.760385644339003,-20.65912557193696,-15.384130113356333,8.591683601688292,128.2139161070131
India,IN,2020-04-01,-72.48315512331416,-37.45596519605109,-38.93001938086009,-62.27588738006606,-43.68455251535611,24.647690128568314,295.4117781198335
India,IN,2020-05-01,-68.70969770000524,-1.9921938526589689,-39.03223838096206,-45.985404058383764,-24.474161288733434,18.10899708090075,241.76462426462427
India,IN,2020-06-01,-52.15827843179609,23.39503666102651,-32.17443995593096,-31.003202940404307,-13.093251779805474,11.892035398230089,197.93653536051602
India,IN,2020-07-01,-51.2861694348689,13.620885110093743,-32.55943381867993,-33.683565544594735,-14.529036929761043,13.406938097216452,198.47428126563977
India,IN,2020-08-01,-44.25976655550262,0.28189636790105926,-37.49356808346671,-32.38486877632574,-12.619943748401944,11.017798764983654,183.8468448729185
India,IN,2020-09-01,-31.218355170800187,4.51177511570923,-30.909874745120884,-25.162515088335343,-8.986885755753681,12.57237580878028,149.25947258848024
India,IN,2020-10-01,-20.684630020054506,20.158399561523705,-30.31591413021568,-15.995163917735695,-14.75717524480247,9.631110885252566,133.79424532502227
India,IN,2020-11-01,-14.738820272572402,24.84567725800034,-22.050335047529998,-10.6521075619639,-17.20727816550349,8.363024148997738,129.06412618005987
India,IN,2020-12-01,-16.72329922353062,22.62129853037947,-1.9656771332090117,-2.79187868919194,-9.569940189079684,11.355293997758077,112.37087605884976
India,IN,2021-01-01,-18.758933606767496,17.876761915208686,-1.327071266683455,-8.590240675723807,-9.324054419143188,11.930390405715745,110.00066625950808
India,IN,2021-02-01,-15.568961599636447,25.16086134325627,-7.130262864780575,-2.8291652585332883,-11.09114694574968,7.19386890984023,98.27157297830375
India,IN,2021-03-01,-13.289730173386683,30.16645510237872,-4.562163250918979,-0.727975191906868,-10.175171216359603,8.591712960603434,106.10971594397009
India,IN,2021-04-01,-25.695039966121435,20.136099395873703,-14.870950969687517,-16.034540682414697,-23.26198544802153,15.535816014347505,155.16073895027625
India,IN,2021-05-01,-51.80693196405648,-12.661139268400175,-27.35334675390035,-44.63636363636363,-42.02590198726606,24.69548717948718,232.33731658514895
India,IN,2021-06-01,-26.485106158233865,18.78851740046705,-5.1658587438102685,-21.16436413300415,-23.63094941440319,16.17717242107486,158.6579144354235
India,IN,2021-07-01,-13.129500818330605,33.0545424403183,2.4414823790770472,-6.276368627052306,-13.523517777027353,12.678719166538992,129.8052122364521
India,IN,2021-08-01,-5.437276352111236,42.22106078203639,8.376970493128537,2.844769746874047,-8.654606849975881,10.941110487941671,124.2605310329375
India,IN,2021-09-01,-2.2207847071869886,44.6953312736011,10.305379498192867,5.459537572254336,-3.6629280693883652,10.513618677042802,121.00986193293886
India,IN,2021-10-01,6.948559144187951,56.036907536907535,19.959818930878388,15.256694837592914,-2.9582187484923046,9.160853403941138,141.83310780333784
India,IN,2021-11-01,15.864902064584436,66.39638290519525,32.63624408206207,25.257097791798106,-3.6848796051647636,8.747699910625098,175.74040037461953
India,IN,2021-12-01,14.72984593335722,62.58629710023933,30.339798411728772,23.493790084495572,9.475806840658015,8.251256791753415,165.71222410865875
India,IN,2022-01-01,5.930421455938697,53.533407510431154,29.82199246205562,11.480836768972361,8.734751978382551,13.423327563384584,162.5195745643811
India,IN,2022-02-01,21.348464241187806,69.20697127290738,51.58579780893455,26.006938568285666,20.228915018706573,11.29077295501886,210.98230088495575
India,IN,2022-03-01,37.10870907967882,82.47194756765919,109.87375834340673,40.80125715453802,45.23370906100334,18.135188866799204,333.45611678832114
India,IN,2022-04-01,41.90212063086104,88.72241369238857,122.23605876891146,45.58211244512614,48.11981589874431,19.223399209486168,360.37821638312045
India,IN,2022-05-01,41.85544033431357,88.39800769753226,133.54848291958413,51.43367503844183,43.970125405510096,18.38673469387755,370.73077601929754
India,IN,2022-06-01,36.140816544078454,81.80869920121276,125.58097320940405,47.20547292648071,44.79665083729068,19.005321671320935,350.39797833060953
India,IN,2022-07-01,32.808664259927795,80.15014964142526,116.88313671792712,41.533043255694906,49.27205419791919,20.660370616162133,337.5047362881534
India,IN,2022-08-01,42.73877741001241,92.85977650462307,128.39904559915163,46.97524043380397,49.737407981402555,22.655505078862742,377.2209528296331
India,IN,2022-09-01,41.50827575124538,91.93206553540082,121.69113550712764,41.914204154992866,57.57922676282051,20.796521739130434,367.9154023546547
India,IN,2022-10-01,49.84599699506332,100.78357419809659,132.28187698717247,46.58104104951333,47.545700270297324,20.43958245466048,390.6138746647159
Indonesia,ID,2020-02-01,-1.8761904761904762,-1.6266666666666667,-2.1314285714285712,-0.5722543352601156,3.7333333333333334,0.7866666666666666,24.33140655105973
Indonesia,ID,2020-03-01,-12.745622119815668,-4.44147465437788,-13.250691244239631,-16.11173184357542,-8.04700460829493,5.740092165898617,77.49627560521415
Indonesia,ID,2020-04-01,-38.17333333333333,-21.222857142857144,-33.360952380952384,-53.75383141762452,-28.982857142857142,14.506666666666666,190.25574712643677
Indonesia,ID,2020-05-01,-34.133640552995395,-13.376958525345621,-31.207373271889402,-58.21626617375231,-28.91705069124424,14.821198156682028,185.16543438077633
Indonesia,ID,2020-06-01,-22.69333333333333,-8.588571428571429,-20.259047619047617,-47.22605363984675,-17.502857142857142,11.148571428571428,129.79885057471265
Indonesia,ID,2020-07-01,-15.723502304147466,-3.1225806451612903,-14.215668202764977,-37.68122676579926,-16.737327188940093,9.82857142857143,106.1263940520446
Indonesia,ID,2020-08-01,-12.05781990521327,0.12280701754385966,-4.03441494591937,-33.08093126385809,-16.54193548387097,8.395391705069125,93.37037037037037
Indonesia,ID,2020-09-01,-14.057281553398058,-0.7415841584158416,-7.707,-32.63232104121475,-15.493333333333334,9.17904761904762,95.02078774617068
Indonesia,ID,2020-10-01,-14.40552995391705,3.5732718894009214,-3.776958525345622,-28.68592730661696,-22.09400921658986,6.034101382488479,93.72879776328053
Indonesia,ID,2020-11-01,-13.208571428571428,3.1514285714285712,-10.095238095238095,-25.469623915139827,-20.356190476190477,3.0752380952380953,86.45708775313405
Indonesia,ID,2020-12-01,-9.486635944700462,10.23963133640553,-1.863594470046083,-18.203548085901026,-24,5.929953917050692,89.18207282913166
Indonesia,ID,2021-01-01,-20.644239631336404,-3.9953917050691246,-15.338248847926268,-31.03171641791045,-26.708755760368664,6.749308755760369,119.10634328358209
Indonesia,ID,2021-02-01,-19.818367346938775,-2.480612244897959,-20.261224489795918,-31.77892561983471,-28.8734693877551,2.023469387755102,115.06714876033058
Indonesia,ID,2021-03-01,-14.517972350230414,5.6894009216589865,-14.07004608294931,-25.457865168539325,-25.406451612903226,0.759447004608295,97.17977528089888
Indonesia,ID,2021-04-01,-12.99047619047619,12.864761904761904,-14.5,-22.54660194174757,-24.761904761904763,1.9561904761904763,101.63203883495146
Indonesia,ID,2021-05-01,-2.817511520737327,26.03041474654378,0.8958525345622119,-22.815094339622643,-29.59447004608295,1.847926267281106,118.2566037735849
Indonesia,ID,2021-06-01,0.6752380952380952,26.47904761904762,4.616190476190476,-11.880742913000978,-19.285714285714285,1.5276190476190477,94.12512218963832
Indonesia,ID,2021-07-01,-10.704147465437789,21.412903225806453,-9.168663594470045,-34.554724041159965,-25.476497695852533,6.119815668202765,125.13189897100094
Indonesia,ID,2021-08-01,-7.849769585253457,21.33364055299539,-13.303225806451612,-33.29311969839774,-22.57327188940092,5.0525345622119815,114.54571159283695
Indonesia,ID,2021-09-01,1.9676190476190476,27.564761904761905,-7.3428571428571425,-20.77081292850147,-15.68095238095238,1.7114285714285715,95.77766895200783
Indonesia,ID,2021-10-01,8.6073732718894,32.85529953917051,4.306912442396313,-10.638519924098672,-12.000921658986176,0.3207373271889401,94.92314990512334
Indonesia,ID,2021-11-01,10.34952380952381,33.75714285714286,4.172380952380952,-8.140196078431373,-8.41904761904762,0.41619047619047617,91.29509803921569
Indonesia,ID,2021-12-01,15.078341013824884,39.69124423963134,12.164976958525346,-3.5056925996204935,-8.906912442396314,0.3336405529953917,105.26470588235294
Indonesia,ID,2022-01-01,10.763133640552995,35.08479262672811,14.141013824884793,-6.738140417457306,-1.4995391705069125,1.5935483870967742,92.36148007590133
Indonesia,ID,2022-02-01,7.790816326530612,33.012244897959185,11.9,-14.375,-3.7244897959183674,5.871428571428571,97.5798319327731
Indonesia,ID,2022-03-01,14.247004608294931,41.552073732718895,48.45345622119816,-4.191650853889943,12.840552995391706,12.80552995391705,157.99146110056927
Indonesia,ID,2022-04-01,16.00761904761905,49.906666666666666,47.55809523809524,-1.6254901960784314,10.18952380952381,16.125714285714285,174.17843137254903
Indonesia,ID,2022-05-01,22.910599078341015,51.433179723502306,82.12442396313364,13.377609108159392,-0.3225806451612903,13.521658986175115,222.72770398481973
Indonesia,ID,2022-06-01,18.082857142857144,45.499047619047616,60.973333333333336,3.176470588235294,14.302857142857142,14.34095238095238,175.72058823529412
Indonesia,ID,2022-07-01,20.105069124423963,50.25069124423963,64.37235023041475,6.3330170777988615,13.779723502304147,13.810138248847926,185.87381404174573
Indonesia,ID,2022-08-01,20.821198156682026,51.17235023041474,64.79539170506912,0.6907020872865275,23.442396313364057,15.127188940092166,194.03984819734345
Indonesia,ID,2022-09-01,20.47142857142857,48.16761904761905,56.819047619047616,-1.196078431372549,25.795238095238094,13.17904761904762,181.3764705882353
Indonesia,ID,2022-10-01,18.71047619047619,46.7447619047619,53.57523809523809,-0.08627450980392157,22.21142857142857,13.05904761904762,174.2450980392157
Iraq,IQ,2020-02-01,10.133333333333333,10.8,9.466666666666667,13.2,10.6,0.3333333333333333,54.93333333333333
Iraq,IQ,2020-03-01,-33.12903225806452,-14.387096774193548,-21.096774193548388,-30.580645161290324,-24.612903225806452,11.03225806451613,157.16129032258064
Iraq,IQ,2020-04-01,-53.36666666666667,-29.233333333333334,-36.93333333333333,-50.266666666666666,-38.3,16.666666666666668,224.76666666666668
Iraq,IQ,2020-05-01,-30.193548387096776,-6,-19.70967741935484,-26.93548387096774,-20.419354838709676,13.096774193548388,122.29032258064517
Iraq,IQ,2020-06-01,-34.5,-13.2,-25.566666666666666,-34,-23.333333333333332,13.4,144
Iraq,IQ,2020-07-01,-26.774193548387096,-5.548387096774194,-20.870967741935484,-28.774193548387096,-24.129032258064516,12.483870967741936,124.06451612903226
Iraq,IQ,2020-08-01,-18.967741935483872,1.967741935483871,-11.387096774193548,-17.677419354838708,-23.677419354838708,10.774193548387096,90.45161290322581
Iraq,IQ,2020-09-01,-7.933333333333334,9.966666666666667,-2.9,-4.533333333333333,-16.066666666666666,6.866666666666666,50.6
Iraq,IQ,2020-10-01,-1.4516129032258065,29.258064516129032,1.2258064516129032,5.193548387096774,-15.064516129032258,4.838709677419355,62.193548387096776
Iraq,IQ,2020-11-01,3.3,35.03333333333333,-1.3333333333333333,3.7,-6.633333333333334,2.6333333333333333,57.03333333333333
Iraq,IQ,2020-12-01,7.354838709677419,45.193548387096776,7.258064516129032,9.290322580645162,-3.032258064516129,2.5161290322580645,76.70967741935483
Iraq,IQ,2021-01-01,8.193548387096774,41.806451612903224,3.870967741935484,6.290322580645161,-2.967741935483871,-0.06451612903225806,68.6774193548387
Iraq,IQ,2021-02-01,1.6071428571428572,38.642857142857146,-2.357142857142857,-1.75,-13.214285714285714,-1.5357142857142858,93.17857142857143
Iraq,IQ,2021-03-01,8.161290322580646,57.096774193548384,6.258064516129032,8.806451612903226,-16.741935483870968,-1.1935483870967742,121.09677419354838
Iraq,IQ,2021-04-01,16.633333333333333,70.43333333333334,10.933333333333334,17.9,-8.766666666666667,-0.5,130.23333333333332
Iraq,IQ,2021-05-01,36.38709677419355,92.45161290322581,27.838709677419356,34.54838709677419,-9.483870967741936,-1.3225806451612903,205.7741935483871
Iraq,IQ,2021-06-01,50.6,114.8,40.1,49.233333333333334,-0.6333333333333333,-6.566666666666666,264.6
Iraq,IQ,2021-07-01,57.03225806451613,124.70967741935483,44.54838709677419,51.12903225806452,-8.193548387096774,-4.870967741935484,292.741935483871
Iraq,IQ,2021-08-01,60.806451612903224,133.96774193548387,46.096774193548384,56.32258064516129,0.0967741935483871,-5.580645161290323,307.9032258064516
Iraq,IQ,2021-09-01,70.13333333333334,141.16666666666666,58.8,68.06666666666666,0.23333333333333334,-7.2,351.6
Iraq,IQ,2021-10-01,81.16129032258064,159.09677419354838,59.41935483870968,63.354838709677416,7.838709677419355,-7.161290322580645,385.06451612903226
Iraq,IQ,2021-11-01,85.96666666666667,166.83333333333334,57.63333333333333,68.6,21.533333333333335,-7.133333333333334,407.7
Iraq,IQ,2021-12-01,82.90322580645162,160.25806451612902,48.38709677419355,65.96774193548387,36.03225806451613,-4.967741935483871,398.51612903225805
Iraq,IQ,2022-01-01,73.90322580645162,150.70967741935485,35.54838709677419,57.32258064516129,41.38709677419355,-1.4516129032258065,361.2903225806452
Iraq,IQ,2022-02-01,89.64285714285714,165.75,55.142857142857146,73.32142857142857,45.67857142857143,-1.3928571428571428,431.5
Iraq,IQ,2022-03-01,97.45161290322581,178.32258064516128,78.29032258064517,83.03225806451613,58.903225806451616,4.064516129032258,500.5806451612903
Iraq,IQ,2022-04-01,88.76666666666667,180.5,76.33333333333333,67.26666666666667,63.8,8.9,485.56666666666666
Iraq,IQ,2022-05-01,96.80645161290323,184,83.93548387096774,77.6774193548387,46.87096774193548,7.516129032258065,504.5483870967742
Iraq,IQ,2022-06-01,99.4,187.16666666666666,83.3,79.93333333333334,58.56666666666667,7,515.3666666666667
Iraq,IQ,2022-07-01,103,191.93548387096774,90.35483870967742,82.3225806451613,44.29032258064516,8.225806451612904,526.0645161290323
Iraq,IQ,2022-08-01,106.16129032258064,208.93548387096774,97.80645161290323,87.38709677419355,58.225806451612904,8.225806451612904,567.6451612903226
Iraq,IQ,2022-09-01,114.3,219.66666666666666,110.26666666666667,114.36666666666666,55.06666666666667,5.733333333333333,619.4
Iraq,IQ,2022-10-01,122.13333333333334,233.33333333333334,110.66666666666667,87.33333333333333,68.2,4.466666666666667,626.1333333333333
Ireland,IE,2020-02-01,0.31851851851851853,-0.19012345679012346,-4.390804597701149,-1.7389830508474575,-3.399503722084367,1.2168284789644013,34.98984771573604
Ireland,IE,2020-03-01,-30.27120669056153,-3.3488649940262842,0.4495049504950495,-32.115562403698,-26.384892086330936,11.040636042402827,137.96533333333332
Ireland,IE,2020-04-01,-76.28783783783784,-20.579214195183777,-24.820224719101123,-57.29141104294479,-58.9320987654321,26.827433628318584,264.0368271954674
Ireland,IE,2020-05-01,-63.797966963151204,-7.9126691266912665,-28.55098389982111,-34.051529790660226,-45.67065868263473,21.39121756487026,216.15598885793872
Ireland,IE,2020-06-01,-41.735031847133754,1.9085133418043203,-16.692160611854685,-20.374149659863946,-34.80024813895782,14.951304347826087,159.69633507853402
Ireland,IE,2020-07-01,-15.675276752767529,6.460591133004926,48.06356968215159,-4.197916666666667,-28.230492196878753,9.382581648522551,146.59735973597358
Ireland,IE,2020-08-01,-11.549295774647888,4.1779497098646035,73.1159420289855,-6.335365853658536,-29.962292609351433,8.009868421052632,162.73202614379085
Ireland,IE,2020-09-01,-13.09201388888889,3.062925170068027,44.03389830508475,-20.722748815165875,-21.051136363636363,5.0212121212121215,120.46861924686192
Ireland,IE,2020-10-01,-31.492682926829268,0.4700122399020808,1.4689922480620154,-39.58664546899841,-26.467625899280577,9.947368421052632,136.5523385300668
Ireland,IE,2020-11-01,-41.635324015247775,-1.8225602027883396,-12.537878787878787,-47.05483870967742,-25.331265508684865,11.56338028169014,154.18380743982493
Ireland,IE,2020-12-01,-14.004950495049505,8.426108374384237,-8.900934579439252,-36.95548489666137,-30.04916067146283,9.724598930481283,137.97402597402598
Ireland,IE,2021-01-01,-57.1044226044226,-16.59074299634592,-23.2854609929078,-61.193251533742334,-44.0884109916368,18.78248974008208,223.9002036659878
Ireland,IE,2021-02-01,-49.04891304347826,-5.319293478260869,-15.074898785425102,-57.26226734348562,-39.41699867197875,15.622754491017965,197.0852534562212
Ireland,IE,2021-03-01,-40.558282208588956,5.688423645320197,-1.4569789674952198,-51.57838660578387,-33.90876350540216,12.095174262734584,173.54545454545453
Ireland,IE,2021-04-01,-34.50252525252525,12.231552162849873,31.660753880266075,-44.56299840510367,-31.10545905707196,9.21359223300971,173.8399014778325
Ireland,IE,2021-05-01,-21.45843520782396,22.23114956736712,38.863436123348016,-34.163492063492065,-23.60144057623049,5.798639455782313,157.9777777777778
Ireland,IE,2021-06-01,-2.8703939008894537,28.602547770700635,76.60335195530726,-19.566037735849058,-24.203473945409428,2.2896551724137932,170.65384615384616
Ireland,IE,2021-07-01,4.974009900990099,31.849568434032058,80.14529914529915,-13.201666666666666,-24.591836734693878,1.966532797858099,176.50671140939596
Ireland,IE,2021-08-01,13.011124845488258,28.34610630407911,79.29859154929578,-9.816638370118845,-23.923076923076923,2.257412398921833,175.37623762376236
Ireland,IE,2021-09-01,6.372448979591836,25.127388535031848,49.555,-13.751748251748252,-15.496277915632755,0.5842541436464088,127.86764705882354
Ireland,IE,2021-10-01,5.485819975339088,20.32962962962963,31.962962962962962,-16.519134775374376,-15.844951923076923,1.1983695652173914,104.98737373737374
Ireland,IE,2021-11-01,3.3392630241423125,19.966836734693878,15.572938689217759,-19.49230769230769,-13.40818858560794,2.2472375690607733,88.0757946210269
Ireland,IE,2021-12-01,7.485749690210657,21.39580764488286,11.706611570247935,-27.274061990212072,-27.25179856115108,6.124165554072096,142.63084112149534
Ireland,IE,2022-01-01,-9.086903304773562,10.265432098765432,15.700819672131148,-32.45322580645161,-18.580528846153847,6.779291553133515,109.54128440366972
Ireland,IE,2022-02-01,0.1582537517053206,13.269125683060109,8.293064876957494,-22.98181818181818,-11.46941489361702,3.4523809523809526,84.46212121212122
Ireland,IE,2022-03-01,4.153086419753087,17.61111111111111,45.45388349514563,-16.292845257903494,-12.201680672268907,5.570666666666667,112.77358490566037
Ireland,IE,2022-04-01,10.589808917197452,20.980916030534353,58.39736842105263,-7.59965034965035,-12.241935483870968,4.484005563282337,126.75975975975976
Ireland,IE,2022-05-01,15.151177199504337,25.274412855377008,70.2918918918919,-1.78719723183391,-5.649038461538462,2.592442645074224,137.3613707165109
Ireland,IE,2022-06-01,17.624040920716112,26.887898089171973,75.76060606060607,2.636861313868613,-10.699751861042184,3.165745856353591,147.60278745644598
Ireland,IE,2022-07-01,21.063511830635118,28.264197530864198,102.21806853582555,9.409506398537477,-13.102163461538462,3.635869565217391,178.27007299270073
Ireland,IE,2022-08-01,28.267587939698494,32.15413070283601,115.875,11.908918406072106,-14.871548619447779,4.682666666666667,196.08085106382978
Ireland,IE,2022-09-01,17.229193341869397,27.005095541401275,64.21487603305785,7.1482820976491865,-6.094292803970223,2.4433701657458564,133.48387096774192
Ireland,IE,2022-10-01,15.446428571428571,25.255102040816325,46.90049751243781,4.620938628158845,-1.478908188585608,2.980392156862745,107.84482758620689
Israel,IL,2020-02-01,3.39,1.348432055749129,20.593333333333334,2.796666666666667,0.9766666666666667,-0.3016949152542373,39.31578947368421
Israel,IL,2020-03-01,-35.43225806451613,-3.843137254901961,-15.858766233766234,-30.374193548387098,-32.02258064516129,14.5625,178.45454545454547
Israel,IL,2020-04-01,-75.605,-28.083809523809524,-52.4424040066778,-54.781666666666666,-56.335,26.045060658578855,291.421875
Israel,IL,2020-05-01,-36.91451612903226,-1.3800675675675675,-1.6758064516129032,-18.720967741935485,-24.72258064516129,11.408566721581549,137.00169779286927
Israel,IL,2020-06-01,-13.858333333333333,3.2717770034843205,6.991666666666666,-6.138333333333334,-11.661666666666667,5.426174496644295,82.8205574912892
Israel,IL,2020-07-01,-19.020967741935483,0.8636363636363636,16.68064516129032,-15.353225806451613,-24.009677419354837,8.60983606557377,106.28547297297297
Israel,IL,2020-08-01,-6.866209262435677,4.868940754039497,55.0934393638171,-12.88595041322314,-27.6,6.026186579378069,133.15942028985506
Israel,IL,2020-09-01,-35.55154639175258,-8.129562043795621,-12.279329608938548,-30.28595600676819,-34.46050420168067,11.96774193548387,165.98825831702544
Israel,IL,2020-10-01,-49.979032258064514,-9.565143824027073,-5.108064516129033,-34.57258064516129,-34.73548387096774,14.525974025974026,176.54314720812184
Israel,IL,2020-11-01,-33.681666666666665,0.84,-0.575,-27.363333333333333,-22.606666666666666,9.776845637583893,122.86434782608696
Israel,IL,2020-12-01,-29.35483870967742,1.9384359400998337,1.2967741935483872,-27.085483870967742,-22.75,9.668820678513733,120.95008319467554
Israel,IL,2021-01-01,-54.81612903225806,-14.260364842454395,-33.48548387096774,-46.16935483870968,-35.50322580645161,16.068292682926828,202.37479270315092
Israel,IL,2021-02-01,-33.901785714285715,-1.9777777777777779,7.85,-33.04821428571429,-29.748214285714287,10.376344086021506,152.87777777777777
Israel,IL,2021-03-01,-13.258064516129032,10.597643097643097,28.37741935483871,-21.112903225806452,-27.362903225806452,6.652665589660743,127.81481481481481
Israel,IL,2021-04-01,-11.67,10.452173913043477,35.88166666666667,-15.436666666666667,-18.458333333333332,4.158597662771285,110.8991304347826
Israel,IL,2021-05-01,-12.838709677419354,8.733558178752109,22.893548387096775,-18.88064516129032,-16.56935483870968,5.174474959612278,111.45531197301855
Israel,IL,2021-06-01,2.655,14.35191637630662,49.593333333333334,-8.955,-8.73,0.7566666666666667,97.90766550522648
Israel,IL,2021-07-01,3.5403225806451615,15.215488215488216,48.58548387096774,-10.95483870967742,-20.45806451612903,2.661290322580645,116.34511784511784
Israel,IL,2021-08-01,8.03225806451613,19.708263069139967,63.63709677419355,-12.233870967741936,-24.525806451612905,4.122580645161291,141.83136593591905
Israel,IL,2021-09-01,-5.855,15.322357019064125,52.28666666666667,-23.006666666666668,-34.83,7.263333333333334,177.89948006932408
Israel,IL,2021-10-01,3.162903225806452,18.688026981450253,43.906451612903226,-10.024193548387096,-7.141935483870967,0.9225806451612903,95.62900505902192
Israel,IL,2021-11-01,2.6466666666666665,18.071428571428573,29.54,-10.143333333333333,-5.151666666666666,1.352253756260434,82.62891986062718
Israel,IL,2021-12-01,-0.16451612903225807,16.055555555555557,10.47258064516129,-16.374193548387098,-9.064516129032258,3.854604200323102,80.88552188552188
Israel,IL,2022-01-01,-9.645631067961165,12.178752107925801,1.7564516129032257,-26.14677419354839,-16.829032258064515,9.07779578606159,104.45193929173693
Israel,IL,2022-02-01,-0.7142857142857143,13.257462686567164,21.225,-19.605357142857144,-9.3125,4.520572450805009,87.83582089552239
Israel,IL,2022-03-01,-2.109677419354839,12.673400673400673,16.738709677419354,-19.175806451612903,-8.146774193548387,3.0468497576736673,81.65488215488216
Israel,IL,2022-04-01,-2.205,18.506968641114984,53.233333333333334,-18.766666666666666,-20.89666666666667,3.7316666666666665,136.70383275261324
Israel,IL,2022-05-01,0.44193548387096776,18.30185497470489,48.909677419354836,-14.124193548387098,-9.1,1.5564516129032258,111.3389544688027
Israel,IL,2022-06-01,2.12,16.942608695652172,47.498333333333335,-15.15,-12.705,1.7462437395659431,113.33391304347826
Israel,IL,2022-07-01,3.1870967741935483,18.4822934232715,44.7758064516129,-16.406451612903226,-20.124193548387098,2.9161290322580644,117.31028667790893
Israel,IL,2022-08-01,8.19516129032258,21.620573355817875,59.19032258064516,-15.587096774193549,-22.84193548387097,4.4564516129032254,144.41483979763913
Israel,IL,2022-09-01,1.3016666666666667,20.380208333333332,36.72,-19.278333333333332,-18.236666666666668,1.8816666666666666,120.38888888888889
Israel,IL,2022-10-01,-3.1566666666666667,18.421602787456447,52.583333333333336,-30.43,-32.18,5.38,183.7560975609756
Italy,IT,2020-02-01,-2.3595800524934383,1.1007874015748031,16.258403361344538,-2.881544156530936,-3.872965879265092,1.4303730951129796,49.32627118644068
Italy,IT,2020-03-01,-60.73431546863094,-34.193294386588775,-53.003056546102904,-60.23116482386217,-44.88011176022352,20.90304425684318,277.07885211995864
Italy,IT,2020-04-01,-83.02729658792651,-49.66465336134454,-75.5242232754081,-76.77217206585236,-61.75669291338583,28.30318302387268,374.1305860315761
Italy,IT,2020-05-01,-51.707137414274825,-27.741427482854967,-17.868681737363474,-50.12174578866769,-35.65887731775464,15.227886821310221,210.5658299180328
Italy,IT,2020-06-01,-16.688713910761155,-9.683202099737533,49.79040337463749,-24.72195640616693,-22.978740157480313,5.344374342797056,142.9879711307137
Italy,IT,2020-07-01,-1.0523241046482092,-1.840233680467361,112.02296181630547,-7.721002324980625,-17.683261366522732,0.4124078311721332,179.90719499478624
Italy,IT,2020-08-01,10.004689942678478,4.916028518616319,158.80422866092405,5.492334905660377,-26.014852752880923,0.5653611393692778,272.22397476340694
Italy,IT,2020-09-01,-1.994675186368477,-1.1768030139935415,66.24781144781144,-6.848571428571429,-15.90350645926707,0.5679012345679012,119.4957264957265
Italy,IT,2020-10-01,-14.989331978663957,0.2829565659131318,18.27830068684813,-13.78236204228984,-13.880111760223521,4.648717297434595,83.77117768595042
Italy,IT,2020-11-01,-39.21916010498688,-11.485564304461942,-14.49527559055118,-41.85990466101695,-26.930446194225723,13.209711286089238,158.95047669491527
Italy,IT,2020-12-01,-33.54787909575819,-3.226060452120904,-20.18440436880874,-42.05797845048743,-32.46405892811786,14.006604013208026,171.00564391995894
Italy,IT,2021-01-01,-45.3492506985014,-16.897129794259587,-30.013716027432054,-46.18855823499231,-31.347726695453392,13.489712979425958,188.15264238070804
Italy,IT,2021-02-01,-31.751124859392576,-6.291338582677166,-3.0211029825548676,-34.10071123755334,-22.148200224971877,8.518841394825646,128.06917164816397
Italy,IT,2021-03-01,-41.134366268732535,-3.9563119126238253,-9.076747141041931,-40.39522342064715,-25.515621031242063,11.573279146558294,152.6199897225077
Italy,IT,2021-04-01,-37.66115485564305,-0.9826771653543307,-0.6462388216728038,-34.15909694555113,-23.942782152230972,10.06482939632546,145.6010114453021
Italy,IT,2021-05-01,-15.515113030226061,7.867919735839472,42.664711881693016,-14.564353881867424,-13.515621031242063,4.043180086360173,112.59114448472295
Italy,IT,2021-06-01,2.6246719160104515e-4,14.293700787401574,97.80683624801271,-4.369489714133048,-16.303937007874016,0.4188976377952756,161.7097902097902
Italy,IT,2021-07-01,9.869443738887478,21.03759207518415,145.01193565127141,9.867822038282462,-14.852171704343409,-1.2791465582931165,229.20795187025897
Italy,IT,2021-08-01,22.261112522225044,31.589535179070356,220.35286284953395,24.423584173778124,-22.479298958597916,0.5956311912623825,360.69064171122994
Italy,IT,2021-09-01,7.993175853018372,22.096850393700787,102.36327398352378,8.556681781808482,-10.449081364829397,0.3464566929133858,173.5182894029048
Italy,IT,2021-10-01,-3.174498348996698,17.201168402336805,40.87076217180729,-3.300334276163538,-10.442214884429768,1.5265430530861062,95.5698064516129
Italy,IT,2021-11-01,-8.021784776902887,15.462992125984252,11.113361388742767,-12.514483125166091,-12.856955380577428,3.695275590551181,80.24314247669774
Italy,IT,2021-12-01,-5.768351536703073,24.484632969265938,16.454290807231985,-16.636621169199074,-20.2250444500889,5.600711201422403,119.83449522334108
Italy,IT,2022-01-01,-20.235712471424943,12.361696723393447,8.941715449223722,-27.252702007205354,-22.688595377190754,9.493268986537974,124.65059308922125
Italy,IT,2022-02-01,-11.552587176602925,14.654105736782903,18.870276367738295,-17.42258340461933,-9.7387514060742415,4.8453318335208095,85.76408350014297
Italy,IT,2022-03-01,-13.728219456438913,14.871729743459486,22.277013251783895,-14.054311454311454,-7.60248920497841,4.936753873507747,86.19808884297521
Italy,IT,2022-04-01,-7.905774278215223,16.748556430446193,59.39545334390695,-4.076964047936086,-13.175590551181102,3.853018372703412,130.3764075067024
Italy,IT,2022-05-01,-2.0828041656083314,18.22250444500889,67.75166070516096,1.9106361061035282,-4.001016002032004,1.0609601219202438,117.58834196891192
Italy,IT,2022-06-01,3.4811023622047244,21.208661417322833,114.30619845703644,8.070801171147192,-10.952230971128609,-0.19291338582677164,183.5574650912997
Italy,IT,2022-07-01,7.008636017272035,26.471170942341885,140.3921210540047,12.44031007751938,-12.129540259080517,0.009652019304038606,226.62431084274087
Italy,IT,2022-08-01,19.348742697485395,35.9253238506477,204.42773176596313,22.107207439938,-23.544577089154178,3.3881127762255523,344.1760770671662
Italy,IT,2022-09-01,5.9275590551181105,26.1,94.5268759978712,11.31526962092899,-8.478477690288713,1.0745406824146981,167.97494612068965
Italy,IT,2022-10-01,0.09343832020997375,23.487139107611547,64.38331573389651,6.240661686232658,-5.386876640419947,1.615223097112861,121.17981749865808
Jamaica,JM,2020-02-01,-2.5474452554744524,-2.357142857142857,-1.5078125,-1.528735632183908,-3.1009174311926606,1.8144329896907216,35.55882352941177
Jamaica,JM,2020-03-01,-22.917857142857144,-9.727626459143968,-23.897058823529413,-25.774725274725274,-17.055066079295155,8.522727272727273,115.95620437956204
Jamaica,JM,2020-04-01,-52.1067615658363,-37.256,-51.54873646209386,-61.01111111111111,-43.751131221719454,24.166666666666668,268.3859649122807
Jamaica,JM,2020-05-01,-42.70070422535211,-29.83203125,-43.71910112359551,-52.67027027027027,-34.927472527472524,20.36111111111111,211.21951219512195
Jamaica,JM,2020-06-01,-29.334615384615386,-19.444881889763778,-31,-40.144444444444446,-23.741496598639454,15.093406593406593,140.51785714285714
Jamaica,JM,2020-07-01,-21.567164179104477,-12.2319391634981,-23.469635627530366,-30.408602150537636,-23.05726872246696,12.703703703703704,109.9396551724138
Jamaica,JM,2020-08-01,-21.03448275862069,-13.012738853503185,-17.66906474820144,-24.74468085106383,-26.529411764705884,12.090395480225988,112.93055555555556
Jamaica,JM,2020-09-01,-28.58252427184466,-19.738372093023255,-27.838541666666668,-30.02013422818792,-29.52409638554217,11.732984293193716,145.86138613861385
Jamaica,JM,2020-10-01,-35.72791519434629,-19.902542372881356,-33.66202090592334,-30.42622950819672,-30.958333333333332,11.236051502145923,157.53061224489795
Jamaica,JM,2020-11-01,-32.79847908745247,-17.39647577092511,-33.67857142857143,-31.625698324022345,-27.42369020501139,9.40625,148.31724137931033
Jamaica,JM,2020-12-01,-22.967153284671532,-5.385542168674699,-20.69465648854962,-18.9,-27.075055187637968,6.846473029045643,121.54615384615384
Jamaica,JM,2021-01-01,-30.421818181818182,-19.130434782608695,-26.452296819787986,-26.434065934065934,-27.788079470198674,5.75,137.86301369863014
Jamaica,JM,2021-02-01,-34.020325203252035,-21.113445378151262,-28.946938775510205,-32.13095238095238,-32.03883495145631,3.3301435406698565,151.144
Jamaica,JM,2021-03-01,-33.23616236162361,-15.316602316602317,-34.94505494505494,-29.85792349726776,-35,4.6017316017316015,155.87022900763358
Jamaica,JM,2021-04-01,-36.798507462686565,-19.463709677419356,-39.544401544401545,-29.467455621301774,-38.37782805429864,6.571428571428571,176.1271186440678
Jamaica,JM,2021-05-01,-25.099290780141843,-7.810276679841897,-26.864341085271317,-17.627906976744185,-29.195604395604395,1.5062240663900415,119.54166666666667
Jamaica,JM,2021-06-01,-17.065693430656935,-2.9681274900398407,-15.64864864864865,-7.793939393939394,-26.334841628959275,-4.105691056910569,88.75247524752476
Jamaica,JM,2021-07-01,-10.903571428571428,2.6045627376425857,-6.968325791855204,-3.0542168674698793,-25.539473684210527,-5.367588932806324,80.5934065934066
Jamaica,JM,2021-08-01,-29.672727272727272,-14.044,-26.223628691983123,-18.347305389221557,-39.728070175438596,1.1570247933884297,191.37735849056602
Jamaica,JM,2021-09-01,-24.644444444444446,-9.318181818181818,-28.671232876712327,-19.19254658385093,-35.56334841628959,0.2689075630252101,190.06315789473683
Jamaica,JM,2021-10-01,-18.542857142857144,-3.1343873517786562,-20.96846846846847,-14.132530120481928,-28.982417582417582,-2.036,143.38947368421051
Jamaica,JM,2021-11-01,-5.165413533834586,9.33469387755102,-10.58128078817734,-6.0375,-20.923076923076923,-4.152610441767068,63.80722891566265
Jamaica,JM,2021-12-01,5.287313432835821,22.454545454545453,-0.014778325123152714,5.4625,-20.29824561403509,-5.027237354085603,105.35897435897436
Jamaica,JM,2022-01-01,-1.5730337078651686,12.44308943089431,-5.421568627450981,-3.37888198757764,-13.496688741721854,-1.4940711462450593,75.2875
Jamaica,JM,2022-02-01,3.9707112970711296,17.515418502202643,0.07909604519774012,-1.6206896551724137,-1.5463414634146342,-1.8927038626609443,68.32857142857142
Jamaica,JM,2022-03-01,7.467924528301887,19.42622950819672,4.252577319587629,2.7962962962962963,7.298901098901099,8.830708661417322,83.2987012987013
Jamaica,JM,2022-04-01,7.750972762645914,18.699152542372882,3.7473684210526317,-3.9358974358974357,3.2311212814645307,11.231404958677686,101.32894736842105
Jamaica,JM,2022-05-01,9.29277566539924,23.00414937759336,0.8461538461538461,6.154320987654321,6.827050997782705,10.506024096385541,90.82051282051282
Jamaica,JM,2022-06-01,8.805447470817121,22.338983050847457,1.047872340425532,9.305732484076433,9.020547945205479,10.174796747967479,78.49333333333334
Jamaica,JM,2022-07-01,10.227272727272727,22.75206611570248,5.130653266331659,8.006060606060606,-2.1466666666666665,11.537190082644628,92.58823529411765
Jamaica,JM,2022-08-01,12.611320754716981,23.049586776859503,7.275510204081633,6.6647727272727275,-7.392935982339956,13.60655737704918,108.09677419354838
Jamaica,JM,2022-09-01,8.335907335907336,21.514767932489452,-3.317948717948718,2.0930232558139537,-0.8678815489749431,10.807377049180328,90.02083333333333
Jamaica,JM,2022-10-01,8.3125,21.605042016806724,-0.02061855670103093,-0.47126436781609193,4.228310502283105,9.508333333333333,78.95918367346938
Japan,JP,2020-02-01,0.1625,3.8430555555555554,1.8541666666666667,-3.5694444444444446,-2.7,1.8652777777777778,38.00555555555555
Japan,JP,2020-03-01,-3.672715053763441,3.1861559139784945,4.961693548387097,-18.02016129032258,-4.696236559139785,4.046370967741935,57.77284946236559
Japan,JP,2020-04-01,-23.040277777777778,0.1625,1.663888888888889,-39.552083333333336,-16.672916666666666,9.661111111111111,113.64027777777778
Japan,JP,2020-05-01,-22.690188172043012,-1.5268817204301075,-2.590725806451613,-43.19556451612903,-21.63037634408602,11.503360215053764,120.33064516129032
Japan,JP,2020-06-01,-9.025,0.9833333333333333,-0.29097222222222224,-23.675,-9.452777777777778,5.354166666666667,68.46736111111112
Japan,JP,2020-07-01,-6.714381720430108,0.37701612903225806,-2.3420698924731185,-20.627688172043012,-12.145833333333334,5.793682795698925,70.55981182795699
Japan,JP,2020-08-01,-5.09005376344086,2.8649193548387095,13.390858944050434,-19.954699121027723,-17.063172043010752,6.518145161290323,85.38849487785657
Japan,JP,2020-09-01,-5.454861111111111,0.2125,10.20077519379845,-15.983960948396096,-11.695833333333333,4.55,75.45503875968993
Japan,JP,2020-10-01,-4.715725806451613,0.8850806451612904,10.303763440860216,-9.473790322580646,-6.634408602150538,3.0181451612903225,51.928763440860216
Japan,JP,2020-11-01,-3.2597222222222224,0.8861111111111111,10.579166666666667,-9.775,-8.67361111111111,4.061111111111111,53.31666666666667
Japan,JP,2020-12-01,-3.1780913978494625,2.9280913978494625,-12.291666666666666,-20.834005376344088,-10.959677419354838,5.659274193548387,65.1236559139785
Japan,JP,2021-01-01,-18.801747311827956,-7.471102150537634,-24.383736559139784,-34.752016129032256,-17.140456989247312,8.532930107526882,112.83064516129032
Japan,JP,2021-02-01,-13.944940476190476,-2.7395833333333335,-14.491815476190476,-28.92782738095238,-11.921130952380953,5.9211309523809526,84.67857142857143
Japan,JP,2021-03-01,-6.645161290322581,-0.028897849462365597,-2.584005376344086,-18.887096774193548,-9.468413978494624,3.8131720430107525,62.97782258064516
Japan,JP,2021-04-01,-8.664583333333333,1.6527777777777777,3.004166666666667,-19.020138888888887,-12.355555555555556,4.4625,67.63888888888889
Japan,JP,2021-05-01,-11.66733870967742,3.305779569892473,2.600806451612903,-24.590725806451612,-14.779569892473118,6.747311827956989,92.25739247311827
Japan,JP,2021-06-01,-10.345138888888888,4.861111111111111,-0.009722222222222248,-22.89375,-6.780555555555556,4.521527777777778,68.48819444444445
Japan,JP,2021-07-01,-7.059139784946237,6.530241935483871,-0.14986559139784944,-18.835349462365592,-10.689516129032258,5.131720430107527,72.3366935483871
Japan,JP,2021-08-01,-9.688844086021506,7.479166666666667,-4.978494623655914,-24.15994623655914,-16.956989247311828,7.856182795698925,91.49327956989248
Japan,JP,2021-09-01,-10.67013888888889,6.495833333333334,0.17708333333333337,-23.255555555555556,-11.96875,6.639583333333333,84.31805555555556
Japan,JP,2021-10-01,-4.765456989247312,6.799059139784946,9.243951612903226,-11.668682795698924,-6.84005376344086,3.724462365591398,55.81989247311828
Japan,JP,2021-11-01,-0.38472222222222224,6.738194444444445,12.672222222222222,-6.542361111111111,-8.50763888888889,3.7958333333333334,55.69236111111111
Japan,JP,2021-12-01,3.4926075268817205,9.633736559139784,-8.67271505376344,-11.674731182795698,-9.098118279569892,4.766801075268817,59.20564516129032
Japan,JP,2022-01-01,-9.69758064516129,1.9435483870967742,-14.61021505376344,-23.165994623655912,-13.313844086021506,7.5625,83.01948924731182
Japan,JP,2022-02-01,-12.864583333333334,3.5572916666666665,-16.130208333333332,-28.845982142857142,-9.895089285714286,7.71875,83.50744047619048
Japan,JP,2022-03-01,-6.184811827956989,3.8998655913978495,-3.135752688172043,-16.911962365591396,-7.499327956989247,5.299731182795699,62.354838709677416
Japan,JP,2022-04-01,-5.477777777777778,3.109722222222222,10.070833333333333,-9.598611111111111,-9.115972222222222,4.236805555555556,63.93333333333333
Japan,JP,2022-05-01,-1.6754032258064515,5.660618279569892,18.35483870967742,-2.8911290322580645,-11.336693548387096,4.752016129032258,81.28360215053763
Japan,JP,2022-06-01,-4.485416666666667,4.7659722222222225,3.7243055555555555,-6.739583333333333,-3.48125,3.277083333333333,50.58611111111111
Japan,JP,2022-07-01,-6.018817204301075,5.161290322580645,1.4348118279569892,-8.813172043010752,-7.17002688172043,4.945564516129032,60.972446236559136
Japan,JP,2022-08-01,-2.493279569892473,8.059139784946236,12.776209677419354,-3.8393817204301075,-15.512768817204302,8.182123655913978,81.73655913978494
Japan,JP,2022-09-01,-5.563194444444444,4.817361111111111,3.984722222222222,-7.811111111111111,-9.16388888888889,5.141666666666667,68.10416666666667
Japan,JP,2022-10-01,-3.3361111111111112,4.543055555555555,11.730555555555556,-1.0958333333333334,-8.180555555555555,3.7222222222222223,60.00277777777778
Jordan,JO,2020-02-01,1.1635220125786163,1.9189189189189189,12.713178294573643,2.1549295774647885,4.2682926829268295,-0.7818181818181819,31.75
Jordan,JO,2020-03-01,-31.689655172413794,-19.95806451612903,-26.37410071942446,-39.96296296296296,-24.77570093457944,10.072115384615385,162.16129032258064
Jordan,JO,2020-04-01,-59.16761363636363,-42.34,-57.561338289962826,-84.5,-51.87019230769231,24.25287356321839,355.64444444444445
Jordan,JO,2020-05-01,-40.239554317548745,-25.599369085173503,-44.28673835125448,-76.88059701492537,-35.37762237762238,15.62295081967213,246.4909090909091
Jordan,JO,2020-06-01,-10.854037267080745,-1.8585858585858586,-15,-52.560810810810814,-14.881642512077295,5.223255813953489,109.89473684210526
Jordan,JO,2020-07-01,-2.052469135802469,4.360655737704918,-0.5255474452554745,-40.5921052631579,-14.561771561771561,3.31140350877193,93.17605633802818
Jordan,JO,2020-08-01,-5.956709956709957,1.6266094420600858,10.548387096774194,-47.873873873873876,-18.92258064516129,3.4529147982062782,114.6504854368932
Jordan,JO,2020-09-01,-3.457983193277311,11.044534412955466,-2.291866028708134,-45.02479338842975,-12.422619047619047,4.632911392405063,106.25862068965517
Jordan,JO,2020-10-01,-18.364779874213838,8.208609271523178,-20.6294964028777,-44.901408450704224,-27.03002309468822,8.23728813559322,151.66197183098592
Jordan,JO,2020-11-01,-25.200607902735563,-0.7123287671232876,-33.55925925925926,-53.47794117647059,-32.67142857142857,12.315018315018316,174.60294117647058
Jordan,JO,2020-12-01,-19.559766763848398,3.954248366013072,-29.913978494623656,-52.857142857142854,-26.84331797235023,10.660839160839162,148.2108843537415
Jordan,JO,2021-01-01,-18.965217391304346,1.7222222222222223,-33.31541218637993,-49.473333333333336,-28.42396313364055,6.705673758865248,137.79194630872485
Jordan,JO,2021-02-01,-14.530546623794212,12.108303249097473,-27.426294820717132,-49.710144927536234,-29.586734693877553,2.810077519379845,135.46376811594203
Jordan,JO,2021-03-01,-21.544117647058822,8.333333333333334,-35.95272727272727,-53.80952380952381,-35.40783410138249,6.769230769230769,164.03401360544217
Jordan,JO,2021-04-01,-23.878048780487806,12.06825938566553,-40.33828996282528,-57.41843971631206,-36.61190476190476,9.411764705882353,181.6642857142857
Jordan,JO,2021-05-01,-1.1629392971246006,36.13758389261745,-16.467391304347824,-42.370860927152314,-29.824480369515012,4.281786941580756,138.68666666666667
Jordan,JO,2021-06-01,10.185714285714285,45.12152777777778,-3.06390977443609,-28.054794520547944,-21.155131264916466,-1.2583892617449663,113.86986301369863
Jordan,JO,2021-07-01,23.306338028169016,57.75609756097561,9.142335766423358,-20.02,-23.377314814814813,-1.7225806451612904,151.73333333333332
Jordan,JO,2021-08-01,20.242214532871973,53.541666666666664,2,-18.841059602649008,-16.12064965197216,-1.8370607028753994,128.841059602649
Jordan,JO,2021-09-01,19.544483985765126,53.615107913669064,3.180451127819549,-20.72972972972973,-10.209134615384615,-2.033003300330033,121.97972972972973
Jordan,JO,2021-10-01,20.6875,54.96842105263158,6.1678832116788325,-18.77922077922078,-10.394431554524362,-1.773462783171521,126.45454545454545
Jordan,JO,2021-11-01,19.021428571428572,53.518115942028984,2.2172284644194757,-16.006756756756758,-6.4014423076923075,-0.3543046357615894,123.6891891891892
Jordan,JO,2021-12-01,12.809364548494983,47.332191780821915,-6.781362007168458,-30.251612903225805,-3.536130536130536,2.772277227722772,120.01935483870967
Jordan,JO,2022-01-01,4.9411764705882355,39.810344827586206,-12.043010752688172,-42.58064516129032,-10.337209302325581,7.01360544217687,132.91612903225806
Jordan,JO,2022-02-01,14.300751879699249,48.19615384615385,-1.0119521912350598,-40.107142857142854,-4.221649484536083,4.873134328358209,128.71942446043167
Jordan,JO,2022-03-01,20.958041958041957,53.28169014084507,12.315217391304348,-29.335526315789473,7.974299065420561,2.852090032154341,125.03289473684211
Jordan,JO,2022-04-01,22.029090909090908,61.18045112781955,21.57358490566038,-36.894366197183096,10.174757281553399,9.465454545454545,159.70212765957447
Jordan,JO,2022-05-01,31.177935943060497,61.83695652173913,33.37867647058823,-22.965753424657535,1.4624413145539905,6.983277591973244,164.8904109589041
Jordan,JO,2022-06-01,27.95985401459854,61.18888888888889,22.714285714285715,-15.297709923664122,12.601941747572816,6.594405594405594,146.29007633587787
Jordan,JO,2022-07-01,39.23021582733813,70.08029197080292,32.35766423357664,-0.9302325581395349,-1.7939110070257611,7.4604810996563575,178.58139534883722
Jordan,JO,2022-08-01,38.69534050179212,70.5,31.824175824175825,0.4666666666666667,9.090909090909092,7.713804713804714,169.22222222222223
Jordan,JO,2022-09-01,31.412408759124087,64.8984962406015,26.684410646387832,-1.9243697478991597,14.210653753026634,6.4822695035460995,145.47058823529412
Jordan,JO,2022-10-01,31.072992700729927,61.87407407407407,29.5703125,-3.3,13.865384615384615,6.359154929577465,146.4
Kazakhstan,KZ,2020-02-01,2.2666666666666666,1.7333333333333334,-0.26666666666666666,3.2666666666666666,7.466666666666667,-0.4,23.133333333333333
Kazakhstan,KZ,2020-03-01,-10.96774193548387,-0.9354838709677419,-1.3225806451612903,-0.5483870967741935,-14.387096774193548,4.645161290322581,91.83870967741936
Kazakhstan,KZ,2020-04-01,-59.7,-40.63333333333333,-28.466666666666665,-47.9,-50.93333333333333,18.033333333333335,245.66666666666666
Kazakhstan,KZ,2020-05-01,-30,-14.419354838709678,3.5161290322580645,-15.67741935483871,-29.93548387096774,8.096774193548388,111.45161290322581
Kazakhstan,KZ,2020-06-01,-9.866666666666667,-0.4,18.766666666666666,8.733333333333333,-21.5,2.566666666666667,76.63333333333334
Kazakhstan,KZ,2020-07-01,-27.516129032258064,-9.451612903225806,12.935483870967742,-0.5161290322580645,-34.70967741935484,6.451612903225806,97.7741935483871
Kazakhstan,KZ,2020-08-01,-16.70967741935484,-1.2903225806451613,25.193548387096776,14.741935483870968,-27.612903225806452,1.3870967741935485,95.58064516129032
Kazakhstan,KZ,2020-09-01,-13.3,-0.8,11.833333333333334,21.933333333333334,-23.5,1.1666666666666667,79.26666666666667
Kazakhstan,KZ,2020-10-01,-20.838709677419356,-2.4516129032258065,-7.387096774193548,36.03225806451613,-23.451612903225808,1.4516129032258065,94.38709677419355
Kazakhstan,KZ,2020-11-01,-24.866666666666667,-6.566666666666666,-22.033333333333335,28.066666666666666,-23.766666666666666,2.7666666666666666,108.73333333333333
Kazakhstan,KZ,2020-12-01,-22.096774193548388,-2.225806451612903,-18.967741935483872,29.70967741935484,-24.06451612903226,4.612903225806452,111.74193548387096
Kazakhstan,KZ,2021-01-01,-33.32258064516129,-16.967741935483872,-25.06451612903226,19.225806451612904,-31.93548387096774,3.7096774193548385,132.16129032258064
Kazakhstan,KZ,2021-02-01,-27.357142857142858,-8.035714285714286,-26.964285714285715,24,-26.357142857142858,0.07142857142857142,113.71428571428571
Kazakhstan,KZ,2021-03-01,-23.161290322580644,-1.3225806451612903,-23.806451612903224,32,-29.548387096774192,-0.7096774193548387,116.54838709677419
Kazakhstan,KZ,2021-04-01,-21.233333333333334,4.1,-10.166666666666666,39.86666666666667,-24.433333333333334,-2.3,105.3
Kazakhstan,KZ,2021-05-01,-13.258064516129032,10.774193548387096,9.387096774193548,53.38709677419355,-25.806451612903224,-4.838709677419355,120.80645161290323
Kazakhstan,KZ,2021-06-01,-5.366666666666666,16.666666666666668,20.133333333333333,68.23333333333333,-24.166666666666668,-7.766666666666667,143
Kazakhstan,KZ,2021-07-01,-10.774193548387096,14.03225806451613,23.193548387096776,62.516129032258064,-32.61290322580645,-6.225806451612903,151.03225806451613
Kazakhstan,KZ,2021-08-01,-10.096774193548388,15.387096774193548,17.483870967741936,62.25806451612903,-33.096774193548384,-5.290322580645161,146.96774193548387
Kazakhstan,KZ,2021-09-01,-7.633333333333334,17.033333333333335,7.633333333333334,71.03333333333333,-20.833333333333332,-6.433333333333334,131.2
Kazakhstan,KZ,2021-10-01,-7.419354838709677,16.451612903225808,1.032258064516129,71.54838709677419,-12.161290322580646,-5.67741935483871,117
Kazakhstan,KZ,2021-11-01,-10,13.133333333333333,-9.4,67.26666666666667,-13.433333333333334,-3.7,116.93333333333334
Kazakhstan,KZ,2021-12-01,-5.516129032258065,17.451612903225808,-8.387096774193548,65.48387096774194,-12.709677419354838,-3.2580645161290325,116.41935483870968
Kazakhstan,KZ,2022-01-01,-34.935483870967744,-16.451612903225808,-28.548387096774192,14.64516129032258,-36.32258064516129,-0.25806451612903225,157.67741935483872
Kazakhstan,KZ,2022-02-01,-12.071428571428571,8.071428571428571,-10.142857142857142,58.07142857142857,-6.892857142857143,-3.0357142857142856,98.57142857142857
Kazakhstan,KZ,2022-03-01,-10.67741935483871,7.354838709677419,5.935483870967742,62.16129032258065,-2.806451612903226,1.8387096774193548,109.61290322580645
Kazakhstan,KZ,2022-04-01,-9.133333333333333,10.9,23.466666666666665,70.86666666666666,10,0.2,125.1
Kazakhstan,KZ,2022-05-01,-5.516129032258065,12.290322580645162,32.67741935483871,73.83870967741936,-0.16129032258064516,-0.7419354838709677,138
Kazakhstan,KZ,2022-06-01,-3.066666666666667,15.433333333333334,39.56666666666667,80.76666666666667,-9.166666666666666,-1.3666666666666667,151.7
Kazakhstan,KZ,2022-07-01,-6.161290322580645,13.161290322580646,41.096774193548384,73.45161290322581,-17.032258064516128,0.1935483870967742,153.5483870967742
Kazakhstan,KZ,2022-08-01,-1.2903225806451613,17.677419354838708,37.903225806451616,75.74193548387096,-14.129032258064516,2.2580645161290325,156.29032258064515
Kazakhstan,KZ,2022-09-01,-5.9,13.5,22.233333333333334,73.63333333333334,-4.9,-0.13333333333333333,122.7
Kazakhstan,KZ,2022-10-01,-4.133333333333334,14,15.866666666666667,73.33333333333333,0.7333333333333333,0.5333333333333333,110.6
Kenya,KE,2020-02-01,1.210144927536232,0.30128205128205127,3.778169014084507,0.4609164420485175,4.030560271646859,-0.017777777777777778,25.593301435406698
Kenya,KE,2020-03-01,-8.825823223570191,-3.491786447638604,-6.058620689655172,-10.928481806775407,-5.502040816326531,6.403628117913832,80.63922518159806
Kenya,KE,2020-04-01,-37.19251336898396,-29.80960548885077,-26.237676056338028,-37.63356973995272,-26.779618889809445,22.33080808080808,210.7704081632653
Kenya,KE,2020-05-01,-31.453125,-27.22011385199241,-24.23898305084746,-30.773972602739725,-17.207037643207855,20.401477832512317,177.95320197044336
Kenya,KE,2020-06-01,-20.3088,-19.11717171717172,-17.887125220458554,-21.65679012345679,-6.481733220050977,16.690243902439025,131.4825
Kenya,KE,2020-07-01,-13.332307692307692,-11.066276803118908,-14.237024221453288,-13.301863354037268,-6.102207686017988,14.476744186046512,98.83373493975904
Kenya,KE,2020-08-01,-11.08148148148148,-7.410614525139665,-9.625730994152047,-9.086,-7.837974683544304,11.83953488372093,81.00784313725491
Kenya,KE,2020-09-01,-5.16557734204793,-2.036842105263158,-2.5414634146341464,-1.3531468531468531,-7.240088105726873,12.556872037914692,65.9635761589404
Kenya,KE,2020-10-01,-0.7664,7.754527162977867,-10.30185497470489,7.316602316602316,-8.433685923515053,9.735966735966736,65.66442953020135
Kenya,KE,2020-11-01,3.84742951907131,9.234927234927236,-9.047285464098074,4.410666666666667,-1.9847068819031435,10.663090128755364,70.81944444444444
Kenya,KE,2020-12-01,7.19134775374376,13.272177419354838,-0.13240418118466898,8.023376623376624,-10.361290322580645,10.73360655737705,94.12053571428571
Kenya,KE,2021-01-01,1.5616883116883118,3.8174603174603177,-13.186440677966102,0.445019404915912,-6.2224039247751435,9.450733752620545,82.96188340807174
Kenya,KE,2021-02-01,4.903225806451613,4.859375,-14.859615384615385,1.2578347578347577,-2.730044843049327,4.346420323325635,76.20551378446115
Kenya,KE,2021-03-01,11.537688442211055,9.045634920634921,-16.68,6.960264900662252,2.799350121852153,5.294234592445328,84.10779816513761
Kenya,KE,2021-04-01,7.167247386759582,8.719262295081966,-19.54561403508772,-1.468918918918919,-5.128140703517588,11.02801724137931,88.2576112412178
Kenya,KE,2021-05-01,22.37900355871886,23.274747474747475,-8.884550084889643,16.756497948016417,7.519502074688797,7.240325865580448,117.21809744779583
Kenya,KE,2021-06-01,30.53639846743295,28.916844349680172,3.6819787985865724,24.607396870554766,17.967042497831745,5.534020618556701,147.17857142857142
Kenya,KE,2021-07-01,36.16346153846154,34.01263157894737,5.330494037478705,28.515235457063714,21.937181663837013,6.014141414141414,169.8610478359909
Kenya,KE,2021-08-01,37.1,34.757201646090536,7.705281090289608,30.6878453038674,21.67942176870748,5.5648702594810375,176.2316513761468
Kenya,KE,2021-09-01,40.494758909853246,37.3296943231441,10.169014084507042,28.958333333333332,26.286472148541115,4.983805668016195,182.9928400954654
Kenya,KE,2021-10-01,46.84309623430963,38.9917864476386,14.35483870967742,32.90819209039548,24.901639344262296,4.855445544554455,205.12028301886792
Kenya,KE,2021-11-01,52.74074074074074,41.16488222698073,14.184534270650264,37.77891654465593,33.75776397515528,4.06508875739645,219.07389162561577
Kenya,KE,2021-12-01,56.13953488372093,43.79664570230608,21.808695652173913,43.058992805755395,15.148580968280468,5.093203883495145,231.8515815085158
Kenya,KE,2022-01-01,50.58471074380165,37.14110429447853,15.608620689655172,38.26495726495727,31.323144104803493,6.9324324324324325,210.41387559808612
Kenya,KE,2022-02-01,60.014117647058825,45.086651053864166,26.83820662768031,43.7625786163522,49.69337289812067,7.802966101694915,255.92520775623268
Kenya,KE,2022-03-01,73.16989247311828,52.914746543778804,83.91633466135458,55.35508345978756,61.10989010989011,14.554285714285715,333.8918918918919
Kenya,KE,2022-04-01,73.66666666666667,60.13333333333333,88.4539748953975,59.478605388272584,51.17497648165569,16.97808764940239,343.35376044568244
Kenya,KE,2022-05-01,72.93763440860215,61.3110599078341,85.68253968253968,55.57798165137615,59.376283846872084,16.115830115830114,343.2566844919786
Kenya,KE,2022-06-01,72.11555555555556,62.41428571428571,90.75460122699387,52.740279937791605,70.41073170731707,17.00984251968504,352.297520661157
Kenya,KE,2022-07-01,75.03225806451613,65.69124423963133,80.22727272727273,53.68011958146487,63.853889943074,17.722868217054263,356.8885941644562
Kenya,KE,2022-08-01,67.55483870967743,59.12933025404157,67.25858585858586,43.5,51.63810391978122,22.825396825396826,310.65860215053766
Kenya,KE,2022-09-01,77.86,69.67619047619047,74.02922755741128,48.75609756097561,69.74124513618678,18.185258964143426,358.56111111111113
Kenya,KE,2022-10-01,82.44,70.86666666666666,74.71666666666667,49.808510638297875,79.42331288343559,17.044,373.6685082872928
Kuwait,KW,2020-02-01,-2.0416666666666665,2.6166666666666667,1.9,2.325,-4.416666666666667,2.8333333333333335,46.333333333333336
Kuwait,KW,2020-03-01,-33.5,-15.153225806451612,-29.875,-24.516129032258064,-22.483870967741936,13.583673469387755,145.40816326530611
Kuwait,KW,2020-04-01,-63.49166666666667,-41.00416666666667,-54.6,-47.166666666666664,-50.25416666666667,27.301724137931036,284.5344827586207
Kuwait,KW,2020-05-01,-79.08064516129032,-63.145161290322584,-69.84274193548387,-67.16532258064517,-66.12096774193549,35.472972972972975,377.4009009009009
Kuwait,KW,2020-06-01,-59.395833333333336,-40.645833333333336,-54.05,-42.99166666666667,-46.37083333333333,26.46808510638298,270.69787234042553
Kuwait,KW,2020-07-01,-38.28225806451613,-25.044354838709676,-39.875,-28.995967741935484,-32.818548387096776,17.868852459016395,184.02868852459017
Kuwait,KW,2020-08-01,-32.248868778280546,-19.454935622317596,-32.82222222222222,-29.97142857142857,-28.647540983606557,13.314516129032258,159.37423312883436
Kuwait,KW,2020-09-01,-23.6,-16.017391304347825,-23.544502617801047,-21.06282722513089,-24.596638655462186,10.633333333333333,118.38121546961327
Kuwait,KW,2020-10-01,-21.58467741935484,-13.915322580645162,-18.883064516129032,-2.375,-22.951612903225808,10.326612903225806,104.93951612903226
Kuwait,KW,2020-11-01,-20.091666666666665,-14.416666666666666,-19.004166666666666,-1.9416666666666667,-20.308333333333334,9.275,100.25416666666666
Kuwait,KW,2020-12-01,-18.620967741935484,-12.580645161290322,-19.06451612903226,-0.0967741935483871,-19.717741935483872,8.721774193548388,96.02822580645162
Kuwait,KW,2021-01-01,-21.08467741935484,-17.41532258064516,-24.173387096774192,-3.0403225806451615,-23.649193548387096,6.592741935483871,110.6008064516129
Kuwait,KW,2021-02-01,-24.620535714285715,-16.816964285714285,-22.508928571428573,-14.665178571428571,-28.821428571428573,7.017857142857143,118.39732142857143
Kuwait,KW,2021-03-01,-36.20564516129032,-21.778225806451612,-34.221774193548384,-21.258064516129032,-31.16532258064516,11.887096774193548,158.06451612903226
Kuwait,KW,2021-04-01,-37.916666666666664,-18.716666666666665,-36.12916666666667,-23.170833333333334,-30.416666666666668,14.004166666666666,161.0125
Kuwait,KW,2021-05-01,-29.431451612903224,-14.193548387096774,-30.846774193548388,-17.693548387096776,-30.608870967741936,12.153225806451612,138.36290322580646
Kuwait,KW,2021-06-01,-22.9,-11.958333333333334,-26.85,-11.208333333333334,-24.15,8.466666666666667,110.41666666666667
Kuwait,KW,2021-07-01,-23.544354838709676,-13.350806451612904,-27.822580645161292,-14.653225806451612,-28.987903225806452,9.649193548387096,120.81451612903226
Kuwait,KW,2021-08-01,-21.681451612903224,-13.866935483870968,-27.733870967741936,-15.370967741935484,-24.419354838709676,7.790322580645161,113.41935483870968
Kuwait,KW,2021-09-01,-16.341666666666665,-9.895833333333334,-23.154166666666665,-11.25,-21.595833333333335,5.758333333333334,92.30416666666666
Kuwait,KW,2021-10-01,-13.919354838709678,-7.471774193548387,-22.95967741935484,-10.806451612903226,-21.419354838709676,4.806451612903226,87.61693548387096
Kuwait,KW,2021-11-01,-11.6375,-6.983333333333333,-19.3125,-9.758333333333333,-17.383333333333333,3.8583333333333334,77.24166666666666
Kuwait,KW,2021-12-01,-10.483870967741936,-7.270161290322581,-20.947580645161292,-11.451612903225806,-15.02016129032258,4.245967741935484,78.70161290322581
Kuwait,KW,2022-01-01,-14.584677419354838,-10.810483870967742,-23.641129032258064,-17.879032258064516,-20.31048387096774,7.604838709677419,101.25
Kuwait,KW,2022-02-01,-10.852678571428571,-7.9375,-10.321428571428571,-14.071428571428571,-21.821428571428573,6.276785714285714,89.77232142857143
Kuwait,KW,2022-03-01,-9.612903225806452,-2.939516129032258,-14.701612903225806,-2.3588709677419355,-13.411290322580646,5.185483870967742,76.74193548387096
Kuwait,KW,2022-04-01,-16.05,-1.0333333333333334,-20.9875,-4.379166666666666,-12.383333333333333,10.575,85.81666666666666
Kuwait,KW,2022-05-01,-12.411290322580646,-4.842741935483871,-22.27016129032258,-8.173387096774194,-18.556451612903224,8.076612903225806,92.54032258064517
Kuwait,KW,2022-06-01,-10.9875,-2.925,-23.095833333333335,-4.8125,-12.316666666666666,6.529166666666667,81.025
Kuwait,KW,2022-07-01,-15.862903225806452,-9.475806451612904,-29.245967741935484,-10.245967741935484,-22.173387096774192,9.05241935483871,107.45967741935483
Kuwait,KW,2022-08-01,-14.221774193548388,-7.641129032258065,-26.883064516129032,-5.75,-13.721774193548388,9.233870967741936,96.38709677419355
Kuwait,KW,2022-09-01,-8.604166666666666,0.5041666666666667,-19.225,-0.6916666666666667,-11.858333333333333,6.9375,81.8875
Kuwait,KW,2022-10-01,-5.083333333333333,6.583333333333333,-11.766666666666667,3.4583333333333335,-9.258333333333333,6.616666666666666,79.88333333333334
Kyrgyzstan,KG,2020-02-01,3.12,1.4666666666666666,-0.8,-3.0114942528735633,10.3,-1.726027397260274,34.18571428571428
Kyrgyzstan,KG,2020-03-01,-17.473684210526315,-14.216216216216216,-5.055299539170507,-21.005681818181817,-11.713709677419354,4.052631578947368,132.47517730496455
Kyrgyzstan,KG,2020-04-01,-63.25238095238095,-58.53888888888889,-24.080952380952382,-68.33888888888889,-47.295833333333334,19.028169014084508,313.73943661971833
Kyrgyzstan,KG,2020-05-01,-32.18518518518518,-28.548387096774192,-7.460829493087558,-42.74193548387097,-25.22983870967742,6.781456953642384,177.3774834437086
Kyrgyzstan,KG,2020-06-01,-3.299492385786802,-4.938888888888889,8.357142857142858,-15.92,-12.3375,-2.2,77.52413793103449
Kyrgyzstan,KG,2020-07-01,-20.407239819004523,-14.129032258064516,1.3133640552995391,-30.30635838150289,-25.93951612903226,3.172185430463576,135.70289855072463
Kyrgyzstan,KG,2020-08-01,-9.248275862068965,-2.9290780141843973,17.08450704225352,-23.563636363636363,-21.22051282051282,-4.337662337662338,97.64893617021276
Kyrgyzstan,KG,2020-09-01,-7.211538461538462,-4.72,3.125,-6.533333333333333,-21.28292682926829,-3.458064516129032,72.14
Kyrgyzstan,KG,2020-10-01,-14.317535545023697,-9.473118279569892,-16.806451612903224,-3.8227848101265822,-29.89516129032258,-1.136094674556213,96.79527559055119
Kyrgyzstan,KG,2020-11-01,-18.892018779342724,-14.133333333333333,-23.733333333333334,-5.093167701863354,-31.729166666666668,0.8269230769230769,104.04580152671755
Kyrgyzstan,KG,2020-12-01,-17.63348416289593,-11.129032258064516,-16.4147465437788,-2.2767295597484276,-28.366935483870968,2.50625,93.52272727272727
Kyrgyzstan,KG,2021-01-01,-32.32188841201717,-24.93010752688172,-28.847926267281107,-15.011834319526628,-38.814516129032256,1.4258064516129032,146.90579710144928
Kyrgyzstan,KG,2021-02-01,-29.70952380952381,-20.363095238095237,-36.525510204081634,-14.169811320754716,-36.94642857142857,-4.135714285714286,130.38931297709922
Kyrgyzstan,KG,2021-03-01,-23.12,-13.188172043010752,-35.19815668202765,-7.5875,-36.71370967741935,-6.012903225806451,111
Kyrgyzstan,KG,2021-04-01,-23.64864864864865,-9.372222222222222,-29.414285714285715,-7.069182389937107,-34.079166666666666,-6.6066666666666665,103.93023255813954
Kyrgyzstan,KG,2021-05-01,-17.386046511627907,-3.292134831460674,-17.506912442396313,-3.710526315789474,-37.875,-8.290322580645162,93.488
Kyrgyzstan,KG,2021-06-01,-10.834146341463414,1.1016949152542372,-11.447619047619048,0.4264705882352941,-41.7,-11.22,91.24166666666666
Kyrgyzstan,KG,2021-07-01,-7.215962441314554,7.891891891891892,-8.456221198156681,-7.397058823529412,-46.36290322580645,-10.458064516129033,105.73387096774194
Kyrgyzstan,KG,2021-08-01,-1.5476190476190477,8.1731843575419,-10.67741935483871,-2.373134328358209,-45.11290322580645,-10.161290322580646,94.04032258064517
Kyrgyzstan,KG,2021-09-01,-3.8866995073891624,5.211764705882353,-18.061904761904763,4.3816793893129775,-40.50416666666667,-11.66,82.38333333333334
Kyrgyzstan,KG,2021-10-01,-7.457943925233645,0.7647058823529411,-25.027649769585253,3.1285714285714286,-32.685483870967744,-9.709677419354838,71.1774193548387
Kyrgyzstan,KG,2021-11-01,-11.758454106280194,-1.0843373493975903,-29.466666666666665,0.9436619718309859,-33.675,-6.3,79.112
Kyrgyzstan,KG,2021-12-01,-12.416666666666666,-1.098360655737705,-29.71889400921659,-1.3766233766233766,-23.983870967741936,-5.903225806451613,73.35606060606061
Kyrgyzstan,KG,2022-01-01,-22.908675799086758,-12.89247311827957,-34.29032258064516,-9.798780487804878,-35.846774193548384,0.012903225806451613,120.5912408759124
Kyrgyzstan,KG,2022-02-01,-17.056122448979593,-7.678571428571429,-30.663265306122447,-2.779220779220779,-20.821428571428573,-1.5214285714285714,82.8046875
Kyrgyzstan,KG,2022-03-01,-13.79611650485437,-8.403225806451612,-8.894009216589861,-4.377358490566038,-7.584677419354839,7.633540372670807,73.85074626865672
Kyrgyzstan,KG,2022-04-01,-15.004926108374384,-6.488888888888889,2.6095238095238096,-4.822485207100592,-0.6041666666666666,7.914110429447852,65.84507042253522
Kyrgyzstan,KG,2022-05-01,-6.921568627450981,-3.3513513513513513,9.534562211981568,-1.0062893081761006,-10.366935483870968,5.748538011695906,70.95035460992908
Kyrgyzstan,KG,2022-06-01,-2.190954773869347,2.2555555555555555,15.266666666666667,2.4133333333333336,-13.1125,4.310975609756097,66.46323529411765
Kyrgyzstan,KG,2022-07-01,6,11.516129032258064,26.456221198156683,-0.37681159420289856,-25.516129032258064,4.647435897435898,83.5725806451613
Kyrgyzstan,KG,2022-08-01,10.592964824120603,12.6,24.27188940092166,-1.432,-22.193548387096776,7.574193548387097,81.87903225806451
Kyrgyzstan,KG,2022-09-01,3.282051282051282,3.1,9.533333333333333,5.116438356164384,-15.679166666666667,5.013333333333334,67.8409090909091
Kyrgyzstan,KG,2022-10-01,6,3.7111111111111112,6.304761904761905,3.688311688311688,-10.55,5.56,64.28169014084507
Laos,LA,2020-02-01,0.3333333333333333,2.933333333333333,-0.4,-6.866666666666666,8.933333333333334,1.1333333333333333,22.866666666666667
Laos,LA,2020-03-01,-13.35483870967742,-3.5483870967741935,-4.903225806451613,-17.741935483870968,0.16129032258064516,4.354838709677419,61.61290322580645
Laos,LA,2020-04-01,-55.06666666666667,-36.6,-17.366666666666667,-64.26666666666667,-38.7,16.333333333333332,228.33333333333334
Laos,LA,2020-05-01,-27.161290322580644,-11.806451612903226,-9.225806451612904,-38.225806451612904,-10.225806451612904,6.451612903225806,104.58064516129032
Laos,LA,2020-06-01,-9.066666666666666,-0.4,-5.5,-21.4,1.5333333333333334,2.4,44.233333333333334
Laos,LA,2020-07-01,-5.645161290322581,1.1612903225806452,-4.580645161290323,-21.35483870967742,-0.9032258064516129,3.5161290322580645,45.03225806451613
Laos,LA,2020-08-01,-6.548387096774194,1.4193548387096775,-7.903225806451613,-20.096774193548388,-5.032258064516129,4.709677419354839,49.45161290322581
Laos,LA,2020-09-01,-7.833333333333333,-3.466666666666667,-9.8,-23.533333333333335,-6.133333333333334,4.9,58.86666666666667
Laos,LA,2020-10-01,-9.774193548387096,-4.483870967741935,-26.419354838709676,-27.129032258064516,-10.935483870967742,3.5161290322580645,84.51612903225806
Laos,LA,2020-11-01,-11.7,-4.866666666666666,-26.333333333333332,-30.066666666666666,-6.166666666666667,3.1333333333333333,82.86666666666666
Laos,LA,2020-12-01,-8.709677419354838,3.967741935483871,-16.06451612903226,-23.387096774193548,-7.709677419354839,5.161290322580645,67.25806451612904
Laos,LA,2021-01-01,-14.935483870967742,-4.838709677419355,-25.483870967741936,-31.387096774193548,-12.741935483870968,5.903225806451613,97.80645161290323
Laos,LA,2021-02-01,-11.928571428571429,-1.3928571428571428,-36.035714285714285,-32.357142857142854,-14.785714285714286,1.8214285714285714,100.75
Laos,LA,2021-03-01,-9.32258064516129,1.5806451612903225,-37.41935483870968,-31.838709677419356,-14.67741935483871,0.8387096774193549,96.45161290322581
Laos,LA,2021-04-01,-25.133333333333333,-6.8,-39.4,-38.733333333333334,-33.03333333333333,8.2,161.03333333333333
Laos,LA,2021-05-01,-48.354838709677416,-24.322580645161292,-48.516129032258064,-64.41935483870968,-44.16129032258065,17.741935483870968,247.51612903225808
Laos,LA,2021-06-01,-29.033333333333335,-6.666666666666667,-36.43333333333333,-51.13333333333333,-30.8,7.433333333333334,161.56666666666666
Laos,LA,2021-07-01,-18.516129032258064,1.2903225806451613,-33.58064516129032,-46.32258064516129,-26.548387096774192,4.709677419354839,132.6451612903226
Laos,LA,2021-08-01,-19.387096774193548,-1.2580645161290323,-35.935483870967744,-45.774193548387096,-26.161290322580644,5.935483870967742,137.09677419354838
Laos,LA,2021-09-01,-37.2,-14.9,-39.93333333333333,-59.833333333333336,-37.36666666666667,13.1,202.33333333333334
Laos,LA,2021-10-01,-37.32258064516129,-19.193548387096776,-37.41935483870968,-64.19354838709677,-42.774193548387096,13.935483870967742,214.83870967741936
Laos,LA,2021-11-01,-29.766666666666666,-12.066666666666666,-34.06666666666667,-57.53333333333333,-40.833333333333336,11.6,185.86666666666667
Laos,LA,2021-12-01,-20.967741935483872,-4.419354838709677,-23.612903225806452,-46,-32.903225806451616,8.806451612903226,140.06451612903226
Laos,LA,2022-01-01,-13.258064516129032,-0.45161290322580644,-21.032258064516128,-36.064516129032256,-22.64516129032258,5.483870967741935,101.90322580645162
Laos,LA,2022-02-01,-4.25,6.535714285714286,-17.214285714285715,-30.107142857142858,-8.678571428571429,5,74.57142857142857
Laos,LA,2022-03-01,0.22580645161290322,14,22.096774193548388,-24.35483870967742,7.548387096774194,15.225806451612904,90.87096774193549
Laos,LA,2022-04-01,1.6666666666666667,17.8,33.36666666666667,-20.066666666666666,3.7,16.833333333333332,109.43333333333334
Laos,LA,2022-05-01,3.225806451612903,18.225806451612904,23.29032258064516,-22.451612903225808,13.193548387096774,15.612903225806452,100.12903225806451
Laos,LA,2022-06-01,6.1,19.733333333333334,22.133333333333333,-18.4,14.166666666666666,15.766666666666667,97.03333333333333
Laos,LA,2022-07-01,7.161290322580645,22.516129032258064,24.06451612903226,-12.387096774193548,11.064516129032258,17,96.51612903225806
Laos,LA,2022-08-01,7.709677419354839,26.193548387096776,20.903225806451612,-8.709677419354838,11.129032258064516,20.193548387096776,95.48387096774194
Laos,LA,2022-09-01,7.066666666666666,25.666666666666668,20.866666666666667,-12.366666666666667,15.733333333333333,17.933333333333334,99.9
Laos,LA,2022-10-01,16.666666666666668,31.533333333333335,31.933333333333334,-5.4,13.866666666666667,17.066666666666666,123
Latvia,LV,2020-02-01,-0.08415841584158416,-0.21070234113712374,-2.357142857142857,1.988235294117647,1.6773399014778325,0.11666666666666667,17.766666666666666
Latvia,LV,2020-03-01,-16.551564310544613,-6.550247116968698,-1.2467532467532467,-23.768817204301076,-21.70042194092827,5.798076923076923,108.37096774193549
Latvia,LV,2020-04-01,-35.789308176100626,-16.55392156862745,-2.7466666666666666,-45.49238578680203,-42.266331658291456,12.682926829268293,176.28333333333333
Latvia,LV,2020-05-01,-12.607913669064748,2.785276073619632,20.788732394366196,-33.41025641025641,-33.58269441401971,6.515151515151516,136.59677419354838
Latvia,LV,2020-06-01,1.4633333333333334,15.141975308641975,70.57377049180327,-15.552941176470588,-30.83888292158969,0.39622641509433965,143.95
Latvia,LV,2020-07-01,10.185314685314685,21.633136094674555,92.64516129032258,-5.329545454545454,-28.25657202944269,-0.25925925925925924,148.70967741935485
Latvia,LV,2020-08-01,9.883720930232558,18.53913043478261,120.82978723404256,-1.208695652173913,-26.764835164835166,-1.5046728971962617,175.89361702127658
Latvia,LV,2020-09-01,-0.7063829787234043,10.08955223880597,57.75925925925926,-4.81203007518797,-11.022298456260721,-1.0735294117647058,95.32
Latvia,LV,2020-10-01,-9.03943661971831,5.038043478260869,9.628571428571428,-13.563218390804598,-13.439955106621774,3.091463414634146,78.25806451612904
Latvia,LV,2020-11-01,-21.673529411764704,-0.033707865168539325,-1.2816901408450705,-27.666666666666668,-24.826923076923077,8.41095890410959,123.11666666666666
Latvia,LV,2020-12-01,-29.428571428571427,-3.8526315789473684,-5.178082191780822,-38.00990099009901,-39.387259858442874,12.883116883116884,161.67741935483872
Latvia,LV,2021-01-01,-43.49715909090909,-18.903381642512077,-9.759493670886076,-45.12,-38.94168466522678,14.096551724137932,191.67741935483872
Latvia,LV,2021-02-01,-37.614886731391586,-14.3646408839779,-7.057142857142857,-40.47802197802198,-35.2162471395881,12.683823529411764,173.625
Latvia,LV,2021-03-01,-28.896253602305475,-6.304568527918781,-0.4189189189189189,-32.64102564102564,-32.4,11.051948051948052,147.43548387096774
Latvia,LV,2021-04-01,-21.641104294478527,-0.4293193717277487,23.134328358208954,-27.407821229050278,-33.3293991416309,8.93918918918919,142.73333333333332
Latvia,LV,2021-05-01,-13.510324483775811,7.382978723404255,51.24285714285714,-18.130681818181817,-29.81354051054384,5.9144736842105265,149.67741935483872
Latvia,LV,2021-06-01,-2.9177631578947367,17.51497005988024,103.03225806451613,-9.006410256410257,-30.4994499449945,0.2545454545454545,189.4
Latvia,LV,2021-07-01,3.9198606271777003,26.850299401197606,114.80952380952381,0.68125,-25.810928961748633,0.13095238095238096,185.08064516129033
Latvia,LV,2021-08-01,5.934931506849315,31.65625,85.25757575757575,1.9814814814814814,-21.680803571428573,2.2289156626506026,151.5
Latvia,LV,2021-09-01,-3.1533742331288344,24.343023255813954,52.171875,-2.147239263803681,-13.762769580022702,1.6424242424242423,111.55
Latvia,LV,2021-10-01,-24.02046783625731,6.516746411483253,24.442857142857143,-19.497409326424872,-24.001127395715898,6.116438356164384,126.93548387096774
Latvia,LV,2021-11-01,-32.61846153846154,5.576530612244898,-1.12,-28.321243523316063,-29.816348195329088,9.087837837837839,139.01666666666668
Latvia,LV,2021-12-01,-20.240112994350284,12.563157894736841,0.1891891891891892,-24.025641025641026,-27.808488612836438,7.675324675324675,112
Latvia,LV,2022-01-01,-30.21095890410959,-0.06698564593301434,-12.024390243902438,-29.477386934673365,-21.86117381489842,8.678082191780822,129.5
Latvia,LV,2022-02-01,-26.444444444444443,4.806818181818182,-7.8,-29.059782608695652,-23.022727272727273,8.852941176470589,123.85714285714286
Latvia,LV,2022-03-01,-19.81869688385269,11.005208333333334,7.414285714285715,-21.85786802030457,-16.951219512195124,5.324675324675325,112.38709677419355
Latvia,LV,2022-04-01,-13.829411764705883,20.715976331360945,15.185714285714285,-17.086021505376344,-18.159142212189618,3.30718954248366,108.41666666666667
Latvia,LV,2022-05-01,-8.868804664723031,25.01829268292683,37.81944444444444,-10.885245901639344,-13.097587719298245,1.024390243902439,108.69354838709677
Latvia,LV,2022-06-01,-4.5495207667731625,28.401315789473685,81.03125,-2.9085714285714284,-23.75553097345133,-0.7142857142857143,154.53333333333333
Latvia,LV,2022-07-01,3.4220779220779223,31.025316455696203,94.65079365079364,1.6263736263736264,-24.535227272727273,0.3881578947368421,161.43548387096774
Latvia,LV,2022-08-01,2.0487012987012987,33.22292993630573,105.7936507936508,3.2857142857142856,-20.56155507559395,1.1875,172.8548387096774
Latvia,LV,2022-09-01,-7.7648809523809526,27.854545454545455,43.246153846153845,-0.37222222222222223,-12.59682899207248,1.4415584415584415,103.96666666666667
Latvia,LV,2022-10-01,-10.55621301775148,21.162790697674417,35.72727272727273,-2.923076923076923,-9.24390243902439,1.9577464788732395,95.43333333333334
Lebanon,LB,2020-02-01,0.65,0.5472222222222223,4.167192429022082,-0.45588235294117646,1.5060827250608273,-0.13291139240506328,27.294117647058822
Lebanon,LB,2020-03-01,-36.195275590551184,-16.22845417236662,-21.962349397590362,-46.52985074626866,-33.023228803716606,9.677642980935875,181.0820895522388
Lebanon,LB,2020-04-01,-51.87741935483871,-21.823529411764707,-26.49056603773585,-73.89344262295081,-45.68502994011976,15.01707779886148,256.78688524590166
Lebanon,LB,2020-05-01,-30.068111455108358,-1.9846582984658299,2.3981337480559874,-64.09395973154362,-27.95294117647059,9.600337268128161,178.83673469387756
Lebanon,LB,2020-06-01,-6.81505728314239,11.559593023255815,29.893760539629007,-54.178082191780824,-11.09695603156708,3.2752,137.0808823529412
Lebanon,LB,2020-07-01,-2.025196850393701,10.684285714285714,35.06320907617504,-47.27439024390244,-15.937234042553191,0.773497688751926,135.32692307692307
Lebanon,LB,2020-08-01,-16.113526570048307,3.9837587006960558,20.125730994152047,-48.63636363636363,-24.287965616045845,3.42671009771987,146.90526315789472
Lebanon,LB,2020-09-01,-6.058189655172414,14.715481171548117,28.870731707317074,-38.84615384615385,-19.28191489361702,-0.07317073170731707,128.25274725274724
Lebanon,LB,2020-10-01,-9.876755070202808,25.978915662650603,16.378335949764523,-35.175182481751825,-21.51808510638298,0.34571062740076824,126.86131386861314
Lebanon,LB,2020-11-01,-28.202875399361023,10.224852071005918,-11.755134281200633,-43.503937007874015,-30.50933040614709,3.859625668449198,150.2204724409449
Lebanon,LB,2020-12-01,-7.354788069073783,31.03725782414307,4.677725118483412,-31.742857142857144,-23.034994697773065,0.9101412066752247,116.52857142857142
Lebanon,LB,2021-01-01,-46.16867469879518,-10.434153400868308,-31.229260935143287,-46.389830508474574,-51.222573839662445,9.115032679738562,238.82203389830508
Lebanon,LB,2021-02-01,-38.932565789473685,6.482919254658385,-20.942857142857143,-41.28813559322034,-47.40279394644936,2.237891737891738,176.3050847457627
Lebanon,LB,2021-03-01,-18.68,32.013412816691506,-8.754224270353303,-39.71604938271605,-36.520084566596196,-2.8542199488491047,146.47530864197532
Lebanon,LB,2021-04-01,-8.518578352180937,41.752025931928685,1.8814102564102564,-33.71052631578947,-33.24835886214442,-4.099206349206349,137.5921052631579
Lebanon,LB,2021-05-01,10.74056603773585,60.88906752411575,27.274478330658106,-26.59006211180124,-30.497348886532343,-7.528957528957529,165.9299363057325
Lebanon,LB,2021-06-01,16.356209150326798,66.32387312186978,36.497427101200685,-17.954545454545453,-25.019650655021834,-12.046174142480211,163.8206896551724
Lebanon,LB,2021-07-01,29.34090909090909,69.66237942122187,49.890459363957596,-12.886904761904763,-31.04968287526427,-13.815286624203821,191.53061224489795
Lebanon,LB,2021-08-01,15.194888178913738,54.553054662379424,33.815834767641995,-11.986666666666666,-32.35063559322034,-14.163473818646233,157.34883720930233
Lebanon,LB,2021-09-01,7.67799352750809,47.41059602649007,18.70149253731343,-13.92142857142857,-26.241492864983535,-13.66798418972332,128.36690647482015
Lebanon,LB,2021-10-01,8.346333853354134,52.30112721417069,15.935126582278482,-12.70503597122302,-23.90811965811966,-12.285714285714286,119.25179856115108
Lebanon,LB,2021-11-01,7.5,52.81622516556291,8.805152979066023,-18.163265306122447,-24.584967320261438,-9.527777777777779,117.64625850340136
Lebanon,LB,2021-12-01,10.811410459587956,54.01904761904762,7.525821596244131,-14.13125,-26.244725738396625,-6.911764705882353,134.64375
Lebanon,LB,2022-01-01,-4.441358024691358,37.82595419847328,-9.052147239263803,-23.97241379310345,-28.432661717921526,-2.8492268041237114,120.19310344827586
Lebanon,LB,2022-02-01,5.663778162911612,46.689473684210526,-0.6310344827586207,-23.840336134453782,-19.92488262910798,-4.080965909090909,111.83193277310924
Lebanon,LB,2022-03-01,6.811616954474097,51.5933014354067,12.928333333333333,-10.015151515151516,-13.148148148148149,1.8881748071979434,118.3969465648855
Lebanon,LB,2022-04-01,15.767213114754098,61.75879396984924,38.001788908765654,-6.301587301587301,-14.135815991237678,2.7696404793608522,153.54621848739495
Lebanon,LB,2022-05-01,24.18949044585987,68.65040650406505,43.840787119856884,0.8582677165354331,-15.349256900212314,1.0297927461139897,160.05454545454546
Lebanon,LB,2022-06-01,23.793388429752067,68.6110183639399,47.94619666048237,9.778688524590164,-12.32092004381161,0.8683510638297872,166.32038834951456
Lebanon,LB,2022-07-01,36.38373983739837,74.81421647819063,62.51730769230769,17.689922480620154,-18.927736450584483,0.8560311284046692,207.93333333333334
Lebanon,LB,2022-08-01,34.66174055829228,73.84764991896272,59.2972972972973,15.015625,-14.170031880977684,2.322622107969152,195.78846153846155
Lebanon,LB,2022-09-01,22.29090909090909,63.676716917922946,42.09306569343066,5.44,-8.57662624035281,0.8178191489361702,160.858407079646
Lebanon,LB,2022-10-01,17.431818181818183,61.16442953020134,35.29965156794425,-3.265625,-8.181015452538631,1.1893333333333334,146.3125
Libya,LY,2020-02-01,4.05,4.977777777777778,11.555555555555555,5.2,1.4785714285714286,0.5348837209302325,33.86666666666667
Libya,LY,2020-03-01,-17.217741935483872,-5.720430107526882,-5,-33.98039215686274,-8.699346405228757,6.3625,128.09803921568627
Libya,LY,2020-04-01,-44.458333333333336,-24.622222222222224,-28.566666666666666,-58.483333333333334,-26.159468438538205,16.816901408450704,226.66666666666666
Libya,LY,2020-05-01,-15.487804878048781,3.075268817204301,-3.150537634408602,-40.1551724137931,-13.37,11.670731707317072,143.89655172413794
Libya,LY,2020-06-01,-5.3,8.61111111111111,12.011111111111111,-41.03333333333333,-4.144927536231884,4.77906976744186,111.3
Libya,LY,2020-07-01,3.1451612903225805,17.236559139784948,28.06451612903226,-32.69642857142857,-7.714285714285714,-0.4942528735632184,113.91071428571429
Libya,LY,2020-08-01,-14.531645569620252,5.019230769230769,23.666666666666668,-40.214285714285715,-17.80327868852459,-0.8045977011494253,136.92857142857142
Libya,LY,2020-09-01,2.5,5.412698412698413,51.13333333333333,-34.60606060606061,-14.137614678899082,-4.276595744680851,128.66666666666666
Libya,LY,2020-10-01,17.096774193548388,39.30107526881721,62.623655913978496,-14.125,-11.231511254019292,-2.4035087719298245,150.7
Libya,LY,2020-11-01,21.05,44.08888888888889,59.388888888888886,-4.741935483870968,-5.343333333333334,-0.125,132.6451612903226
Libya,LY,2020-12-01,27.45967741935484,51.82795698924731,71.48387096774194,-1,-1.761437908496732,0.35964912280701755,154.3125
Libya,LY,2021-01-01,30.653225806451612,57.13978494623656,68.05376344086021,-3.4285714285714284,-1.4803921568627452,-2.210526315789474,169.74285714285713
Libya,LY,2021-02-01,38.285714285714285,66.79761904761905,80.98809523809524,-7.205882352941177,-6.74468085106383,-4.6826923076923075,204.05882352941177
Libya,LY,2021-03-01,52.54471544715447,81.2258064516129,84.47826086956522,2.8125,0.18152866242038215,-5.189655172413793,228.4375
Libya,LY,2021-04-01,60.56521739130435,97.25555555555556,93.42222222222222,10.088235294117647,1.8758389261744965,-0.8256880733944955,281.38235294117646
Libya,LY,2021-05-01,81.60952380952381,112.43478260869566,132.59302325581396,28.4375,0,-1.8017241379310345,378.03125
Libya,LY,2021-06-01,88.62626262626263,128.62222222222223,147,44.733333333333334,13.117647058823529,-9.267241379310345,435.03333333333336
Libya,LY,2021-07-01,73.60185185185185,123.17391304347827,137.20731707317074,32.75757575757576,-2.768976897689769,-7.034782608695652,405.3939393939394
Libya,LY,2021-08-01,74.75229357798165,116.96774193548387,143.75,26.514285714285716,5.2300319488817895,-6.1440677966101696,383.8285714285714
Libya,LY,2021-09-01,104.45054945054945,137.14606741573033,166.9102564102564,44,13.878892733564014,-6.758620689655173,472.7
Libya,LY,2021-10-01,120.96774193548387,161.86363636363637,175.57746478873239,53.32258064516129,19.76923076923077,-5.271929824561403,538.516129032258
Libya,LY,2021-11-01,133.51111111111112,173.12790697674419,182,60,26,-5.6902654867256635,586.4
Libya,LY,2021-12-01,131.1720430107527,173.77272727272728,172.3125,61,45.67578125,-4.358974358974359,581.4516129032259
Libya,LY,2022-01-01,129.41935483870967,170,169.4935064935065,56.58064516129032,59.50207468879668,-2.439655172413793,581.483870967742
Libya,LY,2022-02-01,139.92857142857142,180.225,170.63793103448276,70.60714285714286,65.34246575342466,-0.7884615384615384,643.6785714285714
Libya,LY,2022-03-01,166.6021505376344,240.49397590361446,236.0952380952381,99.29032258064517,91.88695652173914,4.034782608695652,866.9032258064516
Libya,LY,2022-04-01,164.0344827586207,248.42105263157896,266.6111111111111,97.3,76.75700934579439,12.695652173913043,923.1666666666666
Libya,LY,2022-05-01,152.9247311827957,231.08333333333334,247.6341463414634,98.09677419354838,65.36134453781513,8.18018018018018,867.3870967741935
Libya,LY,2022-06-01,161.25555555555556,238.63855421686748,267.2,111.06666666666666,91.7741935483871,4.883928571428571,912.8
Libya,LY,2022-07-01,142.5531914893617,217.3372093023256,258.875,97.6774193548387,69.11637931034483,6.63063063063063,858.483870967742
Libya,LY,2022-08-01,160.89247311827958,238.6046511627907,282.2432432432432,112.54838709677419,88.62114537444934,8.84070796460177,946
Libya,LY,2022-09-01,172.44444444444446,254.5185185185185,260.2631578947368,117.8,89.4186046511628,7.576576576576577,963.1
Libya,LY,2022-10-01,191.1860465116279,277.8974358974359,271.2631578947368,125.33333333333333,96.37735849056604,7.581818181818182,1027.9333333333334
Liechtenstein,LI,2020-02-01,7.666666666666667,-1.7333333333333334,NA,5.916666666666667,-11.1,NA,NA
Liechtenstein,LI,2020-03-01,-38.61290322580645,-0.36666666666666664,NA,-26.714285714285715,-20.59090909090909,NA,NA
Liechtenstein,LI,2020-04-01,-68.2,-6.75,NA,-33.666666666666664,-39.04545454545455,NA,NA
Liechtenstein,LI,2020-05-01,-35,NA,NA,-24.258064516129032,-29.476190476190474,NA,NA
Liechtenstein,LI,2020-06-01,-23,NA,NA,-18.966666666666665,-20.90909090909091,NA,NA
Liechtenstein,LI,2020-07-01,NA,NA,NA,-16.774193548387096,-28.869565217391305,NA,NA
Liechtenstein,LI,2020-08-01,NA,NA,NA,-21.5,-33.3,NA,NA
Liechtenstein,LI,2020-09-01,NA,NA,NA,-11.95,-13,NA,NA
Liechtenstein,LI,2020-10-01,-38,NA,NA,-27.29032258064516,-17.727272727272727,NA,NA
Liechtenstein,LI,2020-11-01,-39.75,NA,NA,-30.533333333333335,-16.666666666666668,NA,NA
Liechtenstein,LI,2020-12-01,NA,NA,NA,-31,-33.43478260869565,NA,NA
Liechtenstein,LI,2021-01-01,-50.25,NA,NA,-32.58064516129032,-30.476190476190474,NA,NA
Liechtenstein,LI,2021-02-01,-44.25,NA,NA,-24.464285714285715,-25.1,NA,NA
Liechtenstein,LI,2021-03-01,-43.875,NA,NA,-23.903225806451612,-17.304347826086957,NA,NA
Liechtenstein,LI,2021-04-01,-37.333333333333336,NA,NA,-26.933333333333334,-23,NA,NA
Liechtenstein,LI,2021-05-01,-37.5,NA,NA,-28.096774193548388,-18.047619047619047,NA,NA
Liechtenstein,LI,2021-06-01,NA,NA,NA,-22.4,-14.090909090909092,NA,NA
Liechtenstein,LI,2021-07-01,NA,NA,NA,-31.29032258064516,-29.181818181818183,NA,NA
Liechtenstein,LI,2021-08-01,NA,NA,NA,-25.266666666666666,-23.772727272727273,NA,NA
Liechtenstein,LI,2021-09-01,NA,NA,NA,-6.793103448275862,-16.40909090909091,NA,NA
Liechtenstein,LI,2021-10-01,NA,NA,NA,-10.26923076923077,-20.333333333333332,NA,NA
Liechtenstein,LI,2021-11-01,NA,NA,NA,-17.966666666666665,-15.045454545454545,NA,NA
Liechtenstein,LI,2021-12-01,-45,NA,NA,-20.033333333333335,-31.608695652173914,NA,NA
Liechtenstein,LI,2022-01-01,-41,NA,NA,-17.928571428571427,-24.047619047619047,NA,NA
Liechtenstein,LI,2022-02-01,NA,NA,NA,-7.75,-18,NA,NA
Liechtenstein,LI,2022-03-01,NA,NA,NA,1.8076923076923077,-14.826086956521738,NA,NA
Liechtenstein,LI,2022-04-01,-39,NA,NA,-2.2142857142857144,-20.142857142857142,NA,NA
Liechtenstein,LI,2022-05-01,NA,NA,NA,4.185185185185185,-12.863636363636363,NA,NA
Liechtenstein,LI,2022-06-01,NA,NA,NA,8.875,-15.363636363636363,NA,NA
Liechtenstein,LI,2022-07-01,-25,NA,NA,11.346153846153847,-24.428571428571427,NA,NA
Liechtenstein,LI,2022-08-01,-24,NA,NA,17.541666666666668,-23.695652173913043,NA,NA
Liechtenstein,LI,2022-09-01,NA,NA,NA,17.24,-13.045454545454545,NA,NA
Liechtenstein,LI,2022-10-01,NA,NA,NA,10.333333333333334,-19,NA,NA
Lithuania,LT,2020-02-01,1.64568345323741,0.5125,8.741721854304636,2.956386292834891,-5.876765083440308,1.28175519630485,41.127450980392155
Lithuania,LT,2020-03-01,-27.29485935984481,-12.204246713852376,17.234782608695653,-22.438718662952645,-25.770101250744492,8.937179487179487,149.92084432717678
Lithuania,LT,2020-04-01,-50.192746113989635,-19.509849362688296,21.739750445632797,-39.24792243767313,-44.16478956727919,16.28185907046477,230.9943820224719
Lithuania,LT,2020-05-01,-26.155774395702775,11.972396486825597,66.72895277207392,-20.39521800281294,-26.583077866339668,8.464508094645081,180.6657060518732
Lithuania,LT,2020-06-01,-16.137096774193548,36.12920592193809,119.82564102564102,-7.765230312035661,-14.631782945736434,0.5634920634920635,222.44594594594594
Lithuania,LT,2020-07-01,-8.66993755575379,41.010230179028135,136.6931216931217,4.510822510822511,-19.118102114492007,-0.30837004405286345,236.43648208469057
Lithuania,LT,2020-08-01,-7.948571428571428,34.496062992125985,149.47,6.856459330143541,-18.300970873786408,-1.4057142857142857,246.38509316770185
Lithuania,LT,2020-09-01,-14.876484560570072,29.635547576301615,92.47557003257329,1.0992063492063493,-7.659233449477352,-4.007881773399014,178.85067873303169
Lithuania,LT,2020-10-01,-22.524086378737543,30.403896103896106,28.044563279857396,-5.746164574616458,-9.128402670775552,-0.7128874388254486,120.81770833333333
Lithuania,LT,2020-11-01,-40.92895683453237,15.852819807427785,0.7474916387959866,-24.56564245810056,-25.70467682606411,7.24613987284287,139.2171717171717
Lithuania,LT,2020-12-01,-49.16438356164384,8.960988296488948,-7.868338557993731,-34.28802153432032,-37.83967935871743,12.546320346320346,183.9855421686747
Lithuania,LT,2021-01-01,-61.093484419263454,-0.15544041450777202,-10.937406855439642,-43.591567852437414,-35.845371312309254,13.380345768880801,190.67132867132867
Lithuania,LT,2021-02-01,-53.809866392600206,12.620437956204379,-11.51980198019802,-37.92481203007519,-28.87098591549296,10.309941520467836,167.53543307086613
Lithuania,LT,2021-03-01,-40.91023339317774,24.244979919678716,0.22115384615384617,-28.149232914923292,-22.962140333165067,6.400847457627119,151.02325581395348
Lithuania,LT,2021-04-01,-29.543342269883826,32.65192582025678,28.18198529411765,-17.971139971139973,-20.27110644992134,3.0093141405588484,164.8235294117647
Lithuania,LT,2021-05-01,-14.988675958188153,48.483500717360116,64.18108651911469,-3.6214285714285714,-11.197389033942558,-0.7565359477124183,181.46794871794873
Lithuania,LT,2021-06-01,-1.7551020408163265,62.5362962962963,140.864,10.665165165165165,-12.27626050420168,-4.764285714285714,256.4594594594595
Lithuania,LT,2021-07-01,7.113739763421292,69.18481375358166,153.6413043478261,18.002936857562407,-15.89623128549303,-4.980529595015576,271.7294117647059
Lithuania,LT,2021-08-01,6.887272727272728,70.35723951285522,116.02962962962962,15.406158357771261,-9.940282870612887,-3.1592156862745098,236.5
Lithuania,LT,2021-09-01,-4.427404718693285,61.89705882352941,71.58510638297872,9.828148148148149,-0.2136387852956846,-4.141035856573705,184.26461538461538
Lithuania,LT,2021-10-01,-10.258905299739357,56.380319148936174,51.777992277992276,-1.4838255977496484,-0.08268330733229329,-2.5937241948802643,155.04956268221574
Lithuania,LT,2021-11-01,-16.582670203359857,53.29127516778524,16.66846846846847,-8.626436781609195,-8.11746198217095,0.5807269653423499,134.98626373626374
Lithuania,LT,2021-12-01,-11.219015280135823,60.87789203084833,21.750889679715304,-5.033850493653032,-8.99747219413549,1.3282381335478681,159.21142857142857
Lithuania,LT,2022-01-01,-23.961669505962522,45.40052015604682,4.1658615136876005,-16.447222222222223,-6.237506439979392,3.4367521367521365,138.09045226130652
Lithuania,LT,2022-02-01,-21.74373259052925,47.98975109809663,10.810661764705882,-14.874809160305343,-6.524134014764338,3.5535055350553506,134.819209039548
Lithuania,LT,2022-03-01,-16.247048903878582,53.860917941585534,45.5945945945946,-1.698166431593794,5.0823892893923786,2.8653846153846154,152.9508670520231
Lithuania,LT,2022-04-01,-9.57583774250441,60.175182481751825,56.527542372881356,9.65223880597015,4.130129589632829,1.742207245155855,166.50470219435738
Lithuania,LT,2022-05-01,-2.4488188976377954,68.46448863636364,89.72300469483568,20.3023598820059,12.743779777660137,-1.2442322991249006,192.7043189368771
Lithuania,LT,2022-06-01,1.8472222222222223,77.21216617210682,140.3418079096045,28.718309859154928,3.853671706263499,-2.078525641025641,257.06617647058823
Lithuania,LT,2022-07-01,4.769300635785649,75.61721068249258,152.90029325513197,32.89127105666156,-5.636508781266631,-0.19656019656019655,279.7248062015504
Lithuania,LT,2022-08-01,5.4069028156221615,81.87082728592162,175.13680781758958,38.089783281733745,-1.676424464192368,0.2515527950310559,316.0352941176471
Lithuania,LT,2022-09-01,-3.9168173598553344,70.16353111432706,91.4964705882353,24.822556390977443,11.755591925804692,-0.29516129032258065,204.41554054054055
Lithuania,LT,2022-10-01,-6.442857142857143,65.58474576271186,78.17672413793103,19.263313609467456,15.194260485651213,0.25844594594594594,185.3961038961039
Luxembourg,LU,2020-02-01,-4.866666666666666,0.2,8.4,-1.2,-8.8,1.4666666666666666,39.6
Luxembourg,LU,2020-03-01,-44,-11.903225806451612,-16.451612903225808,-35.483870967741936,-35.806451612903224,16.103448275862068,170.72413793103448
Luxembourg,LU,2020-04-01,-77.63333333333334,-40.6,-25.4,-66.8,-66.33333333333333,28.5,306.6
Luxembourg,LU,2020-05-01,-54.58064516129032,-27.06451612903226,19.225806451612904,-46.774193548387096,-43.54838709677419,18.193548387096776,223.6451612903226
Luxembourg,LU,2020-06-01,-23.2,-11.833333333333334,56.833333333333336,-29.5,-28.133333333333333,10.433333333333334,164.66666666666666
Luxembourg,LU,2020-07-01,-13.387096774193548,-4.419354838709677,121.09677419354838,-12.225806451612904,-25.35483870967742,7,187.93548387096774
Luxembourg,LU,2020-08-01,-21.580645161290324,-15,129.5625,-18.612903225806452,-39.06896551724138,7.741935483870968,232.8125
Luxembourg,LU,2020-09-01,-14.833333333333334,-9.344827586206897,66.4,-12.966666666666667,-27.06896551724138,5.133333333333334,127.65
Luxembourg,LU,2020-10-01,-19.387096774193548,-8.064516129032258,9.419354838709678,-17.193548387096776,-18.548387096774192,7.580645161290323,86.12903225806451
Luxembourg,LU,2020-11-01,-25.766666666666666,-8.066666666666666,3.033333333333333,-27.633333333333333,-27.066666666666666,12,116.3
Luxembourg,LU,2020-12-01,-47.645161290322584,-6.225806451612903,-24.129032258064516,-35.61290322580645,-40.645161290322584,15.870967741935484,178.4516129032258
Luxembourg,LU,2021-01-01,-52.645161290322584,-18.677419354838708,-25.967741935483872,-36.354838709677416,-33.96774193548387,14.516129032258064,182.83870967741936
Luxembourg,LU,2021-02-01,-41.535714285714285,-6.071428571428571,0.35714285714285715,-32.17857142857143,-31.25,11.75,150.57142857142858
Luxembourg,LU,2021-03-01,-37.38709677419355,0.8064516129032258,5.67741935483871,-27.838709677419356,-23.35483870967742,9.580645161290322,124.58064516129032
Luxembourg,LU,2021-04-01,-31.3,4.566666666666666,32.666666666666664,-26.566666666666666,-27.866666666666667,9.933333333333334,149.56666666666666
Luxembourg,LU,2021-05-01,-22.06451612903226,8.612903225806452,63.064516129032256,-18.06451612903226,-22.70967741935484,8.225806451612904,159.90322580645162
Luxembourg,LU,2021-06-01,-9.133333333333333,13.233333333333333,76.66666666666667,-7.033333333333333,-10.5,4.533333333333333,135.5
Luxembourg,LU,2021-07-01,-5.483870967741935,12.258064516129032,87.96774193548387,0.22580645161290322,-15.741935483870968,3.5483870967741935,142.83870967741936
Luxembourg,LU,2021-08-01,-12.709677419354838,1.4193548387096775,106,-10.129032258064516,-30.93548387096774,5.193548387096774,183.8709677419355
Luxembourg,LU,2021-09-01,-3.7333333333333334,12.233333333333333,79.03333333333333,1.8,-18.9,2.8333333333333335,134.13333333333333
Luxembourg,LU,2021-10-01,-3.2903225806451615,15.935483870967742,41.38709677419355,-3.193548387096774,-10.548387096774194,3.4516129032258065,87.80645161290323
Luxembourg,LU,2021-11-01,-8.033333333333333,13.066666666666666,19.466666666666665,-9.633333333333333,-15.366666666666667,5.6,80.83333333333333
Luxembourg,LU,2021-12-01,-10.03225806451613,17.129032258064516,16.774193548387096,-18.93548387096774,-26.06451612903226,8.451612903225806,120.03225806451613
Luxembourg,LU,2022-01-01,-21.93548387096774,5.032258064516129,-7.32258064516129,-21.129032258064516,-17.548387096774192,9.709677419354838,97.96774193548387
Luxembourg,LU,2022-02-01,-13.25,7.571428571428571,5.464285714285714,-13.892857142857142,-15.428571428571429,6.678571428571429,81.57142857142857
Luxembourg,LU,2022-03-01,-10,12.935483870967742,31.29032258064516,-4.258064516129032,-9.709677419354838,4.838709677419355,81.6774193548387
Luxembourg,LU,2022-04-01,-10.066666666666666,13.666666666666666,57.233333333333334,-1.8,-15.466666666666667,4.733333333333333,119.63333333333334
Luxembourg,LU,2022-05-01,-3.3548387096774195,15.35483870967742,96.83870967741936,6.161290322580645,-12.03225806451613,2.3548387096774195,162.03225806451613
Luxembourg,LU,2022-06-01,-1.4333333333333333,17.533333333333335,110.5,12.733333333333333,-9.9,2.6333333333333333,181.53333333333333
Luxembourg,LU,2022-07-01,3.032258064516129,22.903225806451612,154.2258064516129,22,-8.516129032258064,1.6774193548387097,224.09677419354838
Luxembourg,LU,2022-08-01,-10.935483870967742,11.935483870967742,162.96774193548387,1.4838709677419355,-27.967741935483872,5.032258064516129,238.83870967741936
Luxembourg,LU,2022-09-01,-1.7666666666666666,23.4,88.23333333333333,12.6,-13.466666666666667,2.1333333333333333,149.33333333333334
Luxembourg,LU,2022-10-01,0.7333333333333333,25.666666666666668,62.666666666666664,11.6,-4.933333333333334,2.533333333333333,116.93333333333334
Malaysia,MY,2020-02-01,-2.8117647058823527,-3.6549019607843136,-0.25098039215686274,-4.352941176470588,2.3607843137254902,0.900398406374502,26.681274900398407
Malaysia,MY,2020-03-01,-34.88614800759013,-17.36053130929791,-26.518026565464897,-33.442125237191654,-25.97912713472486,14.864077669902912,172.03300970873786
Malaysia,MY,2020-04-01,-77.16666666666667,-46.3235294117647,-59.411764705882355,-80.72549019607843,-54.9078431372549,34.050607287449395,352.33805668016197
Malaysia,MY,2020-05-01,-58.499051233396585,-13.094876660341557,-45.94307400379507,-61.15180265654649,-35.91650853889943,22.572564612326044,242.87475149105367
Malaysia,MY,2020-06-01,-31.480392156862745,-0.8980392156862745,-19.231372549019607,-33.590196078431376,-19.847058823529412,11.285429141716566,131.03992015968063
Malaysia,MY,2020-07-01,-17.368121442125236,3.633776091081594,-3.030360531309298,-19.67552182163188,-15.54079696394687,6.499032882011606,89.1953578336557
Malaysia,MY,2020-08-01,-13.80287474332649,3.9481327800829877,2.65359477124183,-18.6401766004415,-16.532945736434108,5.273255813953488,90.99771167048056
Malaysia,MY,2020-09-01,-14.935550935550935,1.59375,-2.9615384615384617,-20.47741935483871,-12.972222222222221,5.513888888888889,83.34140969162996
Malaysia,MY,2020-10-01,-26.616698292220114,-2.891840607210626,-23.616698292220114,-42.2865275142315,-17.988614800759013,10.81214421252372,133.2941176470588
Malaysia,MY,2020-11-01,-32.07450980392157,-7.845098039215686,-33.372549019607845,-54.39607843137255,-22.205882352941178,15.698039215686274,169.89411764705883
Malaysia,MY,2020-12-01,-19.15180265654649,0.41745730550284627,-7.753320683111954,-33.121442125237195,-21.800759013282732,11.563567362428843,119.23908918406072
Malaysia,MY,2021-01-01,-36.267552182163186,-8.115749525616698,-32.876660341555976,-50.95445920303605,-27.546489563567363,16.768500948766604,188.09677419354838
Malaysia,MY,2021-02-01,-37.98109243697479,-6.487394957983193,-41.52521008403362,-59.794117647058826,-28.605042016806724,17.201680672268907,198.21218487394958
Malaysia,MY,2021-03-01,-18.12144212523719,6.23719165085389,-21.402277039848197,-44.096774193548384,-16.265654648956357,9.193548387096774,119.5977229601518
Malaysia,MY,2021-04-01,-22.45098039215686,10.752941176470589,-26.466666666666665,-45.40588235294118,-14.272549019607844,10.27450980392157,133.38039215686274
Malaysia,MY,2021-05-01,-36.33776091081594,6.848197343453511,-38.23003802281369,-56.43074003795066,-28.349146110056925,19.891840607210625,197.67490494296578
Malaysia,MY,2021-06-01,-57.67058823529412,-15.650980392156862,-48.90392156862745,-69.96862745098039,-44.06666666666667,31.2078431372549,270.72352941176473
Malaysia,MY,2021-07-01,-49.400379506641364,-6.40607210626186,-37.89943074003795,-62.64705882352941,-37.43643263757116,27.419354838709676,228.0170777988615
Malaysia,MY,2021-08-01,-41.56736242884251,-1.28842504743833,-32.37381404174573,-58.920303605313094,-33.56546489563567,25.01707779886148,202.0303605313093
Malaysia,MY,2021-09-01,-30.645098039215686,7.43921568627451,-14.862745098039216,-50.272549019607844,-26.758823529411764,19.554901960784314,161.4470588235294
Malaysia,MY,2021-10-01,-13.565464895635674,16.567362428842504,6.100760456273764,-29.483870967741936,-19.844402277039848,12.246679316888045,122.30988593155894
Malaysia,MY,2021-11-01,-5.476470588235294,19.929411764705883,9.500986193293885,-13.941176470588236,-16.264705882352942,9.537254901960784,106.9723865877712
Malaysia,MY,2021-12-01,0.5844402277039848,24.893738140417458,11.3767258382643,-6.206831119544592,-15.49146110056926,8.768500948766603,104.96646942800788
Malaysia,MY,2022-01-01,-0.1840607210626186,25.214421252371917,6.800773694390716,-13.8292220113852,-6.462998102466793,8.88045540796964,96.98065764023211
Malaysia,MY,2022-02-01,-4.5021008403361344,20.44327731092437,7.748936170212766,-17.590336134453782,-12.894957983193278,12.653361344537815,112.79361702127659
Malaysia,MY,2022-03-01,-3.8311195445920303,24.36053130929791,23.00388349514563,-15.320683111954459,-6.861480075901328,14.2865275142315,116.69126213592233
Malaysia,MY,2022-04-01,-3.074509803921569,34.155206286836936,23.254473161033797,-17.194117647058825,0.6176470588235294,12.72156862745098,124.93426294820718
Malaysia,MY,2022-05-01,10.324478178368121,34.85009487666034,53.5440313111546,14.189753320683112,-11.654648956356736,9.717267552182163,168.49510763209392
Malaysia,MY,2022-06-01,8.276470588235295,27.26078431372549,41.77935222672065,7.266666666666667,-0.7176470588235294,10.331372549019608,127.80566801619433
Malaysia,MY,2022-07-01,5.381404174573055,25.93168880455408,37.32945736434109,4.20303605313093,-1.9943074003795067,11.402277039848197,123.79069767441861
Malaysia,MY,2022-08-01,6.062618595825427,25.851992409867172,38.22222222222222,-2.512333965844402,2.8975332068311195,12.998102466793169,116.76608187134502
Malaysia,MY,2022-09-01,8.915686274509804,25.090196078431372,46.5,8.354901960784314,-0.3215686274509804,10.115686274509804,127.26938775510204
Malaysia,MY,2022-10-01,7.705882352941177,24.137254901960784,34.42914979757085,4.8431372549019605,0.13725490196078433,9.87843137254902,111.36032388663968
Mali,ML,2020-02-01,1.2,-3.6333333333333333,-2.7666666666666666,-1.8,4,0.8,20.066666666666666
Mali,ML,2020-03-01,-6.419354838709677,-7.064516129032258,-2.4838709677419355,-17.467741935483872,0.04838709677419355,3.725806451612903,51.596774193548384
Mali,ML,2020-04-01,-23.65,-18.966666666666665,-18.466666666666665,-40.083333333333336,-11.833333333333334,12.433333333333334,125.63333333333334
Mali,ML,2020-05-01,-17.048387096774192,-14.935483870967742,-14,-39.03225806451613,-9.548387096774194,11.080645161290322,111.19354838709677
Mali,ML,2020-06-01,-4.433333333333334,-7.016666666666667,-6.7,-34.516666666666666,-1.4833333333333334,6.35,68.83333333333333
Mali,ML,2020-07-01,-3.9516129032258065,-5.741935483870968,-8.67741935483871,-31.79032258064516,-7.596774193548387,7.241935483870968,73.61290322580645
Mali,ML,2020-08-01,-7.431034482758621,-11.064516129032258,-5.6875,-36.02777777777778,-11.435483870967742,7.32258064516129,81
Mali,ML,2020-09-01,-3.2413793103448274,-6.183333333333334,24.15,-25.317073170731707,-8.366666666666667,5.316666666666666,82.025
Mali,ML,2020-10-01,-8.903225806451612,3.1774193548387095,16.161290322580644,-21.580645161290324,-10.580645161290322,-0.3870967741935484,71.14516129032258
Mali,ML,2020-11-01,-8.616666666666667,1.85,25.7,-14.45,-6.533333333333333,1.1833333333333333,67.9
Mali,ML,2020-12-01,-5.758064516129032,11.693548387096774,33.45161290322581,-2.1129032258064515,-10.241935483870968,3.5806451612903225,74.80645161290323
Mali,ML,2021-01-01,-4.064516129032258,10.451612903225806,33.483870967741936,-13.080645161290322,-9.53225806451613,2.3870967741935485,83.09677419354838
Mali,ML,2021-02-01,-2.6785714285714284,11.089285714285714,54.82142857142857,-14.785714285714286,-12.410714285714286,-8.071428571428571,111.32142857142857
Mali,ML,2021-03-01,1.8387096774193548,17.93548387096774,66.62903225806451,-10.274193548387096,-10.870967741935484,-9.016129032258064,123.8225806451613
Mali,ML,2021-04-01,-2.3,27.2,55.45,-10.183333333333334,-8.283333333333333,-5.316666666666666,117.66666666666667
Mali,ML,2021-05-01,8.338709677419354,41.46774193548387,81.29032258064517,-9.32258064516129,-10.306451612903226,-5.645161290322581,166.2741935483871
Mali,ML,2021-06-01,21.916666666666668,55.85,113.08333333333333,16.016666666666666,1.6333333333333333,-13.566666666666666,225.2
Mali,ML,2021-07-01,23.806451612903224,59.774193548387096,125.75806451612904,37.87096774193548,-7.741935483870968,-10.951612903225806,274.5483870967742
Mali,ML,2021-08-01,21.5,58.564516129032256,140.48387096774192,32.435483870967744,-3.2903225806451615,-9.741935483870968,266.9516129032258
Mali,ML,2021-09-01,26.116666666666667,64.78333333333333,167.06666666666666,42.53333333333333,-0.5,-9,313.53333333333336
Mali,ML,2021-10-01,31.370967741935484,64.2741935483871,165.67741935483872,49.725806451612904,2.0806451612903225,-8.693548387096774,327.2096774193548
Mali,ML,2021-11-01,34.8,67.01666666666667,178.15,51.53333333333333,8.083333333333334,-10.283333333333333,349.9
Mali,ML,2021-12-01,35.46774193548387,69.66129032258064,185.43548387096774,50.08064516129032,18.774193548387096,-6.451612903225806,365.8709677419355
Mali,ML,2022-01-01,30.93548387096774,64.09677419354838,187.9672131147541,40.16129032258065,26.64516129032258,2.064516129032258,356.55737704918033
Mali,ML,2022-02-01,36.69642857142857,69.89285714285714,217.89285714285714,48.232142857142854,40.464285714285715,4.642857142857143,417.82142857142856
Mali,ML,2022-03-01,59,84.98387096774194,272.9019607843137,70.66129032258064,58.016129032258064,16.822580645161292,569.4705882352941
Mali,ML,2022-04-01,42.983333333333334,70,261.4406779661017,63.5,54.983333333333334,25.05,519.0847457627119
Mali,ML,2022-05-01,55.096774193548384,68.58064516129032,287.44897959183675,65.06451612903226,47.596774193548384,20.967741935483872,559.2448979591836
Mali,ML,2022-06-01,59.6,73.71666666666667,292.5652173913044,67.96666666666667,55.38333333333333,20.1,581.9565217391304
Mali,ML,2022-07-01,52.45161290322581,75.70967741935483,285.27659574468083,57.016129032258064,34.29032258064516,23.516129032258064,542.4468085106383
Mali,ML,2022-08-01,53.20967741935484,80,296.72727272727275,56.38709677419355,44.66129032258065,26.56451612903226,572.1363636363636
Mali,ML,2022-09-01,52.35,75.88333333333334,299.5348837209302,57.833333333333336,45.71666666666667,23.933333333333334,570.4651162790698
Mali,ML,2022-10-01,56.233333333333334,78.4,308.8181818181818,61.6,49.833333333333336,21.4,592.1818181818181
Malta,MT,2020-02-01,8.133333333333333,7.733333333333333,32.2,7.6,0.6,-0.7333333333333333,59.93333333333333
Malta,MT,2020-03-01,-36.87096774193548,-7.741935483870968,-21.258064516129032,-29.258064516129032,-28.161290322580644,13.903225806451612,162.8709677419355
Malta,MT,2020-04-01,-64.3,-27.133333333333333,-32.766666666666666,-49.46666666666667,-53.333333333333336,23.733333333333334,250.73333333333332
Malta,MT,2020-05-01,-46.03225806451613,-14.580645161290322,-4.064516129032258,-33.29032258064516,-39.193548387096776,17.774193548387096,163.06451612903226
Malta,MT,2020-06-01,-19.3,-7.833333333333333,23.433333333333334,-22.566666666666666,-24.633333333333333,9.633333333333333,108.2
Malta,MT,2020-07-01,-3.806451612903226,-3.3870967741935485,49.483870967741936,-10.193548387096774,-18.70967741935484,3.5483870967741935,92.61290322580645
Malta,MT,2020-08-01,-4.903225806451613,-4.548387096774194,58.714285714285715,-10.290322580645162,-23.06451612903226,5,108.47619047619048
Malta,MT,2020-09-01,-6.433333333333334,-7.866666666666666,28.458333333333332,-13.133333333333333,-23,5.933333333333334,84.5
Malta,MT,2020-10-01,-14.32258064516129,-4.580645161290323,13.258064516129032,-12.419354838709678,-16.451612903225808,7.064516129032258,71.12903225806451
Malta,MT,2020-11-01,-20.366666666666667,-6.3,-10.5,-20.966666666666665,-18.266666666666666,9.2,91.6
Malta,MT,2020-12-01,-11.870967741935484,-1.8709677419354838,-8.96774193548387,-19.903225806451612,-27.032258064516128,9.96774193548387,101.54838709677419
Malta,MT,2021-01-01,-26.64516129032258,-13.612903225806452,-24.225806451612904,-24.870967741935484,-21.774193548387096,9.612903225806452,120.74193548387096
Malta,MT,2021-02-01,-17.928571428571427,-3.75,-6.714285714285714,-22.75,-19.357142857142858,7.142857142857143,88
Malta,MT,2021-03-01,-38.03225806451613,-1.1612903225806452,-10.838709677419354,-27.806451612903224,-29.838709677419356,12.451612903225806,132.32258064516128
Malta,MT,2021-04-01,-34.93333333333333,4.233333333333333,-3.1333333333333333,-22.033333333333335,-24.566666666666666,10.566666666666666,113.66666666666667
Malta,MT,2021-05-01,-10.096774193548388,14.064516129032258,14.35483870967742,-8.096774193548388,-11.903225806451612,5.580645161290323,64.6774193548387
Malta,MT,2021-06-01,9.933333333333334,16.266666666666666,39.9,3.466666666666667,-13.133333333333333,2.2666666666666666,87.1
Malta,MT,2021-07-01,18.193548387096776,19.870967741935484,57.25806451612903,10.32258064516129,-9.806451612903226,0.41935483870967744,119.2258064516129
Malta,MT,2021-08-01,20.451612903225808,19.967741935483872,65.3225806451613,12.516129032258064,-11.32258064516129,1.2258064516129032,134.80645161290323
Malta,MT,2021-09-01,24,21.233333333333334,63.86666666666667,14.733333333333333,-11.6,1.3,141.6
Malta,MT,2021-10-01,14.741935483870968,20.870967741935484,33.16129032258065,6.129032258064516,-4.483870967741935,1.4516129032258065,85.87096774193549
Malta,MT,2021-11-01,14.1,20.166666666666668,24.433333333333334,1.7333333333333334,-5.666666666666667,2.1666666666666665,78.46666666666667
Malta,MT,2021-12-01,12.064516129032258,22.451612903225808,18.419354838709676,-8.612903225806452,-21.096774193548388,6,101.6774193548387
Malta,MT,2022-01-01,-7.096774193548387,12.03225806451613,-3.096774193548387,-17.419354838709676,-13.451612903225806,8.193548387096774,73.03225806451613
Malta,MT,2022-02-01,7.357142857142857,20.5,15.5,-6.714285714285714,-5.321428571428571,3.75,64
Malta,MT,2022-03-01,2.870967741935484,15.741935483870968,11.129032258064516,-3.4193548387096775,-5.548387096774194,4.258064516129032,60.064516129032256
Malta,MT,2022-04-01,10.7,15.333333333333334,41.666666666666664,10.766666666666667,-7.066666666666666,3.3666666666666667,97.3
Malta,MT,2022-05-01,19.580645161290324,20.258064516129032,53.83870967741935,18.032258064516128,2.6451612903225805,0.5161290322580645,116.93548387096774
Malta,MT,2022-06-01,22.933333333333334,22.866666666666667,72.66666666666667,22.966666666666665,-3.433333333333333,0.6333333333333333,152.63333333333333
Malta,MT,2022-07-01,21.741935483870968,24.548387096774192,71.3225806451613,26.451612903225808,-1.903225806451613,0.12903225806451613,154.93548387096774
Malta,MT,2022-08-01,29.612903225806452,35.54838709677419,92.74193548387096,33.096774193548384,-5.096774193548387,1.8064516129032258,205.25806451612902
Malta,MT,2022-09-01,26.133333333333333,32.8,71.43333333333334,31.466666666666665,-3.2666666666666666,0.5666666666666667,176.26666666666668
Malta,MT,2022-10-01,27.333333333333332,39.666666666666664,64.8,33.733333333333334,8,-0.5333333333333333,174.73333333333332
Mauritius,MU,2020-02-01,-1.8533333333333333,-3.072463768115942,-4.631578947368421,-3.1739130434782608,3.0251572327044025,0.29292929292929293,47.22222222222222
Mauritius,MU,2020-03-01,-33.758957654723126,-30.52777777777778,-42.68452380952381,-41.006802721088434,-30.87311178247734,6.554794520547945,150.55555555555554
Mauritius,MU,2020-04-01,-83.556,-67.51612903225806,-78.88207547169812,-86.02857142857142,-74.2111801242236,34.19607843137255,425.6774193548387
Mauritius,MU,2020-05-01,-65.52611940298507,-53.149797570850204,-71.2834008097166,-72.81159420289855,-49.23853211009175,24.774193548387096,325.2173913043478
Mauritius,MU,2020-06-01,-16.77037037037037,-10.9875,-37.25116279069768,-37.42622950819672,-13.755485893416928,11.512437810945274,124.4074074074074
Mauritius,MU,2020-07-01,-10.602150537634408,-3.1411290322580645,-33.130630630630634,-25.970760233918128,-7.36036036036036,5.88546255506608,94.03296703296704
Mauritius,MU,2020-08-01,-6.9813664596273295,-0.36129032258064514,-25.931623931623932,-23.784313725490197,-7.186915887850467,4.287735849056604,76.125
Mauritius,MU,2020-09-01,-4.936507936507937,-5.033898305084746,-28.496503496503497,-23.910714285714285,-1.75,2.365217391304348,82.32203389830508
Mauritius,MU,2020-10-01,-5.591397849462366,-1.3805668016194332,-25.3,-19.343949044585987,-4.678787878787879,0.7453874538745388,84.39772727272727
Mauritius,MU,2020-11-01,-2.748148148148148,-1.0041666666666667,-31.935960591133004,-22.51006711409396,-8.78125,1.0461538461538462,98.45882352941176
Mauritius,MU,2020-12-01,14.18705035971223,15.308943089430894,-26.686274509803923,-17.126582278481013,-16.435435435435437,0.6304347826086957,115.32608695652173
Mauritius,MU,2021-01-01,-11.6415770609319,-3.7611336032388665,-32.942583732057415,-26.477707006369428,-15.978787878787879,-1.7026022304832713,120.74418604651163
Mauritius,MU,2021-02-01,-8.285714285714286,-0.38392857142857145,-34.026455026455025,-27.416107382550337,-12.879598662207357,-8.580645161290322,116.09756097560975
Mauritius,MU,2021-03-01,-55.21146953405018,-36.76734693877551,-65.8902953586498,-66.90710382513662,-53.647590361445786,12,318.312
Mauritius,MU,2021-04-01,-51.78888888888889,-37.59166666666667,-67.3655462184874,-66.94736842105263,-50.86024844720497,12.890243902439025,283.6350364963504
Mauritius,MU,2021-05-01,-12.240143369175627,3.060483870967742,-45.925925925925924,-36.42857142857143,-26.272727272727273,1.316793893129771,153.21782178217822
Mauritius,MU,2021-06-01,-9.133333333333333,2.9458333333333333,-35.83248730964467,-32.488235294117644,-13.125786163522013,-1.0823970037453183,126.96078431372548
Mauritius,MU,2021-07-01,2.6462093862815883,11.251012145748987,-26.458333333333332,-24.823529411764707,-5.743119266055046,-4.581818181818182,108.81818181818181
Mauritius,MU,2021-08-01,8.878676470588236,16.62348178137652,-22.675675675675677,-22.934640522875817,-0.8611111111111112,-5.996336996336996,93
Mauritius,MU,2021-09-01,9.787878787878787,18.41176470588235,-17.850574712643677,-22.348387096774193,-0.6325878594249201,-5.843283582089552,91.19277108433735
Mauritius,MU,2021-10-01,17.98876404494382,26.149377593360995,-9.271186440677965,-12.91891891891892,10.81191222570533,-7.948148148148148,94.28169014084507
Mauritius,MU,2021-11-01,10.625,26.514767932489452,-8.592592592592593,-22.69090909090909,-8.64102564102564,-1.8582089552238805,110.05555555555556
Mauritius,MU,2021-12-01,27.7265625,40.559471365638764,-10.296703296703297,-18.174698795180724,0.899390243902439,-2.827338129496403,121.31506849315069
Mauritius,MU,2022-01-01,9.596958174904943,26.644628099173552,-11.182795698924732,-26.51396648044693,-1.9874213836477987,1.2851851851851852,113.72289156626506
Mauritius,MU,2022-02-01,3.6363636363636362,20.977272727272727,-25.60674157303371,-25.470967741935485,-1.7959866220735785,2.4669421487603307,141.70666666666668
Mauritius,MU,2022-03-01,14.452471482889734,32.381147540983605,-11.339181286549708,-18.21556886227545,19.304347826086957,3.7111111111111112,110.70588235294117
Mauritius,MU,2022-04-01,17.99607843137255,35.06926406926407,-12.232142857142858,-16.70700636942675,20.305194805194805,4.898832684824903,118.54411764705883
Mauritius,MU,2022-05-01,25.813229571984436,39.38197424892704,-6.132530120481928,-8.88679245283019,27.477564102564102,2.689138576779026,120.09375
Mauritius,MU,2022-06-01,20.346613545816734,38.1,-12.846625766871165,-8.12,31.516666666666666,3.045977011494253,115.34920634920636
Mauritius,MU,2022-07-01,25.01556420233463,44.06410256410256,-8.355029585798816,-10.01923076923077,25.720257234726688,4.494208494208494,120.1774193548387
Mauritius,MU,2022-08-01,30.9484126984127,51.99557522123894,6.662337662337662,-8.647435897435898,21.469841269841268,4.9216417910447765,149.67741935483872
Mauritius,MU,2022-09-01,22.665289256198346,46.495535714285715,2.217948717948718,-9.9937106918239,29.06312292358804,2.969465648854962,141.1044776119403
Mauritius,MU,2022-10-01,30.682926829268293,47.625,5.090909090909091,-8.012345679012345,32.17218543046358,1.875968992248062,147.54285714285714
Mexico,MX,2020-02-01,0.6585858585858586,1.195959595959596,3.8686868686868685,2.3252525252525253,6.894949494949495,-1.1656565656565656,26.634343434343435
Mexico,MX,2020-03-01,-15.173998044965787,-3.7282502443792764,-13.556207233626589,-15.687194525904204,-9.563049853372434,5.364613880742913,86.13685239491691
Mexico,MX,2020-04-01,-56.42323232323233,-22.47070707070707,-48.316161616161615,-55.644444444444446,-44.56363636363636,19.333333333333332,246.75353535353534
Mexico,MX,2020-05-01,-55.27565982404692,-21.80156402737048,-48.04105571847507,-55.73704789833822,-36.9960899315738,18.703812316715542,236.5962854349951
Mexico,MX,2020-06-01,-46.55656565656566,-15.253535353535353,-39.85050505050505,-47.1082995951417,-28.07777777777778,15.426262626262627,193.20344129554655
Mexico,MX,2020-07-01,-39.541544477028346,-12.222873900293255,-35.92179863147605,-41.53778213935231,-28.00293255131965,13.944281524926685,171.73994111874387
Mexico,MX,2020-08-01,-32.96383186705767,-11.035190615835777,-33.01075268817204,-37.526315789473685,-24.3088954056696,11.823069403714564,151.89894736842106
Mexico,MX,2020-09-01,-32.008080808080805,-11.131313131313131,-33.78686868686869,-35.086021505376344,-24.77777777777778,11.308080808080808,149.15376344086022
Mexico,MX,2020-10-01,-31.40175953079179,-7.8455522971652005,-35.25317693059628,-30.058473736372648,-20.75659824046921,10.270772238514175,137.9197224975223
Mexico,MX,2020-11-01,-27.98080808080808,-5.915151515151515,-37.77070707070707,-28.62128966223132,-19.735353535353536,10.12929292929293,133.60184237461618
Mexico,MX,2020-12-01,-20.818181818181817,4.947214076246334,-30.35581622678397,-19.359050445103858,-20.454545454545453,9.141739980449659,116.43026706231454
Mexico,MX,2021-01-01,-33.92375366568915,-9.196480938416423,-40.44672531769306,-32.76984126984127,-23.044965786901273,10.812316715542522,153.1795634920635
Mexico,MX,2021-02-01,-30.028138528138527,-5.156926406926407,-40.47402597402598,-32.57127192982456,-21.146103896103895,8.685064935064934,140.9309210526316
Mexico,MX,2021-03-01,-21.923753665689148,3.7038123167155423,-32.03030303030303,-22.452027695351138,-17.44281524926686,6.766373411534702,109.65578635014836
Mexico,MX,2021-04-01,-18.183838383838385,9.382828282828283,-26.40707070707071,-16.852610030706245,-15.486868686868688,5.962626262626262,98.30910951893551
Mexico,MX,2021-05-01,-9.056695992179863,18.962854349951122,-19.43304007820137,-7.050545094152627,-6.618768328445748,4.676441837732161,81.35183349851339
Mexico,MX,2021-06-01,-5.941414141414142,20.416161616161617,-18.564646464646465,-3.448875255623722,-5.488888888888889,4.956565656565656,77.72494887525562
Mexico,MX,2021-07-01,-2.9882697947214076,24.581622678396872,-15.469208211143695,1.7770069375619426,-5.840664711632454,5.042033235581623,78.54311199207136
Mexico,MX,2021-08-01,-6.190615835777126,22.65786901270772,-20.654936461388075,-3.992079207920792,-5.771260997067449,6.176930596285435,83.8029702970297
Mexico,MX,2021-09-01,-4.870707070707071,23.038383838383837,-20.472727272727273,-4.7044989775051125,-5.0323232323232325,5.742424242424242,81.77505112474438
Mexico,MX,2021-10-01,1.3284457478005864,29.06549364613881,-16.481915933528835,3.3015873015873014,2.2688172043010755,3.7497556207233624,79.72321428571429
Mexico,MX,2021-11-01,7.851515151515152,33.53030303030303,-11.093939393939394,11.19120654396728,1.5818181818181818,3.416161616161616,87.89877300613497
Mexico,MX,2021-12-01,20.024437927663733,46.2218963831867,0.7311827956989247,25.615841584158417,1.278592375366569,1.812316715542522,130.42673267326734
Mexico,MX,2022-01-01,1.6392961876832846,32.21407624633431,-14.35386119257087,3.4826560951437067,2.8475073313782993,7.114369501466276,95.8037661050545
Mexico,MX,2022-02-01,9.572510822510823,36.624458874458874,-6.524891774891775,8.18859649122807,12.545454545454545,4.146103896103896,95.12280701754386
Mexico,MX,2022-03-01,10.223851417399805,37.0791788856305,5.592375366568915,10.86646884272997,20.80058651026393,3.3958944281524928,102.84470820969338
Mexico,MX,2022-04-01,13.056565656565656,40.0040404040404,15.637373737373737,17.114754098360656,14.62020202020202,3.592929292929293,120.53483606557377
Mexico,MX,2022-05-01,15.47702834799609,43.36852394916911,10.579667644183774,16.34752475247525,26.311827956989248,2.4242424242424243,121.60495049504951
Mexico,MX,2022-06-01,14.012121212121212,42.531313131313134,8.209090909090909,14.151329243353784,24.92020202020202,3.7404040404040404,116.03783231083844
Mexico,MX,2022-07-01,16.026392961876834,43.3841642228739,10.869990224828934,18.145833333333332,17.39980449657869,5.235581622678397,117.94047619047619
Mexico,MX,2022-08-01,17.605083088954057,44.380254154447705,12.453567937438905,22.94164193867458,18.75464320625611,5.574780058651027,126.91196834817013
Mexico,MX,2022-09-01,15.065656565656566,43.984848484848484,11.419191919191919,18.98362333674514,27.060606060606062,2.933333333333333,131.3828045035824
Mexico,MX,2022-10-01,16.644444444444446,42.52121212121212,10.460606060606061,19.75409836065574,34.03030303030303,2.21010101010101,131.26844262295083
Moldova,MD,2020-02-01,1.2666666666666666,1.2666666666666666,2.533333333333333,-0.4,3.6666666666666665,-0.4666666666666667,20.266666666666666
Moldova,MD,2020-03-01,-31.193548387096776,-16.806451612903224,-16.806451612903224,-31.29032258064516,-26.64516129032258,9.419354838709678,155.4516129032258
Moldova,MD,2020-04-01,-56.93333333333333,-37.53333333333333,-33.03333333333333,-61.266666666666666,-51.43333333333333,16.833333333333332,257.03333333333336
Moldova,MD,2020-05-01,-32.38709677419355,-18.419354838709676,-4.903225806451613,-40.87096774193548,-29.838709677419356,9.806451612903226,143.83870967741936
Moldova,MD,2020-06-01,-14.4,-5.8,16.566666666666666,-23.633333333333333,-19.366666666666667,3.7333333333333334,86.7
Moldova,MD,2020-07-01,-5.806451612903226,-1.4516129032258065,21.548387096774192,-18.032258064516128,-19.096774193548388,1.903225806451613,73.38709677419355
Moldova,MD,2020-08-01,-1.6774193548387097,1.5806451612903225,28.096774193548388,-13.258064516129032,-19.29032258064516,0.16129032258064516,76.64516129032258
Moldova,MD,2020-09-01,-5.933333333333334,-1.0666666666666667,13.766666666666667,-13.433333333333334,-18.2,-3.466666666666667,62.46666666666667
Moldova,MD,2020-10-01,-14.580645161290322,-2.6129032258064515,-6.225806451612903,-14.67741935483871,-17.06451612903226,-4,62.193548387096776
Moldova,MD,2020-11-01,-20.266666666666666,-7.133333333333334,-21.433333333333334,-24.333333333333332,-17.433333333333334,-2.5,93.83333333333333
Moldova,MD,2020-12-01,-19.741935483870968,-1.3225806451612903,-19.483870967741936,-25.612903225806452,-23.580645161290324,0.41935483870967744,98.93548387096774
Moldova,MD,2021-01-01,-29.838709677419356,-13.709677419354838,-22.870967741935484,-35.225806451612904,-30.580645161290324,-0.8709677419354839,137.74193548387098
Moldova,MD,2021-02-01,-26.785714285714285,-9.5,-29.285714285714285,-36.25,-21.321428571428573,-4,127.14285714285714
Moldova,MD,2021-03-01,-25.774193548387096,-7.193548387096774,-25.70967741935484,-33.58064516129032,-30.870967741935484,-2.4838709677419355,126.38709677419355
Moldova,MD,2021-04-01,-20.166666666666668,-0.36666666666666664,-15.466666666666667,-24.8,-26.266666666666666,-5.1,98.1
Moldova,MD,2021-05-01,-8.64516129032258,4.290322580645161,3.193548387096774,-15.064516129032258,-25.096774193548388,-9.741935483870968,82.54838709677419
Moldova,MD,2021-06-01,1.8666666666666667,9.333333333333334,8.5,-11.766666666666667,-24.4,-11.366666666666667,73.5
Moldova,MD,2021-07-01,6.967741935483871,13.64516129032258,13.290322580645162,-7.129032258064516,-27.838709677419356,-12.35483870967742,85.48387096774194
Moldova,MD,2021-08-01,18.129032258064516,20.806451612903224,21.64516129032258,6.354838709677419,-29.870967741935484,-11.903225806451612,111.2258064516129
Moldova,MD,2021-09-01,10.133333333333333,15.833333333333334,5.433333333333334,-1.7,-19.866666666666667,-11.6,70.16666666666667
Moldova,MD,2021-10-01,-0.03225806451612903,8.774193548387096,-1.8387096774193548,-11.709677419354838,-19.741935483870968,-9.419354838709678,59.12903225806452
Moldova,MD,2021-11-01,-2.8,5.233333333333333,-10.833333333333334,-13.7,-16.7,-8.133333333333333,60.53333333333333
Moldova,MD,2021-12-01,4.548387096774194,11.741935483870968,-8.225806451612904,-5.67741935483871,-14.838709677419354,-7.193548387096774,62.806451612903224
Moldova,MD,2022-01-01,-11.96774193548387,-2.3548387096774195,-16.129032258064516,-18.35483870967742,-28.419354838709676,-2.4193548387096775,93.25806451612904
Moldova,MD,2022-02-01,-8.357142857142858,2.5357142857142856,-13.964285714285714,-16.607142857142858,-14.214285714285714,-3.607142857142857,61.714285714285715
Moldova,MD,2022-03-01,-8.741935483870968,1.3870967741935485,-6.870967741935484,-15.387096774193548,-6.612903225806452,2.193548387096774,47.83870967741935
Moldova,MD,2022-04-01,-3.7333333333333334,4.7,5.366666666666666,-8.166666666666666,-10.166666666666666,1.6333333333333333,54.7
Moldova,MD,2022-05-01,2.4838709677419355,7.516129032258065,19.903225806451612,-2.064516129032258,-7.161290322580645,-0.8064516129032258,50.193548387096776
Moldova,MD,2022-06-01,3.3666666666666667,7,18.066666666666666,1.4666666666666666,-16.833333333333332,-0.5666666666666667,53.03333333333333
Moldova,MD,2022-07-01,3.161290322580645,7.064516129032258,16.774193548387096,0.5483870967741935,-21.258064516129032,0.7741935483870968,59.58064516129032
Moldova,MD,2022-08-01,17.903225806451612,18.35483870967742,30.93548387096774,13.806451612903226,-23.161290322580644,2.225806451612903,107.35483870967742
Moldova,MD,2022-09-01,7.5,11.333333333333334,12.866666666666667,8.466666666666667,-13.133333333333333,-0.16666666666666666,56.46666666666667
Moldova,MD,2022-10-01,5.733333333333333,6.666666666666667,12.266666666666667,1.5333333333333334,-8,-0.4666666666666667,38.4
Mongolia,MN,2020-02-01,-24.8,-8.233333333333333,-24.933333333333334,-21.466666666666665,-29.135135135135137,8.866666666666667,125.5
Mongolia,MN,2020-03-01,-23.35483870967742,-5.354838709677419,-20.758064516129032,-21.870967741935484,-12.17741935483871,7.887096774193548,95.8225806451613
Mongolia,MN,2020-04-01,-10.516666666666667,8.05,2.15,-8.333333333333334,-2.5166666666666666,2.816666666666667,46.28333333333333
Mongolia,MN,2020-05-01,5.596774193548387,28.661290322580644,25.580645161290324,9.935483870967742,6.693548387096774,-1.5,81.83870967741936
Mongolia,MN,2020-06-01,9.1,37.733333333333334,50.666666666666664,16.283333333333335,0.45161290322580644,-6.033333333333333,134.08333333333334
Mongolia,MN,2020-07-01,8.82258064516129,42.08064516129032,65.77049180327869,11.612903225806452,-21.058823529411764,-7.354838709677419,174.5737704918033
Mongolia,MN,2020-08-01,24.27027027027027,52.96875,72.65625,33.91935483870968,-4.693548387096774,-7.145161290322581,190.1875
Mongolia,MN,2020-09-01,48.19512195121951,71.725,90.025,54.916666666666664,10.216666666666667,-6.066666666666666,287.175
Mongolia,MN,2020-10-01,45.645161290322584,73.69354838709677,68.45161290322581,70.80645161290323,24.3015873015873,-4.870967741935484,292.7741935483871
Mongolia,MN,2020-11-01,-26.75,13.316666666666666,-22.35,-8.916666666666666,-34.151898734177216,20.233333333333334,284.78333333333336
Mongolia,MN,2020-12-01,-41.53225806451613,11.451612903225806,-37.82258064516129,-25.93548387096774,-35.34782608695652,24,184.5483870967742
Mongolia,MN,2021-01-01,-33.645161290322584,8.758064516129032,-30.870967741935484,-25.35483870967742,-27.015625,18.677419354838708,153.98387096774192
Mongolia,MN,2021-02-01,-26.446428571428573,14.75,-32.32142857142857,-26.017857142857142,-30.396551724137932,19.267857142857142,202.42857142857142
Mongolia,MN,2021-03-01,8.241935483870968,62.75806451612903,2.8225806451612905,11.64516129032258,-1.507936507936508,8.306451612903226,111.06451612903226
Mongolia,MN,2021-04-01,-36.6,32.3,-23.516666666666666,-21,-34.55223880597015,22.266666666666666,200.56666666666666
Mongolia,MN,2021-05-01,8.887096774193548,86.61290322580645,21.532258064516128,27.93548387096774,-1.8095238095238095,8.85483870967742,235.70967741935485
Mongolia,MN,2021-06-01,27.966666666666665,114.16666666666667,63.1,51.53333333333333,5.209677419354839,-0.03333333333333333,274.3666666666667
Mongolia,MN,2021-07-01,18.403225806451612,105.04838709677419,52.225806451612904,39.03225806451613,-13.352112676056338,-3.3870967741935485,256.0967741935484
Mongolia,MN,2021-08-01,54.17741935483871,134.08064516129033,68.5,72,13.96774193548387,-3.8870967741935485,346.61290322580646
Mongolia,MN,2021-09-01,65.21666666666667,144.73333333333332,75.7,89.7,23.266666666666666,1.15,400.6
Mongolia,MN,2021-10-01,74.09677419354838,154.67741935483872,69.51612903225806,100.54838709677419,41.61290322580645,1.6129032258064515,442.4193548387097
Mongolia,MN,2021-11-01,84.95,162.55,62.5,108.2,53.65,2.0833333333333335,479.2
Mongolia,MN,2021-12-01,92.09677419354838,176.8709677419355,69.03225806451613,110.16129032258064,68.40322580645162,2.435483870967742,519.7741935483871
Mongolia,MN,2022-01-01,63.064516129032256,146.38709677419354,30.983870967741936,73.24193548387096,48.33870967741935,5.935483870967742,371.2741935483871
Mongolia,MN,2022-02-01,66.60714285714286,143.53571428571428,40.642857142857146,84.41071428571429,44.34426229508197,3.392857142857143,418.17857142857144
Mongolia,MN,2022-03-01,91.70967741935483,171,67.87096774193549,113.7741935483871,116.03225806451613,1.6935483870967742,564.3709677419355
Mongolia,MN,2022-04-01,100.2,181.98333333333332,93.05,125.98333333333333,126.18333333333334,-0.21666666666666667,628.25
Mongolia,MN,2022-05-01,113.74193548387096,202.58064516129033,136.03225806451613,134.82258064516128,134.19354838709677,-2.596774193548387,724.0645161290323
Mongolia,MN,2022-06-01,113.11666666666666,208.41666666666666,154.41666666666666,125.11666666666666,88.18333333333334,-2.966666666666667,694.95
Mongolia,MN,2022-07-01,95.30645161290323,190.3548387096774,177.16129032258064,98.35483870967742,41.03030303030303,-2.225806451612903,630.8548387096774
Mongolia,MN,2022-08-01,139.5483870967742,226.7741935483871,171,142.2741935483871,80.41935483870968,1.096774193548387,762.5
Mongolia,MN,2022-09-01,148.71666666666667,226.93333333333334,170.1,155.3,117.48333333333333,-1.2666666666666666,820.0333333333333
Mongolia,MN,2022-10-01,149.86666666666667,224.96666666666667,113.83333333333333,147.7,146.73333333333332,0.3,784.1333333333333
Morocco,MA,2020-02-01,1.3333333333333333,-0.1,3.9166666666666665,-0.9,4.816666666666666,-0.05,17.25
Morocco,MA,2020-03-01,-40.233870967741936,-25.661290322580644,-37.5,-35.29838709677419,-27.258064516129032,12.080645161290322,192.3548387096774
Morocco,MA,2020-04-01,-82.51666666666667,-60.291666666666664,-78.26666666666667,-75.94166666666666,-66.28333333333333,28.975,392.275
Morocco,MA,2020-05-01,-79.20161290322581,-54.03225806451613,-74.68548387096774,-70.41129032258064,-58.653225806451616,26.870967741935484,363.85483870967744
Morocco,MA,2020-06-01,-55.775,-30.816666666666666,-52.50833333333333,-50.49166666666667,-34.96666666666667,19.125,243.68333333333334
Morocco,MA,2020-07-01,-24.096774193548388,-8.814516129032258,-22.870967741935484,-28.35483870967742,-24.927419354838708,9.443548387096774,124.04032258064517
Morocco,MA,2020-08-01,-31.870967741935484,-19.911290322580644,-29.04032258064516,-40.645161290322584,-32.975806451612904,11.798387096774194,169.33870967741936
Morocco,MA,2020-09-01,-28.183333333333334,-7.583333333333333,-32.95,-33.083333333333336,-24.3,12.05,142.01666666666668
Morocco,MA,2020-10-01,-26.798387096774192,11.346774193548388,-30.653225806451612,-21.032258064516128,-21.362903225806452,11.60483870967742,125.4758064516129
Morocco,MA,2020-11-01,-27.45,8.85,-33,-23.441666666666666,-17.483333333333334,12.458333333333334,124.96666666666667
Morocco,MA,2020-12-01,-25.217741935483872,20.677419354838708,-29.81451612903226,-12.233870967741936,-13.346774193548388,11.870967741935484,113.41935483870968
Morocco,MA,2021-01-01,-28.580645161290324,12.758064516129032,-36.935483870967744,-17.45967741935484,-18.70967741935484,10.298387096774194,126.6774193548387
Morocco,MA,2021-02-01,-24.508928571428573,23.035714285714285,-34.455357142857146,-22.401785714285715,-13.142857142857142,6.125,124.09821428571429
Morocco,MA,2021-03-01,-19.008064516129032,33.71774193548387,-27.161290322580644,-15.935483870967742,-11.008064516129032,4.725806451612903,111.63709677419355
Morocco,MA,2021-04-01,-34.041666666666664,32,-33.8,-25.425,-14.166666666666666,9.983333333333333,149.88333333333333
Morocco,MA,2021-05-01,-22.5,42.266129032258064,-22.14516129032258,-16.548387096774192,-17.677419354838708,8.620967741935484,133.38709677419354
Morocco,MA,2021-06-01,-0.8833333333333333,58.28333333333333,-5.216666666666667,0.9416666666666667,-9.833333333333334,2.65,103.325
Morocco,MA,2021-07-01,1.9596774193548387,64.08064516129032,6.403225806451613,11.209677419354838,-24.451612903225808,3.1693548387096775,149.29032258064515
Morocco,MA,2021-08-01,-2.443548387096774,56.74193548387097,4.814516129032258,4.758064516129032,-27.233870967741936,6.008064516129032,135.6290322580645
Morocco,MA,2021-09-01,3.966666666666667,61.30833333333333,-4.325,4.3,-14.858333333333333,5.383333333333334,110.95833333333333
Morocco,MA,2021-10-01,10.508064516129032,67.04838709677419,-2.5,7.540322580645161,-8.298387096774194,3.806451612903226,109.0725806451613
Morocco,MA,2021-11-01,13.75,72.1,-4.933333333333334,10.75,-1.1916666666666667,3.8666666666666667,118.84166666666667
Morocco,MA,2021-12-01,9.612903225806452,65.89516129032258,-13.290322580645162,-1.7661290322580645,6.411290322580645,5.919354838709677,115.94354838709677
Morocco,MA,2022-01-01,3.0161290322580645,54.38709677419355,-19.475806451612904,-17.072580645161292,2.2661290322580645,8.911290322580646,117.7741935483871
Morocco,MA,2022-02-01,12.5625,61.44642857142857,-8.080357142857142,-2.4642857142857144,5.267857142857143,6.1875,112.59821428571429
Morocco,MA,2022-03-01,13.524193548387096,72.55645161290323,-1.1048387096774193,11.274193548387096,14.846774193548388,7.354838709677419,134.66129032258064
Morocco,MA,2022-04-01,-5.041666666666667,70.26666666666667,-4.916666666666667,2.9166666666666665,7.425,13.675,127.525
Morocco,MA,2022-05-01,15.016129032258064,70.9758064516129,10.080645161290322,16.217741935483872,4.830645161290323,7.701612903225806,141.91935483870967
Morocco,MA,2022-06-01,14.641666666666667,70.76666666666667,10.675,12.783333333333333,7.775,7.95,132.275
Morocco,MA,2022-07-01,14.564516129032258,73.3225806451613,21.717741935483872,19.975806451612904,-12.258064516129032,7.701612903225806,174.91129032258064
Morocco,MA,2022-08-01,24.830645161290324,85.64516129032258,35.79032258064516,22.379032258064516,-10.201612903225806,7.604838709677419,196.88709677419354
Morocco,MA,2022-09-01,23.708333333333332,84,12.508333333333333,16.741666666666667,5.658333333333333,7.966666666666667,161.85
Morocco,MA,2022-10-01,22.25,80.5,12.35,18.216666666666665,10.216666666666667,7.683333333333334,161.28333333333333
Mozambique,MZ,2020-02-01,-4.3238095238095235,-3.238095238095238,-3.7755102040816326,-1.7362637362637363,12.735507246376812,-2.515463917525773,39.62068965517241
Mozambique,MZ,2020-03-01,-6.710407239819005,-4,-7.114285714285714,-8.892307692307693,13.37673611111111,-0.6868686868686869,55.32203389830509
Mozambique,MZ,2020-04-01,-25.17180616740088,-16.909523809523808,-26.07335907335907,-33.298701298701296,-8.429780033840947,12.717557251908397,132.34234234234233
Mozambique,MZ,2020-05-01,-17.387665198237887,-3.506912442396313,-25.104477611940297,-28.82905982905983,0.5546075085324232,10.92142857142857,96.16949152542372
Mozambique,MZ,2020-06-01,-15.013636363636364,-2.757142857142857,-24.2078431372549,-28.829787234042552,1.8577844311377245,10.345323741007194,91.52631578947368
Mozambique,MZ,2020-07-01,-10.471111111111112,0.0783410138248848,-20.484251968503937,-28.677551020408163,2.3333333333333335,8.973154362416107,79.73333333333333
Mozambique,MZ,2020-08-01,-6.804195804195804,3.914285714285714,-16.489795918367346,-22.986754966887418,3.365432098765432,5.915032679738562,62.73684210526316
Mozambique,MZ,2020-09-01,-10.36046511627907,-9.096774193548388,-13.852272727272727,-22.35632183908046,-7.675196850393701,6.103225806451613,75.25882352941177
Mozambique,MZ,2020-10-01,-15.789915966386555,-6.306603773584905,-22.89818181818182,-23.75409836065574,-9.645637583892617,1.831858407079646,76.76666666666667
Mozambique,MZ,2020-11-01,-13.248908296943231,-6.188405797101449,-19.89068825910931,-20.733905579399142,-6.107042253521127,0.6559633027522935,65.97391304347826
Mozambique,MZ,2020-12-01,-10.665217391304347,3.516279069767442,-6.970954356846473,-15.255506607929515,-13.374496644295302,2.009132420091324,80.64406779661017
Mozambique,MZ,2021-01-01,-25.68548387096774,-16.09722222222222,-25.319148936170212,-40.6937984496124,-22.555256064690028,5.21078431372549,124.34453781512605
Mozambique,MZ,2021-02-01,-27.72398190045249,-12.895833333333334,-29.81782945736434,-40.02164502164502,-27.57956204379562,4.336956521739131,128.7037037037037
Mozambique,MZ,2021-03-01,-17.574660633484164,-0.6372093023255814,-20.0703125,-32.57081545064378,-17.873517786561266,-0.9166666666666666,87.075
Mozambique,MZ,2021-04-01,-11.625,4.086124401913875,-19.234126984126984,-30.756756756756758,-12.20027816411683,-0.8454106280193237,82.99137931034483
Mozambique,MZ,2021-05-01,0.9488372093023256,19.129032258064516,-9.892857142857142,-25.880184331797235,-0.8173076923076923,-3.4471153846153846,83.87394957983193
Mozambique,MZ,2021-06-01,9.280788177339902,25.561904761904763,-3.8464912280701755,-23.004716981132077,3.6864406779661016,-5.857142857142857,94.64957264957265
Mozambique,MZ,2021-07-01,4.136792452830188,24.623255813953488,-11.74,-23.04700854700855,1,-1.948356807511737,73.01666666666667
Mozambique,MZ,2021-08-01,2.9134615384615383,25.202764976958527,-10.668016194331983,-22.013215859030836,0.9766483516483516,-1.4644549763033174,73.07627118644068
Mozambique,MZ,2021-09-01,11.158415841584159,32.33971291866029,-5.103896103896104,-19.79090909090909,5.116312056737589,-4.574766355140187,96.17543859649123
Mozambique,MZ,2021-10-01,16.49047619047619,36.24186046511628,-6.465587044534413,-15.894736842105264,9.474789915966387,-5.753554502369668,105.70175438596492
Mozambique,MZ,2021-11-01,20.502487562189053,42.70192307692308,-3.240343347639485,-11.37560975609756,15.27116212338594,-7.408256880733945,116.5229357798165
Mozambique,MZ,2021-12-01,23.08542713567839,48.63720930232558,-0.49583333333333335,-18.34433962264151,3.4393939393939394,-4.719827586206897,132.72413793103448
Mozambique,MZ,2022-01-01,16.607655502392344,35.46976744186046,-1.0680851063829786,-23.83478260869565,6.313642756680731,0.4778761061946903,109.24369747899159
Mozambique,MZ,2022-02-01,26.162011173184357,44.15544041450777,8.161137440758294,-19.512437810945272,24.73851030110935,0.78125,130.18
Mozambique,MZ,2022-03-01,51.97452229299363,65.72727272727273,64.62254901960785,-5.720670391061453,57.845454545454544,8.509803921568627,266.44117647058823
Mozambique,MZ,2022-04-01,54.59090909090909,70.16831683168317,62.05365853658537,1.811764705882353,58.6031746031746,11.882352941176471,290.4466019417476
Mozambique,MZ,2022-05-01,57.901315789473685,74.57487922705315,67.06565656565657,4.7023809523809526,64.13084112149532,10.846774193548388,300.6530612244898
Mozambique,MZ,2022-06-01,56.07006369426752,75.95049504950495,66.14572864321607,7.345679012345679,70.29299363057325,11.439516129032258,311.4646464646465
Mozambique,MZ,2022-07-01,54.67080745341615,71.43062200956938,66.2621359223301,3.386904761904762,67.41574803149607,12.796680497925312,302.6530612244898
Mozambique,MZ,2022-08-01,65.25342465753425,81.56459330143541,81.6,7.2073170731707314,73.19565217391305,13.601593625498008,341.55670103092785
Mozambique,MZ,2022-09-01,64.5104895104895,73.8019801980198,76.46486486486486,1.9329268292682926,67,11.37295081967213,326.5578947368421
Mozambique,MZ,2022-10-01,63.5945945945946,72.64356435643565,76.40217391304348,-0.75,66.53770491803279,11.743589743589743,324.54347826086956
Myanmar (Burma),MM,2020-02-01,-1.4222222222222223,2.888888888888889,-1.5777777777777777,-1.5777777777777777,5.155555555555556,1.511111111111111,18.88888888888889
Myanmar (Burma),MM,2020-03-01,-11.35483870967742,-0.23655913978494625,-7.666666666666667,-6.903225806451613,-5.301075268817204,5.344086021505376,61.086021505376344
Myanmar (Burma),MM,2020-04-01,-65.84444444444445,-49.01111111111111,-43.84444444444444,-61.43333333333333,-50.166666666666664,24.08888888888889,294.3888888888889
Myanmar (Burma),MM,2020-05-01,-49.86021505376344,-30.78494623655914,-35.903225806451616,-46.935483870967744,-28.50537634408602,17.56989247311828,209.55913978494624
Myanmar (Burma),MM,2020-06-01,-23.988888888888887,-10.522222222222222,-23.822222222222223,-25.27777777777778,-14.322222222222223,11.188888888888888,109.41111111111111
Myanmar (Burma),MM,2020-07-01,-13.731182795698924,-1.7634408602150538,-16.408602150537636,-16.591397849462364,-14.89247311827957,10.129032258064516,78.0752688172043
Myanmar (Burma),MM,2020-08-01,-12.21505376344086,0.3978494623655914,-16.205128205128204,-14.364705882352942,-12.526881720430108,10.161290322580646,71.07692307692308
Myanmar (Burma),MM,2020-09-01,-46.68888888888889,-31.322222222222223,-33.225,-47.92045454545455,-34.53333333333333,24.211111111111112,229.275
Myanmar (Burma),MM,2020-10-01,-61.12903225806452,-37.54838709677419,-43.204301075268816,-57.60215053763441,-50.44086021505376,29.344086021505376,279.26881720430106
Myanmar (Burma),MM,2020-11-01,-50.3,-26.788888888888888,-29.755555555555556,-45.24444444444445,-38.733333333333334,24.044444444444444,214.86666666666667
Myanmar (Burma),MM,2020-12-01,-49.32258064516129,-24.13978494623656,-29.13978494623656,-38.30107526881721,-36.25806451612903,24.580645161290324,202.40860215053763
Myanmar (Burma),MM,2021-01-01,-39.39784946236559,-18.419354838709676,-27.462365591397848,-33.02150537634409,-31.182795698924732,18.78494623655914,168.29032258064515
Myanmar (Burma),MM,2021-02-01,-48.404761904761905,-31.654761904761905,-33.69047619047619,-46.51190476190476,-50.916666666666664,17.321428571428573,232.07142857142858
Myanmar (Burma),MM,2021-03-01,-71.10752688172043,-59.344086021505376,-66.54838709677419,-73.39784946236558,-67.94623655913979,24.258064516129032,362.60215053763443
Myanmar (Burma),MM,2021-04-01,-75.2,-67.25555555555556,-75.24444444444444,-79.16666666666667,-69.06666666666666,22.633333333333333,388.56666666666666
Myanmar (Burma),MM,2021-05-01,-54.666666666666664,-37.59139784946237,-44.87096774193548,-53.215053763440864,-48.54838709677419,15.946236559139784,254.83870967741936
Myanmar (Burma),MM,2021-06-01,-44.855555555555554,-23.466666666666665,-30.877777777777776,-41.91111111111111,-37.37777777777778,15.61111111111111,194.1
Myanmar (Burma),MM,2021-07-01,-63.344086021505376,-39.18279569892473,-46.54838709677419,-59.483870967741936,-58.645161290322584,26.989247311827956,294.19354838709677
Myanmar (Burma),MM,2021-08-01,-62.344086021505376,-37.8494623655914,-44.376344086021504,-58.02150537634409,-56.795698924731184,26.892473118279568,286.2795698924731
Myanmar (Burma),MM,2021-09-01,-51.34444444444444,-27.711111111111112,-33.34444444444444,-50.1,-46.28888888888889,22.166666666666668,231.35555555555555
Myanmar (Burma),MM,2021-10-01,-41.645161290322584,-16.86021505376344,-20.795698924731184,-42.61290322580645,-42.12903225806452,19.365591397849464,190.65591397849462
Myanmar (Burma),MM,2021-11-01,-34.03333333333333,-8.911111111111111,-12.3,-34.111111111111114,-36.333333333333336,17.755555555555556,157.77777777777777
Myanmar (Burma),MM,2021-12-01,-32.98924731182796,-8.21505376344086,-14.258064516129032,-37.096774193548384,-26.526881720430108,17.344086021505376,148.98924731182797
Myanmar (Burma),MM,2022-01-01,-31.537634408602152,-9.376344086021506,-12.827956989247312,-37.053763440860216,-19.462365591397848,16.161290322580644,137.752688172043
Myanmar (Burma),MM,2022-02-01,-34.964285714285715,-15.119047619047619,-16.428571428571427,-42.29761904761905,-21.797619047619047,19.023809523809526,156.08333333333334
Myanmar (Burma),MM,2022-03-01,-28.849462365591396,-7.548387096774194,14.473118279569892,-30.473118279569892,-13.301075268817204,19.204301075268816,129.3763440860215
Myanmar (Burma),MM,2022-04-01,-29.444444444444443,-8.455555555555556,19.366666666666667,-30.18888888888889,-22.5,19.366666666666667,149.2111111111111
Myanmar (Burma),MM,2022-05-01,-22.29032258064516,-0.3333333333333333,21.763440860215052,-24.623655913978496,-9.53763440860215,18.118279569892472,113.29032258064517
Myanmar (Burma),MM,2022-06-01,-19.011111111111113,4.855555555555555,22.92222222222222,-22.444444444444443,-2.933333333333333,19.3,109.04444444444445
Myanmar (Burma),MM,2022-07-01,-18.268817204301076,5.419354838709677,22.655913978494624,-22.763440860215052,-0.7311827956989247,20.462365591397848,113.16129032258064
Myanmar (Burma),MM,2022-08-01,-16.268817204301076,7.333333333333333,21.451612903225808,-24.225806451612904,5.021505376344086,22.0752688172043,115.34408602150538
Myanmar (Burma),MM,2022-09-01,-14.1,9.822222222222223,24.72222222222222,-23.511111111111113,5.144444444444445,20.977777777777778,115.81111111111112
Myanmar (Burma),MM,2022-10-01,-8.466666666666667,16.066666666666666,37.2,-18.31111111111111,-2.533333333333333,18.42222222222222,121.44444444444444
Namibia,NA,2020-02-01,-3.088888888888889,-3.7413793103448274,0.45454545454545453,-5.733333333333333,7.243243243243243,-0.46153846153846156,38.93103448275862
Namibia,NA,2020-03-01,-13.172043010752688,-5.042016806722689,-12.208791208791208,-20.516129032258064,-5.4025423728813555,4.531645569620253,83.94736842105263
Namibia,NA,2020-04-01,-53.536842105263155,-33.15384615384615,-47.6,-75.35,-44.189516129032256,24.517857142857142,280.4230769230769
Namibia,NA,2020-05-01,-24.489583333333332,-6.369747899159663,-21.817204301075268,-56.193548387096776,-18.76050420168067,11.905405405405405,147.10526315789474
Namibia,NA,2020-06-01,-21.211111111111112,-6.043103448275862,-23.42222222222222,-52.75,-3.167381974248927,10.846153846153847,111.03571428571429
Namibia,NA,2020-07-01,-18.1875,-4.533333333333333,-22.27956989247312,-49.91935483870968,-4.921810699588478,10,105.25862068965517
Namibia,NA,2020-08-01,-22.078125,-6.697368421052632,-24.104166666666668,-52.375,-12.45138888888889,12.584415584415584,122.93103448275862
Namibia,NA,2020-09-01,-19.356164383561644,-7.344827586206897,-18.50877192982456,-46.525,-9.43859649122807,8.65,107.70270270270271
Namibia,NA,2020-10-01,-14.364583333333334,-1.9327731092436975,-17.066666666666666,-36.54838709677419,-7.172839506172839,3.1797752808988764,86.71186440677967
Namibia,NA,2020-11-01,-9.347826086956522,2.2212389380530975,-16.79310344827586,-30.166666666666668,-7.108695652173913,1.9529411764705882,73.36363636363636
Namibia,NA,2020-12-01,-6.157894736842105,10.22689075630252,-2.891566265060241,-32.79032258064516,-26.53012048192771,2.7752808988764044,110.15254237288136
Namibia,NA,2021-01-01,-22.642105263157895,-7.933333333333334,-18.698924731182796,-39.096774193548384,-26.983471074380166,3.022727272727273,130.81666666666666
Namibia,NA,2021-02-01,-16.166666666666668,-1.3888888888888888,-23.325842696629213,-33.660714285714285,-16.986363636363638,-6.4875,94.76923076923077
Namibia,NA,2021-03-01,-7.885416666666667,7.533333333333333,-19.43877551020408,-28.258064516129032,-14.8714859437751,-8.235955056179776,83.20689655172414
Namibia,NA,2021-04-01,-3.9263157894736844,15.28448275862069,-19.726315789473684,-23.116666666666667,-13.145228215767634,-7.337209302325581,87
Namibia,NA,2021-05-01,2.9166666666666665,24.07563025210084,-14.789473684210526,-18.403225806451612,-17.90909090909091,-5.136363636363637,90.45614035087719
Namibia,NA,2021-06-01,-3.4782608695652173,23.17241379310345,-20.38888888888889,-25.316666666666666,-9.614406779661017,-1.7906976744186047,94.07142857142857
Namibia,NA,2021-07-01,-8.1875,23.058333333333334,-22.849462365591396,-29.967741935483872,-18.21951219512195,0.47191011235955055,101.91379310344827
Namibia,NA,2021-08-01,6,34.714285714285715,-10.954545454545455,-15.338709677419354,-3.7637130801687766,-6.488636363636363,82.98245614035088
Namibia,NA,2021-09-01,13.802197802197803,41.17391304347826,-7.162790697674419,-2.75,8.39655172413793,-9.232558139534884,94.14285714285714
Namibia,NA,2021-10-01,21.376344086021504,47.87394957983193,-1.9775280898876404,7.82258064516129,11.305309734513274,-10.363636363636363,117.26315789473684
Namibia,NA,2021-11-01,23.866666666666667,47.474137931034484,2.011627906976744,19.15,13.035242290748899,-10.848837209302326,130.66071428571428
Namibia,NA,2021-12-01,24.9247311827957,49.17948717948718,6.194805194805195,-2.370967741935484,-17.110204081632652,-5.932584269662922,139.4915254237288
Namibia,NA,2022-01-01,17.180851063829788,38.90677966101695,-5.341176470588235,1.3387096774193548,6.732456140350878,-2.965909090909091,101.91228070175438
Namibia,NA,2022-02-01,23.632183908045977,43.55555555555556,-3.6125,18.5,25.673076923076923,-3.275,131.69230769230768
Namibia,NA,2022-03-01,30.817204301075268,47.525,21.988235294117647,34.54838709677419,38.58371040723982,5.674157303370786,193.56896551724137
Namibia,NA,2022-04-01,31.582417582417584,51.71551724137931,30.555555555555557,33.8,36.51690821256039,8.372093023255815,216.60714285714286
Namibia,NA,2022-05-01,26.21505376344086,49.252100840336134,21.270588235294117,23.306451612903224,24.63425925925926,11.852272727272727,183.47368421052633
Namibia,NA,2022-06-01,28,52.61206896551724,27.012345679012345,29.783333333333335,37,10.837209302325581,189.10714285714286
Namibia,NA,2022-07-01,32.666666666666664,56.69747899159664,35.36708860759494,38.82258064516129,36.77777777777778,9.863636363636363,213.21052631578948
Namibia,NA,2022-08-01,33.086021505376344,55.61344537815126,43.10666666666667,43.435483870967744,44.93427230046948,11.348314606741573,237.56896551724137
Namibia,NA,2022-09-01,33.5,55.491379310344826,46.85333333333333,50.06666666666667,50.372549019607845,8.372093023255815,249.2
Namibia,NA,2022-10-01,40.17777777777778,60.55172413793103,51.44117647058823,51.06666666666667,44.19607843137255,7.837209302325581,259.7142857142857
Nepal,NP,2020-02-01,3.3333333333333335,4.133333333333334,2.4,3.8666666666666667,2.7333333333333334,0.2,25.466666666666665
Nepal,NP,2020-03-01,-21.870967741935484,-14.32258064516129,-14.96774193548387,-18.483870967741936,-18.612903225806452,8.161290322580646,120.03225806451613
Nepal,NP,2020-04-01,-76.43333333333334,-65.33333333333333,-51.46666666666667,-70.5,-65.93333333333334,23.9,353.56666666666666
Nepal,NP,2020-05-01,-69.48387096774194,-54.064516129032256,-44.32258064516129,-61.54838709677419,-54.03225806451613,20.35483870967742,303.80645161290323
Nepal,NP,2020-06-01,-48.4,-29.666666666666668,-30.2,-45.333333333333336,-34.06666666666667,14.233333333333333,201.9
Nepal,NP,2020-07-01,-30.258064516129032,-15,-22.29032258064516,-32.58064516129032,-21.548387096774192,10.419354838709678,132.09677419354838
Nepal,NP,2020-08-01,-47.83870967741935,-32.645161290322584,-32.774193548387096,-44.58064516129032,-36.225806451612904,15.64516129032258,209.70967741935485
Nepal,NP,2020-09-01,-44.266666666666666,-29.4,-26.433333333333334,-35.266666666666666,-29.966666666666665,13.733333333333333,179.06666666666666
Nepal,NP,2020-10-01,-33.32258064516129,-5.645161290322581,-14.35483870967742,-16.580645161290324,-27.741935483870968,9.580645161290322,111.09677419354838
Nepal,NP,2020-11-01,-27.966666666666665,-2.566666666666667,-10.266666666666667,-9.166666666666666,-21.666666666666668,8.966666666666667,84.46666666666667
Nepal,NP,2020-12-01,-19.129032258064516,8.35483870967742,5.548387096774194,9.774193548387096,-9.483870967741936,7.032258064516129,60.67741935483871
Nepal,NP,2021-01-01,-17.193548387096776,8.870967741935484,3.6774193548387095,9.129032258064516,-6.483870967741935,5.225806451612903,54.645161290322584
Nepal,NP,2021-02-01,-8.857142857142858,22.285714285714285,9.5,13.928571428571429,-3.4285714285714284,1.7142857142857142,64.78571428571429
Nepal,NP,2021-03-01,-0.22580645161290322,37.61290322580645,19.548387096774192,26.612903225806452,-0.6129032258064516,0.7741935483870968,95.83870967741936
Nepal,NP,2021-04-01,2.6666666666666665,48.4,21.333333333333332,28.566666666666666,-1.1666666666666667,2,124.93333333333334
Nepal,NP,2021-05-01,-60.903225806451616,-28.387096774193548,-36.41935483870968,-49.87096774193548,-54.67741935483871,20.774193548387096,251.03225806451613
Nepal,NP,2021-06-01,-40.53333333333333,-0.3333333333333333,-15.3,-31.266666666666666,-40.96666666666667,13.366666666666667,155.1
Nepal,NP,2021-07-01,0.06451612903225806,50.096774193548384,16.612903225806452,12.32258064516129,-18.419354838709676,5.806451612903226,113
Nepal,NP,2021-08-01,10.419354838709678,61.903225806451616,31.903225806451612,23.774193548387096,-8.870967741935484,5.193548387096774,142.4516129032258
Nepal,NP,2021-09-01,23.5,80.06666666666666,46.666666666666664,37.833333333333336,1.5666666666666667,2.466666666666667,196.1
Nepal,NP,2021-10-01,30.419354838709676,94.6774193548387,65.09677419354838,51.806451612903224,-7.580645161290323,-0.0967741935483871,263.5483870967742
Nepal,NP,2021-11-01,42.46666666666667,106.2,81.13333333333334,63.53333333333333,2.1333333333333333,0,310.26666666666665
Nepal,NP,2021-12-01,44.193548387096776,101.25806451612904,77.64516129032258,66.45161290322581,26.193548387096776,0.967741935483871,316.9032258064516
Nepal,NP,2022-01-01,29.032258064516128,85.19354838709677,67.83870967741936,51.12903225806452,18.096774193548388,5.580645161290323,256.8709677419355
Nepal,NP,2022-02-01,39.42857142857143,95.32142857142857,80.82142857142857,61.42857142857143,24.75,3.892857142857143,306.14285714285717
Nepal,NP,2022-03-01,45.064516129032256,103.06451612903226,127.70967741935483,78.29032258064517,34.67741935483871,5.612903225806452,397.4516129032258
Nepal,NP,2022-04-01,50.166666666666664,109.2,143.16666666666666,87.7,38.2,4.766666666666667,435.46666666666664
Nepal,NP,2022-05-01,45,102.06451612903226,144.48387096774192,78.70967741935483,25.93548387096774,5.419354838709677,408.19354838709677
Nepal,NP,2022-06-01,46.46666666666667,98.26666666666667,134.73333333333332,80.26666666666667,41.5,6,407.23333333333335
Nepal,NP,2022-07-01,43.61290322580645,94.29032258064517,124.16129032258064,72.29032258064517,43.25806451612903,7.354838709677419,384.96774193548384
Nepal,NP,2022-08-01,46.25806451612903,100.70967741935483,132.96774193548387,75.3225806451613,38.83870967741935,8.580645161290322,404.03225806451616
Nepal,NP,2022-09-01,48,102.9,124.73333333333333,70.76666666666667,40.8,7.9,395.1
Nepal,NP,2022-10-01,35.46666666666667,103.6,138.53333333333333,63.06666666666667,-5.533333333333333,8,385.26666666666665
Netherlands,NL,2020-02-01,2.0052724077328645,0.8852504897844948,-2.147482014388489,-6.228940929744844,-10.050022133687472,1.5494276795005202,51.58480176211454
Netherlands,NL,2020-03-01,-22.443498452012385,-0.19814198557958954,4.146731054977712,-33.91166353971232,-23.619302949061662,8.336942318461826,129.13050752928052
Netherlands,NL,2020-04-01,-37.353683492496586,-10.037953091684434,17.406510851419032,-51.29079981507166,-45.34525036060169,15.987636363636364,219.86426767676767
Netherlands,NL,2020-05-01,-23.18104280656582,0.39037581472749966,46.53811659192825,-41.62825572217837,-34.91403768791022,11.695240146457031,198.12427559562138
Netherlands,NL,2020-06-01,-2.9854698094930576,2.9218816216979797,68.7409381663113,-34.2437194127243,-23.81066460587326,7.841461153346931,178.90340136054422
Netherlands,NL,2020-07-01,8.651240675901963,2.565041199513711,97.95127610208817,-32.05115616091226,-28.95214060387562,6.178840361445783,204.5850104094379
Netherlands,NL,2020-08-01,2.3816326530612244,-0.9582366589327146,120.1860718171926,-35.54354838709678,-34.417032967032966,6.248587570621469,233.6981627296588
Netherlands,NL,2020-09-01,1.5537600994406464,-1.8705691715616772,77.67707539984768,-24.727919247533837,-18.378914278805464,4.604451510333863,156.95996275605214
Netherlands,NL,2020-10-01,-16.641399000713776,-3.3657534246575342,23.344072697232548,-37.040672782874616,-21.86849932401983,9.12077356557377,139.05329153605015
Netherlands,NL,2020-11-01,-22.53934191702432,-2.383006347374495,6.8163030998851895,-38.56635071090047,-18.52500703762785,9.526287553648068,131.4925219185147
Netherlands,NL,2020-12-01,-36.44216417910448,-1.6781514902925896,-10.855742296918768,-48.67198711377947,-32.706500445235974,12.885379969803724,174.3877551020408
Netherlands,NL,2021-01-01,-55.15392962331421,-12.453082003302146,-5.1315880124009645,-52.105754968851976,-30.795929493003815,13.887845452106252,198.906502135738
Netherlands,NL,2021-02-01,-46.67689655172414,-3.29666311138199,22.944818304172273,-46.909301939976785,-29.609700229060852,13.036576653807687,203.74186046511628
Netherlands,NL,2021-03-01,-34.440502014254726,2.664882667764512,23.112219451371573,-38.98283907872949,-21.628699551569508,10.248468941382328,164.5172972972973
Netherlands,NL,2021-04-01,-27.989341692789967,6.103379152348224,51.0749632533072,-34.976247793291606,-24.664186046511627,10.045324303203959,183.82635094110503
Netherlands,NL,2021-05-01,-6.850304069858101,11.89281625643961,72.62230215827338,-29.11480460515648,-23.794320374965537,8.319457252008958,178.0297213622291
Netherlands,NL,2021-06-01,6.327037152669372,16.377659574468087,98.05086774386595,-21.555928787369837,-14.050548225236945,4.439300411522634,179.82560553633218
Netherlands,NL,2021-07-01,11.682345936290563,14.374433612522312,103.16237850200115,-25.275572765408196,-23.10437680115274,4.898384840391708,192.92749836708035
Netherlands,NL,2021-08-01,14.311980289497997,12.837845499645642,105.3069821119446,-27.552965761131652,-32.98023572076156,5.874357656731758,207.16026490066224
Netherlands,NL,2021-09-01,8.822083078802688,13.04931899641577,86.3998871968415,-11.62051193952929,-17.824981440237565,2.917748361393137,154.7516339869281
Netherlands,NL,2021-10-01,2.9136763222366335,10.061616020165243,44.0531208499336,-22.21056897390177,-19.10279268625489,4.055555555555555,116.24846454494696
Netherlands,NL,2021-11-01,-4.229088168801809,11.736849628359062,14.421454399357172,-28.43536761172513,-19.38665683744932,6.491309987029831,104.34759916492693
Netherlands,NL,2021-12-01,-24.504821674575233,13.089043906442347,-7.035161744022504,-39.23201545778835,-29.291083141287007,10.314030900640622,147.36633663366337
Netherlands,NL,2022-01-01,-31.102459658467804,2.982586715348968,1.1588884930530816,-40.470391231542095,-26.025826259707422,10.122126245847175,145.3410093091622
Netherlands,NL,2022-02-01,-10.051986267778323,4.844652735095267,6.148042414355628,-33.90294715447155,-20.87802208735449,7.011021619330225,115.12276906435912
Netherlands,NL,2022-03-01,-2.2619599884024355,4.742904381372279,26.00995024875622,-27.79163439194423,-17.878129175946547,4.494175960346964,103.55297157622739
Netherlands,NL,2022-04-01,3.7180915111378687,11.052004022410573,42.469569288389515,-22.16853747111258,-19.7917713860188,3.4002903523822092,124.37785388127854
Netherlands,NL,2022-05-01,8.478614457831325,14.146882151029748,59.9940682155215,-18.88883471477328,-18.409803388601976,1.8801469656657799,133.6787595084845
Netherlands,NL,2022-06-01,8.13272978364278,15.319303338171263,65.17594064652889,-17.07986577181208,-16.205386893743057,1.475922131147541,137.3553516819572
Netherlands,NL,2022-07-01,7.3472348141432455,15.309571144561204,72.50128799587841,-22.005548302872064,-22.236822973464196,3.1462041884816756,158.51657625075347
Netherlands,NL,2022-08-01,7.995232236235005,14.892962910731914,91.67353760445683,-26.569402867496454,-32.88673196794301,5.29921456177534,192.85427135678393
Netherlands,NL,2022-09-01,2.3183187707140704,15.27527600232423,42.818652849740936,-17.12272499582568,-17.59483715766099,2.190451745379877,120.78050171037629
Netherlands,NL,2022-10-01,2.0496600650310377,16.78409750435287,34.28947368421053,-16.161301253812265,-12.972607879924952,2.5461663066954645,102.53414096916299
New Zealand,NZ,2020-02-01,0.6078431372549019,1.6705882352941177,-6.785714285714286,6.775,12.856573705179283,-0.9491525423728814,47.34965034965035
New Zealand,NZ,2020-03-01,-24.381404174573056,-7.827324478178368,-32.1868978805395,-21.87272727272727,-6.023121387283237,6.514450867052023,132.43598615916954
New Zealand,NZ,2020-04-01,-89.44863731656184,-41.83849557522124,-74.14173228346456,-81.54629629629629,-60.98039215686274,28.657894736842106,370.07251908396944
New Zealand,NZ,2020-05-01,-49.568548387096776,-19.172995780590718,-48.9146110056926,-50.66571428571429,-17.683301343570058,13.10919540229885,196.84488448844886
New Zealand,NZ,2020-06-01,-16.024896265560166,-12.309322033898304,-44.66274509803922,-33.96096096096096,-0.08946322067594434,6.352112676056338,114.39115646258503
New Zealand,NZ,2020-07-01,-8.565965583173996,-9.36196319018405,-37.627376425855516,-23.64306784660767,-2.9021113243762,4.888888888888889,84.25
New Zealand,NZ,2020-08-01,-12.544,-9.477272727272727,-22.534246575342465,-31.491525423728813,-3.0224438902743143,5.741046831955923,94.32352941176471
New Zealand,NZ,2020-09-01,-4.875609756097561,-5.718918918918919,-14.068527918781726,-30.085271317829456,-1.338785046728972,3.318421052631579,75.52966101694915
New Zealand,NZ,2020-10-01,0.4838095238095238,-3.4523809523809526,-10.326732673267326,-25.892441860465116,-2.7801147227533463,2.378021978021978,74.11044776119402
New Zealand,NZ,2020-11-01,0.6823529411764706,-3.348314606741573,-14.230142566191446,-26.53012048192771,3.0778443113772456,1.9634703196347032,73.6687306501548
New Zealand,NZ,2020-12-01,9.703632887189293,3.848684210526316,-1.502970297029703,-25.75287356321839,-11.803846153846154,3.2757111597374178,109.80473372781066
New Zealand,NZ,2021-01-01,1.2241379310344827,-1.890625,9.637623762376238,-30.60339943342776,-15.207692307692307,4.863534675615212,93.52478134110787
New Zealand,NZ,2021-02-01,0.6173361522198731,0.36117936117936117,0.8387799564270152,-29.257861635220127,-1.4541577825159915,2.290243902439024,81.1741935483871
New Zealand,NZ,2021-03-01,2.5619047619047617,2.5164835164835164,-9.24361493123772,-27.777142857142856,6.51252408477842,2.0782608695652174,79.27485380116958
New Zealand,NZ,2021-04-01,7.651485148514851,3.0588235294117645,-6.016427104722792,-27.912280701754387,-6.029761904761905,3.938775510204082,98.74474474474475
New Zealand,NZ,2021-05-01,7.796190476190477,6.854663774403471,-18.80392156862745,-26.95702005730659,9.373795761078998,2.9844444444444442,88.02949852507375
New Zealand,NZ,2021-06-01,7.834645669291339,8.548314606741574,-23.771255060728745,-31.51622418879056,5.7896825396825395,4.221218961625282,99.30211480362537
New Zealand,NZ,2021-07-01,10.495256166982923,10.10752688172043,-20.204678362573098,-28.954802259887007,3.0917782026768643,4.596916299559472,96.17101449275363
New Zealand,NZ,2021-08-01,-32.31679389312977,0.7489270386266095,-40.622823984526114,-50.836309523809526,-21.44465648854962,14.915525114155251,194.25460122699386
New Zealand,NZ,2021-09-01,-17.416161616161617,8.256696428571429,-34.052313883299796,-50.876106194690266,-6.725838264299803,11.292237442922374,152.97878787878787
New Zealand,NZ,2021-10-01,2.6266666666666665,14.296875,-16.893909626719058,-44.20821114369502,-4.421455938697318,7.471111111111111,128.3081570996979
New Zealand,NZ,2021-11-01,7.4302554027504915,16.205069124423964,-13.677551020408163,-36.74074074074074,5.387351778656127,4.8690744920993225,109.02215189873418
New Zealand,NZ,2021-12-01,16.911368015414258,25.03181818181818,-5.388560157790927,-31.794642857142858,-9.34351145038168,5.65934065934066,142.40625
New Zealand,NZ,2022-01-01,10.429400386847195,22.484018264840184,18.390438247011954,-28.774774774774773,-13.184615384615384,6.333333333333333,119.99371069182389
New Zealand,NZ,2022-02-01,2.4694736842105263,17.337468982630273,-11.550438596491228,-34.98019801980198,-0.00426439232409382,5.900243309002433,100.16382252559727
New Zealand,NZ,2022-03-01,-6.544592030360532,9.751101321585903,-14.949416342412452,-41.91988130563798,0.19923371647509577,7.997792494481236,100.56534954407294
New Zealand,NZ,2022-04-01,2.2114624505928853,8.136363636363637,-6.977822580645161,-33.77469135802469,-9.009920634920634,7.2626728110599075,111.73566878980891
New Zealand,NZ,2022-05-01,3.0836501901140685,9.457883369330453,-18.411417322834644,-28.942598187311177,7.266794625719769,4.986813186813187,89.92546583850931
New Zealand,NZ,2022-06-01,2.72244094488189,9.573660714285714,-23.096969696969698,-31.0527950310559,0.37549407114624506,6.655328798185941,100.3258785942492
New Zealand,NZ,2022-07-01,2.6007604562737643,9.025641025641026,-24.848837209302324,-30.337349397590362,0.24329501915708812,7.2825112107623315,95.81987577639751
New Zealand,NZ,2022-08-01,4.716730038022813,12.60813704496788,-15.567193675889328,-24.966666666666665,8.879541108986615,6.47032967032967,90.96894409937889
New Zealand,NZ,2022-09-01,9.06483300589391,14.877232142857142,-12.955284552845528,-24.4576802507837,7.201581027667984,4.368778280542986,94.0032154340836
New Zealand,NZ,2022-10-01,13.15748031496063,15.579908675799087,-7.2,-22.58125,-0.39920948616600793,4.622119815668203,87.58064516129032
Nicaragua,NI,2020-02-01,-1.5912408759124088,-0.20437956204379562,-1.1609756097560975,0.8240740740740741,10.411764705882353,-0.6237623762376238,26.593406593406595
Nicaragua,NI,2020-03-01,-17.286195286195287,-5.086505190311419,-11.376168224299066,-10.665236051502147,4.533206831119545,2.6010362694300517,62.848314606741575
Nicaragua,NI,2020-04-01,-33.75796178343949,-19.046511627906977,-22.306413301662708,-29.286956521739132,-16.125,9.658064516129032,127.22448979591837
Nicaragua,NI,2020-05-01,-37.422492401215806,-19.852564102564102,-29.29612756264237,-36.0395256916996,-13.6,12.629139072847682,158.1818181818182
Nicaragua,NI,2020-06-01,-38.01577287066246,-20.248344370860927,-32.985915492957744,-41.093023255813954,-19.227871939736346,13.420689655172414,161.67586206896553
Nicaragua,NI,2020-07-01,-28.860681114551085,-14.347540983606557,-23.784222737819025,-32.43265306122449,-18.523809523809526,11.13125,122.825
Nicaragua,NI,2020-08-01,-22.80094786729858,-9.844221105527637,-18.47037037037037,-29.737430167597765,-15.28923076923077,8.403846153846153,100.78688524590164
Nicaragua,NI,2020-09-01,-19.9,-5.888372093023256,-18.277227722772277,-22.047120418848166,-18.232375979112273,7.333333333333333,85.36029411764706
Nicaragua,NI,2020-10-01,-20.402476780185758,-0.6289752650176679,-22.00941176470588,-15.875,-11.275229357798166,5.151898734177215,68.1244019138756
Nicaragua,NI,2020-11-01,-17.21122112211221,-0.04395604395604395,-24.321678321678323,-16.248927038626608,-12.352272727272727,5.643171806167401,69.06
Nicaragua,NI,2020-12-01,-0.6813559322033899,18.53956834532374,-3.4688995215311005,6.4576271186440675,-16.575367647058822,4.628099173553719,83.6952380952381
Nicaragua,NI,2021-01-01,-11.141447368421053,3.892857142857143,-15.311475409836065,-8.262295081967213,-18.37704918032787,3.786324786324786,62.15865384615385
Nicaragua,NI,2021-02-01,-7.7709090909090905,10.823293172690763,-15.425587467362924,-3.6,-12.784708249496981,-3.903930131004367,52.638297872340424
Nicaragua,NI,2021-03-01,-0.44107744107744107,19.225454545454546,-10.470449172576831,6.078512396694215,-9.910091743119265,-5.2518796992481205,68.61244019138756
Nicaragua,NI,2021-04-01,-0.006944444444444442,20.349442379182157,-8.625,7.510822510822511,-9.895437262357415,-3.876923076923077,88.6896551724138
Nicaragua,NI,2021-05-01,9.57679180887372,31.145454545454545,-4.021428571428571,19.138655462184875,-4.359259259259259,-3.2938931297709924,101.4975845410628
Nicaragua,NI,2021-06-01,11.578181818181818,30.06015037593985,-1.980246913580247,13.595744680851064,-2.72,-4.003937007874016,99.3069306930693
Nicaragua,NI,2021-07-01,14.855633802816902,35.537906137184116,-2.238095238095238,10.758196721311476,-10.745421245421245,-2.516,107.21052631578948
Nicaragua,NI,2021-08-01,15.933333333333334,41.13868613138686,-2.353919239904988,11.880658436213992,-3.9124087591240877,-2.7126436781609193,112.31884057971014
Nicaragua,NI,2021-09-01,6.609929078014185,36.274436090225564,-8.137931034482758,3.1923076923076925,-12.601123595505618,1.6470588235294117,98.84653465346534
Nicaragua,NI,2021-10-01,18.56993006993007,44.948905109489054,-1.496437054631829,11.175,-3.1783088235294117,-1.8,118.40096618357488
Nicaragua,NI,2021-11-01,28.865671641791046,52.41353383458647,8.727047146401985,18.085470085470085,-0.2708333333333333,-2.103585657370518,154.35643564356437
Nicaragua,NI,2021-12-01,44.85660377358491,72.50936329588015,22.736972704714642,30.360655737704917,-7.267399267399267,-1.3933823529411764,223.6555023923445
Nicaragua,NI,2022-01-01,31.026119402985074,54.72992700729927,14.404466501240694,18.596707818930042,2.5925925925925926,2.3412698412698414,171.625
Nicaragua,NI,2022-02-01,33.21311475409836,56.248979591836736,14.097560975609756,21.54337899543379,15.125,2.152542372881356,180.3404255319149
Nicaragua,NI,2022-03-01,36.31297709923664,52.324817518248175,32.2,31.86610878661088,29.138461538461538,4.507692307692308,210.4354066985646
Nicaragua,NI,2022-04-01,37.16269841269841,53.91439688715953,42.35263157894737,26.35593220338983,17.076620825147348,6.330578512396694,220.16831683168317
Nicaragua,NI,2022-05-01,37.04545454545455,57.72452830188679,30.143576826196472,26.53941908713693,26.46257197696737,6.192,215.14563106796118
Nicaragua,NI,2022-06-01,33.36923076923077,55.765151515151516,24.72938144329897,21.52542372881356,30.71031746031746,7.221311475409836,202.21782178217822
Nicaragua,NI,2022-07-01,39.291044776119406,59.74349442379182,31.084398976982097,22.012295081967213,20.151051625239006,8.10204081632653,218.3574879227053
Nicaragua,NI,2022-08-01,41.71923076923077,62.11787072243346,39.075129533678755,28.213991769547324,34.38996138996139,8.392712550607287,243.93719806763286
Nicaragua,NI,2022-09-01,39.5390625,59.42412451361868,36.37967914438503,22.423728813559322,27.505905511811022,7.301652892561983,228.97512437810946
Nicaragua,NI,2022-10-01,34.93129770992366,58.4453125,27.55263157894737,17.789915966386555,28.23015873015873,6.512396694214876,225.52
Niger,NE,2020-02-01,0.5555555555555556,2.4444444444444446,-1.1111111111111112,1.7777777777777777,4.549450549450549,-0.3333333333333333,18.355555555555554
Niger,NE,2020-03-01,-8.46236559139785,-2.4516129032258065,-11.08695652173913,-10.67741935483871,0.5159574468085106,2.7311827956989245,54.02173913043478
Niger,NE,2020-04-01,-27.655555555555555,-14.255555555555556,-28.566666666666666,-41.72222222222222,-13.106951871657754,15.966666666666667,150.8
Niger,NE,2020-05-01,-15.408602150537634,-2.5376344086021505,-24.06451612903226,-30.70967741935484,-6.6947368421052635,10.903225806451612,107.66666666666667
Niger,NE,2020-06-01,2.3333333333333335,5.9,-12.067415730337078,-11.433333333333334,-1.0591397849462365,-0.35555555555555557,39.93258426966292
Niger,NE,2020-07-01,0.46236559139784944,3.150537634408602,7.964705882352941,-8.924731182795698,-8.98974358974359,0.9139784946236559,43.92941176470588
Niger,NE,2020-08-01,0.6458333333333334,0.5555555555555556,11.463414634146341,-13.083333333333334,-19.53472222222222,0.6559139784946236,74.02439024390245
Niger,NE,2020-09-01,26.166666666666668,0.9714285714285714,25.833333333333332,21.4,-19.10062893081761,4.044444444444444,114.79166666666667
Niger,NE,2020-10-01,13.978494623655914,5.333333333333333,13.794871794871796,14.89247311827957,-24.933014354066987,-2.075268817204301,89.41025641025641
Niger,NE,2020-11-01,15.044444444444444,7.611111111111111,14.782051282051283,27.033333333333335,-18.57286432160804,-2.6666666666666665,98
Niger,NE,2020-12-01,12.365591397849462,16.43010752688172,18.49367088607595,27.333333333333332,-23.545454545454547,2.10752688172043,114.78481012658227
Niger,NE,2021-01-01,14.516129032258064,16.311827956989248,22.907894736842106,19.86021505376344,-15.088669950738916,1.2365591397849462,103.26315789473684
Niger,NE,2021-02-01,9.773809523809524,-17.666666666666668,1.5454545454545454,4.226190476190476,-30.39344262295082,-4.2592592592592595,155.06060606060606
Niger,NE,2021-03-01,18,-14.21505376344086,-1.7341772151898733,23.680851063829788,-33.12264150943396,-7.408602150537634,177.39240506329114
Niger,NE,2021-04-01,33.5,3.1222222222222222,15.025974025974026,40.044444444444444,-21.718446601941746,-1.1111111111111112,127.36363636363636
Niger,NE,2021-05-01,46.73118279569893,11.89247311827957,33.357142857142854,41.784946236559136,-18.72596153846154,-4.473118279569892,162.44285714285715
Niger,NE,2021-06-01,63.13333333333333,20.07777777777778,50.40983606557377,58.44444444444444,-14.92079207920792,-10.366666666666667,220.59016393442624
Niger,NE,2021-07-01,71.2258064516129,25.655913978494624,47.343283582089555,66.52688172043011,-21.86602870813397,-8.419354838709678,244.16417910447763
Niger,NE,2021-08-01,77.40860215053763,24.27956989247312,41.92424242424242,71.10752688172043,-23.729857819905213,-7.741935483870968,246.93939393939394
Niger,NE,2021-09-01,88.0111111111111,28.844444444444445,47.803030303030305,75.75555555555556,-18.019607843137255,-8.588888888888889,264.74242424242425
Niger,NE,2021-10-01,88.33333333333333,32.44086021505376,45.61764705882353,61.946236559139784,-12.822115384615385,-9.64516129032258,252.05882352941177
Niger,NE,2021-11-01,88.8,29.155555555555555,62.25396825396825,63.06666666666667,-6.792079207920792,-8.833333333333334,267.8888888888889
Niger,NE,2021-12-01,94.26881720430107,37.02150537634409,61.353846153846156,64.36559139784946,1.2537313432835822,-5.989247311827957,284.15384615384613
Niger,NE,2022-01-01,88.81720430107526,34.02150537634409,61.784615384615385,62.204301075268816,14.974093264248705,-1.2365591397849462,283.2153846153846
Niger,NE,2022-02-01,100.45238095238095,36.416666666666664,78.25,77.75,28.882716049382715,2.119047619047619,339.23214285714283
Niger,NE,2022-03-01,126.97849462365592,64.76344086021506,127.8,143.63333333333333,59.878787878787875,15.612903225806452,541.1777777777778
Niger,NE,2022-04-01,106.65555555555555,59.6,124.37254901960785,130.69662921348313,63.00813008130081,24.622222222222224,525.4117647058823
Niger,NE,2022-05-01,115.68817204301075,52.096774193548384,138.0681818181818,134.12222222222223,60.64885496183206,18.258064516129032,532.7272727272727
Niger,NE,2022-06-01,122.41111111111111,57.48888888888889,160.72222222222223,154.08333333333334,60.69230769230769,18.5,585.3333333333334
Niger,NE,2022-07-01,120.6236559139785,59.67741935483871,164.89473684210526,157.5421686746988,42.96376811594203,22.086021505376344,571.1052631578947
Niger,NE,2022-08-01,121.54838709677419,62.43010752688172,177.96969696969697,167.4935064935065,47.12230215827338,24.43010752688172,614.1212121212121
Niger,NE,2022-09-01,125.67777777777778,67.74444444444444,185.88888888888889,177.38235294117646,52.843283582089555,20.61111111111111,639.8148148148148
Niger,NE,2022-10-01,127.26666666666667,68.55555555555556,196.23076923076923,177.25,55.646153846153844,18.8,648.4615384615385
Nigeria,NG,2020-02-01,-1.966994382022472,-3.7344589409056024,-0.7213114754098361,-1.0450819672131149,3.310272536687631,0.37290836653386455,38.59318996415771
Nigeria,NG,2020-03-01,-8.502376103190768,-5.278614457831325,-7.820381572824569,-9.772781065088758,-4.8805256869772995,4.0392,74.51291184327694
Nigeria,NG,2020-04-01,-47.680679405520166,-38.81574239713775,-34.95894554883319,-46.42192307692308,-35.97835071836253,26.073333333333334,258.8623693379791
Nigeria,NG,2020-05-01,-37.119644300727565,-27.80536912751678,-34.095080611823064,-37.700221238938056,-23.607592446892212,21.100531657805703,200.13064133016627
Nigeria,NG,2020-06-01,-23.255118755118755,-15.809284818067754,-26.08944543828265,-27.07793718495541,-11.853666895133653,15.484326710816777,138.62182116488924
Nigeria,NG,2020-07-01,-14.571543408360128,-6.227104722792608,-19.51171011931065,-16.780265654648957,-10.148441209052065,12.532608695652174,108.94045676998368
Nigeria,NG,2020-08-01,-9.483777937995674,-1.5173688100517368,-10.818107667210441,-5.864558472553699,-7.6606120925603385,8.226761150479366,91.12778603268946
Nigeria,NG,2020-09-01,-9.517717717717717,-0.3177762525737818,-10.802117802779616,0.39438856537850714,-9.252640655313645,11.894758228362454,94.34267515923567
Nigeria,NG,2020-10-01,-19.347551342812007,-7.201429209468513,-24.354435831180016,-10.993560606060607,-21.581534583267686,8.174296926095487,131.41123778501628
Nigeria,NG,2020-11-01,-9.609147609147609,-0.45113478462251044,-16.5054787994283,2.4366812227074237,-14.09871104584761,5.1440134907251265,90.0018115942029
Nigeria,NG,2020-12-01,-4.825152129817444,9.644896193771626,-3.5615560640732267,15.062925851703406,-17.611145996860284,9.125082508250825,112.46536412078153
Nigeria,NG,2021-01-01,-9.436407964242179,-0.11378273937312151,-9.651480637813211,3.303472770323599,-16.91760596920146,13.185951815405497,107.6444833625219
Nigeria,NG,2021-02-01,-4.644191343963554,5.076848719188013,-13.241752577319588,6.1149475524475525,-16.01375827237896,6.067349926793558,94.68054211035818
Nigeria,NG,2021-03-01,1.0991803278688523,11.141684665226782,-14.060906515580736,12.873341375150783,-8.708745485947558,5.050338818973863,98.54807692307692
Nigeria,NG,2021-04-01,3.4300937766410913,16.79039497307002,-15.636629322942037,15.194214876033058,-10.016236402013314,6.847011144883485,109.94683776351971
Nigeria,NG,2021-05-01,8.313929313929314,22.99479392624729,-9.55802936996684,18.435835351089587,-5.585299744897959,7.564144736842105,120.1799816345271
Nigeria,NG,2021-06-01,15.866349480968859,28.892635314995562,-2.1133764296369963,22.839746300211416,2.156978653530378,5.885365047902213,126.921875
Nigeria,NG,2021-07-01,20.10517529215359,34.14829226113273,2.116594097726173,27.07949790794979,1.0215896369742523,7.079626047711154,145.6586306653809
Nigeria,NG,2021-08-01,20.034367141659683,32.10271903323263,0.6837029893924783,25.980160405234276,2.616936129342084,8.423761735189382,147.88522954091817
Nigeria,NG,2021-09-01,21.393728222996515,32.01511111111111,0.8393127842344619,26.440104166666668,4.029612377308268,8.335539377895433,152.86929460580913
Nigeria,NG,2021-10-01,24.390149892933618,32.536108751062024,2.25920471281296,27.60271646859083,4.858501208702659,7.421737715587374,161.79402677651905
Nigeria,NG,2021-11-01,28.825475974614687,36.914522459659835,5.363957597173145,30.01937472479084,9.882509127115831,7.2287128712871285,174.24252136752136
Nigeria,NG,2021-12-01,36.66073018699911,47.64456003467707,13.101303911735206,35.39042599912165,3.9460627400768247,8.617786187322611,197.21618743343984
Nigeria,NG,2022-01-01,33.471383506083825,40.91702309666382,14.246145940390544,30.941253836036825,16.497297297297298,13.40453074433657,189.86503719447396
Nigeria,NG,2022-02-01,43.69522832221652,47.85303973192915,23.510300176574457,37.705536501714846,34.99649963154016,15.07107496463932,221.82484472049688
Nigeria,NG,2022-03-01,61.71709531013616,61.989894350022965,53.53763440860215,61.42339832869081,55.43429766469153,24.705225106802498,276.6750629722922
Nigeria,NG,2022-04-01,63.52901554404145,65.33333333333333,57.799194089993286,60.1294498381877,48.03527496382055,29.804370814240396,289.9277419354839
Nigeria,NG,2022-05-01,63.7033855482567,64.90252020922492,59.55878467635403,60.23242274966413,46.78828275741098,28.269035532994923,295.2004950495049
Nigeria,NG,2022-06-01,61.541000515729756,66.0837798343887,61.10211027910143,61.83519034354689,54.42668833513904,28.845570492933472,296.9003880983182
Nigeria,NG,2022-07-01,59.2148800783162,67.72261401034321,57.19796308084023,60.46956132497762,49.14242957746479,31.104231166150672,296.9593094944513
Nigeria,NG,2022-08-01,61.79931972789116,75.41579448144624,65.19712793733682,66.79542395693136,55.69610935856993,33.801288572397425,316.13933415536377
Nigeria,NG,2022-09-01,61.70647265429002,75.85572139303483,61.01602136181575,64.86988847583643,60.82001836547291,30.609756097560975,308.46816479400746
Nigeria,NG,2022-10-01,61.13030303030303,74.22244289970209,60.31493943472409,61.86405959031657,57.52519308569327,30.98241912798875,304.6061381074169
North Macedonia,MK,2020-02-01,2.6666666666666665,5.466666666666667,8.8,2.466666666666667,7.066666666666666,-0.6,36.8
North Macedonia,MK,2020-03-01,-35.29032258064516,-7.967741935483871,-15.838709677419354,-32.70967741935484,-22.70967741935484,10.290322580645162,153.25806451612902
North Macedonia,MK,2020-04-01,-63.833333333333336,-32.8,-30.533333333333335,-64.26666666666667,-56.06666666666667,20.433333333333334,271.3333333333333
North Macedonia,MK,2020-05-01,-44.096774193548384,-14.387096774193548,8.741935483870968,-46.903225806451616,-34.70967741935484,11.483870967741936,176.1290322580645
North Macedonia,MK,2020-06-01,-21.966666666666665,-4.533333333333333,34.46666666666667,-36.266666666666666,-21.666666666666668,6.033333333333333,137.06666666666666
North Macedonia,MK,2020-07-01,-8.03225806451613,3.935483870967742,67.87096774193549,-25.903225806451612,-20.516129032258064,2.3870967741935485,130.51612903225808
North Macedonia,MK,2020-08-01,-7.838709677419355,0.8387096774193549,81.72727272727273,-27.258064516129032,-25,0.8387096774193549,152.6818181818182
North Macedonia,MK,2020-09-01,-7.533333333333333,-0.3333333333333333,44.73913043478261,-20.133333333333333,-18.966666666666665,-0.7,90.8695652173913
North Macedonia,MK,2020-10-01,-17.06451612903226,-1.967741935483871,19.419354838709676,-22.129032258064516,-19.774193548387096,2,86.41935483870968
North Macedonia,MK,2020-11-01,-27.666666666666668,-7.733333333333333,-3.7333333333333334,-35.666666666666664,-23.266666666666666,6.5,108.16666666666667
North Macedonia,MK,2020-12-01,-21.870967741935484,1.3225806451612903,8.483870967741936,-30.838709677419356,-24.419354838709676,5.838709677419355,107.2258064516129
North Macedonia,MK,2021-01-01,-26.93548387096774,-8.483870967741936,-0.5806451612903226,-36.483870967741936,-29.225806451612904,5.096774193548387,123
North Macedonia,MK,2021-02-01,-19.392857142857142,-1.1428571428571428,3.5357142857142856,-31.571428571428573,-19.678571428571427,-0.75,91.92857142857143
North Macedonia,MK,2021-03-01,-21.29032258064516,3.032258064516129,-0.1935483870967742,-32.41935483870968,-21.451612903225808,-0.41935483870967744,99.7741935483871
North Macedonia,MK,2021-04-01,-30.566666666666666,9.433333333333334,20.133333333333333,-32.9,-28.033333333333335,1,130.46666666666667
North Macedonia,MK,2021-05-01,-8.419354838709678,15.903225806451612,54.96774193548387,-22.64516129032258,-23.451612903225808,-4.774193548387097,132.93548387096774
North Macedonia,MK,2021-06-01,-1.3333333333333333,18.9,62.03333333333333,-14.466666666666667,-19.6,-7.866666666666666,126.2
North Macedonia,MK,2021-07-01,11.32258064516129,29.677419354838708,110.70967741935483,-4.967741935483871,-19.387096774193548,-10.03225806451613,186.48387096774192
North Macedonia,MK,2021-08-01,8.774193548387096,33.67741935483871,128.80645161290323,-1.4838709677419355,-26.612903225806452,-8.129032258064516,214.7741935483871
North Macedonia,MK,2021-09-01,-3.6666666666666665,26.766666666666666,63.5,-5.933333333333334,-15.533333333333333,-6.966666666666667,123.76666666666667
North Macedonia,MK,2021-10-01,-2.806451612903226,24.322580645161292,35.12903225806452,-3.7096774193548385,-10.290322580645162,-5.645161290322581,87.45161290322581
North Macedonia,MK,2021-11-01,-3.3666666666666667,22.833333333333332,27.3,4.466666666666667,-7.466666666666667,-4.666666666666667,72.23333333333333
North Macedonia,MK,2021-12-01,2.5483870967741935,30.06451612903226,22.64516129032258,3.225806451612903,-5.580645161290323,-3.2903225806451615,85.35483870967742
North Macedonia,MK,2022-01-01,-8.451612903225806,14.548387096774194,19.70967741935484,-14.709677419354838,-24.548387096774192,2.838709677419355,106.29032258064517
North Macedonia,MK,2022-02-01,-2.392857142857143,22.571428571428573,16.428571428571427,-6.785714285714286,-0.8571428571428571,-1.1785714285714286,72
North Macedonia,MK,2022-03-01,-4.096774193548387,19.93548387096774,23.741935483870968,-3.4193548387096775,3.4516129032258065,0.7741935483870968,69.2258064516129
North Macedonia,MK,2022-04-01,1.4333333333333333,25.633333333333333,54.7,1.6666666666666667,-6.533333333333333,1.0666666666666667,119.7
North Macedonia,MK,2022-05-01,5.032258064516129,24.161290322580644,69.45161290322581,7.258064516129032,-3.5483870967741935,-1.6451612903225807,136.58064516129033
North Macedonia,MK,2022-06-01,3.933333333333333,25.9,72.1,6.233333333333333,-7.833333333333333,-1.8333333333333333,128.36666666666667
North Macedonia,MK,2022-07-01,14.096774193548388,28.903225806451612,103.96774193548387,9.225806451612904,-12,-1.4516129032258065,173.83870967741936
North Macedonia,MK,2022-08-01,26,30.806451612903224,122.7741935483871,14.806451612903226,-16.387096774193548,0.12903225806451613,214.38709677419354
North Macedonia,MK,2022-09-01,13.433333333333334,22.033333333333335,61.9,12.833333333333334,-4.133333333333334,-1.8333333333333333,127.5
North Macedonia,MK,2022-10-01,12.266666666666667,21.933333333333334,42.06666666666667,15.533333333333333,-1.6666666666666667,-0.9333333333333333,115.73333333333333
Norway,NO,2020-02-01,0.7909535452322738,0.8601583113456465,7.151815181518152,-0.43146603098927294,-8.875802997858672,0.7563527653213752,49.92941176470588
Norway,NO,2020-03-01,-27.797411003236245,-5.888888888888889,4.504065040650406,-31.496095783446123,-29.00535601764335,9.204953031596926,144.25494071146244
Norway,NO,2020-04-01,-30.04459930313589,-7.205351170568562,50.49158878504673,-40.475132275132275,-46.69579987646696,14.319912948857453,217.9581497797357
Norway,NO,2020-05-01,-10.924885695623775,3.170169491525424,63.54428044280443,-26.760749724366043,-29.433508887425937,7.644859813084112,172.3817787418655
Norway,NO,2020-06-01,7.3008447043534765,12.009936124911285,110.15333333333334,-15.859375,-22.919377990430622,2.564814814814815,198.63358778625954
Norway,NO,2020-07-01,14.439252336448599,6.239597315436241,114.34013605442176,-18.668452062131763,-47.414561664190195,4.756294058408862,239.66485013623978
Norway,NO,2020-08-01,2.2799575821845175,5.7936507936507935,132.15537848605578,-16.78909090909091,-32.718762088974856,2.394316163410302,229.98557692307693
Norway,NO,2020-09-01,-0.4427947598253275,2.845149253731343,57.53083109919571,-24.701515151515153,-16.15526976160602,2.456824512534819,128.9689440993789
Norway,NO,2020-10-01,-0.5089712918660287,4.497652582159624,32.54716981132076,-25.426517571884983,-15.143700787401574,3.785390428211587,105.78947368421052
Norway,NO,2020-11-01,-6.48145738451529,2.9687272727272727,0.22591362126245848,-37.43092454835281,-15.680245789713245,7.724156400642743,109.42943548387096
Norway,NO,2020-12-01,-3.598445595854922,0.7517241379310345,-6.991935483870968,-41.614470284237726,-29.896296296296295,9.891215526046986,151.32748538011697
Norway,NO,2021-01-01,-27.155785391079508,-13.043391188251002,2.1658615136876005,-44.58751902587519,-23.619015356820235,11.330970556161397,152.0284090909091
Norway,NO,2021-02-01,-16.809722222222224,-2.9872084273890143,4.048561151079137,-40.64699269252389,-18.511052378664104,8.975,124.55301455301455
Norway,NO,2021-03-01,-19.23076923076923,1.9261559696342305,19.96041308089501,-39.6830738322451,-22.672897196261683,9.21859296482412,136.45275590551182
Norway,NO,2021-04-01,-21.154901960784315,-6.457498272287491,44.92307692307692,-37.9402432575357,-23.128649635036496,9.233841303205464,167.86192468619248
Norway,NO,2021-05-01,-7.109217171717172,-0.7129824561403509,59.42397137745975,-32.15942028985507,-21.97566574839302,6.5984251968503935,172.78125
Norway,NO,2021-06-01,13.685256410256411,16.388473053892216,96.876,-22.007365439093483,-18.185660544368222,2.7355163727959697,181.15659955257271
Norway,NO,2021-07-01,16.97258566978193,12.326487252124647,141.28205128205127,-20.569057815845824,-45.401123838340176,3.96309963099631,255.62734584450402
Norway,NO,2021-08-01,16.841843088418432,16.412898443291326,111,-14.040465631929047,-25.508196721311474,2.879187817258883,202.50688073394497
Norway,NO,2021-09-01,10.492143306096795,10.919766593727207,64.42279411764706,-14.215922107674684,-12.478251220594762,2.194962216624685,128.36853002070393
Norway,NO,2021-10-01,6.834963325183374,5.308864265927978,23.78036605657238,-19.139585605234462,-15.997093673150012,2.535695674830641,88.0138067061144
Norway,NO,2021-11-01,8.650693568726355,8.07581227436823,2.131849315068493,-20.066740209597352,-13.388373121131742,3.70061099796334,67.1765873015873
Norway,NO,2021-12-01,2.6948933419521657,5.3217576187101345,-10.808306709265176,-35.36377789309808,-32.62033239801425,9.578542094455852,132.87692307692308
Norway,NO,2022-01-01,-13.98469387755102,-5.082312925170068,-8.577881619937695,-39.81517311608961,-20.946867389860525,9.226587728740581,111.3543599257885
Norway,NO,2022-02-01,-6.703401360544218,-1.2390977443609024,0.872113676731794,-31.746629213483146,-19.467911877394634,6.798520204894707,86.67157894736842
Norway,NO,2022-03-01,-2.196450428396573,-0.14921286789869953,24.83910034602076,-23.75531363400726,-13.307594399660585,3.2877977637335927,84.26027397260275
Norway,NO,2022-04-01,-2.8144853875476494,-6.168641114982578,44.66544117647059,-20.048807542983916,-21.78078007518797,2.750397456279809,133.25840336134453
Norway,NO,2022-05-01,8.001877346683354,3.8407142857142857,60.600361663652805,-9.851523545706371,-16.28511204792545,1.3928571428571428,132.43237704918033
Norway,NO,2022-06-01,12.117533718689788,7.666910688140557,117.54885654885655,-0.9965075669383002,-18.319215336602763,-0.45600804424333835,202.69761904761904
Norway,NO,2022-07-01,8.412587412587413,2.1889433170048984,125.9535864978903,-8.766648321408915,-45.87248173566527,3.564738292011019,245.383631713555
Norway,NO,2022-08-01,11.750936329588015,9.362093352192362,140.42444444444445,3.5207033465683493,-24.39334181509754,2.516304347826087,232.91898734177215
Norway,NO,2022-09-01,5.906211180124224,6.969042476601872,89.6896551724138,3.9541120381406434,-12.050787314260369,0.22921914357682618,153.27777777777777
Norway,NO,2022-10-01,3.1588089330024816,4.14265335235378,59.589090909090906,-4.8916372202591285,-16.414066138798322,1.8317256162915327,122.29918032786885
Oman,OM,2020-02-01,-1.4466666666666668,-2.52,-2.683098591549296,6.75,7.848314606741573,0.27184466019417475,29.683333333333334
Oman,OM,2020-03-01,-20.451612903225808,-14.129032258064516,-20.057627118644067,-21.620967741935484,-5.468834688346884,7.02,110.93548387096774
Oman,OM,2020-04-01,-49.92666666666667,-37.97,-40.656462585034014,-61.083333333333336,-31.605555555555554,19.16,261.65
Oman,OM,2020-05-01,-44.24193548387097,-32.774193548387096,-40.44444444444444,-57.88709677419355,-28.85483870967742,19.3224043715847,245.4758064516129
Oman,OM,2020-06-01,-28.836666666666666,-22.403333333333332,-34.03806228373703,-48.61666666666667,-17.302777777777777,13.494565217391305,187.51666666666668
Oman,OM,2020-07-01,-24.696774193548386,-17.74516129032258,-33.32666666666667,-46.03225806451613,-19.18548387096774,13.042780748663102,176.8709677419355
Oman,OM,2020-08-01,-33.71707317073171,-27.03125,-34.967032967032964,-53.180851063829785,-25.779411764705884,12.043010752688172,203.86170212765958
Oman,OM,2020-09-01,-23.282608695652176,-17.995475113122172,-26.99526066350711,-42.65,-21.922033898305084,5.676328502415459,146.95
Oman,OM,2020-10-01,-26.925806451612903,-17.54193548387097,-37.263333333333335,-40.20161290322581,-27.02956989247312,5.197183098591549,162.46774193548387
Oman,OM,2020-11-01,-23.44,-15.84,-38.13148788927336,-40.141666666666666,-26.491666666666667,3.0892857142857144,153.83333333333334
Oman,OM,2020-12-01,-22.47741935483871,-14.95483870967742,-30.85185185185185,-34.91935483870968,-23.723118279569892,2.9517241379310346,129.8548387096774
Oman,OM,2021-01-01,-22.787096774193547,-16.003225806451614,-33.72185430463576,-33.096774193548384,-26.661290322580644,-0.519298245614035,137.36290322580646
Oman,OM,2021-02-01,-22.40714285714286,-15.135714285714286,-38.62867647058823,-35.107142857142854,-30.175595238095237,-3.5961538461538463,144.00892857142858
Oman,OM,2021-03-01,-22.12258064516129,-10.670967741935485,-40.63245033112583,-34.685483870967744,-33.36827956989247,-2.9689655172413794,147.01612903225808
Oman,OM,2021-04-01,-31.263333333333332,-12.47,-48,-43.94166666666667,-36.00277777777778,2.6618181818181816,186.225
Oman,OM,2021-05-01,-24.34516129032258,-6.312903225806451,-37.629139072847686,-43.12903225806452,-36.32795698924731,1.7317073170731707,169.13709677419354
Oman,OM,2021-06-01,-14.906666666666666,-1.7766666666666666,-29.444827586206898,-32.625,-31.863888888888887,-4.164285714285715,126.46666666666667
Oman,OM,2021-07-01,-23.441935483870967,-8.5487012987013,-32.745874587458744,-41.104838709677416,-40.174731182795696,-1.0213523131672597,182.34677419354838
Oman,OM,2021-08-01,-6.254838709677419,6.919354838709677,-13.483221476510067,-22.56451612903226,-33.086021505376344,-6.4,156.04032258064515
Oman,OM,2021-09-01,-1.4466666666666668,9.912751677852349,-15.118055555555555,-21.408333333333335,-28.105555555555554,-8.696428571428571,103.35833333333333
Oman,OM,2021-10-01,-2.8967741935483873,9.402597402597403,-15.286195286195285,-25.016129032258064,-26.63978494623656,-8.391608391608392,98.62903225806451
Oman,OM,2021-11-01,0.19666666666666666,12.108474576271187,-10.633802816901408,-22.983333333333334,-21.575,-8.478571428571428,85.6
Oman,OM,2021-12-01,-0.31290322580645163,13.530944625407166,-13.510204081632653,-22.016129032258064,-15.924731182795698,-7.397212543554007,77.16935483870968
Oman,OM,2022-01-01,-0.5,14.908794788273616,-13.108843537414966,-24.129032258064516,-17.275675675675675,-4.145833333333333,79.2741935483871
Oman,OM,2022-02-01,3.2,19.298181818181817,-5.327067669172933,-38.92857142857143,-14.295180722891565,-2.773076923076923,86.6875
Oman,OM,2022-03-01,6.841935483870968,24.746666666666666,4.840677966101695,-43.87903225806452,5.038043478260869,3.875432525951557,91.3225806451613
Oman,OM,2022-04-01,0.009999999999999997,27.24567474048443,1.1111111111111112,-49.65833333333333,5.719887955182073,10.210332103321033,110.31666666666666
Oman,OM,2022-05-01,8.519354838709678,29.89666666666667,11.167247386759582,-45.524193548387096,-0.8780487804878049,8,115.35483870967742
Oman,OM,2022-06-01,10.696666666666667,30.194444444444443,6.168421052631579,-40.575,4.081460674157303,6.9021739130434785,99.15
Oman,OM,2022-07-01,14.535483870967742,36.94932432432432,24.40753424657534,-28.774193548387096,-6.0864864864864865,7.925,151.83870967741936
Oman,OM,2022-08-01,15.906451612903226,40.11666666666667,32.034364261168385,-8.370967741935484,-0.2391304347826087,8.534965034965035,189.56451612903226
Oman,OM,2022-09-01,11.303333333333333,35.78048780487805,13.888111888111888,-23.183333333333334,5.587078651685394,6.853479853479853,111.38333333333334
Oman,OM,2022-10-01,12.266666666666667,33.90909090909091,16.354609929078013,-26.583333333333332,8.713483146067416,6.940740740740741,103.1
Pakistan,PK,2020-02-01,0.9614035087719298,1.673758865248227,4.580952380952381,2.1052631578947367,3.657142857142857,-0.17192982456140352,24.05673758865248
Pakistan,PK,2020-03-01,-21.568760611205434,-13.355902777777779,-7.755760368663594,-18.103565365025467,-16.267281105990783,7.271646859083192,119.24305555555556
Pakistan,PK,2020-04-01,-57.15964912280702,-42.89642857142857,-28.68888888888889,-52.98245614035088,-41.20634920634921,17.53859649122807,253.80892857142857
Pakistan,PK,2020-05-01,-38.55687606112054,-24.93782383419689,-15.55299539170507,-39.444821731748725,-30.49462365591398,14.288624787775891,183.01208981001727
Pakistan,PK,2020-06-01,-29.36842105263158,-16.425795053003533,-9.161904761904761,-28.250877192982458,-17.66031746031746,10.349122807017544,130.26325088339223
Pakistan,PK,2020-07-01,-18.23599320882852,-4.35445205479452,-1.8586789554531489,-19.772495755517827,-16.447004608294932,8.156196943972835,102.39212328767124
Pakistan,PK,2020-08-01,-17.40508806262231,-9.172557172557173,2.8992805755395685,-16.08269230769231,-21.979032258064517,6.237691001697793,104.02922755741128
Pakistan,PK,2020-09-01,-2.320388349514563,8.824242424242424,10.969964664310954,-2.1,-7.428571428571429,3.594736842105263,55.04646464646465
Pakistan,PK,2020-10-01,-0.21901528013582341,19.036082474226806,5.938556067588325,4.825127334465195,-3.858678955453149,1.033955857385399,59.23024054982818
Pakistan,PK,2020-11-01,1.5017543859649123,19.346358792184724,-0.13015873015873017,6.329824561403509,-2.574603174603175,0.8175438596491228,58.717584369449376
Pakistan,PK,2020-12-01,2.6876061120543295,22.825641025641026,8.144393241167435,14.278438030560272,-3.5929339477726576,4.4889643463497455,74.62222222222222
Pakistan,PK,2021-01-01,2.9847198641765704,21.78719723183391,4.622119815668203,12.67402376910017,-2.1889400921658986,1.6825127334465195,65.95501730103807
Pakistan,PK,2021-02-01,10.454887218045112,29.348249027237355,7.394557823129252,15.172932330827068,-1.7959183673469388,-4.4868421052631575,81.91828793774319
Pakistan,PK,2021-03-01,17.69779286926995,38.91119005328597,12.12288786482335,21.97962648556876,0.2857142857142857,-4.762308998302207,110.04085257548846
Pakistan,PK,2021-04-01,4.770175438596492,32.302367941712205,0.8111111111111111,6.017543859649122,-2.5126984126984127,1.1368421052631579,90.31876138433516
Pakistan,PK,2021-05-01,8.567062818336163,36.55595026642984,12.236559139784946,11.713073005093378,-13.062980030721967,1.4838709677419355,121.68561278863233
Pakistan,PK,2021-06-01,29.90877192982456,55.04814814814815,30.56825396825397,33.55789473684211,11.47936507936508,-5.184210526315789,158.34444444444443
Pakistan,PK,2021-07-01,34.70797962648557,59.67857142857143,39.15668202764977,38.69949066213922,1.6712749615975422,-3.877758913412564,193.19285714285715
Pakistan,PK,2021-08-01,31.1018675721562,55.43112701252236,33.13978494623656,33.1578947368421,6.943164362519202,-2.838709677419355,178.00894454382828
Pakistan,PK,2021-09-01,38.598245614035086,62.272222222222226,32.212698412698415,32.435087719298245,16.29206349206349,-3.9649122807017543,180.71481481481482
Pakistan,PK,2021-10-01,46.926994906621395,70.2258064516129,33.7926267281106,41.373514431239386,19.600614439324115,-4.4040747028862475,215.8548387096774
Pakistan,PK,2021-11-01,53.001754385964915,76.5537037037037,35.1031746031746,49.12982456140351,25.64920634920635,-3.531578947368421,238.81296296296296
Pakistan,PK,2021-12-01,53.550084889643465,77.84767025089606,35.374807987711215,51.745331069609506,30.552995391705068,-2.3140916808149408,249.46774193548387
Pakistan,PK,2022-01-01,49.502546689303905,72.0089605734767,35.233486943164365,49.460101867572156,34.00153609831029,0.8998302207130731,241.11648745519713
Pakistan,PK,2022-02-01,59.92857142857143,80.72222222222223,51.24659863945578,57.911654135338345,42.484693877551024,0.5281954887218046,289.4325396825397
Pakistan,PK,2022-03-01,70.77758913412563,88.0394265232975,96.17384615384616,74.169779286927,52.64055299539171,5.235993208828523,366.5878136200717
Pakistan,PK,2022-04-01,47.41754385964912,73.95925925925926,78.06825396825397,43.06842105263158,53.234920634920634,12.93157894736842,284.4222222222222
Pakistan,PK,2022-05-01,64.44482173174873,80.68637992831542,102.9891975308642,62.23938879456706,37.52073732718894,8.9830220713073,343.49283154121866
Pakistan,PK,2022-06-01,59.680701754385964,77.85740740740741,94.2968253968254,58.73859649122807,52.60952380952381,8.201754385964913,320.3574074074074
Pakistan,PK,2022-07-01,59.05772495755518,73.55555555555556,98.95631825273011,59.09847198641766,28.80952380952381,10.811544991511036,316.5125448028674
Pakistan,PK,2022-08-01,59.29711375212224,75.52329749103943,91.93548387096774,49.4125636672326,42.96006144393241,11.169779286926994,310.3584229390681
Pakistan,PK,2022-09-01,59.95087719298245,78.62222222222222,81.80952380952381,44.61929824561403,53.53333333333333,8.628070175438596,299.23148148148147
Pakistan,PK,2022-10-01,65.07719298245614,84.07777777777778,81.86349206349206,48.12982456140351,51.4984126984127,8.03859649122807,312.8037037037037
Panama,PA,2020-02-01,-4.166666666666667,0.36666666666666664,0.9666666666666667,-5.3,-11.6,1.4,66.53333333333333
Panama,PA,2020-03-01,-38,-18.14516129032258,-38.564516129032256,-33.096774193548384,-27.193548387096776,17.93548387096774,189.80645161290323
Panama,PA,2020-04-01,-83.81666666666666,-62.65,-77.6,-79.83333333333333,-75.63333333333334,40.75,420.28333333333336
Panama,PA,2020-05-01,-77.45161290322581,-55.903225806451616,-71.11290322580645,-73.40322580645162,-66.3225806451613,36.61290322580645,380.80645161290323
Panama,PA,2020-06-01,-65.83333333333333,-42.266666666666666,-59.233333333333334,-63.5,-53.516666666666666,31.05,315.4
Panama,PA,2020-07-01,-67.01612903225806,-44.11290322580645,-65.11290322580645,-66.54838709677419,-54.596774193548384,31.451612903225808,328.83870967741933
Panama,PA,2020-08-01,-65.2258064516129,-45.11290322580645,-63.12903225806452,-65,-54.08064516129032,29.403225806451612,321.9516129032258
Panama,PA,2020-09-01,-55.516666666666666,-31.95,-54.13333333333333,-54.53333333333333,-45.43333333333333,23.65,265.21666666666664
Panama,PA,2020-10-01,-46.516129032258064,-22.903225806451612,-52.24193548387097,-43.95161290322581,-37.54838709677419,18.967741935483872,222.1290322580645
Panama,PA,2020-11-01,-42.25,-19.85,-54.583333333333336,-42,-36.11666666666667,18.633333333333333,213.43333333333334
Panama,PA,2020-12-01,-39.596774193548384,-15.725806451612904,-56.33870967741935,-39.45161290322581,-37.225806451612904,20.080645161290324,211.25806451612902
Panama,PA,2021-01-01,-67.2741935483871,-47.08064516129032,-69.09677419354838,-62.46774193548387,-55.17741935483871,27.580645161290324,328.8709677419355
Panama,PA,2021-02-01,-49.625,-28.160714285714285,-56.339285714285715,-49.57142857142857,-43.017857142857146,16.053571428571427,247.80357142857142
Panama,PA,2021-03-01,-32.12903225806452,-9.806451612903226,-45.38709677419355,-34.16129032258065,-25.85483870967742,9.112903225806452,157.25806451612902
Panama,PA,2021-04-01,-30.233333333333334,-7.983333333333333,-47.916666666666664,-33.95,-24.933333333333334,9.933333333333334,157.31666666666666
Panama,PA,2021-05-01,-25.85483870967742,-4.112903225806452,-45.87096774193548,-29.096774193548388,-18.370967741935484,9.629032258064516,135.29032258064515
Panama,PA,2021-06-01,-24.55,-2.8,-46.43333333333333,-29.05,-17.066666666666666,10.65,134.05
Panama,PA,2021-07-01,-22.112903225806452,0.9354838709677419,-44.645161290322584,-26.629032258064516,-14.483870967741936,11.112903225806452,125.95161290322581
Panama,PA,2021-08-01,-15.016129032258064,5.693548387096774,-41.16129032258065,-22.322580645161292,-11.419354838709678,9.53225806451613,108.56451612903226
Panama,PA,2021-09-01,-14.133333333333333,6.55,-38.85,-19.95,-9.75,8.683333333333334,99.98333333333333
Panama,PA,2021-10-01,-9.258064516129032,9.46774193548387,-37.064516129032256,-15.03225806451613,-5.032258064516129,7.629032258064516,85.48387096774194
Panama,PA,2021-11-01,-9.6,10.2,-35.53333333333333,-16.966666666666665,-14.75,9.116666666666667,101.23333333333333
Panama,PA,2021-12-01,6.387096774193548,27.5,-26.016129032258064,-6.790322580645161,-6.725806451612903,5.774193548387097,96.16129032258064
Panama,PA,2022-01-01,-15.193548387096774,7.580645161290323,-30.741935483870968,-21.661290322580644,-12.5,11.838709677419354,106.38709677419355
Panama,PA,2022-02-01,-5.017857142857143,13.785714285714286,-22.732142857142858,-12,-2.25,7.696428571428571,70.91071428571429
Panama,PA,2022-03-01,-6.370967741935484,15.129032258064516,-25.64516129032258,-3.596774193548387,4.596774193548387,7.903225806451613,71.88709677419355
Panama,PA,2022-04-01,-8.583333333333334,15,-26.433333333333334,-0.8666666666666667,7.266666666666667,8.05,84.73333333333333
Panama,PA,2022-05-01,-4.951612903225806,16.048387096774192,-30.629032258064516,3.064516129032258,9.693548387096774,8.983870967741936,83.08064516129032
Panama,PA,2022-06-01,-3.3,17.5,-27.75,7.266666666666667,10.933333333333334,8.783333333333333,79.73333333333333
Panama,PA,2022-07-01,-5.129032258064516,16.806451612903224,-29.741935483870968,0.9838709677419355,8.112903225806452,11.516129032258064,81.06451612903226
Panama,PA,2022-08-01,4.516129032258065,28.5,-22.919354838709676,10.67741935483871,15.35483870967742,8.5,92.14516129032258
Panama,PA,2022-09-01,3.933333333333333,24.65,-22.8,11.733333333333333,16.233333333333334,6,86.85
Panama,PA,2022-10-01,5.1,25.033333333333335,-22.366666666666667,11.3,16.566666666666666,6.033333333333333,88.46666666666667
Papua New Guinea,PG,2020-02-01,6.266666666666667,5.533333333333333,-6.666666666666667,-2.066666666666667,10.533333333333333,-0.6153846153846154,33.53846153846154
Papua New Guinea,PG,2020-03-01,-4.387096774193548,3.5483870967741935,-8.709677419354838,-14.935483870967742,8.35483870967742,3.6923076923076925,62.69230769230769
Papua New Guinea,PG,2020-04-01,-18.5,-2.8333333333333335,-12.866666666666667,-35.9,-3.1,9.615384615384615,93
Papua New Guinea,PG,2020-05-01,-0.7741935483870968,19.225806451612904,-10.387096774193548,-23.06451612903226,20.612903225806452,3.4615384615384617,79.61538461538461
Papua New Guinea,PG,2020-06-01,5.266666666666667,24.266666666666666,-9.066666666666666,-16.6,20,2.230769230769231,81.15384615384616
Papua New Guinea,PG,2020-07-01,10.129032258064516,29.129032258064516,-6.193548387096774,-10.64516129032258,14.096774193548388,2.3333333333333335,76.07407407407408
Papua New Guinea,PG,2020-08-01,4.6875,21.4375,-4.4375,-20.625,13.333333333333334,3.8461538461538463,68.53846153846153
Papua New Guinea,PG,2020-09-01,14.8,29.55,-18.35,1.45,15.071428571428571,4.37037037037037,91.94444444444444
Papua New Guinea,PG,2020-10-01,16.903225806451612,24.93548387096774,-27.225806451612904,1.6774193548387097,12.35483870967742,0.7419354838709677,90.61290322580645
Papua New Guinea,PG,2020-11-01,22.2,26.533333333333335,-23.633333333333333,4.266666666666667,10.7,0.36666666666666664,90.96666666666667
Papua New Guinea,PG,2020-12-01,31.129032258064516,39.74193548387097,-13.774193548387096,19.35483870967742,-1.4838709677419355,2.935483870967742,125.38709677419355
Papua New Guinea,PG,2021-01-01,9.225806451612904,26.580645161290324,-17.225806451612904,11.096774193548388,-9.129032258064516,4.806451612903226,90.06451612903226
Papua New Guinea,PG,2021-02-01,15.214285714285714,44.67857142857143,-24.428571428571427,18.821428571428573,0.17857142857142858,-2.2857142857142856,112.25
Papua New Guinea,PG,2021-03-01,3.3548387096774195,37.193548387096776,-24.806451612903224,-1.1935483870967742,-7.741935483870968,4.129032258064516,105.3225806451613
Papua New Guinea,PG,2021-04-01,14.2,47.03333333333333,-28.066666666666666,3.2666666666666666,1.0333333333333334,5.433333333333334,124.83333333333333
Papua New Guinea,PG,2021-05-01,27.580645161290324,67.51612903225806,-22.903225806451612,11.870967741935484,18.193548387096776,1.2580645161290323,151.51612903225808
Papua New Guinea,PG,2021-06-01,33.46666666666667,79.56666666666666,-15.6,13.7,20.366666666666667,-1.4333333333333333,170.66666666666666
Papua New Guinea,PG,2021-07-01,40,88,-16.612903225806452,21.35483870967742,23.580645161290324,-1.8387096774193548,197.19354838709677
Papua New Guinea,PG,2021-08-01,42.83870967741935,89.41935483870968,-13.870967741935484,24.225806451612904,30.516129032258064,-1.4516129032258065,206.06451612903226
Papua New Guinea,PG,2021-09-01,41.96666666666667,91.96666666666667,-15.5,32.4,30.366666666666667,-0.5,218.5
Papua New Guinea,PG,2021-10-01,33.645161290322584,91.83870967741936,-15.290322580645162,22.161290322580644,25.129032258064516,2.2580645161290325,191.8709677419355
Papua New Guinea,PG,2021-11-01,41.43333333333333,94.63333333333334,-13.4,37.1,27.4,-1.1333333333333333,216.76666666666668
Papua New Guinea,PG,2021-12-01,49.16129032258065,102.87096774193549,-13.161290322580646,50.87096774193548,18.387096774193548,-2.3870967741935485,247.03225806451613
Papua New Guinea,PG,2022-01-01,41.38709677419355,90.96774193548387,-9.516129032258064,56.935483870967744,25.70967741935484,2.2580645161290325,234.25806451612902
Papua New Guinea,PG,2022-02-01,52.75,104.32142857142857,0,64.42857142857143,40.25,3.857142857142857,274.89285714285717
Papua New Guinea,PG,2022-03-01,60.193548387096776,125.06451612903226,66.25806451612904,79.58064516129032,78.6774193548387,12.258064516129032,422.03225806451616
Papua New Guinea,PG,2022-04-01,65.9,127.06666666666666,72.96666666666667,93.06666666666666,72.4,15.6,451.26666666666665
Papua New Guinea,PG,2022-05-01,72.61290322580645,132.90322580645162,75.41935483870968,93.74193548387096,86.96774193548387,15.838709677419354,477.48387096774195
Papua New Guinea,PG,2022-06-01,73.26666666666667,132.53333333333333,82.53333333333333,100.56666666666666,83.53333333333333,15.733333333333333,489.8333333333333
Papua New Guinea,PG,2022-07-01,67.29032258064517,129.03225806451613,78.87096774193549,102.41935483870968,76.41935483870968,19.35483870967742,473.38709677419354
Papua New Guinea,PG,2022-08-01,78.16129032258064,134.48387096774192,81.61290322580645,97,92.12903225806451,20.35483870967742,504.64516129032256
Papua New Guinea,PG,2022-09-01,85.96666666666667,130.5,80.63333333333334,95.2,85.6,17.066666666666666,498.76666666666665
Papua New Guinea,PG,2022-10-01,88.46666666666667,117.46666666666667,96.33333333333333,96.6,96.2,16.4,511.46666666666664
Paraguay,PY,2020-02-01,-4.171314741035856,-1.6610878661087867,-8.751196172248804,-6.398648648648648,10.433333333333334,0.46745562130177515,38.648148148148145
Paraguay,PY,2020-03-01,-33.1412213740458,-21.248995983935743,-37.15505617977528,-41.34472049689441,-12.348294434470377,10.413669064748202,171.61165048543688
Paraguay,PY,2020-04-01,-56.30844793713163,-41.12883435582822,-59.002262443438916,-70.16109422492401,-34.8,25.545023696682463,310.33513513513515
Paraguay,PY,2020-05-01,-40.79541108986616,-28.047337278106507,-48.78336980306346,-55.781931464174455,-15.064516129032258,17.307692307692307,215.14814814814815
Paraguay,PY,2020-06-01,-30.287401574803148,-19.432377049180328,-39.6712962962963,-43.863787375415285,-5.112962962962963,13.556634304207119,158.7787610619469
Paraguay,PY,2020-07-01,-25.739047619047618,-16.68910891089109,-36.28636363636364,-41.37942122186495,-5.301075268817204,12.820121951219512,145.59071729957805
Paraguay,PY,2020-08-01,-24.011661807580175,-12.795731707317072,-31.29209621993127,-41.09134615384615,-5.232620320855615,13.360248447204969,141.7888198757764
Paraguay,PY,2020-09-01,-27.346938775510203,-15.929347826086957,-35.274924471299094,-46.63135593220339,-14.191387559808613,14.918300653594772,158.5635359116022
Paraguay,PY,2020-10-01,-21.664772727272727,-7.800813008130081,-28.940265486725664,-41.157556270096464,-12.11111111111111,12.479905437352246,127.00375939849624
Paraguay,PY,2020-11-01,-22.02348336594912,-10.224576271186441,-31.258503401360546,-40.01320132013201,-10.88888888888889,11.836272040302267,125.16538461538461
Paraguay,PY,2020-12-01,-17.19083969465649,-0.4215885947046843,-29.08352144469526,-32.540625,-15.758064516129032,10.641330166270784,124.84848484848484
Paraguay,PY,2021-01-01,-24.763705103969755,-14.097560975609756,-33.41113490364026,-42.48656716417911,-22.129032258064516,11.390123456790123,146.96336996336996
Paraguay,PY,2021-02-01,-19.658333333333335,-6.578828828828829,-31.218009478672986,-37.50335570469799,-18.3015873015873,4.637075718015666,112.67716535433071
Paraguay,PY,2021-03-01,-24.362948960302457,-5.5182926829268295,-37.62765957446808,-42.086687306501545,-19.92652329749104,6.817535545023697,134.0935251798561
Paraguay,PY,2021-04-01,-27.595703125,-8.149159663865547,-42.576673866090715,-46.5875,-21.961111111111112,10.450738916256158,157.39483394833948
Paraguay,PY,2021-05-01,-19.262857142857143,2.4857142857142858,-35.24406047516199,-38.635820895522386,-16.491039426523297,9.03640776699029,124.1660516605166
Paraguay,PY,2021-06-01,-13.47420634920635,7.071428571428571,-31.259860788863108,-38.476780185758514,-12.407407407407407,6.572815533980583,109.25390625
Paraguay,PY,2021-07-01,-3.7347740667976423,14.462474645030426,-20.220956719817767,-33.64670658682635,-9.082437275985663,4.89044289044289,89.33716475095785
Paraguay,PY,2021-08-01,1.5372233400402415,17.663265306122447,-13.784722222222221,-32.081761006289305,-3.0197132616487457,3.0943396226415096,84.8433734939759
Paraguay,PY,2021-09-01,4.833333333333333,18.690526315789473,-8.37410071942446,-30.038961038961038,0.19814814814814816,1.5167464114832536,88.18828451882845
Paraguay,PY,2021-10-01,6.8884381338742395,20.40733197556008,-7.804195804195804,-29.522658610271904,0.9086021505376344,1.5510688836104514,94.3015873015873
Paraguay,PY,2021-11-01,8.443736730360934,19.85924369747899,-7.4735576923076925,-28.133757961783438,4.798148148148148,1.0623501199040768,92.39419087136929
Paraguay,PY,2021-12-01,19.12295081967213,32.627291242362524,6.836930455635492,-14.863636363636363,-4.620071684587813,0.5879629629629629,120.55144032921811
Paraguay,PY,2022-01-01,6.1462925851703405,19.914285714285715,2.9647058823529413,-25.29780564263323,-8.668458781362007,8.496402877697841,92.05284552845528
Paraguay,PY,2022-02-01,12.514739229024944,24.60135135135135,1.2242744063324538,-21.81184668989547,4.4523809523809526,6.968586387434555,91.86547085201794
Paraguay,PY,2022-03-01,6.609756097560975,20.317073170731707,1.397094430992736,-22.935691318327976,24.17562724014337,12.150588235294117,101.91428571428571
Paraguay,PY,2022-04-01,8.985324947589099,23.930817610062892,5.653266331658291,-17.554054054054053,20.212962962962962,14.211822660098521,117.70338983050847
Paraguay,PY,2022-05-01,6.374745417515275,24.605316973415132,-3.0565110565110567,-19.940983606557378,28.25627240143369,15.086538461538462,116.48535564853556
Paraguay,PY,2022-06-01,6.781052631578947,25.59578947368421,-2.6574307304785894,-18.783505154639176,34.355555555555554,15.45609756097561,114.3146551724138
Paraguay,PY,2022-07-01,13.35234215885947,30.741803278688526,12.21654501216545,-14.716666666666667,25.263440860215052,15.421686746987952,121.95884773662551
Paraguay,PY,2022-08-01,14.877300613496933,32.4120082815735,10.134663341645885,-17.701342281879196,37.274193548387096,16.254716981132077,136.114406779661
Paraguay,PY,2022-09-01,14.247357293868921,30.57928118393235,8.44702842377261,-19.33448275862069,38.148148148148145,14.582926829268292,130.6359649122807
Paraguay,PY,2022-10-01,16.80252100840336,31.265822784810126,13.104712041884817,-16.170068027210885,29.803703703703704,14.558823529411764,138.77586206896552
Peru,PE,2020-02-01,0.3529411764705882,0.7705943691345151,2.368583162217659,3.379440665154951,0.7755681818181818,0.24653148345784417,26.219483568075116
Peru,PE,2020-03-01,-37.16257668711656,-27.374493927125506,-31.562775870524767,-39.66740905716407,-27.61038961038961,14.710230632761679,188.4504054897068
Peru,PE,2020-04-01,-75.33838821490468,-64.65580890336591,-63.511161846778286,-81.0454914703493,-58.537549407114625,33.81027966742253,392.50644427596666
Peru,PE,2020-05-01,-79.55900329102022,-58.775077559462254,-56.549110407019256,-75.96797839506173,-49,30.682400539447066,361.6940298507463
Peru,PE,2020-06-01,-73.47412109375,-46.35782747603834,-47.46171227717801,-68.76577622919086,-35.66354344122657,25.78585086042065,306.0916830386378
Peru,PE,2020-07-01,-58.52541648868005,-35.78670788253478,-39.94264884568651,-61.913267181183386,-30.22189973614776,22.130746268656715,256.9260628465804
Peru,PE,2020-08-01,-54.36114221724524,-39.517313019390585,-42.515366430260045,-62.58182813355227,-32.62147102526003,21.666259914582064,257.5896580483736
Peru,PE,2020-09-01,-49.33657786885246,-33.90831696136215,-40.44745868412847,-57.9937015503876,-28.87440918298447,20.1368004522329,234.688622754491
Peru,PE,2020-10-01,-40.3585500394011,-22.498447204968944,-33.79194139194139,-47.87557767507999,-21.66552179656539,16.21301775147929,191.16860787576263
Peru,PE,2020-11-01,-33.72050447518308,-18.617899249732048,-30.363521055301877,-44.20191246781905,-16.558126721763085,14.99296435272045,169.26183685111238
Peru,PE,2020-12-01,-26.56933438985737,-6.6191222570532915,-22.45293247905372,-36.95958512160229,-14.052041633306645,13.320108205590623,140.92048591938155
Peru,PE,2021-01-01,-33.80886426592798,-20.149136577708006,-30.921381337252022,-41.992140050017866,-21.891304347826086,14.563302752293579,174.55002763957987
Peru,PE,2021-02-01,-43.67791411042945,-24.2296511627907,-40.86861313868613,-57.83503534956795,-26.933817126269957,17.39066463723998,218.899815611555
Peru,PE,2021-03-01,-32.99960922235248,-13.31717597471022,-33.11535635562087,-47.06403415154749,-19.88724584103512,14.563093622795115,175.07743362831857
Peru,PE,2021-04-01,-34.88273352203801,-13.754214246873302,-33.484410646387836,-46.421265636497424,-19.859764448096414,16.920150305307658,180.70662100456622
Peru,PE,2021-05-01,-25.35486381322957,-4.869701726844584,-24.685281707619758,-37.69751773049645,-12.496781115879829,15.277119416590702,144.67423822714682
Peru,PE,2021-06-01,-15.518742442563482,2.652478448275862,-14.799586776859504,-31.584005869405722,-8.62864279766861,14.603932584269662,120.40355912743972
Peru,PE,2021-07-01,-1.5823647294589178,13.273255813953488,-2.370473537604457,-20.328673835125446,-5.805804176837538,12.925373134328359,105.12960893854749
Peru,PE,2021-08-01,6.61799591002045,19.953748006379584,5.88871834228703,-9.902642055736518,-1.234106412005457,11.673276250563317,92.12290502793296
Peru,PE,2021-09-01,7.4997875053123675,20.189873417721518,2.2443510246978455,-14.078605858361142,3.1866326819597846,11.811661267931512,92.18699654775604
Peru,PE,2021-10-01,14.148559670781893,24.729556386958844,7.827119509703779,-9.853386167146974,5.048039757040309,10.516201620162017,94.4829322887521
Peru,PE,2021-11-01,16.123676408301566,27.14887640449438,6.835269271383316,-9.329241071428571,6.411631205673759,10.887811634349031,96.33961153619776
Peru,PE,2021-12-01,22.916632443531828,43.571982281284605,14.661794871794871,-5.770675334055616,13.274716145112157,8.62433628318584,127.20034742327736
Peru,PE,2022-01-01,14.532121212121211,32.66976489885183,12.482935591480626,-9.316473988439306,9.921133018605943,12.164044943820224,103.92677345537757
Peru,PE,2022-02-01,24.820036264732547,36.797321972002436,18.801082929609574,-10.760128359406337,21.836798014272418,9.734251968503937,120.81580624601658
Peru,PE,2022-03-01,19.9410329402196,32.21487151448879,19.41150557139155,-19.199782844733985,35.013729977116704,11.713583556747096,132.42569124423963
Peru,PE,2022-04-01,18.584945332211944,29.16394366197183,21.34313987697245,-20.616504854368934,37.60900900900901,12.660009289363678,147.0355871886121
Peru,PE,2022-05-01,24.712345679012344,35.24525230602279,24.751686559418786,-15.647037572254336,45.70548547961279,11.079550561797753,150.911866359447
Peru,PE,2022-06-01,25.816744980777447,37.4708545557442,28.28985507246377,-14.997009345794392,48.82805842970176,11.637962962962963,160.8725845410628
Peru,PE,2022-07-01,31.92080033347228,40.75482093663912,36.84615384615385,-10.303985507246377,45.1628731894768,12.172086720867208,174.33313713949383
Peru,PE,2022-08-01,38.45262267343485,48.08741066520066,44.20249469214438,-5.077257889009793,49.42067736185383,12.39237668161435,191.71672555948174
Peru,PE,2022-09-01,37.10391304347826,46.5195246179966,40.41344583560152,-10.800074599030212,61.757814966845594,9.332258064516129,194.1813186813187
Peru,PE,2022-10-01,40.61792863359443,48.44596131968146,41.964500273074826,-7.014210919970083,56.15621079046424,9.275254865616311,194.6719512195122
Philippines,PH,2020-02-01,-1.0384615384615385,-0.7256410256410256,-0.4948717948717949,-2.9641025641025642,1.9461538461538461,1.4743589743589745,26.08974358974359
Philippines,PH,2020-03-01,-36.95657568238214,-23.589330024813897,-25.39578163771712,-37.892059553349874,-26.71712158808933,14.563275434243176,174.77171215880892
Philippines,PH,2020-04-01,-77.05128205128206,-60.58076923076923,-52.575641025641026,-77.50897435897436,-62.1525641025641,31.174358974358974,361.07948717948716
Philippines,PH,2020-05-01,-68.00496277915633,-41.93796526054591,-49.89950372208437,-64.10173697270471,-47.26302729528536,26.629032258064516,299.0471464019851
Philippines,PH,2020-06-01,-49.526923076923076,-25.953846153846154,-35.32179487179487,-50.467948717948715,-34.01923076923077,21.396153846153847,218.72179487179488
Philippines,PH,2020-07-01,-45.11538461538461,-24.528535980148884,-27.8424317617866,-50.49875930521092,-32.83002481389578,20.893300248138956,203.50496277915633
Philippines,PH,2020-08-01,-45.88015463917526,-25.144986449864497,-26.435356200527703,-52.728362183754996,-32.795511221945134,20.573200992555833,208.6778711484594
Philippines,PH,2020-09-01,-44.45789473684211,-23.634013605442178,-24.414993306559573,-53.149595687331534,-31.817480719794343,20.252888318356867,201.5955369595537
Philippines,PH,2020-10-01,-43.859801488833746,-19.62406947890819,-29.991315136476427,-51.63647642679901,-30.792803970223325,19.055831265508687,195.45657568238212
Philippines,PH,2020-11-01,-38.27564102564103,-16.335897435897436,-27.02179487179487,-49.493589743589745,-29.72948717948718,17.72051282051282,180.15897435897435
Philippines,PH,2020-12-01,-25.69727047146402,1.3622828784119108,-8.205955334987593,-37.57940446650124,-28.01861042183623,17.37468982630273,143.88833746898263
Philippines,PH,2021-01-01,-36.10421836228288,-14.27047146401985,-21.620347394540943,-46.540942928039705,-28.333746898263026,17.23076923076923,168.35359801488835
Philippines,PH,2021-02-01,-33.239010989010985,-10.54532967032967,-22.832417582417584,-47.31730769230769,-28.951923076923077,16.27335164835165,163.28846153846155
Philippines,PH,2021-03-01,-28.648883374689827,-2.174937965260546,-18.708436724565757,-42.85732009925558,-25.12531017369727,16.49255583126551,146.39205955334987
Philippines,PH,2021-04-01,-33.12820512820513,-2.0448717948717947,-21.337179487179487,-47.1448717948718,-29.373076923076923,19.453846153846154,170.55128205128204
Philippines,PH,2021-05-01,-22.5136476426799,12.894540942928039,-13.250620347394541,-38.1575682382134,-22.199751861042184,17.48138957816377,141.6861042183623
Philippines,PH,2021-06-01,-20.592307692307692,15.442307692307692,-8.320512820512821,-38.008974358974356,-23.42051282051282,17.26923076923077,141.5897435897436
Philippines,PH,2021-07-01,-17.02605459057072,19.949131513647643,-7.612903225806452,-35.898263027295286,-21.944168734491313,16.84987593052109,140.0397022332506
Philippines,PH,2021-08-01,-20.253101736972706,17.841191066997517,-9.928039702233251,-39.80893300248139,-24.714640198511166,18.787841191067,153.8548387096774
Philippines,PH,2021-09-01,-17.28076923076923,19.906410256410258,-10.074358974358974,-38.98717948717949,-23.642307692307693,19.003846153846155,150.75384615384615
Philippines,PH,2021-10-01,-9.104218362282879,27.996277915632753,-0.2270471464019851,-32.707196029776675,-18.063275434243177,16.870967741935484,139.07071960297768
Philippines,PH,2021-11-01,5.574358974358974,39.81153846153846,14.233333333333333,-20.91923076923077,-15.697435897435897,15.566666666666666,139.90769230769232
Philippines,PH,2021-12-01,20.410669975186103,57.62779156327544,24.684863523573203,-7.251861042183623,-16.199751861042184,11.153846153846153,182.8275434243176
Philippines,PH,2022-01-01,0.26178660049627794,37.85235732009926,7.106699751861042,-23.023573200992555,-12.179900744416873,16.508684863523573,143.79900744416872
Philippines,PH,2022-02-01,11.965659340659341,44.10027472527472,16.697802197802197,-14.817307692307692,-3.7293956043956045,15.938186813186814,142.3914835164835
Philippines,PH,2022-03-01,19.818858560794045,51.51861042183623,50.05334987593052,1.477667493796526,7.073200992555831,18.27171215880893,181.87841191066997
Philippines,PH,2022-04-01,21.887179487179488,56.68211068211068,62.94230769230769,9.71025641025641,5.776923076923077,18.514102564102565,209.6885456885457
Philippines,PH,2022-05-01,32.626550868486355,68.44582814445828,67.1439205955335,22.28411910669975,9.679900744416873,17.32382133995037,236.36612702366128
Philippines,PH,2022-06-01,32.973076923076924,67.72657252888318,62.733333333333334,22.54230769230769,15.898717948717948,17.656410256410258,229.99101412066753
Philippines,PH,2022-07-01,32.19975186104218,66.47766749379653,56.31017369727047,23.462779156327542,14.013647642679901,18.692307692307693,222.2605459057072
Philippines,PH,2022-08-01,39.61538461538461,76.74441687344913,63.56575682382134,27.815136476426797,16.936724565756823,19.404466501240694,253.8709677419355
Philippines,PH,2022-09-01,40.073076923076925,78.73974358974358,61.16538461538462,24.48846153846154,31.601282051282052,16.68846153846154,261.75384615384615
Philippines,PH,2022-10-01,44.04615384615385,81.96666666666667,62.45897435897436,26.433333333333334,39.92820512820513,15.1,274.16410256410256
Poland,PL,2020-02-01,4.154974058199865,1.0261603375527426,3.9150943396226414,4.356077435734687,4.2392672094744634,0.16378896882494004,44.395833333333336
Poland,PL,2020-03-01,-28.280613467529356,-11.629528795811519,-16.535639656373345,-31.009208633093525,-17.21024330042313,8.91933240611961,158.66369426751592
Poland,PL,2020-04-01,-49.599514563106794,-26.26744062200447,-29.66938680345069,-52.75108225108225,-38.01062120671189,16.054262438172824,241.54248810333107
Poland,PL,2020-05-01,-20.898260543111,-7.362179151388161,19.977001939595457,-34.69775010612707,-21.184721352536005,9.137400599661062,157.23076923076923
Poland,PL,2020-06-01,4.002234636871509,5.505483870967741,64.08327736736065,-16.59088831327137,-11.856248369423428,3.9923180099987805,153.6406497622821
Poland,PL,2020-07-01,15.998218738867118,13.702851790174854,104.62609011627907,-3.883512816623692,-14.022524752475247,1.4026078929148396,176.202868852459
Poland,PL,2020-08-01,14.92123629112662,11.293557708652049,122.89501312335958,-0.2930859176410778,-20.031975130454093,0.7791327913279132,214.44205052005944
Poland,PL,2020-09-01,9.013769641989308,7.832919163864932,70.41958372753075,3.7342963449332456,-6.9990849938999595,-1.3239123177923668,126.22458100558659
Poland,PL,2020-10-01,-8.671747294013695,2.5480016481252576,16.499045541314427,-13.167876722477404,-10.019725486972959,4.009969028261711,102.24844923277833
Poland,PL,2020-11-01,-25.66650780412248,-6.238069176882662,-7.233094262295082,-32.7170451194338,-23.29695991847826,10.210266433494496,144.25544174135723
Poland,PL,2020-12-01,-14.067173785839673,1.924642521657447,-9.091317365269461,-29.492866407263293,-25.9341273100616,9.832170542635659,151.89229805886038
Poland,PL,2021-01-01,-30.298567066008925,-11.558659217877095,-8.61654135338346,-34.12322885358523,-22.443061964403427,9.499899739322238,154.73782542113324
Poland,PL,2021-02-01,-20.65775950668037,-2.44198640396359,-7.868087402212031,-24.444248355527034,-15.634219632125296,6.547727272727273,113.97651794699765
Poland,PL,2021-03-01,-16.708643388666285,6.136017523730051,-2.289814579629159,-23.349527272727272,-14.661079615479418,5.9735296948695735,115.5749686323714
Poland,PL,2021-04-01,-19.012872467222884,8.860681449432125,18.46753986332574,-21.36376063183475,-19.255460185263875,6.8319872370126635,152.45523415977962
Poland,PL,2021-05-01,6.003696857670979,18.25345221267805,63.70853005980485,-1.9734830759631883,-8.976333800610208,1.571540495544021,157.02710843373495
Poland,PL,2021-06-01,26.41232575201761,32.28826019157942,116.44510035419127,13.213640922768304,-3.7097706032285473,-1.879089754858873,210.53163404642694
Poland,PL,2021-07-01,31.237468596722096,36.26073752711497,133.6828020464384,17.891723912332353,-11.42283975992765,-1.676764789939983,229.73229398663696
Poland,PL,2021-08-01,34.10066046966732,40.887814748201436,120.32125143075162,21.19847707333223,-11.020128691635044,-0.5359722623519214,235.52598844957797
Poland,PL,2021-09-01,21.15747277731243,37.31593652212785,80.86940966010734,19.116976705212,-1.7372448979591837,-1.8613367257070164,172.78695468022025
Poland,PL,2021-10-01,14.257800045547711,33.52037098376946,47.097003856422425,12.14317637669593,0.7687747035573123,-1.0500980392156862,133.75173420956554
Poland,PL,2021-11-01,2.9978065111983376,22.570199625013785,10.507507507507508,-0.1815852682145717,-6.321343739395996,2.8766796058524933,114.27027027027027
Poland,PL,2021-12-01,8.353115052296499,28.219978746014878,5.037958450884842,-5.56114005516396,-10.537477447925209,5.007194934765924,134.27777777777777
Poland,PL,2022-01-01,-6.171222859714254,16.61768219832736,-0.3989098116947473,-12.250535987748851,-8.586507610037021,5.994334559188948,116.27319422150883
Poland,PL,2022-02-01,2.8954556741991557,21.82855789722946,9.894965277777779,-5.899196992995045,-4.164862159949049,3.9492216854535696,94.87898550724638
Poland,PL,2022-03-01,7.6784670712519665,28.79776357827476,33.71778042959427,12.150128040973112,10.110087214085898,2.059340659340659,112.14882032667876
Poland,PL,2022-04-01,12.130720488148322,33.26164596273292,38.07065048241519,13.527342447482495,5.244085106382979,2.714070805335473,151.53816499614496
Poland,PL,2022-05-01,23.711982109227872,39.70165252344797,91.22851078882208,25.65506329113924,9.269993390614673,0.1706656346749226,199.02374010828822
Poland,PL,2022-06-01,27.222780774889653,45.85025466893039,116.74401256380055,31.99047454104607,7.228788266393792,-0.4391607020296107,236.8732970027248
Poland,PL,2022-07-01,29.052447973054253,49.859747861323726,120.04906367041198,33.3206132879046,-2.527229154615321,1.135076892937604,231.5347616965457
Poland,PL,2022-08-01,34.07992722862341,50.62964995061999,139.84212614042048,35.92808798646362,-4.467760554089709,2.691971080669711,268.8791609667123
Poland,PL,2022-09-01,22.750627915321132,43.87069061698092,69.77906976744185,30.074965846994534,9.50383631713555,0.7150595882990249,171.86296296296297
Poland,PL,2022-10-01,20.765887077722656,41.00156880322725,65.00067980965329,29.793966403839562,13.753665189226048,0.5216341316160193,165.58629032258065
Portugal,PT,2020-02-01,4.764672036823936,3.845601436265709,26.03745019920319,5.412955465587045,-7.726541554959786,0.5946142649199417,63.921195652173914
Portugal,PT,2020-03-01,-41.63100861350375,-18.229014331675927,-31.241463414634147,-37.955597543693905,-30.295760293518143,13.809734513274336,196.86679536679537
Portugal,PT,2020-04-01,-70.97793063915162,-39.04482652747927,-56.85997171145686,-70.6225,-57.49891966214889,30.58056133056133,326.52370990237097
Portugal,PT,2020-05-01,-49.790304709141274,-20.02955523672884,-7.302745664739884,-50.34712950600801,-38.197755102040816,20.517079419299744,219.49574885546107
Portugal,PT,2020-06-01,-24.21443298969072,-7.12267767620171,29.538139145012572,-35.16406619385343,-25.22036036036036,13.802657288003127,155.83840432724813
Portugal,PT,2020-07-01,-10.274170274170274,1.9565464356716842,76.79546506247108,-25.288973384030417,-20.536873647411355,8.874504147133068,166.9075511644319
Portugal,PT,2020-08-01,3.133101348412353,10.024747937671862,97.9694589877836,-19.96795827123696,-27.50309023485785,7.7208063902624575,189.55064935064934
Portugal,PT,2020-09-01,-8.770079939094023,2.5915151515151513,38.126120741183506,-17.99671268902038,-17.549494060712714,6.1169630642954855,116.33790401567092
Portugal,PT,2020-10-01,-15.01381059751973,3.20293609671848,9.098516546215292,-17.244079265345576,-11.174270379067426,7.338940285954584,102.40401505646173
Portugal,PT,2020-11-01,-26.795474325500436,-3.665873252008331,-26.012722646310433,-30.659645763523216,-14.56865127582017,11.288776421554035,135.18387293830176
Portugal,PT,2020-12-01,-20.062623972796825,5.389132340052585,-24.240942028985508,-31.889810972798525,-27.86159456323554,13.738182847438438,155.60422783323546
Portugal,PT,2021-01-01,-50.544800884955755,-16.30802919708029,-43.50815217391305,-44.98465011286682,-30.104936198791133,16.981899109792284,218.27553310886645
Portugal,PT,2021-02-01,-62.158197217180884,-14.322695035460994,-45.72092159048681,-54.63707699852869,-41.231204379562044,20.509506928778602,243.86570743405275
Portugal,PT,2021-03-01,-49.04079382579934,2.6278195488721803,-21.455737704918032,-42.379356568364614,-31.43056926620599,15.43167701863354,185.9672514619883
Portugal,PT,2021-04-01,-27.355407750144593,13.580596565230492,-5.792873923257635,-27.017349397590362,-19.27208904109589,8.965507329692441,139.54005167958655
Portugal,PT,2021-05-01,-2.3364512471655328,24.091445427728612,20.474435196195007,-11.349427575908413,-7.179643765903308,3.8375035141973575,106.96211096075778
Portugal,PT,2021-06-01,5.506930109112356,30.490594660194176,47.07155797101449,-9.500776799585706,-13.572680412371135,4.505400795906765,141.00878477306003
Portugal,PT,2021-07-01,13.114862914862915,41.4967570754717,76.56722891566265,-4.169724770642202,-16.130173564753004,4.537548315847598,174.78136463683052
Portugal,PT,2021-08-01,33.38767042086544,58.09978768577495,126.22358859698156,2.6483279395900756,-24.440370058873004,4.575277777777778,236.84596169858452
Portugal,PT,2021-09-01,17.75216224276767,41.90374003678725,65.07600382409179,4.713347921225383,-12.567856526987411,3.2228813559322034,163.25597532767927
Portugal,PT,2021-10-01,11.350340136054422,35.18505338078292,30.025091056252528,6.2654774396642186,-9.530089845736565,2.379892987890735,127.65846802529866
Portugal,PT,2021-11-01,8.321428571428571,36.28065395095368,8.151868220168742,2.8215811965811963,-9.1672103004291845,3.532992036405006,105.27424982554082
Portugal,PT,2021-12-01,9.059581781724434,50.94808662118066,2.3353033884948777,-7.171747967479675,-21.75053906120418,7.596627038982582,156.3475935828877
Portugal,PT,2022-01-01,-3.6158846806105145,34.00650502661147,2.6227409638554215,-11.159206510681587,-13.876795673483183,9.348510882016036,122.84429530201342
Portugal,PT,2022-02-01,8.463085139805216,39.36962190352021,17.051168945743274,0.6788194444444444,-3.70113235567106,4.847972972972973,110.33670295489891
Portugal,PT,2022-03-01,4.139093484419264,34.83852025836759,10.70673076923077,9.113778705636744,-0.285119146808865,6.059212338198844,106.53481894150418
Portugal,PT,2022-04-01,14.633873343151693,40.66902057107768,44.29526339088092,17.992161254199328,-5.874956400418556,5.462893444989893,141.4227272727273
Portugal,PT,2022-05-01,16.921973608720595,43.88732394366197,53.00043459365493,24.752895752895753,3.0872437743520242,3.4107837687604223,145.8734939759036
Portugal,PT,2022-06-01,21.646812331637236,48.65956132221192,74.22901504124212,25.228359908883828,-4.692267773741567,4.289608177172061,177.58683584456782
Portugal,PT,2022-07-01,32.602695575739816,58.35575757575758,112.42798774259448,34.04925544100802,-3.237421115469896,3.022701793721973,219.32615894039736
Portugal,PT,2022-08-01,51.46900269541779,76.52583025830258,149.36541889483067,35.828939660222616,-15.459716430358633,6.428020919350399,285.0978647686833
Portugal,PT,2022-09-01,30.006036824630243,60.4233508826262,81.09446092977251,33.962253193960514,0.5051241966301894,3.7822648969217734,199.82882882882882
Portugal,PT,2022-10-01,28.163973668462,59.147571606475715,64.30333951762523,35.498823529411766,4.097864768683274,4.174216027874564,194.4569536423841
Puerto Rico,PR,2020-02-01,-0.6867469879518072,-2.84984520123839,3.675324675324675,0.6533333333333333,4.139455782312925,-0.2891566265060241,35.24444444444445
Puerto Rico,PR,2020-03-01,-38.11807580174927,-15.600289645184649,-44.93775933609958,-37.56774193548387,-26.48590466427473,9.37065637065637,174.29885057471265
Puerto Rico,PR,2020-04-01,-68.70219198790628,-39.63316214233309,-67.52181818181818,-78.07638888888889,-54.925284512617516,27.70552147239264,330.8
Puerto Rico,PR,2020-05-01,-45.72139303482587,-29.112837837837837,-47.40562248995984,-70.26451612903226,-36.57114228456914,21.072115384615383,243.79761904761904
Puerto Rico,PR,2020-06-01,-21.696250956388678,-18.994248741912294,-27.732954545454547,-60.806666666666665,-24.815762004175365,14.600760456273765,162.39772727272728
Puerto Rico,PR,2020-07-01,-18.404444444444444,-15.689383070301291,-26.539083557951482,-54.84516129032258,-27.018952618453866,13.591911764705882,143.5108695652174
Puerto Rico,PR,2020-08-01,-22.212951432129515,-17.56298200514139,-29.456431535269708,-56.08256880733945,-24.261595547309835,13.0561797752809,156.39344262295083
Puerto Rico,PR,2020-09-01,-21.514195583596216,-18.294416243654823,-31.010563380281692,-57.11594202898551,-21.739819004524886,12.477611940298507,161.12222222222223
Puerto Rico,PR,2020-10-01,-20.89210716871832,-17.76395427034297,-37.846666666666664,-55.87292817679558,-21.37455651292448,11.164435946462715,160.59677419354838
Puerto Rico,PR,2020-11-01,-22.4468085106383,-17.03191489361702,-44.72362869198312,-51.752808988764045,-26.85563751317176,11.981854838709678,166.86776859504133
Puerto Rico,PR,2020-12-01,-22.450765864332602,-12.545003543586109,-41.814498933901916,-49.60109289617486,-25.20558882235529,11.83271375464684,160.01612903225808
Puerto Rico,PR,2021-01-01,-22.382545454545454,-19.37121212121212,-33.205357142857146,-49.475935828877006,-24.96371997956055,11.12890625,161.832
Puerto Rico,PR,2021-02-01,-14.77366255144033,-11.578125,-32.282722513089006,-48.232142857142854,-18.96169014084507,6.343253968253968,131.63392857142858
Puerto Rico,PR,2021-03-01,-12.155455904334827,-8.938472418670438,-28.57372654155496,-44.46236559139785,-17.92986881937437,4.777972027972028,114.51612903225806
Puerto Rico,PR,2021-04-01,-12.704247104247104,-8.33532041728763,-31.466165413533833,-40.729281767955804,-19.86050156739812,5.904936014625228,121.91735537190083
Puerto Rico,PR,2021-05-01,-4.815119760479042,-5.464653902798233,-23.07231920199501,-31.956989247311828,-15.990673575129534,4.225865209471767,94.0725806451613
Puerto Rico,PR,2021-06-01,-3.547913446676971,-6.3041198501872655,-14.846376811594203,-27.333333333333332,-16.685967657798642,3.346014492753623,94.85833333333333
Puerto Rico,PR,2021-07-01,-1.841635687732342,-5.182212581344903,-10.405882352941177,-22.086021505376344,-20.12860759493671,4.077199281867146,95.29032258064517
Puerto Rico,PR,2021-08-01,-4.975317875841436,-4.832239241429614,-18.114583333333332,-28.736559139784948,-12.627380339680906,3.136283185840708,91.87096774193549
Puerto Rico,PR,2021-09-01,-6.981424148606811,-6.556306306306307,-19.780160857908847,-35.6,-8.331379861481087,2.5464285714285713,94.23333333333333
Puerto Rico,PR,2021-10-01,-5.185650887573964,-5.704727272727273,-22.99277108433735,-36.25268817204301,-6.00688924218336,2.112115732368897,90.64516129032258
Puerto Rico,PR,2021-11-01,-2.91711851278079,-3.2790346907993966,-17.730666666666668,-36.38333333333333,-10.088172043010752,2.471631205673759,92.925
Puerto Rico,PR,2021-12-01,-1.3544776119402986,2.710861423220974,-17.81679389312977,-33.25268817204301,-13.403481822836662,4.344768439108062,103.19354838709677
Puerto Rico,PR,2022-01-01,-11.997041420118343,-7.272396212672979,-17.274509803921568,-42.075268817204304,-18.807533539731683,8.887218045112782,125.69354838709677
Puerto Rico,PR,2022-02-01,-6.323770491803279,-3.300163132137031,-16.847887323943663,-38.458333333333336,-2.1750881316098707,4.386100386100386,91.89285714285714
Puerto Rico,PR,2022-03-01,-2.730134932533733,-5.039444850255661,-11.68421052631579,-35.54838709677419,2.821734475374732,5.168384879725086,81.01612903225806
Puerto Rico,PR,2022-04-01,-4.267023718439174,-5.028379387602689,-13.113564668769715,-39.55555555555556,-4.973495306460519,6.040816326530612,94.25833333333334
Puerto Rico,PR,2022-05-01,-2.819954988747187,-1.9851411589895989,-13.900584795321638,-35.586021505376344,-2.348476750400855,6.6105072463768115,84.94354838709677
Puerto Rico,PR,2022-06-01,-4.1292307692307695,-3.8874622356495467,-11.611464968152866,-39.17777777777778,-6.556928034371643,7.673431734317343,92.65
Puerto Rico,PR,2022-07-01,-4.66887417218543,-6.261764705882353,-12.392441860465116,-35.54644808743169,-13.919498170412965,9.5717017208413,109.05645161290323
Puerto Rico,PR,2022-08-01,-3.422818791946309,-1.7454954954954955,-11.976470588235294,-29.27956989247312,-3.1545741324921135,8.024734982332156,76.35483870967742
Puerto Rico,PR,2022-09-01,-10.667177914110429,-5.851047323506594,-25.964285714285715,-40.7183908045977,-10.974933333333333,5.644688644688645,107.82352941176471
Puerto Rico,PR,2022-10-01,-1.4938650306748467,-6.408256880733945,-21.914438502673796,-39.55681818181818,-1.8169642857142858,4.820610687022901,87.25
Qatar,QA,2020-02-01,-1.3666666666666667,0.9,8.533333333333333,-2.3333333333333335,3.933333333333333,1,21.2
Qatar,QA,2020-03-01,-29.629032258064516,-10.612903225806452,-22.806451612903224,-31.225806451612904,-12.32258064516129,11.516129032258064,129.24193548387098
Qatar,QA,2020-04-01,-57.85,-29.466666666666665,-51.31666666666667,-58.416666666666664,-38.5,24.266666666666666,259.81666666666666
Qatar,QA,2020-05-01,-53.33870967741935,-20.870967741935484,-44.17741935483871,-51.70967741935484,-40.016129032258064,24.14516129032258,234.3548387096774
Qatar,QA,2020-06-01,-26.416666666666668,10.2,-15.266666666666667,-34.516666666666666,-17.8,15.583333333333334,122.38333333333334
Qatar,QA,2020-07-01,-14.870967741935484,16.048387096774192,3.4516129032258065,-27.822580645161292,-9.612903225806452,12.306451612903226,89.40322580645162
Qatar,QA,2020-08-01,-12.17741935483871,13.516129032258064,8.32258064516129,-30.64516129032258,-9.274193548387096,10.887096774193548,89.30645161290323
Qatar,QA,2020-09-01,-9.1,16.616666666666667,3.1666666666666665,-17.666666666666668,-2.8833333333333333,6.4,61.06666666666667
Qatar,QA,2020-10-01,-8.225806451612904,20.112903225806452,7.258064516129032,-10.016129032258064,-1.8387096774193548,4.338709677419355,54.88709677419355
Qatar,QA,2020-11-01,-5.433333333333334,20.4,9.7,-8.233333333333333,-1.6833333333333333,3.7333333333333334,51.25
Qatar,QA,2020-12-01,-2.7903225806451615,20.677419354838708,10.403225806451612,1.6935483870967742,-6.5,3.2580645161290325,51.25806451612903
Qatar,QA,2021-01-01,-7.67741935483871,13.258064516129032,-1.2580645161290323,-4.096774193548387,-4.983870967741935,1.3225806451612903,41.854838709677416
Qatar,QA,2021-02-01,-8.178571428571429,14.392857142857142,-4.660714285714286,-11.035714285714286,-8.589285714285714,0.8392857142857143,52.69642857142857
Qatar,QA,2021-03-01,-6.967741935483871,16.612903225806452,-4.5,-9.887096774193548,-8.82258064516129,0.43548387096774194,52.354838709677416
Qatar,QA,2021-04-01,-17.816666666666666,16.283333333333335,-16.85,-17.066666666666666,-13.7,6.75,88.96666666666667
Qatar,QA,2021-05-01,-14,20.629032258064516,-12.064516129032258,-14.193548387096774,-17.725806451612904,6.838709677419355,86.3225806451613
Qatar,QA,2021-06-01,-5.983333333333333,22.1,-8.766666666666667,-5.616666666666666,-4.966666666666667,0.9,50.266666666666666
Qatar,QA,2021-07-01,-8.17741935483871,18.516129032258064,-17.032258064516128,-7.096774193548387,-13.161290322580646,2.5483870967741935,70.5
Qatar,QA,2021-08-01,-7.629032258064516,16.14516129032258,-20.806451612903224,-3.0806451612903225,-7.516129032258065,0.6290322580645161,58.354838709677416
Qatar,QA,2021-09-01,-1.7666666666666666,22.35,-12.7,-0.26666666666666666,-3.6666666666666665,-0.8166666666666667,47.7
Qatar,QA,2021-10-01,2.806451612903226,27,-1.9193548387096775,3.5161290322580645,-0.06451612903225806,-1.3064516129032258,48.064516129032256
Qatar,QA,2021-11-01,8.116666666666667,29.433333333333334,8.6,10.433333333333334,2.8333333333333335,-1.2666666666666666,63.983333333333334
Qatar,QA,2021-12-01,13.193548387096774,31.516129032258064,23.79032258064516,12.14516129032258,-0.1935483870967742,0.4838709677419355,90.51612903225806
Qatar,QA,2022-01-01,1.1129032258064515,28.032258064516128,-3.7903225806451615,-4.435483870967742,1.064516129032258,5.709677419354839,59.5
Qatar,QA,2022-02-01,11.339285714285714,35.910714285714285,13.339285714285714,8.089285714285714,11.053571428571429,1.8571428571428572,87.94642857142857
Qatar,QA,2022-03-01,11.580645161290322,36.03225806451613,8.67741935483871,19.85483870967742,15.612903225806452,2.3225806451612905,96.2741935483871
Qatar,QA,2022-04-01,1.6666666666666667,38.45,3.0833333333333335,15.966666666666667,14.383333333333333,8.716666666666667,90.16666666666667
Qatar,QA,2022-05-01,8.161290322580646,34.08064516129032,10.629032258064516,19.161290322580644,4.629032258064516,6.080645161290323,103.35483870967742
Qatar,QA,2022-06-01,8,33.06666666666667,-1.8333333333333333,19.816666666666666,13.383333333333333,4.35,87.18333333333334
Qatar,QA,2022-07-01,0.43548387096774194,25.580645161290324,-9.612903225806452,7.258064516129032,3.193548387096774,6.790322580645161,79.29032258064517
Qatar,QA,2022-08-01,6.564516129032258,37.854838709677416,-5.306451612903226,1.2258064516129032,14.451612903225806,6.129032258064516,81.24193548387096
Qatar,QA,2022-09-01,11.383333333333333,45.8,2.5166666666666666,8.1,18.633333333333333,3.533333333333333,98.73333333333333
Qatar,QA,2022-10-01,18.166666666666668,53.8,16.8,13.733333333333333,22.3,2.4,128.4
Romania,RO,2020-02-01,2.7092113184828417,3.2067689053410895,6.143505388542257,5.069334836527621,5.418345477925418,-0.928521373510862,39.35834068843778
Romania,RO,2020-03-01,-30.43525179856115,-15.652073139325264,-16.912093912093912,-27.270827959762702,-21.519792822789494,7.488475836431227,145.13418389793225
Romania,RO,2020-04-01,-63.48786717752235,-38.54445927903872,-38.96649916247906,-57.1001300390117,-48.494902367375154,17.588830255057168,268.58086124401916
Romania,RO,2020-05-01,-39.98205445544554,-16.419912303327315,-20.959613696224757,-37.0520202020202,-30.569685767097965,9.601415094339623,176.27986829727186
Romania,RO,2020-06-01,-10.53523871386814,0.3028449880350971,1.2005813953488371,-13.701967124764215,-19.548224852071005,2.5245296938399115,98.69186326432354
Romania,RO,2020-07-01,-5.073339628580422,3.2305093555093554,26.133236994219654,-8.176998153521499,-19.442127773322643,-0.021231422505307858,102.11232996928477
Romania,RO,2020-08-01,-4.465859564164649,5.442150370081808,47.58166666666666,-9.922773146116718,-24.773617387561867,-0.7867107195301027,127.70568278201866
Romania,RO,2020-09-01,-4.3375,6.00351617440225,24.601287553648067,-9.047940074906368,-17.92874240471368,-1.0455635491606714,95.36804657179819
Romania,RO,2020-10-01,-15.559769417475728,3.4967337339952964,-5.319676549865229,-11.713530655391121,-15.537364130434783,1.8298660587061841,81.15068493150685
Romania,RO,2020-11-01,-27.200756381972898,-4.568760151597185,-26.341070453304205,-27.90671544290567,-26.00535286660093,7.046884452510587,127.67947129285419
Romania,RO,2020-12-01,-25.801597051597053,-0.39030813800368713,-17.017651778550416,-28.6079617031998,-34.57623049219688,8.622723330442325,140.10526315789474
Romania,RO,2021-01-01,-31.84447852760736,-10.885646059962856,-22.858425779186476,-34.073953371772376,-26.88271261812118,7.482697426796806,142.20264317180616
Romania,RO,2021-02-01,-22.760497144776622,0.2114084092913849,-22.243076016499707,-23.75501554111331,-19.05508029416179,3.2751339426410335,107.43167701863354
Romania,RO,2021-03-01,-21.843807199511897,5.5889864325618515,-19.950094928125846,-21.302905631267677,-16.019382435503275,2.982579376229278,100.8169014084507
Romania,RO,2021-04-01,-15.682485170152981,11.504589707927677,-5.699943278502553,-16.64780382646187,-20.755537098560353,1.6592958975851033,100.99410278011794
Romania,RO,2021-05-01,-4.979299847792999,15.217627856365615,19.299886299033542,-6.5525313010342945,-12.149874055415617,-2.068040654997177,112.1423076923077
Romania,RO,2021-06-01,3.731516290726817,22.82010582010582,28.969066032123735,-2.285955530537574,-9.947170337329245,-3.203941730934019,118.09201077199282
Romania,RO,2021-07-01,9.28834355828221,26.561632653061224,47.166715758468335,3.4973879571075064,-16.91557911908646,-4.671309192200557,146.47217314487634
Romania,RO,2021-08-01,18.207512315270936,33.09105914718019,61.93736298152208,7.317086527929901,-21.5789330430049,-3.8833379849288305,180.4047619047619
Romania,RO,2021-09-01,9.848636790974616,27.045693713652728,31.15518274415818,1.1022917831190608,-13.681268251981644,-3.0882774433935225,125.8204099821747
Romania,RO,2021-10-01,-10.977884040645547,14.109473684210526,1.4175467099918764,-13.670535478765498,-14.902209944751382,0.5089595375722543,93.86947626841244
Romania,RO,2021-11-01,-14.888405346596208,12.341744377399891,-6.064730290456431,-16.156316916488223,-15.502422145328719,1.649051094890511,95.83909962484368
Romania,RO,2021-12-01,-8.58958145137007,16.703004520074447,-2.328394396551724,-16.765907915157786,-21.177724487077004,2.7789086796720386,119.26488456865128
Romania,RO,2022-01-01,-18.333534743202417,6.836664002131628,-15.174200370076658,-21.318181818181817,-13.860769973782254,4.294868077703682,105.11645774363122
Romania,RO,2022-02-01,-12.504796559708899,13.629991126885537,-10.553709198813056,-15.538176638176639,-5.779183611989757,2.0895381715362866,84.43010752688173
Romania,RO,2022-03-01,-13.69161944527289,9.521156936261383,0.973920130399348,-16.953398558187434,-3.4769189479334406,2.2571508693213684,83.63842723956222
Romania,RO,2022-04-01,-8.749770009199633,11.507202216066482,18.70540618675918,-13.864667747163695,-14.568301350390902,1.7889447236180904,109.47923875432527
Romania,RO,2022-05-01,-0.8876270173341303,16.565334773218144,35.48819124423963,-6.156718380226137,-1.0566840516058194,-1.9469250210614997,100.3446790176648
Romania,RO,2022-06-01,0.1198501872659176,16.416829200334355,45.84573170731707,-6.3494203289296305,-12.377697340943895,-1.3594110854503465,120.7177969959035
Romania,RO,2022-07-01,2.2081295843520783,18.656753069577082,50.7942302031204,-3.7933949801849405,-15.64911308203991,-1.1728891441700173,131.8258007898201
Romania,RO,2022-08-01,9.843865030674847,24.416734143049933,66.29794520547945,-3.031650536228093,-22.95455151272824,1.0341518487157777,162.99102736653208
Romania,RO,2022-09-01,2.225339087546239,18.51919359293013,28.482238010657195,-7.291173304628633,-9.103713009491903,-0.5700609225413403,103.32696482848459
Romania,RO,2022-10-01,-1.4150366748166259,15.232596685082873,25.441073512252043,-9.259479956663055,-4.252601156069364,-0.7157210401891253,93.57399486740805
Russia,RU,2020-02-01,6.603921568627451,5.811764705882353,4.1686274509803924,5.6117647058823525,-1.8392156862745097,0.3568627450980392,43.55294117647059
Russia,RU,2020-03-01,-2.844402277039848,4.580645161290323,5.836812144212524,-1.5294117647058822,-8.696394686907022,2.3415559772296017,75.04743833017078
Russia,RU,2020-04-01,-52.049019607843135,-24.69607843137255,-41.36862745098039,-46.17843137254902,-46.233333333333334,15.566666666666666,227.77843137254902
Russia,RU,2020-05-01,-38.296015180265655,-12.696394686907022,-3.6963946869070208,-30,-36.17457305502846,6.9184060721062615,156.37001897533207
Russia,RU,2020-06-01,-19.38235294117647,-0.6470588235294118,44.42549019607843,-11.054901960784314,-26.227450980392156,1.0588235294117647,118.89019607843137
Russia,RU,2020-07-01,-9.64516129032258,2.2941176470588234,68.69259962049335,-0.9791271347248577,-26.98481973434535,-2.3036053130929792,129.60531309297912
Russia,RU,2020-08-01,-4,2.3453510436432636,60.51814516129032,4.282732447817837,-25.54459203036053,-2.77988614800759,115.56048387096774
Russia,RU,2020-09-01,-4.301960784313725,1.7470588235294118,43.366598778004075,7.617647058823529,-21.13137254901961,-1.4431372549019608,89.21384928716904
Russia,RU,2020-10-01,-12.100569259962048,-0.2846299810246679,12.28842504743833,4.924098671726755,-18.041745730550286,2.44022770398482,72.41366223908918
Russia,RU,2020-11-01,-17.05686274509804,-4.3313725490196076,-14.901960784313726,-6.201960784313726,-20.7921568627451,5.915686274509804,81.4
Russia,RU,2020-12-01,-14.734345351043643,-1.3130929791271346,-13.827324478178369,-4.546489563567363,-16.842504743833018,5.294117647058823,76.22770398481974
Russia,RU,2021-01-01,-26.4573055028463,-16.98292220113852,-13.48956356736243,-18.039848197343453,-30.011385199240987,6.878557874762809,123.66603415559773
Russia,RU,2021-02-01,-20.235294117647058,-8.974789915966387,-23.997899159663866,-10.220588235294118,-16.42436974789916,4.36344537815126,96.08193277310924
Russia,RU,2021-03-01,-12.96584440227704,-1.6850094876660342,-9.184060721062618,-0.888045540796964,-15.64516129032258,2.4838709677419355,62.27134724857685
Russia,RU,2021-04-01,-8.162745098039215,3.296078431372549,14.586274509803921,7.154901960784314,-10.519607843137255,-0.041176470588235294,62.06666666666667
Russia,RU,2021-05-01,-5.652751423149905,5.616698292220113,52.05882352941177,9.385199240986717,-21.595825426944973,-2.8026565464895636,114.27703984819735
Russia,RU,2021-06-01,-3.723529411764706,8.613725490196078,58.490196078431374,11.025490196078431,-22.605882352941176,-4.103921568627451,117.97058823529412
Russia,RU,2021-07-01,-8.140417457305503,4.730550284629981,54.25237191650854,7.189753320683112,-28.67931688804554,-3.827324478178368,119.93168880455408
Russia,RU,2021-08-01,-3.747628083491461,6.848197343453511,55.081593927893735,9.833017077798862,-28.074003795066414,-2.836812144212524,118.80075901328273
Russia,RU,2021-09-01,-3.4215686274509802,7.988235294117647,26.515686274509804,11.086274509803921,-23.050980392156863,-0.3411764705882353,85.02352941176471
Russia,RU,2021-10-01,-8.25426944971537,5.829222011385199,15.607210626185958,6.036053130929791,-17.351043643263758,1.7893738140417457,68.49146110056925
Russia,RU,2021-11-01,-17.205882352941178,0.6725490196078432,-6.850980392156862,-3.2509803921568627,-20.83529411764706,4.7784313725490195,74.58235294117647
Russia,RU,2021-12-01,-8.250474383301707,6.527514231499051,-7.297912713472486,1.445920303605313,-13.495256166982923,3.6717267552182165,60.73434535104364
Russia,RU,2022-01-01,-19.76280834914611,-8.110056925996204,-3.5028462998102468,-10.908918406072106,-27.00189753320683,6.620493358633776,96.99240986717268
Russia,RU,2022-02-01,-16.191176470588236,-2.9243697478991595,-11.161764705882353,-7.031512605042017,-19.630252100840337,5.6344537815126055,74.74579831932773
Russia,RU,2022-03-01,-18.062618595825427,-6.239089184060721,-18.282732447817835,-4.52561669829222,-10.578747628083491,2.829222011385199,77.03795066413662
Russia,RU,2022-04-01,-18.192156862745097,-7.033333333333333,4.852941176470588,1.2784313725490195,-8.980392156862745,0.30196078431372547,70.39607843137254
Russia,RU,2022-05-01,-17.669829222011384,-7.7685009487666035,25.23339658444023,0.47438330170777987,-19.263757115749527,-1.1783681214421253,94.43453510436433
Russia,RU,2022-06-01,-14.750980392156864,-6.172549019607843,42.85294117647059,6.982352941176471,-21.149019607843137,-3.372549019607843,105.15882352941176
Russia,RU,2022-07-01,-18.31878557874763,-7.889943074003795,47.32258064516129,6.098671726755218,-26.180265654648956,-4.098671726755218,121.43833017077799
Russia,RU,2022-08-01,-15.055028462998102,-2.5654648956356736,50.03984819734345,9.005692599620494,-27.417457305502847,-0.888045540796964,121.49146110056925
Russia,RU,2022-09-01,-17.733333333333334,-3.033333333333333,16.415686274509802,7.4372549019607845,-22.445098039215686,-0.4764705882352941,88.95294117647059
Russia,RU,2022-10-01,-19.764705882352942,-4.631372549019608,7.141176470588236,3.4784313725490197,-15.20392156862745,-0.01568627450980392,73.12941176470588
Rwanda,RW,2020-02-01,-0.6986301369863014,-2.68,6.083333333333333,4.061224489795919,2.949275362318841,0.4852941176470588,25.089285714285715
Rwanda,RW,2020-03-01,-21.102739726027398,-19.45806451612903,-5.548387096774194,-22,-19.83783783783784,11.4140625,109.95238095238095
Rwanda,RW,2020-04-01,-63.92307692307692,-61.8,-23.083333333333332,-69.77358490566037,-49.961783439490446,36.125,312.0681818181818
Rwanda,RW,2020-05-01,-36.37748344370861,-28.967741935483872,-15.846774193548388,-42.92913385826772,-25.298305084745763,19.614814814814814,163.99115044247787
Rwanda,RW,2020-06-01,-24.16551724137931,-18.7,-10.333333333333334,-27.1,-18.790560471976402,15.26086956521739,109.13513513513513
Rwanda,RW,2020-07-01,-12.033112582781458,-17.36774193548387,-4.798387096774194,-22.095833333333335,-22.948787061994608,16.007142857142856,97.73913043478261
Rwanda,RW,2020-08-01,-11.115384615384615,-15.345238095238095,-2.625,-17.217391304347824,-22.397540983606557,14.941176470588236,87.37288135593221
Rwanda,RW,2020-09-01,9.608247422680412,-18.40776699029126,4.1875,-27.70689655172414,-22.102473498233216,20.604477611940297,109.85915492957747
Rwanda,RW,2020-10-01,8.629139072847682,-12.451612903225806,-2.2096774193548385,-17.829787234042552,-22.79575596816976,14.735099337748345,86.14166666666667
Rwanda,RW,2020-11-01,10.780821917808218,-13.92,2.3333333333333335,-15.004484304932735,-17.459610027855152,13.813793103448276,82.19827586206897
Rwanda,RW,2020-12-01,11.966666666666667,-10.915584415584416,22.951612903225808,-11.274336283185841,-16.18548387096774,18.271523178807946,107.40677966101696
Rwanda,RW,2021-01-01,-26.730263157894736,-42.851612903225806,-8.516129032258064,-46.791666666666664,-30.929347826086957,34.636986301369866,221.890756302521
Rwanda,RW,2021-02-01,-30.138686131386862,-40.42142857142857,-16.232142857142858,-50.354679802955665,-31.749262536873157,30.395522388059703,220.17592592592592
Rwanda,RW,2021-03-01,-5.3133333333333335,-20.309677419354838,-1.314516129032258,-31.21900826446281,-20.04255319148936,17.43708609271523,121.4201680672269
Rwanda,RW,2021-04-01,2.6027397260273974,-10.881944444444445,11.566666666666666,-12.701923076923077,-18.4585635359116,16.58219178082192,105.64864864864865
Rwanda,RW,2021-05-01,21.16778523489933,1.7593984962406015,24.451612903225808,-5.057142857142857,-6.219718309859155,13.5,98.96
Rwanda,RW,2021-06-01,27.68840579710145,4.44,35.84166666666667,-10.248780487804877,0.7456647398843931,14.36986301369863,124.08510638297872
Rwanda,RW,2021-07-01,-21.165562913907284,-29.28476821192053,17.298387096774192,-47.98804780876494,-32.05149051490515,37.80821917808219,227.1140350877193
Rwanda,RW,2021-08-01,21.770833333333332,-1.0202702702702702,35.33064516129032,-9.594594594594595,-13.713498622589531,20.106666666666666,131.19266055045873
Rwanda,RW,2021-09-01,42,3.612403100775194,40.84873949579832,1.6269430051813472,-1.7790368271954675,13.705479452054794,136.77319587628867
Rwanda,RW,2021-10-01,46.276595744680854,4.746153846153846,44.768595041322314,6.971014492753623,5.065527065527066,11,149.5744680851064
Rwanda,RW,2021-11-01,50.82962962962963,4.388888888888889,48.225,2.973684210526316,9.169054441260744,10.945205479452055,161
Rwanda,RW,2021-12-01,46.744360902255636,6.328125,51.64754098360656,2.116883116883117,4.461325966850829,14.801324503311259,171.33333333333334
Rwanda,RW,2022-01-01,36.05714285714286,1.1705426356589148,49.17213114754098,-0.9617021276595744,8.416666666666666,20.4,159.11458333333334
Rwanda,RW,2022-02-01,43.436974789915965,6.1415929203539825,65.31132075471699,4.304761904761905,20.527156549520768,19.419117647058822,193.35443037974684
Rwanda,RW,2022-03-01,63.5546875,16.782258064516128,143.02272727272728,24.894444444444446,42.924764890282134,24.490066225165563,387.89473684210526
Rwanda,RW,2022-04-01,64.816,17.75206611570248,158.109756097561,28.56024096385542,31.321192052980134,29.910958904109588,418.962962962963
Rwanda,RW,2022-05-01,72.21705426356588,23.056451612903224,156.30337078651687,26.54054054054054,38.38263665594855,26.346666666666668,418.1551724137931
Rwanda,RW,2022-06-01,74.78225806451613,23.65,160.85882352941175,26.48148148148148,43.6764705882353,27.36986301369863,422.17857142857144
Rwanda,RW,2022-07-01,82.140625,25.10483870967742,185.45679012345678,28.656410256410258,35.726384364820845,28.82,433.6166666666667
Rwanda,RW,2022-08-01,87.68548387096774,26.862903225806452,233.56140350877192,28.463541666666668,34.9937106918239,31.33112582781457,471.4117647058824
Rwanda,RW,2022-09-01,81.01652892561984,24.991666666666667,246.54901960784315,25.649214659685864,42.30921052631579,28.102739726027398,486.3777777777778
Rwanda,RW,2022-10-01,79.05,21.483333333333334,246.74074074074073,23.473118279569892,49.47586206896552,26.424657534246574,477.32
Réunion,RE,2020-02-01,-3.4,-5.466666666666667,3.0588235294117645,-3.4482758620689653,-1.4615384615384615,NA,NA
Réunion,RE,2020-03-01,-50,-41.16129032258065,-44.696969696969695,-46.10144927536232,-33.857142857142854,NA,NA
Réunion,RE,2020-04-01,-90.33333333333333,-78.61538461538461,-92.375,-84.17543859649123,-57.16129032258065,NA,NA
Réunion,RE,2020-05-01,-74.5925925925926,-65.96153846153847,-74.76271186440678,-73.57352941176471,-38.8,NA,NA
Réunion,RE,2020-06-01,-62.93333333333333,-63.03846153846154,-73.5223880597015,-69.77027027027027,-21.692307692307693,NA,NA
Réunion,RE,2020-07-01,-31.363636363636363,-35.285714285714285,-39.229166666666664,-41.04109589041096,-26.344827586206897,NA,NA
Réunion,RE,2020-08-01,-0.9375,-7.153846153846154,14.058823529411764,-17.848484848484848,-32.6,NA,NA
Réunion,RE,2020-09-01,-26.043478260869566,-36.05882352941177,-18,-40.8125,-14.263157894736842,NA,NA
Réunion,RE,2020-10-01,-2.15625,-17.48148148148148,24.75,-21.757575757575758,-22.612903225806452,NA,NA
Réunion,RE,2020-11-01,-21.545454545454547,-31.26923076923077,-24.435897435897434,-44.01315789473684,-24.166666666666668,NA,NA
Réunion,RE,2020-12-01,3.96875,-0.8888888888888888,-4.846153846153846,-25.765625,-22.322580645161292,NA,NA
Réunion,RE,2021-01-01,24.580645161290324,12.423076923076923,40.03125,-4.666666666666667,-21.310344827586206,NA,NA
Réunion,RE,2021-02-01,-13.551724137931034,-19.625,-23.756756756756758,-44.04225352112676,-6.041666666666667,NA,NA
Réunion,RE,2021-03-01,-24.0625,-27.074074074074073,-49.6,-56.64,3.269230769230769,NA,NA
Réunion,RE,2021-04-01,85.65384615384616,124.29411764705883,3.210526315789474,2.69811320754717,102.75,NA,NA
Réunion,RE,2021-05-01,124.0909090909091,156.44444444444446,50.645161290322584,18.25,129.8,NA,NA
Réunion,RE,2021-06-01,177.25,221.42857142857142,62.266666666666666,54.6578947368421,NA,NA,NA
Réunion,RE,2021-07-01,NA,242,122.3157894736842,114.16666666666667,43,NA,NA
Réunion,RE,2021-08-01,NA,NA,125.42857142857143,140.17391304347825,NA,NA,NA
Réunion,RE,2021-09-01,NA,NA,138.8,122.8,NA,NA,NA
Réunion,RE,2021-10-01,NA,NA,183.28571428571428,161.9,NA,NA,NA
Réunion,RE,2021-11-01,NA,NA,238.66666666666666,196.46153846153845,55,NA,NA
Réunion,RE,2021-12-01,75,22,198.25,171.35714285714286,148,NA,NA
Réunion,RE,2022-01-01,96,25,168,158.6,NA,NA,NA
Réunion,RE,2022-02-01,33.5,-81,97.28571428571429,112.72727272727273,-38,NA,NA
Réunion,RE,2022-03-01,NA,NA,179.77777777777777,142.34782608695653,NA,NA,NA
Réunion,RE,2022-04-01,NA,NA,166.5,141.34782608695653,135,NA,NA
Réunion,RE,2022-05-01,NA,NA,187.625,151.0909090909091,179,NA,NA
Réunion,RE,2022-06-01,NA,NA,156.85714285714286,150.45454545454547,NA,NA,NA
Réunion,RE,2022-07-01,NA,NA,195.6,168.1304347826087,189,NA,NA
Réunion,RE,2022-08-01,NA,NA,247,183.93333333333334,NA,NA,NA
Réunion,RE,2022-09-01,NA,NA,244,179.8235294117647,NA,NA,NA
Réunion,RE,2022-10-01,NA,NA,242,189.85714285714286,NA,NA,NA
Saudi Arabia,SA,2020-02-01,-2.9952380952380953,-0.014285714285714284,0.7010309278350515,-6.42,1.0523809523809524,1.6616161616161615,31.38255033557047
Saudi Arabia,SA,2020-03-01,-23,-6.426267281105991,-22.880299251870323,-38.15,-17.62442396313364,9.04679802955665,137.08227848101265
Saudi Arabia,SA,2020-04-01,-55.84047619047619,-28.12142857142857,-56.774358974358975,-70.46060606060605,-43.82380952380952,22.23380281690141,290.91692307692307
Saudi Arabia,SA,2020-05-01,-50.97235023041475,-25.419354838709676,-56.42821782178218,-69.09439528023599,-40.28341013824885,21.719101123595507,276.7386018237082
Saudi Arabia,SA,2020-06-01,-22.04047619047619,-5.604761904761904,-24.890339425587467,-51.1438127090301,-21.12142857142857,11.626262626262626,164.19322033898305
Saudi Arabia,SA,2020-07-01,-10.921658986175116,0.8133640552995391,-2.453580901856764,-38.74426229508197,-20.65668202764977,8.868811881188119,132.2
Saudi Arabia,SA,2020-08-01,-13.408963585434174,-3.8255813953488373,5.318181818181818,-42.04329004329004,-24.369565217391305,7.75,141.6651376146789
Saudi Arabia,SA,2020-09-01,-15.642076502732241,-7.930555555555555,-5.733974358974359,-40.33196721311475,-21.283819628647215,8.034825870646767,125.45147679324894
Saudi Arabia,SA,2020-10-01,-15.852534562211982,-5.5368663594470044,-13.300248138957816,-33.27574750830565,-22.018433179723502,6.981566820276497,117.1827242524917
Saudi Arabia,SA,2020-11-01,-15.111904761904762,-7.642857142857143,-18.584615384615386,-31.123711340206185,-23.211904761904762,6.052380952380952,116.32302405498282
Saudi Arabia,SA,2020-12-01,-14.410138248847927,-5.663594470046083,-20.87593052109181,-32.17218543046358,-21.774193548387096,7.1036866359447,116.91059602649007
Saudi Arabia,SA,2021-01-01,-14.573732718894009,-6.679723502304148,-20.476426799007445,-28.88704318936877,-25.317972350230416,4.023041474654378,116.2624584717608
Saudi Arabia,SA,2021-02-01,-9.308673469387756,9.563775510204081,-17.28021978021978,-27.4029304029304,-19.21938775510204,2.2933673469387754,104.10989010989012
Saudi Arabia,SA,2021-03-01,0.4308755760368664,20.032258064516128,-11.260545905707197,-25.142857142857142,-15.099078341013826,2.967741935483871,95.90033222591362
Saudi Arabia,SA,2021-04-01,-2.926190476190476,23.13809523809524,-14.261538461538462,-28.423208191126278,-14.042857142857143,6.045238095238095,110.11262798634812
Saudi Arabia,SA,2021-05-01,7.216589861751152,29.850230414746544,5.115681233933162,-20.142857142857142,-19.73041474654378,5.135944700460829,115.55333333333333
Saudi Arabia,SA,2021-06-01,12.464285714285714,33.364285714285714,11.638121546961326,-14.38013698630137,-10.497619047619047,2.6,110.81849315068493
Saudi Arabia,SA,2021-07-01,16.944700460829495,38.684331797235025,13.5,-12.318936877076412,-15.131336405529954,3.456221198156682,130.79
Saudi Arabia,SA,2021-08-01,18.967741935483872,38.725806451612904,11.221024258760108,-14.32890365448505,-6.917050691244239,1.7465437788018434,121.80398671096346
Saudi Arabia,SA,2021-09-01,19.87142857142857,37.01904761904762,11.028497409326425,-13.743150684931507,-3.407142857142857,1.8214285714285714,113.4295532646048
Saudi Arabia,SA,2021-10-01,19.262672811059907,36.12442396313364,10.28287841191067,-7.3754152823920265,-1.4838709677419355,1.7419354838709677,103.4717607973422
Saudi Arabia,SA,2021-11-01,22.207142857142856,37.2,12.2,-1.3517241379310345,-2.019047619047619,1.6785714285714286,106.11724137931034
Saudi Arabia,SA,2021-12-01,24.244239631336406,40.61059907834101,9.56575682382134,1.1366666666666667,4.221198156682028,1.6912442396313363,110.06333333333333
Saudi Arabia,SA,2022-01-01,25.51152073732719,43.43778801843318,11.556390977443609,1.1033333333333333,6.306451612903226,2.6267281105990783,119.23
Saudi Arabia,SA,2022-02-01,25.857142857142858,43.329081632653065,20.22222222222222,2.1323529411764706,10.048469387755102,3.1301020408163267,127.86715867158672
Saudi Arabia,SA,2022-03-01,30.421658986175114,51.11059907834101,32.013020833333336,10.130872483221477,22.868663594470046,6.232718894009216,157.0841750841751
Saudi Arabia,SA,2022-04-01,18.09285714285714,49.7,26.601604278074866,4.670103092783505,19.13809523809524,12.08095238095238,144.3127147766323
Saudi Arabia,SA,2022-05-01,21.711981566820278,42.25806451612903,40.465425531914896,9.578073089700997,12.050691244239632,9.168202764976959,156.46308724832215
Saudi Arabia,SA,2022-06-01,24.597619047619048,45.135714285714286,36.06849315068493,10.684931506849315,21.82857142857143,8.652380952380952,146.4914089347079
Saudi Arabia,SA,2022-07-01,25.110599078341014,44.61290322580645,52.34180790960452,17.687707641196013,3.774193548387097,9.783410138248849,168.7591973244147
Saudi Arabia,SA,2022-08-01,29.032258064516128,46.986175115207374,50.504273504273506,12.43918918918919,14.359447004608295,9.352534562211982,163.90540540540542
Saudi Arabia,SA,2022-09-01,29.64761904761905,49.16428571428571,48.19113573407202,11.444827586206896,21.478571428571428,7.473809523809524,162.69204152249134
Saudi Arabia,SA,2022-10-01,29.057142857142857,49.74761904761905,48.68449197860963,13.219178082191782,28.466666666666665,7.185714285714286,170.65753424657535
Senegal,SN,2020-02-01,-3.2888888888888888,-2.7037037037037037,-3.298507462686567,-2.511111111111111,3.964071856287425,1.0535714285714286,18.933333333333334
Senegal,SN,2020-03-01,-20.306306306306308,-10.063953488372093,-10.871428571428572,-22.410526315789475,-5.142857142857143,6.5233644859813085,85.96774193548387
Senegal,SN,2020-04-01,-42.488188976377955,-26.732984293193716,-26,-57.47747747747748,-17.41592920353982,17.54255319148936,216.65
Senegal,SN,2020-05-01,-39.67424242424242,-21.654054054054054,-26.68243243243243,-55.271186440677965,-11.884057971014492,16.25,204.06451612903226
Senegal,SN,2020-06-01,-24.660714285714285,-10.846153846153847,-16.021897810218977,-42.4,-3.8664688427299705,9.62962962962963,134.96666666666667
Senegal,SN,2020-07-01,-13.376237623762377,-4.7784810126582276,-12.657342657342657,-28.258064516129032,-6.362068965517241,5.866071428571429,91.80645161290323
Senegal,SN,2020-08-01,-21.08433734939759,-14.054545454545455,-9.471264367816092,-33.45679012345679,-18.62780269058296,5.764150943396227,126.97872340425532
Senegal,SN,2020-09-01,-19.214285714285715,-9.507936507936508,-19.252336448598133,-24.9875,-19.410852713178294,5.824561403508772,88.98
Senegal,SN,2020-10-01,-25.682926829268293,-2.358490566037736,-31.62251655629139,-28.344086021505376,-29.41322314049587,3.1041666666666665,111.46774193548387
Senegal,SN,2020-11-01,-18.904347826086955,4.516339869281046,-26.716216216216218,-22.1,-20.156521739130437,2.475177304964539,77.66666666666667
Senegal,SN,2020-12-01,-16.4,16.91216216216216,-8.929078014184396,-12.774193548387096,-15.301939058171746,2.5616438356164384,65.5
Senegal,SN,2021-01-01,-24.87704918032787,5.3881578947368425,-9.090909090909092,-21,-16.7292817679558,3.1875,81.64516129032258
Senegal,SN,2021-02-01,-25.491071428571427,6,-21.1231884057971,-22.547619047619047,-23.622754491017965,-0.5378787878787878,83.75
Senegal,SN,2021-03-01,-20.448275862068964,10.025974025974026,-24.8,-20.161290322580644,-23.303523035230352,-0.6122448979591837,94.2258064516129
Senegal,SN,2021-04-01,-12.845454545454546,25.204225352112676,-23.226666666666667,-7,-14.13314447592068,-1.3309859154929577,70.61666666666666
Senegal,SN,2021-05-01,-0.94,42.125,-11.16891891891892,4.075268817204301,-17.457300275482094,-1.6206896551724137,95
Senegal,SN,2021-06-01,8.989010989010989,52.508620689655174,-1.6618705035971224,12.655555555555555,-10.464788732394366,-8.014084507042254,91.35
Senegal,SN,2021-07-01,5.666666666666667,51.28181818181818,-1.3142857142857143,15.494623655913978,-26.295081967213115,-5.289655172413793,115.16129032258064
Senegal,SN,2021-08-01,2.83,44.784,-1.5971223021582734,10.172043010752688,-31.26975476839237,-3.6027397260273974,86.87096774193549
Senegal,SN,2021-09-01,1.4444444444444444,40.59836065573771,-10.962686567164178,12.244444444444444,-30.73446327683616,-4.049295774647887,98.93333333333334
Senegal,SN,2021-10-01,8.777777777777779,52.30327868852459,-6.176470588235294,18.193548387096776,-26.11049723756906,-4.558620689655172,98.61290322580645
Senegal,SN,2021-11-01,14.822222222222223,54.56410256410256,-4.484848484848484,19.233333333333334,-15.144886363636363,-5.21830985915493,96.43333333333334
Senegal,SN,2021-12-01,19.440860215053764,58.042735042735046,-3.0303030303030303,24.623655913978496,-7.253443526170799,-2.9183673469387754,112.91935483870968
Senegal,SN,2022-01-01,11.666666666666666,47.77049180327869,-6.35,17.301075268817204,0.2206703910614525,2.027586206896552,88.37096774193549
Senegal,SN,2022-02-01,14.647058823529411,46.732142857142854,-4.774193548387097,22.702380952380953,10.018808777429467,5.901515151515151,102.875
Senegal,SN,2022-03-01,20.06451612903226,49.95967741935484,41.431372549019606,31.78494623655914,40.92880258899677,12.986394557823129,133.06451612903226
Senegal,SN,2022-04-01,8.48913043478261,48.36974789915966,38.73,25.31111111111111,41.827118644067795,18.43262411347518,133.1
Senegal,SN,2022-05-01,15.096774193548388,45.93333333333333,43.724489795918366,28.322580645161292,33.97427652733119,16.144827586206898,137.96774193548387
Senegal,SN,2022-06-01,18.955555555555556,51.24576271186441,47.43617021276596,36.611111111111114,39.855737704918035,15.32394366197183,148.9
Senegal,SN,2022-07-01,12.924731182795698,46.51724137931034,54.06122448979592,33.505376344086024,10.238095238095237,17.73611111111111,146.7741935483871
Senegal,SN,2022-08-01,14.385416666666666,50.21186440677966,63.23300970873787,33.333333333333336,14.640483383685801,19.717241379310344,146.98387096774192
Senegal,SN,2022-09-01,6.26595744680851,43.70247933884298,56.457142857142856,32.55555555555556,13.815873015873017,18.510791366906474,146.55
Senegal,SN,2022-10-01,14.91304347826087,54.1,61.03921568627451,38.53333333333333,15.878205128205128,15.442857142857143,156.96666666666667
Serbia,RS,2020-02-01,6.266666666666667,2.066666666666667,23.7,5.8,-3.9,-0.9666666666666667,55.166666666666664
Serbia,RS,2020-03-01,-30.548387096774192,-9.209677419354838,-22.951612903225808,-30.274193548387096,-25.693548387096776,9.870967741935484,167.32258064516128
Serbia,RS,2020-04-01,-69.03333333333333,-42.65,-51.516666666666666,-72.51666666666667,-66.83333333333333,22.316666666666666,325.3
Serbia,RS,2020-05-01,-35.77777777777778,-23.52777777777778,-5.861111111111111,-48.30555555555556,-39.666666666666664,9.833333333333334,180.91666666666666
Serbia,RS,2020-07-01,-15.948275862068966,-3.4310344827586206,25.448275862068964,-25.5,-27.017241379310345,4.051724137931035,110.05172413793103
Serbia,RS,2020-08-01,-9.483870967741936,-4.080645161290323,36.12903225806452,-20.870967741935484,-26.725806451612904,0.3870967741935484,108.90322580645162
Serbia,RS,2020-09-01,-3.95,3.1166666666666667,34.833333333333336,-9.483333333333333,-21,-0.6666666666666666,80.58333333333333
Serbia,RS,2020-10-01,-7.483870967741935,6.161290322580645,12.338709677419354,-2.3548387096774195,-15.225806451612904,0.43548387096774194,57.064516129032256
Serbia,RS,2020-11-01,-23.55,-0.35,-12.183333333333334,-20.666666666666668,-23.066666666666666,6.116666666666666,97.66666666666667
Serbia,RS,2020-12-01,-30.806451612903224,2.4838709677419355,-16.080645161290324,-29.29032258064516,-31.5,8.693548387096774,131.17741935483872
Serbia,RS,2021-01-01,-30.85483870967742,-10.919354838709678,-14.774193548387096,-30.35483870967742,-30.629032258064516,7.129032258064516,134.3709677419355
Serbia,RS,2021-02-01,-19.964285714285715,0.21428571428571427,-0.7857142857142857,-16.946428571428573,-22.107142857142858,3.2857142857142856,89.26785714285714
Serbia,RS,2021-03-01,-30.887096774193548,6.629032258064516,-1.9838709677419355,-17.112903225806452,-24.85483870967742,4.387096774193548,108.85483870967742
Serbia,RS,2021-04-01,-16.266666666666666,15.266666666666667,11.783333333333333,-4.15,-19.833333333333332,1.8166666666666667,93.45
Serbia,RS,2021-05-01,-3.3225806451612905,15.53225806451613,30.43548387096774,4.467741935483871,-17.177419354838708,-1.8548387096774193,99.46774193548387
Serbia,RS,2021-06-01,5.65,21.95,38.483333333333334,10.666666666666666,-12.65,-3.933333333333333,96.2
Serbia,RS,2021-07-01,2.629032258064516,16.983870967741936,35.20967741935484,9.225806451612904,-19.516129032258064,-4.758064516129032,97.87096774193549
Serbia,RS,2021-08-01,5.596774193548387,18.677419354838708,37.88709677419355,10.709677419354838,-22.35483870967742,-4.016129032258065,109.46774193548387
Serbia,RS,2021-09-01,9.466666666666667,27.683333333333334,32.8,16.516666666666666,-14.5,-2.45,106.95
Serbia,RS,2021-10-01,7.82258064516129,29.612903225806452,17.806451612903224,16.56451612903226,-8.03225806451613,-0.5161290322580645,92.61290322580645
Serbia,RS,2021-11-01,6.483333333333333,30.966666666666665,10.15,16.583333333333332,-7.583333333333333,0.18333333333333332,83.41666666666667
Serbia,RS,2021-12-01,9.870967741935484,36.806451612903224,-11.064516129032258,20.806451612903224,0.1774193548387097,0.16129032258064516,96.33870967741936
Serbia,RS,2022-01-01,-6.419354838709677,19.225806451612904,-10.14516129032258,-0.5,-19.822580645161292,5.951612903225806,99.61290322580645
Serbia,RS,2022-02-01,10.642857142857142,32.357142857142854,7.535714285714286,15.803571428571429,-3.625,1.5535714285714286,90.51785714285714
Serbia,RS,2022-03-01,9.241935483870968,31.822580645161292,12.17741935483871,18.967741935483872,8.306451612903226,0.1935483870967742,94.03225806451613
Serbia,RS,2022-04-01,10.95,32.05,26.066666666666666,22.25,-0.08333333333333333,-0.6833333333333333,126.15
Serbia,RS,2022-05-01,18.06451612903226,34.12903225806452,48.04838709677419,29.451612903225808,3.532258064516129,-2.7903225806451615,149.24193548387098
Serbia,RS,2022-06-01,18.833333333333332,35.36666666666667,48.93333333333333,32.06666666666667,3.3,-3.3833333333333333,146.61666666666667
Serbia,RS,2022-07-01,11.983870967741936,27.258064516129032,44.03225806451613,27.193548387096776,-8.5,-2.370967741935484,130.43548387096774
Serbia,RS,2022-08-01,15.370967741935484,30.56451612903226,47.04838709677419,25.451612903225808,-12.483870967741936,-0.0967741935483871,141.17741935483872
Serbia,RS,2022-09-01,18.25,37.6,32.05,34.63333333333333,-0.05,-1.8333333333333333,136.01666666666668
Serbia,RS,2022-10-01,24.1,42.733333333333334,36.666666666666664,44.6,8.6,-2.6,159.96666666666667
Singapore,SG,2020-02-01,-12.266666666666667,-10.266666666666667,-7.533333333333333,-14.4,-3.4,6.866666666666666,54.86666666666667
Singapore,SG,2020-03-01,-13.580645161290322,-4.516129032258065,-8.903225806451612,-19.258064516129032,-7.161290322580645,9.709677419354838,65.58064516129032
Singapore,SG,2020-04-01,-55.13333333333333,-16.833333333333332,-50.9,-60.733333333333334,-53.86666666666667,34.9,274.9
Singapore,SG,2020-05-01,-63.74193548387097,-18.967741935483872,-63.38709677419355,-65.16129032258064,-60,39,310.258064516129
Singapore,SG,2020-06-01,-48.06666666666667,-10.866666666666667,-49.8,-47.833333333333336,-38.733333333333334,29.6,224.96666666666667
Singapore,SG,2020-07-01,-27.129032258064516,-2.5483870967741935,-27.06451612903226,-36.774193548387096,-32.32258064516129,23.06451612903226,151.61290322580646
Singapore,SG,2020-08-01,-22.161290322580644,-1.903225806451613,-17,-32.70967741935484,-23.193548387096776,17.838709677419356,119.70967741935483
Singapore,SG,2020-09-01,-19.233333333333334,-1.9333333333333333,-17.4,-31.266666666666666,-20,16.066666666666666,107.5
Singapore,SG,2020-10-01,-17.70967741935484,2.4516129032258065,-14.451612903225806,-27.483870967741936,-14.64516129032258,14.387096774193548,93.90322580645162
Singapore,SG,2020-11-01,-15.766666666666667,2.1,-16.766666666666666,-27.333333333333332,-15.5,14.133333333333333,95.93333333333334
Singapore,SG,2020-12-01,-11.838709677419354,5.516129032258065,-3.6774193548387095,-25.096774193548388,-19.93548387096774,13.935483870967742,90.19354838709677
Singapore,SG,2021-01-01,-17.032258064516128,1.7741935483870968,-22.612903225806452,-24.870967741935484,-11.741935483870968,12.129032258064516,95.19354838709677
Singapore,SG,2021-02-01,-16.071428571428573,4.035714285714286,-14.178571428571429,-23.607142857142858,-16.107142857142858,12.5,93.14285714285714
Singapore,SG,2021-03-01,-12.516129032258064,3.3225806451612905,-12.741935483870968,-20.129032258064516,-10.129032258064516,11.516129032258064,73.90322580645162
Singapore,SG,2021-04-01,-12.633333333333333,6.333333333333333,-17.433333333333334,-18.333333333333332,-8.566666666666666,11.466666666666667,78.43333333333334
Singapore,SG,2021-05-01,-28.70967741935484,2.7096774193548385,-19.903225806451612,-32.096774193548384,-22.258064516129032,19.612903225806452,131.16129032258064
Singapore,SG,2021-06-01,-33.6,-0.16666666666666666,-14.933333333333334,-36.03333333333333,-23.233333333333334,21.233333333333334,133
Singapore,SG,2021-07-01,-24.032258064516128,5.483870967741935,-12.935483870967742,-28.741935483870968,-15.612903225806452,17.967741935483872,109.2258064516129
Singapore,SG,2021-08-01,-24,3.774193548387097,-12.67741935483871,-28.774193548387096,-14.32258064516129,17.483870967741936,108.25806451612904
Singapore,SG,2021-09-01,-18.766666666666666,2.2666666666666666,-9.333333333333334,-27.366666666666667,-14.833333333333334,16.3,94.46666666666667
Singapore,SG,2021-10-01,-22.967741935483872,1.6129032258064515,-11.548387096774194,-31.967741935483872,-16.225806451612904,18.548387096774192,107.06451612903226
Singapore,SG,2021-11-01,-16.433333333333334,2.8333333333333335,-8.2,-28.766666666666666,-18.6,17.3,101
Singapore,SG,2021-12-01,-6.387096774193548,8.096774193548388,5.806451612903226,-22.483870967741936,-19,14.387096774193548,84.6774193548387
Singapore,SG,2022-01-01,-8.96774193548387,12.419354838709678,-8,-20.193548387096776,-10.096774193548388,12.225806451612904,79.90322580645162
Singapore,SG,2022-02-01,-16.107142857142858,0.4642857142857143,-10.392857142857142,-26.25,-15.75,15.464285714285714,100
Singapore,SG,2022-03-01,-16.483870967741936,-2.6451612903225805,-17.677419354838708,-26.129032258064516,-9.451612903225806,13.096774193548388,90.83870967741936
Singapore,SG,2022-04-01,-14.333333333333334,-1.9,-20.5,-19.733333333333334,-5.333333333333333,10.1,79.23333333333333
Singapore,SG,2022-05-01,-9.451612903225806,-0.3548387096774194,-12.67741935483871,-17.06451612903226,-9.903225806451612,9.741935483870968,69.38709677419355
Singapore,SG,2022-06-01,-8.733333333333333,-3.933333333333333,-10.733333333333333,-15.1,-9,9.166666666666666,58.06666666666667
Singapore,SG,2022-07-01,-8.548387096774194,-3.4193548387096775,-10.741935483870968,-13.258064516129032,-6.580645161290323,9.838709677419354,57.74193548387097
Singapore,SG,2022-08-01,-5.387096774193548,-4.548387096774194,-4.903225806451613,-10.96774193548387,-5.032258064516129,10.709677419354838,48.774193548387096
Singapore,SG,2022-09-01,-4.533333333333333,-7.633333333333334,-2.066666666666667,-10.033333333333333,-4.7,8.3,40.86666666666667
Singapore,SG,2022-10-01,-4.733333333333333,-6.933333333333334,-3.8,-10.6,-3.7333333333333334,8.4,40.733333333333334
Slovakia,SK,2020-02-01,5.33926453143535,3.056410256410256,17.808873720136518,2.901081916537867,-3.7250698974836904,0.5136897001303781,56.77092511013216
Slovakia,SK,2020-03-01,-41.525220680958384,-15.658551810237203,-15.464898595943838,-39.093941456773315,-28.520922288642186,10.925925925925926,171.20302375809936
Slovakia,SK,2020-04-01,-66.481245576786975,-27.434177215189873,4.82089552238806,-53.071524966261805,-43.47217465753425,15.918018018018017,245.266846361186
Slovakia,SK,2020-05-01,-41.57005494505494,-16.565136476426797,17.307977736549166,-38.83975659229209,-27.971001757469246,10.436746987951807,189.5530303030303
Slovakia,SK,2020-06-01,-9.010921501706484,-0.8042498390212491,33.80299785867238,-17.432770022042614,-12.58184832159138,3.99803536345776,117.4489247311828
Slovakia,SK,2020-07-01,3.8126944617299316,1.896790434235368,101.59452736318408,-8.201881331403763,-19.865891472868217,2.0801796023091725,175.20689655172413
Slovakia,SK,2020-08-01,8.990224828934506,2.922760041194645,130.51904761904763,-6.551724137931035,-22.78464936499172,1.3002735978112174,215.98757763975155
Slovakia,SK,2020-09-01,0.18218954248366012,0.8620071684587813,57.67371601208459,-1.3976793248945147,-15.328835582208896,0.7562380038387716,120.13284132841328
Slovakia,SK,2020-10-01,-28.944891640866874,-4.284557907845579,-3.0569105691056913,-25.873793103448275,-17.962504831851565,7.2036939313984165,137.9863813229572
Slovakia,SK,2020-11-01,-32.23493568043331,-8.992852501624432,-5.300840336134454,-32.64730878186969,-24.759422614274257,10.02926559911651,146.55841584158415
Slovakia,SK,2020-12-01,-39.15782580222659,-6.618272841051314,-9.63275039745628,-36.32135593220339,-35.65769230769231,12.975444096133751,178.63703703703703
Slovakia,SK,2021-01-01,-63.8172255095332,-22.427250308261407,-17.328703703703702,-52.01512163050624,-36.92496111975117,16.33826754385965,231.58
Slovakia,SK,2021-02-01,-53.99502840909091,-7.978839590443686,-8.830258302583026,-44.018155410312275,-28.6633875106929,12.38592375366569,186.792656587473
Slovakia,SK,2021-03-01,-47.8793324775353,0.9442006269592477,-6.991638795986622,-40.50529100529101,-25.04861111111111,11.423596673596673,176.0952380952381
Slovakia,SK,2021-04-01,-32.66773367477593,3.8239528795811517,4.479427549194991,-29.786676116229625,-22.756292449061128,8.84524449220849,166.8258064516129
Slovakia,SK,2021-05-01,-2.4517734909769757,18.374420145791916,18.87202925045704,-5.211043872919818,-9.402182385035074,2.6790648246546227,116.04494382022472
Slovakia,SK,2021-06-01,15.43416149068323,27.691785471826204,63.50629722921914,7.052083333333333,-4.356743814844373,-0.5835515976951283,134.61111111111111
Slovakia,SK,2021-07-01,18.326726726726726,23.803676953381483,94.14356435643565,2.5626934984520124,-20.892331525948876,0.9426356589147287,193.2556818181818
Slovakia,SK,2021-08-01,23.070110701107012,27.70911528150134,91.74029126213593,6.277777777777778,-18.424912689173457,1.5740932642487047,207.38186813186815
Slovakia,SK,2021-09-01,13.960566851509551,23.98433242506812,58.98863636363637,10.736502820306205,-11.408546325878595,1.8535300316122234,153.5963060686016
Slovakia,SK,2021-10-01,4.176256814052089,25.2,29.792843691148775,0.9375,-9.33411214953271,2.502939604489578,102.36865342163355
Slovakia,SK,2021-11-01,-18.200267916945748,17.178211163416275,-5.832775919732441,-14.879821958456974,-17.338381825428456,7.496760259179266,123.41516966067864
Slovakia,SK,2021-12-01,-28.841755319148938,18.278497409326423,-6.945054945054945,-26.18636995827538,-30.36817832436587,11.584462982273202,169.841620626151
Slovakia,SK,2022-01-01,-20.55618686868687,11.0731548007838,-3.6145510835913313,-18.113112391930837,-16.586314152410576,8.437533802055166,121.37892791127541
Slovakia,SK,2022-02-01,-9.644192256341789,21.519650655021834,1.8882978723404256,-10.647487844408428,-10.9352487135506,6.793706293706293,97.40376569037657
Slovakia,SK,2022-03-01,-1.803886925795053,26.099403578528825,10.937282229965156,2.519362186788155,-5.680293096799074,4.213771839671121,96.68635437881873
Slovakia,SK,2022-04-01,1.1573170731707316,23.678867403314918,9.706405693950177,8.566720257234726,-8.742478941034898,3.8259219088937093,124.17880794701986
Slovakia,SK,2022-05-01,16.270319084888623,33.822916666666664,39.11752136752137,20.515738498789347,1.1984466019417475,0.021112255406797117,137.07235142118864
Slovakia,SK,2022-06-01,19.903703703703705,41.363896848137536,61.10361445783133,24.45530492898914,1.7256,-0.95822454308094,157.34670487106018
Slovakia,SK,2022-07-01,15.574085182963408,35.666432584269664,80.97058823529412,16.752226720647773,-14.991812865497076,2.016967126193001,194.12565445026178
Slovakia,SK,2022-08-01,22.13677811550152,40.742636746143056,100.35781990521328,19.43964110929853,-14.181783095329989,2.986734693877551,230.1662198391421
Slovakia,SK,2022-09-01,11.811850946854001,36.02779757662152,36.221556886227546,19.01955782312925,-5.627953544253104,2.370194839389152,151.32345679012346
Slovakia,SK,2022-10-01,11.243574051407588,40.03623188405797,25.69811320754717,22.0506993006993,3.33091202582728,1.287912087912088,123.57345971563981
Slovenia,SI,2020-02-01,3.9115646258503403,3.3765347885402455,6.5874125874125875,-3.1945392491467577,-8.617283950617283,0.7388059701492538,43.78048780487805
Slovenia,SI,2020-03-01,-44.12379875635953,-25.48951048951049,-30.90740740740741,-39.629434954007884,-31.84725620412443,8.66903073286052,196.70833333333334
Slovenia,SI,2020-04-01,-70.98681318681318,-43.05226480836237,-30.779264214046822,-55.09896432681243,-52.20461285008237,21.095238095238095,280.2173913043478
Slovenia,SI,2020-05-01,-25.781176470588235,-20.177377892030847,4.081911262798635,-36.82316313823163,-29.592565329407435,9.344660194174757,155.86666666666667
Slovenia,SI,2020-06-01,-4.824324324324325,-8.017879948914432,20.125,-22.90173410404624,-19.507357268981753,1.8591269841269842,110.68354430379746
Slovenia,SI,2020-07-01,-4.589856670341786,-9.764920828258221,40.990196078431374,-24.53409090909091,-27.509419152276294,0.906054279749478,133.3375796178344
Slovenia,SI,2020-08-01,-6.447368421052632,-15.71618625277162,39.785714285714285,-24.52956989247312,-36.0326831839747,1.5285714285714285,149.6860465116279
Slovenia,SI,2020-09-01,-3.102409638554217,-4.581261950286807,25.935064935064936,-3.8353808353808354,-13.835778321108394,0.19578313253012047,85.93693693693693
Slovenia,SI,2020-10-01,-30.186666666666667,-13.685350318471338,-16.39527027027027,-21.880494505494507,-20.809511087363077,7.402083333333334,128.0222222222222
Slovenia,SI,2020-11-01,-61.056179775280896,-32.109570041608876,-31.098726114649683,-47.91888619854721,-35.635402170887836,17.43574051407589,225.77717391304347
Slovenia,SI,2020-12-01,-56.92087912087912,-26.89696169088507,-31.680781758957654,-50.63859649122807,-41.06696311797018,18.44960362400906,234.37113402061857
Slovenia,SI,2021-01-01,-63.00219538968167,-34.60349462365591,-32.57566765578635,-48.71779859484778,-33.64518828451883,16.492890995260662,236.69430051813472
Slovenia,SI,2021-02-01,-45.707581227436826,-16.682089552238807,-10.424242424242424,-37.69733333333333,-28.399343871160156,11.513641755634637,175.52662721893492
Slovenia,SI,2021-03-01,-34.637061403508774,-5.318361955085865,-7.257627118644068,-22.498039215686273,-17.41434159061278,7.187992125984252,128.42328042328043
Slovenia,SI,2021-04-01,-36.33956043956044,-9.37669376693767,-4.090909090909091,-29.986945169712794,-26.33305670816044,10.610874200426439,155.91758241758242
Slovenia,SI,2021-05-01,-14.388075313807532,5.335968379446641,8.109848484848484,-10.91575663026521,-9.240957150806901,3.909184726522188,103.14792899408285
Slovenia,SI,2021-06-01,1.0033670033670035,11.93234100135318,43.08490566037736,-5.955555555555556,-12.55818431911967,-0.08108108108108109,110.72727272727273
Slovenia,SI,2021-07-01,1.1601307189542485,8.941253263707571,44.72769953051643,-12.790490341753344,-24.446802794196667,-0.009950248756218905,118.51552795031056
Slovenia,SI,2021-08-01,6.366817155756208,11.998666666666667,59.595,-10.144654088050315,-25.252969762419006,1.7597597597597598,139.10828025477707
Slovenia,SI,2021-09-01,4.621651785714286,11.887118193891101,51.39593908629442,2.4288256227758005,-9.71096527208094,0.6133200795228628,101.14935064935065
Slovenia,SI,2021-10-01,-3.80293501048218,7.0494652406417115,13.91699604743083,-13.348837209302326,-10.929109684621825,2.249224405377456,82.1775147928994
Slovenia,SI,2021-11-01,-10.459488272921108,8.50730411686587,-14.33910034602076,-18.2274011299435,-10.436514522821577,5.750255885363357,94.2707182320442
Slovenia,SI,2021-12-01,-2.9402985074626864,20.05859375,-5.103448275862069,-20.981382978723403,-16.729885057471265,6.090188305252726,116.55913978494624
Slovenia,SI,2022-01-01,-14.971638655462185,3.5019607843137255,-10.959866220735785,-22.826558265582655,-12.407150776053214,8.598290598290598,106.56382978723404
Slovenia,SI,2022-02-01,-4.358760429082241,11.43421052631579,-5.3688212927756656,-18.936936936936938,-12.15697499246761,6.076062639821029,94.97041420118343
Slovenia,SI,2022-03-01,-0.9493392070484582,11.813471502590673,1.638783269961977,-9.028530670470756,-1.5511228533685602,2.311004784688995,74.54301075268818
Slovenia,SI,2022-04-01,-0.35480225988700564,10.397834912043301,3.1735537190082646,-8.555052790346908,-9.270761245674741,2.1385099685204616,112.82941176470588
Slovenia,SI,2022-05-01,7.287793952967525,14.357992073976222,22.523605150214593,1.5584615384615383,-0.25918762088974856,-0.8451676528599605,118.41916167664671
Slovenia,SI,2022-06-01,13.334098737083812,20.220293724966623,51.205128205128204,3.8114374034003093,-2.4155488639474405,-2.2652259332023577,133.15384615384616
Slovenia,SI,2022-07-01,5.245454545454545,14.785225718194255,46.05911330049261,-0.17194570135746615,-17.942538354253834,0.4369834710743802,140.73456790123456
Slovenia,SI,2022-08-01,10.656908665105387,16.687837837837836,69.13705583756345,2.8438948995363216,-20.547499338449324,3.0775193798449614,173.11320754716982
Slovenia,SI,2022-09-01,10.421412300683372,23.39671682626539,30.453271028037385,9.889789303079416,-2.323513215859031,0.400990099009901,122.7125748502994
Slovenia,SI,2022-10-01,9.008928571428571,23.75824175824176,29.008695652173913,11.933774834437086,2.1662763466042154,-0.21729957805907174,123.6829268292683
South Africa,ZA,2020-02-01,-3.7733333333333334,-4.793333333333333,-5.913333333333333,0.6896551724137931,2.6466666666666665,-0.15333333333333332,40.11724137931034
South Africa,ZA,2020-03-01,-16.05483870967742,-6.532258064516129,-11.067741935483872,-18.856666666666666,-11.887096774193548,6.858064516129033,99.63666666666667
South Africa,ZA,2020-04-01,-70.82333333333334,-44.47666666666667,-37.336666666666666,-71.63513513513513,-61.00333333333333,30.466666666666665,316.2432432432432
South Africa,ZA,2020-05-01,-48.08709677419355,-23.25483870967742,-29.93548387096774,-54.03934426229508,-34.37096774193548,20.780645161290323,211.45245901639345
South Africa,ZA,2020-06-01,-30.19,-12.556666666666667,-19.393333333333334,-43.50337837837838,-22.296666666666667,15.676666666666666,145.58783783783784
South Africa,ZA,2020-07-01,-25.941935483870967,-10.474193548387097,-17.548387096774192,-41.627450980392155,-22.283870967741937,15.26774193548387,134.98366013071896
South Africa,ZA,2020-08-01,-19.892617449664428,-6.298701298701299,-8.96551724137931,-39.691629955947135,-19.032467532467532,12.064516129032258,120.57709251101322
South Africa,ZA,2020-09-01,-16.20618556701031,-5.357859531772576,-9.799242424242424,-29.645569620253166,-17.82608695652174,10.016666666666667,102.0295358649789
South Africa,ZA,2020-10-01,-14.6,-1.7838709677419355,-27.438709677419354,-24.259136212624586,-14.806451612903226,9.406451612903226,98.5813953488372
South Africa,ZA,2020-11-01,-12.93,-0.23666666666666666,-28.786666666666665,-22.436426116838486,-11.15,9.036666666666667,94.70790378006873
South Africa,ZA,2020-12-01,-5.709677419354839,8.329032258064515,-4.7290322580645165,-17.21523178807947,-27.361290322580643,12.009677419354839,110.7251655629139
South Africa,ZA,2021-01-01,-28.174193548387098,-10.841935483870968,-26.993548387096773,-39.52333333333333,-30.490322580645163,17.009677419354837,158.77
South Africa,ZA,2021-02-01,-15.667857142857143,-1.417857142857143,-34.167857142857144,-29.47426470588235,-17.485714285714284,10.907142857142857,117.90441176470588
South Africa,ZA,2021-03-01,-9.487096774193548,6.693548387096774,-33.6258064516129,-18.72093023255814,-12.958064516129033,9.4,100.0299003322259
South Africa,ZA,2021-04-01,-5.926666666666667,11.096666666666666,-26.11,-10.962199312714777,-16.846666666666668,11.51,103.67697594501718
South Africa,ZA,2021-05-01,-0.6387096774193548,20.35483870967742,-26.338709677419356,-3.4982817869415808,-4.2064516129032254,10.86774193548387,97.80412371134021
South Africa,ZA,2021-06-01,-3.09,20.406666666666666,-14.173333333333334,-3.3879003558718863,-6.65,13.693333333333333,97.56583629893238
South Africa,ZA,2021-07-01,-8.361290322580645,18.825806451612902,-12.64516129032258,-8.567567567567568,-15.906451612903226,18.648387096774194,122.63851351351352
South Africa,ZA,2021-08-01,2.0838709677419356,24.3,-7.258064516129032,4.663157894736842,-3.2806451612903227,13.796774193548387,110.6561403508772
South Africa,ZA,2021-09-01,9.753333333333334,30.566666666666666,-0.37666666666666665,14.052238805970148,-0.57,11.603333333333333,114.2910447761194
South Africa,ZA,2021-10-01,14.37741935483871,35.13870967741936,0.5419354838709678,18.032608695652176,3.1193548387096772,9.63225806451613,113.60507246376811
South Africa,ZA,2021-11-01,14.506666666666666,35.49,-2.58,19.37313432835821,4.773333333333333,9.826666666666666,114.20149253731343
South Africa,ZA,2021-12-01,24.758064516129032,44.00967741935484,26.1,20.06597222222222,-17.90967741935484,12.012903225806452,177.42361111111111
South Africa,ZA,2022-01-01,13.651612903225807,32.04838709677419,16.096774193548388,17.427083333333332,0.8548387096774194,11.561290322580644,129.92361111111111
South Africa,ZA,2022-02-01,19.142857142857142,37.339285714285715,16.025,29.622489959839356,18.064285714285713,8.607142857142858,138.48192771084337
South Africa,ZA,2022-03-01,24.429032258064517,37.487096774193546,80.98387096774194,39.37218045112782,22.996774193548386,12.703225806451613,223.78947368421052
South Africa,ZA,2022-04-01,24.15,37.97666666666667,89.92666666666666,52.569721115537845,18.06,14.866666666666667,253.5577689243028
South Africa,ZA,2022-05-01,24.532258064516128,39.8741935483871,80.00322580645161,54.23938223938224,28.629032258064516,14.45483870967742,247.09652509652508
South Africa,ZA,2022-06-01,25.846666666666668,39.78666666666667,87.48,56.75,24.10333333333333,15.753333333333334,258.59765625
South Africa,ZA,2022-07-01,30.23548387096774,42.903225806451616,93.66129032258064,59.45669291338583,24.474193548387095,14.612903225806452,266.6732283464567
South Africa,ZA,2022-08-01,30.967741935483872,44.438709677419354,91.56774193548387,63.24513618677043,32.61290322580645,17.316129032258065,280.88715953307394
South Africa,ZA,2022-09-01,33.88666666666666,46.663333333333334,95.54333333333334,62.670731707317074,34.12,13.056666666666667,280.9918699186992
South Africa,ZA,2022-10-01,38.42,49.626666666666665,104.04,68.88617886178862,28.406666666666666,13.346666666666666,297.5365853658537
South Korea,KR,2020-02-01,-19.066666666666666,-5.033333333333333,-7.566666666666666,-15.433333333333334,-4.066666666666666,6.566666666666666,67.46666666666667
South Korea,KR,2020-03-01,-22.85483870967742,-2.161290322580645,23.193548387096776,-19.370967741935484,-7.951612903225806,8.209677419354838,91.87096774193549
South Korea,KR,2020-04-01,-13.683333333333334,5.3,44.06666666666667,-11.716666666666667,-8.533333333333333,6.333333333333333,93.2
South Korea,KR,2020-05-01,-6.032258064516129,10.903225806451612,48.87096774193548,-5.983870967741935,-7.032258064516129,3.9516129032258065,88.41935483870968
South Korea,KR,2020-06-01,-6.15,8.95,39.916666666666664,-5.233333333333333,-2.466666666666667,2.1666666666666665,66.31666666666666
South Korea,KR,2020-07-01,-6.064516129032258,6.306451612903226,38.11290322580645,-7.5,-3.532258064516129,2.306451612903226,68.30645161290323
South Korea,KR,2020-08-01,-14.306451612903226,5.419354838709677,23.032258064516128,-15.387096774193548,-14.419354838709678,5.209677419354839,85.41935483870968
South Korea,KR,2020-09-01,-20,11.75,38.28333333333333,-12.033333333333333,-12.333333333333334,5.25,106.75
South Korea,KR,2020-10-01,-12,9.016129032258064,55.20967741935484,-0.3548387096774194,-10.435483870967742,2.5806451612903225,98.7258064516129
South Korea,KR,2020-11-01,-14.45,6.166666666666667,15.583333333333334,-2.2666666666666666,-3.1666666666666665,2.3666666666666667,54.53333333333333
South Korea,KR,2020-12-01,-26.096774193548388,4.483870967741935,-0.3387096774193548,-18.274193548387096,-14.838709677419354,9.85483870967742,86.14516129032258
South Korea,KR,2021-01-01,-25.096774193548388,3,-4.193548387096774,-21.338709677419356,-16.548387096774192,10.629032258064516,95.19354838709677
South Korea,KR,2021-02-01,-11.839285714285714,14.321428571428571,13.803571428571429,-13.982142857142858,-15.357142857142858,6.982142857142857,83.85714285714286
South Korea,KR,2021-03-01,-4.354838709677419,17.887096774193548,27.983870967741936,-6.516129032258065,-6.112903225806452,3.596774193548387,73
South Korea,KR,2021-04-01,-2.9166666666666665,21.266666666666666,47.983333333333334,-2.3333333333333335,-2.85,2.1333333333333333,85.45
South Korea,KR,2021-05-01,-0.1774193548387097,23.93548387096774,49.645161290322584,-1.564516129032258,-7.048387096774194,2.9516129032258065,99.93548387096774
South Korea,KR,2021-06-01,5.05,23.616666666666667,54.65,2.433333333333333,0.3333333333333333,1.4833333333333334,93.46666666666667
South Korea,KR,2021-07-01,-3.274193548387097,20.919354838709676,35.04838709677419,-7.5,-5.854838709677419,4.806451612903226,83.7258064516129
South Korea,KR,2021-08-01,-3.5806451612903225,21.822580645161292,40.306451612903224,-8.903225806451612,-10.693548387096774,6.080645161290323,96.09677419354838
South Korea,KR,2021-09-01,1.9166666666666667,28.966666666666665,57.9,-3.5833333333333335,-9.883333333333333,4.183333333333334,115.3
South Korea,KR,2021-10-01,7.145161290322581,24.14516129032258,56.596774193548384,-0.14516129032258066,-3.935483870967742,2.870967741935484,102.96774193548387
South Korea,KR,2021-11-01,8.766666666666667,21.583333333333332,40.916666666666664,2.216666666666667,0.11666666666666667,1.5166666666666666,81.35
South Korea,KR,2021-12-01,2.0806451612903225,19.451612903225808,18.20967741935484,-5.806451612903226,-2.4516129032258065,4.629032258064516,64.95161290322581
South Korea,KR,2022-01-01,-1.5483870967741935,22.419354838709676,16.822580645161292,-9.209677419354838,-9.306451612903226,6.306451612903226,69.64516129032258
South Korea,KR,2022-02-01,-6.267857142857143,12.125,17.125,-15.321428571428571,-11.285714285714286,7.946428571428571,75.32142857142857
South Korea,KR,2022-03-01,-13.806451612903226,7.967741935483871,6.161290322580645,-21.516129032258064,-6.596774193548387,6.854838709677419,74.83870967741936
South Korea,KR,2022-04-01,-4.2,11.65,27.95,-11.233333333333333,3.0833333333333335,1.0666666666666667,64.85
South Korea,KR,2022-05-01,5.145161290322581,17.548387096774192,39.903225806451616,-4.209677419354839,2.806451612903226,-1.3225806451612903,81.74193548387096
South Korea,KR,2022-06-01,2.1666666666666665,13.616666666666667,26.9,-8.033333333333333,1.4666666666666666,0.23333333333333334,72.11666666666666
South Korea,KR,2022-07-01,1.8387096774193548,12.612903225806452,16.693548387096776,-10.048387096774194,0.8548387096774194,0.8064516129032258,55.53225806451613
South Korea,KR,2022-08-01,0.46774193548387094,14.080645161290322,19.596774193548388,-12.5,-5.290322580645161,4.064516129032258,69.54838709677419
South Korea,KR,2022-09-01,0.35,15.366666666666667,31.016666666666666,-9.983333333333333,-3.55,0.2833333333333333,84.41666666666667
South Korea,KR,2022-10-01,1.9,10.833333333333334,32.8,-10.6,-5.1,0.8666666666666667,81.23333333333333
Spain,ES,2020-02-01,2.64021164021164,1.6935312831389184,23.593650793650795,8.59041394335512,-0.638095238095238,-1.0898395721925134,54.198689956331876
Spain,ES,2020-03-01,-51.58832565284178,-26.236047107014848,-40.58320532514081,-45.26537046768261,-34.323092677931385,14.387316561844864,234.2920634920635
Spain,ES,2020-04-01,-89.0121693121693,-54.488865323435846,-74.94550264550264,-81.02156334231806,-65.44973544973546,27.50849315068493,391.86633663366337
Spain,ES,2020-05-01,-65.40501792114695,-28.40102827763496,-18.8678955453149,-55.09289050337312,-43.33845366103431,17.15557883708748,238.35684210526315
Spain,ES,2020-06-01,-27.88835978835979,-9.297872340425531,19.094179894179895,-33.88058095750404,-23.96825396825397,7.258271077908217,133.63813651137596
Spain,ES,2020-07-01,-12.285714285714286,-0.7784120394395433,60.83358934971838,-17.90704960835509,-19.9621095750128,2.2377260981912146,136.98783712321523
Spain,ES,2020-08-01,-7.021443514644352,3.9120218579234973,83.06628571428571,-17.60686796921255,-23.713913496612818,3.053312629399586,178.91200502828409
Spain,ES,2020-09-01,-17.19924812030075,-2.0910093767236626,27.95492957746479,-20.49502050380785,-16.46709470304976,3.5024025627335824,104.37901758641601
Spain,ES,2020-10-01,-26.925755248335893,-0.212987012987013,2.2416794674859193,-17.06892950391645,-13.259600614439323,5.659640102827764,93.81048173636844
Spain,ES,2020-11-01,-39.52910052910053,-1.6258760107816712,-11.313756613756613,-26.790183387270766,-17.51005291005291,8.847872340425532,119.59198242723778
Spain,ES,2020-12-01,-29.114183307731693,5.8443519000520565,-11.966717869943677,-26.971264367816094,-25.506912442396313,9.319794344473008,129.17718832891248
Spain,ES,2021-01-01,-45.92268305171531,-9.254042775169536,-26.08141321044547,-37.57680250783699,-29.575012800819252,11.904786412763768,170.12652844231792
Spain,ES,2021-02-01,-45.386054421768705,-3.112327188940092,-12.790816326530612,-31.716763005780347,-21.37641723356009,8.680523917995444,134.92605633802816
Spain,ES,2021-03-01,-30.579621095750127,4.395844155844156,5.470046082949309,-20.92110762800418,-16.72811059907834,5.216452442159383,104.33809523809524
Spain,ES,2021-04-01,-29.341269841269842,3.9817400644468313,8.55079365079365,-20.762547220723153,-18.094179894179895,5.700850159404888,112.24015317286653
Spain,ES,2021-05-01,-19.842805939580135,9.987473903966597,21.04915514592934,-10.61760083813515,-11.234511008704557,2.449305198147195,94.49973361747469
Spain,ES,2021-06-01,-10.675132275132276,14.763851533082303,41.26031746031746,-2.0869800108049703,-14.117989417989419,0.565356004250797,104.91831140350877
Spain,ES,2021-07-01,-4.680491551459293,21.534096824570536,76.93599590373783,5.970726607422896,-20.602150537634408,-0.2879177377892031,158.70344827586206
Spain,ES,2021-08-01,5.300051203277009,29.88186095138526,119.25550435227855,14.437401781037192,-23.555043522785457,0.7606793618116315,234.92475987193168
Spain,ES,2021-09-01,-3.9708994708994707,19.160666308436326,50.52169312169312,9.821969696969697,-11.445502645502646,0.28055260361317746,116.65935271530444
Spain,ES,2021-10-01,-7.516641065028161,15.460292580982236,32.66410650281618,7.14517819706499,-10.908346134152586,0.28872876994338653,96.51067235859125
Spain,ES,2021-11-01,-11.911640211640211,12.098871574422354,4.9,0.576610720086627,-12.694708994708995,2.279489904357067,71.01317233809002
Spain,ES,2021-12-01,-9.985151049667179,21.38365434669443,13.295442908346134,-4.282870612886328,-24.37019969278034,4.807712082262211,114.84157363104731
Spain,ES,2022-01-01,-19.34869431643625,10.150234741784038,4.272401433691757,-12.42520920502092,-21.295954941116232,6.2424086464230575,101.05422647527911
Spain,ES,2022-02-01,-12.324263038548754,12.828719723183392,17.58049886621315,0.509837962962963,-9.95748299319728,1.9197038724373576,71.50587544065804
Spain,ES,2022-03-01,-19.28827444956477,7.54025974025974,4.407066052227343,-5.867924528301887,-8.150025601638506,2.965552699228792,71.4267515923567
Spain,ES,2022-04-01,-11.398412698412699,10.876344086021506,41.84391534391534,3.3161605206073754,-14.511111111111111,1.3831030818278427,117.30803080308031
Spain,ES,2022-05-01,-11.312852022529443,12.270496083550913,39.48745519713262,5.406824146981627,-7.398873527905786,-0.4580545548121462,95.32532051282051
Spain,ES,2022-06-01,-8.429100529100529,15.565123789020452,50.65873015873016,9.849701573521433,-9.443915343915345,-0.8166843783209352,114.10247933884297
Spain,ES,2022-07-01,-5.161290322580645,20.529227557411275,79.33077316948285,13.485759493670885,-16.012800819252433,-0.952650540401441,164.8648068669528
Spain,ES,2022-08-01,4.857654889912954,27.935450286309212,116.6041986687148,19.055467511885894,-22.352278545826934,1.9254498714652957,235.20053619302948
Spain,ES,2022-09-01,-5.353968253968254,18.618612157073695,51.904761904761905,15.82202930005426,-8.164550264550265,0.12274176408076515,122.64702643171806
Spain,ES,2022-10-01,-6.722751322751323,14.848387096774193,43.713227513227515,15.071583514099784,-5.6878306878306875,0.4622741764080765,113.47414741474148
Sri Lanka,LK,2020-02-01,1.8666666666666667,3.6,6.4,4.466666666666667,3.7333333333333334,1.4666666666666666,24.466666666666665
Sri Lanka,LK,2020-03-01,-35.96774193548387,-24.548387096774192,-17.64516129032258,-29.193548387096776,-31.838709677419356,19.06451612903226,184.32258064516128
Sri Lanka,LK,2020-04-01,-78.66666666666667,-73.1,-46.1,-70.3,-62.56666666666667,37.233333333333334,367.96666666666664
Sri Lanka,LK,2020-05-01,-60.03225806451613,-45.38709677419355,-40.12903225806452,-55.193548387096776,-39.83870967741935,26.580645161290324,267.16129032258067
Sri Lanka,LK,2020-06-01,-27.666666666666668,-13.033333333333333,-16.166666666666668,-25.7,-20,13.433333333333334,116.8
Sri Lanka,LK,2020-07-01,-15.612903225806452,-4.483870967741935,-7.32258064516129,-13.161290322580646,-14.580645161290322,9.193548387096774,66.2258064516129
Sri Lanka,LK,2020-08-01,-12,-1.1290322580645162,-1.7419354838709677,-8.451612903225806,-15.129032258064516,6.419354838709677,50.354838709677416
Sri Lanka,LK,2020-09-01,-10.666666666666666,2.033333333333333,-2.9,-1.4,-11.633333333333333,5.466666666666667,40.7
Sri Lanka,LK,2020-10-01,-36.354838709677416,-12.290322580645162,-25.225806451612904,-29.193548387096776,-31.419354838709676,18.677419354838708,157.61290322580646
Sri Lanka,LK,2020-11-01,-50.63333333333333,-32.233333333333334,-36.13333333333333,-46.2,-40.53333333333333,25.866666666666667,231.6
Sri Lanka,LK,2020-12-01,-30.967741935483872,-10.387096774193548,-19.93548387096774,-26.06451612903226,-29.129032258064516,18.580645161290324,137.4516129032258
Sri Lanka,LK,2021-01-01,-30.870967741935484,-12.580645161290322,-24.258064516129032,-27.096774193548388,-28.516129032258064,14.548387096774194,137.8709677419355
Sri Lanka,LK,2021-02-01,-26.035714285714285,-5.142857142857143,-21.642857142857142,-25.321428571428573,-28,11.142857142857142,118.5
Sri Lanka,LK,2021-03-01,-15.548387096774194,5.806451612903226,-18.193548387096776,-14.64516129032258,-20.741935483870968,7.612903225806452,83.12903225806451
Sri Lanka,LK,2021-04-01,-12.8,14.5,-11.7,-11.9,-28.3,9.033333333333333,98.16666666666667
Sri Lanka,LK,2021-05-01,-51.58064516129032,-25.677419354838708,-41.32258064516129,-51.29032258064516,-47.61290322580645,28.93548387096774,257.83870967741933
Sri Lanka,LK,2021-06-01,-54.9,-35.13333333333333,-35.833333333333336,-56.06666666666667,-48.6,30.133333333333333,264.26666666666665
Sri Lanka,LK,2021-07-01,-17.93548387096774,7.096774193548387,-12.935483870967742,-27.580645161290324,-30.677419354838708,17.258064516129032,115.35483870967742
Sri Lanka,LK,2021-08-01,-37.096774193548384,-9.387096774193548,-22.516129032258064,-42.645161290322584,-42.225806451612904,26.322580645161292,197.29032258064515
Sri Lanka,LK,2021-09-01,-44.7,-20.533333333333335,-27.066666666666666,-53.666666666666664,-45.56666666666667,28.7,220.23333333333332
Sri Lanka,LK,2021-10-01,-7.354838709677419,18.70967741935484,-3.225806451612903,-22.612903225806452,-28.032258064516128,15.774193548387096,98.61290322580645
Sri Lanka,LK,2021-11-01,3.1333333333333333,28.1,2.8666666666666667,-10.266666666666667,-21.166666666666668,12.6,80.93333333333334
Sri Lanka,LK,2021-12-01,17.096774193548388,40.83870967741935,15.483870967741936,-1.7096774193548387,-12.774193548387096,9.580645161290322,100.38709677419355
Sri Lanka,LK,2022-01-01,14.612903225806452,40.03225806451613,21.258064516129032,2.5161290322580645,-6.419354838709677,10.774193548387096,98.45161290322581
Sri Lanka,LK,2022-02-01,16.321428571428573,41.82142857142857,24.892857142857142,1.5357142857142858,-8.321428571428571,13.428571428571429,111.46428571428571
Sri Lanka,LK,2022-03-01,20.193548387096776,46.70967741935484,53.903225806451616,18.741935483870968,3.2903225806451615,12.67741935483871,161.7741935483871
Sri Lanka,LK,2022-04-01,10.833333333333334,40.46666666666667,54.53333333333333,10.6,-11.3,16.433333333333334,170.9
Sri Lanka,LK,2022-05-01,-1.032258064516129,30.06451612903226,39.96774193548387,3.4516129032258065,-11.903225806451612,20.838709677419356,144.61290322580646
Sri Lanka,LK,2022-06-01,4.566666666666666,35.9,43.5,16.466666666666665,-5.4,18.066666666666666,128.56666666666666
Sri Lanka,LK,2022-07-01,-11.03225806451613,19.838709677419356,28.483870967741936,8.35483870967742,-17.35483870967742,24.451612903225808,115.64516129032258
Sri Lanka,LK,2022-08-01,9.96774193548387,39.03225806451613,48.54838709677419,18.806451612903224,-6.193548387096774,20.129032258064516,143.7741935483871
Sri Lanka,LK,2022-09-01,12.866666666666667,40.833333333333336,46.733333333333334,19.633333333333333,-0.2,16.566666666666666,141.7
Sri Lanka,LK,2022-10-01,11.733333333333333,37.266666666666666,41.8,15.933333333333334,1.4,15.933333333333334,128.6
Sweden,SE,2020-02-01,3.090357792601577,1.0575815738963532,1.1914460285132382,-2.596259124087591,-4.8582621082621085,1.044537230340988,43.07692307692308
Sweden,SE,2020-03-01,-12.142256902761105,-1.6090739589807335,10.835758835758837,-18.50856417847325,-12.48358647721705,5.856467409658899,86.09917355371901
Sweden,SE,2020-04-01,-15.30958549222798,-4.838348271446863,45.630548302872064,-30.482508532423207,-29.71893538560205,9.887587822014051,161.42898134863702
Sweden,SE,2020-05-01,-7.105344934742075,-0.8261543229005268,62.799727520435965,-25.283740701381507,-24.4801455989411,7.621858339680122,158.29545454545453
Sweden,SE,2020-06-01,3.458212326556954,4.44137022397892,124.81150793650794,-16.918021831142795,-24.63393735075151,4.852422907488987,209.04651162790697
Sweden,SE,2020-07-01,12.829033260801989,3.6277724204435873,130.36897274633122,-19.6154508284915,-47.600103265780305,7.825767996331958,238.65333333333334
Sweden,SE,2020-08-01,3.269170579029734,0.2099502487562189,162.5530303030303,-14.637037037037038,-30.94226125137212,3.6497326203208558,249.35714285714286
Sweden,SE,2020-09-01,-1.854770017035775,-2.928388746803069,64.83811475409836,-17.64051094890511,-14.413679590343818,3.413749605802586,127.3225806451613
Sweden,SE,2020-10-01,-3.4858906525573192,-2.089755493655215,30.87093023255814,-23.154022032841404,-14.601004095653323,4.729317670582354,100.96480582524272
Sweden,SE,2020-11-01,-16.787192755498058,-6.1254411292909845,7.876355748373102,-35.52549751243781,-17.539819376026273,8.819984139571769,118.49942594718713
Sweden,SE,2020-12-01,-20.47359896339488,-5.746492048643592,1.3699481865284975,-43.440668090891435,-34.29308552118534,12.735658327015416,148.53076923076924
Sweden,SE,2021-01-01,-30.10494026477236,-15.463183623586923,-0.31388329979879276,-45.877458693941776,-30.29499122451735,12.593632958801498,160.64406779661016
Sweden,SE,2021-02-01,-21.019690576652604,-8.044970820460007,11.950530035335689,-39.35966826713226,-21.84251854006107,9.88500563697858,134.98540145985402
Sweden,SE,2021-03-01,-15.29109914475768,-3.719435736677116,19.22185061315496,-35.54825174825175,-21.10808367768595,9.138902619871478,130.73837209302326
Sweden,SE,2021-04-01,-11.293474766955963,-1.2991591203104786,47.05606258148631,-33.001459549624684,-24.10060606060606,8.605249613998971,155.69346049046322
Sweden,SE,2021-05-01,-3.3255378858746494,4.55427103403982,64.06963788300835,-28.02086811352254,-18.08792987188132,6.570988446726573,155.19653179190752
Sweden,SE,2021-06-01,7.698595146871009,12.099016615801967,133.40643863179073,-21.785916105194524,-21.57747046186896,3.7550662997247937,220.68571428571428
Sweden,SE,2021-07-01,17.7320813771518,13.110561056105611,172.10161662817552,-20.524445401679948,-43.97121829412538,5.337075784638938,273.07710280373834
Sweden,SE,2021-08-01,13.9723774053383,8.716530278232407,110.03071672354949,-19.33454779254179,-28.62595722207552,5.2769114688128775,189.88275862068966
Sweden,SE,2021-09-01,5.252937538651825,4.7326079788987805,65.4092219020173,-20.43490423929417,-13.523361976369495,3.966388678291635,130.98237885462555
Sweden,SE,2021-10-01,2.021187705162638,1.657654825526564,27.746102449888642,-25.295605306799338,-13.85155830198818,3.764493687194022,96.16863207547169
Sweden,SE,2021-11-01,3.586658354114713,1.7672894133071124,8.138560687432868,-26.821661409043113,-16.081261694734028,4.611521794544991,83.38117106773824
Sweden,SE,2021-12-01,-2.4257788637751987,2.5669416243654823,-3.4007936507936507,-35.60212724049636,-28.728217114660435,8.649987490617963,117.2781875658588
Sweden,SE,2022-01-01,-19.59295261239368,-7.269984447900467,-8.763915547024952,-43.23301162103604,-29.566724668719047,11.496647894877983,137.10995850622407
Sweden,SE,2022-02-01,-9.153162055335969,-2.383599722029187,1.7902330743618202,-34.817580964970254,-18.626179074154695,7.235327155293457,103.55985915492958
Sweden,SE,2022-03-01,-3.4718039563035132,-0.030006317119393538,18.156013001083423,-27.583669354838708,-12.25812274368231,3.9512432959531933,91.18977272727273
Sweden,SE,2022-04-01,0.1743827160493827,3.4436435124508518,29.548502994011976,-24.873963868225292,-17.235229458642483,3.617093570308416,111.1670918367347
Sweden,SE,2022-05-01,6.67204628501827,8.026171243941842,58.680851063829785,-18.25462962962963,-13.442540853979969,1.7381836179163572,119.02535211267606
Sweden,SE,2022-06-01,8.504413619167718,11.790421195652174,110.29759704251386,-15.580835703347189,-21.536002149382053,1.103931880791385,180.20650095602295
Sweden,SE,2022-07-01,13.658445207617858,10.072110635495555,135.39314516129033,-17.807843137254903,-44.59860943976467,5.072505953956073,231.43388429752065
Sweden,SE,2022-08-01,9.272196620583717,10.147712418300653,124.57669902912622,-12.113399826539462,-26.972816284462766,4.41845546508759,198.0239043824701
Sweden,SE,2022-09-01,2.600429316160687,6.129993451211526,56.43723554301834,-14.155074365704287,-10.969408291962967,1.8718207000755478,113.39911634756996
Sweden,SE,2022-10-01,-1.5339087546239212,3.4524590163934428,41.29040404040404,-16.55506801228609,-9.230446927374302,2.325531914893617,96.1688654353562
Switzerland,CH,2020-02-01,2.2757731958762886,3.1219512195121952,19.616740088105725,3.7897435897435896,-4.015463917525773,0.7829181494661922,58.36363636363637
Switzerland,CH,2020-03-01,-36.83437110834371,-4.359210526315789,-3.826923076923077,-31.590570719602976,-22.84875,11.68256880733945,146.6439024390244
Switzerland,CH,2020-04-01,-73.09350237717908,-11.33044982698962,21.25423728813559,-44.94358974358974,-42.98209718670077,19.433808553971488,248.9971098265896
Switzerland,CH,2020-05-01,-36.272,-1.7431506849315068,19.186813186813186,-26.18905472636816,-25.958698372966207,11.745353159851302,161.04060913705584
Switzerland,CH,2020-06-01,-15.170886075949367,-1.411965811965812,19.905882352941177,-14.06426735218509,-17.502570694087403,5.859259259259259,115.63733333333333
Switzerland,CH,2020-07-01,-7.381818181818182,3.107260726072607,99.30982367758186,-5.294776119402985,-23.053416149068322,2.731663685152057,162.3306010928962
Switzerland,CH,2020-08-01,-11.121149897330595,-3.83710407239819,99.76497695852535,-7.366771159874608,-23.210280373831775,2.565693430656934,178.30927835051546
Switzerland,CH,2020-09-01,-7.984761904761905,-1.7766179540709812,60.50889679715303,-5.959821428571429,-15.537444933920705,1.545774647887324,116.96428571428571
Switzerland,CH,2020-10-01,-15.056716417910447,-2.2479061976549413,19.4481981981982,-17.753101736972706,-16.927860696517413,5.569400630914826,101.3960880195599
Switzerland,CH,2020-11-01,-25.949685534591193,-2.0250447227191413,3.238095238095238,-26.573076923076922,-16.76005188067445,9.183908045977011,117.72544080604534
Switzerland,CH,2020-12-01,-28.699846860643184,-0.9256756756756757,-10.961702127659574,-32.897022332506204,-29.15365551425031,11.963836477987421,150.5944055944056
Switzerland,CH,2021-01-01,-49.90352220520674,-13.064846416382252,-13.504219409282701,-36.05583126550869,-26.863920099875156,12.754019292604502,171.42191142191143
Switzerland,CH,2021-02-01,-46.598650927487355,0.6075471698113207,16.108374384236452,-28.85989010989011,-23.27961432506887,10.910526315789474,154.911051212938
Switzerland,CH,2021-03-01,-32.08675799086758,9.887179487179488,21.20967741935484,-23.116625310173696,-17.004956629491947,8.884012539184953,132.5743073047859
Switzerland,CH,2021-04-01,-28.122670807453417,9.214788732394366,51.0641975308642,-19.264102564102565,-22.017994858611825,8.832520325203252,162.2379679144385
Switzerland,CH,2021-05-01,-20.24360902255639,10.556313993174061,49.72446555819477,-15.070719602977668,-17.765370138017566,7.28548644338118,154.61197916666666
Switzerland,CH,2021-06-01,-6.400313971742543,15.93019197207679,79.78851174934726,-7.352564102564102,-11.42159383033419,3.0193548387096776,143.5367231638418
Switzerland,CH,2021-07-01,-6.490963855421687,10.972972972972974,81.35467980295566,-9.609181141439207,-20.93424317617866,2.8602825745682887,149.36631016042782
Switzerland,CH,2021-08-01,-2.073394495412844,13.8147512864494,97.06923076923077,-1.997518610421836,-18.689612015018774,2.34748427672956,163.12320916905443
Switzerland,CH,2021-09-01,-1.5314465408805031,14.756183745583039,77.75064935064935,0.8615384615384615,-11.507692307692308,1.394184168012924,133.49137931034483
Switzerland,CH,2021-10-01,-5.070996978851964,10.252115059221659,49.540983606557376,-10.485111662531017,-15.960049937578027,2.574603174603175,105.27720207253886
Switzerland,CH,2021-11-01,-7.810641627543036,10.787826086956521,7.350114416475972,-18.317948717948717,-12.272727272727273,4.59349593495935,84.2275
Switzerland,CH,2021-12-01,-8.95751138088012,15.620926243567753,4.440860215053763,-25.287841191067,-24.84739454094293,8.352755905511811,119.65227817745803
Switzerland,CH,2022-01-01,-18.49624060150376,2.9023569023569022,6.1644736842105265,-27.42803970223325,-19.89152119700748,9.041533546325878,108.7677261613692
Switzerland,CH,2022-02-01,-7.1708542713567835,5.88909426987061,19.97029702970297,-17.939560439560438,-12.885832187070152,5.389179755671902,84.54891304347827
Switzerland,CH,2022-03-01,-7.518126888217522,6.767054908485857,31.30841121495327,-13.21712158808933,-10.300370828182942,3.528125,81.25822784810127
Switzerland,CH,2022-04-01,-9.631172839506172,4.561312607944732,36.729665071770334,-12.217948717948717,-15.708226221079691,2.924959216965742,112.13421052631578
Switzerland,CH,2022-05-01,-3.4588414634146343,9.871794871794872,68.59950248756219,-1.2320099255583126,-10.764411027568922,0.4788732394366197,122.72131147540983
Switzerland,CH,2022-06-01,-4.510204081632653,11.343859649122807,90.17571059431525,2.571794871794872,-11.38560411311054,0.20224719101123595,143.04735376044567
Switzerland,CH,2022-07-01,-7.279034690799397,10.206484641638225,114.77435897435898,1.4751861042183623,-18.67334167709637,0.5424528301886793,172.27298050139277
Switzerland,CH,2022-08-01,-3.675799086757991,10.53885135135135,120.38461538461539,6.367245657568239,-19.80496894409938,2.9297971918876753,182.0491329479769
Switzerland,CH,2022-09-01,-1.9195583596214512,13.998233215547703,65.69597989949749,2.424358974358974,-10.75609756097561,0.882636655948553,114.53405994550408
Switzerland,CH,2022-10-01,-5.448275862068965,11.59375,58.73267326732673,-3.3794871794871795,-14.566666666666666,1.5147540983606558,111.25268817204301
Taiwan,TW,2020-02-01,-5.8,-0.8,6.466666666666667,-13.733333333333333,2.2,3.3333333333333335,52.333333333333336
Taiwan,TW,2020-03-01,-10.96774193548387,1.5483870967741935,-5.161290322580645,-17.225806451612904,8.64516129032258,2.2580645161290325,56.70967741935484
Taiwan,TW,2020-04-01,-13.5,1.1,-5.566666666666666,-22.9,-0.43333333333333335,4.066666666666666,64.3
Taiwan,TW,2020-05-01,-10.935483870967742,3.032258064516129,-8.225806451612904,-18.64516129032258,1.4193548387096775,2.7419354838709675,61.12903225806452
Taiwan,TW,2020-06-01,-5.766666666666667,6.7,0.6333333333333333,-13.566666666666666,-0.16666666666666666,1.7333333333333334,50.56666666666667
Taiwan,TW,2020-07-01,-2.838709677419355,8.903225806451612,2.935483870967742,-11.548387096774194,-4.774193548387097,1.4193548387096775,37.12903225806452
Taiwan,TW,2020-08-01,-3.838709677419355,6.387096774193548,0.6129032258064516,-12.064516129032258,-7.354838709677419,1.6451612903225807,42.354838709677416
Taiwan,TW,2020-09-01,-6.966666666666667,2.4,-4.6,-10.533333333333333,0.3333333333333333,-0.03333333333333333,36.666666666666664
Taiwan,TW,2020-10-01,-6.354838709677419,4.967741935483871,2.5483870967741935,-7,-4.709677419354839,0.6451612903225806,46.225806451612904
Taiwan,TW,2020-11-01,-8.1,2.6333333333333333,-6.333333333333333,-8.866666666666667,1.6,0.3333333333333333,37.4
Taiwan,TW,2020-12-01,-10,0.22580645161290322,-15.870967741935484,-9,1.7741935483870968,0.8064516129032258,47.03225806451613
Taiwan,TW,2021-01-01,-13.225806451612904,-3.129032258064516,-16.35483870967742,-18.29032258064516,-6.225806451612903,2.064516129032258,67.2258064516129
Taiwan,TW,2021-02-01,-9.821428571428571,0.6071428571428571,0.7142857142857143,-16.25,-18.821428571428573,3.0714285714285716,82.14285714285714
Taiwan,TW,2021-03-01,-12.258064516129032,-2.3548387096774195,-11.903225806451612,-12.580645161290322,-2.3225806451612905,0.7419354838709677,52.61290322580645
Taiwan,TW,2021-04-01,-9.333333333333334,0.1,-6.6,-9.4,-5.333333333333333,0.9333333333333333,50.63333333333333
Taiwan,TW,2021-05-01,-30.322580645161292,0.4838709677419355,-30.93548387096774,-36.774193548387096,-12.03225806451613,8.64516129032258,128.67741935483872
Taiwan,TW,2021-06-01,-48,-7.433333333333334,-49.833333333333336,-59.2,-24.133333333333333,17.433333333333334,206.1
Taiwan,TW,2021-07-01,-40.96774193548387,-1.3870967741935485,-41.903225806451616,-50.16129032258065,-17.29032258064516,14.03225806451613,167.03225806451613
Taiwan,TW,2021-08-01,-28.806451612903224,4.32258064516129,-31.06451612903226,-36.935483870967744,-12.935483870967742,9.483870967741936,124.83870967741936
Taiwan,TW,2021-09-01,-22.6,7.566666666666666,-21.766666666666666,-28.233333333333334,-8.033333333333333,6,102.4
Taiwan,TW,2021-10-01,-14.483870967741936,9.483870967741936,-18.93548387096774,-20.258064516129032,-4.032258064516129,3.838709677419355,74.3225806451613
Taiwan,TW,2021-11-01,-11.066666666666666,6.9,-15.9,-14.2,0.9666666666666667,2.3333333333333335,56.766666666666666
Taiwan,TW,2021-12-01,-8.870967741935484,4.838709677419355,-15.129032258064516,-10.838709677419354,1.6451612903225807,2.225806451612903,53.935483870967744
Taiwan,TW,2022-01-01,-11.806451612903226,6.870967741935484,-22.612903225806452,-20.580645161290324,-0.0967741935483871,4.419354838709677,79.2258064516129
Taiwan,TW,2022-02-01,-14.785714285714286,2.107142857142857,-12.714285714285714,-21.428571428571427,-14.785714285714286,6.642857142857143,92.60714285714286
Taiwan,TW,2022-03-01,-17.225806451612904,-3.096774193548387,-19.096774193548388,-18.193548387096776,5,2.4193548387096775,69.29032258064517
Taiwan,TW,2022-04-01,-21.4,-1,-18.766666666666666,-28.033333333333335,-2.566666666666667,5.3,90.4
Taiwan,TW,2022-05-01,-33.193548387096776,-7.354838709677419,-37.806451612903224,-43.483870967741936,-9.35483870967742,10.096774193548388,141.41935483870967
Taiwan,TW,2022-06-01,-27.933333333333334,-5.7,-29.1,-36.6,-9.4,8.833333333333334,117.7
Taiwan,TW,2022-07-01,-20.258064516129032,-1.7741935483870968,-18.129032258064516,-27.677419354838708,-6.612903225806452,5.967741935483871,81.38709677419355
Taiwan,TW,2022-08-01,-17.774193548387096,-0.03225806451612903,-19,-24,-4.935483870967742,6.548387096774194,75.58064516129032
Taiwan,TW,2022-09-01,-19.633333333333333,-1.6,-23.6,-24.1,-5.6,4.5,83.5
Taiwan,TW,2022-10-01,-17.866666666666667,-1,-20.2,-23.4,-5.8,4.6,79
Tajikistan,TJ,2020-02-01,2.7666666666666666,2.3333333333333335,2.033333333333333,-3.3,15.166666666666666,-1.8,39.333333333333336
Tajikistan,TJ,2020-03-01,-2.129032258064516,0.7741935483870968,2.2580645161290325,-11.241935483870968,5.403225806451613,-0.9193548387096774,60.37096774193548
Tajikistan,TJ,2020-04-01,-11.966666666666667,-7.966666666666667,-7.983333333333333,-27.333333333333332,4.65,1.7,74.5
Tajikistan,TJ,2020-05-01,-44.88709677419355,-36.54838709677419,-34.75806451612903,-51.725806451612904,-39.096774193548384,15.85483870967742,222.8709677419355
Tajikistan,TJ,2020-06-01,-23.133333333333333,-17.6,-17.5,-36.93333333333333,-20.933333333333334,4.816666666666666,121.05
Tajikistan,TJ,2020-07-01,-13.870967741935484,-9.951612903225806,-11.806451612903226,-31.338709677419356,-17,0.6451612903225806,86.3225806451613
Tajikistan,TJ,2020-08-01,-4.403225806451613,-0.8870967741935484,-6.142857142857143,-29.79032258064516,-16.20967741935484,-1.7258064516129032,64.53571428571429
Tajikistan,TJ,2020-09-01,-2.1,-1.5666666666666667,-10.542372881355933,-30.683333333333334,-13.316666666666666,0.7,64.22033898305085
Tajikistan,TJ,2020-10-01,-8.5,-5.870967741935484,-23.016129032258064,-32.38709677419355,-6.483870967741935,0.9193548387096774,79.08064516129032
Tajikistan,TJ,2020-11-01,-9.083333333333334,-8.333333333333334,-28.233333333333334,-28.466666666666665,-5.85,3.816666666666667,85.61666666666666
Tajikistan,TJ,2020-12-01,-4.741935483870968,-3.7580645161290325,-23.467741935483872,-25.5,-4.32258064516129,7.048387096774194,74.2258064516129
Tajikistan,TJ,2021-01-01,-13.516129032258064,-13.258064516129032,-31.177419354838708,-29.758064516129032,-17.903225806451612,7.241935483870968,112.91935483870968
Tajikistan,TJ,2021-02-01,-9.410714285714286,-7.875,-27.053571428571427,-27.089285714285715,-8.267857142857142,-1.0535714285714286,81.71428571428571
Tajikistan,TJ,2021-03-01,-7.645161290322581,-3.1129032258064515,-24.5,-27.93548387096774,-14.46774193548387,-0.4838709677419355,83.24193548387096
Tajikistan,TJ,2021-04-01,-8.516666666666667,1.6166666666666667,-25.316666666666666,-21.05,-3.783333333333333,-0.05,66.33333333333333
Tajikistan,TJ,2021-05-01,-4.790322580645161,7.467741935483871,-20.338709677419356,-16.06451612903226,-11.274193548387096,-0.1935483870967742,65.48387096774194
Tajikistan,TJ,2021-06-01,-3.2666666666666666,7.016666666666667,-7.8,-25.05,-19.966666666666665,-1.4333333333333333,70.83333333333333
Tajikistan,TJ,2021-07-01,-14.741935483870968,-0.8387096774193549,-20.14516129032258,-32.854838709677416,-30.677419354838708,0.5806451612903226,105.48387096774194
Tajikistan,TJ,2021-08-01,-10.483870967741936,3.4838709677419355,-11.564516129032258,-30.903225806451612,-27.838709677419356,-0.5161290322580645,87.2741935483871
Tajikistan,TJ,2021-09-01,-10.6,4.166666666666667,-8.7,-26.616666666666667,-26.533333333333335,0.016666666666666666,80.86666666666666
Tajikistan,TJ,2021-10-01,-11.790322580645162,2.2903225806451615,-19.70967741935484,-27.64516129032258,-18.661290322580644,1.4838709677419355,83.16129032258064
Tajikistan,TJ,2021-11-01,-9.933333333333334,3.8333333333333335,-19.566666666666666,-24.95,-17.116666666666667,3.8833333333333333,79.95
Tajikistan,TJ,2021-12-01,-6.806451612903226,6.338709677419355,-12.241935483870968,-22.467741935483872,-10.612903225806452,4.048387096774194,65.16129032258064
Tajikistan,TJ,2022-01-01,-12.903225806451612,0.12903225806451613,-21.870967741935484,-27.14516129032258,-20.483870967741936,9.14516129032258,96.93548387096774
Tajikistan,TJ,2022-02-01,-7.107142857142857,4,-13.375,-24.875,-4.339285714285714,5.982142857142857,61.964285714285715
Tajikistan,TJ,2022-03-01,-6.129032258064516,-0.4032258064516129,4.887096774193548,-22.693548387096776,-5.516129032258065,11.693548387096774,81.19354838709677
Tajikistan,TJ,2022-04-01,-7.05,1.8333333333333333,5.833333333333333,-24.833333333333332,2.8666666666666667,13.633333333333333,77.11666666666666
Tajikistan,TJ,2022-05-01,-1.2580645161290323,3.596774193548387,11.596774193548388,-21.596774193548388,-7.064516129032258,10.67741935483871,73.7258064516129
Tajikistan,TJ,2022-06-01,-0.48333333333333334,5.8,13.083333333333334,-17.783333333333335,-12.766666666666667,9.9,70.05
Tajikistan,TJ,2022-07-01,-2.806451612903226,2.806451612903226,11.629032258064516,-20.225806451612904,-21.822580645161292,10.935483870967742,95.54838709677419
Tajikistan,TJ,2022-08-01,1.596774193548387,9.564516129032258,13.258064516129032,-20.274193548387096,-17.080645161290324,12.838709677419354,90.12903225806451
Tajikistan,TJ,2022-09-01,0.06666666666666667,6.1,7.683333333333334,-23.433333333333334,-15.883333333333333,11.3,82.1
Tajikistan,TJ,2022-10-01,3.9,8.633333333333333,6.7,-31.433333333333334,-7.933333333333334,11.1,84.5
Tanzania,TZ,2020-02-01,-2.261904761904762,-3.5594059405940595,-3.103846153846154,-0.9425925925925925,-0.7941176470588235,1.2,21.697674418604652
Tanzania,TZ,2020-03-01,-7.888045540796964,-2.1598062953995156,-4.1537037037037035,-1.1001821493624773,-6.223015165031222,2.8542713567839195,41.011538461538464
Tanzania,TZ,2020-04-01,-26.724137931034484,-15,-19.636711281070745,-18.072088724584102,-18.969026548672566,10.424615384615384,115.22767857142857
Tanzania,TZ,2020-05-01,-27.10820895522388,-10.988179669030734,-20.263450834879407,-18.012522361359572,-15.810905892700088,11.003021148036254,114.21491228070175
Tanzania,TZ,2020-06-01,-6.797216699801193,1.0487179487179488,-9.947470817120623,-7.453095684803002,-4.71021897810219,4.191326530612245,65.1639344262295
Tanzania,TZ,2020-07-01,-2.974903474903475,7.113065326633166,-5.637735849056604,-5.668173598553345,-4.1875,3.6911392405063292,63.24497991967871
Tanzania,TZ,2020-08-01,0.5833333333333334,13.265822784810126,1.181184668989547,-1.4867807153965786,-2.649184149184149,1.9821428571428572,55.90714285714286
Tanzania,TZ,2020-09-01,-4.066489361702128,2.743801652892562,6.641025641025641,1.234185733512786,-14.131878557874764,4.6421319796954315,71.2484076433121
Tanzania,TZ,2020-10-01,-18.24482109227872,-7.63456090651558,-11.275229357798166,-12.894927536231885,-27.775549805950842,2.504385964912281,105.668
Tanzania,TZ,2020-11-01,-14.625482625482626,-8.705714285714286,-8.457854406130268,-6.786116322701688,-23.870775347912524,2.1324503311258276,92.09795918367347
Tanzania,TZ,2020-12-01,-3.6647940074906367,-0.08776595744680853,10.391621129326047,9.553470919324578,-23.44240506329114,4.9375,91.9274193548387
Tanzania,TZ,2021-01-01,-10.292947558770344,-11.97841726618705,2.8700361010830324,-4.312043795620438,-21.946530872056016,7.263858093126386,87.67755102040816
Tanzania,TZ,2021-02-01,-9.667330677290837,-10.569060773480663,-9.151639344262295,-10.199191102123358,-24.51986301369863,5.376847290640394,83.42222222222222
Tanzania,TZ,2021-03-01,-5.027124773960217,-4.5089974293059125,-9.884250474383302,-5.431372549019608,-24.176761433868975,6.2875,86.37918215613382
Tanzania,TZ,2021-04-01,-1.0757575757575757,1.1157894736842107,-10.53515625,-1.6544754571703562,-27.887034659820284,5.337129840546697,100.66666666666667
Tanzania,TZ,2021-05-01,16.996153846153845,15.44949494949495,2.565377532228361,7.454374412041393,-15.250960307298335,4.012244897959183,112.29347826086956
Tanzania,TZ,2021-06-01,30.67269076305221,23.776623376623377,18.59550561797753,17.816733067729082,-8.102175346077786,2.3306451612903225,134.32142857142858
Tanzania,TZ,2021-07-01,31.74950690335306,25.05764411027569,25.56115107913669,16.911792905081494,-9.16613007083065,4.088582677165355,159.8280701754386
Tanzania,TZ,2021-08-01,30.88645418326693,28.047858942065492,39.42007434944238,20.360272638753653,-8.294695481335953,2.7591093117408905,168.33096085409252
Tanzania,TZ,2021-09-01,36.5,25.387654320987654,30.629558541266796,20.905527638190954,-9.57257525083612,1.632258064516129,162.66300366300365
Tanzania,TZ,2021-10-01,35.85059760956175,21.570048309178745,30.190388170055453,19.871647509578544,-11.001980198019801,0.663135593220339,170.94244604316546
Tanzania,TZ,2021-11-01,39.81404958677686,23.561097256857856,35.45794392523364,21.779627815866796,-6.712651413189771,-0.41509433962264153,187.91143911439116
Tanzania,TZ,2021-12-01,41.22782258064516,26.342364532019705,32.54891304347826,24.05771050141911,-6.6260531432274785,2,197.26978417266187
Tanzania,TZ,2022-01-01,38.3010101010101,24.5935960591133,30.142857142857142,19.789423984891407,5.932975871313673,5.294007490636704,187.67158671586716
Tanzania,TZ,2022-02-01,39.44622425629291,25.847184986595174,36.21995926680244,20.521376433785193,14.376594148537134,7.664634146341464,196.08979591836734
Tanzania,TZ,2022-03-01,57.577777777777776,42.343589743589746,95.89506172839506,48.00201207243461,27.551546391752577,12.469811320754717,278.70566037735847
Tanzania,TZ,2022-04-01,61.025,49.459610027855156,95.96390658174097,50.02103049421662,28.19453125,17.22672064777328,296.95081967213116
Tanzania,TZ,2022-05-01,67.83371298405467,47.81401617250674,99.92738589211618,48.191235059760956,34.4833204034135,15.671785028790786,305.77647058823527
Tanzania,TZ,2022-06-01,69.12820512820512,53.756830601092894,107.50980392156863,53.93354430379747,42.55020408163265,15.346007604562738,329.2845849802371
Tanzania,TZ,2022-07-01,69.08988764044943,54.56712328767123,111.16981132075472,59.496417604913,35.9539316918189,16.34351145038168,329.80321285140565
Tanzania,TZ,2022-08-01,71.91116173120729,58.69889502762431,114.97408207343412,60.1178947368421,27.961451247165535,18.521568627450982,338.34854771784234
Tanzania,TZ,2022-09-01,72.95348837209302,57.10285714285714,112.38646288209607,57.102422907488986,35.226229508196724,14.96078431372549,333.0420168067227
Tanzania,TZ,2022-10-01,70.39719626168224,53.64971751412429,109.59656652360515,54.88840262582057,33.20100502512563,15.418326693227092,326.3135593220339
Thailand,TH,2020-02-01,-3.2,0.8,-6.4,-5.866666666666666,1.2666666666666666,1.6666666666666667,20.8
Thailand,TH,2020-03-01,-18.70967741935484,-4.612903225806452,-22.387096774193548,-27.29032258064516,-10.774193548387096,7.451612903225806,94.25806451612904
Thailand,TH,2020-04-01,-47.06666666666667,-18.266666666666666,-48.03333333333333,-59.833333333333336,-29.133333333333333,17.566666666666666,219.9
Thailand,TH,2020-05-01,-34.25806451612903,-0.7096774193548387,-35.87096774193548,-43.54838709677419,-22.64516129032258,13.32258064516129,152.03225806451613
Thailand,TH,2020-06-01,-15.433333333333334,3.9,-23.433333333333334,-32.666666666666664,-17.333333333333332,8.9,101.86666666666666
Thailand,TH,2020-07-01,-4.612903225806452,4.806451612903226,-7.806451612903226,-27.741935483870968,-18.161290322580644,5.516129032258065,77.29032258064517
Thailand,TH,2020-08-01,-7.612903225806452,0.25806451612903225,-16.741935483870968,-28.129032258064516,-10.741935483870968,4.193548387096774,71.16129032258064
Thailand,TH,2020-09-01,-8.733333333333333,-1.3,-17.533333333333335,-26.233333333333334,-11.7,2.8,70.7
Thailand,TH,2020-10-01,-11.612903225806452,-2.4193548387096775,-22.741935483870968,-27.161290322580644,-12.064516129032258,1.7419354838709677,80.96774193548387
Thailand,TH,2020-11-01,-3.9,4.233333333333333,-17.966666666666665,-22.766666666666666,-11.833333333333334,0.2,61.833333333333336
Thailand,TH,2020-12-01,-6,6.967741935483871,-13.258064516129032,-27,-11.67741935483871,1.7741935483870968,69.38709677419355
Thailand,TH,2021-01-01,-17.741935483870968,0.6774193548387096,-32.29032258064516,-50.225806451612904,-16.096774193548388,6.451612903225806,126.45161290322581
Thailand,TH,2021-02-01,-3.8214285714285716,12.964285714285714,-24.75,-38.964285714285715,-8.607142857142858,-0.32142857142857145,93.5
Thailand,TH,2021-03-01,5.064516129032258,21.161290322580644,-18.870967741935484,-28.35483870967742,-1.8709677419354838,-2.5161290322580645,78.93548387096774
Thailand,TH,2021-04-01,-11.733333333333333,11.466666666666667,-28.7,-43.233333333333334,-22.3,5.066666666666666,126.16666666666667
Thailand,TH,2021-05-01,-20.806451612903224,9.870967741935484,-43.064516129032256,-55.096774193548384,-19.64516129032258,8.290322580645162,157.3548387096774
Thailand,TH,2021-06-01,-11.533333333333333,14.366666666666667,-35.733333333333334,-49.8,-13.4,4.366666666666666,129.6
Thailand,TH,2021-07-01,-19.93548387096774,15.935483870967742,-41.70967741935484,-57.225806451612904,-18.548387096774192,8.67741935483871,162.09677419354838
Thailand,TH,2021-08-01,-28.451612903225808,5.774193548387097,-46,-61.70967741935484,-23.35483870967742,10.935483870967742,176.29032258064515
Thailand,TH,2021-09-01,-16.233333333333334,7.066666666666666,-39.96666666666667,-53.63333333333333,-20.266666666666666,7.5,144.73333333333332
Thailand,TH,2021-10-01,-1.3870967741935485,23.29032258064516,-28.193548387096776,-43.67741935483871,-17.387096774193548,3.5806451612903225,119
Thailand,TH,2021-11-01,6.633333333333334,30.366666666666667,-19.233333333333334,-34.06666666666667,-10.766666666666667,0.3333333333333333,104.33333333333333
Thailand,TH,2021-12-01,11.451612903225806,32.225806451612904,-9.225806451612904,-27.161290322580644,-9.129032258064516,-0.6129032258064516,99.74193548387096
Thailand,TH,2022-01-01,-0.9354838709677419,16.774193548387096,-19.516129032258064,-33.96774193548387,-10.935483870967742,2.838709677419355,91.6774193548387
Thailand,TH,2022-02-01,7.928571428571429,30.035714285714285,-19.75,-27.464285714285715,-2.9285714285714284,2.4642857142857144,95.57142857142857
Thailand,TH,2022-03-01,-3.967741935483871,20.516129032258064,-12.064516129032258,-32.45161290322581,-4.903225806451613,9.774193548387096,88.12903225806451
Thailand,TH,2022-04-01,-4.166666666666667,21.766666666666666,-0.7666666666666667,-30.366666666666667,-15.066666666666666,11.1,99.56666666666666
Thailand,TH,2022-05-01,-1.935483870967742,21.64516129032258,-6.741935483870968,-27.741935483870968,-7.193548387096774,8.612903225806452,81.29032258064517
Thailand,TH,2022-06-01,-1.3,21.866666666666667,-8.033333333333333,-22.766666666666666,0.3,7,66.46666666666667
Thailand,TH,2022-07-01,-1.6129032258064515,22.903225806451612,-6.612903225806452,-21.032258064516128,-4.258064516129032,8.580645161290322,73.06451612903226
Thailand,TH,2022-08-01,-2.4516129032258065,26.483870967741936,-7.354838709677419,-18.774193548387096,1.2258064516129032,9.35483870967742,70.09677419354838
Thailand,TH,2022-09-01,3.2,36.733333333333334,-5.766666666666667,-15.233333333333333,5.333333333333333,7.266666666666667,74.53333333333333
Thailand,TH,2022-10-01,1.3333333333333333,32.13333333333333,-3.6,-15.6,-4,8.733333333333333,78.6
The Bahamas,BS,2020-02-01,1,-0.6511627906976745,9,5.866666666666666,1.2181818181818183,0.26666666666666666,23.4
The Bahamas,BS,2020-03-01,-26.831460674157302,-7.044444444444444,-7.602150537634409,-32.25806451612903,-17.63157894736842,11.32258064516129,129.6451612903226
The Bahamas,BS,2020-04-01,-67.31764705882352,-40.146341463414636,-48,-89.4,-60.160714285714285,30.92,324.96
The Bahamas,BS,2020-05-01,-54.96590909090909,-26.102272727272727,-34.53763440860215,-83.39393939393939,-50.47863247863248,24.660377358490567,261.3018867924528
The Bahamas,BS,2020-06-01,-33.804597701149426,-9.930232558139535,-13.61111111111111,-63.083333333333336,-34.52212389380531,17.45762711864407,179.35593220338984
The Bahamas,BS,2020-07-01,-31.651685393258425,-9.584269662921349,-10.924731182795698,-54.17741935483871,-35.58974358974359,14.548387096774194,158.80645161290323
The Bahamas,BS,2020-08-01,-67.26666666666667,-41.90909090909091,-38.61538461538461,-84.57575757575758,-58.76923076923077,24.779661016949152,333.55172413793105
The Bahamas,BS,2020-09-01,-32.98701298701299,-21.074626865671643,-8.542857142857143,-65.925,-32.138297872340424,11.753846153846155,179.7
The Bahamas,BS,2020-10-01,-42.50561797752809,-27.685393258426966,-12.397849462365592,-68.7741935483871,-36.85344827586207,13.85897435897436,240.38709677419354
The Bahamas,BS,2020-11-01,-36.858823529411765,-26.51764705882353,-1.9222222222222223,-63.8,-31.357142857142858,9.41025641025641,200.16666666666666
The Bahamas,BS,2020-12-01,-24.943181818181817,-14.101123595505618,17.268817204301076,-47.91935483870968,-31.70689655172414,4.91358024691358,155.32258064516128
The Bahamas,BS,2021-01-01,-34.95454545454545,-25.170454545454547,4.32258064516129,-51.29032258064516,-28.964912280701753,1.9382716049382716,160.96774193548387
The Bahamas,BS,2021-02-01,-29.8375,-20.4,9.75,-50.44642857142857,-26.682692307692307,-7.302631578947368,149.67857142857142
The Bahamas,BS,2021-03-01,-23.89887640449438,-14.898876404494382,17.451612903225808,-43.596774193548384,-25.146551724137932,-11.16470588235294,142.69354838709677
The Bahamas,BS,2021-04-01,-20.88372093023256,-13.744186046511627,17.055555555555557,-38.4,-27.761061946902654,-10.2875,135.01666666666668
The Bahamas,BS,2021-05-01,-12.363636363636363,-6.4772727272727275,18.35483870967742,-32.596774193548384,-22.44736842105263,-11.878048780487806,110.56451612903226
The Bahamas,BS,2021-06-01,-7.604651162790698,-3.255813953488372,23.233333333333334,-21.533333333333335,-24.0625,-13.654320987654321,96.6
The Bahamas,BS,2021-07-01,-6.157303370786517,-1.9662921348314606,19.78494623655914,-12.14516129032258,-26.191304347826087,-13.144578313253012,84.11290322580645
The Bahamas,BS,2021-08-01,-9.954545454545455,-4.0227272727272725,14.709677419354838,-16.983870967741936,-28.713043478260868,-10.337349397590362,86.48387096774194
The Bahamas,BS,2021-09-01,-8.755813953488373,-3.395348837209302,17.61111111111111,-29.983333333333334,-25.553571428571427,-10.402439024390244,94.41666666666667
The Bahamas,BS,2021-10-01,-6.340909090909091,-4.511363636363637,20.752688172043012,-22.64516129032258,-23.04385964912281,-11.402439024390244,88.98387096774194
The Bahamas,BS,2021-11-01,-1.7674418604651163,-1.872093023255814,24.288888888888888,-12.683333333333334,-17.75,-13.134146341463415,77.01666666666667
The Bahamas,BS,2021-12-01,5.840909090909091,4.089887640449438,29.13978494623656,-0.7580645161290323,-22.974358974358974,-12.833333333333334,102.74193548387096
The Bahamas,BS,2022-01-01,-8.454545454545455,-1.9186046511627908,12.881720430107526,-17.483870967741936,-21.736842105263158,-4.185185185185185,73.5
The Bahamas,BS,2022-02-01,2.3417721518987342,3.85,25.333333333333332,-5.375,-8.125,-8.31578947368421,62.05357142857143
The Bahamas,BS,2022-03-01,1.1348314606741574,2.1235955056179776,50.41935483870968,-2.6774193548387095,-6.2155172413793105,-0.23170731707317074,77
The Bahamas,BS,2022-04-01,1.5465116279069768,2.86046511627907,46.43333333333333,6.583333333333333,-12.468468468468469,1.8918918918918919,93.81666666666666
The Bahamas,BS,2022-05-01,2.6818181818181817,4.965909090909091,40.376344086021504,4.516129032258065,-7.930434782608696,1.3544303797468353,76.35483870967742
The Bahamas,BS,2022-06-01,0.8488372093023255,5.411764705882353,38.58888888888889,7.766666666666667,-16.327433628318584,3.208955223880597,95.03333333333333
The Bahamas,BS,2022-07-01,3.875,2.5681818181818183,38.483870967741936,11.064516129032258,-18.114035087719298,2.2,95.2741935483871
The Bahamas,BS,2022-08-01,4.573033707865169,-0.02247191011235955,39.98924731182796,11.258064516129032,-19.025862068965516,3.5483870967741935,96.59677419354838
The Bahamas,BS,2022-09-01,-0.046511627906976744,-0.26744186046511625,36.977777777777774,-9.366666666666667,-15.598214285714286,2.0625,85.1
The Bahamas,BS,2022-10-01,0.046511627906976744,-2.604651162790698,35.28888888888889,-5.6,-15.436363636363636,1.9,81.2
Togo,TG,2020-02-01,-9.766666666666667,-5.033333333333333,-4.433333333333334,-8.2,-2.7962962962962963,2.8333333333333335,38.1
Togo,TG,2020-03-01,-14.241935483870968,-6.403225806451613,1.064516129032258,-14.564516129032258,-3.770642201834862,7.145161290322581,59.516129032258064
Togo,TG,2020-04-01,-35.583333333333336,-23.833333333333332,-16.852459016393443,-42,-18.317307692307693,19.7,158.98333333333332
Togo,TG,2020-05-01,-29.193548387096776,-16.048387096774192,-7.32258064516129,-36.45161290322581,-9.240384615384615,17,118.59677419354838
Togo,TG,2020-06-01,-17.883333333333333,-7.55,6.483333333333333,-31.6,-3.4615384615384617,12.983333333333333,85.41666666666667
Togo,TG,2020-07-01,-13.629032258064516,-3.774193548387097,14.435483870967742,-25.322580645161292,-4.284403669724771,12.161290322580646,76.41935483870968
Togo,TG,2020-08-01,-8.686274509803921,0.8709677419354839,23.9375,-16.6875,-3.6219512195121952,10.790322580645162,68.40625
Togo,TG,2020-09-01,-8.365384615384615,7.583333333333333,65.5,2.35,-8,12.366666666666667,108.6
Togo,TG,2020-10-01,-5.403225806451613,25.322580645161292,42.46875,-1.3064516129032258,-13.220338983050848,9.17741935483871,96.62903225806451
Togo,TG,2020-11-01,-5.35,25.566666666666666,30.783783783783782,-4.15,-8.738317757009346,9.483333333333333,98.48333333333333
Togo,TG,2020-12-01,-2.370967741935484,41.435483870967744,64.1875,12.53225806451613,-8.362068965517242,10.580645161290322,144.7258064516129
Togo,TG,2021-01-01,-8.03225806451613,21.20967741935484,55.70967741935484,9.596774193548388,-14.241379310344827,10.306451612903226,116.75806451612904
Togo,TG,2021-02-01,-6.232142857142857,27.035714285714285,57.357142857142854,1.6071428571428572,-17.99122807017544,1.9107142857142858,104.58928571428571
Togo,TG,2021-03-01,0.5483870967741935,36.483870967741936,67.8225806451613,1.467741935483871,-15.440944881889763,1.032258064516129,115.58064516129032
Togo,TG,2021-04-01,5.35,45.85,74.51666666666667,3.9166666666666665,-15.793388429752065,3.4,145.41666666666666
Togo,TG,2021-05-01,15.03225806451613,50.645161290322584,93.41935483870968,10.774193548387096,-13.081967213114755,1.532258064516129,187.56451612903226
Togo,TG,2021-06-01,21.566666666666666,57,113.3,15.116666666666667,-9.53448275862069,-4.116666666666666,220.71666666666667
Togo,TG,2021-07-01,29.693548387096776,65.08064516129032,126.87096774193549,28.177419354838708,-13.36923076923077,-3.5483870967741935,262.5806451612903
Togo,TG,2021-08-01,38.41935483870968,70.69354838709677,139.327868852459,39.79032258064516,-10.21951219512195,-3.596774193548387,297.9672131147541
Togo,TG,2021-09-01,34.05,55.78333333333333,126.7,6.566666666666666,-9.926829268292684,-2.2,239.06666666666666
Togo,TG,2021-10-01,32.33870967741935,51.016129032258064,127,4.661290322580645,-4.296610169491525,-2.6774193548387095,234.24193548387098
Togo,TG,2021-11-01,37.03333333333333,55.21666666666667,138.864406779661,8.866666666666667,-2.0625,-3.433333333333333,261.135593220339
Togo,TG,2021-12-01,45.53225806451613,66.30645161290323,151.48275862068965,12.112903225806452,7.619469026548672,-1.7258064516129032,302.48275862068965
Togo,TG,2022-01-01,38.225806451612904,50.62903225806452,143,2.0483870967741935,14.044642857142858,5.064516129032258,276.8709677419355
Togo,TG,2022-02-01,41.660714285714285,51.410714285714285,152.8653846153846,3.625,30.02061855670103,7,300.4807692307692
Togo,TG,2022-03-01,51.193548387096776,58.32258064516129,206.2391304347826,12.32258064516129,54.509433962264154,20.532258064516128,404.89130434782606
Togo,TG,2022-04-01,47.81666666666667,59.63333333333333,211.54347826086956,8.766666666666667,45.56122448979592,25.466666666666665,409.2826086956522
Togo,TG,2022-05-01,48.29032258064516,64.69354838709677,219.51111111111112,12.53225806451613,49.660377358490564,25.258064516129032,427.8666666666667
Togo,TG,2022-06-01,47.96666666666667,74.98333333333333,218.1860465116279,22.883333333333333,46.29807692307692,26.483333333333334,442.25581395348837
Togo,TG,2022-07-01,53.79032258064516,82.96774193548387,232.86046511627907,34.064516129032256,44.24038461538461,27.35483870967742,479.1162790697674
Togo,TG,2022-08-01,62.016129032258064,93.37096774193549,257.2631578947368,39.53225806451613,46.47222222222222,28.693548387096776,537.921052631579
Togo,TG,2022-09-01,57.45,91.26666666666667,243.69230769230768,38.96666666666667,49.26923076923077,26.016666666666666,514.4871794871794
Togo,TG,2022-10-01,53.166666666666664,85.76666666666667,246.45454545454547,31.766666666666666,52.816326530612244,24.266666666666666,502
Trinidad and Tobago,TT,2020-02-01,7.2,6.666666666666667,41.8,14.533333333333333,-11.2,2.066666666666667,97.46666666666667
Trinidad and Tobago,TT,2020-03-01,-18.387096774193548,2.6129032258064515,-17.870967741935484,-26.70967741935484,-17.35483870967742,9.225806451612904,113.90322580645162
Trinidad and Tobago,TT,2020-04-01,-65.6,-31.666666666666668,-57.5,-76.6,-58.733333333333334,25.5,315.6
Trinidad and Tobago,TT,2020-05-01,-48.16129032258065,-17.161290322580644,-36.354838709677416,-68.48387096774194,-41.064516129032256,19.451612903225808,230.67741935483872
Trinidad and Tobago,TT,2020-06-01,-23.833333333333332,-4.333333333333333,-17.9,-47.2,-24.8,13.133333333333333,134.8
Trinidad and Tobago,TT,2020-07-01,-11.225806451612904,4.290322580645161,-5.741935483870968,-34.87096774193548,-18.806451612903224,9.290322580645162,86.87096774193549
Trinidad and Tobago,TT,2020-08-01,-19.516129032258064,1.064516129032258,-18.096774193548388,-42.935483870967744,-26.419354838709676,11.903225806451612,126
Trinidad and Tobago,TT,2020-09-01,-26.133333333333333,-3.5,-28.766666666666666,-46.96666666666667,-30.1,12.466666666666667,149.8
Trinidad and Tobago,TT,2020-10-01,-25.35483870967742,0.6774193548387096,-26.225806451612904,-40.064516129032256,-23.806451612903224,9.741935483870968,129.16129032258064
Trinidad and Tobago,TT,2020-11-01,-18.233333333333334,6.466666666666667,-20.833333333333332,-35.233333333333334,-19.966666666666665,7.533333333333333,109.93333333333334
Trinidad and Tobago,TT,2020-12-01,-7.645161290322581,19.387096774193548,-11.838709677419354,-28,-22.161290322580644,5.129032258064516,110.35483870967742
Trinidad and Tobago,TT,2021-01-01,-25.516129032258064,-4.451612903225806,-19.548387096774192,-37.58064516129032,-22,4.741935483870968,116.93548387096774
Trinidad and Tobago,TT,2021-02-01,-17.214285714285715,5.678571428571429,-14.535714285714286,-32.07142857142857,-19.464285714285715,-2.2142857142857144,93.53571428571429
Trinidad and Tobago,TT,2021-03-01,-11.258064516129032,15.838709677419354,-13.96774193548387,-28.903225806451612,-19.774193548387096,-3.774193548387097,95.45161290322581
Trinidad and Tobago,TT,2021-04-01,-13.633333333333333,19.333333333333332,-13.433333333333334,-31.2,-22.766666666666666,-1.8,109.7
Trinidad and Tobago,TT,2021-05-01,-50.935483870967744,7.064516129032258,-45.29032258064516,-60.32258064516129,-46.96774193548387,11.32258064516129,231.1290322580645
Trinidad and Tobago,TT,2021-06-01,-51.333333333333336,5.533333333333333,-43.3,-63.3,-50.96666666666667,11.066666666666666,241.76666666666668
Trinidad and Tobago,TT,2021-07-01,-32.32258064516129,21.93548387096774,-26.225806451612904,-47.96774193548387,-38.096774193548384,4.451612903225806,171.1290322580645
Trinidad and Tobago,TT,2021-08-01,-12.64516129032258,31.93548387096774,-13.258064516129032,-36.193548387096776,-31.903225806451612,1.3870967741935485,130.16129032258064
Trinidad and Tobago,TT,2021-09-01,-5.6,37.4,-7.933333333333334,-27.9,-23.966666666666665,-0.13333333333333333,105.6
Trinidad and Tobago,TT,2021-10-01,0.6129032258064516,43.516129032258064,-4.967741935483871,-22.322580645161292,-16.419354838709676,-1.6774193548387097,93.38709677419355
Trinidad and Tobago,TT,2021-11-01,7.4,48.63333333333333,-1.6333333333333333,-17.6,-15.9,-2.3666666666666667,100.93333333333334
Trinidad and Tobago,TT,2021-12-01,15.935483870967742,59.74193548387097,-1.967741935483871,-16.35483870967742,-22.06451612903226,-0.8709677419354839,137.38709677419354
Trinidad and Tobago,TT,2022-01-01,-0.6774193548387096,37.516129032258064,-2.129032258064516,-19.677419354838708,-14.064516129032258,1.8709677419354838,87.74193548387096
Trinidad and Tobago,TT,2022-02-01,5.785714285714286,46.214285714285715,4,-14.428571428571429,-9.25,0.25,88.21428571428571
Trinidad and Tobago,TT,2022-03-01,7.387096774193548,47.193548387096776,18.096774193548388,-9.64516129032258,-5.064516129032258,5.903225806451613,99.87096774193549
Trinidad and Tobago,TT,2022-04-01,12.5,52.166666666666664,23.5,-2.2333333333333334,-5.4,6.033333333333333,118.36666666666666
Trinidad and Tobago,TT,2022-05-01,16.322580645161292,56.903225806451616,23.096774193548388,-1.2258064516129032,-1.1290322580645162,5.32258064516129,120.3225806451613
Trinidad and Tobago,TT,2022-06-01,14.5,53.93333333333333,13.266666666666667,2.3666666666666667,-1.0333333333333334,6.466666666666667,113.63333333333334
Trinidad and Tobago,TT,2022-07-01,22.838709677419356,55.61290322580645,18.93548387096774,10.741935483870968,1.2580645161290323,5.645161290322581,123.74193548387096
Trinidad and Tobago,TT,2022-08-01,24.129032258064516,57.225806451612904,30.29032258064516,12.451612903225806,-7.096774193548387,7.838709677419355,150.83870967741936
Trinidad and Tobago,TT,2022-09-01,23.166666666666668,62.166666666666664,15.366666666666667,9.2,2.4,4.233333333333333,122.73333333333333
Trinidad and Tobago,TT,2022-10-01,21.066666666666666,57,7,5,5.2,4.733333333333333,114.53333333333333
Turkey,TR,2020-02-01,2.0281299524564185,3.2387594053954856,4.509373753490228,-6.64375142271796,9.353484079372404,-0.6984431648539134,45.92529608259945
Turkey,TR,2020-03-01,-21.70000963669654,-4.39508254926327,-6.153225806451613,-22.89611523352248,-12.65255328279216,6.332819213396497,135.10355162595533
Turkey,TR,2020-04-01,-63.14883625969784,-26.49784724822164,-42.11735440444835,-64.41886659626891,-47.53999722722862,20.74272043745728,274.05895382518315
Turkey,TR,2020-05-01,-55.673895899053626,-15.23950640366458,-28.837900201903665,-58.02051983584131,-41.53971094287681,17.455508200955702,245.8703307553069
Turkey,TR,2020-06-01,-18.156209605250076,12.410230035533944,32.5020022246941,-17.11776127926899,-10.425022070879052,4.339668241239152,121.38066997916333
Turkey,TR,2020-07-01,-6.8764575503517396,15.260358801566342,55.75079872204473,-1.8823596271879972,-10.858957101890326,-0.08218888654130575,135.7149256119021
Turkey,TR,2020-08-01,-9.014544950824213,9.80008610792193,60.97758206565252,1.3751550593655857,-16.41274696205671,-0.669342753157782,150.49327731092436
Turkey,TR,2020-09-01,-13.071652654034382,10.092359579712024,38.9779839597421,-11.851192272864473,-11.053214743348157,2.3892190595349807,116.0038592508513
Turkey,TR,2020-10-01,-13.590351045463265,19.569649660812193,30.07769844603108,-10.521094009522756,-8.295499824211884,3.8866696791685493,113.2474555673705
Turkey,TR,2020-11-01,-26.801938099475922,9.294253094118776,-1.853678172486666,-25.19709334823924,-14.877224736048266,8.382887598743695,119.50943111513506
Turkey,TR,2020-12-01,-47.54192861978915,1.0218678380443087,-26.385513575090183,-39.558470186266945,-30.277043647388595,15.067144052822469,203.12700044046395
Turkey,TR,2021-01-01,-50.178609316231075,-4.892953929539296,-34.12081955163543,-40.96784140969163,-31.960335709358475,13.586488771962792,214.01471445221446
Turkey,TR,2021-02-01,-41.17969586635254,10.83079365079365,-22.787913340935006,-31.02537764350453,-25.911407689863363,9.778198567041965,182.75347559004203
Turkey,TR,2021-03-01,-24.850222394121058,24.720614404795356,-8.019031141868512,-20.46836969630523,-13.891509161320155,6.377277696793003,131.11741366642175
Turkey,TR,2021-04-01,-35.50200601805416,21.478576399244456,-13.863790017896202,-27.611851851851853,-23.792818991097924,11.048253545255545,186.82767064585246
Turkey,TR,2021-05-01,-41.30267119961146,13.629980657640232,-11.967061795569375,-31.783478933982085,-33.63201015462728,12.395151515151515,220.81902068760232
Turkey,TR,2021-06-01,1.851734693877551,47.980315356030935,39.925512733829166,8.431063122923588,-10.437586144903218,0.31145871899296557,168.30582203109495
Turkey,TR,2021-07-01,26.966804979253112,61.709725685785536,86.983642578125,40.41797257590598,-17.413157587775576,-2.8279896400821647,239.44096222259867
Turkey,TR,2021-08-01,26.708901687380013,58.99014195583596,73.93124189173251,34.89798382228661,-8.252918744499853,-2.106539046426335,207.63470167857736
Turkey,TR,2021-09-01,24.9132732359341,62.67730173199635,52.15101246996911,25.75863322428208,-0.7487861131342559,-1.6559040590405905,179.9672158429023
Turkey,TR,2021-10-01,17.097048079770953,60.102847636755065,38.40257819103973,21.260331543310762,2.3593888266178986,-0.29375056525278104,161.0593556578321
Turkey,TR,2021-11-01,13.397328711256117,57.42152736019242,25.51535111016679,20.65199615199615,2.8134968583856934,0.9269402153731897,145.58966021785076
Turkey,TR,2021-12-01,8.64896524795002,56.63414869029276,8.597392335045436,10.671394258263753,11.629401408450704,2.6887476501656074,135.03981552651805
Turkey,TR,2022-01-01,-0.08210689388071257,47.358875995012944,0.01963059665409539,2.3921945701357465,3.9818245985530263,6.026135429041396,123.85740346609911
Turkey,TR,2022-02-01,8.669657334342233,55.75422640701905,14.314874293941743,11.550063856960408,9.709835103956202,3.740651869626075,139.08883553421367
Turkey,TR,2022-03-01,6.59906487434249,59.2021038277978,21.476872018253474,8.769389155799589,21.363140093751856,4.042092981511399,156.14395604395605
Turkey,TR,2022-04-01,10.876310483870968,71.28480427411898,52.58190292145049,15.314353782013104,18.52503374647196,3.719384902143523,198.85268080841823
Turkey,TR,2022-05-01,26.026870442513236,79.37253707089174,86.16263057929724,37.78161467015956,12.195303653376245,0.1413373860182371,264.3781212841855
Turkey,TR,2022-06-01,27.217315034568156,79.6843378563164,91.73663317206302,39.68411307246019,16.290366017872444,-0.572241600881219,261.4415698697642
Turkey,TR,2022-07-01,33.72920048701299,85.12023921938936,114.04177880302447,53.632243684992574,-1.9921334358549712,0.390070282933862,302.93722212342163
Turkey,TR,2022-08-01,38.08860759493671,88.39269598069052,113.43406593406593,51.29516069449575,10.334005695301377,1.406194375222499,301.5276399716513
Turkey,TR,2022-09-01,33.963954578601935,90.63220973782772,90.85448916408669,40.42229064039409,17.025629913947874,-0.2212218649517685,275.26533498320663
Turkey,TR,2022-10-01,28.706269270298048,86.40135478408129,71.10881316098707,29.134429400386846,23.49320364135179,0.181784455574105,246.70013755158183
Uganda,UG,2020-02-01,0.5213675213675214,-3.1707317073170733,-6.8604651162790695,-2.1492537313432836,8.216216216216216,-0.4166666666666667,23.11764705882353
Uganda,UG,2020-03-01,-10.12448132780083,-9.641176470588235,-7.622047244094488,-14.447272727272727,-0.41645244215938304,4.868421052631579,76.32608695652173
Uganda,UG,2020-04-01,-61.75438596491228,-55.70388349514563,-22.326612903225808,-66.18315018315019,-41.392201834862384,34.20967741935484,324.55371900826447
Uganda,UG,2020-05-01,-52.24686192468619,-44.80487804878049,-22.132575757575758,-58.19642857142857,-24.98090692124105,26.40740740740741,267.0492957746479
Uganda,UG,2020-06-01,-34.23012552301255,-23.910614525139664,-14.34136546184739,-40.93703703703704,-6.711926605504587,16.07027027027027,179.11428571428573
Uganda,UG,2020-07-01,-24.725806451612904,-15.912790697674419,-8.82283464566929,-31.154121863799283,-2.9836065573770494,12.005050505050505,135.18620689655174
Uganda,UG,2020-08-01,-18.4438202247191,-9.694656488549619,-5.388571428571429,-28.75980392156863,-1.808,7.476923076923077,101.46610169491525
Uganda,UG,2020-09-01,-21.396984924623116,-9.820143884892087,-0.6666666666666666,-25.48181818181818,-3.056179775280899,11.61139896373057,102.85950413223141
Uganda,UG,2020-10-01,-22.396078431372548,-5.096774193548387,-11.742063492063492,-20.706563706563706,-5.223472668810289,7.139130434782609,96.52941176470588
Uganda,UG,2020-11-01,-23.975103734439834,-8.787096774193548,-10.889795918367346,-21.486166007905137,-1.089678510998308,9.709090909090909,99.27480916030534
Uganda,UG,2020-12-01,-20.516528925619834,-3.013793103448276,-0.5639810426540285,-12.719367588932807,-6.067961165048544,12.729357798165138,90.81538461538462
Uganda,UG,2021-01-01,-37.01777777777778,-25.153374233128833,-11.290909090909091,-33.79838709677419,-15.410434782608696,10.875647668393782,154.31007751937983
Uganda,UG,2021-02-01,-28.285714285714285,-11.118881118881118,-20.23949579831933,-33.09836065573771,-11.268206039076377,8.342105263157896,129.184
Uganda,UG,2021-03-01,-22.374468085106383,-3.1333333333333333,-20.843866171003718,-31.01171875,-4.263754045307444,7.615023474178404,102.6962962962963
Uganda,UG,2021-04-01,-16.464912280701753,1.8175182481751824,-19.474708171206224,-26.983471074380166,0.7861952861952862,8.078703703703704,88.89682539682539
Uganda,UG,2021-05-01,-10.152173913043478,9.074626865671641,-15.411538461538461,-24.326612903225808,8.678391959798995,8.942477876106194,85.3984375
Uganda,UG,2021-06-01,-26.459821428571427,-7.993055555555555,-10.017021276595745,-40.52845528455285,-4.071428571428571,19.202830188679247,159.40458015267177
Uganda,UG,2021-07-01,-37.2655601659751,-16.006451612903227,-14.688524590163935,-50.285140562249,-3.3624382207578254,23.915178571428573,200.67391304347825
Uganda,UG,2021-08-01,-19.15695067264574,6.69172932330827,-3.0995475113122173,-28.987903225806452,10.364864864864865,13.406113537117903,100.8267716535433
Uganda,UG,2021-09-01,-8.757009345794392,12.314516129032258,2.0829268292682928,-20.891666666666666,16.552447552447553,11.933035714285714,87.03333333333333
Uganda,UG,2021-10-01,-0.6454545454545455,13.037593984962406,0.2524271844660194,-13.633064516129032,23.2679180887372,10.714912280701755,80.35483870967742
Uganda,UG,2021-11-01,3.843601895734597,16.345864661654137,3.572139303482587,-11.020833333333334,27.71758436944938,10.4,89.56666666666666
Uganda,UG,2021-12-01,7.286363636363636,17.257142857142856,7.03921568627451,-6.719512195121951,23.39446366782007,10.451063829787234,105.192
Uganda,UG,2022-01-01,8.876712328767123,19.264285714285716,5.091787439613527,-7.080971659919029,35.77117117117117,13.165217391304347,98.784
Uganda,UG,2022-02-01,19.14070351758794,24.565573770491802,14.027322404371585,-1.7544642857142858,51.69484536082474,13.066666666666666,110.65178571428571
Uganda,UG,2022-03-01,36.24324324324324,33.06106870229008,103.87096774193549,11.862903225806452,72.4185110663984,21.935344827586206,211.6209677419355
Uganda,UG,2022-04-01,42.50471698113208,33.57364341085271,123.34444444444445,17.037815126050422,65.85507246376811,25.45045045045045,236.13333333333333
Uganda,UG,2022-05-01,44.00909090909091,36.514925373134325,115.3225806451613,17.260162601626018,69.54432989690721,23.49344978165939,244.1290322580645
Uganda,UG,2022-06-01,46.06161137440758,40,119.57777777777778,21.69327731092437,75.21894736842106,23.964285714285715,252.025
Uganda,UG,2022-07-01,48.44954128440367,39.62406015037594,119.55376344086021,18.81048387096774,79.30801687763713,24.50438596491228,260.9758064516129
Uganda,UG,2022-08-01,59.023148148148145,47.3206106870229,138.5752688172043,21.53846153846154,79.75103734439834,27.75862068965517,302.93548387096774
Uganda,UG,2022-09-01,53.18055555555556,42.83076923076923,123.84444444444445,17.98326359832636,86.98034934497817,25.066964285714285,280.225
Uganda,UG,2022-10-01,50.93518518518518,40.13636363636363,119.77777777777777,20.025,90.1511111111111,24.81081081081081,271.25
Ukraine,UA,2020-02-01,4.3,4.233333333333333,8.433333333333334,6,5.366666666666666,-0.9,33.5
Ukraine,UA,2020-03-01,-22.322580645161292,-6.145161290322581,2.225806451612903,-20.79032258064516,-21.467741935483872,7.17741935483871,125.29032258064517
Ukraine,UA,2020-04-01,-52.03333333333333,-25.333333333333332,-16.65,-54.21666666666667,-47.65,15.233333333333333,214.08333333333334
Ukraine,UA,2020-05-01,-32.983870967741936,-8.67741935483871,12.209677419354838,-37.25806451612903,-31.967741935483872,8.85483870967742,139.7258064516129
Ukraine,UA,2020-06-01,-9.716666666666667,5.216666666666667,59.53333333333333,-11.233333333333333,-21.7,0.7166666666666667,114.11666666666666
Ukraine,UA,2020-07-01,-5.129032258064516,5.67741935483871,63.11290322580645,-8.806451612903226,-21.370967741935484,-0.8064516129032258,111.3225806451613
Ukraine,UA,2020-08-01,-3.661290322580645,4.82258064516129,62.17741935483871,-7.419354838709677,-22.85483870967742,-1.935483870967742,110.06451612903226
Ukraine,UA,2020-09-01,-4.85,6.866666666666666,40.53333333333333,-4.05,-17.816666666666666,-2.1166666666666667,80.96666666666667
Ukraine,UA,2020-10-01,-11.403225806451612,5.516129032258065,12.596774193548388,-6.709677419354839,-20.096774193548388,0.8064516129032258,66.12903225806451
Ukraine,UA,2020-11-01,-22.366666666666667,0.31666666666666665,-13.183333333333334,-17.516666666666666,-21.75,3.9166666666666665,83.35
Ukraine,UA,2020-12-01,-15.516129032258064,2.161290322580645,-13.387096774193548,-15.806451612903226,-21.43548387096774,4.580645161290323,78.1774193548387
Ukraine,UA,2021-01-01,-37.806451612903224,-14.419354838709678,-12.96774193548387,-31.838709677419356,-34.483870967741936,6.483870967741935,142.4516129032258
Ukraine,UA,2021-02-01,-22.839285714285715,-5.75,-25.196428571428573,-19.589285714285715,-20.678571428571427,2.625,97
Ukraine,UA,2021-03-01,-22.5,0.22580645161290322,-11.516129032258064,-17.741935483870968,-24.370967741935484,2.870967741935484,86.54838709677419
Ukraine,UA,2021-04-01,-30.116666666666667,3.033333333333333,5.25,-23.616666666666667,-29.966666666666665,3.033333333333333,104.41666666666667
Ukraine,UA,2021-05-01,-9.03225806451613,9.064516129032258,29.483870967741936,-5.5,-22.35483870967742,-3.2580645161290325,87.53225806451613
Ukraine,UA,2021-06-01,-2.6166666666666667,12.816666666666666,40.4,-1.3333333333333333,-23.516666666666666,-5.216666666666667,91.3
Ukraine,UA,2021-07-01,-3.8548387096774195,12.5,42.725806451612904,-1.2096774193548387,-24.467741935483872,-6.112903225806452,95.29032258064517
Ukraine,UA,2021-08-01,-0.3225806451612903,13.46774193548387,40.17741935483871,-0.967741935483871,-24.70967741935484,-5,98.38709677419355
Ukraine,UA,2021-09-01,0.85,16.133333333333333,20.833333333333332,1.85,-18.216666666666665,-3.9166666666666665,68.76666666666667
Ukraine,UA,2021-10-01,-3.8225806451612905,12.983870967741936,14.129032258064516,-3.903225806451613,-17.403225806451612,-1.1612903225806452,60.725806451612904
Ukraine,UA,2021-11-01,-13.133333333333333,9.966666666666667,-4,-12.283333333333333,-18.516666666666666,1.5666666666666667,64.23333333333333
Ukraine,UA,2021-12-01,-4.903225806451613,13.016129032258064,-9.838709677419354,-9,-14.64516129032258,1.2419354838709677,58.16129032258065
Ukraine,UA,2022-01-01,-17.322580645161292,1.7580645161290323,-10.903225806451612,-19.919354838709676,-25.161290322580644,4.354838709677419,91.93548387096774
Ukraine,UA,2022-02-01,-14.021739130434783,7.021739130434782,-16.065217391304348,-17.73913043478261,-19.08695652173913,3.9347826086956523,78.26086956521739
United Arab Emirates,AE,2020-02-01,-1.2916666666666667,1.675,3.104761904761905,0.7888888888888889,2.591666666666667,1,17.1
United Arab Emirates,AE,2020-03-01,-19.524193548387096,-4.770161290322581,-18.640552995391705,-25.752688172043012,-11.709677419354838,9.008403361344538,108.53763440860214
United Arab Emirates,AE,2020-04-01,-52.5375,-27.375,-65.44285714285714,-64.87434554973822,-41.454166666666666,24.81904761904762,285.27225130890054
United Arab Emirates,AE,2020-05-01,-45.48790322580645,-20.491935483870968,-62.11981566820276,-55.34905660377358,-36.520161290322584,23.59360730593607,247.13679245283018
United Arab Emirates,AE,2020-06-01,-30.4875,-11.041666666666666,-49.88095238095238,-42.301507537688444,-21.2,16.58189655172414,177.64824120603015
United Arab Emirates,AE,2020-07-01,-18.903225806451612,-3.935483870967742,-40.133640552995395,-47.46478873239437,-17.411290322580644,12.365546218487395,147.13145539906102
United Arab Emirates,AE,2020-08-01,-16.61467889908257,-4.74537037037037,-36.52325581395349,-43.50909090909091,-19.72294372294372,10.586497890295359,139.84848484848484
United Arab Emirates,AE,2020-09-01,-17.081818181818182,-5.618181818181818,-35.16111111111111,-43.32727272727273,-15.358078602620088,9.420600858369099,131.53939393939393
United Arab Emirates,AE,2020-10-01,-15.088709677419354,-2.5725806451612905,-25.72811059907834,-37.432432432432435,-15.673387096774194,8.880658436213992,113.71891891891892
United Arab Emirates,AE,2020-11-01,-13.008333333333333,-2.316666666666667,-25.233333333333334,-35.92817679558011,-13.625,8.021186440677965,103.95027624309392
United Arab Emirates,AE,2020-12-01,-7.866935483870968,2.661290322580645,-9.949308755760368,-33.91891891891892,-17.68548387096774,8.459016393442623,98.54594594594595
United Arab Emirates,AE,2021-01-01,-12.483870967741936,-1.7943548387096775,-21.410138248847925,-32.494680851063826,-15.415322580645162,7.037037037037037,100.69148936170212
United Arab Emirates,AE,2021-02-01,-9.254464285714286,1.4017857142857142,-19.948979591836736,-31.03529411764706,-17.196428571428573,6.2318181818181815,96.68823529411765
United Arab Emirates,AE,2021-03-01,-1.2459677419354838,10.350806451612904,-14.331797235023041,-23.18716577540107,-13.137096774193548,5.713114754098361,80.88770053475936
United Arab Emirates,AE,2021-04-01,-4.058333333333334,16.354166666666668,-17.738095238095237,-23.324175824175825,-10.120833333333334,8.680851063829786,96.75824175824175
United Arab Emirates,AE,2021-05-01,4.306451612903226,24.39516129032258,-15.861751152073733,-30.623655913978496,-11.733870967741936,9.032786885245901,110.63440860215054
United Arab Emirates,AE,2021-06-01,3.175,20.725,-27.347619047619048,-31.646067415730336,-5.445833333333334,6.148305084745763,101.61235955056179
United Arab Emirates,AE,2021-07-01,3.9919354838709675,20.782258064516128,-24.95852534562212,-32.54644808743169,-13.22983870967742,7.399176954732511,118.70491803278688
United Arab Emirates,AE,2021-08-01,1.3951612903225807,17.29032258064516,-29.377880184331797,-30.278947368421054,-9.629032258064516,6.258196721311475,104.46842105263158
United Arab Emirates,AE,2021-09-01,7.8,24.516666666666666,-23.752380952380953,-20.978494623655912,-5.520833333333333,4.546610169491525,89.79032258064517
United Arab Emirates,AE,2021-10-01,15.665322580645162,33.58064516129032,-8.912442396313365,0.5135135135135135,-2.814516129032258,3.9794238683127574,91.76216216216216
United Arab Emirates,AE,2021-11-01,22.554166666666667,40.541666666666664,5.928571428571429,12.153409090909092,2.3291666666666666,3.4915254237288136,95.0965909090909
United Arab Emirates,AE,2021-12-01,27.701612903225808,44.721774193548384,26.823255813953487,14.979166666666666,-0.3911290322580645,4.917695473251029,128.44736842105263
United Arab Emirates,AE,2022-01-01,21.012096774193548,40.891129032258064,10.23041474654378,3.804123711340206,12.040322580645162,8.381147540983607,127.4381443298969
United Arab Emirates,AE,2022-02-01,26.709821428571427,44.84375,19.76530612244898,13.601190476190476,26.861607142857142,5.786363636363636,147.23809523809524
United Arab Emirates,AE,2022-03-01,27.629032258064516,44.48790322580645,26.08294930875576,27.807692307692307,30.25,6.561475409836065,161.53296703296704
United Arab Emirates,AE,2022-04-01,15.754166666666666,44.541666666666664,3.9714285714285715,10.731428571428571,32.625,12.293617021276596,130.03428571428572
United Arab Emirates,AE,2022-05-01,26.411290322580644,44.645161290322584,18.148837209302325,15.202185792349727,17.483870967741936,10.692622950819672,157.61748633879782
United Arab Emirates,AE,2022-06-01,22.4625,41.12916666666667,-2.1904761904761907,19.59659090909091,32.35,9.51271186440678,134.92613636363637
United Arab Emirates,AE,2022-07-01,19.241935483870968,37.95967741935484,-0.5944700460829493,22.863387978142075,18.870967741935484,10.905349794238683,138.52459016393442
United Arab Emirates,AE,2022-08-01,20.282258064516128,40.38306451612903,-0.8940092165898618,24.807692307692307,26.217741935483872,10.688524590163935,132.27472527472528
United Arab Emirates,AE,2022-09-01,22.783333333333335,43.670833333333334,2.780952380952381,26.685714285714287,37.520833333333336,8.357446808510637,151.8057142857143
United Arab Emirates,AE,2022-10-01,30.041666666666668,51.05,16.295238095238094,33.875,33.36666666666667,7.915254237288136,176.64772727272728
United Kingdom,GB,2020-02-01,0.8644747393744988,-0.11301699262584161,-4.014355805924041,-1.9309674282936315,-5.630956188039654,1.4606505771248688,40.98149970478252
United Kingdom,GB,2020-03-01,-26.054089709762533,-2.178818231229133,0.9068439368251985,-24.910201205668205,-22.353614224971007,8.768826775858999,118.30730863192183
United Kingdom,GB,2020-04-01,-74.729971533143555,-32.203621730382295,-14.089916272297051,-62.68985204245738,-64.03479371159524,25.596975183725636,283.8681488526929
United Kingdom,GB,2020-05-01,-66.81153393487642,-20.942172623692837,30.798902762012865,-49.052734375,-54.160030923850016,21.262237420615534,262.94440501537736
United Kingdom,GB,2020-06-01,-53.24637096774194,-12.906224802451218,42.30339341456047,-40.174753355976065,-42.08316705243834,16.958968772694263,220.81756450882753
United Kingdom,GB,2020-07-01,-30.59160751891428,-9.47084570892606,73.98725197902745,-28.185528902870626,-36.94677892785416,12.321893187264635,204.9409192825112
United Kingdom,GB,2020-08-01,-15.539285324008306,-11.074966114065269,85.76343671739549,-27.258419689119172,-37.07825785181329,9.215523932729624,200.8252986348123
United Kingdom,GB,2020-09-01,-15.9409460680928,-8.062242697510293,63.65031503150315,-24.87113865840248,-29.123117501914404,7.725982626644878,157.28772153919846
United Kingdom,GB,2020-10-01,-21.876736924277907,-7.215965008201203,24.428372610874003,-32.505157886447755,-26.557727975270478,9.773445564996427,135.30520407192466
United Kingdom,GB,2020-11-01,-42.23925143179802,-10.21824340672635,8.398851548526782,-44.33533614810003,-32.19241516966068,13.383891731308797,168.04512372634645
United Kingdom,GB,2020-12-01,-35.08675620802749,-5.0150804813252075,2.482470481380563,-44.73956043956044,-38.35763379411537,14.422278762821023,169.84601009157166
United Kingdom,GB,2021-01-01,-61.85462073275525,-24.066958014671453,-8.87400943816223,-59.23740105023905,-44.92459826946848,18.353949687550074,231.39262732119874
United Kingdom,GB,2021-02-01,-55.18066972397681,-14.460561555075595,5.967065261451155,-55.25702880944117,-42.27888480287351,16.994345290687402,213.3773368146214
United Kingdom,GB,2021-03-01,-47.23158634694993,-4.230096784264751,24.06169078446306,-46.29888027562446,-35.218103181958604,14.020443878768594,186.92509290044984
United Kingdom,GB,2021-04-01,-30.80786272456296,1.844151644976154,60.37971283958269,-34.6163705686704,-33.9455619412516,10.910970706490522,184.4300402798389
United Kingdom,GB,2021-05-01,-16.91714821177573,5.747021009720916,50.95180017562689,-27.17117401245762,-25.889060688055665,7.90598902409926,149.82817042606516
United Kingdom,GB,2021-06-01,-5.452700517464424,10.959182017365901,76.31414613423959,-22.34885993485342,-23.818936611847356,6.240611961057024,163.2907585004359
United Kingdom,GB,2021-07-01,-4.110389102012056,10.024376818432021,75.92422690968667,-20.908782718385368,-26.29319938176198,6.647618292779583,166.06983592763987
United Kingdom,GB,2021-08-01,3.4258054401505054,8.70101871594409,86.64844746916206,-17.024648443671985,-31.116701445243063,6.294893177666587,181.7881513987932
United Kingdom,GB,2021-09-01,-1.431772223570331,9.683710737764791,64.85829374096261,-15.352106936180618,-23.614162541912822,5.138052373158756,141.60662701784196
United Kingdom,GB,2021-10-01,-4.405815225887134,6.090032154340836,34.4635692657078,-20.596372239747634,-24.027678985619296,5.455940830284715,111.46580946814728
United Kingdom,GB,2021-11-01,-4.998788857488898,7.309356014580802,17.550587781846215,-22.082248616986657,-22.209963276385118,5.921496398166339,93.71750741839763
United Kingdom,GB,2021-12-01,-6.434507537295946,6.779127164459767,4.864625228519196,-31.950958817981768,-34.60627123880136,9.207276474318325,131.2551154495964
United Kingdom,GB,2022-01-01,-17.116338951310862,-2.3971991863558126,10.238033991731742,-33.80796474106721,-25.494975262832405,9.019759381722572,116.1938380115301
United Kingdom,GB,2022-02-01,-9.993083772801937,1.8632737992023582,11.907818088911599,-25.50766550522648,-22.907426420260094,6.6359082520432375,100.92206700976789
United Kingdom,GB,2022-03-01,-10.086827516202076,3.9493105609526795,27.36263736263736,-24.60662053782041,-20.721359598300502,5.215970243748021,106.12837182223947
United Kingdom,GB,2022-04-01,-6.126585346150739,5.625891121192482,46.68380799033913,-21.42569823304291,-25.700023959747625,4.8498402555910545,130.36695921528136
United Kingdom,GB,2022-05-01,-3.3257451302511147,9.25275070732474,46.21280108780109,-17.40423855668479,-19.514722930674704,3.2078344302592976,117.67356115107914
United Kingdom,GB,2022-06-01,-2.8660577156252525,11.53887399463807,56.33881409927037,-17.51086160605321,-22.478045665016765,3.578869899419413,136.12473595268273
United Kingdom,GB,2022-07-01,-1.790590261468608,12.262311874556772,62.07864393416774,-14.462363894587345,-21.909772692129273,3.8196838509810154,140.93962187436472
United Kingdom,GB,2022-08-01,2.0824516027901874,11.918805781533845,77.44745024875621,-15.13637797759899,-28.85354549667851,5.090484483850538,168.8914712153518
United Kingdom,GB,2022-09-01,-4.881843914274161,9.519149626744564,39.452340888844894,-16.572371100431702,-22.249640747245728,3.8332379160873478,121.66307222787385
United Kingdom,GB,2022-10-01,-4.326332794830371,10.502999837846604,27.856538461538463,-19.94527687296417,-17.81035309154817,3.4645901639344263,99.96441984581934
United States,US,2020-02-01,6.1451956711849585,2.10323314108252,14.454503928375662,4.25353121135195,-0.08616055985737477,0.23281265545716845,45.67650864604164
United States,US,2020-03-01,-10.379869360233888,5.360027722664637,14.432376578645234,-8.988730907736247,-14.747642845453745,6.571576579991408,118.84082638807372
United States,US,2020-04-01,-34.6886132651552,-9.515706332322456,1.0690380480508548,-31.14486169061969,-37.378916585433785,16.550968681718864,194.32146795735818
United States,US,2020-05-01,-15.271136297345722,2.8342552993677947,38.37600581425531,-16.831389183457052,-28.98236150140506,11.67151692528577,168.17562606529435
United States,US,2020-06-01,-3.0241825064432986,7.141805536738473,68.48631386861314,-5.046891062841984,-22.866399465597862,7.511058201058201,166.02207898051418
United States,US,2020-07-01,-2.5861649078047084,6.439049879166576,72.17921365437367,-4.334902163050836,-26.354183921971,7.363172349466266,174.32282194191845
United States,US,2020-08-01,-4.941094997555809,2.125457875457875,60.652012560662286,-8.239617274372899,-24.309370752672372,5.968837783203381,164.48060246462802
United States,US,2020-09-01,-5.797524973907858,-0.7888816294065845,50.75009280570198,-9.887330797133504,-21.267406199021206,5.067323037639029,150.18742046900564
United States,US,2020-10-01,-6.575246427752732,-0.3477856988550442,34.56594199293568,-8.041801767435947,-18.41080986224445,4.954076141120192,127.81381325376104
United States,US,2020-11-01,-13.005763803315181,-3.0984070637399177,8.037823490378235,-15.490499739718897,-23.279667726653255,7.836686836540274,125.84851623910791
United States,US,2020-12-01,-12.766072049113866,-0.569361298936216,-7.293244604001576,-18.425099067053573,-26.30892857142857,9.6263315979175,129.22045454545454
United States,US,2021-01-01,-18.736443282243133,-9.90685957886578,-13.880025178346623,-21.70212765957447,-21.92490532693764,9.544251158003089,130.949177877429
United States,US,2021-02-01,-17.121149245199128,-7.962159194002769,-16.770441122185307,-20.95809930739809,-21.910110179474742,9.199856589060435,129.49272361931438
United States,US,2021-03-01,-0.48346080677097514,0.42237955448109127,17.103677676270788,-5.8953020134228185,-17.815693544173083,5.401661940768746,109.75566825775657
United States,US,2021-04-01,2.3938180653427286,4.2036643475537465,37.023645522771666,-1.4051870324189524,-18.119635103271442,4.283575105287786,120.5489197033215
United States,US,2021-05-01,5.754813888997384,9.848665211736437,54.82054794520548,2.6158454738909804,-18.411521332051215,3.3741422896352473,135.5821895531126
United States,US,2021-06-01,8.776731021934701,11.53815506508206,66.97927550376026,8.156893441786066,-20.58428608049218,3.1233324534508315,150.46853487240108
United States,US,2021-07-01,9.209235321600998,13.013838550247117,68.46646762868359,10.259435364041606,-22.825466643407182,3.6756600692923422,156.76175464484538
United States,US,2021-08-01,7.33697607131686,12.29581491500077,52.56321716957076,5.6065530713418035,-19.786028059021564,3.591395061235888,140.8537270529823
United States,US,2021-09-01,4.511183196171482,9.215849209566274,51.77812960637659,1.8808829933340026,-18.294512791475782,3.271618512410156,133.9789572443372
United States,US,2021-10-01,3.923111128296342,8.156105978201516,37.788249937764505,2.040745317377732,-14.280546135546896,2.791400921473553,110.48200224971879
United States,US,2021-11-01,0.10693531960780409,6.947993889562834,9.772222487012058,-0.8414512260127929,-18.57448182346484,4.7588987136614485,98.89969549330085
United States,US,2021-12-01,0.654558432038273,8.657010253642742,-0.9180762266484118,-4.581042988019733,-21.830294391075302,6.149595687331536,106.68144952545298
United States,US,2022-01-01,-13.565026780778835,-3.1804449623443602,-13.847190536544149,-13.199216635353311,-18.18616203131698,7.976264042069939,113.56327876180366
United States,US,2022-02-01,-5.464328848394957,0.007143027783750149,1.8738805600910395,-8.306108757062146,-13.602248848439304,5.210843107857836,95.91799296899968
United States,US,2022-03-01,-1.9932817432817431,-0.5855661658511349,18.024372794047505,-3.4226966798698997,-10.79280969715165,3.6124483440725434,100.04042476167491
United States,US,2022-04-01,0.8505511967424768,3.040810380762421,35.81801736613603,-1.476036096256684,-10.965034507999581,2.618157214909583,111.50634632819583
United States,US,2022-05-01,5.154012888107792,7.6494274347759195,52.76271639239154,1.1623686100411306,-13.320391410161028,2.1338722748206274,128.98022339027597
United States,US,2022-06-01,5.498054162487462,8.357191300809331,65.04339807503891,5.319230638529242,-17.46568236233041,2.7502284867071514,147.2904535274356
United States,US,2022-07-01,4.41481524562832,8.48307182320442,65.36189582873537,5.263010263010263,-20.234233778710387,4.115734088839421,155.68703628760287
United States,US,2022-08-01,6.05694116729393,8.276501921061824,55.66241482692832,3.138601585696107,-15.420027955271566,4.201931034482759,141.81538974017323
United States,US,2022-09-01,3.8115913045217282,7.474051716370844,49.51390035783099,1.2073855045193378,-13.799475991595113,2.416347226447622,132.57465207404405
United States,US,2022-10-01,3.7973621103117505,6.814160894562905,45.267090106577676,1.7702374527792768,-11.525228572181382,2.093048350280141,121.65066489361702
Uruguay,UY,2020-02-01,1.8349206349206348,0.30793650793650795,-3.7019867549668874,-0.4720812182741117,1.6677316293929711,0.8383838383838383,51.72727272727273
Uruguay,UY,2020-03-01,-28.66973886328725,-11.7357910906298,-42.80218068535826,-34.984913793103445,-3.7021604938271606,6.769633507853404,170.14779874213838
Uruguay,UY,2020-04-01,-53.55863539445629,-26.306122448979593,-64.7936507936508,-56.326848249027236,-27.259968102073366,16.957928802588995,253.6080586080586
Uruguay,UY,2020-05-01,-39.33458646616541,-19.15917602996255,-52.80153846153846,-46.813308687615525,-12.656346749226007,12.50268817204301,192.43714285714285
Uruguay,UY,2020-06-01,-28.865148861646233,-11.845614035087719,-50.53736089030207,-39.06237816764133,-2.7492012779552715,10.051282051282051,161.16321243523316
Uruguay,UY,2020-07-01,-25.06576728499157,-9.266101694915255,-44.73343605546995,-34.20841300191205,-3.001545595054096,8.84596577017115,146.76070528967256
Uruguay,UY,2020-08-01,-21.7277628032345,-5.791208791208791,-38.42790697674418,-31.141104294478527,0.22274881516587677,6.66501240694789,135.11278195488723
Uruguay,UY,2020-09-01,-19.2992700729927,-5.188118811881188,-33.959660297239914,-31.833795013850416,1.2989473684210526,4.820627802690583,129.17808219178082
Uruguay,UY,2020-10-01,-21.201058201058203,-1.95,-36.44514106583072,-32.729729729729726,4.701700154559505,4.420959147424512,132.99065420560748
Uruguay,UY,2020-11-01,-20.544464609800364,-1.6486988847583643,-34.93214862681745,-36.01890756302521,3.0096,4.2218045112781954,132.43614457831325
Uruguay,UY,2020-12-01,-19.312169312169313,6.193078324225866,-33.25511811023622,-37.00618556701031,-6.63020030816641,5.517117117117117,137.52235294117648
Uruguay,UY,2021-01-01,-31.00506756756757,-7.3625,-31.585826771653544,-43.161228406909785,-23.3963133640553,6.74721189591078,154.11290322580646
Uruguay,UY,2021-02-01,-25.91746641074856,-1.3537549407114624,-35.35528596187175,-36.87305122494432,-14.211243611584328,3.0601202404809618,131.32480818414322
Uruguay,UY,2021-03-01,-27.027972027972027,2.3278688524590163,-42.54290171606864,-36.664015904572565,-8.709876543209877,3.6464285714285714,141.09722222222223
Uruguay,UY,2021-04-01,-34.629893238434164,-0.9888475836431226,-49.030595813204506,-44.33723196881092,-19.8984126984127,8.686907020872866,178.3123543123543
Uruguay,UY,2021-05-01,-28.625659050966608,3.966666666666667,-49.7398753894081,-40.5218253968254,-11.419753086419753,8.401119402985074,165.04225352112675
Uruguay,UY,2021-06-01,-23.96897810218978,7.616412213740458,-49.69243156199678,-38.83541666666667,-6.1828298887122415,8.151228733459357,155.68840579710144
Uruguay,UY,2021-07-01,-13.802867383512545,14.01123595505618,-39.11128526645768,-29.945263157894736,0.4667697063369397,4.635036496350365,129.60096153846155
Uruguay,UY,2021-08-01,-10.251346499102334,15.297348484848484,-32.737007874015745,-25.248945147679326,10.989164086687307,2.3781818181818184,133.7542168674699
Uruguay,UY,2021-09-01,-8.603703703703705,14.502901353965184,-33.72712418300654,-23.345054945054944,13.054313099041533,1.8752327746741155,124.93316831683168
Uruguay,UY,2021-10-01,-2.561818181818182,18.44296577946768,-24.624405705229794,-17.87633262260128,15.860681114551083,0.08896797153024912,122.70145631067962
Uruguay,UY,2021-11-01,-1.0374531835205993,17.734251968503937,-23.628099173553718,-14.477477477477477,15.594249201277956,-0.08957952468007313,120.97186700767263
Uruguay,UY,2021-12-01,8.255009107468124,28.362403100775193,-12.419457735247208,-11.012931034482758,7.535493827160494,-1.1295971978984238,123.64406779661017
Uruguay,UY,2022-01-01,-11.29701230228471,14.534322820037106,-18.01904761904762,-23.267782426778243,-15.513846153846155,5.708719851576994,106.46004842615012
Uruguay,UY,2022-02-01,-2.0419161676646707,20.13152400835073,-19.142857142857142,-16.550351288056206,-0.4623287671232877,3.3621730382293764,89.88010899182561
Uruguay,UY,2022-03-01,-5.169675090252707,18.530841121495328,-18.326860841423947,-15.374468085106383,17.366306027820713,2.4068100358422937,113.91240875912409
Uruguay,UY,2022-04-01,-6.75278810408922,16.09126213592233,-13.47715736040609,-17.973799126637555,15.207667731629392,3.4417744916820703,129.29
Uruguay,UY,2022-05-01,-11.07581227436823,12.533834586466165,-30.066666666666666,-18.980972515856237,27.78018575851393,3.8110091743119265,144.61650485436894
Uruguay,UY,2022-06-01,-8.808550185873607,17.39766081871345,-33.399022801302934,-16.361842105263158,30.06709265175719,4.449056603773585,141.73
Uruguay,UY,2022-07-01,-6.776769509981851,17.269961977186313,-27.72626582278481,-13.870488322717621,14.801857585139318,6,135.05896805896805
Uruguay,UY,2022-08-01,-4.294545454545455,21.105461393596986,-20.917874396135264,-10.320430107526882,30.15146831530139,4.624319419237749,148.29032258064515
Uruguay,UY,2022-09-01,-1.5551401869158878,21.7078431372549,-15.692307692307692,-8.590200445434299,27.533546325878593,2.5111524163568775,130.82994923857868
Uruguay,UY,2022-10-01,1.6981132075471699,26.65625,-12.676666666666666,-4.580357142857143,27.054313099041533,2.0446096654275094,137.07179487179488
Venezuela,VE,2020-02-01,2.2666666666666666,1.0666666666666667,8.333333333333334,-0.26666666666666666,-2.6666666666666665,0.3333333333333333,46.13333333333333
Venezuela,VE,2020-03-01,-29.451612903225808,-15.516129032258064,-26.258064516129032,-30.774193548387096,-20.967741935483872,10.451612903225806,159.2258064516129
Venezuela,VE,2020-04-01,-61.233333333333334,-39.93333333333333,-52.833333333333336,-61.86666666666667,-47.43333333333333,20.166666666666668,283.46666666666664
Venezuela,VE,2020-05-01,-51.29032258064516,-32.38709677419355,-45.096774193548384,-51.70967741935484,-31.258064516129032,16.258064516129032,228.32258064516128
Venezuela,VE,2020-06-01,-37.36666666666667,-19.9,-35.266666666666666,-43.36666666666667,-22.933333333333334,14.333333333333334,175.03333333333333
Venezuela,VE,2020-07-01,-37.45161290322581,-18.419354838709676,-35.58064516129032,-45.774193548387096,-24.774193548387096,16.225806451612904,178.67741935483872
Venezuela,VE,2020-08-01,-37.903225806451616,-19.193548387096776,-35.29032258064516,-43.70967741935484,-23.129032258064516,15.612903225806452,174.83870967741936
Venezuela,VE,2020-09-01,-38.56666666666667,-18.5,-33.96666666666667,-37.266666666666666,-24.433333333333334,16.866666666666667,169.6
Venezuela,VE,2020-10-01,-33.58064516129032,-6.838709677419355,-29.322580645161292,-30.129032258064516,-20.06451612903226,13.32258064516129,134.67741935483872
Venezuela,VE,2020-11-01,-24.766666666666666,0.5333333333333333,-24.633333333333333,-19.1,-12.733333333333333,12.666666666666666,99.83333333333333
Venezuela,VE,2020-12-01,-14.161290322580646,12.774193548387096,-8.709677419354838,-1.8387096774193548,-11.64516129032258,11.32258064516129,80.12903225806451
Venezuela,VE,2021-01-01,-36.16129032258065,-8.35483870967742,-27.06451612903226,-38.935483870967744,-24.677419354838708,14.225806451612904,150.83870967741936
Venezuela,VE,2021-02-01,-25.785714285714285,1.6785714285714286,-19.285714285714285,-42.035714285714285,-20.035714285714285,8.857142857142858,124.46428571428571
Venezuela,VE,2021-03-01,-24.806451612903224,10.03225806451613,-20.419354838709676,-41.87096774193548,-18.451612903225808,10.225806451612904,126.25806451612904
Venezuela,VE,2021-04-01,-26.866666666666667,9.766666666666667,-23.266666666666666,-43.6,-20.466666666666665,12.566666666666666,140.66666666666666
Venezuela,VE,2021-05-01,-11.483870967741936,26.35483870967742,-6.516129032258065,-30.483870967741936,-6.903225806451613,9.548387096774194,101.03225806451613
Venezuela,VE,2021-06-01,-7.9,30.6,1.8666666666666667,-28.466666666666665,-7.866666666666666,9.166666666666666,94.73333333333333
Venezuela,VE,2021-07-01,0.3225806451612903,39.354838709677416,6.225806451612903,-26.419354838709676,-3.838709677419355,7.903225806451613,97.09677419354838
Venezuela,VE,2021-08-01,5,44.354838709677416,10.806451612903226,-22.29032258064516,-0.06451612903225806,7.129032258064516,99
Venezuela,VE,2021-09-01,9.1,48.8,12.8,-20.533333333333335,1.8333333333333333,6.533333333333333,105.13333333333334
Venezuela,VE,2021-10-01,14.67741935483871,53.935483870967744,14.387096774193548,-17.70967741935484,6.548387096774194,6.258064516129032,116.80645161290323
Venezuela,VE,2021-11-01,26.533333333333335,66.06666666666666,25.633333333333333,-10.766666666666667,13.4,5.533333333333333,148
Venezuela,VE,2021-12-01,35.096774193548384,77.12903225806451,36.38709677419355,-3.4516129032258065,9.838709677419354,5,186.32258064516128
Venezuela,VE,2022-01-01,13.709677419354838,57.70967741935484,21.193548387096776,-16.161290322580644,7.32258064516129,10.516129032258064,142.03225806451613
Venezuela,VE,2022-02-01,31.214285714285715,70.75,32.42857142857143,-8.178571428571429,26.464285714285715,8.178571428571429,180.57142857142858
Venezuela,VE,2022-03-01,31.612903225806452,66.70967741935483,38.645161290322584,-6.774193548387097,34.70967741935484,11,193.25806451612902
Venezuela,VE,2022-04-01,34.63333333333333,70.4,45.4,-3.7,30.866666666666667,11.366666666666667,208.23333333333332
Venezuela,VE,2022-05-01,43,78.12903225806451,44,0.5483870967741935,45.83870967741935,10.35483870967742,226
Venezuela,VE,2022-06-01,40.9,77.76666666666667,42.733333333333334,-1.2666666666666666,43.46666666666667,12.133333333333333,222.06666666666666
Venezuela,VE,2022-07-01,46.193548387096776,82.45161290322581,45.03225806451613,-1.6774193548387097,43.61290322580645,13,236.67741935483872
Venezuela,VE,2022-08-01,49.87096774193548,86.09677419354838,51.96774193548387,-0.6451612903225806,40.45161290322581,14.483870967741936,246.48387096774192
Venezuela,VE,2022-09-01,50.333333333333336,83.66666666666667,49.766666666666666,-1.7,44.63333333333333,12.5,245.13333333333333
Venezuela,VE,2022-10-01,55.666666666666664,90.4,51.4,0.2,47.93333333333333,11.466666666666667,264.26666666666665
Vietnam,VN,2020-02-01,-9.855208333333334,-10.438577586206897,-8.42392444910808,-14.319365798414497,-1.3333333333333333,5.404072883172562,60.174259681093396
Vietnam,VN,2020-03-01,-19.319556451612904,-14.311192468619247,-15.882800608828006,-23.65812431842966,2.707157258064516,6.778925619834711,93.16868131868132
Vietnam,VN,2020-04-01,-44.596354166666664,-29.128356605800214,-31.456874019864088,-47.29097909790979,-17.841666666666665,13.97993492407809,189.86595625350532
Vietnam,VN,2020-05-01,-20.307110438729197,2.6517671517671517,-25.181449569183982,-6.270181219110379,13.248487903225806,4.200920245398773,94.89767699115045
Vietnam,VN,2020-06-01,-15.411887382690303,2.7024838012958963,-20.321071991592223,-7.672149744753262,18.114583333333332,3.092153765139547,82.27298686464877
Vietnam,VN,2020-07-01,-10.348461926374181,3.5379382522239666,-13.371181262729124,-5.554269972451791,0.8240927419354839,3.2434244455905104,63.00831024930748
Vietnam,VN,2020-08-01,-20.084130019120458,-1.8491379310344829,-21.754204398447605,-22.699831365935918,-4.574386920980927,6.37984496124031,100.91623931623931
Vietnam,VN,2020-09-01,-14.941356139279169,0.47410894418291866,-18.323219814241487,-14.33183520599251,2.949972512369434,-0.6624405705229794,83.18844984802432
Vietnam,VN,2020-10-01,-20.78326612903226,-5.6415094339622645,-23.907669021190717,-15.653362493165664,0.11340725806451613,-8.261988894497728,104.41254125412541
Vietnam,VN,2020-11-01,-19.634375,-6.102925243770314,-26.228645833333335,-14.74448841153194,-1.2317708333333333,-12.140177175612298,105.95899772209567
Vietnam,VN,2020-12-01,-16.726814516129032,-0.6,-19.050984351337707,-10.322210065645514,4.291834677419355,-8.877962682803833,94.3988950276243
Vietnam,VN,2021-01-01,-14.455141129032258,-0.2216386554621849,-20.777160181910055,-13.178728070175438,-1.909274193548387,-8.989904088844018,97.53318584070796
Vietnam,VN,2021-02-01,-10.065290178571429,12.365697674418605,-4.6059417040358746,-10.23361650485437,-34.074776785714285,-12.649720670391062,142.6045370938075
Vietnam,VN,2021-03-01,-12.039818548387096,2.841578947368421,-22.797379032258064,-12.840983606557376,-6.696572580645161,-16.603630862329805,100.12527716186253
Vietnam,VN,2021-04-01,-5.885416666666667,9.393576483396842,-16.271159874608152,-4.459229898074745,-6.406770833333334,-17.242708333333333,102.79896611143022
Vietnam,VN,2021-05-01,-20.349294354838708,2.1221174004192873,-23.880363452801614,-22.516847826086956,-15.334173387096774,-10.4853683148335,125.17095890410958
Vietnam,VN,2021-06-01,-24.380208333333332,-0.984264785675529,-19.4627410109432,-32.42125984251968,-16.944791666666667,-6.970772442588727,123.49772468714448
Vietnam,VN,2021-07-01,-38.52469758064516,-15.4863301787592,-31.291267036850076,-45.594565217391306,-29.27671370967742,-0.8535353535353535,186.40143171806167
Vietnam,VN,2021-08-01,-53.68497983870968,-32.914570230607964,-44.103326612903224,-60.031891891891895,-41.431451612903224,5.528549772612431,255.32460447354063
Vietnam,VN,2021-09-01,-46.485416666666666,-27.31647634584013,-38.730067743616466,-55.930206588498045,-39.346875,2.2566510172143976,235.54293785310733
Vietnam,VN,2021-10-01,-27.456149193548388,-9.496315789473684,-24.959575543203638,-40.06280454791554,-29.017269736842106,-4.952068617558022,172.34825425246194
Vietnam,VN,2021-11-01,-25.796354166666667,-6.399568034557236,-20.46117769671704,-35.858574610244986,NA,-5.939583333333333,NA
Vietnam,VN,2021-12-01,-22.530241935483872,-2.969569779643232,-17.372847011144884,-33.43563280825638,NA,-7.429939516129032,NA
Vietnam,VN,2022-01-01,-5.61945564516129,23.33843717001056,1.5030456852791878,-18.791780821917808,NA,-7.358909641595154,NA
Vietnam,VN,2022-02-01,-6.140625,9.889470622454915,13.196610169491525,-15.049546827794561,NA,-3.6985458612975393,NA
Vietnam,VN,2022-03-01,-9.888104838709678,9.932843651626444,13.456365503080082,-23.593817787418654,NA,9.524266936299291,NA
Vietnam,VN,2022-04-01,7.9484375,25.007096069868997,37.02250803858521,-6.334088335220838,NA,7.029749478079332,NA
Vietnam,VN,2022-05-01,9.742439516129032,26.80252764612954,36.9440414507772,-3.8815789473684212,NA,6.867609903991915,NA
Vietnam,VN,2022-06-01,10.4984375,26.765217391304347,38.28441349758972,-0.4663271080928127,NA,6.796972860125261,NA
Vietnam,VN,2022-07-01,13.13508064516129,28.33843717001056,37.692107995846314,4.444261394838001,NA,8.015159171298636,NA
Vietnam,VN,2022-08-01,14.730342741935484,30.66050686378036,35.7225974025974,3.8887671232876713,NA,9.599292572006064,NA
Vietnam,VN,2022-09-01,16.57820646506778,32.77049180327869,36.76824034334764,-0.29318181818181815,NA,7.232254697286012,NA
Vietnam,VN,2022-10-01,12.884375,28.34061135371179,27.05144694533762,-5.002265005662514,NA,6.93730407523511,NA
Yemen,YE,2020-02-01,4.666666666666667,2.3333333333333335,1.2,4.6,5.933333333333334,1.2,21
Yemen,YE,2020-03-01,-2.903225806451613,0.5161290322580645,-2.806451612903226,-3.096774193548387,0.7419354838709677,2.2580645161290325,23.870967741935484
Yemen,YE,2020-04-01,-9.233333333333333,-1.8333333333333333,-11.033333333333333,-16.066666666666666,-6.633333333333334,4.533333333333333,51.46666666666667
Yemen,YE,2020-05-01,-10.580645161290322,-0.7741935483870968,-11.806451612903226,-9.193548387096774,-14.419354838709678,7.419354838709677,68.38709677419355
Yemen,YE,2020-06-01,-8.7,3.966666666666667,-9.666666666666666,-8.766666666666667,-5.966666666666667,6.366666666666666,46.96666666666667
Yemen,YE,2020-07-01,7.290322580645161,17.29032258064516,1.032258064516129,11.774193548387096,-6,3.3870967741935485,53.354838709677416
Yemen,YE,2020-08-01,9.935483870967742,18.967741935483872,10.6875,4.0625,-12.32258064516129,3.064516129032258,71.4375
Yemen,YE,2020-09-01,22.586206896551722,26.566666666666666,32.8,6.25,-1.4666666666666666,3.966666666666667,98
Yemen,YE,2020-10-01,23.967741935483872,39.45161290322581,27.06451612903226,13.096774193548388,1.1612903225806452,2.5483870967741935,111.41935483870968
Yemen,YE,2020-11-01,26,40.5,30.7,15.433333333333334,7.066666666666666,2.933333333333333,123.5
Yemen,YE,2020-12-01,32.32258064516129,46.645161290322584,42.354838709677416,23.70967741935484,12.612903225806452,4.225806451612903,161.8709677419355
Yemen,YE,2021-01-01,28.161290322580644,42.03225806451613,33.74193548387097,16.516129032258064,5.32258064516129,2.6129032258064515,131.93548387096774
Yemen,YE,2021-02-01,26.285714285714285,37.785714285714285,29.535714285714285,8.464285714285714,-0.25,-2.25,109.14285714285714
Yemen,YE,2021-03-01,37.54838709677419,56.935483870967744,32.58064516129032,16.161290322580644,5.129032258064516,-2.193548387096774,151.70967741935485
Yemen,YE,2021-04-01,45.166666666666664,68.4,39.166666666666664,19.833333333333332,3.8333333333333335,1.2666666666666666,180.86666666666667
Yemen,YE,2021-05-01,62.38709677419355,83.51612903225806,73.87096774193549,30.35483870967742,-8.935483870967742,-0.3870967741935484,265
Yemen,YE,2021-06-01,81.23333333333333,100.83333333333333,86.86666666666666,41.06666666666667,11.266666666666667,-4.4,325.6666666666667
Yemen,YE,2021-07-01,83.96774193548387,101.96774193548387,99.25806451612904,41.774193548387096,3.935483870967742,-3.774193548387097,350.741935483871
Yemen,YE,2021-08-01,93.12903225806451,110.54838709677419,106.87096774193549,48.483870967741936,20.806451612903224,-3.6451612903225805,383.61290322580646
Yemen,YE,2021-09-01,90.13333333333334,111.23333333333333,100.2,40.266666666666666,28.5,-2.8666666666666667,373.26666666666665
Yemen,YE,2021-10-01,95.74193548387096,118.35483870967742,103.61290322580645,45.16129032258065,34.61290322580645,-3.096774193548387,400.5806451612903
Yemen,YE,2021-11-01,102.76666666666667,123.03333333333333,106.36666666666666,42.7,41.86666666666667,-1.2666666666666666,418.46666666666664
Yemen,YE,2021-12-01,102.19354838709677,121.51612903225806,118.96774193548387,44.87096774193548,54.354838709677416,-1.096774193548387,443.1290322580645
Yemen,YE,2022-01-01,67.09677419354838,86.3225806451613,80.7741935483871,24.93548387096774,41.70967741935484,-5.161290322580645,394.3225806451613
Yemen,YE,2022-02-01,96.67857142857143,118.17857142857143,122.96428571428571,44.464285714285715,63.285714285714285,0.5714285714285714,446.7142857142857
Yemen,YE,2022-03-01,106.29032258064517,140.51612903225808,183.2258064516129,72.03225806451613,84.41935483870968,10.129032258064516,596.6129032258065
Yemen,YE,2022-04-01,101.4,146.13333333333333,185.56666666666666,72.73333333333333,69.76666666666667,15.566666666666666,591.1666666666666
Yemen,YE,2022-05-01,109.2258064516129,148.19354838709677,209.1290322580645,67.83870967741936,50.83870967741935,12,600.9032258064516
Yemen,YE,2022-06-01,121.33333333333333,155.6,204.8,77.16666666666667,84.5,11.466666666666667,654.8666666666667
Yemen,YE,2022-07-01,118.35483870967742,157.38709677419354,216.80645161290323,71.64516129032258,59.25806451612903,12.516129032258064,638.0322580645161
Yemen,YE,2022-08-01,125.74193548387096,173.2258064516129,216.16129032258064,82.48387096774194,92.09677419354838,13.548387096774194,703.258064516129
Yemen,YE,2022-09-01,118.46666666666667,169.13333333333333,208.03333333333333,75.6,96.2,12.8,680.2333333333333
Yemen,YE,2022-10-01,118.73333333333333,169.4,212.26666666666668,70.4,98.33333333333333,11.6,680.7333333333333
Zambia,ZM,2020-02-01,-3.3666666666666667,-6.533333333333333,-4.433333333333334,-5.733333333333333,5.3,2.3,32.46666666666667
Zambia,ZM,2020-03-01,-2.661290322580645,-2.3870967741935485,-3.2419354838709675,-6.451612903225806,-0.4032258064516129,4.854838709677419,42.483870967741936
Zambia,ZM,2020-04-01,-21.6,-13.1,-10,-23.833333333333332,-17.816666666666666,15.7,102.35
Zambia,ZM,2020-05-01,-13.580645161290322,-4.258064516129032,-2.3548387096774195,-15.048387096774194,-8.758064516129032,15.370967741935484,68.69354838709677
Zambia,ZM,2020-06-01,-4.416666666666667,0.5166666666666667,3.3666666666666667,-8.783333333333333,-1.9,10.933333333333334,40.983333333333334
Zambia,ZM,2020-07-01,2.2580645161290325,6.725806451612903,7.064516129032258,-6.629032258064516,-8.17741935483871,10.35483870967742,45.983870967741936
Zambia,ZM,2020-08-01,2.7903225806451615,8.935483870967742,10.8125,-5.306451612903226,-7.209677419354839,8.85483870967742,48.6875
Zambia,ZM,2020-09-01,5.75,13.85,37.65,-4.716666666666667,-7.583333333333333,9.116666666666667,78.025
Zambia,ZM,2020-10-01,3.7419354838709675,12.290322580645162,21.032258064516128,-8.725806451612904,-9.564516129032258,4.548387096774194,61.38709677419355
Zambia,ZM,2020-11-01,5.933333333333334,11.016666666666667,11.45,-10.283333333333333,-4.416666666666667,4.933333333333334,48.4
Zambia,ZM,2020-12-01,11.67741935483871,18.193548387096776,23.677419354838708,0.532258064516129,-12.112903225806452,8.258064516129032,81.16129032258064
Zambia,ZM,2021-01-01,-7.17741935483871,3.0161290322580645,10.580645161290322,-14.806451612903226,-23.14516129032258,14.193548387096774,82.91935483870968
Zambia,ZM,2021-02-01,0.30357142857142855,11.357142857142858,2.607142857142857,-12.785714285714286,-18.857142857142858,8,66.08928571428571
Zambia,ZM,2021-03-01,12.838709677419354,22.403225806451612,11.129032258064516,-4.5,-13.193548387096774,5.661290322580645,75.95161290322581
Zambia,ZM,2021-04-01,22.383333333333333,32.36666666666667,26.683333333333334,4.966666666666667,-7.716666666666667,5.483333333333333,103.3
Zambia,ZM,2021-05-01,33.5,44.983870967741936,46.5,14.387096774193548,-1.0483870967741935,4.419354838709677,150.32258064516128
Zambia,ZM,2021-06-01,27.616666666666667,43.88333333333333,49.35,6.633333333333334,-4.9,8.483333333333333,146.16666666666666
Zambia,ZM,2021-07-01,24.43548387096774,46.274193548387096,44.96774193548387,7.225806451612903,-11.03225806451613,9.112903225806452,148.0483870967742
Zambia,ZM,2021-08-01,29.758064516129032,48.32258064516129,54.17741935483871,1.8870967741935485,-9.403225806451612,7.725806451612903,170.91935483870967
Zambia,ZM,2021-09-01,42.86666666666667,54.15,64.7,7.966666666666667,8.6,2.9833333333333334,182.6
Zambia,ZM,2021-10-01,48.91935483870968,58.70967741935484,73.11290322580645,7.290322580645161,9.629032258064516,3.2096774193548385,209.74193548387098
Zambia,ZM,2021-11-01,50.53333333333333,59.766666666666666,74.61666666666666,5.65,15.333333333333334,2.8333333333333335,211.03333333333333
Zambia,ZM,2021-12-01,54.16129032258065,65.64516129032258,86.2741935483871,5.629032258064516,8.629032258064516,5.596774193548387,234
Zambia,ZM,2022-01-01,48.29032258064516,57.935483870967744,84.1774193548387,0.016129032258064516,15.758064516129032,9.82258064516129,225.3548387096774
Zambia,ZM,2022-02-01,59.607142857142854,60.857142857142854,105.21428571428571,5.232142857142857,33,9.714285714285714,276.30357142857144
Zambia,ZM,2022-03-01,75.11290322580645,73.16129032258064,196.2340425531915,30.080645161290324,46.12903225806452,20.29032258064516,449.82978723404256
Zambia,ZM,2022-04-01,85.8,83.48333333333333,224.2972972972973,39.916666666666664,47.7,22.483333333333334,520.5405405405405
Zambia,ZM,2022-05-01,90.38709677419355,88.33870967741936,232.25714285714287,38.88709677419355,53.67741935483871,22.048387096774192,546.7714285714286
Zambia,ZM,2022-06-01,91.18333333333334,92.55,242.52941176470588,40.63333333333333,60.9,22.583333333333332,570.5588235294117
Zambia,ZM,2022-07-01,97.79032258064517,96.93548387096774,244.5625,40.74193548387097,58.145161290322584,23.516129032258064,588.15625
Zambia,ZM,2022-08-01,108.04838709677419,106.11290322580645,267.0967741935484,44.354838709677416,59.983870967741936,24.677419354838708,634.741935483871
Zambia,ZM,2022-09-01,111.03333333333333,111.68333333333334,274.96666666666664,43.25,73.03333333333333,21.15,655.8666666666667
Zambia,ZM,2022-10-01,116.1,113.83333333333333,273.6666666666667,42.2,77.56666666666666,20.966666666666665,664.9333333333333
Zimbabwe,ZW,2020-02-01,-2.3733333333333335,0.3150684931506849,-5.140845070422535,-10.346153846153847,0.9777777777777777,1.492537313432836,41.689655172413794
Zimbabwe,ZW,2020-03-01,-9.197452229299364,1.2281879194630871,-11.381578947368421,-16.968553459119498,-0.7531645569620253,6.25,72.04273504273505
Zimbabwe,ZW,2020-04-01,-65.43037974683544,-49.31506849315068,-53.673611111111114,-75.64971751412429,-55.19402985074627,40.313131313131315,361.22680412371136
Zimbabwe,ZW,2020-05-01,-37.294871794871796,-21.673333333333332,-36.741176470588236,-55.06508875739645,-25.631901840490798,26.991304347826087,208.63963963963963
Zimbabwe,ZW,2020-06-01,-23.746666666666666,-8.404109589041095,-25.15432098765432,-39.18666666666667,-7.181172291296625,21.639705882352942,130.9655172413793
Zimbabwe,ZW,2020-07-01,-20.102564102564102,-4.735099337748345,-22.236363636363638,-35.063291139240505,-7.97258064516129,23.77536231884058,120.43697478991596
Zimbabwe,ZW,2020-08-01,-22.702479338842974,-7.830508474576271,-23.788235294117648,-38.728070175438596,-17.96067415730337,24.061068702290076,155.4915254237288
Zimbabwe,ZW,2020-09-01,-8.585365853658537,4.917355371900826,6.389473684210526,-22.73949579831933,-3.7465116279069766,14.863309352517986,81.90666666666667
Zimbabwe,ZW,2020-10-01,-3.696774193548387,15.08,3.458904109589041,-6.532051282051282,0.7928802588996764,7.643312101910828,60.61739130434783
Zimbabwe,ZW,2020-11-01,-0.06666666666666667,20.134751773049647,2.092857142857143,-5.906666666666666,8.070325900514579,4.611464968152866,58.92727272727273
Zimbabwe,ZW,2020-12-01,7.916129032258064,30.64864864864865,15.658730158730158,0.9294871794871795,-5.432907348242812,5.684210526315789,107.15454545454546
Zimbabwe,ZW,2021-01-01,-36.909677419354836,-13.429530201342281,-33.563380281690144,-48.693548387096776,-32.2896,20.20689655172414,199.18103448275863
Zimbabwe,ZW,2021-02-01,-27.07857142857143,-1.8308823529411764,-28.073529411764707,-43.617834394904456,-25.36998254799302,13.393939393939394,142.87962962962962
Zimbabwe,ZW,2021-03-01,6.993548387096774,31.238095238095237,7.108695652173913,2.331168831168831,-2.263157894736842,1.9731543624161074,81.84070796460178
Zimbabwe,ZW,2021-04-01,13.56,37.767605633802816,23.100840336134453,9.85135135135135,2.2103505843071787,0.4117647058823529,118.1743119266055
Zimbabwe,ZW,2021-05-01,28.470967741935485,53.66206896551724,32.921052631578945,24.649006622516556,15.835034013605442,-1.4880952380952381,169.90384615384616
Zimbabwe,ZW,2021-06-01,29.5,56.936619718309856,40.872549019607845,21.241610738255034,15.843003412969283,-1.9341317365269461,175.62376237623764
Zimbabwe,ZW,2021-07-01,18.025806451612905,45.82312925170068,22.915254237288135,2.567741935483871,7.332786885245902,6.196319018404908,115.27678571428571
Zimbabwe,ZW,2021-08-01,27.716129032258063,51.779310344827586,36.18348623853211,16.496774193548386,9.203672787979967,2.7,163.52336448598132
Zimbabwe,ZW,2021-09-01,50.32,70.9225352112676,52.333333333333336,37.013698630136986,25.630281690140844,-4.348837209302325,238.69387755102042
Zimbabwe,ZW,2021-10-01,56.24516129032258,78.78620689655172,66.52577319587628,51.35333333333333,36.24290780141844,-6.436781609195402,294.4020618556701
Zimbabwe,ZW,2021-11-01,54.473333333333336,74.42957746478874,57.300970873786405,53.64383561643836,38.01075268817204,-7.601123595505618,283.126213592233
Zimbabwe,ZW,2021-12-01,56.96774193548387,81.56462585034014,55.23,53.9271523178808,13.604612850082372,-2.4450549450549453,276.77
Zimbabwe,ZW,2022-01-01,51.9741935483871,70.93103448275862,55.4622641509434,54.35333333333333,34.811051693404636,-0.07608695652173914,273.4466019417476
Zimbabwe,ZW,2022-02-01,76.55714285714286,92.93939393939394,70.23809523809524,87.8409090909091,54.42299794661191,-0.8888888888888888,386.23809523809524
Zimbabwe,ZW,2022-03-01,85.5741935483871,97.6734693877551,110.73033707865169,88.67361111111111,77.33132530120481,9.564356435643564,457.0674157303371
Zimbabwe,ZW,2022-04-01,102.42,103.19565217391305,134.27848101265823,107.9469696969697,64.0838445807771,12.912087912087912,507.6835443037975
Zimbabwe,ZW,2022-05-01,99.72258064516129,114.7872340425532,155.97368421052633,115.35,78.05197505197505,14.13089005235602,574.2368421052631
Zimbabwe,ZW,2022-06-01,98.88666666666667,115.12408759124088,166.56338028169014,116.71111111111111,94.28070175438596,14.590425531914894,598.2253521126761
Zimbabwe,ZW,2022-07-01,108.01935483870967,118.1231884057971,198.75,133.46212121212122,98.00451467268623,13.889473684210527,657.1029411764706
Zimbabwe,ZW,2022-08-01,111.85806451612903,120.65942028985508,219.55555555555554,143.84615384615384,80.42158859470469,17.44973544973545,688.968253968254
Zimbabwe,ZW,2022-09-01,114.63333333333334,122.75187969924812,227.96666666666667,148.43548387096774,101.64285714285714,12.196891191709845,715.95
Zimbabwe,ZW,2022-10-01,121.65333333333334,126.56923076923077,234.13333333333333,150.8709677419355,108.19902912621359,12.305263157894737,740.1333333333333
