"DATASET","SERIES_CODE","OBS_MEASURE","COUNTRY","INDEX_TYPE","COICOP_1999","TYPE_OF_TRANSFORMATION","FREQUENCY","SCALE","2019-M01","2019-M02","2019-M03","2019-M04","2019-M05","2019-M06","2019-M07","2019-M08","2019-M09","2019-M10","2019-M11","2019-M12","2020-M01","2020-M02","2020-M03","2020-M04","2020-M05","2020-M06","2020-M07","2020-M08","2020-M09","2020-M10","2020-M11","2020-M12","2021-M01","2021-M02","2021-M03","2021-M04","2021-M05","2021-M06","2021-M07","2021-M08","2021-M09","2021-M10","2021-M11","2021-M12","2022-M01","2022-M02","2022-M03","2022-M04","2022-M05","2022-M06","2022-M07","2022-M08","2022-M09","2022-M10","2022-M11","2022-M12","2023-M01","2023-M02","2023-M03","2023-M04","2023-M05","2023-M06","2023-M07","2023-M08","2023-M09","2023-M10","2023-M11","2023-M12","2024-M01","2024-M02","2024-M03","2024-M04","2024-M05","2024-M06","2024-M07","2024-M08","2024-M09","2024-M10","2024-M11","2024-M12"
"IMF.STA:CPI(3.0.1)","ABW.CPI._T.POP_PCH_PA_PT.M","OBS_VALUE","Aruba, Kingdom of the Netherlands","Consumer price index (CPI)","All Items","Period average, Period-over-period percent change","Monthly","Units","-0.43238993710691","0.421800652440409","1.38940616594248","0.846912849606643","0.361215383525745","0.81661457808247","0.0559999999999974","-0.254857279923238","0.197392811695276","0.487009740194799","0.0447828034034948","1.12603203023973","-0.103283429403321","0.173301692645511","","","","","","","","","","","","","","","","","","","","","","","","","","","","","","","","","","","","","","","","","","","","","","","","","","","","","","","","","",""
"IMF.STA:CPI(3.0.1)","CUW.CPI._T.POP_PCH_PA_PT.M","OBS_VALUE","Curaçao, Kingdom of the Netherlands","Consumer price index (CPI)","All Items","Period average, Period-over-period percent change","Monthly","Units","-0.152905198776771","-0.535987748851446","-0.307929176289458","0.772200772200772","0.919540229885049","0.835231586940033","-0.22590361445784","0.226415094339631","0.602409638554204","0.0","0.0748502994011934","0.074794315632029","0.149476831091172","-0.298507462686571","","","","","","","","","","","","","","","","","","","","","","","","","","","","","","","","","","","","","","","","","","","","","","","","","","","","","","","","","",""
"IMF.STA:CPI(3.0.1)","OMN.CPI._T.POP_PCH_PA_PT.M","OBS_VALUE","Oman","Consumer price index (CPI)","All Items","Period average, Period-over-period percent change","Monthly","Units","-0.1885014137605567","0.0","-0.1","0.2002002002002002","0.2997002997002997","0.09960159362549802","0.3980099502487562","0.09910802775024777","-0.396039603960396","0.1988071570576541","0.0","-0.09920634920634921","0.09930486593843098","-0.2976190476190476","-0.3980099502487562","-0.3996003996003996","0.1003009027081244","0.3006012024048096","0.0999000999000999","0.0998003992015968","-0.4985044865403789","0.0","0.1002004008016032","-0.1001001001001001","0.0","-0.1002004008016032","1.003009027081244","0.7944389275074479","0.09852216748768473","0.0984251968503937","0.688298918387414","-0.1953125","-0.2935420743639922","0.9813542688910697","0.2915451895043732","0.1937984496124031","0.5802707930367506","-0.4807692307692308","0.1932367149758454","0.3857280617164899","-0.09606147934678194","0.1923076923076923","0.3838771593090211","-0.3824091778202677","-0.09596928982725528","1.056676272814601","-0.09505703422053231","-0.1902949571836346","0.7626310772163966","-0.3784295175023652","-0.0949667616334283","-0.1901140684410646","-0.1904761904761905","0.2862595419847328","-0.3805899143672693","0.2865329512893983","0.6666666666666667","-0.0946073793755913","0.1893939393939394","-0.1890359168241966","0.0","-0.2840909090909091","0.0949667616334283","0.09487666034155598","0.2843601895734597","0.0945179584120983","0.3777148253068933","-0.1881467544684854","0.0","0.2827521206409048","-0.09398496240601505",""
"IMF.STA:CPI(3.0.1)","SYR.CPI._T.POP_PCH_PA_PT.M","OBS_VALUE","Syrian Arab Republic","Consumer price index (CPI)","All Items","Period average, Period-over-period percent change","Monthly","Units","1.819526627218935","1.220398082231585","3.6290129658868","-0.2804773886747155","-0.04861392441692228","0.1771797158176323","0.7467690102420641","0.9994033412887828","4.137554957227088","0.8225604101892762","2.707235525162575","14.96402271362501","","","","","","","","","","","","","","","","","","","","","","","","","","","","","","","","","","","","","","","","","","","","","","","","","","","","","","","","","","","",""
"IMF.STA:CPI(3.0.1)","MMR.CPI._T.POP_PCH_PA_PT.M","OBS_VALUE","Myanmar","Consumer price index (CPI)","All Items","Period average, Period-over-period percent change","Monthly","Units","0.0946190615425528","0.644409775069876","0.863854713057038","1.26505887162113","1.06978038332711","0.585602040894197","2.5160237913195","0.426199089876291","0.460985349214646","0.45732572837497","0.418173725513032","0.286705737102362","-0.237409218035137","-0.0277339033431906","-0.762601525203044","-0.0392228362195482","0.0762322409318373","0.540363401680177","0.0992374014416934","0.563772767653567","0.649195228138035","-0.0659106733452566","-0.108973300258429","","","","","","","","","","","","","","","","","","","","","","","","","","","","","","","","","","","","","","","","","","","","","","","","",""
"IMF.STA:CPI(3.0.1)","KHM.CPI._T.POP_PCH_PA_PT.M","OBS_VALUE","Cambodia","Consumer price index (CPI)","All Items","Period average, Period-over-period percent change","Monthly","Units","-0.0240569117798678","0.8284444037033643","0.2591056310017615","0.3264454847375401","0.1886771135791032","-0.388484178713999","0.4522632976164196","0.5837737932899822","-0.0302517618850209","-0.1087151439074688","0.1352003321103594","0.8151488837222332","0.4717977215893304","-0.08019955862587735","0.4483709189943206","-0.5808314596834634","0.6390998281691702","0.4367629968661016","0.3608326570005922","-0.1234878206038882","0.4218001181696829","0.7360031379556436","0.1032934941322806","0.01296589429554676","0.1987846049966239","-0.9229458793593289","0.7900707907781545","0.06910215782285015","0.8750492282626874","0.201622607402812","0.9286934244235696","-0.05288207297726071","-0.002645502645502646","0.7206539855551733","0.9240532263063612","-0.07131108288742218","0.5839180327014935","1.191092698083894","1.617195496417605","0.1218775181305399","0.7977786943793322","0.7999481006846717","-1.341643934630751","-0.4691867262809801","-0.4814818549403568","-0.05522034945868859","0.5068886162954552","-0.40649176425495","0.6593206263039559","0.4688647637062452","0.1231786089830254","0.4881073836243974","0.2030537694344355","0.3963444919042416","0.4378197073286567","0.8570457534368027","0.0195347792325762","0.07128801824192028","-0.6494298581598349","-0.380123564714318","-2.47727317544517","0.6591884500477709","0.452986345123366","0.9533808273965754","0.7992789651962047","0.006878052135635188","0.374828060522696","","","","",""
"IMF.STA:CPI(3.0.1)","IDN.CPI._T.POP_PCH_PA_PT.M","OBS_VALUE","Indonesia","Consumer price index (CPI)","All Items","Period average, Period-over-period percent change","Monthly","Units","0.3249870743777236","-0.08098358241920046","0.1105216622458002","0.441598586884522","0.6814684546054078","0.5531295487627365","0.3112333526346265","0.1154484450537557","-0.2738738738738739","0.02168100021681","0.1445086705202312","0.3391053391053391","0.287624937082045","0.2796300279630028","0.0950950950950951","0.07636096090518812","0.06680946952852929","0.1811781573325439","-0.1046654443831325","-0.04768336534794958","-0.04763480364192319","0.0667775821378529","0.2763431446081717","0.4467891473750071","0.2554566792472062","0.103786220155284","0.08491772361255795","0.1318490508066329","0.3198636374512815","-0.1593868097593554","0.07511289770663249","0.0281549717046045","-0.03748260112405688","0.1219694591844688","0.365673023514164","0.5698501409427019","0.5573107342591505","-0.01851782755480379","0.6559842320520033","0.9453627174595154","0.4000688319717707","0.606789785987539","0.6391549041604325","-0.2057436948757442","1.165200472275282","-0.1063038726686381","0.08863660187437221","0.6557674792889367","0.3419806428287785","0.1575113211262059","0.1769215647729507","0.3335949764521193","0.08716343959840928","0.1393270224727518","0.2086672356014404","-0.0173310900281971","0.1909347231771122","0.173269796754658","0.3804824533032501","0.4135160528259186","","","","","","","","","","","",""
"IMF.STA:CPI(3.0.1)","MAC.CPI._T.POP_PCH_PA_PT.M","OBS_VALUE","Macao Special Administrative Region, People's Republic of China","Consumer price index (CPI)","All Items","Period average, Period-over-period percent change","Monthly","Units","0.1494470459300588","0.6864305610823717","-0.4050983104436321","0.2579365079365079","0.2770631308133782","0.2960331557134399","0.2164502164502165","0.3043392892204987","0.2055397866301263","0.2930259816370385","0.04869497467861317","0.2044193516986275","0.5634350106858363","0.03863987635239567","-0.2510621861722673","-0.1645692158760891","-0.0969649956365752","-0.4270600795884694","-0.4386392435909933","0.06853338554924614","-0.2348106838861168","-0.05884083553986467","-0.07850063781768227","0.2160463517627418","0.2449779519843214","0.2737047898338221","-0.282706180542016","0.1759702805748362","0.03903581536059334","-0.0097551458394303","0.02926829268292683","0.07802594362625573","0.1949127765325017","0.02847843594981033","0.2147279452310526","0.006046316467234554","0.2393010974357761","0.08853948042341102","-0.01527652877670991","0.1609366409665109","0.08359090977141677","0.2106133682328529","0.08431238825817536","-0.1698194097039051","0.1914027667760868","-0.08613083363139432","-0.02887947631882942","0.005194299470389986","0.2391981675311396","-0.3225182781986376","0.04143853101874464","0.1213913519999822","0.1319842084235243","0.09335296847613514","0.07133542330909987","0.006746463618480931","0.05437516515066487","0.1461667803190286","0.02476187670574604","0.2422597184545084","-0.1500123765583681","0.5144091895240505","-0.2410657440247152","-0.01727152929126576","0.001405041946793465","-0.01315364165940512","0.2160632188075973","","","","",""
"IMF.STA:CPI(3.0.1)","NPL.CPI._T.POP_PCH_PA_PT.M","OBS_VALUE","Nepal","Consumer price index (CPI)","All Items","Period average, Period-over-period percent change","Monthly","Units","-0.3618235908981266","0.2420916720464816","-0.1046530349380132","0.5802240309452817","1.193814598189248","1.140142517814727","0.6341005166744951","2.582652664332944","-0.1516645180859938","0.6759322548796233","0.196137598068799","-0.2333985845505195","-0.0981058033355973","0.2870524248375888","-0.2711660138595963","0.6193353474320242","0.3377871190511935","-0.09725443255779158","0.8611651939493785","1.328977652386963","0.835287221570926","-0.02906554279901177","0.4433783980229685","-1.302554454012591","0.5205660239020456","-0.5543398978847557","0.05134223265365997","0.689099039659849","0.866399708773207","0.43308791684712","0.8552537013080351","1.489346540297869","0.0","0.7021485746383935","2.175428810486682","-0.3070833902006278","-0.8556369361352592","0.006904170118751726","0.8974801518812565","0.8142319534724598","1.425274874440071","1.070663811563169","0.4171080508474576","1.661501945012198","0.3502172644140346","0.5622697602274931","1.786632390745501","-0.9534032074756914","-0.9625804806527698","0.5792996910401648","0.4863688723921669","1.11450770602471","1.095924922844366","0.529562021057878","0.9853743182944968","1.742865909788279","0.9771397551118886","-0.08362702347530016","-0.2152209003407664","-1.366005631777605","-0.6742392030614104","0.3546966731898239","0.2925045703839122","0.9174869364442824","0.8971039797700042","0.3043322592194773","0.4045451841275507","","","","",""
"IMF.STA:CPI(3.0.1)","BDI.CPI._T.POP_PCH_PA_PT.M","OBS_VALUE","Burundi","Consumer price index (CPI)","All Items","Period average, Period-over-period percent change","Monthly","Units","0.9182736455463728","-1.00090991810737","0.7352941176470588","1.45985401459854","0.4496402877697842","-2.596239928379588","0.6433823529411765","0.8219178082191781","0.9057971014492754","0.5385996409335727","0.7142857142857143","1.329787234042553","1.137357830271216","1.29757785467128","0.2561912894961571","1.873935264054514","1.839464882943144","-3.284072249589491","-0.08488964346349745","-0.1699235344095157","0.5106382978723404","1.185436071126164","2.594142259414226","0.4078303425774878","-0.1624695369618197","0.8136696501220504","2.017756255044391","0.7120253164556962","1.728201099764336","-0.7722007722007722","0.3891050583657588","0.6201550387596899","0.6163328197226502","0.5359877488514548","1.447067783701447","1.651651651651652","1.846381093057607","1.812907904278463","1.068376068376068","4.228329809725159","2.772143340094659","-0.5263157894736842","1.653439153439153","0.9759271307742355","1.675257731958763","1.584283903675539","5.364940736119775","1.598579040852575","3.438228438228438","1.464788732394366","4.553026096612993","3.876792352628784","0.1022494887525562","-1.940755873340143","0.78125","3.255813953488372","0.05005005005005005","1.350675337668834","0.2961500493583416","1.328740157480315","1.311316172899466","1.677852348993289","1.225836869401226","2.095947834187238","0.5018248175182481","1.044030866999546","3.189577717879605","2.82977797126687","4.360711261642676","2.718052738336714","3.39652448657188","7.372039724980901"
"IMF.STA:CPI(3.0.1)","CAF.CPI._T.POP_PCH_PA_PT.M","OBS_VALUE","Central African Republic","Consumer price index (CPI)","All Items","Period average, Period-over-period percent change","Monthly","Units","-1.075561733060495","0.323528241565472","-0.4282868247170237","0.8201353470971594","-1.686933908254535","-0.09870073171477324","0.1080545917301647","-0.06274275675704899","-0.4172557960322698","-0.4917826291338119","0.122771045278383","0.07112248525765807","0.8757953165052221","0.3037619408394089","1.365603508018635","0.6585149150703308","-0.1848105933100429","0.557607068110857","0.05413877006179079","-0.2163812968649956","-0.5898406030380231","-0.7242395176865819","-0.3632346442622707","1.654243420171238","2.449526969258441","1.032926967054638","0.5044601078671447","0.3704589674763369","0.8744239463280777","0.2960174006360867","-1.702500919448074","-1.194852723210322","0.6756830183327974","-1.699469081639562","0.9475510734224383","0.1949791005091169","0.02084848361771629","3.065134099616858","1.579925650557621","7.77676120768527","-5.093378607809847","-0.08944543828264757","0.3581020590868397","-0.3568242640499554","-0.9847806624888094","0.4520795660036166","0.9900990099009901","0.08912655971479501","2.582368655387355","1.041666666666667","-1.116838487972509","-1.04257167680278","0.9657594381035997","-0.5217391304347826","0.0","-1.398601398601399","-0.3546099290780142","1.868327402135231","-1.048034934497817","1.412180052956752","1.218450826805918","-1.031814273430782","0.0","0.3475238922675934","0.0","0.08658008658008658","0.4325259515570934","-0.8613264427217916","-0.6081668114682884","1.311188811188811","",""
"IMF.STA:CPI(3.0.1)","TCD.CPI._T.POP_PCH_PA_PT.M","OBS_VALUE","Chad","Consumer price index (CPI)","All Items","Period average, Period-over-period percent change","Monthly","Units","-2.425373134328357","0.0","-1.242829827915875","0.2904162633107431","2.702702702702708","1.59774436090225","-2.035152636447732","-0.6610009442870618","0.6653992395437247","-0.755429650613788","0.1902949571836405","0.09496676163343123","0.1897533206831068","2.178030303030304","0.1853568118628309","1.850138760407034","0.0","1.089918256130792","0.1796945193171559","2.421524663677132","-2.36427320490368","-0.5381165919282469","-0.8115419296663702","-1.27272727272727","-1.197053406998153","0.0","0.465983224603907","0.2782931354359904","1.387604070305273","0.9124087591240946","0.09041591320072612","0.0","-0.2710027100271086","-1.086956521739122","-0.9157509157509227","1.386321626617375","-0.2734731084776642","0.2742230347349156","1.549680948040115","0.8976660682226176","2.313167259786476","1.217391304347864","0.8591065292095483","1.533219761499176","-0.6711409395973167","-0.0844594594594719","0.5917159763313499","-0.1680672268906833","-0.08417508417509655","0.4212299915753641","2.516778523489913","3.436988543371553","0.9208103130755064","0.6386861313868613","0.8159564823209429","1.528776978417266","0.7971656333038087","0.6151142355008787","-0.611353711790393","1.230228471001757","0.08680555555555557","0.6938421509106678","0.2583979328165375","0.0859106529209622","3.605150214592275","1.657000828500414","1.62999185004075","-1.603849238171612","-0.7334963325183373","-1.313628899835796","0.0","-0.6655574043261231"
"IMF.STA:CPI(3.0.1)","GNQ.CPI._T.POP_PCH_PA_PT.M","OBS_VALUE","Equatorial Guinea, Republic of","Consumer price index (CPI)","All Items","Period average, Period-over-period percent change","Monthly","Units","-0.4194388197859416","0.2178649237472767","-0.1449275362318841","-0.8708272859216255","0.1464128843338214","-0.3654970760233918","-0.3668378576669112","0.5891016200294551","0.07320644216691069","3.681276408980249","0.9543774570725404","0.7477930714060249","0.5168428439612617","0.1380262249827467","0.2067539627842867","-0.1925722145804677","0.7924476295479603","0.2256101729677993","-0.6343792633015007","-0.3157822475458228","-0.2479168101370429","-0.5661028650327925","0.0","-0.5207248489897938","0.4257398101619207","-0.4030856904579887","-0.1186239620403321","0.1676680173256951","0.634677081880318","-0.4366206944348188","0.9327579005986357","0.1379310344827586","0.4132231404958678","0.617283950617284","0.2044989775051125","0.272108843537415","0.4748982360922659","0.0675219446320054","0.4048582995951417","-0.2688172043010753","2.223719676549865","0.4614370468029005","0.4593175853018373","0.5878510777269758","0.1298701298701299","-0.06485084306095978","0.06489292667099286","0.3891050583657588","-0.06459948320413438","-0.1292824822236587","0.3883495145631068","-0.3868471953578337","-0.06472491909385113","-0.8419689119170984","1.567602873938602","0.4501607717041801","0.4481434058898848","","","","","","","","","","","","","","",""
"IMF.STA:CPI(3.0.1)","CIV.CPI._T.POP_PCH_PA_PT.M","OBS_VALUE","Côte d'Ivoire","Consumer price index (CPI)","All Items","Period average, Period-over-period percent change","Monthly","Units","-2.272727272727273","-0.1937984496124031","0.2912621359223301","0.3872216844143272","0.3857280617164899","0.5763688760806917","-0.382043935052531","-0.9587727708533078","0.1936108422071636","-0.0966183574879227","1.063829787234043","0.4784688995215311","0.2827250666666667","0.3594667735154102","0.1179380320221273","0.2835538752362949","0.3770028275212064","1.032863849765258","-0.3717472118959108","-0.9871692630597015","-0.5953709194644173","1.043818885327365","-0.2781631877248692","1.083049331940159","0.2230858514477536","1.28464566161718","0.183698263459934","0.8893156567038012","-0.2373817219861967","1.272727272727273","1.49165170556553E-4","-0.1796821107919538","-0.1701170143884892","0.3325272141457123","0.7362444898317989","1.158645276292335","0.2091548370044053","0.3108242045117273","0.095613152791036","0.4378283712784588","0.1743679163034002","2.175805047867711","0.0","0.5110732538330494","0.0","0.2542372881355932","0.253592561284869","0.5059021922428331","0.0","0.3355704697986577","0.4180602006688963","0.4995836802664446","-0.2485501242750621","1.495016611295681","0.4909983633387889","-0.4207012947882736","0.5860331935327556","-0.2439024390243902","0.162999185004075","0.8950366151342555","-0.8870967741935484","0.8136696501220504","0.645682001614205","0.3102654082397755","0.9973049713273189","0.6923714982640311","0.3457460261548378","0.1183538137926779","-1.095461658841941","-0.4042937481708861","0.1419836492833","0.3844425570890681"
"IMF.STA:CPI(3.0.1)","KEN.CPI._T.POP_PCH_PA_PT.M","OBS_VALUE","Kenya","Consumer price index (CPI)","All Items","Period average, Period-over-period percent change","Monthly","Units","0.348474020640779","0.8205353826891679","1.54218828206","0.7894136333514695","0.7443290262471421","0.4006849205275856","0.2980632821444142","0.2035643150530638","0.1518762580088763","0.3320099020963107","0.599846772193127","0.7095290771942004","0.5621612916375187","0.6219444227529687","0.2811299110092767","0.9489919155000187","0.09843704664494303","-0.3095032770412078","0.08162009460384026","0.2021542500001064","-0.001761729921099442","0.9516946580973862","1.071997721067794","0.9805388712198834","0.6348732831061943","0.7010740014405794","0.3958649726230553","0.8187235728829955","0.2020105642974058","0.0820167292234908","0.3256355252893734","0.2283216138786347","0.3175606398993116","0.5136465244477101","0.4537451813049763","0.9134933734673722","0.3110866359328297","0.4107940792931953","0.8477049801347003","1.693344507039571","0.7756944362282816","0.8897205313509041","0.6693294684748179","0.4240985876505222","0.9156824560142928","0.896352755570913","0.3483163562825496","0.5333285281169545","0.2326441576931396","0.6433459015465236","0.8102141153220889","0.4961545530325198","0.8934509478527132","0.7533372922837412","0.1066192350988226","-0.09677612963541508","0.9693610029538742","1.026113642982099","0.2347867339018513","0.3764033440470952","0.4411924468852173","0.1329517426518344","0.2339947634616695","-0.186979242190619","0.8921880442870719","0.420799265449616","-0.2052925972400655","-0.04796722854052445","0.1891134413573709","0.2147308345880827","0.2630812950170715","0.6074301757347156"
"IMF.STA:CPI(3.0.1)","LBR.CPI._T.POP_PCH_PA_PT.M","OBS_VALUE","Liberia","Consumer price index (CPI)","All Items","Period average, Period-over-period percent change","Monthly","Units","-1.7685798627798","-0.4872346529295979","5.254573617883574","-0.5939540395983796","5.581821445841788","6.718021856526988","3.508005709289011","3.297589965190041","1.045160865007593","0.4316099721754492","-1.1029919564628","-2.784388494529286","0.9576014329918325","1.284431412370613","1.878794779730747","0.04880160906672528","2.00594788807351","2.009863166252246","7.092453180924302","1.280061483285258","0.3903558852609097","0.2722691209213987","-4.103675915843592","-0.3551874601821446","0.7516647388445469","-0.8839224881204419","1.375132473011045","-0.4526332394038494","0.8586259129430259","1.938619131866348","6.12792855892142","1.162484565723222","0.1001636262987002","-1.862731594445688","-3.170223459170577","-0.334278058816161","1.797262567065649","0.1307376764708108","3.136014843996703","-3.413756819896844","0.8337642624426612","2.023730019299524","6.286097859309774","1.713367534489588","0.2453888434417247","-0.1151017717262971","-2.845764962110453","-0.6088171304527652","0.8993493540489325","0.1787557754466481","1.068227315556021","-0.3897254778757588","3.404343135468754","2.15560989384054","5.00562399454617","2.348772001272102","-1.319459045936615","0.04877482421012472","-1.703528735325021","-1.872730546403415","1.367084480587611","0.3703638710774821","-0.1055648971300356","-0.1433940428779101","0.1268198194920982","2.068542757728441","","","","","",""
"IMF.STA:CPI(3.0.1)","MDG.CPI._T.POP_PCH_PA_PT.M","OBS_VALUE","Madagascar, Republic of","Consumer price index (CPI)","All Items","Period average, Period-over-period percent change","Monthly","Units","0.4101722723543888","0.4901960784313725","0.2439024390243902","0.16220600162206","0.3238866396761134","0.645682001614205","0.08019246190858059","0.3205128205128205","0.1597444089456869","0.2392344497607656","0.2386634844868735","0.5555555555555556","0.3946329913180742","0.3930817610062893","0.6264682850430697","0.4669260700389105","0.07745933384972889","0.3095975232198142","0.154320987654321","0.3081664098613251","0.4608294930875576","0.3058103975535168","0.3048780487804878","0.6838905775075989","0.830188679245283","0.374251497005988","0.7084265473527218","0.7700851536467975","0.4849731795135572","0.489945155393053","0.3492941347693203","0.4423495286439449","0.3609847664428561","0.1582619955398892","0.3088414853120735","0.673063153372476","0.7112375533428165","0.7062146892655367","0.6311360448807855","0.6968641114982578","0.6920415224913495","0.9621993127147765","3.063308373042886","1.519154557463672","0.7156798959011061","-3.423772609819121","2.006688963210702","2.229508196721311","1.218729955099423","0.8871989860583016","1.319095477386935","0.4959702417854929","0.3701418877236274","0.4917025199754149","0.1223241590214067","0.3665241295051924","0.426049908703591","0.2424242424242424","0.3022974607013301","0.9644364074743822","","","","","","","","","","","",""
"IMF.STA:CPI(3.0.1)","ZWE.CPI._T.POP_PCH_PA_PT.M","OBS_VALUE","Zimbabwe","Consumer price index (CPI)","All Items","Period average, Period-over-period percent change","Monthly","Units","10.81081081081083","1.626016260162594","4.399999999999987","5.459770114942553","12.62488646684832","39.19354838709676","21.03128621089224","18.09478219243657","17.71382245642481","38.73966942148761","17.47331844130056","16.54341855060216","2.229876722262493","13.53076786664301","26.58544204935961","17.64560710760117","15.13530522341096","31.6571012116243","35.53141433711598","8.43927094501455","3.822975517890763","4.376020315617639","3.149845766172822","4.224580911464913","5.427359062436865","3.453695185525909","2.256474860128203","1.587071526922242","2.539591953203021","3.882009183247534","2.561612643986082","4.188840641222387","4.725495111556737","6.400359066427322","5.765066509181881","5.759259751655242","5.342551854179733","3.086509201564991","2.656733202136632","9.63302752293578","8.68044713670143","18.01988162960409","16.08646964311797","6.618294677683177","2.525471067227882","3.203775467137321","1.368131459588073","1.261644538986283","0.7333000715172039","-1.607661242173628","0.1307165217956246","2.362510831610019","15.7399830047149","74.46048375030999","-15.25347775703241","-6.154272022694936","","","","","","","","","","","","","","","",""
"IMF.STA:CPI(3.0.1)","SOM.CPI._T.POP_PCH_PA_PT.M","OBS_VALUE","Somalia","Consumer price index (CPI)","All Items","Period average, Period-over-period percent change","Monthly","Units","-1.387873875806938","1.030843996907207","0.03966610150466538","3.699509060309108","1.671214342743721","0.1703191770628932","-0.55259507839491","-0.8169201891305703","0.5687087184171112","0.1541286097680731","-0.1226617534374912","-1.265429196448944","-1.306720235926446","0.8800548575409155","2.120538748635343","2.787556837334327","1.632958667559421","0.2333320269255482","-0.7499518805465643","-0.8584841759532043","0.4513199624928427","-0.02034536578050788","0.4791526488380339","-0.8289309248533372","-1.147157800615442","0.9090909090909091","2.160493827160494","1.943333061157835","1.257509010812976","-0.3559563360227812","0.7303326188775106","-1.284577192844196","0.7264889030815903","0.2309364855559959","0.6421962707166663","-0.2228237884055293","-0.0551670515301484","0.54753486058967","1.804168447913927","2.294583666868001","1.468624073169016","-0.05932517612161661","1.439489500630704","-1.441006510130934","0.4007718569096037","-0.05913660555884092","0.1257396449704142","-0.5097141168648888","-0.5123255123255123","0.4104783939099933","2.044001783856102","2.760579794595382","1.878366884037426","-0.006957489737702637","0.8140829390481492","-1.594312927048105","0.04909524477486323","0.6589554854539083","0.9262483459850965","-0.931548440518907","-0.89851640314829","-0.09839752600506044","2.25130153369917","2.119168845465804","1.495755289044603","0.4713223579394583","1.037330690452593","-1.229400993983782","0.2317266949152542","0.3765109980844177","0.3290339563042906","-0.5837596746687655"
"IMF.STA:CPI(3.0.1)","SDN.CPI._T.POP_PCH_PA_PT.M","OBS_VALUE","Sudan","Consumer price index (CPI)","All Items","Period average, Period-over-period percent change","Monthly","Units","3.56538337351999","3.33594424730165","2.6042518855167","2.80094442756626","5.20516571133302","5.09967278977398","7.72645259697737","4.3484656771932","3.33582873121452","2.01838542248034","3.97243224259111","2.09546546181784","8.36136734327958","7.78718048312845","8.75892954773052","12.5189298334175","13.3658197966403","15.9582786286459","11.1074082206222","14.2129987278385","20.9447226516055","7.75226503738361","11.6924387525032","6.41615899630755","18.6285538308379","14.8382288236007","11.5387605515324","17.9586272887238","17.1938045622122","24.1842830173876","13.2798873598659","6.52015742491291","15.5513336140591","4.28688205073615","8.90313386458732","1.24186216630974","2.05810245208786","14.3949479506526","13.0206854402956","4.16882105131358","6.77923756345108","5.7685712954842","2.60090910748353","2.74145295392641","10.1695088297329","1.93079773733165","1.49704895197822","0.4317852965078","0.030319404905643","1.75301747220981","","","","","","","","","","","","","","","","","","","","","",""
"IMF.STA:CPI(3.0.1)","SWZ.CPI._T.POP_PCH_PA_PT.M","OBS_VALUE","Eswatini, Kingdom of","Consumer price index (CPI)","All Items","Period average, Period-over-period percent change","Monthly","Units","-0.15135356312918","0.639812739029452","0.104648035929281","0.232934959494549","0.012450194572707","0.0817426013402125","0.108679830692015","0.288321021403912","0.10690456518248","-0.0537319872401293","0.34120273484236","0.27526869441828","0.555303479112361","0.699057200537841","0.349800311415092","1.09276688239215","0.088133399219627","-0.0701281394966873","0.136330325798099","0.298532141644678","0.359514619820453","","","","","","","","","","","","","","","","","","","","","","","","","","","","","","","","","","","","","","","","","","","","","","","","","","",""
"IMF.STA:CPI(3.0.1)","SLB.CPI._T.POP_PCH_PA_PT.M","OBS_VALUE","Solomon Islands","Consumer price index (CPI)","All Items","Period average, Period-over-period percent change","Monthly","Units","0.3842459173871278","-0.6698564593301435","1.252408477842004","-0.8563273073263559","0.0","0.0","0.7677543186180422","0.09523809523809525","0.3805899143672693","1.042654028436019","0.2814258911819887","0.0","5.144995322731525","0.2669039145907473","0.0","-0.4436557231588287","-0.9803921568627451","-3.51035103510351","-1.305970149253731","-0.6616257088846881","0.285442435775452","-0.189753320683112","0.1901140684410646","-1.138519924098672","2.399232245681382","3.655107778819119","1.62748643761302","-2.313167259786477","-0.546448087431694","-2.380952380952381","-0.4690431519699812","0.3770028275212064","0.7511737089201878","0.1863932898415657","-0.09302325581395349","0.37243947858473","0.9276437847866419","0.551470588235294","0.0","1.919561243144424","2.152466367713004","0.1755926251097454","1.139351446099912","1.47313691507799","0.7387702818104184","-0.1304623147015516","-0.5298307800956106","-0.1966941725618029","1.6","0.9864660967731088","-0.08333333333333333","-0.08340283569641369","-0.2504173622704508","0.3347280334728033","0.9174311926605505","0.0","-0.08264462809917356","1.73697270471464","-0.1626016260162602","0.5700325732899023","1.295546558704453","1.518784972022382","-0.8661417322834646","","","","","","","","",""
"IMF.STA:CPI(3.0.1)","KIR.CPI._T.POP_PCH_PA_PT.M","OBS_VALUE","Kiribati","Consumer price index (CPI)","All Items","Period average, Period-over-period percent change","Monthly","Units","-0.2280619629540713","0.5010326630993351","-2.061544772452779","0.2036158172025253","-1.487709331892455","1.101405639086281","-0.1411066541973038","0.2364758981076284","0.1989112896389216","0.1419245525086542","0.5668173215708256","0.1005915047323029","0.7559117520070876","0.06657525908452802","0.02852635319227751","0.7861891088929833","0.09758095952305794","0.6885901180132274","-0.6164194667843099","0.3889269763572119","0.4792014902397665","0.4408172800628061","-0.3704705663950855","0.0","0.0","-0.09234545627578548","-0.03314719143264567","1.01439049380513","0.3587310200800673","-0.2511825662782409","-0.901857997936894","1.914374477602973","-1.452612057379655","2.720344351945841","0.575770292305843","-1.265337832683419","0.1288071921856069","-0.103584517259016","-0.9686943417157039","0.02605655716241961","0.00838493519271061","1.296253643926269","0.03150825068340523","6.982868499797182","-0.129844875632397","1.176375579681559","2.151384657992435","4.809196198874344","7.819069877188164","-7.74750216226307","0.07859972983562691","-0.7219074090625169","-0.5329057995021744","-2.364963551415826","-0.2786504734335","-0.3130398569927458","-1.689021912287281","1.751404248949344","0.5433213968443567","1.982026089354312","0.3596183383092035","0.2923018432391833","0.5914663438484559","0.8313043512024314","0.3063320373176433","0.08865067197298385","0.8007954278284001","0.3572931815080194","-0.1243306715215775","","",""
"IMF.STA:CPI(3.0.1)","BLR.CPI._T.POP_PCH_PA_PT.M","OBS_VALUE","Belarus, Republic of","Consumer price index (CPI)","All Items","Period average, Period-over-period percent change","Monthly","Units","0.8800000000000013","1.338223632038063","0.3814927125110075","0.03897875657766915","0.3311903370348631","-0.05825242718445764","0.1942879347192451","-0.2326934264106991","0.4567541302235144","0.5417432523943099","0.2309246608294138","0.537582797350483","0.8600000000000066","1.001388062661102","0.8540296456267901","0.5839984426708122","-0.154828720727694","0.1938360147315393","0.1934610176049547","0.1737787217609515","0.9444872783346207","0.5919419514989509","0.6643887623386424","1.225721289835942","1.140000000000008","1.937907850504256","0.6886517943743989","0.74173971679029","0.5545993497800631","0.6466337010270139","0.06613756613756051","0.1793976017373337","1.328934967012251","0.89294019161008","0.5070526412832973","0.8713997431664017","1.529999999999985","1.566039594208614","6.0512024825446","1.572787125091443","0.7202016564638084","1.126206649982124","0.5038006010252815","0.05276580775657075","0.8701766722334566","-1.002091321017775","-1.100255259220136","0.4182983268066867","0.7600000000000112","1.26042080190552","0.5488581789669714","0.3509113948727959","-0.281690140845078","0.3019676602376792","0.2816354277945006","-0.3195816385822149","0.6606431555426066","0.617700994112534","0.6522781774580281","0.8672448298865914","0.79","0.9425538247842048","0.4717908393945351","0.430444140090002","0.107149814923047","0.6032888975381921","0.02901634587484283","-0.06768516727905628","0.4354136429608128","0.4527938342967245","0.2877145871295675","0.5642153581333078"
"IMF.STA:CPI(3.0.1)","KGZ.CPI._T.POP_PCH_PA_PT.M","OBS_VALUE","Kyrgyz Republic","Consumer price index (CPI)","All Items","Period average, Period-over-period percent change","Monthly","Units","0.4270304745178903","-0.1966606141011918","-0.2515332769283023","-0.3657425495985918","0.122537837433712","0.5911756801676715","-0.05859380499205948","0.03337100134547055","0.2992427543809884","0.567391484732763","0.93235209480745","0.9243627355887386","0.5989250161201378","0.62745163302944","1.498266631796516","2.167992429040373","-1.212463440865929","-0.639219537346968","-0.5573118136130852","-0.2402968659192315","0.6999101398151901","2.279021859061788","1.83167311823002","2.345145189684516","0.9601767106551247","1.072835630912357","1.088289382467422","0.8544756814904835","0.7673592197820851","2.309895099868116","-0.2019941685406904","-0.7390959296131636","0.2448559527610922","1.323899786947825","1.685667369372079","1.314351989845334","0.9708555188565602","0.7442576529535171","3.242532944043037","2.010866732149292","0.3179442564058796","1.493951156650626","0.4647379212028824","0.7699929784502202","0.1813785715965603","1.284177507695169","1.277777482147831","1.071056154422293","1.532371304601987","1.474957481200568","0.1847210869868258","0.1559656875487393","0.8045678691928368","0.7466529351184346","0.3322259136212625","0.05094243504839531","0.280040733197556","0.871782764586951","0.2545934963739277","0.3047345705312775","","","","","","","","","","","",""
"IMF.STA:CPI(3.0.1)","MDA.CPI._T.POP_PCH_PA_PT.M","OBS_VALUE","Moldova, Republic of","Consumer price index (CPI)","All Items","Period average, Period-over-period percent change","Monthly","Units","1.279","0.3908000000000016","0.5375000000000009","0.8226489999999949","1.374250000000005","-0.2086000000000228","-0.213399999999958","-0.03120000000002449","0.8453999999999889","0.8683999999999924","0.7808000000000254","0.862599999999983","0.6278000000000024","-0.02309999999999609","0.0900000000000196","0.1654000000000025","0.2191999999999978","-0.01159999999999934","-0.2318999999999996","-0.7802509999999685","-0.2578000000000111","0.1148000000000114","0.1621999999999974","0.3192499999999959","0.4555999999999944","0.3783490000000021","0.9602999999999919","1.480399999999994","0.478900000000023","0.05400000000000394","0.08479999999999846","0.3292000000000015","1.677600000000006","2.121699999999989","3.498799999999993","1.656499999999998","2.765500000000005","2.070799999999997","4.057999999999999","5.561300000000006","2.041200000000005","2.209000000000002","1.391100000000003","0.8903999999999991","1.432899999999998","2.620100000000002","1.023699999999999","0.7553000000000036","0.450600000000003","0.947399999999995","0.8114999999999947","2.207700000000004","0.4515000000000014","-0.5253000000000032","-0.7565000000000385","-0.08130000000001171","0.4575000000000016","0.4555000000000017","0.1791000000000004","-0.4434000000000038","0.7911999999999678","0.7118999999999985","0.4598000000000025","1.784600000000005","0.2202999999999937","-0.05619999999999635","0.2334015753040099","0.2077141618250105","0.5491979921090031","0.5233265331009894","0.333483116192","1.009738348826"
"IMF.STA:CPI(3.0.1)","MNG.CPI._T.POP_PCH_PA_PT.M","OBS_VALUE","Mongolia","Consumer price index (CPI)","All Items","Period average, Period-over-period percent change","Monthly","Units","0.580238934278612","0.4639578468965438","0.7341560360200303","0.9516939901301863","1.508409241993738","0.776789986413484","-0.04035037719466869","0.293177240279776","0.03080198277145971","-0.3336542978484446","-0.4478189755554103","0.5855510201532713","0.9855084097317055","1.188803535552792","0.8072776531012485","-0.7516429099149257","0.1351963333331685","0.3323745022016803","0.5664709219995684","-0.9054054638467277","-0.305559664120172","0.5469106684954459","0.4795654443847068","-0.3777728952715683","0.8344921746907427","1.153753748608468","0.5714987857312878","2.126925380922738","0.9255908883167078","0.9374309997641403","1.468853323274935","0.823359996743642","0.3234889090842674","0.7018809208491341","1.034009090109717","2.138979294528412","1.974347058011162","1.328825204986795","0.939552841532429","2.170868622297294","1.310368283280014","1.552803948814254","1.036424847184221","-0.9261516514546","-0.2004287623886479","1.265203683329453","1.109807956254145","0.9755847233092056","1.154694100063303","1.194988024326196","0.9875517870100112","1.326338803486275","1.299405098102376","0.9600458298841171","-0.291980133837908","-0.1761730330670633","-0.1597934723789087","0.2532597840330058","0.7404859720719328","0.3815305747650532","0.8368428355783097","0.6865554606536918","0.9295798163879704","0.7796058628450878","0.6681667176556872","0.3209489623790226","0.08341721350962027","0.7816010284859344","0.05985591025714709","0.5485477214421903","1.774363149791292","1.18681080906465"
"IMF.STA:CPI(3.0.1)","ZAF.CPI._T.POP_PCH_PA_PT.M","OBS_VALUE","South Africa","Consumer price index (CPI)","All Items","Period average, Period-over-period percent change","Monthly","Units","-0.1321003963011889","0.7936507936507937","0.7874015748031497","0.5208333333333333","0.3886010362694301","0.2580645161290323","0.3861003861003861","0.2564102564102564","0.2557544757033248","0.0","0.1275510204081633","0.2547770700636943","0.2541296060991105","0.8871989860583016","0.5025125628140704","-0.625","-0.6289308176100629","0.5063291139240506","1.385390428211587","0.124223602484472","0.1240694789081886","0.3717472118959108","0.0","0.1234567901234568","0.3699136868064118","0.7371007371007371","0.6097560975609756","0.7272727272727273","0.1203369434416366","0.2403846153846154","1.079136690647482","0.3558718861209964","0.2364066193853428","0.3537735849056604","0.3525264394829612","0.585480093676815","0.2328288707799767","0.5807200929152149","1.039260969976905","0.6857142857142857","0.681044267877412","1.014656144306652","1.674107142857143","0.2195389681668496","0.1095290251916758","0.3282275711159737","0.3271537622682661","0.4347826086956522","-0.1082251082251082","0.7583965330444205","0.967741935483871","0.4259850905218317","0.2120890774125133","0.2116402116402116","0.7391763463569166","0.3144654088050314","0.7314524555903866","0.9336099585062241","-0.1027749229188078","0.0","0.102880658436214","0.8221993833504625","0.8154943934760449","0.2022244691607685","0.2018163471241171","0.1007049345417925","0.4024144869215292","0.1002004008016032","0.1001001001001001","0.0","-0.1","0.1001001001001001"
"IMF.STA:CPI(3.0.1)","ECU.CPI._T.POP_PCH_PA_PT.M","OBS_VALUE","Ecuador","Consumer price index (CPI)","All Items","Period average, Period-over-period percent change","Monthly","Units","0.4654562190088286","-0.2293470496198568","-0.2114559735124474","0.1715653524656843","-0.004207608947298452","-0.03578188777116421","0.09133428961690117","-0.1041432123710001","-0.01196134709469835","0.5207264564055767","-0.7036968046632052","-0.008186567318650891","0.2270127083510446","-0.1544207011971875","0.1974410795912431","1.002625272387199","-0.2599840940752686","-0.6198146946128263","-0.61264944705857","-0.3238497576474439","-0.156555895515023","-0.189278482221168","-0.008734404797379226","-0.02861233520643328","0.1161550407293727","0.08434369158326396","0.1753963408782936","0.3491919093633452","0.08334072943838465","-0.1756137128699608","0.5262085608628337","0.1154899275881128","0.01568527270418045","0.2082029947357741","0.3595344447325334","0.06753772233286252","0.7213277620971635","0.2324957483318534","0.1124359706600535","0.5936478517640639","0.5574110061889702","0.6482245421656785","0.1602363554685107","0.02859861482418136","0.3569116437654226","0.1167459106014235","-0.007020747243809947","0.1577481721317429","0.1205869923529364","0.01827729621205414","0.06498523633205375","0.1962175082570397","0.08920858924369376","0.373710686025374","0.5390433221990045","0.5029688953354906","0.03785330912473305","-0.17501801125309","-0.4001390275259434","-0.01789869339538214","0.1253132832080201","0.08939746111210442","0.2871023131359414","1.273099892410056","-0.1191940427343927","-0.9520711349627567","0.9303928957230876","0.2162914941715828","0.1762541858768018","-0.2382842738838889","-0.2559911288357423","-0.985532231930966"
"IMF.STA:CPI(3.0.1)","SLV.CPI._T.POP_PCH_PA_PT.M","OBS_VALUE","El Salvador","Consumer price index (CPI)","All Items","Period average, Period-over-period percent change","Monthly","Units","-0.04987017100146371","0.1787909642497527","0.225201624534277","0.1575015770010941","0.1252789477285248","-0.1398402317208257","-0.257603071814818","-0.3587820184696538","-0.1475401682834869","0.04006511027281195","0.1196645622035736","0.104690846727857","-0.1239376642575423","-0.1331032184401122","0.08065566012808109","-0.3621111894540351","0.228794660289921","0.582339970539806","-0.08896764694332976","-0.5984664483233099","-0.2351919863482024","0.2224762121315547","0.1518722805314259","0.195768451785306","0.2668489999524452","0.6164432518271249","0.7847253786103758","0.6416122477609325","0.02936070868301332","0.5797691278468103","0.7341296016287224","0.2320413925536472","0.4085761175733002","0.7235578797762068","0.8251682362680269","0.1117820089641053","0.6151938648814017","0.7903824408876144","0.8105355156453857","0.5011086274717675","0.9088234230086556","0.8397770257556123","0.4165622482039233","0.4542752429287062","0.2496027229003809","0.7072852221575414","0.6878015610101368","0.1101050629779378","0.34495598785261","0.5891386214049628","0.08529115298131348","-0.08521846916640843","-0.06978367062107467","0.2327746741154562","-0.007741136398823347","0.2090268638228691","0.1776885043263288","0.3624585486234287","0.1383125864453665","-0.7519950890116636","0.3247255296118757","0.1849568434032059","0.06153846153846154","0.284440344403444","0.1993100804906094","0.2907199143141305","0.2898771836143108","-0.3879211987525671","-0.4123396456933415","-0.2913663548535501","-0.08458935712088587","-0.1693219425844686"
"IMF.STA:CPI(3.0.1)","MEX.CPI._T.POP_PCH_PA_PT.M","OBS_VALUE","Mexico","Consumer price index (CPI)","All Items","Period average, Period-over-period percent change","Monthly","Units","0.08542030673655601","-0.02812584862474299","0.3851414934176699","0.05315242181761954","-0.2878364934174305","0.06393304466594985","0.3756086699774441","-0.01639549798914039","0.2623709848557924","0.5397240768890343","0.8066754064476618","0.5581607275074516","0.4842637868861744","0.4152301145170836","-0.0477130481153346","-1.013684269641888","0.3848517800576805","0.5472768033759726","0.6567175365129329","0.3936934589181341","0.2289856953470478","0.6104667295632388","0.07538566201481972","0.3812375982949952","0.8593313871017928","0.6324289991833772","0.8268188662573147","0.3273000429245958","0.2041180140832516","0.5328280806625215","0.587517032685059","0.1908833412501539","0.6163355253338484","0.8376890254011745","1.144849906110193","0.3627528147565107","0.5916050056262148","0.8296469551363536","0.9900740454358259","0.5409499080385156","0.1763113675305648","0.8444745583447638","0.7407164629150143","0.6954159482057455","0.6203403794738415","0.5659423140217226","0.5755292314569431","0.3817551211536783","0.6783788484953905","0.5575799459697179","0.2678724833263046","-0.0202509560787918","-0.2173523523133613","0.1014958933200087","0.4820066451401563","0.5534339294585195","0.4438612065305492","0.3758069474331386","0.6400784019477984","0.7059987066834037","0.8929313379616689","0.09434315450563438","0.2872509930356595","0.2021407526199978","-0.1853561219628394","0.3781127178622834","1.046852014205685","0.007352778982816556","0.04925999720614941","0.5496766607877719","0.4355833601309673","0.3820293398533007"
"IMF.STA:CPI(3.0.1)","UZB.CPI._T.POP_PCH_PA_PT.M","OBS_VALUE","Uzbekistan, Republic of","Consumer price index (CPI)","All Items","Period average, Period-over-period percent change","Monthly","Units","1.490000000000053","1.579999999999984","1.180000000000005","0.909999999999911","0.7400000000000398","-0.4600000000000162","-0.3799999999999317","2.909999999999976","1.340000000000024","1.539999999999985","1.729999999999967","1.690000000000053","0.5899999999999032","0.8400000000000302","1.32000000000003","1.700000000000006","0.2799999999999528","-0.1999999999999623","-0.2900000000000015","0.5000000000000262","1.399999999999471","1.440000000000706","1.530000000000072","1.549999999999565","1.000000000000047","0.6399999999996566","0.8400000000000477","1.529999999999975","0.5000000000000135","-0.1899999999996001","-0.1699999999999849","0.539999999999719","1.09000000000015","1.309999999999794","1.220000000000018","1.260000000000218","0.8699999999997114","0.5100000000005528","1.529999999999477","1.470000000000007","1.030000000000566","0.9399999999997279","-0.0799999999995941","0.5199999999998955","1.03000000000007","1.239999999999566","1.34000000000038","1.229999999999885","0.819999999999479","0.5400000000002219","1.010012440248624","0.8299875819212339","0.4900000000002758","-0.2899999999998518","-0.1600000000001043","0.5399999999998302","1.240000000000454","1.039999999999891","1.129999999999562","1.240000000000486","0.6399999999997383","0.3199999999997467","0.6700000000002021","0.9300000000002484","2.80000000000006","-0.2400000000004289","-0.2799999999995422","0.529999999999527","1.230000000000591","0.840000000000005","0.9299999999999077","1.039999999999895"
"IMF.STA:CPI(3.0.1)","SMR.CPI._T.POP_PCH_PA_PT.M","OBS_VALUE","San Marino, Republic of","Consumer price index (CPI)","All Items","Period average, Period-over-period percent change","Monthly","Units","0.2824308531359564","-0.1456734971350879","0.2625948259093562","0.3686099524687167","-0.1836281047646661","-0.3001549186676995","0.08740409828105274","0.3104987385988744","-0.4062681369704005","-0.03885003885003885","0.1360279828993393","0.1261401125557927","0.09690861517588914","0.04840739665020815","-0.1838591058641378","-0.07755695588948135","-0.2716600368681479","0.07782858254694036","-0.1360940993486925","0.1752165871702521","-0.1263239724030706","0.2043199065966141","-0.1844839304786873","0.0","0.6614785992217899","0.2319288751449555","0.1446201311222522","0.0481370944449793","0.2598152424942263","0.105576350897399","0.2396931927133269","0.4878048780487805","-0.03807348181991243","0.5237097695677014","0.1136686558681444","0.3973885892705081","1.112053529356328","0.5778730543387082","0.259475488833287","0.7117108790091506","0.3854625550660793","0.8228195282501372","-0.1360174102285092","0.3904476527739944","0.461287988422576","0.8193031421626003","0.669762457581711","1.002395103344274","0.8343579834884945","0.6706732862991029","0.3979927323066274","0.301620130989314","0.09450983761491537","0.1888412017167382","0.09424263193968473","0.8045878627064966","0.03396450709009086","-0.23767082590612","-0.04254232961796988","-0.1361933946203609","0.1534265257415615","0.02553191489361702","0.2212201140134434","0.3226080312420409","-0.07616146230007616","0.2794715447154472","-0.1520141879908791","-0.0845809016324114","-0.1185135020739863","0.3644376642088313","0.278669143725722","0.3621052631578947"
"IMF.STA:CPI(3.0.1)","LBY.CPI._T.POP_PCH_PA_PT.M","OBS_VALUE","Libya","Consumer price index (CPI)","All Items","Period average, Period-over-period percent change","Monthly","Units","0.3456221198156682","0.6505931879066207","0.4182509505703422","1.703900037864445","0.7446016381236039","-2.29120473022912","-0.302571860816944","-0.1138088012139605","-0.2658564375237372","0.5331302361005331","-0.07575757575757576","-0.4169825625473844","0.2664636467453369","0.2657555049354594","1.363120030291556","1.643630930145685","-0.8820286659316428","-0.3337041156840934","-0.0744047619047619","-0.07446016381236038","-0.1862891207153502","0.07465472191116088","0.3356956359567326","0.4089219330855019","0.259163272861903","0.1846381093057607","0.2580169553999263","0.5147058823529412","0.1097293343087052","0.2557544757033248","0.8746355685131195","0.2167630057803468","0.144196106705119","0.503959683225342","1.468481375358166","-1.129544652312037","0.6426276329882185","0.8868393047179851","1.090014064697609","0.3130434782608696","-0.173370319001387","0.1042028482111844","0.1387925052047189","0.2079002079002079","0.2074688796680498","0.2760524499654934","0.2752924982794219","0.06863417982155114","0.3772290809327846","0.2049880423641954","0.4091374019774974","0.1697792869269949","0.06779661016949153","-0.03387533875338753","-0.1016604540833616","0.203527815468114","0.1692620176032498","0.1351808043257857","0.06749915626054674","0.1349072512647555","0.1347254968002695","0.2018163471241171","0.2349781805975159","0.4688546550569324","0.4","0.199203187250996","0.2319416832339298","0.1322314049586777","0.2971277649389237","-0.03291639236339697","-0.0658544616397761","0.06589785831960461"
"IMF.STA:CPI(3.0.1)","TUN.CPI._T.POP_PCH_PA_PT.M","OBS_VALUE","Tunisia","Consumer price index (CPI)","All Items","Period average, Period-over-period percent change","Monthly","Units","0.8262854507551174","0.0872607980864896","0.4322016305663424","0.7975118433563815","0.4854368932038835","0.322061191626409","0.2407704654895666","0.5604483586869496","0.6369426751592357","0.7911392405063291","0.4709576138147567","0.234375","0.6235385814497272","0.0","0.8520526723470178","0.8448540706605223","0.5331302361005331","-0.1515151515151515","0.1517450682852807","0.303030303030303","0.6042296072507553","0.8258258258258258","-0.07446016381236038","0.2980625931445604","0.6686478454680534","-0.07380073800738007","0.7385524372230428","1.099706744868035","0.5076142131979695","0.5050505050505051","0.8614501076812635","0.0","0.6405693950177936","0.9193776520509194","0.1401541695865452","0.4198740377886634","0.6968641114982578","0.3460207612456747","0.8275862068965517","1.367989056087551","0.8771929824561404","0.6688963210702341","0.9966777408637874","0.4605263157894737","1.047806155861166","1.036941023979261","0.6414368184733804","0.7010834926704907","0.8227848101265823","0.5021971123666039","0.6870705808869457","1.178660049627792","0.4904966278356836","0.4270896888346553","0.7290400972053463","0.6031363088057901","0.7793764988009592","0.7733491969066032","0.2361275088547816","0.5889281507656066","0.5269320843091335","0.23296447291788","0.6972690296339338","3.173687247547605","-1.733780760626398","0.5122367672168469","0.3963759909399773","0.338409475465313","0.7869589657110736","0.8365867261572782","0.1106194690265487","0.1657458563535912"
"IMF.STA:CPI(3.0.1)","HTI.CPI._T.POP_PCH_PA_PT.M","OBS_VALUE","Haiti","Consumer price index (CPI)","All Items","Period average, Period-over-period percent change","Monthly","Units","1.618705035971223","1.68141592920354","0.6962576153176675","1.728608470181504","1.444350042480884","1.842546063651591","1.5625","1.619433198380567","1.593625498007968","1.725490196078431","1.773323053199692","1.742424242424242","1.563663440059568","1.759530791788856","1.729106628242075","1.98300283286119","2.291666666666667","2.987101154107264","2.373104812129202","3.283966516419833","-0.4987531172069825","-1.19047619047619","0.507292327203551","1.009463722397476","1.186758276077452","1.049382716049383","1.099572388515577","0.9063444108761329","1.017964071856287","1.244813278008299","2.049180327868852","2.065404475043029","1.405283867341203","4.600886917960089","4.663487016428193","1.012658227848101","0.6516290726817043","2.041832669322709","1.659346022449976","1.584253480556889","1.890359168241966","2.226345083487941","3.221415607985481","3.252747252747253","6.513409961685824","10.9912070343725","3.492978033849478","2.922755741127349","1.318458417849899","1.301301301301301","1.712779973649539","1.327720207253886","0.8948545861297539","0.4434589800443459","0.2522863450015768","1.415539477823215","2.326302729528536","3.394968172173386","2.931691586045148","2.136143548846482","1.087562744004462","3.062068965517241","4.737687366167024","1.763352926143624","1.682571572074335","0.9878982464806125","1.07605771582294","0.8710379869344302","1.175341808587191","1.351351351351351","4.0","3.598740440845704"
"IMF.STA:CPI(3.0.1)","SUR.CPI._T.POP_PCH_PA_PT.M","OBS_VALUE","Suriname","Consumer price index (CPI)","All Items","Period average, Period-over-period percent change","Monthly","Units","0.5813953488372093","-0.07225433526011561","0.0","0.6507592190889371","0.5028735632183908","0.2859185132237312","0.2851033499643621","0.3553660270078181","0.4957507082152975","0.6342494714587738","0.2801120448179272","0.1396648044692737","0.6276150627615062","2.494802494802495","9.939148073022311","7.810578105781058","4.848830576155163","3.210010881392818","2.477596204533474","1.646090534979424","4.200404858299595","7.090820786789704","1.541950113378685","2.947744528807503","2.559652928416486","1.311336717428088","2.129436325678497","3.475061324611611","4.227578032398262","10.76573161485974","5.68104038329911","11.59326424870466","1.276842716192687","1.461318051575931","3.275910759672409","1.285206453377085","3.050755939524838","1.70290804296568","2.189592993302421","1.94101336022183","2.720079129574679","9.099662975445353","1.676963812886143","4.036458333333333","3.295786399666249","6.522617124394184","3.677725118483412","4.680928871823002","3.720524017467249","3.233411923206467","3.246329526916803","5.688102385842945","2.436836597398714","2.276707530647986","2.968036529680365","1.981707317073171","1.467590705258867","0.9642426677380475","0.6101604987398859","0.1054713249835201","0.869221651521138","0.3786395090742917","4.409469302809573","0.7474772642332129","0.506986521577841","0.1968503937007874","0.1105108055009823","0.3066355942597817","0.8804108584005869","0.5939393939393939","0.2048439571032655","0.5411255411255411"
"IMF.STA:CPI(3.0.1)","AFG.CPI._T.POP_PCH_PA_PT.M","OBS_VALUE","Afghanistan, Islamic Republic of","Consumer price index (CPI)","All Items","Period average, Period-over-period percent change","Monthly","Units","0.1129553898149712","-0.622204813603936","1.00301102392374","1.077696997383243","1.093363339069343","-0.9093508512967795","-1.083522311956977","0.09185694046938558","-0.6648727718913403","0.238042025682892","0.7564663645952102","1.689682190860218","1.065185975704704","-0.5350057592350518","0.2018334413067574","6.624402606322178","-1.151301393718175","-0.8102236257571916","-1.111794906301102","-0.3392736700951766","-0.8340360316732907","0.5209480419480707","1.142849879816045","0.3054958544681811","0.2556812194975334","-0.5180099283291304","0.4839454601479749","1.293820940369158","0.9867254339877163","-0.603588864543967","0.9828698182888825","0.1633529844940969","2.555486946047725","2.06640041599532","0.8767990826687471","3.520773468061786","1.385508383221907","0.6365263748632543","0.3732294507840277","1.581064313637964","0.9399628322055505","1.199708846682034","1.706119083058912","-1.191174573926174","-0.1654097793362418","-0.9895909099689362","-0.1885846098573286","-0.1140887194248568","-0.2327511280315404","0.5315075754042989","-1.100526010987306","-1.315264658482697","-0.959731396533829","-2.635029061830921","-1.118522550975313","-0.1367477323744071","-1.241920149108875","0.1544343428946855","-1.348703852383486","-0.732808921794046","-0.8172990533652822","1.153762485084502","-0.3753051865250654","0.3928148045049134","-0.9815198121028801","-1.003829191047759","-1.801323977432325","-0.317795704012229","0.5394998145413172","0.6123581776178648","-0.3794904414673204","1.251151841804694"
"IMF.STA:CPI(3.0.1)","LSO.CPI._T.POP_PCH_PA_PT.M","OBS_VALUE","Lesotho, Kingdom of","Consumer price index (CPI)","All Items","Period average, Period-over-period percent change","Monthly","Units","1.189584345677546","0.1731668547939589","0.4237033027349458","0.5026151385245466","0.537759270539964","0.2730297874755868","0.08456958156509277","0.2832240239755041","0.3603588007074426","0.3012722609684672","0.2777899138102853","0.2572963306459202","0.5113080161305738","0.2795073253811785","0.2459278869449874","0.6901602711006576","0.3324414342310576","1.194058884016638","0.7277829352451448","0.6997303223837956","0.206496882947096","0.02257697244203096","0.3377051476882056","0.268506636087057","0.3093417806645134","0.4328429323981935","1.05510023426639","0.9578878413127201","0.4526427035361809","0.3825981256053732","0.1987346366573649","0.4356450712563638","0.4195062532358357","0.7558639104721875","0.6000195629551748","0.6310446472529401","1.012622404379797","0.3488277229226767","0.7847292714692385","1.062527148082332","0.9261473915897497","1.302574718901001","1.140415120493759","0.05364823593408134","0.1903461264795893","0.1129863110683201","0.2516952601241271","0.5318072181146475","-0.05524853406034158","0.8775135192192486","0.2592457683557257","0.9107702893490345","1.102371296106843","0.05730726686519656","0.09830362619876727","0.7511510472481079","0.7968792095513527","0.741954785312504","0.5445632612816227","0.8726402262474743","0.8840006678665323","0.03001856656296432","0.405727172943117","0.6421637232807351","0.2905435724797917","0.291474515354943","0.2144547937916424","0.1672421015772259","0.04753098567198966","0.1806749972681999","0.2903268931557948","0.2345887314280384"
"IMF.STA:CPI(3.0.1)","ARM.CPI._T.POP_PCH_PA_PT.M","OBS_VALUE","Armenia, Republic of","Consumer price index (CPI)","All Items","Period average, Period-over-period percent change","Monthly","Units","1.83386642392968","0.6170260626232389","0.1109239763574036","-0.07371443674313106","-0.4439392939864928","-1.909741417769653","-1.943956019704705","-0.441296346726257","0.1950583831198736","0.5502079480506731","1.051401862534011","1.252837325457974","1.377328547749047","-0.203180457118242","0.544368230143714","0.8922838187538186","-0.1452510275393449","-1.405978866033398","-2.097038595670166","-0.1490983627615215","-0.182880640380984","0.4624303209753805","1.265235142035039","3.351734771895274","2.209328348172403","0.5723205791905044","0.97800035987824","1.250820956649187","-0.3862643458082496","-0.843699023892246","-0.5177138699137264","0.3672664341357965","-0.08537080117676055","0.6611991400964332","1.685300090342397","1.577058485610708","1.641179876843431","0.07103037144342692","1.753829974432701","2.253750398670301","0.1291751989521951","0.3282901897630065","-1.377271101746602","0.190185227910837","0.6345677022296681","0.2601217279882004","1.097814201258779","1.07127280394232","1.405263275319874","0.07022570141403853","-0.6953728242380125","0.1080027413751775","-1.761897875642837","-1.44937305227077","-0.9738678940665446","0.1222646590646762","0.8805316388677957","0.3064794014794841","0.4810499643295855","0.9378484707369354","1.161057063182425","-0.7288087919542271","-0.2410540673136858","0.5872536479701868","-0.7799227292263702","-0.9337210886042857","-0.3816342340870952","0.07986112797665665","0.1638735611189054","0.2839411258779887","1.253221908542485","1.013371716896198"
"IMF.STA:CPI(3.0.1)","LAO.CPI._T.POP_PCH_PA_PT.M","OBS_VALUE","Lao People's Democratic Republic","Consumer price index (CPI)","All Items","Period average, Period-over-period percent change","Monthly","Units","0.287416755895944","0.4442417840352569","0.2543438453253119","0.7199036056923565","0.5372549248436073","0.2511288325037162","0.7947523640367499","0.7642597474103047","1.309946298012873","0.7175066979932526","0.3584947344907665","-0.3203225972797213","0.9031593321202704","-0.2094529727370338","0.1598291007943709","0.474711654390019","0.181436049674355","0.0789502587916585","0.6402881518313775","1.451183442499217","0.155555893961869","-0.2446470563100777","-0.4083750118500654","0.01203721760483815","-0.2489285311217461","-0.3035644938426195","0.6806449382413134","1.210277829966773","0.5137166023979792","0.4502544790983018","1.354271539684885","0.5938168201818943","0.5017081267469287","0.2813949658129102","-0.1036347921054383","0.2293858039646651","0.677218982795337","0.6941346361950026","1.838024045078058","2.442851162478802","3.180871316164408","10.09114326485995","2.952104190541896","4.164580765473447","3.62435432024522","2.306241657304583","1.139629548873446","0.815302583827415","1.426178802974359","1.378778747204522","1.635651887757597","1.657055184056509","2.418088535491488","1.986106674493536","2.280194757766064","2.603517362953675","3.469554822279169","2.415344502916376","0.6688048739490945","0.112159854564535","1.487477193118926","2.120689363152789","1.334850864958996","1.604551618735339","3.118154805662465","2.297427072468317","2.220764748484315","1.142867006655104","1.350685418985213","1.559431066865799","-1.335975406761122","-1.110331706468836"
"IMF.STA:CPI(3.0.1)","BIH.CPI._T.POP_PCH_PA_PT.M","OBS_VALUE","Bosnia and Herzegovina","Consumer price index (CPI)","All Items","Period average, Period-over-period percent change","Monthly","Units","0.1296189105085316","0.3843018286205551","0.1096614277248502","-0.3331471590059864","0.2276090688450838","-0.4930666501293943","-0.560601773903478","-0.2938686504624402","0.448587537926899","0.7539088535122319","0.07078473455231613","-0.1543749587463216","0.5095244767112583","0.06243508616238227","-0.09437905059776669","-1.620296720519438","-0.7793721901476495","0.130882151738791","-0.341295556727702","-0.2112048455129808","0.1311332315653247","0.7159497584073145","0.06531580492212694","-0.1743954973525322","0.4114780616906202","0.4663217610163397","0.7572255542002309","-0.2844524955452549","-4.947345402877178E-4","0.1198252984748248","-0.1249198249936502","0.2425327904134734","0.7457780375031094","1.994922549777531","1.187471840653403","0.6734946530562644","1.014328474188188","1.488290286623312","2.754750235488049","2.378673847478763","1.093543146249373","1.373290846688256","0.6645022845465676","0.2453820288813377","1.223568684217647","2.110496600702162","0.1843057856310203","-0.6431894751110088","0.4551278310915261","0.3809908707813463","0.4279557553569857","0.09795114128904352","-0.2065743838035306","-0.1617507754450787","-0.1843902955045711","0.9830848107323285","0.6112013485018261","0.1239690310115151","-0.1532267371039506","-0.2000943886887677","0.2367665284188194","0.5378047968368767","0.2718132963467208","0.119143124558287","-0.1620071718778444","-0.5438196843616409","-0.01497076697560886","0.5135661863026598","0.100770475923424","0.236273797482558","0.4318167744025304","0.4096439449454981"
"IMF.STA:CPI(3.0.1)","DZA.CPI._T.POP_PCH_PA_PT.M","OBS_VALUE","Algeria","Consumer price index (CPI)","All Items","Period average, Period-over-period percent change","Monthly","Units","0.3843121797398502","-0.4859134190635123","0.93711467324291","0.01465917419985341","0.986906390463162","-0.2805999032414127","-0.6986221618474675","1.050420168067227","1.223226804622153","-0.1050821551394727","-0.6168117050779383","0.02405580947798893","-0.1154401154401154","-0.5826832322064914","1.240009687575684","0.2822831443471604","0.9685114503816794","0.1606577517365213","-1.094494503939237","0.1144765084664918","1.133927295249893","1.677109341875913","-0.3891951999258676","0.1023303409460905","0.5761814042098417","0.4204204204204204","1.80345969819654","1.518438177874187","-0.1112891737891738","-0.4634787646508311","0.7118871725990598","1.422601582644261","1.994389410011397","1.246293351669603","-0.2589244025637761","-0.6426078815218316","1.083651004411702","0.576271186440678","1.900067408156387","2.15818414850953","-0.5301711926828281","0.707950199365286","-0.5979314802844214","1.853357177694684","0.8818834796488428","0.7199082314781852","-0.1767270156697954","0.3894877645762845","1.101226633224909","1.08923172338941","2.105142068330841","1.979119723599219","-0.3167004234947523","-0.2068787173519524","-0.3812978936067819","2.177629134150873","0.6837358161187082","-0.4948706834272504","0.5082223109594511","-0.6140065734821396","-0.3088999527564778","-0.5796150481189851","1.602317310160232","0.2742692168892097","0.1439573886129706","1.329691655286423","0.8299049510568876","1.023566654941963","0.07659900421294523","-0.09393591483143722","-0.5954868366067697","-0.7251707829742512"
"IMF.STA:CPI(3.0.1)","BFA.CPI._T.POP_PCH_PA_PT.M","OBS_VALUE","Burkina Faso","Consumer price index (CPI)","All Items","Period average, Period-over-period percent change","Monthly","Units","-2.173080605016274","-0.4109991192876015","0.5011299990173922","0.4692999608916699","0.5157648890618918","-0.2904443799012489","0.2233226526847267","-1.491958922689401","-0.2065302911093627","0.5420321277224796","-0.7449519702019212","0.5234050957930081","-0.5206798310246586","0.9579300809796563","-0.2543284750073364","-0.4314994606256742","3.916873441568009","-1.285984964553053","0.4896783485357657","1.137015096502962","0.1606046291922532","0.6319562346727033","-0.815446621051645","-1.578151578151578","0.1728276524243879","-0.4217387136969232","0.6256617576282607","1.559211784962694","1.676556466045022","-0.1296896711440482","-1.818013171319915","2.805857345299953","1.718434111376585","0.1535820760682989","1.136568645138012","0.3121655369247235","-0.5868231528407575","2.307485913603434","3.715359734242504","3.017532029669589","1.873670430371461","1.959681953256767","0.9294998030720756","0.3121829392023726","0.295650820820042","-1.093786362578543","-1.333333333333333","-2.034976152623211","-1.817591691009413","0.2727272727272727","0.593422896233413","0.368701351904957","1.289795918367347","1.57567281592521","0.4936212019669252","-0.515955106530871","-0.3176496520323462","-0.0578685372298254","0.6288143815795456","-1.425669241251265","1.308322569919166","-1.179352795332816","0.4597243233644344","1.467649270536095","1.000415455397342","0.5632211517215318","2.368604836568919","0.8388555017107174","0.08364172564380006","0.08947154331823971","-1.935041367799406","-0.2251378289991407"
"IMF.STA:CPI(3.0.1)","NGA.CPI._T.POP_PCH_PA_PT.M","OBS_VALUE","Nigeria","Consumer price index (CPI)","All Items","Period average, Period-over-period percent change","Monthly","Units","0.73784797330605","0.7300992859129402","0.7865991107375025","0.9441418337557616","1.111360653824496","1.074451044400758","1.011353770851421","0.9857181003518621","1.043228657696064","1.068237230910716","1.023682013810292","0.8542286980263583","0.8734494763901641","0.7895926140949501","0.839410649894487","1.019802396593016","1.167868386774734","1.213352038122499","1.246473314028425","1.342680035066993","1.477957091251289","1.535873705340532","1.602516146211439","1.614560760263975","1.494760012312466","1.541232078361756","1.558287031633718","0.9730994335504262","1.010567861889006","1.056876082904467","0.9251892231421465","1.024973698818349","1.14903858719297","0.981933315996593","1.078815685439392","1.81690529745507","1.47286417518673","1.630740088164298","1.744991831224301","1.760272323474911","1.782713374520674","1.81564226434021","1.816533203634399","1.769572271862517","1.357879821459589","1.243997477674065","1.394792671795919","1.714770860787326","1.868014292116349","1.708670376892427","1.856444044305495","1.909500224706602","1.941907762109047","2.128441044987044","2.886250353463638","3.178903513986862","2.097524221178851","1.734486027425325","2.087948743229018","2.287304765618793","2.640206844088667","3.117391648426576","3.019030854221017","2.286861724010148","2.144698630468745","2.304335969457322","2.279088364654138","2.212617670457389","2.519467776471898","2.639616045795602","2.632997826330715","2.443631212371621"
"IMF.STA:CPI(3.0.1)","CYP.CPI._T.POP_PCH_PA_PT.M","OBS_VALUE","Cyprus","Consumer price index (CPI)","All Items","Period average, Period-over-period percent change","Monthly","Units","-0.9433025518816404","0.03007217321571772","0.8317466680028059","0.4174120453190221","0.1385589865399842","0.1087171377742637","-1.253825649126271","0.2999400119976005","0.5681818181818182","0.3964714044999504","0.3060519301016882","-0.1673228346456693","-0.5915409642117717","0.3967073291679064","0.108663439691791","-1.499901322281429","-0.1302344219595271","-0.4213060487511285","-0.7555152614082804","0.5887129516849371","0.8577194752774975","0.560280140070035","0.4676151626703811","-0.7031095266389384","-1.057145706592201","0.1108759197661526","1.298832057994362","0.8150283272040553","0.6309770284925564","0.3135103360438914","0.1074323664420354","1.551219512195122","-0.05764242482467096","0.7305584927424781","0.5439450329229888","-0.2467729688686409","-0.5042816365366318","1.214497465812374","1.832955404383976","2.393765077008721","0.9151866618339978","0.7811798509472928","1.238417676407698","-0.255214292000352","-0.1941062290453503","0.7867751060820368","0.4736426629243049","-0.9777389786119598","-1.25187340209821","0.7767163646103027","1.018781006378455","0.3157063930544594","0.2884867558353003","-0.296373779637378","0.8043364224514775","0.9019947961838682","1.143200962695548","0.2549502846944846","-1.23760278036789","-1.047120418848168","-1.20565530401596","0.9043020193151888","0.4176455233620465","1.4556797504549","0.6405329233922624","-0.1018329938900204","0.008494733265375467","0.3142784337042385","0.3217612193056732","0.1350438892640108","-0.3624409979770735","0.08459521191100584"
"IMF.STA:CPI(3.0.1)","VNM.CPI._T.POP_PCH_PA_PT.M","OBS_VALUE","Vietnam","Consumer price index (CPI)","All Items","Period average, Period-over-period percent change","Monthly","Units","0.09820000000010039","0.8015999999992819","-0.2095999999994167","0.3096999999996085","0.4929999999997541","-0.09219999999947479","0.1815999999999812","0.2800999999994641","0.3153000000002502","0.585100000000333","0.9625999999994936","1.399000000000011","1.23280000000053","-0.1670000000004367","-0.7171999999999625","-1.542900000000353","-0.03019999999939208","0.6583999999999474","0.3992999999994375","0.07429999999989673","0.1245","0.0858999999999767","-0.008400000000004628","0.102800000000053","0.06239999999993182","1.518100000000076","-0.2677000000000001","-0.03830000000007395","0.1584000000000761","0.1873999999999364","0.6224000000000167","0.2479000000000502","-0.6155000000000568","-0.2030999999999827","0.3209000000000234","-0.1815999999999954","0.1915999999995346","1.002400000000486","0.701699999999926","0.1844000000000584","0.3778999999999187","0.6854000000000277","0.3953000000000396","0.005000000000005195","0.3980999999999595","0.1452000000000354","0.3872000000000492","-0.01250000000001199","0.5152999999999388","0.448900000000059","-0.2259000000000036","-0.3425000000000467","0.007499999999991781","0.2674000000000134","0.4548000000000181","0.8810999999999478","1.079900000000051","0.08220000000005152","0.2484999999999259","0.115799999999969","0.3114009743717529","1.037299999999966","-0.2326000000000193","0.07309999999999094","0.04689999999999944","0.1653000000000532","0.4753000000000202","-7.000000000072222E-4","0.2850000000000144","0.3331999999999495","0.1275000000000688","0.2868999999999936"
"IMF.STA:CPI(3.0.1)","IRN.CPI._T.POP_PCH_PA_PT.M","OBS_VALUE","Iran, Islamic Republic of","Consumer price index (CPI)","All Items","Period average, Period-over-period percent change","Monthly","Units","2.021279692193421","2.189042892507193","3.910224297622655","4.017041996348143","1.521357519016964","0.779287398707798","2.772593163849198","0.0","1.112966054535329","1.761144744083654","1.568415359653874","3.194888178913734","0.8255933952528284","1.125895598771762","1.467611336032377","2.144638403990039","2.539062499999992","2.000000000000004","6.39589169000933","3.510311540149195","3.560830860534117","7.040523945968075","5.162523900573608","2.036363636363645","1.817533856022809","2.485124256212806","1.810109289617487","2.683663200268371","0.7513884351519016","2.529182879377436","3.542061986084761","3.176542455711669","3.937240970988745","3.702648818000609","2.444383411150715","1.66219839142092","2.373417721518966","2.112313240597644","1.286579212916256","3.362391033623925","3.518072289156811","10.58333333333333","4.370761115297664","2.166064981949458","2.190812720848057","2.558782849239281","2.157788267026298","2.178217821782178","3.811369509043928","3.422526446795271","4.753309265944645","3.676048248133257","2.770083102493075","2.048517520215633","1.954569466455362","2.435233160621762","2.023267577137076","2.379771938522558","2.130750605326877","2.892366050260787","2.580645161290323","1.392632524707996","1.993797075764289","2.6498696785404","2.750740584003386","2.841845140032949","2.202643171806167","1.959247648902821","1.729438893159108","2.795617680392898","2.719588386622565","2.003577817531306"
"IMF.STA:CPI(3.0.1)","BHS.CPI._T.POP_PCH_PA_PT.M","OBS_VALUE","Bahamas, The","Consumer price index (CPI)","All Items","Period average, Period-over-period percent change","Monthly","Units","0.6982449518777128","1.264992503748126","0.1202924030720829","0.1478743068391867","-0.1661129568106312","-0.05546311702717693","0.7214206437291898","-0.3856749311294766","0.3042035398230088","-0.4503262567778697","0.009231905465288036","-0.7661774208437183","1.274418604651163","-0.5419307430880868","0.1015884743258219","-0.9502721653289049","0.7730998509687034","-0.4713929198632036","-0.0650074294205052","0.483226465941827","-0.1202256543050032","0.6018518518518519","-0.06442705936493327","0.1565665868484067","0.8827586206896552","0.1002643332421839","0.072846476051721","0.3275705186533212","0.4625430799927444","-0.1354157262796786","0.6237570059663714","0.8265205282544246","0.1960260179987526","0.2578923966207203","0.3725385843533795","0.07069635913750442","0.609325326739668","0.05266391643991925","0.9649969295552241","0.7385524372230428","0.8021390374331551","0.5476170103533841","1.480725044677049","0.06708595387840671","0.3435850163412386","0.2755971271087356","-0.09994170067460648","-0.425177157148812","-0.04186202277294039","-0.08375910880308234","0.4442954145360047","0.6342847604740444","0.4063692154586167","0.04955810688031717","0.6439362668207711","0.1722582232794685","0.1965280052407468","0.12258908139915","-0.1714145784017631","-0.482420278004906","-0.5997863774546052","0.2975698462555794","1.557606724905225","-0.5112391463117747","-0.8482871125611746","-0.09049029285949325","-0.1482091395636064","0.115444875072153","0.0164731076517585","0.4611710450465289","-0.7049758176899746","0.5118467761908693"
"IMF.STA:CPI(3.0.1)","UGA.CPI._T.POP_PCH_PA_PT.M","OBS_VALUE","Uganda","Consumer price index (CPI)","All Items","Period average, Period-over-period percent change","Monthly","Units","0.1954472292480744","0.2524383247275451","0.4521002632482134","0.7804933629578987","0.3504804974562103","-0.1013970256872975","-0.4003608886883945","0.3963086678367954","0.6710652455872714","0.1848532377325136","0.3242941012020717","0.4012706905199974","0.3209686356287539","0.2005970564239039","-0.1210534638166639","0.8968057766892927","0.3576016918931842","0.3310396247704816","-0.1839327752954974","0.2288234544877685","0.3056442210642288","0.4286272725960889","-0.5136312474387928","0.1832603043395742","-0.1192929350382051","0.4815946505206559","0.2913830954219013","0.2877325640464868","0.1542288821327078","0.4218926528500814","-0.07152663300044856","0.001446516682399259","0.5938341643712339","0.1696730088474472","0.1804159069091599","0.4541562120355114","-0.3082014696432097","0.9797683336758384","0.8301158248622932","1.375536356164811","1.488142194351305","0.9599222245131679","0.9543979212157035","0.9892488472677035","1.507928662407436","0.8223689977545094","0.0656630541163886","0.1349553026368375","-0.1522188207844104","-0.1176886777366363","0.6499251245268843","0.4800612716344283","-0.268952237525486","-0.2628825024732873","-0.0299159321571972","0.5961290679903527","0.7401537855911874","0.5807910329438575","0.2325439470632763","0.1306412670571873","0.02770900786457112","0.5085570501768605","0.5111794782097379","0.378706436411066","0.1500022853844102","0.03344038852408056","0.003477201163054588","0.1818191224963611","0.245858389822908","0.5032006725166939","0.227553005355439","0.4522694796480576"
"IMF.STA:CPI(3.0.1)","AZE.CPI._T.POP_PCH_PA_PT.M","OBS_VALUE","Azerbaijan, Republic of","Consumer price index (CPI)","All Items","Period average, Period-over-period percent change","Monthly","Units","0.1660175370728562","0.5650795992632559","0.6056017909801736","0.3839252737746557","-0.4307736818501227","-0.4670675227011926","0.05430400399653322","-0.3197309052965333","0.3468389778294609","0.4167699065858463","0.4638416178471475","0.5363739186694746","0.5660532140164475","0.7062143441739684","0.9776612207563494","0.08550129885178961","-0.5161700291945708","-0.3298903177300797","-0.2757558709738343","-0.1802016989149163","0.1077454137289654","0.1672790215750603","0.493829901007803","0.791159407044762","1.199996594084992","1.631144972183339","0.8563056030000953","0.3125808772675348","0.04671979486170907","-0.4921487140702404","0.916735081585746","0.4657703877519248","1.81563959972443","1.574101806923122","1.477050122585971","1.58614800699356","1.645964085335837","1.097885780773245","1.104310706368622","1.039650986508237","0.736960198917117","-0.1065730094143227","0.4771907178149227","0.8910388844940533","3.112397600879685","1.551348681288276","1.037228617675958","0.958255590573856","0.9801956176106918","1.483199620506769","0.6939016917813428","0.3070757906656228","-0.3830453771397875","-0.9000089209530278","-0.6533874031885633","-0.4034169044822425","0.3094300989954866","0.4086248114173214","-0.1871476163153801","0.5007876042826126","0.5236651059979698","0.6377180040919777","0.2279942149942629","-0.1096668933283963","-0.08287110418434356","-0.08406899576726509","0.898640609483417","0.4299700827438094","0.3077470649071457","0.319634703196347","0.7282658170232135","1.039313149570718"
"IMF.STA:CPI(3.0.1)","HRV.CPI._T.POP_PCH_PA_PT.M","OBS_VALUE","Croatia, Republic of","Consumer price index (CPI)","All Items","Period average, Period-over-period percent change","Monthly","Units","-0.8866995073891626","0.1988071570576541","1.091269841269841","0.4906771344455348","0.5859375","-0.2912621359223301","-0.4868549172346641","-0.2935420743639922","0.7850834151128557","0.4868549172346641","-0.1937984496124031","-0.0970873786407767","-0.2915451895043732","-0.2923976608187135","0.1955034213098729","-0.1951219512195122","0.09775171065493646","0.09765625","-0.4878048780487805","-0.196078431372549","0.8840864440078585","0.3894839337877313","-0.2909796314258002","-0.5836575875486381","0.09784735812133072","0.2932551319648094","1.072124756335283","0.6750241080038573","0.1915708812260536","0.0","0.1912045889101338","0.1908396946564885","0.9523809523809524","0.9433962264150944","0.7476635514018692","0.0","0.2782931354359926","0.9250693802035153","2.016498625114574","2.695417789757412","1.399825021872266","1.121656600517688","0.4266211604095563","0.1699235344095157","1.441899915182358","1.337792642140468","0.9075907590759076","-0.3270645952575634","0.0","0.1640689089417555","0.9009009009009009","0.974025974025974","0.4823151125401929","0.88","0.2379064234734338","0.4746835443037975","0.4724409448818898","0.4702194357366771","-0.078003120124805","-0.546448087431694","-0.3924646781789639","0.1576044129235619","0.8654602675059009","0.7020280811232449","0.0","0.07745933384972889","0.0","0.0","0.3869969040247678","1.079414032382421","0.3813882532418002","0.1519756838905775"
"IMF.STA:CPI(3.0.1)","KWT.CPI._T.POP_PCH_PA_PT.M","OBS_VALUE","Kuwait","Consumer price index (CPI)","All Items","Period average, Period-over-period percent change","Monthly","Units","-0.0881057268722467","0.08818342151675485","-0.1762114537444934","0.0","0.176522506619594","0.5286343612334802","0.2629272567922875","0.1748251748251748","0.3490401396160558","0.0","0.0","0.1739130434782609","0.08680555555555557","0.08673026886383348","0.08665511265164645","-0.08658008658008658","0.2599653379549393","0.3457216940363008","0.4306632213608958","0.4288164665523156","0.1707941929974381","0.5115089514066496","0.2544529262086514","0.338409475465313","0.08431703204047218","0.1684919966301601","0.2523128679562658","-0.1677852348993289","0.3361344537815126","0.5025125628140704","0.25","0.1662510390689942","1.327800829875519","0.2457002457002457","0.326797385620915","0.7328990228013029","0.08084074373484236","0.2423263327948304","0.24174053182917","0.1607717041800643","0.1605136436597111","0.4006410256410256","0.07980845969672785","0.07974481658692185","0.398406374501992","0.3174603174603175","0.2373417721518987","0.7103393843725335","0.2351097178683386","0.1563721657544957","0.702576112412178","0.1550387596899225","0.1547987616099071","0.5409582689335394","0.0","0.153727901614143","0.3069838833461243","0.3825554705432288","0.2286585365853659","0.3041825095057034","0.1516300227445034","0.2271006813020439","0.3776435045317221","0.3009781790820166","0.1500375093773443","0.2247191011235955","0.1494768310911809","0.07462686567164178","0.1491424310216257","0.07446016381236038","0.1488095238095238","0.4457652303120357"
"IMF.STA:CPI(3.0.1)","SWE.CPI._T.POP_PCH_PA_PT.M","OBS_VALUE","Sweden","Consumer price index (CPI)","All Items","Period average, Period-over-period percent change","Monthly","Units","-0.9973784915780275","0.7487216946676406","0.2326143435441967","0.6992374694837096","0.251414204902577","-0.1433049708911778","0.3976440338445899","-0.4198927933293627","0.4665211280241634","0.02678970084834053","0.0952267587192001","0.392436674991081","-1.439232409381663","0.4957634757526591","-0.1674290668819326","-0.3024767152825612","0.6037849203965155","0.5762742229255621","0.2167201045006531","-0.1481174274965192","0.05933485626131071","-0.08894950633023987","0.008902869691663946","0.6943620178041543","-0.368362114693228","0.2721168919518471","0.1563375711630925","0.2444483713259115","0.1968446102770514","0.08210180623973727","0.2666119770303527","0.5142740262396635","0.5087357190616006","0.2024642795163996","0.4589539314166955","1.27575209033704","-0.5418900899367322","0.8557736193518941","1.764905532300034","0.6170094496942746","1.049665764322413","1.402329014269313","0.08896077638495754","1.758780435251023","1.429289854688865","0.2165914250671955","1.012915321320696","2.069961075451757","-1.126376401656733","1.103448275862069","0.5709666009802435","0.4647307073954984","0.3150551346485635","1.071811361200429","0.04439073713285161","0.07395173416816624","0.5123531295415917","0.2499693664992035","0.31290488180507","0.7286462775679298","-0.1451589490492089","0.2471289431603431","0.1208430007733952","0.2993289238642398","0.1636582430806258","-0.07688980729492047","0.08656759486365603","-0.58622843688434","0.1909227125525642","0.2267409605133029","0.2984284373420616","-0.009598080383923215"
"IMF.STA:CPI(3.0.1)","BGR.CPI._T.POP_PCH_PA_PT.M","OBS_VALUE","Bulgaria","Consumer price index (CPI)","All Items","Period average, Period-over-period percent change","Monthly","Units","0.6102339534356293","0.4950679826683745","0.07059612122158174","0.5266741875148514","0.1243768504543287","-0.6114368566250284","0.7700286052112216","0.0682319699326368","-0.341973476535813","0.8006912950521838","0.517277593477891","0.7346373057748528","0.9242201571070909","0.07376307716038281","-0.6293142502295731","-0.6335681499032811","-0.3308129649288028","-0.3892884708029717","0.4665048387192694","0.03768794889707247","-0.6267639798580743","0.6383701838518752","0.1109648580727955","0.5190661724756603","0.1961047129255616","0.5990124838653375","0.05522326087277004","0.6985023129255843","0.1423507222068284","-0.2074495608078244","0.7710350938481837","0.7704925677913138","0.3951794664814171","1.821189493818279","1.357943413413715","0.9103850864112425","1.450221637829845","1.44710601355734","2.220397333019861","2.463963448831714","1.213769885761005","0.8780297193610098","1.119331447853821","1.165545958598281","1.228310757406123","0.8666196618684752","0.7556407795966937","0.9076909046769948","1.095322410554916","1.038630525774286","0.4739710940066988","0.3171047769633981","-0.1424875969606284","-0.4076050428948122","0.934858660111394","0.3838486035286895","-0.09647793388297637","0.4090937136558338","0.3309205654299084","0.2665738092420736","0.5191043054890332","0.3009683103025511","0.1818381040262467","-0.3174600010032668","-0.2355263648079631","-0.1998855574854418","0.8255760152261384","0.1231277468216133","-1.044178265625816","1.097421984304129","0.558265507915501","0.4004959560783067"
"IMF.STA:CPI(3.0.1)","ROU.CPI._T.POP_PCH_PA_PT.M","OBS_VALUE","Romania","Consumer price index (CPI)","All Items","Period average, Period-over-period percent change","Monthly","Units","0.8342813803564657","0.7803685596088755","0.4944491090586808","0.6126995915336056","0.4613397305775973","-0.2387950036737693","-0.2025409685140858","0.06457564575645756","0.0829722503918134","0.4329403095062638","0.2201229019535908","0.420975565113938","0.4100975120750934","0.2541296060991105","0.4979177982980264","0.2522295288712729","0.04492766645700422","0.08083348302496857","0.008974243919949745","-0.05384063173007897","-0.1436523612856886","0.2247797158784391","0.1255943303130887","0.3494310545650031","1.321428571428571","0.4141698977793444","0.3861342694164107","0.4458431681091004","0.5395996518711923","0.2596952908587258","0.9756518735969608","0.2394185549380077","0.8444937302738207","1.776349179495855","0.0","0.7064494680851064","1.477263349013782","0.577423552374756","1.884046252122584","3.746031746031746","1.178090575275398","0.7560864962951762","0.8854870178598229","0.5578696816423683","1.331459427472446","1.284765311336594","1.246846846846847","0.3701594533029613","0.3475177304964539","0.9753339458618984","1.007909288164065","0.7483888850391518","0.6396588486140725","0.4032258064516129","0.156558437138384","0.5369036291966834","0.7841546677482593","0.5701254275940707","-0.01333866880085367","0.2668089647812166","1.09765832889835","0.8093702704481148","0.4242819843342037","1.527461813454664","-1.530089628681178","0.2405565307847344","0.6485925541574783","0.1868797525454311","0.3280375635170772","0.6218745993076035","0.407773176170755","0.2855511136493432"
"IMF.STA:CPI(3.0.1)","JPN.CPI._T.POP_PCH_PA_PT.M","OBS_VALUE","Japan","Consumer price index (CPI)","All Items","Period average, Period-over-period percent change","Monthly","Units","0.0","0.0","0.0","0.3009027081243731","0.0","-0.2","0.0","0.2004008016032064","0.1","0.2997002997002997","0.09960159362549802","0.0","0.0","-0.1990049751243781","0.0","-0.09970089730807577","-0.0998003992015968","-0.1998001998001998","0.1001001001001001","0.1","-0.1998001998001998","-0.1001001001001001","-0.3006012024048096","-0.2010050251256281","0.5035246727089627","0.0","0.1002004008016032","-0.8008008008008008","0.3027245206861756","0.1006036217303823","0.2010050251256281","0.0","0.4012036108324975","-0.1998001998001998","0.2002002002002002","0.0","0.1998001998001998","0.3988035892323031","0.3972194637537239","0.3956478733926805","0.2955665024630542","0.0","0.4911591355599214","0.3910068426197458","0.3894839337877313","0.5819592628516004","0.1928640308582449","0.192492781520693","0.5763688760806917","-0.6685768863419294","0.3846153846153846","0.6704980842911877","0.0","0.09514747859181732","0.4752851711026616","0.1892147587511826","0.28328611898017","0.8474576271186441","-0.1867413632119514","-0.09354536950420954","0.09363295880149813","0.0","0.2806361085126286","0.4664179104477612","0.3714020427112349","0.09250693802035154","0.3696857670979667","0.4604051565377532","-0.1833180568285976","0.5509641873278237","0.45662100456621","0.6363636363636364"
"IMF.STA:CPI(3.0.1)","CHL.CPI._T.POP_PCH_PA_PT.M","OBS_VALUE","Chile","Consumer price index (CPI)","All Items","Period average, Period-over-period percent change","Monthly","Units","0.1093004769475388","0.03970223325062266","0.4762377219962312","0.2666140021724095","0.6007484735079762","0.04894762604013016","0.2250489236790705","0.1854925314849111","0.009744689144420095","0.8184741303712324","0.07731709674302181","0.1062288749396328","0.5595215126374693","0.4508825786646305","0.334256518002092","-0.04759185227488384","-0.04761451290353893","-0.06669207317073243","0.0953379731146908","0.133346032955521","0.6373061923333104","0.6805293005670972","-0.1314307172362012","0.3384094754653203","0.702641933670602","0.1860638198902208","0.3714365307827995","0.379313535017116","0.2672811059907898","0.08272819192940094","0.8082292432035252","0.3553206997084604","1.18020880617339","1.336922386720512","0.5046927572162181","0.775262091445686","1.206399160765808","0.2850479398807947","1.860465116279064","1.395230847285647","1.200900675506634","0.9311907704985491","1.371652514696281","1.216172680412375","0.8593936500358053","0.5207100591715913","0.9732360097323648","0.2876020209871732","0.7983258409548935","-0.06151480199923465","1.084865738247292","0.312071852641194","0.1138174368313166","-0.1515840533575856","0.3491726127220335","0.1134644478063481","0.6724593879863612","0.4353047132993799","0.7472724555372826","-0.5340453938584893","0.7009839920768108","0.5898740664067326","0.3713488422378654","0.5258033106134372","0.2712127082526153","-0.09659969088098919","0.744536840069619","0.2495441021211249","0.0861656294877932","0.975703080160704","0.2557787040545661","-0.1984314466597373"
"IMF.STA:CPI(3.0.1)","GRD.CPI._T.POP_PCH_PA_PT.M","OBS_VALUE","Grenada","Consumer price index (CPI)","All Items","Period average, Period-over-period percent change","Monthly","Units","-0.03603883581823052","-0.2338755546638932","0.1004735003945782","0.1430871042747272","0.1339524915163422","-0.3777536787657184","-0.04256013034623591","-0.01310339104737448","0.553751575026237","-0.1625503863454095","-0.04461099214846538","0.05355708292421673","-0.01951182085823892","-0.03453194077232798","-0.3693832061534038","-0.8375908022616048","-0.01872512046019675","-0.04798481628115744","0.1293727550361756","0.0","0.1173814898419865","0.0","0.1262626262626263","0.1531255629616285","0.2428275924093893","0.2422393683832765","0.1700528058712969","0.1965689778413152","0.09809167112537899","0.1247216035634744","0.2647032654150725","0.1141209095951192","-0.1741772672517486","0.1922400718880195","0.3374806467079241","0.09309564208170334","0.1656337719936853","0.1057175579244119","0.255214292000352","0.4213483146067416","0.2797202797202797","1.019874476987448","0.388299249288118","0.2062919030428056","-0.4374678332475553","-0.04307745326096321","0.4309601792794346","0.0772399588053553","1.029071263184976","0.1443001443001443","0.1356162061366333","0.1015744032503809","0.06764755623203111","0.0507013689369613","-0.05067567567567568","0.1774547912793645","0.1940109658371995","0.1431217376662738","-0.1176965111391341","0.3030047975759616","-0.06713098934295544","0.1931312452766815","0.4022795843110962","0.2337228714524207","-0.01665556295802798","-0.1582542062302182","-0.08342370901810293","0.07514402604992904","-0.1668613382279326","-0.02507103459802775","0.01671821449469197","0.4429586293355621"
"IMF.STA:CPI(3.0.1)","BEN.CPI._T.POP_PCH_PA_PT.M","OBS_VALUE","Benin","Consumer price index (CPI)","All Items","Period average, Period-over-period percent change","Monthly","Units","1.08695652173913","-1.564027370478979","0.8937437934458735","-0.9842519685039288","1.689860834990052","-1.759530791788857","0.7960199004975212","-1.184600197433374","-0.3996003996003985","0.8024072216649927","1.791044776119403","-0.7820136852394896","1.329839408866992","1.283990019347342","-0.4505907092504369","0.0810966252529158","0.735338808416821","-0.1392753983385457","0.9175303851973305","-0.5202743204545311","-0.3058779071271766","0.4146411091931518","-0.4919910660822425","-1.711542586225495","-0.3015868394189534","-0.00871400603434207","0.8311953970580939","1.095116394372886","1.960332779697966","2.684283850618157","-0.9318512212686593","-1.724418920127572","1.195341538494967","-0.2137683821422135","-0.2609001288843875","0.6466381883086275","2.457560120995997","-5.04364889892636","0.3856113675088139","0.1195930546476149","1.376588601800156","-0.3989780685429929","0.690621726852869","-1.045698693854427","-0.1022266806113336","3.507363308321917","0.8376056280747685","0.2047166387504306","0.988431457780457","0.02780284258520403","0.5904411230048299","-2.833991925642993","1.226300671021909","0.2176063778665894","0.3336868822952817","-2.785265049415987","-0.6469500924214424","0.8372093023255764","1.845018450184517","0.7246376811594181","-0.6294964028777084","1.447963800904973","0.4460303300624799","0.1776198934280389","0.4432624113475531","-1.323918799646963","0.5366726296958098","-0.8896797153024644","-0.9874326750448732","0.2719854941069727","0.3616636528029422","-0.1801801801802541"
"IMF.STA:CPI(3.0.1)","MLI.CPI._T.POP_PCH_PA_PT.M","OBS_VALUE","Mali","Consumer price index (CPI)","All Items","Period average, Period-over-period percent change","Monthly","Units","-2.512077294685983","-0.099108027750247","-0.2976190476190569","-0.3980099502487532","0.09990009990009914","1.29740518962076","0.5911330049261039","-0.6856023506366256","0.09861932938855941","-0.8866995073891673","-0.2982107355864789","-0.3988035892323001","0.2002002002001987","0.6993006993007057","-2.182539682539689","-0.3042596348884358","0.8138351983723234","1.816347124117063","1.783944499504458","0.6815968841285245","-0.4835589941972884","2.040816326530608","-2.190476190476185","-2.044790652385596","0.2982107355864905","0.9910802775024701","0.5888125613346488","0.4878048780487768","1.262135922330099","0.6711409395973102","-0.2857142857142836","0.1910219675262641","2.764537654909439","1.020408163265309","0.4591368227731829","0.0914076782449719","0.1826484018264826","-0.1823154056517762","0.9132420091324238","1.809954751131219","1.688888888888886","0.5244755244755307","1.826086956521725","2.049530315969242","0.41841004184105","0.0","-1.58333333333337","-0.08467400508039025","-1.355932203389859","-0.3436426116838562","2.499999999999981","-1.682085786375093","0.7698887938409338","-0.2546689303905399","0.255319148936218","0.7640067911714215","0.6739679865206353","-1.422594142259355","0.2546689303904408","-0.5927180355630283","-0.3407155025553636","-0.9401709401709826","0.5176876617774006","1.2875536480687","1.016949152542365","2.768456375838856","1.387755102040854","1.529790660225478","-0.07930214115785693","-0.3174603174603151","-1.353503184713319","-0.564971751412472"
"IMF.STA:CPI(3.0.1)","MWI.CPI._T.POP_PCH_PA_PT.M","OBS_VALUE","Malawi","Consumer price index (CPI)","All Items","Period average, Period-over-period percent change","Monthly","Units","3.457688808007273","1.319261213720321","0.3472222222222149","-3.892733564013841","-0.8100810081007996","-0.1814882032667972","0.9090909090909166","1.621621621621614","1.773049645390073","2.177700348432055","2.216538789428818","2.251876563803177","3.017944535073399","1.266825019794149","-0.7818608287724849","-4.176516942474388","-1.48026315789473","-0.3338898163606062","0.4187604690117226","1.19422210672644","1.340304635006491","2.526358648265666","2.049414855377068","2.550633957242511","3.079835715077884","1.865948348935407","0.9431829589464826","-5.06490032671476","-1.738659008461243","-0.1825511667193867","0.05325340924202437","0.9485721231861628","1.85395188322285","3.31728707059153","3.300719969822876","2.921666155312563","3.574103146882","2.6803868257908","1.952446588061819","-3.717699722537419","1.119465034037356","3.550333826028291","0.9287309507492364","1.661625475571285","2.153148783483069","4.027369468559318","2.57463857935683","2.593719769733541","3.954483065132495","3.330009970089731","2.186562954606181","-2.308284548003312","1.412639405204461","1.979472140762463","1.797268152408339","1.836158192090395","1.525658807212205","3.346994535519126","7.60079312623926","3.624078624078624","4.327208061647896","2.159090909090909","0.9454949944382647","-1.983471074380165","1.79876335019674","2.429596907785754","2.048517520215633","1.954569466455362","1.865284974093264","1.881993896236012","3.195207189216176","4.547653604257378"
"IMF.STA:CPI(3.0.1)","TZA.CPI._T.POP_PCH_PA_PT.M","OBS_VALUE","Tanzania, United Republic of","Consumer price index (CPI)","All Items","Period average, Period-over-period percent change","Monthly","Units","0.5498403689251502","1.102487211148353","1.395795167059235","0.507614213197969","0.350967300119841","-0.1706047939947088","-0.3588823378620886","-0.5145356315924906","-0.07757951900698258","-0.0690131124913703","0.4747928176795537","0.6100180427871809","0.4269854824935942","1.122448979591843","1.076353851328637","0.3910149750415662","0.2154636612247961","-0.1571156867608709","-0.1987742256087471","-0.5228215767634982","-0.2752982397597412","-0.09201940772963745","0.343297328979327","0.7927236315086592","0.7981051387116097","0.8962868117797695","0.9468957438500586","0.5221932114882507","0.2597402597402597","0.07676069852235655","0.01917545541706616","-0.4984662576687117","-0.08670520231213873","-0.09642271719217048","0.4536241675513947","0.8070714834742506","0.6385817765916889","0.5777062221801307","0.8380414312617702","0.7376972639835652","0.5005561735261402","0.4703929164360819","0.1101624896722666","-0.3851444291609354","0.09205560158335635","0.0","0.3954750298905546","0.7786735067790399","0.72720661758022","0.424149444995939","0.7638389647735442","0.3656470168554357","0.1599431313310823","0.07984386089425125","-0.1241024731850013","-0.3727700363894559","0.08908685968819599","-0.1513128615932354","0.4367980032091282","0.5946569628117511","0.6617257808364214","0.4908405644666491","0.7501090274749237","0.4761492511470868","0.1033947957952783","0.1032880013771734","-0.2235597592433362","-0.224060668734919","0.0863707030575229","-0.2934069727304108","0.441405573827246","0.7065919862128393"
"IMF.STA:CPI(3.0.1)","PER.CPI._T.POP_PCH_PA_PT.M","OBS_VALUE","Peru","Consumer price index (CPI)","All Items","Period average, Period-over-period percent change","Monthly","Units","0.05726439790575539","0.1471670345842609","0.6694424034615042","0.227069986213604","0.08091269520187656","-0.06467782359123346","0.2346088504166301","0.1129943502824894","0.0403095775556324","0.1369973406398538","0.1046193465314688","0.1125492402926206","0.04818116116599029","0.1203948952564347","0.6092672759339445","0.4143426294820707","0.007935248373275102","-0.1824962310560996","0.6120826709062033","0.09480919649206115","0.157865656326465","-0.1260934667822471","0.3393040321944297","0.0393205410506392","0.8018237559940324","-0.007798487093504862","0.7565122445796199","0.04644322315969325","0.2166344294003831","0.532695128541656","1.036707111042848","1.064072356920273","0.564037000827255","0.5833084056236848","0.4460966542750997","0.7401924500370543","0.1812568106965707","0.312230491583352","1.496500330364037","1.130256909788165","0.3634802374046919","1.03490010808785","0.9968613256620806","0.6211603449418313","0.5556120010687017","0.4490690237800759","0.4462231693300971","0.6643677286968842","0.4617578299869017","0.4269942520357182","1.194280309393556","0.5495382921999125","0.3115365427339844","-0.1600253321263601","0.3443057843909335","0.399910000160714","0.06491883811287164","-0.2693717000633659","-0.2560195334081876","0.300007057938528","0.01104514703851995","0.4099612660971919","0.9438598109619369","-0.007293285871323591","-0.1283887692780878","0.07082514656983042","0.2361896034755905","0.2842497012382032","-0.2375604747738599","-0.09310352301591689","0.09415303773171446","0.105667996950958"
"IMF.STA:CPI(3.0.1)","ARE.CPI._T.POP_PCH_PA_PT.M","OBS_VALUE","United Arab Emirates","Consumer price index (CPI)","All Items","Period average, Period-over-period percent change","Monthly","Units","-0.1162291433427939","-0.2990281772704821","-0.5878477028341333","0.1707497811493635","0.9650584142796383","-0.03152234408878531","-0.7870615019650798","0.3293154614997934","-0.7381625882684669","-0.1622353504548498","0.123522855739611","-0.2273683028733996","-0.08707983408955645","-1.151009133078229","0.899896959502656","-0.9794815350701522","0.08801627545277461","0.3279702827462969","-0.565394106047284","-0.1353653366733446","-0.5158486774414786","0.04140863333456661","-0.1134449259406765","0.08799817314673938","0.1558872524659014","-0.4145858852350905","0.05676979846721056","0.4444444444444536","0.2541894181886634","0.1972016151751269","-0.0749765698219309","0.4314387544550806","0.1214045573402992","0.6995273761775509","0.5928463482536679","0.01841620626151514","0.01366769918917597","0.8394431735269027","1.086278435728155","1.613785731034964","-0.1662678202644636","1.319268648640949","1.555058193568111","-1.012736158455949","-1.13279683841856","-0.1218989081696698","0.4281527245596076","0.2767634639417753","-0.9993702728230487","0.76389160945175","0.3354597023558899","0.1279941982777392","-0.1609618337102697","-0.1795757288410344","0.3691839860302449","0.7591825212302886","0.7536684752275407","0.02081439024803885","-0.3868518960410629","0.02249700026401329","-0.1476777379654273","0.2303455671440004","0.2427148960039889","0.4844107325351233","0.1522082354301039","-0.1055853988056097","-0.02403923941966764","0.4394305774321079","-0.1112370486710245","-0.3094747204215188","0.3564980868014203","0.09285031696453443"
"IMF.STA:CPI(3.0.1)","PHL.CPI._T.POP_PCH_PA_PT.M","OBS_VALUE","Philippines","Consumer price index (CPI)","All Items","Period average, Period-over-period percent change","Monthly","Units","0.09861932938856016","0.09852216748768473","0.0984251968503937","0.2949852507374631","0.196078431372549","-0.09784735812133072","0.2938295788442703","0.09765625","0.0975609756097561","0.2923976608187135","0.2915451895043732","0.5813953488372093","0.674373795761079","-0.3827751196172249","-0.1921229586935639","-0.0962463907603465","0.0","0.5780346820809249","0.4789272030651341","-0.09532888465204957","0.09541984732824427","0.3813155386081983","0.949667616334283","0.8466603951081844","1.119402985074627","0.09225092250922509","-0.2764976958525346","-0.09242144177449169","0.0","0.1850138760407031","0.4616805170821791","0.551470588235294","-0.09140767824497258","0.1829826166514181","0.6392694063926941","0.2722323049001815","1.085972850678733","0.08952551477170995","0.6261180679785331","0.8","0.4409171075837743","0.877963125548727","0.783289817232376","0.4317789291882556","0.4299226139294927","0.9417808219178082","0.9329940627650551","0.3361344537815126","1.675041876046901","0.0","-0.2471169686985173","-0.1651527663088357","0.0","0.1654259718775848","0.08257638315441784","1.072607260726073","1.142857142857143","-0.1614205004035513","0.1616814874696847","0.1614205004035513","0.5640612409347301","0.5608974358974359","0.0796812749003984","-0.07961783439490445","0.0796812749003984","0.0","0.7165605095541401","0.07905138339920949","-0.2369668246445498","0.1583531274742676","0.3952569169960474","0.5511811023622047"
"IMF.STA:CPI(3.0.1)","ISR.CPI._T.POP_PCH_PA_PT.M","OBS_VALUE","Israel","Consumer price index (CPI)","All Items","Period average, Period-over-period percent change","Monthly","Units","-0.1060445387062624","0.106157112526545","0.5302226935312777","0.3164556962025375","0.630914826498423","-0.5224660397074249","-0.3151260504201626","0.2107481559536355","-0.210304942166141","0.421496311907271","-0.4197271773347326","0.0","-0.421496311907271","-0.1058201058201116","0.4237288135593223","-0.3164556962025262","-0.3174603174603233","-0.1061571125265336","0.2125398512221043","0.0","-0.1060445387062624","0.3184713375796237","-0.2116402116402117","-0.1060445387062624","0.0","0.2280501710376283","0.5688282138794084","0.3393665158371041","0.4509582863585118","0.1122334455667789","0.336322869955157","0.335195530726257","0.111358574610245","0.1112347052280311","-0.1111111111111111","0.3337041156840934","0.2217294900221729","0.663716814159292","0.5494505494505495","0.7650273224043715","0.6507592190889371","0.3232758620689655","1.181525241675618","-0.3184713375796178","0.2129925452609159","0.5313496280552604","0.105708245243129","0.3167898627243928","0.3157894736842105","0.4197271773347324","0.4179728317659352","0.72840790842872","0.2066115702479339","0.0","0.3092783505154639","0.513874614594039","-0.1022494887525562","0.4094165813715455","-0.2038735983690112","-0.1021450459652707","0.0","0.3067484662576687","0.6116207951070336","0.8105369807497467","0.2010050251256281","0.1003009027081244","0.6012024048096192","0.896414342629482","-0.1974333662388944","0.4945598417408506","-0.3937007874015748","-0.2964426877470356"
"IMF.STA:CPI(3.0.1)","JOR.CPI._T.POP_PCH_PA_PT.M","OBS_VALUE","Jordan","Consumer price index (CPI)","All Items","Period average, Period-over-period percent change","Monthly","Units","-0.8455303121154895","-0.2704576797246342","0.3598942152718922","0.4894290762883901","0.1341545840172179","0.5156176515089611","0.03710187649722832","0.07021153290685206","-0.330013397537516","0.3699812448808984","0.06859730351811899","0.1738376626556936","0.0496261938960936","-0.04609309113826324","0.5219168079920893","-0.9840824186932937","-0.6506719243938515","0.1173033140782277","0.08486024271982556","0.06497060763177756","0.3365530850201074","0.2877661326855037","0.1345516544498608","-0.3076699805261552","0.1033374654755678","0.6867670370542333","0.2920935561278981","0.09783778495254868","-0.2541296060991105","0.2351788339049486","0.1564180271776322","0.2244997559785261","0.1799017290426568","0.05686758279197343","0.1285205041648169","0.4658523512858868","0.1673627196232489","0.1880522125644995","0.7947635595767032","1.203267784997415","0.5062911397095757","0.9878173933931746","0.3180042968769544","0.2437914256470298","0.2060048696856786","-0.093119223718467","-0.1041774315052317","-0.1342622851259615","-0.3959306652235294","0.6504367217989221","0.4708271787296898","0.2389047137737756","-0.431314703323861","0.1971865515160571","0.06906001119563374","0.2041108324979895","0.5190682013883002","0.07826403805528684","-0.2011842459210341","0.232044437734163","-0.08489210752892232","0.2716145690554963","0.5315042687068283","-0.0919602672889854","0.0686917634825848","0.1472279205303457","0.2354451329039735","0.1480215727903713","-0.3244824608357245","-0.1759914030791672","0.3899393754329705","0.6447813418275714"
"IMF.STA:CPI(3.0.1)","BRN.CPI._T.POP_PCH_PA_PT.M","OBS_VALUE","Brunei Darussalam","Consumer price index (CPI)","All Items","Period average, Period-over-period percent change","Monthly","Units","-0.2124946919205305","0.1848501346970366","0.1263599003653043","-0.0685882877410203","-0.7215639301345455","0.009468491511832617","0.4702408192517248","-0.3073284426629631","0.7099391480730223","-0.1581973816717019","0.0676094740410585","0.180244036031067","0.6095960951721301","0.5306784974353123","0.3060225248813035","0.2353398310135054","-0.1684076841237393","0.09910802775024777","-0.1334158415841584","-0.1532539700243642","0.1014688910321022","0.4555073628503348","0.1897265455322479","-0.08653297551915104","0.4688664749521116","0.4654412841097544","0.3147886764421755","-0.4674718138412963","-0.1310487965660498","0.5914097788426935","-0.2385480564627388","0.2281997281839068","0.3783820969298159","0.1078680584933768","0.2611953975462605","0.1911597073829912","1.116940949520754","0.770462307711061","0.9061361620542456","-0.2944861326990165","-0.306735625714953","0.7715109091395089","-0.09199695608041548","0.5917779534739182","0.1978949771663946","-0.6454277361916748","-0.1423521750653513","0.3858416464678419","-0.6895315519959836","0.4896210205881927","0.1038263089892307","-0.4823799957678087","0.2798562128855095","0.2286441269517195","-0.2174035848537088","0.3602543516635484","-0.3393145333746572","0.0854879235338434","0.01557104878550969","0.8473525848784936","-1.256313737781106","-0.1257808973510152","0.09800130220015148","-0.1346070420723469","0.2869615760720529","0.1033356983315715","-0.3324170893302925","0.2726658289653106","-0.279642727559154","-0.2789833505128741","0.2927192790731059","0.9117922547475995"
"IMF.STA:CPI(3.0.1)","WSM.CPI._T.POP_PCH_PA_PT.M","OBS_VALUE","Samoa","Consumer price index (CPI)","All Items","Period average, Period-over-period percent change","Monthly","Units","-1.635157194472434","0.6868330897774684","1.653138009555235","-0.1590580327400023","1.125002789253439","0.3973097074194357","1.542686008997436","-0.08102763876509161","0.08243999234846731","-0.1857544917787863","-0.1198607376006708","-0.809587340269257","0.7328811378457191","0.6948179046077771","0.5071590978459007","-2.80358343381629","-2.001880945879875","-0.8096216112528936","1.288983654005851","0.6563492158206036","-1.261588283529427","-1.917780448319713","-0.4024297501233717","0.2008429828959309","0.2833438526795167","1.886479785413053","1.403583547769159","-0.02591743245257827","0.570293822302761","1.393345965134271","1.690331245247008","1.527906763967139","0.03746321539499919","0.7368864737796527","-0.500180672172884","2.026804141757771","-0.4254041918937531","0.4415267092878553","0.7050770618982007","0.9146600660139416","0.07118045958212799","3.184423252518427","3.556417627052877","3.594938906496358","0.155566487456024","-1.791791648784435","-2.472068221868284","-0.4467789854172736","3.346054687132915","0.6397979863657293","0.638986926323392","1.550434346379903","-0.2192490284431681","1.817984139687641","0.02333692930722895","-0.8700809166372452","-0.7979271638933831","0.4326157187382669","0.08956636417668205","-0.2882766013546721","1.069540358471098","0.05470226637945377","0.1915106468664066","0.4105436585034357","1.11794986939153","-0.5637271869218609","-1.640248111541777","0.2357649456828144","1.223377258815593","1.025767494491415","-0.819030067617306","0.5399509165171438"
"IMF.STA:CPI(3.0.1)","POL.CPI._T.POP_PCH_PA_PT.M","OBS_VALUE","Poland, Republic of","Consumer price index (CPI)","All Items","Period average, Period-over-period percent change","Monthly","Units","-0.2352941176470588","0.3930817610062893","0.3132341425215348","1.092896174863388","0.2316602316602317","0.3081664098613251","0.0","0.0","0.0","0.2304147465437788","0.07662835249042146","0.7656967840735069","0.911854103343465","0.677710843373494","0.2243829468960359","-0.07462686567164178","-0.2240477968633308","0.5988023952095808","-0.2232142857142857","-0.07457121551081283","0.2238805970149254","0.07446016381236038","0.0744047619047619","0.07434944237918216","1.263001485884101","0.5135730007336757","1.021897810218978","0.7947976878612717","0.2867383512544803","0.07147962830593281","0.4285714285714286","0.2844950213371266","0.7092198581560284","1.126760563380282","0.9749303621169916","0.896551724137931","1.913875598086124","-0.2682763246143528","3.295225285810356","2.018229166666667","1.723037651563497","1.50564617314931","0.4944375772558714","0.7995079950799509","1.586333129957291","1.801801801801802","0.7079646017699115","0.1171646162858817","2.516091281451141","1.198630136986301","1.128031584884377","0.7250418293363079","0.0","0.0","-0.221483942414175","0.0","-0.388457269700333","0.2785515320334262","0.7222222222222222","0.1103143960286817","0.4","0.3","0.2","1.071199997493985","0.1080497028633171","0.1079330814894765","1.401617250673854","0.1063264221158958","0.1062134891131174","0.3183023872679045","0.4759386567953464","0.0"
"IMF.STA:CPI(3.0.1)","GTM.CPI._T.POP_PCH_PA_PT.M","OBS_VALUE","Guatemala","Consumer price index (CPI)","All Items","Period average, Period-over-period percent change","Monthly","Units","1.349084810034279","0.1367103180313725","-0.04311273981461687","0.6038386888074166","0.2643801357627784","0.8266818700114009","-0.05654509471303991","-0.862800565770863","-0.5849621914681058","0.6960390355912718","0.4418157200883593","0.6030507272082365","-0.2397743300423182","-0.402940760639053","0.4826460359145411","0.7134279861552657","0.1893673727030389","1.407070353517681","0.4210962308435732","0.3987076373135347","0.157480314960628","1.059611703582168","0.554691199350611","-0.00672721157080025","0.1547362755651219","0.3157116947672391","0.3348064818534937","0.1067805659369997","0.1599999999999945","0.1863684771033047","0.3321817698644748","0.2052708250562764","0.211458402167449","0.3626772172766339","0.4862023653088037","0.1700013077023658","-0.03916449086162029","0.4244482173174845","1.495545874244103","0.5381510666922911","1.306314917479133","1.830418920618939","1.080980912965599","0.6844292349058922","0.3580966253945093","0.9797399455699983","-0.005989099838291053","0.2335888835649242","0.3764565282342436","0.6369805929277262","0.3785862170955346","0.1708998762449169","-0.3588657489116367","0.295211666765075","0.7005357037734732","0.6255115164269814","0.5635275663742499","1.265164644714076","-0.6560556791602802","0.1148501205926544","0.03","0.1399580125962211","0.3094738943795548","0.2886146496815287","0.02977076510866329","0.1587301587301587","0.8617274167987322","-0.05892173229892959","-0.3832170580721234","0.3353718682185835","-0.1769563507668109","0.157573370100453"
"IMF.STA:CPI(3.0.1)","KNA.CPI._T.POP_PCH_PA_PT.M","OBS_VALUE","St. Kitts and Nevis","Consumer price index (CPI)","All Items","Period average, Period-over-period percent change","Monthly","Units","-0.4061157953906689","-0.6747063622969776","0.8569892819927761","-0.154134109297379","-0.08464215179159221","-0.4706325301204819","0.2382938339322867","0.4683633025229149","-1.288167732568999","-0.06477441953339567","0.3566173535846086","0.4048607604694128","-0.6881826169107227","0.1085594633596315","0.05678131321890537","-0.6274063229236583","-0.5887623311135407","0.3340185245329968","0.0759808297962293","-0.1159341563540148","0.005378415581458774","0.2716226964982225","0.1800132696195064","-0.1924749000056936","0.8748337476099426","0.06698113920044833","0.06330390149906524","0.1767534500374847","-0.4717865963780925","0.3797228023542814","0.397200680915453","0.04709871891484552","-0.103568402222013","-0.2450518378887842","0.3401360544217687","0.3954802259887006","-0.05627462014631401","0.0","0.3003003003003003","1.26309880239521","0.1847916474175367","0.4980171539241907","0.3854271817931541","0.5210713959228449","-1.054929065114587","0.7996323529411765","0.7841706938998815","0.1809463494074007","0.9753454348415064","0.4650746802611573","0.569749844209027","-0.008851907586084801","-0.4160764872521246","-0.2578006933949684","0.196078431372549","0.186799501867995","0.1509366953742342","0.2039007092198582","-0.03538883482261347","-0.4425170369059209","0.8622988710107565","0.0176273576590869","0.1586182587240042","-0.1759633996128805","0.3437334743521946","-0.4655248133509003","0.9618778679844688","-1.057599860152085","-0.0088339222614841","1.660924109903702","-0.7647518901538194","0.3853227077677555"
"IMF.STA:CPI(3.0.1)","EGY.CPI._T.POP_PCH_PA_PT.M","OBS_VALUE","Egypt, Arab Republic of","Consumer price index (CPI)","All Items","Period average, Period-over-period percent change","Monthly","Units","0.6026435729873677","1.742361731518184","0.8270694232978788","0.4974180751975389","1.116703558341173","-0.7978160902725756","1.755604700598528","0.654592315991865","-0.02735372169440218","0.9961726617120223","-0.3008775030566185","-0.1533701710271284","0.6666255406097372","-0.01302624315042267","0.6094351755790519","1.251656010342885","-0.01432170584746007","0.08761057447667547","0.3797672528750787","-0.1534536991188887","0.2894882546647413","1.800754816472655","0.8213159722368196","-0.4066352206913625","-0.4255427616322413","0.1509485085539283","0.6191491677304362","0.9009009009009009","0.7142857142857143","0.1773049645390071","0.8849557522123894","0.0","1.140350877192982","1.561144839549003","0.08539709649871904","-0.08532423208191126","0.8539709649871904","1.608806096528366","2.25","3.2599837000815","1.026045777426993","-0.15625","1.330203442879499","0.8494208494208494","1.607963246554364","2.562170308967596","2.27773695811903","2.083333333333333","4.644616467276566","6.52320107599193","2.714646464646465","1.659496004917025","2.720677146311971","2.118893466745144","1.844380403458213","1.584606677985286","1.949860724233983","1.038251366120219","1.297998918334235","1.388147357180993","1.632438125329121","11.34715025906736","0.9771986970684039","1.059907834101382","-0.6839945280437756","1.561065197428834","0.406871609403255","2.026114362899595","2.118270079435128","1.08038029386344","0.5130397605814451","0.2126754572522331"
"IMF.STA:CPI(3.0.1)","CMR.CPI._T.POP_PCH_PA_PT.M","OBS_VALUE","Cameroon","Consumer price index (CPI)","All Items","Period average, Period-over-period percent change","Monthly","Units","-0.2640845070422588","0.2647837599293963","0.4401408450704201","0.3505696757230458","0.0","0.1746724890829729","0.2615518744550944","0.1739130434782644","0.0868055555555573","0.433651344319165","0.2590673575129586","0.1722652885443508","0.08598452278590027","0.08591065292096393","0.3433476394849745","0.5132591958939368","-0.2553191489361753","0.170648464163826","0.4258943781942055","0.1696352841391043","0.0","0.4233700254021992","0.0","0.168634064080937","-0.168350168350161","0.08431703204047387","0.4212299915753978","0.2516778523489876","0.2510460251046076","0.333889816360597","0.5823627287853588","-0.08271298593879405","0.08278145695364406","0.2526955102597253","0.1379053819894013","1.258772146537672","0.4878232218610036","0.4048582995951395","0.5645161290322591","1.12269446672013","0.6344171292624927","0.3940110323089025","0.7064364207221592","0.857365549493362","0.6182380216383035","0.3072196620583583","0.535987748851456","0.4569687738004857","0.2958523830535716","1.45224860084135","0.8473582100906806","0.6738870733247443","0.425760322861587","0.5966059056027694","0.406399426463311","0.5425852979774602","0.1823331010622098","0.1717141091356549","0.004353091227828492","0.1234697464168946","-0.3633468505164977","1.295809245424766","0.5819678767396871","0.5688183256269854","0.3270419135550902","0.3530198517492122","0.07246627926716702","0.4153676200366831","0.7581500880953322","0.2231923766197786","0.0877963125548727","0.6140350877192982"
"IMF.STA:CPI(3.0.1)","GNB.CPI._T.POP_PCH_PA_PT.M","OBS_VALUE","Guinea-Bissau","Consumer price index (CPI)","All Items","Period average, Period-over-period percent change","Monthly","Units","-0.3508106570588778","0.4757373929590901","-0.9185606060606063","-0.4205294848513832","-0.7966215567712762","0.009674922600609199","1.344684144335891","-0.1240931653302838","0.6403517155691539","0.1139601139601047","-0.9675583380762658","0.9291187739463606","0.04745183638606729","-0.9675583380762658","0.9291187739463606","-0.4934990984151046","0.1430615164520718","0.9523809523809594","1.226415094339612","-0.904007455731594","-0.1128562023887804","-0.1035684022220135","0.169651272384535","0.8562288295069617","-0.4571321951674491","-0.5623242736644816","0.8011310084825611","-0.327255726975228","-0.09380863039399456","0.1877934272300555","0.8809746954076787","0.3158677071720587","0.9816632709761031","2.199542985973038","0.08339636733743544","0.2050390613437546","1.53901216893344","0.1762425096933348","0.2111189303307469","0.8075842696629224","0.7227446882619343","2.135385147402091","1.295073641442361","1.696331578507559","-0.4437140509449469","0.6932981181908179","0.6639344262295087","0.8468365768259947","0.5248284214775946","0.7228915662650574","0.09569377990430854","0.6851497769279794","0.0","1.827820857730673","0.2719935659336497","-0.6043994556922986","-1.070797097911184","-0.1962655418277267","-0.1228461791373098","0.9313516439923895","0.5857334926952562","0.1239590020747973","-0.129905372231367","1.244271394081088","1.090348971920786","0.5124261604438679","0.6596115084638139","0.1054842097886562","0.06304386175801163","-0.2617936253614714","0.2441221164526596","1.403094762003249"
"IMF.STA:CPI(3.0.1)","MRT.CPI._T.POP_PCH_PA_PT.M","OBS_VALUE","Mauritania, Islamic Republic of","Consumer price index (CPI)","All Items","Period average, Period-over-period percent change","Monthly","Units","-0.182982616651422","-0.09165902841429568","0.09174311926605191","0.0","0.1833180568286015","0.3659652333028339","0.729261622607156","0.6334841628958958","0.4046762589928068","0.3134796238243863","0.4375000000000672","-0.204462618899491","-0.0356315695706069","0.1603992158260564","0.1779359430604332","0.0","0.08880994671409766","0.1774622892634666","-0.08857395925594642","0.08865248226947117","0.4428697962799278","0.1763668430335427","0.8802816901408149","-0.2617801047120426","0.3499562554680353","0.4359197907585339","0.08680555555552386","0.0867302688638976","0.25996533795494","0.3457216940362698","0.6029285099052241","0.9417808219178427","0.6785411365564369","0.1684919966300985","0.841042893187617","0.7506255212677249","0.6622516556290797","0.4934210526315804","0.7364975450081855","1.380991064175501","0.9615384615384641","0.9523809523809549","1.493710691823874","1.36869118905047","0.8438818565400844","1.506276150627615","0.3297609233305853","-0.2465078060805259","0.005107056515650741","-0.6644914983657126","0.02012573605095321","-0.09497412018131364","0.4175954299633907","0.06559919994088619","0.4498196574937249","1.076975879333693","0.1408580908320834","0.1931104741223385","-0.1314654999373272","0.1211206870150921","0.2098360618080885","0.122270912215135","0.08472141686043005","0.2653558374631709","0.1032108298995605","0.4229972217921358","0.3934493479382951","0.7008688928279087","0.220445308801851","-0.04959063728236841","-1.038590253068502","0.03099852493107291"
"IMF.STA:CPI(3.0.1)","MOZ.CPI._T.POP_PCH_PA_PT.M","OBS_VALUE","Mozambique, Republic of","Consumer price index (CPI)","All Items","Period average, Period-over-period percent change","Monthly","Units","0.6527307279187002","0.2955179773436238","0.6711409395973114","0.2926829268292704","-0.3080415045395568","-0.2276792974467453","-0.3096984515077403","0.1144538914323183","0.09799118079371608","0.3100016315875456","0.5936890045543155","1.528013582342958","1.051122790253232","0.2521670606776965","0.03144159723313121","0.03143171460003588","-0.5184603299293045","-0.6790903348073284","-0.1192558435363277","0.4696330494308739","0.467437807003637","0.7097232079489049","0.7751937984496114","1.686091686091683","1.41361656605792","1.597347799879441","0.8231978641352713","-0.2427363001103305","-0.6931131101607402","-0.5420255420255438","-0.3508771929824606","0.3670961941863956","0.8509367768903546","0.9769817185996545","1.092135160888366","1.674883990719264","2.010981958211512","0.4963299545613363","0.8625486922648845","1.351724137931037","0.8709853021230292","0.7420399352401527","0.7365742600776767","0.5915979792608301","0.6277671314346193","0.1838718150774831","0.5833770319874101","1.348973607038127","0.9773662551440364","0.9742740703005621","1.330642618401965","0.2427184466031834","-0.3892849813944196","-0.5791444949339541","-0.3398535416591331","-0.1160470060363088","0.3353987849432848","0.3048762277749771","1.169789120188517","1.292591845560887","0.9264472580137026","0.4685212298682284","0.02914602156805596","0.3690753690753691","-0.3773950067737565","-0.21369596891695","-0.04867127421395892","-0.107128944292949","0.1559910305157453","0.5645867808819235","0.7162907753363663","1.604997597308986"
"IMF.STA:CPI(3.0.1)","TON.CPI._T.POP_PCH_PA_PT.M","OBS_VALUE","Tonga","Consumer price index (CPI)","All Items","Period average, Period-over-period percent change","Monthly","Units","0.3018108651911394","0.2006018054162111","0.5005005005005535","-1.693227091633489","0.9118541033434425","0.2008032128514662","0.2004008016031687","0.499999999999955","-0.09950248756212175","0.4980079681274451","-0.4955401387511944","0.1992031872509586","-0.2982107355864738","0.2991026919242199","0.198807157057714","-0.7936507936508383","-0.4000000000000227","-1.204819277108404","0.5081300813007672","-0.1011122345803158","0.6072874493926973","-0.1006036217304126","0.4028197381671931","1.203610832497463","0.6937561942517497","1.181102362204695","1.264591439688717","0.3842459173871497","-0.1913875598085765","0.8628954937679554","0.3802281368821508","0.1893939393939038","0.09451795841212679","0.4721435316335741","1.31578947368424","2.226345083487976","-0.2722323049001746","2.00181983621472","0.1784121320249441","1.780943900267156","1.487314085739303","0.9482758620689137","1.964133219470546","0.8375209380234573","0.3322259136212814","-0.3311258278145883","-0.4983388704318814","0.5008347245408891","0.1661129568106813","0.9950248756218655","0.9031198686370608","-0.5695687550853684","1.145662847790452","1.69902912621363","-0.6364359586316987","-0.8006405124099344","0.4035512510089209","2.733118971061051","-1.643192488262871","2.22752585521079","-0.07782101167309909","-1.713395638629342","0.5546751188589663","-0.07880220646180468","2.287066246056855","2.158828064764813","-2.867924528301865","-0.3885003885004294","-1.014040561622465","1.182033096926762","-1.246105919003186","2.523659305993758"
"IMF.STA:CPI(3.0.1)","KAZ.CPI._T.POP_PCH_PA_PT.M","OBS_VALUE","Kazakhstan, Republic of","Consumer price index (CPI)","All Items","Period average, Period-over-period percent change","Monthly","Units","0.4999999999999954","0.300000000000017","0.5000000000000075","0.4999999999999962","0.600000000000007","0.1999999999999846","0.1999999999999943","0.2","0.2999999999999948","0.599999999999996","0.700000000000004","0.6999999999999998","0.6999999999999932","0.6000000000000234","0.8999999999999772","0.900000000000008","0.5000000000000021","0.3999999999999974","0.3000000000000017","0.1000000000000046","0.3000000000000045","0.5999999999999961","0.9000000000000011","0.8999999999999982","0.5999999999999969","0.6999999999999995","0.5999999999999966","0.8999999999999932","0.6999999999999955","1.100000000000019","0.7000000000000071","0.5000000000000023","0.4000000000000055","0.699999999999991","0.6999999999999936","0.6000000000000102","0.7000000000000055","0.8000000000000045","3.699999999999983","2.0","1.400000000000002","1.600000000000002","1.099999999999997","1.400000000000001","1.800000000000001","1.600000000000003","1.399999999999995","1.199999999999998","1.099999999999999","1.300000000000004","0.8999999999999899","0.9000000000000028","0.600000000000003","0.500000000000005","0.5999999999999976","0.7000000000000033","0.6000000000000049","0.6999999999999887","0.999999999999999","0.7999999999999984","0.8000000000000053","1.091269841269834","0.6869479882237547","0.4873294346978523","0.3879728419010642","0.3864734299516881","0.769971126082777","0.5730659025787926","0.3798670465337209","0.8514664143803157","0.9380863039399662","0.9293680297397806"
"IMF.STA:CPI(3.0.1)","CPV.CPI._T.POP_PCH_PA_PT.M","OBS_VALUE","Cabo Verde","Consumer price index (CPI)","All Items","Period average, Period-over-period percent change","Monthly","Units","-0.04134443715563967","-0.119629149636128","0.2595069368200419","0.07964039750821304","0.4675233526410739","0.5940594059405941","-0.07874015748031496","0.1477541371158392","-0.6786629714429036","0.3664043423321926","0.03946809682213656","0.8876630153830446","-0.3030608199749696","0.1176701313983134","-1.494494613124388E-6","-0.2840361604907425","-0.4812865882724287","0.04934889984859949","0.4241916264752885","-0.009825280875399023","-0.01965249266241883","-0.1080799691315449","-0.1475521547073375","-0.0886651220479845","-0.3450980875960716","0.3364008174558371","0.6902678338940933","0.08813964265012039","0.4500978473581213","0.2435223066432885","0.4858614323195025","0.8026282407591142","0.2973926924251678","0.9277857484457198","0.8434420015163002","0.4322901982896344","0.851501824646767","0.7422527370569679","1.178854300976239","0.1001274349171673","0.6638174047467491","0.6233062330623306","1.158093186102882","0.5058572949946752","0.3885209713024283","0.4222007212595655","0.6656739949198563","0.03480379361350387","0.6436461685657128","0.7086682222798375","-0.4376555393460911","-0.6378210653335632","-0.2775850104094379","0.2870563674321503","0.2341899198490762","0.8826604906155471","0.1029336078229542","-0.2142245072836332","-0.068699012451696","0.1117126407149609","-0.6437768240343348","0.1468682505399568","0.3623188405797101","0.1117414474815197","0.231819352622993","0.659585403460682","-0.05105948429920858","0.2213707960834398","0.1784045535638433","0.4240162822252374","-0.1604458706299612","-0.1268713524486171"
"IMF.STA:CPI(3.0.1)","BRB.CPI._T.POP_PCH_PA_PT.M","OBS_VALUE","Barbados","Consumer price index (CPI)","All Items","Period average, Period-over-period percent change","Monthly","Units","-1.181525241675613","1.413043478260862","0.4287245444801772","-0.2668089647812187","1.337613697164258","0.1583949313621999","0.5271481286241475","1.940220241216561","0.9773662551440361","0.4075394803871679","0.5073566717402263","0.757193336698643","-0.7515030060120299","-1.514386673397275","0.1537672988211208","","","-0.3589743589743595","0.05146680391147082","1.954732510288072","-0.4036326942482394","1.114488348530908","1.202404809619233","0.04950495049505417","-0.2968827313211347","","","-0.5566801619433176","0.7633587786259602","0.9595959595959518","0.8504252126063075","1.43849206349206","1.907090464547677","0.0","1.391554702495208","0.4732607666824355","-0.5181347150259047","0.5681818181818206","1.647834274952922","0.833719314497441","1.745521359669236","0.6320541760722946","0.672947510094179","-1.114081996434946","0.1351960342496748","1.710171017101677","4.02654867256637","1.573798383666582","-0.7239819004524887","1.002734731084777","0.9025270758122744","-0.5635062611806798","1.736079877664838","0.3536693191865606","0.0881057268722467","0.4401408450704225","0.0876424189307625","0.2626970227670753","0.3493449781659389","0.1740644038294169","-0.08688097306689835","-2.173913043478261","-0.3555555555555556","0.0","0.0","0.5352363960749331","-0.2661934338952972","-0.08896797153024912","0.0","0.08904719501335707","-0.08896797153024912","-0.2671415850400712"
"IMF.STA:CPI(3.0.1)","IRQ.CPI._T.POP_PCH_PA_PT.M","OBS_VALUE","Iraq","Consumer price index (CPI)","All Items","Period average, Period-over-period percent change","Monthly","Units","0.3827751196172249","-0.4766444232602479","0.7662835249042146","-0.7604562737642586","-0.5747126436781609","0.3853564547206166","0.0","0.2879078694817658","-0.2870813397129187","0.5758157389635317","0.0","-0.1908396946564885","0.7648183556405354","0.0","0.3795066413662239","-1.13421550094518","-0.09560229445506692","-0.1913875598086124","-0.1917545541706616","0.3842459173871278","0.1913875598086124","0.7640878701050621","-0.9478672985781991","3.253588516746411","0.8341056533827618","0.7352941176470588","0.6386861313868613","0.09066183136899365","0.0","0.6340579710144928","0.6300630063006301","1.162790697674419","-0.707338638373121","0.3561887800534283","0.5323868677905945","0.264783759929391","0.8802816901408451","0.5235602094240838","0.6944444444444444","0.1724137931034483","0.1721170395869191","0.6872852233676976","0.5119453924914676","0.2546689303904924","0.1693480101608806","-0.422654268808115","0.2546689303904924","0.3386960203217612","3.628691983122363","-0.244299674267101","-0.326530612244898","-0.9828009828009828","-0.413564929693962","0.6644518272425249","0.5775577557755776","0.4922067268252666","0.0","0.08163265306122448","0.1631321370309951","0.3257328990228013","-14.44805194805195","0.2846299810246679","0.2838221381267739","0.2830188679245283","0.09407337723424271","0.8458646616541353","0.5591798695246971","0.5560704355885079","-0.5529953917050691","-0.09267840593141798","0.09276437847866419",""
"IMF.STA:CPI(3.0.1)","DJI.CPI._T.POP_PCH_PA_PT.M","OBS_VALUE","Djibouti","Consumer price index (CPI)","All Items","Period average, Period-over-period percent change","Monthly","Units","0.6042511177408486","0.3002926078414191","0.2853608160764414","0.4179254219010243","0.3517343513865742","0.09971218991891002","0.367335424431583","0.2133387696897477","0.2359398042800578","-0.1487474031072728","0.311834533278395","0.172179331145428","0.07867201271222767","0.2438529561798134","0.2683673617815626","0.3572031849917188","-0.602169724445622","1.045897707502408","1.553549710854026","-2.046381647424437","-0.9618215099293635","0.152956019500892","0.1439826215154983","0.1222149291379146","0.1621925485819818","0.1947983950510319","0.4273665155224101","0.1668807149650384","0.4679918031996396","0.1587120817877214","0.4574205895829709","-0.1817817380175283","0.2010498440700913","0.213689767272682","0.0445865029233432","0.2085278777908426","0.222635778881475","0.3342483354869179","1.267832117491076","1.728266050154009","0.5875191259154282","6.040608826715028","-5.166880616174527","0.423011844331605","0.3369839932603705","-0.1007556675063714","-1.269120860648811","-0.5363071422490849","0.7617254364943544","-0.4671706446954896","-0.0938726745178398","0.4270949004868918","0.4337841286042805","-0.06775067750682495","1.355932203389834","-0.68762278978389","2.472799208704253","0.2895752895752896","-0.2887391722810395","-0.3861003861003861","1.162790697674419","-0.6704980842911877","0.7714561234329796","-0.6698564593301435","-0.674373795761079","0.5819592628516004","-0.2892960462873674","-0.09671179883945841","0.2904162633107454","0.7722007722007722","-1.724137931034483","0.0"
"IMF.STA:CPI(3.0.1)","URY.CPI._T.POP_PCH_PA_PT.M","OBS_VALUE","Uruguay","Consumer price index (CPI)","All Items","Period average, Period-over-period percent change","Monthly","Units","2.170185403493729","0.9755074211989428","0.5505635485378905","0.4287411539852228","0.3960497891163472","0.6404016599210921","0.7635919364691519","0.8841062948368182","0.5157994892082755","0.7522917497010806","0.4203135044256575","-0.02954500689384321","2.093389813811452","0.6127273604477222","1.333077587033664","1.99697141775507","0.5660202282638881","0.01845358922310504","0.5488929889298843","0.5734207991192284","0.6385696040868494","0.5801305293691086","0.2838860850757059","-0.1887216355875143","1.602665106019003","0.8241393061278736","0.615249395737193","0.5022930770910735","0.456323337679267","0.6662340471555286","0.5200051570759394","0.8507909362975573","0.4620797829496782","1.038062283737028","0.2547611092549249","-0.09997917100603575","1.78474625745382","1.470768978655417","1.106266149870801","0.4911748262918263","0.4649314524140675","0.585396724942642","0.7707432166732275","0.8272847888862878","0.8398482854710057","0.2110919209364711","-0.280021","-0.2553295764332241","1.553549146802301","1.003305883288275","0.9012279380715201","0.7480125920960375","-0.01002030083091107","-0.4633784620145221","-0.3617301726107523","0.1719344436877794","0.6104922479763263","0.6257587137513893","0.3431562358350465","-0.1066191911509147","1.530220526064084","0.6425723621184701","0.02030099892284896","0.6285100127088737","0.3980432819210671","0.3562006312026176","0.1065159884377709","0.2857928787677689","0.3747128023351459","0.3259123717965289","0.3605379872817024","0.3354051752687765"
"IMF.STA:CPI(3.0.1)","CRI.CPI._T.POP_PCH_PA_PT.M","OBS_VALUE","Costa Rica","Consumer price index (CPI)","All Items","Period average, Period-over-period percent change","Monthly","Units","0.0512142908357148","0.08190092036159256","-0.1452551683220982","0.5613776288966061","0.1354861712422961","0.2746749679545871","0.7345183020858697","-0.09869878741489747","-0.09778817267173417","-0.07265608444251592","0.2090381216864428","-0.1179055143502096","0.1109821924027645","0.2862181909800957","-0.03014802681164518","-0.4412991686687643","-0.1453957996768982","-0.02123442808607022","0.2558786346396966","-0.00403518682915019","0.2723861022557605","0.07948165885264705","0.001005297920038603","0.5287813901119891","0.177","-0.2555476806053286","0.02802213748861601","0.2891474652072557","-0.01496438476426106","0.5378007044291231","-0.2054345884361168","0.2764656158321317","0.628762409131931","0.4898144224230538","0.821858695225766","0.4834536293068228","0.3700034716686512","1.09324756795964","0.8822331334917711","1.577146227405295","1.443094133545943","1.777840030941824","1.086220674392969","0.8600187845170576","-0.9534915806782444","-0.7619015025834152","0.1414918510824673","0.132238968637099","0.1604648975017554","-0.8525513612154356","-0.2284614495053052","-0.3437221849520672","-0.1052852826401882","-0.156903059645875","-0.1871640540733882","-0.1649449457050076","0.1145676542148804","0.2086762760319467","-0.2298833980058184","0.01004951670960551","0.05481003754487572","-0.1077340247788257","-0.2833353136339125","0.3272197321747738","0.08130972610499004","0.1442303303604845","-0.1212342190419762","0.1149928813930566","-0.3327316815256431","-0.450916008890271","0.4685777287761852","0.9510745313214449"
"IMF.STA:CPI(3.0.1)","JAM.CPI._T.POP_PCH_PA_PT.M","OBS_VALUE","Jamaica","Consumer price index (CPI)","All Items","Period average, Period-over-period percent change","Monthly","Units","-0.2049180327868852","0.0","0.8213552361396304","0.1018329938900204","0.8138351983723296","-0.1009081735620585","1.01010101010101","0.8","0.3968253968253968","0.592885375494071","1.37524557956778","0.3875968992248062","-1.061776061776062","0.6829268292682927","-0.2906976744186047","0.8213130695597668","0.05424936694079447","1.359621501848778","0.4874144907102803","0.1775999681923166","0.217568587088544","0.7571839629025696","0.6287646681575688","1.293667312348038","-1.614682380224806","-0.1416645462711044","1.120448179271709","-0.554016620498615","1.207056638811513","0.7339449541284404","1.457194899817851","0.8078994614003591","2.315227070347284","0.9573542210617929","0.0","0.8620689655172414","0.5128205128205128","0.8503401360544218","1.602023608768971","-0.08298755186721991","0.4152823920265781","0.7444168734491315","0.7389162561576355","0.8964955175224124","1.373182552504039","1.51394422310757","0.4709576138147567","-0.078125","-0.5473025801407349","0.4716981132075472","0.1564945226917058","-0.46875","0.6279434850863422","1.014040561622465","1.003861003861004","1.070336391437309","0.529500756429652","0.7524454477050414","1.568334578043316","0.5147058823529412","-0.0731528895391368","-0.5856515373352855","-1.988217967599411","0.8264462809917354","0.5216095380029806","1.111934766493699","0.8064516129032258","2.327272727272727","-0.1421464108031272","0.0","0.99644128113879","1.127554615926709"
"IMF.STA:CPI(3.0.1)","LKA.CPI._T.POP_PCH_PA_PT.M","OBS_VALUE","Sri Lanka","Consumer price index (CPI)","All Items","Period average, Period-over-period percent change","Monthly","Units","0.1573564122737841","-0.4713275726630517","-0.2367797947908205","0.7120253164557235","1.099764336213655","0.3885003885003489","0.1547987616098914","0.231839258114448","0.6939090208171999","0.9954058192955546","0.7581501137225358","1.580135440180616","1.481481481481517","0.0","-1.313868613138736","-0.2958579881656504","0.4451038575667202","1.403249630723825","0.0","0.3641660597231967","0.7982583454281672","0.1439884809215116","0.5032350826743746","1.001430615164509","0.6373937677054068","0.4926108374383734","-0.4901960784313228","0.07037297677691048","0.9845288326300867","1.462395543175514","0.6177076183938971","0.3410641200546216","0.271923861318803","2.10169491525428","3.12084993359887","3.670315518351611","3.108118687857199","0.9111617312072893","3.310759969902182","10.48798252002913","9.62425840474621","10.34275405892965","5.231607629427793","2.382185396167789","2.12443095599393","-0.1485884101040119","-0.6448412698412698","0.04992511233150275","0.6986027944111776","1.139742319127849","0.34296913277805","-1.025390625","0.1973359644795264","0.09847365829640571","-0.6886374815543532","0.0","0.7924715205547301","0.04914004914004914","1.178781925343811","1.359223300970874","2.969348659003831","-0.2325581395348837","-2.097902097902098","-0.8571428571428571","-0.9125840537944284","0.8725157537566651","-0.5766458433445459","-1.353310778153697","-6.467417932386085","-0.5238344683080147","-0.2632964718272775","1.214361140443506"
"IMF.STA:CPI(3.0.1)","GHA.CPI._T.POP_PCH_PA_PT.M","OBS_VALUE","Ghana","Consumer price index (CPI)","All Items","Period average, Period-over-period percent change","Monthly","Units","1.491822627934403","0.4377111946389218","0.8055303800293744","0.6154634182854555","1.091003177950075","1.090888087328068","0.3498427753663781","0.4136883618706389","-0.04600662495399448","0.3406057258584173","0.642201834862389","0.2734731084776613","1.461355035955453","0.416450851095248","0.8217344888589674","3.229483717708088","1.716692091157053","0.9979103284967413","0.5602397176981725","-0.3873454615883716","-0.1749158195467135","0.1907764518654341","0.2899694530176472","0.9306543680689306","0.9706115960378117","0.7334963325183446","0.8629502393535512","1.537960566480948","0.7789853409374466","1.269891040213229","1.633253347782371","0.2665651180502339","0.6456513482719097","0.6037735849056556","1.425356339084748","1.227810650887581","2.111646938477331","2.361359570661843","4.01957357567285","5.174731182795756","4.025559105431307","3.01597051597049","3.154254367658415","1.907514450867084","1.999999999999971","2.702702702702703","8.587257617728532","3.826530612244898","1.71990171990172","1.871980676328502","-1.244813278008299","2.34093637454982","4.809384164222874","3.18970341354225","3.579175704989154","-0.2094240837696335","1.836306400839454","0.5667181865018032","1.536885245901639","1.160443995963673","1.99501246882793","1.613691931540342","0.8180943214629451","1.813842482100239","3.141115799343647","2.909090909090909","2.031802120141343","-0.6926406926406926","2.789886660854403","0.8481764206955047","2.565180824222035","1.804018040180402"
"IMF.STA:CPI(3.0.1)","MAR.CPI._T.POP_PCH_PA_PT.M","OBS_VALUE","Morocco","Consumer price index (CPI)","All Items","Period average, Period-over-period percent change","Monthly","Units","-0.250417362270398","0.0","0.0","0.585774058577414","0.6655574043260482","0.1652892561983775","-0.8250825082507812","0.332778702163024","-0.2487562189055183","0.3325020781380495","0.4142502071250815","0.0","-0.08250825082509766","-0.2477291494632013","0.4139072847681898","-0.08244023083266146","-0.1953125","-0.2935420743639922","-0.2944062806673209","1.377952755905512","0.2912621359223301","0.0968054211035818","-0.6769825918762089","-0.4868549172346641","0.09784735812133072","0.09775171065493646","0.1953125","1.169590643274854","0.2890173410404624","-0.6724303554274736","0.3868471953578337","0.0","0.674373795761079","0.6698564593301435","0.1901140684410646","0.09487666034155598","0.0","0.5687203791469194","1.79076343072573","1.759259259259259","0.272975432211101","0.544464609800363","0.9025270758122744","0.2683363148479428","0.9812667261373773","0.4416961130742049","0.4397537379067722","0.08756567425569177","0.5249343832020997","1.65361183637946","0.08561643835616438","1.36869118905047","-0.4219409282700422","-0.9322033898305085","0.3421727972626176","0.3410059676044331","0.8496176720475787","-0.08424599831508003","-0.2529510961214165","-0.08453085376162299","-0.5922165820642978","-0.2553191489361702","0.6825938566552902","0.5932203389830508","-0.1684919966301601","0.4219409282700422","-0.1680672268907563","0.7575757575757576","0.0","-0.2506265664160401","-0.1675041876046901","-0.1677852348993289"
"IMF.STA:CPI(3.0.1)","SYC.CPI._T.POP_PCH_PA_PT.M","OBS_VALUE","Seychelles","Consumer price index (CPI)","All Items","Period average, Period-over-period percent change","Monthly","Units","1.033583620995142","0.1346015793251974","-0.07169101173940318","0.1524526948255762","0.1701289398280802","0.02681684097613301","0.06255585344057193","0.0446548182548897","-0.1339046598821639","-0.02681684097613301","0.2861230329041488","0.00891583452211127","0.1426406347508246","0.09792575447342651","0.008893632159373888","-0.6136060471320587","-0.08052970651395848","0.3940180890122683","0.8563018464008563","0.2564782877863271","0.4587155963302752","0.1053740779768177","0.5964912280701754","1.508545517963028","3.839876299287003","1.091992058239576","0.8428805237315876","0.3814006329627526","0.5335489086499596","0.2894821486008363","0.2886465683130212","0.1519027822193796","-0.1836034166201006","0.2799104286628279","0.02392535289895526","0.1036517301865731","0.00796495420151334","0.2309652755654667","0.08740564163686929","0.3651953000952683","0.4271476032273374","0.2520478890989288","0.5263984915147706","0.6643220007815553","-0.04658385093167702","0.2407954015845891","-0.2712127082526153","0.01554001554001554","-0.1165320074580485","-1.011122345803842","-0.1257169796495639","0.01573440327275588","-1.156296704161095","-0.03183192742320548","-0.1592103168285305","0.1913570403444427","-0.07957981855801369","0.04778591908251035","-0.2626970227670753","-0.03990741479766941","0.5828808687320345","0.7779630070651742","-0.03938558487593541","0.04728132387706856","-0.46471329552615","-0.1503521405396851","0.007925186241876684","0.1267929312940804","-0.01582904629996043","-0.01583155228370142","0.53044097854485","0.3150102378327296"
"IMF.STA:CPI(3.0.1)","AGO.CPI._T.POP_PCH_PA_PT.M","OBS_VALUE","Angola","Consumer price index (CPI)","All Items","Period average, Period-over-period percent change","Monthly","Units","1.136889262497963","1.044172386992616","1.096262148998652","1.0429268699678","1.094091903720005","1.078167115902888","1.51515151515154","1.440796019900551","1.447796916074847","1.384591584158356","1.528458496008439","1.906008899935291","2.051884515590848","1.715947034432443","1.851564694494089","2.050286852718181","1.937221838817222","1.738141681544637","1.775635665099023","1.8306513775148","1.788311787403177","1.811508977692478","1.987993616114434","2.063505255370165","1.495592230158","2.069535958639265","1.787174724003736","2.09312667794839","2.03322479103768","2.045841627965437","2.100329265107866","2.130448771643742","2.177145280441557","2.056470921139289","2.077939719732031","2.100461264405438","2.000733276221819","1.768210398436536","1.56259103938505","1.116674472697959","0.9255084317584309","0.8409922993068667","0.8139211451321654","0.7638336326643914","0.7916451654152744","0.7800830791479763","0.8173462476650147","0.8741514286345453","0.8276825873291809","0.8581694868081472","0.8985580500947885","0.9155466364052233","0.9547583700602149","1.412556218402663","1.603327168139549","2.044169021710615","2.0958983117406","2.15316703032625","2.210146626642611","2.424644959916012","2.49053971208604","2.583285294508189","2.535459494556514","2.610397141951915","2.494974242909763","2.065353147875204","1.677445578824692","1.609192609897042","1.62652471465317","1.554340846148536","1.605226364913213","1.699520078065203"
"IMF.STA:CPI(3.0.1)","STP.CPI._T.POP_PCH_PA_PT.M","OBS_VALUE","São Tomé and Príncipe, Democratic Republic of","Consumer price index (CPI)","All Items","Period average, Period-over-period percent change","Monthly","Units","-0.3007422875513132","1.146634929939516","0.2649426785143213","0.4174616052810267","0.3828616329900528","0.6005968370098527","0.1321005221311462","0.3766570312584132","0.2951325327485432","0.8107658256477399","1.486529212897157","1.870943252334022","0.8470885942781257","0.331534947839089","0.2976230070590802","1.78224192662105","0.761995740946217","0.6720266841927286","0.2255084106942692","0.2086501501144547","0.9931302410445263","1.781992480120513","0.5196056515963329","0.5218908675826013","-0.2342023420226773","0.4570654369332252","1.06828662840425","0.1547301928156882","0.2696881824764816","0.2853133624752333","0.69523712719174","1.977834331176175","1.230530059033751","1.143645110577268","0.9382526160793562","1.134376406791798","0.6488897605040036","1.929188173721175","1.670191333211797","1.567210049189474","0.7779487958372027","1.823262811737262","2.265387079745619","2.795743745759552","3.30596623694504","2.47031351978024","1.838933417743364","1.60853470306689","0.9978330483473522","0.261977215191306","1.103267580723223","0.6953808392304222","2.003103868957409","3.604738189387296","1.349830025175953","0.2934355538039951","0.8175844802503838","1.328089318487489","1.526288484133787","1.996834887034785","0.8848518180461729","1.52069131475823","1.469473550950395","0.9187727138380649","-0.1688973381904329","0.8113079476839367","0.1540638165398126","0.1812067594444153","0.3983761026488396","1.153707686743571","1.627660109311249","2.070689780757537"
"IMF.STA:CPI(3.0.1)","RUS.CPI._T.POP_PCH_PA_PT.M","OBS_VALUE","Russian Federation","Consumer price index (CPI)","All Items","Period average, Period-over-period percent change","Monthly","Units","1.009998755810929","0.4400141315137796","0.3200222081253644","0.2899961604263872","0.3399638095892399","0.04003237929271344","0.199971409000866","-0.2400045830574502","-0.1599646608964537","0.1299686747840861","0.2800365428356489","0.3600014981702494","0.3999815595768362","0.3300039576422947","0.5500136481841377","0.8299629803023998","0.269988354602619","0.2200075568978131","0.3500093585389984","-0.03996813207602472","-0.06999885378876126","0.4299969270691068","0.7099631764703384","0.8300204076573287","0.6700171009205411","0.7799829661281614","0.6599941941135737","0.5800090256637218","0.7399922792271486","0.6900181187261888","0.3099844204461185","0.1699795834298937","0.60001509031956","1.11002333989473","0.9599933976505657","0.819976440031316","0.9899938852325229","1.170010121641292","7.613074738229849","","","","","","","","","","","","","","","","","","","","","","","","","","","","","","","","","1.295866735038901"
"IMF.STA:CPI(3.0.1)","ETH.CPI._T.POP_PCH_PA_PT.M","OBS_VALUE","Ethiopia, The Federal Democratic Republic of","Consumer price index (CPI)","All Items","Period average, Period-over-period percent change","Monthly","Units","1.432955626022587","0.3167213247040386","2.205054944708661","1.815647098806225","4.27793194212946","1.41418091818897","1.431552466592161","2.370521633314485","1.704231930333546","-0.1704388355853447","0.6323030154826363","0.6020614781125327","0.7371651440018271","2.841546500671837","2.964113975174345","2.044015160953048","1.730310262529833","2.873900293255132","2.052451539338655","0.446927374301676","0.5561735261401557","0.3871681415929204","0.3856749311294766","-0.1097694840834248","1.648351648351648","4.0","3.118503118503119","0.8064516129032258","2.2","6.947162426614481","3.522415370539799","3.623508616880247","3.965884861407249","0.0","-0.6152584085315833","1.444490301279406","1.179820992676973","3.337354242058705","4.007782101167315","2.169846614291059","2.67301354815086","4.49358059914408","3.071672354948805","2.913907284768212","2.50965250965251","0.8160703075957313","1.930261519302615","0.4581551618814905","1.276983885679538","1.891323926748724","5.715969357690041","1.644370122630992","0.5483959418700302","3.354240523588765","2.621783407637467","2.430209321312624","2.111556633732714","2.057554831689568","1.233171543847411","0.7288106174242538","1.831451776635579","0.9548440227924191","3.99036198658114","-0.6690485948487426","0.2146266192205627","0.8890466362046513","1.484978475239216","1.182354456505708","2.40074805512755","3.640935016123063","-0.8201900996827034","0.7815583863650469"
"IMF.STA:CPI(3.0.1)","GAB.CPI._T.POP_PCH_PA_PT.M","OBS_VALUE","Gabon","Consumer price index (CPI)","All Items","Period average, Period-over-period percent change","Monthly","Units","0.07393701857179392","-0.04852118297074588","0.2026875760150645","0.1551411398755332","0.6131460936287011","0.4649552770818622","-0.3254345261321854","-0.2545300458415533","-0.09847489360867678","-0.06655653878530017","-0.05923453053818012","0.3976244432211052","-0.06065163200054249","0.1067535087150814","-0.1873977419427758","0.4942670586487328","0.5545815641095001","0.2942292028545516","0.414019472017587","-0.07361543683032247","0.1520387224744686","-0.120818222156743","0.01803224281234706","-0.006146150693928409","-0.1133212830756687","0.152046783625731","-0.03892716727003776","0.05646637330114101","0.1926557300484558","-0.01359592899040516","0.5167155539151888","-0.2956807421006861","0.2287176306404094","0.03867723844517501","0.5113087183452542","0.3567685043610382","0.1801456496742047","0.6389409649156368","0.4600060827250608","0.1324503311258278","0.481859410430839","0.9685002350728726","0.9592102812441795","0.5811272022876118","0.3301540719002201","0.01515557604661792","0.323003880361059","0.227748929580031","-0.05865679548354845","0.215574323324614","0.2561875940985318","0.2555761129079695","0.4581108371417864","0.3014987872781856","0.2688172043010753","0.2680965147453083","0.17825311942959","0.0","-0.08896797153024912","0.1780943900267142","-0.04834069146133333","-0.02207233577217838","0.1291548522143218","0.08269862920835118","0.04373300161262586","-0.06785012515445549","-0.02082926070872278","0.0813253133856894","0.08873114463176575","0.2659574468085106","0.3536693191865606","0.0"
"IMF.STA:CPI(3.0.1)","MUS.CPI._T.POP_PCH_PA_PT.M","OBS_VALUE","Mauritius","Consumer price index (CPI)","All Items","Period average, Period-over-period percent change","Monthly","Units","1.367187499999991","0.5780346820809319","0.0","0.0","0.0","-0.9578544061302673","0.0","0.2901353965183788","-0.6750241080038655","-0.4854368932038767","0.5853658536585309","0.1939864209505358","2.516940948693132","0.6610009442870589","0.7504690431519668","1.303538175046559","-1.37867647058824","-1.957129543336439","-0.2851711026616004","0.381315538608203","0.6647673314339938","0.09433962264151059","0.1885014137606055","-0.1881467544684877","0.8482563619227124","0.8411214953271131","0.5560704355885026","0.4608294930875632","0.7339449541284373","1.457194899817845","0.2692998204667897","-0.08952551477171103","0.08960573476702619","0.5371530886302662","0.7123775601068536","0.1768346595932824","1.412180052956746","2.349869451697134","2.125850340136047","0.7493755203996652","0.4958677685950474","0.41118421052631","1.556101556101564","0.3225806451612837","0.4823151125401988","0.5599999999999963","0.8750994431185364","0.2365930599369114","1.101494885916594","1.556420233463044","0.4597701149425243","-0.07627765064836096","0.1526717557251527","0.3810975609756146","-0.3037205770690803","0.3046458492002884","-0.07593014426719538","-0.07598784194530958","0.3041825095056871","0.07581501137227252","2.424242424242394","2.514792899408295","-0.7215007215007302","-1.620591039084843","-0.2906976744186047","-0.2915451895043732","0.1949317738791423","0.3891050583657588","0.1937984496124031","0.2901353965183752","0.2892960462873674","-0.4807692307692308"
"IMF.STA:CPI(3.0.1)","MLT.CPI._T.POP_PCH_PA_PT.M","OBS_VALUE","Malta","Consumer price index (CPI)","All Items","Period average, Period-over-period percent change","Monthly","Units","-1.697535521758666","0.7532313094523632","0.368983140775742","0.5076409721973284","0.127115627080854","0.0903346016174602","-0.3676258833718645","0.1434216490652645","0.328562000392372","0.2968828297177929","0.3351180175738019","0.3137437162203159","-1.548591170146657","0.4423274305474844","0.4570378134234356","0.2245863214469734","-0.04649185177171347","0.1566326543090645","-0.4694604426678658","-0.05704469667789801","0.088907461699479","0.4680404889283742","0.2585611142477072","0.2241358271470944","-1.405627099648123","0.3043304242168297","0.6698573591812904","0.6963743420338306","0.3497803451700245","0.3463599585434608","-0.1338936913971854","0.2080215618169268","0.2529396982336123","0.5314239238417275","0.3289771976013729","0.4302174604026826","-0.168368765515308","0.6345770014197463","0.8692196356106654","1.889531265673673","0.6846431818071061","0.530340127129967","0.4339959521656895","0.3638549724870204","0.7529975416783729","0.48688196049046","0.002551826553722462","0.6503707001659138","-0.5528781229438438","0.7949730629470753","0.7227810528978024","0.7656970048057001","0.6171252249935716","0.221483942414175","-0.2464938376540586","-0.2641445126107703","0.7945791315711235","0.1402912800900651","-0.08670229360560298","0.6413399098305606","-0.9009195908911204","-0.1398083698127798","0.3442317044895409","0.476405655500551","0.4963892117806111","0.09561115900899277","-0.1679093626349623","-0.2218547343972071","0.5388566136229688","0.4773469558663429","-0.3833972328721454","0.5522088353413654"
"IMF.STA:CPI(3.0.1)","THA.CPI._T.POP_PCH_PA_PT.M","OBS_VALUE","Thailand","Consumer price index (CPI)","All Items","Period average, Period-over-period percent change","Monthly","Units","-0.01965988400668393","0.2359649985252136","0.4119666503187855","0.4395819087623392","0.4765609803540116","-0.3581453876681806","0.0582863804157749","-0.1941747572815491","0.09727626459143757","-0.155490767735673","-0.1265329959120028","0.009745638826619513","0.155915026310668","-0.07783615489395723","-0.8568646543330009","-2.032999410724813","0.0100250626566469","1.56375300721732","0.6612712198973458","0.2941464849495092","-0.1075373936846252","0.04893325504012958","-0.03912745769343551","0.1467853997455741","0.09221457542194174","-0.9119150215452448","0.2326051779935315","1.382302492180402","-0.9255573248407639","0.3817177297840258","-0.1200840588411881","-0.1803426510369691","1.585867710528958","0.7410334947139618","0.2844252648097328","-0.3814180929095383","-6.292951109365794","1.110529072812984","0.6838669567920492","0.349902233199545","1.435750179468775","0.909918107370331","-0.1603045786995281","0.05017561465128454","0.2206619859578722","0.3302642113690986","-0.12967581047382","-0.05992808629644389","0.299820107935237","7.662415304902352","-0.2683942619157632","0.1855976243504071","-0.7132271211559841","0.5970706222594954","-0.009273856997090279","0.5472083101465719","-0.3597454109399824","-0.2777263469728307","-0.2506498329000652","-0.456026058631924","0.01869857890800288","0.2243409983174511","0.0279798545047514","1.958041958041996","0.8230452674896575","-0.4353741496598807","0.218638972396887","0.136351240796266","-1.343500363108217","-0.6596739239242249","-0.1289938479857115","-0.1788375558867362"
"IMF.STA:CPI(3.0.1)","LBN.CPI._T.POP_PCH_PA_PT.M","OBS_VALUE","Lebanon","Consumer price index (CPI)","All Items","Period average, Period-over-period percent change","Monthly","Units","-0.7293431512357506","0.1756248255065718","1.728055799636092","0.4716210606913674","0.1190329879516493","-0.8353625742733374","-0.4588485817912872","0.006574404082102109","0.3130524453052006","1.364189073620124","1.955422710280079","2.706058114105676","2.130640504538456","1.379658972716318","7.294895927991056","25.35863624259234","6.936289767972632","20.20562891867331","11.41979998391679","3.606029633157909","5.335867047356649","3.887317085150103","0.5213888341667301","8.149959893782565","2.83866088115119","4.594679430842037","8.327924346836518","7.758163472344892","6.056379305967684","9.70932194530227","24.07646945709343","10.24775286777495","8.15809515379488","16.42134474307274","10.62640239340733","16.52494203857734","7.688273476396706","-3.133474782538672","6.103343714759853","7.099430998129343","7.853385735660359","9.233509288397249","7.418632845285834","7.55108203645657","8.397716921115077","14.64638979390661","3.739242087369555","6.727280910448897","8.43477750725998","25.5249121952759","33.27430831175268","8.551069523760757","5.349792195281815","7.213253835458252","6.804663492607784","0.9170705605120448","1.382071210214724","17.22031348063275","2.565145391987782","0.02175066046717072","2.865992691770503","1.055758280692793","1.718221119587233","1.738438643980547","0.02282504994496323","0.2752732739588219","1.971451641724944","0.6442701071834133","-0.1771126953748914","2.016691835107308","2.299320601995123","2.389136576583476"
"IMF.STA:CPI(3.0.1)","WBG.CPI._T.POP_PCH_PA_PT.M","OBS_VALUE","West Bank and Gaza","Consumer price index (CPI)","All Items","Period average, Period-over-period percent change","Monthly","Units","-0.008369357713654444","-0.04852867344976437","0.8533475320226332","0.8532133874406158","0.4338296450612826","-0.4757318482400822","0.1838418320884952","0.3136635856317686","0.3318299901528185","-0.3079617166746162","-0.3121284932377809","-0.2396327911669348","-0.3224188763289751","-0.06634160328251236","0.7247099827474754","-0.8886837356020926","-0.9001879513304976","-0.469155520063885","-0.02005816868919868","0.03009328919650918","1.263537906137184","0.5149534561299267","-0.374384236453202","0.2966772151898734","-0.6704791954249655","0.3176493944808418","0.3958044725905403","0.9262509094460871","0.07614603517921585","-0.6239278477949626","0.1259560574136068","0.2943239122748835","0.4336431580596975","0.08247311172752449","-0.2655868124403404","0.2087899201521531","0.6786667489644095","0.6087425476484152","1.026374708448146","1.08395346762535","-0.2659377301846381","0.3775540610950857","-0.3647410425009153","-0.4811320754716981","1.298701298701299","0.4226268262015722","-0.3556176208513227","0.00583085668381184","0.3363456354344715","0.8960048835833144","1.311672592037044","0.6302491467794282","-0.2593173427151465","-0.3472887130308607","0.1367365542388332","0.7373691397360036","1.36454003253208","2.567531425514844","3.494132985658409","3.493743176282859","3.265901441964619","8.19733600379832","9.1286264400039","-1.910789433701216","13.71213195869306","0.8305911798287002","-1.393271321648393","1.719436628175556","5.925253022778778","9.192472499849933","14.75270161291668","2.971651355137561"
"IMF.STA:CPI(3.0.1)","BEL.CPI._T.POP_PCH_PA_PT.M","OBS_VALUE","Belgium","Consumer price index (CPI)","All Items","Period average, Period-over-period percent change","Monthly","Units","-0.04620218074293107","0.3235647591753721","0.3040914117213417","0.05512172714745062","0.01836378661279956","-0.0550812448361333","0.08266740148801323","-0.0183553597650514","-0.4589682393978337","0.3596458871265216","0.06432049986217037","0.1285583103764922","0.5961115187087307","0.01823320266204759","-0.1640689089417555","0.0","-0.07303934994978545","0.06395614435815442","0.2191380569758948","0.06377551020408163","-0.3733041973959756","0.2010601352586364","-0.1641736592484495","0.02740727206285401","0.4383962005662618","0.2182413385468764","0.2722076036657291","0.3348113292914668","0.1533189033189033","0.225123818099955","0.8535489667565139","0.5167037861915367","-0.2481609501019232","1.466015104398045","1.252189141856392","0.09513102136123842","2.229134266459305","0.6338742393509128","0.5207021080036953","0.3341966747430863","0.7660920975934716","0.851169324849186","0.8275975090134382","0.8126777732629012","0.9592906086255542","2.371446822101565","-0.2261914047266204","-0.1563477173233271","0.09395552771688068","-0.6961827284105131","0.56715242221347","-0.6657789613848202","0.3784891972874941","-0.1492537313432836","0.810321768546928","0.7647885125643827","-0.6892812887236679","0.3431334321141699","0.1709800264241859","0.4344790131119559","0.4866743916570104","0.7149446494464945","0.5495763682161667","-0.4782509678888636","0.3661327231121281","0.2203982368141055","0.7128232350041708","0.0","-0.4969505308335216","0.4842981460461597","0.1656751261390165","0.3984662807307721"
"IMF.STA:CPI(3.0.1)","HND.CPI._T.POP_PCH_PA_PT.M","OBS_VALUE","Honduras","Consumer price index (CPI)","All Items","Period average, Period-over-period percent change","Monthly","Units","0.03094059405940594","0.7732755954222085","0.3990178023327195","0.9171507184347294","0.3635262041805513","0.09055236945366738","0.2714113389626055","0.06015037593984962","0.1502855425308085","0.2400960384153661","0.2994011976047904","0.417910447761194","0.2378121284185493","0.4744958481613286","0.295159386068477","0.3825779870512066","-0.6449721489299326","0.4426084390675716","0.7050528789659224","0.1750291715285881","0.320326150262085","0.4934687953555878","0.4621606008087811","0.6037952846463485","0.4001143183766791","0.1707941929974381","0.3694231315714692","0.3963759909399773","0.1974055273547659","0.2814522938361948","0.3087285994948077","0.3917179630665921","0.4459308807134894","0.5271920088790233","0.7452387524151256","0.9589041095890412","1.221166892808684","0.3485254691689008","0.9350788137857334","1.694017998941239","0.8849557522123894","1.315789473684211","0.8912655971479501","-0.02523977788995457","0.1262307498106539","0.6555723651033787","0.9769539078156313","0.3721161002232697","0.4201680672268908","1.156780703913365","0.24330900243309","0.1941747572815534","0.07267441860465115","0.3873154199951586","0.4581625271280444","0.5040806529044647","0.5254358729400525","0.3801377999524828","0.2130177514792899","0.5196032120925838","0.2349624060150376","0.6797937177684013","0.4889406286379511","0.2780352177942539","0.1617375231053604","0.3229527104959631","0.6438261669349276","0.4340872743888508","0.04549590536851683","-0.04547521600727603","0.1137397634212921","0.4544421722335833"
"IMF.STA:CPI(3.0.1)","PRY.CPI._T.POP_PCH_PA_PT.M","OBS_VALUE","Paraguay","Consumer price index (CPI)","All Items","Period average, Period-over-period percent change","Monthly","Units","0.0","0.5813953488372093","0.09633911368015415","0.2887391722810395","0.7677543186180422","-0.1904761904761905","-0.09541984732824427","-0.09551098376313276","0.2868068833652008","0.3813155386081983","0.1899335232668566","0.5687203791469194","0.0","0.1885014137606032","0.1881467544684854","-0.1877934272300469","-0.5644402634054563","-0.3784295175023652","0.4748338081671415","0.4725897920604915","0.2822201317027281","0.4690431519699812","0.6535947712418301","0.5565862708719852","0.4612546125461255","0.09182736455463728","0.09174311926605505","-0.09165902841429881","0.5504587155963303","0.364963503649635","1.181818181818182","0.8984725965858041","0.979519145146928","1.587301587301587","0.5208333333333333","0.0","1.468048359240069","1.361702127659574","0.8396305625524769","1.498751040799334","0.1640689089417555","0.4914004914004914","0.7334963325183373","0.4045307443365696","-0.08058017727639001","0.4032258064516129","0.7228915662650602","-0.1594896331738437","1.198083067092652","0.473559589581689","0.3927729772191673","0.3912363067292645","0.0","-0.3117692907248636","0.0","-0.1563721657544957","0.4698512137823023","0.4676539360872954","0.3878975950349108","0.3091190108191654","0.9244992295839753","0.0","1.068702290076336","0.7552870090634441","0.3748125937031484","-0.3734129947722181","0.07496251874062969","-0.2247191011235955","0.2252252252252252","0.0","0.2247191011235955","0.6726457399103138"
"IMF.STA:CPI(3.0.1)","TLS.CPI._T.POP_PCH_PA_PT.M","OBS_VALUE","Timor-Leste, Democratic Republic of","Consumer price index (CPI)","All Items","Period average, Period-over-period percent change","Monthly","Units","0.298804780876494","0.09930486593843098","0.09920634920634921","0.0","0.09910802775024777","0.0","-0.198019801980198","0.09920634920634921","0.1982160555004955","-0.3956478733926805","-0.09930486593843098","0.8946322067594433","0.2955665024630542","-0.9823182711198428","0.2976190476190476","0.09891196834817013","0.1976284584980237","0.09861932938856016","0.09852216748768473","-0.0984251968503937","-0.09852216748768473","-0.09861932938856016","0.09871668311944719","0.4930966469428008","0.9813542688910697","0.3887269193391642","0.6776379477250726","0.5769230769230769","0.4780114722753346","0.09514747859181732","0.09505703422053231","0.1899335232668566","0.09478672985781991","0.6628787878787878","0.4703668861712135","0.4681647940074906","1.118359739049394","0.6451612903225806","0.9157509157509158","1.17967332123412","1.255605381165919","0.6200177147918512","0.2640845070422535","-0.0877963125548727","0.08787346221441125","0.1755926251097454","-0.0876424189307625","0.6140350877192982","3.836094158674804","0.5037783375314862","0.9189640768588136","-0.2483443708609272","0.3319502074688797","0.5789909015715466","0.3289473684210526","0.4918032786885246","0.9787928221859706","0.1615508885298869","0.2419354838709677","0.3218020917135961","-0.400962309542903","0.1610305958132045","-0.2411575562700965","0.40290088638195","0.4012841091492777","-0.07993605115907274","-0.08","-0.08006405124099279","-0.1602564102564103","-0.2407704654895666","-0.2413515687851971","0.1612903225806452"
"IMF.STA:CPI(3.0.1)","MDV.CPI._T.POP_PCH_PA_PT.M","OBS_VALUE","Maldives","Consumer price index (CPI)","All Items","Period average, Period-over-period percent change","Monthly","Units","-0.08892197521848846","0.3238181095703248","-0.2134953016409017","0.4045434292502285","0.3151181099831935","0.2432707530943421","-0.7257832503011495","0.6402204847964412","-0.2334427993839116","0.2768911435553572","-0.130982046764967","0.4789233515736524","-0.1377445617212669","0.001070632021402182","-1.115871167837434","-3.233499771433584","0.05385661350584836","-0.4130514147148016","2.814653085239446","0.5390117983245201","0.07476255464654892","0.01864148209049489","0.1249777109494043","0.03410113648251507","0.250938786884948","-0.05115946877327759","-0.1983139629894835","0.08480295666867564","-0.535051879045399","-2.165929714380355","2.797397613323197","0.07789287611739101","-0.2957457344410496","0.0824378996905654","0.1160231412005115","-0.07370470243359364","0.3993782310829911","0.3384857005187346","0.2878547753082179","0.2652930193479373","0.6650123975607426","0.4467983417723035","0.148317675747387","0.2236628977473279","0.1575989804243135","-0.07292457419851878","0.01873543579792376","0.490037118036","0.9561104924973263","0.2239314276292078","0.3838817777358294","0.2088614357831433","-0.397114407673455","0.1038211182531431","0.05969980814734738","0.2001655007976557","0.4479574234129933","-0.07695132628861975","-0.4836931709451445","0.3867273370694595","-0.1713123074072861","0.4546943312670108","-0.8858381575191429","-0.7560683438040464","1.508197957824765","0.7289122091200089","0.09702388190297188","0.1910985361736933","0.1605984920016831","-0.1556084131431294","2.465179539298104","1.110883206559725"
"IMF.STA:CPI(3.0.1)","GMB.CPI._T.POP_PCH_PA_PT.M","OBS_VALUE","Gambia, The","Consumer price index (CPI)","All Items","Period average, Period-over-period percent change","Monthly","Units","0.3875058163967258","0.5647698395804843","0.4669475622270882","1.293799132165383","0.945792572599965","0.4403223778451892","0.4842302220604119","0.715482382427435","0.5458745372044674","0.4427510031399776","0.5017164853510382","0.6323105726276681","0.09463365148773317","1.015032612139","0.2305097707229948","-0.5708445422268607","0.7428738813363178","0.1936522713888661","0.184362854652512","1.299083052523902","0.3030242081143897","0.8270105811587094","0.6825956150214807","0.5348577939513858","1.902520489842898","-0.1098787844098475","1.164295120675119","-0.6724539720178561","1.128715575755737","0.551499161073506","0.2914452496894496","0.1533398219608501","0.362559760582548","1.142188978301577","0.4445755390904468","1.021347867293468","2.09669086203871","0.386225287642997","1.029735559998594","2.526129351736707","1.032880554246594","0.6582931284487961","0.8577216086587565","0.6868760444877476","0.6617259343069286","1.114226642588456","0.2207065295685675","1.697766074073101","1.562369337066674","0.8235681696195877","2.086241992459305","4.797863930984167","0.925889611030687","1.144616681974244","1.325221918622262","0.7338497670485105","0.7429537285121414","0.7209335864411064","0.5236336075110516","0.7489162367832406","0.5692445486060901","1.259607894864968","0.5873836160163719","1.236657381679161","0.8882376753183853","0.5910833796728739","0.6715027118671238","0.8425235151491834","0.9202075098814229","0.7588274891377517","0.747039174005466","0.6631299734748011"
"IMF.STA:CPI(3.0.1)","SSD.CPI._T.POP_PCH_PA_PT.M","OBS_VALUE","South Sudan, Republic of","Consumer price index (CPI)","All Items","Period average, Period-over-period percent change","Monthly","Units","26.54724023731747","15.05459818357455","12.65919875405901","7.189066785165193","5.299384141616896","0.06720493324370949","10.00048192723039","4.161341117170538","14.24330254893569","3.532259059962745","-33.19604233273797","0.7537567310774308","2.109976656535788","30.07042498156942","2.620310159248219","6.521827587871168","3.903525392699751","-20.23903596338501","7.793087876936182","8.039191640170397","8.556882079692025","8.931946350109042","6.825283768565908","-10.72209438778492","-5.124150176749762","4.81797630251274","3.165572570407692","3.09009699430124","2.885202083956064","-17.19920420862708","1.788450479260594","7.62374559354467","2.444533106395091","9.721348782552173","-9.431238341088717","-8.966795638401814","-8.688543383676452","3.230165548801413","9.221390729644376","7.493898021451961","0.442465391917572","-8.547774424045954","4.972546694693318","-1.453247994942638","-4.076930237565421","4.937488798501101","-4.537244191903796","-12.49055830952916","18.09776113963022","2.394539036488058","-2.507511327621726","-0.455487109683651","8.937246115179086","-5.034354769990128","-2.174611015812118","-3.023251214232821","2.78409999866155","-2.19233652660226","-0.5010435501500065","-8.206485897521661","2.666505623998685","3.122122261542393","28.95424412356912","18.88647833501287","17.83102669791875","18.42803890586378","2.772034417358664","1.378751013787531","-1.2474063333337","10.98453778578603","21.81374219078782","13.16469648753755"
"IMF.STA:CPI(3.0.1)","TGO.CPI._T.POP_PCH_PA_PT.M","OBS_VALUE","Togo","Consumer price index (CPI)","All Items","Period average, Period-over-period percent change","Monthly","Units","0.7316134000770034","-0.430045871559628","-0.1439677512237242","-0.00961168781237974","1.355378256272225","0.8061456752655564","-1.241885407846455","-1.600457273506721","-0.542162842482325","-0.184950842013054","0.955724595279892","0.01931993817619761","1.796407185628746","-0.09487666034155487","0.541310541310535","0.5761783319165065","0.2066115702479315","-0.7497656982193095","0.5665722379603452","-0.7511737089201908","0.0","-0.2838221381267706","0.4743833017077743","1.227573182247413","0.1865671641791023","0.09310986964618141","-0.6511627906976785","2.715355805243449","0.9115770282588888","1.623975609756092","1.110435630880806","-0.6802054553442339","-1.087668165815152","-0.0868311432935466","-0.07996690295809016","1.984349705878522","1.472892291479832","1.000718940887476","-0.4006606833623914","1.521624818905851","1.415496453462201","0.454872359729343","0.3487621150290461","0.3186130734475646","-0.3126217735113272","-0.724756499723754","1.391590866109902","1.029154881398735","1.132546113255158","-1.090601052656165","0.6911303544619641","2.115200710421766","0.3023115795289839","0.6847059015363377","0.74219376481367","-2.136297923557891","-0.5126210313500276","0.6529783900938388","0.2943516308671105","0.6504322995161542","-0.3940420836945339","0.4430730279293798","-0.08664828672706681","1.963103122043586","1.600556715379214","0.9893455098934437","0.5124340617935891","-2.009296746138903","-1.377199693955608","-0.8533747090767937","-0.05477308294206689","0.5167149455883048"
"IMF.STA:CPI(3.0.1)","ZMB.CPI._T.POP_PCH_PA_PT.M","OBS_VALUE","Zambia","Consumer price index (CPI)","All Items","Period average, Period-over-period percent change","Monthly","Units","1.05073966542237","0.7296939845852146","1.095667134513515","0.7299923865824712","0.8536368486573004","0.7494269088344206","0.4463113678130743","0.7449032932566649","1.215030051455009","0.9398496240601504","0.9988149652954122","1.583975863224941","1.77378104116822","1.941472114137484","1.236531350642122","2.211138166679758","1.586935638808838","0.2118163249867615","0.3359251151204046","0.4664635293232517","1.400381922342457","1.251800155090285","2.191830780452225","3.151208022554513","3.698450041516745","2.532279051146031","1.744110373551998","2.152360240501471","2.006825083748161","1.32588545822847","0.3059308172290543","0.3623735467310886","-0.4874379419286896","0.4172587911589514","0.6293095661076149","0.6313584679832436","2.554191073711754","1.739634676717889","0.7722998005129666","0.6815418116003507","0.8482669512948711","0.9107620320855615","0.4416107753029174","0.2638014893792421","-0.3508098774906131","0.184273494870596","0.6945588316037995","0.7661059461817389","2.069805194805195","1.94831013916501","1.042641705668227","0.9289519055093796","0.5915047677323951","0.8034673290414153","0.8900957984461039","0.7975077881619937","0.6601557670911113","0.7614462566319513","0.9190190629418361","0.9758689823425687","2.129033801401813","2.239242967231162","1.264633783133634","0.9886654148096197","1.375509655450513","1.279501458499072","1.003687460452532","0.8705795943055886","0.7816850130637769","0.8393718523555537","1.601550975681713","1.22371095532418"
"IMF.STA:CPI(3.0.1)","ALB.CPI._T.POP_PCH_PA_PT.M","OBS_VALUE","Albania","Consumer price index (CPI)","All Items","Period average, Period-over-period percent change","Monthly","Units","1.598996103897992","0.5920430372860397","-0.3068528312526694","-0.237876202319796","-1.014062732706067","-0.2768940304865214","-0.1102983903678899","0.3470743000491543","0.0918799485046194","-0.2073244364222676","-0.1487609139267837","0.840643082142342","1.907198149327913","0.3635029765642307","0.564102396086098","-0.4234592328195298","-0.8401750999292842","-0.5721978309769036","-0.5202159078900573","0.2267122791788085","0.3714199435901176","0.243562465378199","-0.5275111380491704","0.2830221951322494","1.255444857852","1.099311196993553","0.6605975871392998","0.241101495911133","-0.9121222853789785","-0.8090521076180516","0.1105003705844101","0.369449197436011","0.4960143735960514","0.1494246920770064","0.1711998468629462","0.8471175108761757","1.268992226816223","1.274967154500668","2.371280965245125","0.7234607232555859","-0.4617506467654369","-0.1458081605608035","0.2209446532361994","0.80175041678171","0.6110538642252148","0.3634915444920334","-0.2586279132663088","0.4277994803638054","1.101423897093514","1.113646652617778","0.699885424242885","0.02502556241797605","-0.3110670000176128","-0.3459471659117899","-0.1067174807721509","0.6023415700282448","0.6851626416913773","0.1267416633433372","-0.1658317687968842","0.4956008279183653","0.5118163022997563","0.3353547493046391","0.4120605751079475","-0.1626767820907422","-0.2297843634871037","-0.3744208698672877","-0.1866814654262621","0.5163381962161543","0.6252300481087552","0.1063274424642437","-0.02269160305480264","0.5507092025218094"
"IMF.STA:CPI(3.0.1)","ISL.CPI._T.POP_PCH_PA_PT.M","OBS_VALUE","Iceland","Consumer price index (CPI)","All Items","Period average, Period-over-period percent change","Monthly","Units","-0.4225461830867111","0.1929481338058943","0.5220368097560738","0.3627634100488741","0.2307900675017111","0.3743135824856232","-0.2200845480453824","0.2805611705267419","0.08931456626275901","0.3624003759026254","0.1225762783210996","0.1205748896073881","-0.7467356040601325","0.922367963999524","0.2199692019298218","0.4952406982685886","0.5354286947447461","0.4470683852315705","0.142036389652772","0.4511122583149706","0.3848896054197671","0.4274777825191562","0.04739798896279229","0.2005814322529865","-0.05309720243394812","0.6836007273917382","0.4935961267726539","0.6982326360118565","0.4360769250780143","0.2569290030219986","0.1579296168578072","0.4593036035510656","0.4617248930112199","0.606617902395524","0.3406355326820685","0.456931885666858","0.4910138762647223","1.163417685976998","0.9468586432581121","1.230544671777341","0.7726823484986726","1.401788700175269","1.180609819164123","0.2816214581166508","0.09832376545941562","0.6683310576267845","0.2742500273846199","0.6606687635164251","0.8469210780577677","1.396160039196025","0.5921694539745731","1.305090011488759","0.3854320044383952","0.85166520292188","0.04076832168670872","0.3262505917290144","0.3484276123569236","0.6055248910031662","0.381900454182238","0.4175927734079159","-0.1759498670513336","1.337641807699461","0.7904770206967429","0.562090569050696","0.5643354652270763","0.4913544837221948","0.4540588480333971","0.09461948653099189","-0.2385079399444669","0.2875725350367392","0.09764568375354817","0.3907355115592589"
"IMF.STA:CPI(3.0.1)","DOM.CPI._T.POP_PCH_PA_PT.M","OBS_VALUE","Dominican Republic","Consumer price index (CPI)","All Items","Period average, Period-over-period percent change","Monthly","Units","-0.1697007096575187","0.370885489105248","0.6543494996150885","0.5277246653919663","-0.03043213633596896","-0.1826484018264834","0.4650808173223653","0.3415041359945231","0.3781576160943912","0.6705846895720396","0.3742234862659908","0.2013272686600456","0.3274296770352838","-0.1260940513276861","-0.5198663200891442","-0.8212019410227662","-0.1129092961987264","1.70308967596084","1.882039122702965","0.7781818181818336","0.5989752471675222","0.6627938883328499","0.597428250513188","0.4822269065288325","0.9674885529819721","0.6830860308906683","0.6030681090045606","0.413997227529879","0.6482846109359551","0.6339144215530903","0.5369065708891652","0.7987688699985344","0.4498364231188659","0.6414257927353327","1.08050771277552","0.7265709762908418","1.182204250284736","0.9214498874365195","0.6683497898978021","0.9559309805807732","0.4917307561423807","0.6391696720339987","0.4971525189902168","0.2092610573542706","0.2940242904158105","0.2790039143832764","0.4659274947053694","0.9606004993138568","0.6345801126686755","0.1074017721292401","0.2145730889584265","0.2441220123439768","-0.197411003236246","0.2196893543889231","0.4541079214087538","0.5151849931233513","0.4303514750673325","0.2171252993250131","0.1367425038364311","0.5382745645396926","0.389764607476207","0.09056572866822701","0.29757361839134","-0.09806013518177996","-0.03855582899743851","0.4785594825398845","0.5278798260310739","0.4036300260298593","0.2968967971861031","0.0928289984816821","0.1575549204663996","0.7027204417540124"
"IMF.STA:CPI(3.0.1)","KOR.CPI._T.POP_PCH_PA_PT.M","OBS_VALUE","Korea, Republic of","Consumer price index (CPI)","All Items","Period average, Period-over-period percent change","Monthly","Units","-0.1050632399886855","0.4318191011690466","-0.1913181822758808","0.363192461738683","0.1718921201033363","-0.1615622365833099","-0.3055552763566554","0.2399508000040328","0.3711340206185567","0.2475098703328857","-0.5597704940974201","0.2392416642373921","0.3720454477080596","0.0699370566490159","-0.2196485623003195","-0.4402641584950971","-0.06030150753768844","0.2715205148833467","-0.0802326747567947","0.5620796948710228","0.5489569817347041","-0.555886440341473","-0.08983829107606309","0.2397841942251973","0.7076647064686534","0.5344418052256532","0.2559558968300847","0.1374705420267086","0.06864090998234948","0.0","0.20578147966683","0.4791707412477997","0.4087591240875912","0.1744693224774644","0.5031446540880503","0.1636661211129296","0.7785467128027682","0.5436337625178826","0.6450388920508442","0.6880301602262017","0.6271646541233736","0.6604651162790698","0.4805470843729785","-0.0919709371838499","0.1749056430083771","0.3124425657048337","-0.08244778307072188","0.1742000550105437","0.7413509060955519","0.2362133187971291","0.1722106408048582","0.2262034020991676","0.3249977430712287","0.02699541078016737","0.1169485426412379","0.8895677958486836","0.5076594228713929","0.3721754541426673","-0.5208793149112739","0.04437344692935747","0.390313137585381","0.5390121056817178","0.1494111443135876","0.05265467310223782","0.07894044382071748","-0.2278702892199825","0.2547434996486297","0.3592394637693858","0.0960363191898027","0.03488879197557785","-0.2528555235853169","0.4458041958041958"
"IMF.STA:CPI(3.0.1)","SVN.CPI._T.POP_PCH_PA_PT.M","OBS_VALUE","Slovenia, Republic of","Consumer price index (CPI)","All Items","Period average, Period-over-period percent change","Monthly","Units","-1.10187512081964","0.7720875684128224","0.6982833866744254","0.7801213522103438","0.879204892966361","0.3505115574081091","-0.7080147267063155","0.3707929264118654","-0.1894477597802406","0.0664325709404954","0.07587253414264036","-0.1611068991660349","-0.8542952064546749","0.6606031594064146","-0.779912497622218","-0.9202453987730062","0.8707430340557276","1.285248417417993","-0.1136363636363636","-0.05688282138794084","-0.3889205084424208","0.3142557851633178","-0.7594456047085627","-0.3156686435814042","-0.4318203627291047","0.2891287586738628","0.3363444166826831","1.043961306388277","0.9289099526066351","0.5822689706987229","0.4108309990662932","0.09298865538404315","-0.05574136008918618","0.9016545826361777","0.7001381851681253","-0.009148293843198244","0.3934126258005489","1.376104984963091","-1.10571736785329","2.563403326970275","2.029602056190729","2.736275191104934","0.9638961697810096","0.02512352399296541","-0.9209645010046885","0.7605205340544196","0.8638040925863804","0.1995510102269893","0.1908555306613559","0.6791452708298824","0.04113195129976966","1.504810459666146","1.053143227478937","1.378868045534712","0.166060414360272","0.1026288781874161","0.2760252365930599","0.212347620920173","-1.012399937215508","-0.4756996749385555","-0.5974667410180833","0.7533258535021637","0.1829462297168311","0.9924573243350536","0.5345911949685535","0.390991554582421","-0.09347250350521888","-0.2027132387338219","-0.015625","-0.4531958118456009","0.6907378335949765","-0.3196133458060493"
"IMF.STA:CPI(3.0.1)","LUX.CPI._T.POP_PCH_PA_PT.M","OBS_VALUE","Luxembourg","Consumer price index (CPI)","All Items","Period average, Period-over-period percent change","Monthly","Units","-0.8819018404907975","1.518375241779497","0.1619510336286558","0.1807114323758798","0.2753251685179911","-0.0662753266426813","-0.6821411653244908","1.173328245731184","-0.1508580049028852","-0.009442870632672332","0.03777504957975257","0.1416029453412631","-0.641025641025641","1.261859582542694","-0.6464911458821325","-0.05658242172764994","-0.150971881487073","0.4914004914004914","-0.4889975550122249","0.8221508221508222","-0.065610647670822","-0.02813731007315701","-0.2063983488132095","0.2820344081978001","0.6656041998687541","-0.6891413671074688","1.406601650412603","0.04623636027371925","0.2865329512893983","0.1658986175115207","-0.3864556496135444","0.9698873083317938","0.1463727014911719","0.8952224353704211","0.6609325486645541","-0.08094981111710739","0.1170222342245027","2.175867649703291","1.003167898627244","0.8189580066213626","0.1296232284825441","0.7594718218693363","-1.002141327623126","0.9690257830074407","0.2570694087403599","0.8717948717948718","-0.2033553634977123","-0.6113092205807438","-0.401503502477362","1.672527661034394","0.3121309262696136","0.9082499369270877","0.06667222268522377","0.3248105271924711","-0.4565830981238585","1.451088316237178","0.07398273736128237","0.00821422704123542","-0.3285420944558522","-0.1483312731767614","-0.4621606008087811","1.426084072630793","0.2125398512221041","0.2284036218288604","0.2522991779930007","-0.04870920603994155","-0.6741390513320338","1.202060675443618","-0.3716871363930187","-0.316301703163017","-0.4800260353103897","0.08992805755395683"
"IMF.STA:CPI(3.0.1)","QAT.CPI._T.POP_PCH_PA_PT.M","OBS_VALUE","Qatar","Consumer price index (CPI)","All Items","Period average, Period-over-period percent change","Monthly","Units","-0.9666728042717783","0.1766291717021499","-0.02783964365256111","0.5105355982548972","-0.5633542667159221","0.464381907680871","-0.1848941481002083","1.176252662776685","-0.7506407909190669","-0.830105146651905","0.2232142857142846","0.4639940608760151","-0.9065269943593776","-0.01016466761536898","-0.9149130832570906","-1.241407612598748","-0.5921462705173488","0.2717107325739367","-0.2292860865033872","0.4805181238901076","0.270298367813702","-0.1658890616899948","-0.394641188077682","0.02085288291106245","1.230063588032941","-0.09267840593141798","0.1649144506287363","0.06174109899156205","0.8329905388728918","-0.2039775624681285","0.8993357179356157","0.3038590094196293","0.05048975058063213","1.342349616471538","1.065630913255652","0.650374458021285","-0.9692578813393382","-0.2570439940682155","0.5847953216374269","0.2857705951911707","1.336346664046379","0.00969649956365752","0.4944735311227458","0.1254220935841775","1.223742532279823","0.361732508329367","1.356350184956843","1.253977166385926","-2.587800369685767","-0.05692599620493359","0.275299031706854","0.7005585534412572","0.2162263796183134","-0.1125703564727955","0.3662659654395192","-0.5801441003087864","0.6494117647058824","1.075369365999626","0.1572763437875844","1.588767781267319","-1.163847972358611","-0.3403863845446182","-1.375426936213422","0.4118307749906402","0.4567486950037286","-0.09279020135473694","-0.3529302498374663","0.3448597259763258","0.492290544306149","0.933542841297717","0.08241758241758242","0.8692469576356483"
"IMF.STA:CPI(3.0.1)","GEO.CPI._T.POP_PCH_PA_PT.M","OBS_VALUE","Georgia","Consumer price index (CPI)","All Items","Period average, Period-over-period percent change","Monthly","Units","1.288218545880864","0.273979523877327","0.9978769063754646","0.2045425684378572","0.5100863118541886","-0.9809969829333093","-0.02357223145657442","0.7891357186070455","1.694689596501402","0.7691698897244554","0.865840267297721","0.4185793335914281","0.7073577965163299","0.3320896462147897","0.6519400415979344","0.9439998859903519","0.2031570521191723","-1.358702543683904","-0.4746366487196023","-0.024038754778151","0.6957124646868325","0.8045954890476505","0.8865608045090293","-0.9574093036914927","1.126807807193652","1.060649531500388","4.18754634960708","0.9335645257443029","0.6543711439313628","0.6624154154520858","1.349190979312102","0.7452221335205687","0.2435784584226783","1.327124593011739","0.6139536282666807","0.2742133570490831","1.12993894118765","0.8743582184882207","2.45568234605791","1.837891864525223","1.054102011867327","0.216070020082617","0.2335807806921919","0.1394539796118972","0.8327459088853018","0.4877104592744403","0.4655716084031766","-0.2664433617539586","0.7578160558849056","-0.3180066867260967","-0.2223634589846378","-0.7177752915362658","-0.1325794922881697","-0.6658829179578984","-0.04279173999120106","0.7285160268368066","0.6149761980486212","0.601547806595425","-0.2417547086240273","0.08975785662971363","0.3229060645091558","-0.0375398966614743","0.01156371127770589","0.2656539673256285","0.3765728789156134","-0.5265737958988367","-0.423118993036225","-0.08664994099471204","0.2867732124854824","0.2765131805927193","0.7081766440675497","0.6831658432657975"
"IMF.STA:CPI(3.0.1)","CHE.CPI._T.POP_PCH_PA_PT.M","OBS_VALUE","Switzerland","Consumer price index (CPI)","All Items","Period average, Period-over-period percent change","Monthly","Units","-0.26216004378937","0.3888453961063667","0.5324922462699747","0.1879066664429683","0.3071397682956501","-0.0296575340447868","-0.5161155965339508","-0.01017047895056456","-0.1096153390372811","-0.2248097421509369","-0.1331684580994959","0.0298639552973299","-0.2158291220535506","0.1238532885234919","0.07684098185699038","-0.3637719991786114","0.04191632267404235","0.02080009713346795","-0.1585055700827453","0.04404939511809125","-0.04283461554936391","0.00607914246221215","-0.2481335177559961","-0.1000997001004993","0.0553","0.1644090817777769","0.3371589246835456","0.2086364346042123","0.2643709529362146","0.07403455671809164","-0.08476026296451245","0.2455876384585688","0.01737909433194663","0.3027978441820262","0.03858442409794144","-0.1018353985748948","0.1712775691389141","0.6591612998377661","0.568300587836531","0.3670457238541841","0.6500211447997825","0.5041978024513782","-0.03788342619237127","0.2636575571624896","-0.1756276541013352","0.05364155394131557","0.003822659194642161","-0.2181699336411731","0.6020213590205996","0.7461670641210546","0.1533630736114405","-0.003396559662457449","0.2509765440718585","0.06362233181493054","-0.141836500513546","0.2135278914332648","-0.07697693981418387","0.09180387081238901","-0.2417978558647962","0.04860867099560167","0.1705184759734665","0.63654633196286","0.0311029498299145","0.3161616887852239","0.2730005016954327","0.002413463412822917","-0.1787776288479889","-0.01422739657240629","-0.2919356383755395","-0.1265742497420945","-0.1349532706789037","-0.05498945100327692"
"IMF.STA:CPI(3.0.1)","FRA.CPI._T.POP_PCH_PA_PT.M","OBS_VALUE","France","Consumer price index (CPI)","All Items","Period average, Period-over-period percent change","Monthly","Units","-0.4445733062723495","0.04853897679836909","0.8053561032408306","0.317643661565117","0.1055459604682403","0.2396242691459791","-0.1912411550965768","0.4598582103851313","-0.3433148960518787","-0.03827751196172249","0.05743825387708214","0.440107156525067","-0.4191274528481616","-0.009565716472163765","0.05739978953410504","-0.02868343053829238","0.1434583014537108","0.07640148982905166","0.381715812577536","-0.09506607091928891","-0.5138452754781616","-0.03825920612147298","0.2105061716582145","0.2196123364842929","0.1524390243902439","0.0","0.5993150684931507","0.1040189125295508","0.3211789155488381","0.1318267419962335","0.05642279480910288","0.6109022556390977","-0.2241943017281644","0.411946446961895","0.3636363636363636","0.1950947603121516","0.2503477051460362","0.7584165741768405","1.422801542133284","0.4344284550638067","0.6758583400919167","0.7429287504475474","0.2843180808529542","0.451847257907327","-0.5644734521079555","1.028916090118858","0.3160667251975417","-0.0875196919306844","0.3854239663629993","1.029668411867365","0.8723441008809812","0.6079287610240603","-0.05106382978723404","0.1788147138964578","0.0509987250318742","1.002463681930167","-0.5299015897047691","0.1437510569930661","-0.1688761293591151","0.1353294426118582","-0.1689331869245713","0.8630171757339876","0.2181025081788441","0.5022181300744957","0.03331390022486883","0.07493131296311714","0.1830282861896839","0.5314731772130875","-1.239055014042623","0.2760120441619271","-0.1417966469263492","0.1921149348479786"
"IMF.STA:CPI(3.0.1)","BOL.CPI._T.POP_PCH_PA_PT.M","OBS_VALUE","Bolivia","Consumer price index (CPI)","All Items","Period average, Period-over-period percent change","Monthly","Units","0.2246532525883962","-0.1461845823993763","-0.01951981260979895","0.136665365091761","0.45817898225775","0.1552644347404173","0.2266399688983626","0.5015683338539005","-0.08143467845201606","0.4498505692332855","1.114856200626335","-1.539597972435388","-0.03300102214806187","-0.05777563793933558","0.1141412469409384","0.4165282430411667","-0.02449429367556881","0.3618151088695084","0.1368413159523634","0.5435368847318084","-1.002061897972188","0.2683277431720172","-0.2676096721781516","0.2204120747484427","0.4685408299866131","0.1617968973065575","-0.1140250855188141","-0.06802584864916286","-0.1647910577072841","0.01304995062482091","0.1486745102407464","0.5215659418347127","-0.1958218879820804","-0.2254508051008087","0.1940450139063591","0.1618017362242737","0.3084100152764898","0.1234194493037694","-0.04697569500691215","0.02765117179587692","0.3776782247789865","0.3855375574124419","0.3913913983391534","0.03784982359418412","0.1444835031236083","0.7467908620935703","0.4703017291080234","0.1153979318683313","0.3295088411129315","-0.438806774540938","-0.07659070996791698","0.1841851821724021","0.5744918387635265","0.2182102599658008","0.3675360281114196","0.3862008492940974","-0.06022967007409386","-0.009824613460810441","5.156830903190722E-4","0.6248302091822874","0.08099352051835854","0.1978239366963403","0.457686439917437","0.5714319596212257","0.6298785023039302","0.5351401296848198","0.4732252519901159","1.582837450654373","0.8795699276974013","1.644621044024923","1.448396794293932","1.061802682656232"
"IMF.STA:CPI(3.0.1)","ITA.CPI._T.POP_PCH_PA_PT.M","OBS_VALUE","Italy","Consumer price index (CPI)","All Items","Period average, Period-over-period percent change","Monthly","Units","0.09775171065493646","0.09765625","0.2926829268292683","0.1945525291828794","0.0","0.0970873786407767","0.0","0.3879728419010669","-0.5797101449275363","-0.09718172983479106","-0.1945525291828794","0.1949317738791423","0.09727626459143969","-0.09718172983479106","0.09727626459143969","0.09718172983479106","-0.1941747572815534","0.09727626459143969","-0.1943634596695821","0.2921129503407984","-0.6796116504854369","0.1955034213098729","-0.0975609756097561","0.1953125","0.6822612085769981","0.0968054211035818","0.2901353965183752","0.3857280617164899","0.0","0.09606147934678194","0.4798464491362764","0.382043935052531","-0.1902949571836346","0.667302192564347","0.5681818181818182","0.3766478342749529","1.594746716697936","0.9233610341643583","1.0064043915828","-0.09057971014492754","0.8159564823209429","1.169064748201439","0.4444444444444444","0.7964601769911503","0.2633889376646181","3.415061295971979","0.5080440304826418","0.2527379949452401","0.08403361344537814","0.1679261125104954","-0.4191114836546521","0.4208754208754209","0.3352891869237217","0.0","0.0","0.3341687552213868","0.1665278934221482","-0.1662510390689942","-0.4995836802664446","0.1673640167364017","0.3341687552213868","0.0832639467110741","0.0","0.08319467554076539","0.2493765586034913","0.08291873963515756","0.4142502071251036","0.165016501650165","-0.1647446457990115","0.0","-0.08250825082508251","0.08257638315441784"
"IMF.STA:CPI(3.0.1)","BLZ.CPI._T.POP_PCH_PA_PT.M","OBS_VALUE","Belize","Consumer price index (CPI)","All Items","Period average, Period-over-period percent change","Monthly","Units","-0.1875502366028371","0.2323439890662168","0.132372712282705","0.1560228986824251","-0.2158672021303152","0.008437648261665388","0.08698758181962157","0.1159989530363323","-0.07621044539665375","0.03673173915100339","-0.1486085788916638","0.02393304470216834","-0.1244445081444342","0.4440455041780003","-0.1375015893415095","-0.03609523222117179","-0.1952029378656149","0.1817509815971782","0.08871507910769443","0.0","0.1476650070320928","-0.7191135111169197","0.405069235988","0.3312899872467548","0.5353681831761317","0.7165616859442613","0.02176107054842553","0.9270762581602663","0.09394635567801143","0.4239655440518014","0.3564372933174408","0.600406855579256","0.05785240567562155","0.614844031498181","0.864709126436665","-0.4049781528251589","-0.237018423632224","1.138045582530081","1.130027971738299","0.9954397725336585","0.8960854119317334","0.5400267349825053","0.8941127862837477","0.6526784350037902","-0.1571161507944484","0.2500623430222637","0.5947253015219591","-0.1455254889307464","-0.348089941697695","1.003589086686234","0.5432834063012084","-0.4163599794313865","0.1961721417757914","0.1755926251097454","0.4382120946538124","1.221640488656195","0.603448275862069","0.4284490145672665","0.4266211604095563","-0.594732370433305","0.2564102564102564","0.5967604433077579","0.0","0.08474576271186442","0.3386960203217612","-0.08438818565400844","0.4222972972972973","0.6728343145500421","0.0","0.0","0.3341687552213868","-0.0832639467110741"
"IMF.STA:CPI(3.0.1)","MSR.CPI._T.POP_PCH_PA_PT.M","OBS_VALUE","Montserrat, United Kingdom-British Overseas Territory","Consumer price index (CPI)","All Items","Period average, Period-over-period percent change","Monthly","Units","-2.218700475435816","-0.1823338735818476","-0.1014816318246397","2.20438845997562","-1.10327005267866","0.9849246231155779","-0.9753184713375797","0.4824120603015075","-0.07001400280056011","0.0","0.3903513161845661","0.06979062811565304","-3.820414072653582","2.723174895735504","-0.2492495517444133","-0.5270304247408246","-1.730529834037967","1.12047072543336","-0.2883569703908297","0.9481591279360182","-0.3990835349917189","-0.829807832558337","0.3942787385979655","-0.2282575998179579","0.6950446578276606","-0.6017338092809791","-0.4104247896572953","3.276323923346384","0.4688747007182761","0.4269685234832688","-0.3460549733043306","0.2678837186228793","0.3661191371462498","0.1281672089125505","0.7483261126427727","0.07818608287724785","1.025390625","-0.1643305944900918","-0.1355538342370256","1.318596082993989","0.1339712918660287","0.8696483180428135","0.255802936996684","0.8032508032508033","-6.890409674697666","1.812323801852598","0.3560126582278481","-0.3350413874655104","3.430887878188649","-0.8794570308765892","-1.099430996238789","0.4388103364212579","-0.8058252427184466","0.0978760888714887","-1.544930087024543","-0.4171218591717152","0.7280343073701007","1.01980198019802","0.07840831128099579","0.09793360101850945","1.878485471088935","-0.6914433880726016","0.5221932114882507","1.115921115921116","-0.504233659975264","0.5259131765155862","0.7229144868258347","0.1605439607139484","0.1602866302093155","0.1694436599830556","0.1691570341133352","0.1688713763017169"
"IMF.STA:CPI(3.0.1)","SAU.CPI._T.POP_PCH_PA_PT.M","OBS_VALUE","Saudi Arabia","Consumer price index (CPI)","All Items","Period average, Period-over-period percent change","Monthly","Units","-1.052765745411786","-0.1740733155846815","-0.1025746230382603","0.05133997330321388","0.03078817733990148","0.2257104750179542","0.2763844815231856","0.1939567170273581","0.2343352012226184","0.0541268550518398","-0.1387742454912339","0.2272203579674384","-0.1522533495736906","0.3253024296025211","0.1418583443104671","-0.1214206212688455","-0.2127444027960693","-0.3045685279187817","5.865580448065173","0.2308580223162755","-0.163147792706334","0.06728828222628087","-0.09606147934678194","-0.2211538461538462","0.2216440204297967","-0.125","-0.1444112833349379","0.1735441573467027","0.1828681424446583","0.1537131328657892","0.1534772182254197","0.06704338664878844","0.2009954058192956","0.2483522781545515","0.2096236303001429","-0.1045925644195113","0.1522939272796497","0.3136285877209656","0.2747513027001421","0.4251700680272109","0.1223068962273027","0.225521518511558","0.5062816426026627","0.3824626865671642","0.2694916829290958","0.1946246524559778","0.1294977337896587","0.2586605080831409","0.2027089284068921","-0.0735632183908046","0.06441520198766909","0.3862424130954571","0.192378160498351","0.1920087775441163","0.09125752874612156","0.02735229759299781","0.009114939385653085","0.1275975209624499","0.1820498816675769","0.08177357804833726","0.2632773490694507","0.1810938065918146","-0.09942154736080983","0.3257034289333213","0.1623230228154027","0.1350499684883407","0.1258766408919259","0.07183908045977011","0.1256281407035176","0.3136762860727729","0.2769588135441794","0.03563791874554526"
"IMF.STA:CPI(3.0.1)","BGD.CPI._T.POP_PCH_PA_PT.M","OBS_VALUE","Bangladesh","Consumer price index (CPI)","All Items","Period average, Period-over-period percent change","Monthly","Units","1.336535854027034","-0.0841042893187572","0.417049280685647","0.106686987997711","-1.179918547558324","0.3119824365443068","1.247888189218252","1.240092532898475","1.850464489062039","0.5148951820522225","0.1097694840834243","-0.2302631578947447","1.168626589002465","-0.1919177288528469","0.4353662518593746","0.5635227395874765","-1.745752361794603","0.9468796841297114","0.7786469650876392","1.379954720235751","2.130374676544606","0.9683465222823818","-0.7562476367261315","-0.4502788265041129","0.9115897150412386","0.09309381788089992","0.5718222528418913","0.6576243321002866","-2.028038655233425","1.312864684634623","0.5107987658553325","1.548483918278246","2.179827360360051","1.074880021037414","-0.4943250186997947","-0.3791221361571437","0.7250418293363105","0.3875968992248083","0.6197073423964309","0.7287501612278843","-0.9923810743324994","1.448525607863365","0.4366394696583473","3.468409862596439","1.784947555664528","0.9069543208389238","-0.543462032309143","-0.5164079622901809","0.6005734118001376","0.5849883002340112","1.127382266098025","1.127367897319316","-0.3499327052489906","1.2605798667387","0.3823581717944158","3.693861280892905","1.512045105074321","1.186569048220146","-0.9481037924151697","-0.5877413937867338","1.013513513513514","0.4096989966555184","1.257390290615372","0.5756578947368421","-0.2125919869174162","1.098000655522779","2.172151077970498","2.60193558622878","0.9819081490644812","2.074879411989894","-0.495049504950495","-1.02517714458013"
"IMF.STA:CPI(3.0.1)","IND.CPI._T.POP_PCH_PA_PT.M","OBS_VALUE","India","Consumer price index (CPI)","All Items","Period average, Period-over-period percent change","Monthly","Units","-0.3568879371877231","0.2148997134670487","0.357398141529664","0.5698005698005698","0.56657223796034","0.6338028169014085","0.9097270818754374","0.5547850208044383","0.5517241379310345","0.9602194787379973","0.9510869565217391","1.211305518169583","-0.1329787234042553","-0.7323568575233023","-0.335345405767941","1.884253028263795","-0.3302509907529723","0.5964214711729622","1.383399209486166","0.5198180636777128","1.098901098901099","1.278772378516624","0.3156565656565657","-1.006922592825677","-0.6357279084551812","0.1919385796545106","0.1277139208173691","0.6377551020408163","1.64765525982256","0.5610972568578554","0.7439553626782393","0.2461538461538462","0.1841620626151013","1.409313725490196","0.7250755287009063","-0.3599280143971206","-0.2408187838651415","0.2414001207000604","0.9632751354605659","1.431127012522361","0.940623162845385","0.5241700640652301","0.4634994206257242","0.5190311418685121","0.5737234652897303","0.7986309184255562","-0.1131861912846633","-0.453257790368272","0.4553215708594195","0.169971671388102","0.2262443438914027","0.5079006772009029","0.5053340819764177","1.11731843575419","2.92817679558011","-0.05367686527106817","-1.12781954887218","0.6518196632265073","0.5396654074473826","-0.322061191626409","-0.1077005923532579","0.1617250673854447","0.0","0.4843918191603875","0.5356186395286556","1.3319126265317","1.472134595162986","0.0","0.6217616580310881","1.338825952626159","-0.1524390243902439","-0.5597964376590331"
"IMF.STA:CPI(3.0.1)","PAK.CPI._T.POP_PCH_PA_PT.M","OBS_VALUE","Pakistan","Consumer price index (CPI)","All Items","Period average, Period-over-period percent change","Monthly","Units","0.9966635298143826","0.6352971072805291","1.418290475990012","1.265665200431555","0.7826906527886145","0.357810848174374","2.285066216821581","1.638947198449863","0.7705139407419175","1.813022229229071","1.347166305357696","-0.3403888334782277","1.97356493789885","-1.042056580841195","0.03832027358671596","-0.8361949805121544","0.3169495297256904","0.8177956674083439","2.500259996005253","0.6255793069111409","1.536098652472529","1.7016535529972","0.819646245942858","-0.6826801381817038","-0.2127700661989235","1.803053411039998","0.3618634526029332","1.032878154653019","0.1023413561450065","-0.2869919604226066","1.333839332061847","0.5788354241217208","2.124129152110358","1.903033827393668","2.977173487636787","-0.01646071806552281","0.3933126088732391","1.151699629737789","0.793934421210345","1.613389271151516","0.4444741598475944","6.344377775255006","4.348315795480847","2.449406848089967","-1.151076337814972","4.705955177328621","0.7577525773600347","0.4935731332384431","2.882139065990948","4.319648852504788","3.720426228721712","2.405886579253424","1.582328245939347","-0.2583692417035705","3.456912014158313","1.715984632561434","1.99716829023437","1.081571939082322","2.619725615601713","0.8236121540255784","1.8349617899201","0.03458869905130117","1.712106610143825","-0.4307718967381835","-3.243642404200423","0.4565004924764698","2.099363802845221","0.3860789014163291","-0.5199889108971636","1.231663436696654","0.4875446835425157","0.06195003289843662"
"IMF.STA:CPI(3.0.1)","BWA.CPI._T.POP_PCH_PA_PT.M","OBS_VALUE","Botswana","Consumer price index (CPI)","All Items","Period average, Period-over-period percent change","Monthly","Units","0.3","0.1994017946161515","0.09950248756218905","0.5964214711729622","0.09881422924901186","0.1974333662388944","0.1970443349753695","0.0","0.09832841691248771","0.09823182711198428","0.09813542688910697","0.196078431372549","0.3913894324853229","0.09746588693957114","0.0973709834469328","0.8754863813229572","0.0","-1.253616200578592","0.1953125","0.1949317738791423","0.7782101167315175","0.4826254826254826","0.1921229586935639","0.09587727708533078","0.4789272030651341","0.2859866539561487","3.187642585551331","2.936527091735496","0.518699028378994","-1.33296890065678","0.7964917188141504","0.0919376005987134","0.4542572192374668","0.8956807886264566","-0.02011951699040264","0.1526919682259488","2.214447489711209","0.3076238643006299","0.2212431216080782","3.001715265866209","2.575353871773522","1.343339313110323","2.30208117237054","0.3206182176915488","-0.2559870133417622","0.2447507306137938","0.0","-0.4051006780557977","-0.6250132252014737","0.07902220665963196","1.044838455476753","1.121068364503583","0.4138407599985809","0.2661290322580645","-0.6777661599506689","0.05167293040273265","1.686211300968868","0.08596366481144849","-0.02862994358840745","0.1003092616359501","-0.2811748339819655","0.07908756329092308","0.1024595603263841","1.307200436390084","0.3246398748405219","0.07312627887127612","0.2033525611994375","0.2317082780142519","-0.6971519858077655","0.1582591641317069","0.1442886309506943","0.05301575506125479"
"IMF.STA:CPI(3.0.1)","AUT.CPI._T.POP_PCH_PA_PT.M","OBS_VALUE","Austria","Consumer price index (CPI)","All Items","Period average, Period-over-period percent change","Monthly","Units","-0.7525901377710563","0.0","0.8530918197652106","0.0939726399969753","0.1877992908406341","0.09371856559007376","-0.3745232645289774","0.0939726399969753","0.4694931500729061","0.1869115996263385","0.1865729796930519","0.6517641936681104","-0.4625340978344249","0.1005025125628141","0.3012048192771084","0.0","-0.6006006006006006","0.5035246727089627","0.2004008016032064","-0.2","0.4008016032064128","0.1996007984031936","0.09960159362549802","0.5970149253731343","-0.791295746785361","0.4985044865403789","1.091269841269841","-0.09813542688910697","0.2946954813359528","0.4897159647404505","0.2923976608187135","0.09718172983479106","0.4854368932038835","0.5797101449275363","0.6724303554274736","0.5725190839694656","-0.09487666034155598","1.234567901234568","2.063789868667917","0.2757352941176471","0.8249312557286893","1.363636363636364","0.9865470852017937","0.0","1.687388987566607","0.9606986899563319","0.2595155709342561","0.1725625539257981","0.8613264427217916","0.9393680614859095","0.5076142131979695","0.6734006734006734","0.1672240802675585","0.5008347245409015","0.0830564784053156","0.3319502074688797","0.413564929693962","0.3294892915980231","0.2463054187192118","0.4095004095004095","-0.08156606851549755","0.4897959183673469","0.487408610885459","0.0","0.08084074373484236","0.1615508885298869","0.0","-0.2419354838709677","-0.08084074373484236","0.3236245954692557","0.3225806451612903","0.5627009646302251"
"IMF.STA:CPI(3.0.1)","MKD.CPI._T.POP_PCH_PA_PT.M","OBS_VALUE","North Macedonia, Republic of","Consumer price index (CPI)","All Items","Period average, Period-over-period percent change","Monthly","Units","-0.06204023752548081","-0.00886839304717985","0.3902439024390244","0.7774538386783285","0.4821600771456123","-1.108009073460129","0.1852668725187472","0.2994011976047904","-0.6233538191395961","-0.1060164325470448","-0.08844078889183692","0.309816765512968","0.123543946346629","0.09695046712497797","0.1937131284670247","0.1230336584937165","0.3949793732993944","0.8130792096520371","-0.2601682421299107","0.4869141813755326","-0.2076663493986329","0.06936616665221539","0.03465904167749762","0.3637938501515808","-0.2243894019159403","0.06919816624859441","0.4667646296136226","0.688290458573518","0.6579509527471588","0.4923599320882852","0.4899476262882244","0.6136516476126429","-0.1169688361600802","0.4684232538686742","0.7493131296311714","0.4131889926452359","1.473129783556909","0.9651257096512571","1.622620290786409","2.205359260137539","1.956689868522815","2.776302814230448","1.882057716436637","1.246015647638366","1.57412707498569","1.352493660185968","0.5351681957186544","-0.2488765986864846","0.04851341049275764","0.5957328899972291","-0.08951934995179726","0.7099041973947205","0.3900903367095538","0.9475765219169678","1.019719070772555","1.196604051072933","-0.06605892456070815","-1.526969857218403","0.1476807410888098","0.2211944500301629","-0.3477795612627073","0.4026845637583893","0.8890374331550802","0.7089379182402438","0.8486842105263158","-0.2739904755691826","0.7391901615751946","0.5","0.2778316211152032","-0.6958762886597938","0.9602906825849987","0.3020565552699229"
"IMF.STA:CPI(3.0.1)","SVK.CPI._T.POP_PCH_PA_PT.M","OBS_VALUE","Slovak Republic","Consumer price index (CPI)","All Items","Period average, Period-over-period percent change","Monthly","Units","1.06320141760189","0.233781414377557","0.5830903790087464","0.2318840579710145","0.3470213996529786","0.05763688760806916","0.1152073732718894","0.2301495972382048","0.1148105625717566","-0.0573394495412844","0.1147446930579461","-0.1146131805157593","1.147446930579461","0.1134429948950652","0.0","0.0","0.226628895184136","-0.1130582249858677","0.1131861912846633","-0.1130582249858677","0.05659309564233164","0.1131221719457014","0.05649717514124294","-0.0564652738565782","0.3389830508474576","0.2252252252252252","0.5056179775280899","0.2235885969815539","0.8365867261572782","0.5530973451327434","0.495049504950495","0.3831417624521073","0.8178844056706652","0.5949161709031909","0.5376344086021505","0.160427807486631","2.754938601174586","0.8521251169074093","1.751674394641937","1.417721518987342","1.597603594608088","1.179361179361179","0.825643516270034","0.770712909441233","0.9082217973231358","1.231643770724775","0.9358914365933552","0.1854427445526194","2.591392873669597","1.03743797925124","1.160714285714286","0.5736981465136805","-0.04387889425186485","0.2194907813871817","-0.2628120893561104","0.0","0.3074220465524813","0.1751313485113835","0.1748251748251748","-0.1308900523560209","0.655307994757536","0.5208333333333333","0.1295336787564767","0.301854247520483","0.1289767841788478","0.0","0.30055817947617","0.2568493150684932","0.04269854824935952","0.6828851899274434","0.2543450614667232","-0.4651162790697674"
"IMF.STA:CPI(3.0.1)","CAN.CPI._T.POP_PCH_PA_PT.M","OBS_VALUE","Canada","Consumer price index (CPI)","All Items","Period average, Period-over-period percent change","Monthly","Units","0.1499250374812594","0.6736526946107784","0.6691449814126395","0.4431314623338257","0.4411764705882353","-0.2196193265007321","0.5135730007336757","-0.145985401459854","-0.4385964912280702","0.2936857562408223","-0.1464128843338214","0.0","0.2932551319648094","0.4385964912280702","-0.5822416302765648","-0.6588579795021962","0.2947678703021371","0.8082292432035268","0.0","-0.1457725947521866","-0.07299270072992702","0.4382761139517896","0.1454545454545455","-0.2178649237472767","0.5822416302765648","0.5065123010130246","0.503959683225342","0.501432664756447","0.4989308624376336","0.2836879432624113","0.6364922206506365","0.2108222066057625","0.2103786816269285","0.6997900629811057","0.2084781097984712","-0.1386962552011096","0.9027777777777778","1.032346868547832","1.430517711171662","0.6044325050369375","1.401869158878505","0.6583278472679394","0.1308044473512099","-0.3265839320705421","0.0655307994757536","0.7203667321545514","0.1300390117035111","-0.5844155844155844","0.5225342913128674","0.3898635477582846","0.5177993527508091","0.7083065035415325","0.3836317135549872","0.1273885350318471","0.5725190839694656","0.3795066413662239","-0.1260239445494644","0.06309148264984227","0.1261034047919294","-0.3148614609571788","0.0","0.3158559696778269","0.6297229219143577","0.5006257822277848","0.5603985056039851","-0.06191950464396285","0.4337050805452292","-0.1850709438618137","-0.4326328800988875","0.4345127250155183","0.0","-0.3708281829419036"
"IMF.STA:CPI(3.0.1)","NIC.CPI._T.POP_PCH_PA_PT.M","OBS_VALUE","Nicaragua","Consumer price index (CPI)","All Items","Period average, Period-over-period percent change","Monthly","Units","-0.2506305839373103","0.2736314096331799","1.818238868163662","0.9626191249254472","0.7665626757848871","0.0853057943949172","0.3510649317367021","-0.03212826554253957","-0.1378744242912236","0.3392282855734045","0.7893403584860458","1.017957517455204","0.01775384117981126","0.2720726407419103","-0.09068873796787262","-0.170784288648709","0.4608307112650271","0.754641804274427","0.1800049610414965","-0.5873603096079593","-0.2001888198867938","0.2257634587940116","0.7434019243699157","1.300939889849487","0.2625621239620874","0.8459700012877505","0.2345700820898618","0.1093828857417275","0.04724268258089505","0.724562181638744","0.3476913355782465","0.2381116697004493","0.6341084184562367","0.7462786383950726","1.394395098485732","1.409109272510288","0.7022729187509135","0.9144345988919499","1.153694902635302","1.218384556438326","0.6515567204104797","0.5063134188309353","1.335601283131235","0.8614549606919959","0.06924835237512425","1.326105229982566","0.6834256148001004","1.607061437186274","0.09891152389639635","1.076067204633301","0.5024593372865608","0.4364950315524682","0.5912209191339559","0.8754701001110735","-0.2311172286219554","0.1957129029414656","-0.1986277260379508","0.2240489582423315","0.3431221512223478","1.565794889681876","0.2751484010641906","0.2577664256054772","0.9859189593841","0.4292212704831201","0.616083009079118","0.2578150177247825","0.1607200257152041","-0.4813863928112965","-0.8158658497258949","-0.02601033910979614","0.4495931575010569","0.7044496755285274"
"IMF.STA:CPI(3.0.1)","LCA.CPI._T.POP_PCH_PA_PT.M","OBS_VALUE","St. Lucia","Consumer price index (CPI)","All Items","Period average, Period-over-period percent change","Monthly","Units","0.8185549055401439","0.04867127421395892","-0.4280988519167153","-0.1270275552081298","-0.146756677428823","0.01959631589261219","-0.8032915360501567","-0.08888011060635986","-0.0691904714836414","-0.1879327398615232","0.356753542760876","-0.08887133405747014","-1.442972919549318","-0.2306458082631368","0.06030756859985928","-0.311401305876444","-0.2015316404675534","0.01009693053311793","0.232205956587582","1.672038678485093","0.1783237566871409","-0.1977848101265823","-0.4260800634165676","0.3184396457358941","-0.1388751115960718","-0.2781364855468362","0.06972806056380118","0.656977901652399","0.3659018987341772","0.4433934377771209","0.1863841475377673","0.783315382355821","0.3206062372486156","0.7553747821034282","1.066897347174164","-0.1521635758440323","0.08572244975711973","0.1998477350590027","0.6458353119954412","0.4340851184297443","1.550314760875693","0.2220577350111029","1.237075332348597","0.9575050155024623","0.6051847168277482","-0.03591309032142216","0.9879647925273936","-0.1867662753468517","-0.4187828566336987","0.1879026485325698","1.384299365901581","0.4756871035940803","-1.253726109065404","-0.03551451655864335","-0.07105426769695355","0.1333214825348858","1.455707438309959","0.2099737532808399","0.427798149118212","-0.4085890637225072","-0.3840782122905028","-0.1314405888538381","-0.8423269281389839","-0.3097071055658791","1.624356470797089","-1.965237138614726","-0.4989308624376336","0.5193409742120344","-0.5344735435595938","-0.6806376500089558","4.220018034265104","0.415296764146046"
"IMF.STA:CPI(3.0.1)","VCT.CPI._T.POP_PCH_PA_PT.M","OBS_VALUE","St. Vincent and the Grenadines","Consumer price index (CPI)","All Items","Period average, Period-over-period percent change","Monthly","Units","0.5415162454873645","-0.4488330341113106","0.1803426510369702","0.36003600360036","-0.4484304932735426","0.5405405405405405","0.1792114695340502","0.0","-0.2683363148479428","0.0","0.3587443946188341","-0.5361930294906166","0.3593890386343217","0.08952551477170995","-0.2683363148479428","0.08968609865470852","-0.985663082437276","0.0","-0.4524886877828054","0.2727272727272727","-0.09066183136899365","0.09074410163339383","0.0","-0.09066183136899365","0.2722323049001815","0.2714932126696833","0.5415162454873645","0.5385996409335727","-0.08928571428571429","0.8042895442359249","0.08865248226950355","0.1771479185119575","0.08841732979664015","0.176678445229682","0.3527336860670194","0.1757469244288225","0.6140350877192982","0.08718395815170009","0.5226480836236934","1.299826689774697","0.9409751924721985","0.5932203389830508","0.9267059814658803","0.667779632721202","0.746268656716418","0.3292181069958848","0.3281378178835111","-0.5723630417007359","-0.1644736842105263","0.08237232289950577","0.2469135802469136","0.9852216748768473","0.4878048780487805","1.132686084142395","0.32","-0.1594896331738437","0.0","0.7987220447284346","0.2377179080824089","0.0","0.5533596837944664","0.3930817610062893","0.07830853563038372","0.8607198748043818","0.1551590380139643","-0.07745933384972889","0.310077519379845","-0.6182380216383307","1.010886469673406","-0.6158583525789069","0.3872966692486445","-0.3858024691358025"
"IMF.STA:CPI(3.0.1)","TTO.CPI._T.POP_PCH_PA_PT.M","OBS_VALUE","Trinidad and Tobago","Consumer price index (CPI)","All Items","Period average, Period-over-period percent change","Monthly","Units","0.277264325323475","-0.09216589861751152","0.1845018450184502","-0.2762430939226519","0.0","-0.09233610341643583","0.3696857670979667","0.09208103130755065","0.0","0.0","-0.09199632014719411","0.0","0.2762430939226519","0.0","0.09182736455463728","0.09174311926605505","-0.09165902841429881","-0.1834862385321101","0.1838235294117647","0.1834862385321101","0.2747252747252747","0.0","0.091324200913242","-0.09124087591240876","0.365296803652968","-0.09099181073703368","0.09107468123861566","0.3639672429481347","0.1813236627379873","0.2714932126696833","0.5415162454873645","0.1795332136445242","0.4264156325483871","1.538350764184256","-0.1757469244288225","-0.2640845070422535","0.706090026478376","0.2629272567922875","0.0","1.311188811188811","0.0","0.2588438308886972","1.549053356282272","0.5084745762711864","0.3372681281618887","2.941176470588235","0.163265306122449","0.4074979625101874","0.3246753246753247","-0.4045307443365696","-0.2437043054427295","0.0","-0.244299674267101","0.326530612244898","0.4882017900732303","-0.08097165991902834","0.1620745542949757","0.4045307443365696","-0.08058017727639001","0.08064516129032258","-0.08058017727639001","0.08064516129032258","-0.24174053182917","-0.3231017770597738","0.1620745542949757","0.08090614886731393","0.1616814874696847","0.0","0.1614205004035513","0.24174053182917","0.1607717041800643","0.08025682182985554"
"IMF.STA:CPI(3.0.1)","KOS.CPI._T.POP_PCH_PA_PT.M","OBS_VALUE","Kosovo, Republic of","Consumer price index (CPI)","All Items","Period average, Period-over-period percent change","Monthly","Units","0.3983230157803732","0.3681831982469476","0.1454437885081345","0.1277197359738162","-0.1935994438452593","-0.3260197521067536","-0.1181834871295668","0.497729104328405","-0.1214693003462909","-0.04121824810165401","0.1988479154446486","0.2394592679221262","0.7663615514185098","-0.1988736583062214","-0.08662661474260427","-0.3223989369165331","-0.2911073584466882","-0.4057228469286462","-0.3315862296366901","0.1031387217905578","-0.0651299509138392","0.1894986879070972","0.1043973551121864","0.6302229565505927","0.4733711961586137","0.7390138194041866","0.4128099390553222","0.3340286081123588","-0.2287246377302671","-0.01875953711963415","0.7806268954796891","1.247552013737005","0.1056917562713516","0.9865397873837036","1.237326913132491","0.4516798434769383","0.8692891968166169","1.108491703791681","2.741845709349819","1.454107841072614","0.887126108741837","1.399703202691625","0.886178261029021","0.2151803447152409","-0.1803016841142905","0.9464859700497206","0.2730118788177963","0.8748449767331847","0.843180609464742","-0.2790570616945192","-0.4214650878487035","-0.01202104211636862","-0.3198493672608351","-0.03405436674262301","0.4281846861681838","1.024932032491911","0.8580221894424945","-0.01645276719216709","-0.09674943235373532","0.3223953318464907","0.358943960053671","0.0825065430725747","-0.3031927043405109","0.08656635266661115","-0.3552185902157417","-0.02732586845223521","0.2724812101080176","0.2282933487817724","-0.347386639539998","0.2031221466388049","0.1702039299132796","0.7351307587784787"
"IMF.STA:CPI(3.0.1)","NOR.CPI._T.POP_PCH_PA_PT.M","OBS_VALUE","Norway","Consumer price index (CPI)","All Items","Period average, Period-over-period percent change","Monthly","Units","-0.4553734061930783","0.8234217749313815","0.1814882032667877","0.3623188405797101","-0.2707581227436823","0.09049773755656108","0.7233273056057866","-0.718132854578097","0.4520795660036166","0.18001800180018","0.2695417789757412","-0.2688172043010753","0.0","-0.08984725965858041","0.0","0.4496402877697842","0.1790510295434199","0.1787310098302055","0.7136485280999108","-0.354295837023915","0.3555555555555556","0.2657218777679362","-0.7067137809187279","0.4448398576512456","1.062887511071745","0.7011393514460998","-0.2610966057441253","0.3490401396160558","-0.08695652173913043","0.3481288076588338","0.8673026886383348","0.0","1.031814273430782","-0.2553191489361702","0.7679180887372014","0.6773920406435224","-0.9251471825063078","1.103565365025467","0.5877413937867338","1.168614357262104","0.2475247524752475","0.9053497942386831","1.305057096247961","-0.2415458937198068","1.372074253430186","0.3184713375796178","-0.1587301587301587","0.0794912559618442","0.158856235107228","0.3965107057890563","0.7898894154818324","1.09717868338558","0.4651162790697674","0.617283950617284","0.3834355828220859","-0.7639419404125286","-0.07698229407236336","1.001540832049307","0.5339435545385202","0.07587253414264036","0.0758150113722517","0.2272727272727273","0.2267573696145125","0.8295625942684766","-0.1495886312640239","0.2247191011235955","0.523168908819133","-0.8921933085501859","0.3000750187546887","0.5983545250560957","0.2973977695167286","-0.07412898443291327"
"IMF.STA:CPI(3.0.1)","GRC.CPI._T.POP_PCH_PA_PT.M","OBS_VALUE","Greece","Consumer price index (CPI)","All Items","Period average, Period-over-period percent change","Monthly","Units","-1.766374463025279","0.1296857391655549","1.819253091120429","0.9895911783439804","-1.106913947310701","0.4782792985499818","-1.462246473636398","-0.5461675778088184","2.110235419616486","0.1298025217375107","-0.5760108093818385","0.6604940460011895","-1.685354235495652","-0.4995860416426186","1.582390041518674","-0.4562218061027789","-0.8126792602116507","0.04417265024933118","-1.701859614920774","-0.6474316674825511","2.033677070985763","0.3487922697582939","-0.876933657603062","0.398247569915551","-1.326946852417325","0.2065685363770126","1.203267287508963","0.9094414946456723","-0.3908969900634203","0.9351229222118331","-1.387863983804965","-0.1303652748765477","2.367398734354103","1.528614177820661","0.4739153776239076","0.6780220328382148","-0.2617406947228807","1.116009801626917","2.747610414125601","2.135667186806053","0.6547798569441506","1.628223980079211","-1.830436037710608","-0.2976419940579183","2.937378721965554","-1.153233675261906","-0.01033953440281235","-0.5420420659288602","-0.4800373935089205","0.3003767209827069","1.243578022079764","0.6377609341751227","0.4031408992296287","0.6185565216029212","-1.145182423988203","-0.0317586968960467","1.820097651822854","0.5683205148921979","-0.3677652046083895","-0.08638312072105458","-0.8345281739115503","0.09523727067298118","1.542673275034383","0.4847756922172674","-0.259317280923946","0.4942302968696481","-0.7298763861731135","0.2559292258566899","1.772229993048745","0.01928823893368603","-0.3800135576014399","0.118746333696472"
"IMF.STA:CPI(3.0.1)","IRL.CPI._T.POP_PCH_PA_PT.M","OBS_VALUE","Ireland","Consumer price index (CPI)","All Items","Period average, Period-over-period percent change","Monthly","Units","-0.5995203836930456","0.8443908323281062","0.7177033492822967","0.3562945368171021","-0.1183431952662722","0.2369668246445498","-0.1182033096926714","0.4733727810650888","-0.2355712603062426","-0.2361275088547816","-0.1183431952662722","0.1184834123222749","-0.5917159763313609","0.5952380952380952","0.3550295857988166","-0.3537735849056604","-0.5917159763313609","0.3571428571428571","-0.2372479240806643","-0.1189060642092747","-0.3571428571428571","-0.4778972520908005","0.2400960384153661","0.2395209580838323","0.1194743130227001","0.3579952267303103","0.8323424494649228","0.589622641509434","0.2344665885111372","0.1169590643274854","0.3504672897196262","0.6984866123399301","0.3468208092485549","0.6912442396313364","0.5720823798627002","0.5688282138794084","-0.4524886877828054","0.9090909090909091","1.914414414414414","0.8839779005524862","0.9857612267250822","1.301518438177874","0.4282655246252677","0.1066098081023454","0.1064962726304579","1.595744680851064","0.3141361256544503","-0.208768267223382","-0.8368200836820084","1.687763713080169","1.037344398340249","0.513347022587269","0.4085801838610827","0.8138351983723296","0.2018163471241171","0.6042296072507553","0.1001001001001001","0.3","-0.7976071784646062","0.5025125628140704","-1.3","1.013171225937183","0.5015045135406219","0.1996007984031936","0.49800796812749","0.3964321110009911","0.1974333662388944","0.09852216748768473","-0.8858267716535433","0.2979145978152929","-0.495049504950495","0.8955223880597015"
"IMF.STA:CPI(3.0.1)","HUN.CPI._T.POP_PCH_PA_PT.M","OBS_VALUE","Hungary","Consumer price index (CPI)","All Items","Period average, Period-over-period percent change","Monthly","Units","0.2781641168289291","0.5547850208044383","0.6896551724137931","0.8904109589041096","0.6109979633401222","-0.2024291497975709","0.2028397565922921","-0.1349527665317139","0.06756756756756757","0.6076975016880486","0.06711409395973154","0.2682763246143528","0.9364548494983278","0.3313452617627568","0.1981505944517834","-0.5932762030323006","0.4641909814323607","0.396039603960396","1.117685733070348","0.0","-0.3901170351105332","0.195822454308094","-0.260586319218241","0.3265839320705421","0.9114583333333333","0.7096774193548387","0.7046764894298527","0.826972010178117","0.5047318611987383","0.5649717514124294","0.4993757802746567","0.1863354037267081","0.1239925604463732","1.176470588235294","0.6731946144430845","0.243161094224924","1.394784718010916","1.076555023923445","1.005917159763314","1.581722319859402","1.672433679354095","1.474758933635848","2.347680268306316","1.802293828509011","4.07725321888412","2.010309278350515","1.819100555836281","1.935483870967742","2.336903602726388","0.8087535680304472","0.8022652194431336","0.6554307116104869","-0.372093023255814","0.2801120448179272","0.2793296089385475","0.6963788300835655","0.3688335638543107","-0.1378043178686266","0.0","-0.3219871205151794","0.692201199815413","0.6416131989000917","0.819672131147541","0.6775067750677507","-0.04486316733961418","-0.04488330341113106","0.7184553210597217","0.0","-0.0891662951404369","0.0892458723784025","0.5349977708426215","0.5321507760532151"
"IMF.STA:CPI(3.0.1)","LTU.CPI._T.POP_PCH_PA_PT.M","OBS_VALUE","Lithuania, Republic of","Consumer price index (CPI)","All Items","Period average, Period-over-period percent change","Monthly","Units","0.194587812492482","0.1278109874968717","0.9382669592237093","0.8062821293011917","0.2322271874405156","-0.1927125535362889","-0.318847907101909","-0.3961306813120488","0.9201630978368","0.07686276921184916","-0.01481860312979741","0.327503517680581","0.4353359869642408","-0.05085156186940027","-0.0751047832863592","0.08117772353956426","-0.4845178598666679","0.5103190846714935","-0.2770975178736421","-0.1865643111648036","0.4041070396996414","0.0659730668320631","-0.1419055529741861","-0.03161930358483854","0.4888165248739321","0.2162148628493149","0.9888021414231541","0.9301733826221559","0.5680345950488462","0.5522919025912022","0.71044344066884","0.4005497674490567","1.408573696065531","1.65806398235901","0.9458923028117666","1.22356739040298","2.170808758331525","1.798227227638894","2.350255873686152","1.901268122857514","2.341477156512299","2.316530804229977","1.236970595474554","1.01611708563739","2.864393296452112","1.196017175742562","0.4055660819318765","0.27098112169315","0.7292978938886252","0.7112260513798024","0.5188432769520129","0.04150795656460772","-0.1653739532424289","-0.1018010193212173","-0.2433771749087254","-0.1841128804687084","0.4844266486717313","0.3172188101507396","-0.401202364982362","-0.4954988956459241","0.2620771178245422","0.7116732974152252","-0.1848106425844485","0.07722882048684263","0.304556842653915","0.0900399279158984","-0.08162095437238828","-0.4191298996278747","0.3154249890177373","0.1221055406939067","0.6301200924028388","0.2360380329559359"
"IMF.STA:CPI(3.0.1)","EST.CPI._T.POP_PCH_PA_PT.M","OBS_VALUE","Estonia, Republic of","Consumer price index (CPI)","All Items","Period average, Period-over-period percent change","Monthly","Units","-0.2375296912114014","0.1428571428571429","0.3328578221588207","1.327014218009479","0.2338634237605239","0.1866542230517965","-0.1397298556124825","0.6996268656716418","-0.1389532190829088","-0.09276437847866419","-0.2321262766945218","-0.3257328990228013","-0.3734827264239029","0.4686035613870665","-0.6996268656716418","-0.3757632691404415","-0.6600660066006601","0.9017560512577124","0.0","0.6114769520225776","-0.2805049088359046","-0.5157055789967182","0.1413760603204524","0.0","0.6588235294117647","0.8415147265077139","-0.1854427445526194","0.3715745471435207","0.971772327626099","1.145737855178735","1.087449025826914","0.7171671896010758","1.246105919003115","-0.1758241758241758","1.849405548216645","3.026372676178124","-0.08392782207301722","1.469970600587988","2.649006622516556","3.588709677419355","1.907356948228883","2.711993888464477","1.934622536258832","2.297610161465322","0.3209700427960057","-1.102026306434412","0.8626887131560029","-0.1069137562366358","0.7491972886193364","0.56657223796034","0.6690140845070423","1.958726827562085","-0.03430531732418525","0.7549759780370625","-0.6471389645776567","0.5485087418580734","-0.03409478349812479","-0.4433833560709413","0.0","-0.1027749229188078","1.440329218106996","0.0","0.4056795131845842","0.8754208754208754","0.1001335113484646","0.3667889296432144","0.2325581395348837","0.3646005966191581","-0.2642007926023778","0.5960264900662252","-0.3949967083607637","0.1321877065432915"
"IMF.STA:CPI(3.0.1)","LVA.CPI._T.POP_PCH_PA_PT.M","OBS_VALUE","Latvia, Republic of","Consumer price index (CPI)","All Items","Period average, Period-over-period percent change","Monthly","Units","0.4747010915023712","0.06257664235624912","1.127918650760265","0.8538357440766705","0.2180446372842582","0.3353636230611648","-0.960252737426705","0.1989743891799163","0.05207883652021522","0.3796930325043308","-0.2571707377745586","-0.2306017191977077","0.3904017057099007","0.1350289923266914","0.290995060489124","-0.5058267153806326","-0.4020277296519272","0.1917063985230144","0.2420207076443104","-0.5054043830412008","0.02476338995158711","-0.03396070130228706","-0.2766573895142706","-0.04219074277864354","0.4082314986621644","0.4275442238756957","0.7733193379294679","0.861638021141034","0.5152697551612583","0.2883198198359733","0.3650848706112043","0.3746232391104524","1.053389107081692","1.138386290892646","1.068703880726083","0.3749748728178009","-0.02926972047416947","1.628883118839895","3.31674427694402","2.232120290060677","3.952773752491269","2.421588379076323","2.189653080210875","0.4052078889460637","1.573699449395006","0.7931305621559926","1.135088996596444","-0.4549893356366008","0.5297410013443621","0.5900087437407568","0.739734183199958","0.3380530038185666","1.249603284045851","-1.387007735788235","0.7414296273419092","-0.5640874431985715","-0.4039186342977497","-0.4053480623013085","0.00335265065450027","-0.7720616224469199","0.831704438032881","0.0793710074533355","1.236982527116102","0.5106849737905337","0.2512345797493275","-0.1275247681818524","0.08167898583865764","-0.526067715655269","0.2645624541382671","0.212490723250381","0.1979406506580226","0.2087522951823031"
"IMF.STA:CPI(3.0.1)","NLD.CPI._T.POP_PCH_PA_PT.M","OBS_VALUE","Netherlands, The","Consumer price index (CPI)","All Items","Period average, Period-over-period percent change","Monthly","Units","0.07694527267481004","0.8841902931283037","0.3810612555968372","0.6738160766821676","-0.1319758672699849","-0.09439305267132339","1.00151171579743","0.4396632366697848","-0.6240104312191487","0.4311152764761012","-0.4012691302724897","0.0655860582778975","-0.7771535580524345","0.6322544116259319","0.1969242310577644","0.458586803930744","-0.1490590646543693","0.3078932636685949","1.09757231885406","-0.5152267917931732","-0.2312031813557755","0.5469039673711531","-0.7928459481884392","0.2230275996654586","-0.2132591562355123","0.8827355510128229","0.2763194252555955","0.450078074768072","0.09144111192392099","0.1918509044399781","0.5106227774231786","0.4354531434273791","0.0722608617107759","1.254625868760718","0.882510251381708","0.7422461783158081","0.4561003420752566","0.6461189208067755","3.634944044417455","0.2929850996149339","-0.6343377013604874","0.0","2.116757664846703","1.957719832195443","2.371924162968939","1.071794467649145","-3.04093567251462","0.4744672295938882","-1.384664639026733","1.006411817222628","0.2169546002410607","1.034316869788326","0.1983969526228077","-0.3405670837953429","1.033139950727172","0.448359946511445","-0.422866092404072","0.4482541679773514","-1.041258905503797","0.03955696202531646","0.5219454329774614","0.660844937455747","0.492379835873388","0.6532897806812878","0.2086230876216968","0.1696352841391009","1.470248633669463","0.3186162949476559","-0.4764065335753176","0.4938834435073323","-0.5897474671102374","0.114085792515972"
"IMF.STA:CPI(3.0.1)","DNK.CPI._T.POP_PCH_PA_PT.M","OBS_VALUE","Denmark","Consumer price index (CPI)","All Items","Period average, Period-over-period percent change","Monthly","Units","0.1958863858961802","0.4887585532746823","0.09727626459143969","0.2915451895043732","-0.09689922480620156","-0.1939864209505335","0.5830903790087464","-0.3864734299516908","-0.1939864209505335","0.3887269193391642","-0.1936108422071636","-0.1939864209505335","0.09718172983479106","0.5825242718446602","-0.2895752895752896","-0.0968054211035818","-0.09689922480620156","0.09699321047526673","0.7751937984496124","-0.3846153846153846","-0.09652509652509653","0.1932367149758454","-0.09643201542912247","-0.1930501930501931","0.1934235976789168","0.5791505791505792","0.09596928982725528","0.3835091083413231","0.1910219675262655","0.09532888465204957","0.6666666666666667","-0.1892147587511826","0.2843601895734597","0.945179584120983","0.2808988764044944","-0.4668534080298786","1.407129455909944","1.017576318223867","0.641025641025641","1.637852593266606","0.8952551477170994","0.7985803016858917","1.144366197183099","0.0","1.305483028720627","1.030927835051546","-0.8503401360544218","-0.6003430531732419","0.4314063848144953","0.9450171821305842","-0.1702127659574468","0.2557544757033248","-1.360544217687075","0.3448275862068966","1.804123711340206","-0.6751054852320675","-0.2548853016142736","0.2555366269165247","-0.3398470688190314","-0.5115089514066496","0.9425878320479864","0.5093378607809848","0.0","0.08445945945945946","0.0","0.0","1.09704641350211","-0.4173622704507513","-0.3352891869237217","0.5887300252312868","-0.3344481605351171","-0.2516778523489933"
"IMF.STA:CPI(3.0.1)","USA.CPI._T.POP_PCH_PA_PT.M","OBS_VALUE","United States","Consumer price index (CPI)","All Items","Period average, Period-over-period percent change","Monthly","Units","0.1906596665246983","0.4227053140096211","0.5641358356806027","0.5295001612890619","0.2128758589384511","0.01991471814815607","0.1670941622453159","-0.005066823608265904","0.07834485769301516","0.2286190552229444","-0.05362430346692233","-0.0909769525053671","0.3879769937815112","0.2740618131494814","-0.217645103178442","-0.6686941866996966","0.001950161668338016","0.5472046927775799","0.505824350166928","0.3153210524081913","0.1392746943266276","0.04149377593364945","-0.0610627217844442","0.09414784670424543","0.425378348702773","0.5474382793922873","0.7083273133749644","0.8218909154060232","0.8017105154762624","0.9290662902357408","0.4810523526293765","0.2065911363611491","0.2715970859057866","0.8308118552003874","0.491342750434755","0.3072517161482879","0.8414573783546021","0.9133979256476655","1.335137954856271","0.558253102565555","1.102352399959827","1.37360757588198","-0.01181191383375453","-0.03543992763505219","0.2150784513000855","0.4056494434112557","-0.1010026441888313","-0.3070091464541269","0.7995363834540123","0.5582110505732898","0.3310729956122864","0.5059038683257973","0.251843501020222","0.3228914236487255","0.1907515019222071","0.4367155068353452","0.2485131552376985","-0.03833795229848731","-0.2015139548413912","-0.09933203278933311","0.5447503797930505","0.6189671775550475","0.6464169937420866","0.3893293034335084","0.166162756579523","0.03375054526238664","0.1161772897270501","0.0813886946016332","0.1604213522407919","0.1151280839578631","-0.05417152415224565","0.03549999524555478"
"IMF.STA:CPI(3.0.1)","GIN.CPI._T.POP_PCH_PA_PT.M","OBS_VALUE","Guinea","Consumer price index (CPI)","All Items","Period average, Period-over-period percent change","Monthly","Units","0.4164140922314922","0.9079793757435944","0.9666764566126788","0.8536066139861986","0.8289083050484205","0.7961011100142394","1.160821151333288","0.3733037049744956","1.049817242254025","0.3779334334970343","0.6051690594983029","0.4349996624855344","0.3623628626751873","1.126723663524089","1.104209954473296","2.839102495170446","0.7431859210862887","0.563320092114468","1.164970180580882","0.1689993908070425","0.6247102885099682","0.5537447501690017","0.5169711654181323","0.3574505234099172","2.170018540441935","1.152233514449185","0.846377881593129","2.922886597185508","0.710151718334402","0.445019114354236","1.204937046746225","1.239287982380736","0.2476297105946515","0.2271027336409265","0.451260676896998","0.2854299002133337","1.483628717694998","1.596833625951423","0.991272545629191","1.614197147574243","0.8317218237864464","1.714688745916224","1.087918224611839","-2.286089790471109","0.2890173410404624","0.3602305475504323","0.3589375448671931","0.2861230329041488","1.212553495007133","1.409443269908386","0.9034051424600417","1.859504132231405","0.5409060175794456","0.06724949562878278","0.8736559139784946","-0.3997335109926716","0.1337792642140468","0.4008016032064128","0.3992015968063872","1.524188204108681","1.240208877284595","1.096067053513862","0.701530612244898","1.139962001266624","0.4383218534752661","0.2493765586034913","0.6840796019900498","0.06176652254478073","0.0617283950617284","0.06169031462060457","0.3699136868064118","0.1228501228501229"
"IMF.STA:CPI(3.0.1)","SRB.CPI._T.POP_PCH_PA_PT.M","OBS_VALUE","Serbia, Republic of","Consumer price index (CPI)","All Items","Period average, Period-over-period percent change","Monthly","Units","0.358974358974359","0.7153806847215125","0.45662100456621","0.7070707070707071","-0.2507522567703109","-0.2513826043237808","-0.2520161290322581","0.0","-0.4547751389590702","0.1522842639593909","0.1520527116066903","0.5060728744939271","0.553877139979859","0.6009013520280421","-0.09955201592832255","0.04982561036372696","-0.249003984063745","0.599101347978033","0.1985111662531017","-0.09905894006934125","-0.495785820525533","0.09965122072745392","0.04977600796416127","0.04975124378109453","0.4475385380407757","0.6435643564356436","0.4918839153959666","1.027900146842878","0.5329457364341085","0.2891566265060241","0.2402691013935608","0.862895493767977","0.8079847908745247","0.942951438000943","0.8874357776739841","0.4166666666666667","0.8298755186721992","1.097393689986283","0.8141112618724559","1.525347689546882","1.237295625276182","1.615015277171541","1.030927835051546","1.232993197278912","1.511969760604788","1.86181216383947","0.974817221770918","0.4424778761061947","1.401682018422107","1.382306477093207","0.8570315543435917","0.656624179219776","0.8825786646201074","0.7227082540890072","-0.03776435045317221","0.3400075557234605","0.3012048192771084","0.2627627627627628","0.4867090977162112","0.1490312965722802","0.2976190476190476","0.556379821958457","0.2582073035780155","0.6622516556291391","0.402046783625731","0.0728066982162359","0.4001455074572572","0.3985507246376812","0.1443522194153735","0.5765765765765766","0.2866356144750985","0.1429081814933905"
"IMF.STA:CPI(3.0.1)","MNE.CPI._T.POP_PCH_PA_PT.M","OBS_VALUE","Montenegro","Consumer price index (CPI)","All Items","Period average, Period-over-period percent change","Monthly","Units","-0.3385619222489314","0.3866437573526482","0.6370230277116452","0.1277830409759461","0.1680923580551722","-0.6868742904208894","-0.06467939889807844","0.05392657977123209","0.1247904330321408","0.5388179483954396","0.1456976028029021","-0.05151118719164831","0.07858475484653368","-0.1449146579115739","-0.2840099620596525","-0.7467687790826549","0.05507615549298651","0.09495865043310453","-0.3452066919306091","0.05171986079664704","0.7070656292584787","-0.1320047296151549","-0.2834130808164748","0.05123437938815837","0.2950042547563036","0.4538578339801531","0.6068925678334426","0.584626474279825","0.2718697591909419","0.1591612712196275","0.3213955676041477","0.06657472325589489","0.5134825411580987","0.6774014892648174","0.3009342646759278","0.2766968181885828","1.283231540631103","1.468725769377947","3.448088087863916","1.921870628424354","0.7589776775583941","1.764530292169152","1.512136253025605","0.1590726715219113","1.376857238540218","1.440152840422023","0.8522233129233264","0.05225118404432368","0.4285926535317273","0.5099066879769738","-0.6942233140157877","0.1731439781226655","0.5325757856108231","0.9209249073593642","0.9595137512951636","1.706513476702064","0.7569800683344134","-0.2722548348324845","-0.3346311510252037","-0.4836305866362408","0.5315848935255919","0.4070464031218382","0.511261827379527","0.0803890880782121","0.0738614532887679","0.1186148078460359","0.3932679756628664","0.3818192222688457","-0.436412165562627","-0.006043954351616086","0.165433269909347","-0.1172836327917053"
"IMF.STA:CPI(3.0.1)","PRT.CPI._T.POP_PCH_PA_PT.M","OBS_VALUE","Portugal","Consumer price index (CPI)","All Items","Period average, Period-over-period percent change","Monthly","Units","-1.202994462559571","-0.2206794192030153","1.771297157116994","0.5846434924755998","0.05831572708239725","0.03057402736375449","-1.305685030946741","-0.1151661198695429","1.100668539870168","0.03737565407394629","-0.1475307754945634","-0.1323982308526254","-0.829066315698462","-0.6364428945074107","1.434100591773664","0.3171735035177425","-0.4483875294613601","0.8863780724885955","-1.288790101786753","-0.2686613320963315","0.9709490494001822","0.1055662188099808","-0.2962323842392867","-0.1413447947615888","-0.3013846361237892","-0.4577896678610406","1.406851853648598","0.4152434532181368","0.2363007498737506","0.1520927005009553","-0.3473837071346539","-0.2000133342222815","0.9142704446331943","0.4529936353921374","0.4405949915270194","0.01499700059988002","0.2764657369920528","0.3654239759250086","2.513269391935934","2.200946506917131","0.9794510807736064","0.8273628250039607","-0.04190163590970197","-0.3065341554154367","1.226402698085936","1.241832893427372","0.2555773997777588","-0.2975556105005584","-0.849153412006157","0.2587389065693808","1.740259963697988","0.5631182886615372","-0.6684267168897557","0.2547803048899197","-0.3571368264635856","0.3202874113490201","1.089554633985658","-0.1838127783301445","-0.3105460085211816","-0.4139517700006717","0.01011778791430234","0.03035029296463348","1.961213980497425","0.4810792044834598","0.1661730832510694","-0.00903401718105813","-0.6102619280334453","-0.3379941822028296","1.29603064702029","0.06466822743570014","-0.1619751147323729","0.1065198331735536"
"IMF.STA:CPI(3.0.1)","TUR.CPI._T.POP_PCH_PA_PT.M","OBS_VALUE","Türkiye, Republic of","Consumer price index (CPI)","All Items","Period average, Period-over-period percent change","Monthly","Units","1.063775769269828","0.1607757429597809","1.028316320132427","1.693105930835878","0.9496374777237995","0.02660088992068098","1.356284602180693","0.8586966892472092","0.9932835114937092","2.002154364930686","0.3810923115774008","0.7432818753573471","1.350737797956867","0.3516631201702318","0.5714030623632874","0.8544542589551245","1.36214598508021","1.13325517780383","0.5838914648806457","0.8643503500085368","0.9733183809060325","2.131137235179481","2.298001559358201","1.249548718360143","1.681820883104534","0.9078511591661796","1.075372615645996","1.678986877542834","0.8885632702134055","1.942091052974583","1.804632132680646","1.11956365724128","1.252661462029808","2.393719552798514","3.511774370208105","13.57549103895245","11.10415605211442","4.808511195838738","5.464228119960497","7.248352377791475","2.980802175090352","4.951918949085601","2.365272522752838","1.460495689439877","3.075862747993896","3.54478502994584","2.883763837638376","1.182683858472464","6.648943240728433","3.145046033170472","2.289479832115553","2.385508958456389","0.04307559767391773","3.920498231585422","9.488824273633275","9.086793166828846","4.753114333678166","3.433981455199167","3.281097243741103","2.927207306947135","6.703309705385666","4.52918821382849","3.162670935637549","3.179759473140544","3.36806342015855","1.640773933431207","3.225556096908968","2.474416273338624","2.968198455982457","2.879865091680654","2.244017684336895","1.02813832449581"
"IMF.STA:CPI(3.0.1)","BRA.CPI._T.POP_PCH_PA_PT.M","OBS_VALUE","Brazil","Consumer price index (CPI)","All Items","Period average, Period-over-period percent change","Monthly","Units","0.3199617300675802","0.4299452992321568","0.7499615678750245","0.56996950247901","0.130017783820948","0.009973627427475425","0.190055367290148","0.1100651202676784","-0.03996229395039704","0.10004131725531","0.5100256637117409","1.150052473877135","0.2099525398242564","0.250027197257016","0.0699752093175546","-0.3099940356997956","-0.3799764062034055","0.2599945403029191","0.3599689040946698","0.2400540355459592","0.6400421095071172","0.8600176195112904","0.8900134605341552","1.350036088449509","0.2499734740378269","0.8599889855394843","0.9300249180514475","0.3099712408717963","0.8300672310538252","0.5300057844155301","0.959968665402653","0.8699876574363516","1.159962900247615","1.249955839379833","0.9500690370207909","0.7299582434258496","0.5400291501362736","1.010061611320491","1.620050070471937","1.060018081264359","0.4700072694457674","0.6700577587604944","-0.6800034077619523","-0.3599529004437028","-0.2900356401053707","0.590078394559788","0.4099607829673545","0.6199682944266575","0.5299586505593836","0.8399913957347428","0.7100335666083099","0.6100153260298926","0.2299251577821922","-0.07996663305967641","0.1199708706521821","0.2300560592926751","0.2600519505392562","0.2399763605376187","0.2800465702111441","0.5600136588697285","0.4200334550372272","0.829937133548573","0.1599552067096616","0.3799602279179053","0.4600274972299731","0.21004885259912","0.3800325865697809","-0.01994865016525806","0.4399626785329793","0.5599422622067556","0.3899760244331917","0.519977292578892"
"IMF.STA:CPI(3.0.1)","COL.CPI._T.POP_PCH_PA_PT.M","OBS_VALUE","Colombia","Consumer price index (CPI)","All Items","Period average, Period-over-period percent change","Monthly","Units","0.5985","0.5748594660954189","0.4342892837093089","0.4958854985720781","0.3146295391406785","0.2673723709359692","0.2189547224220734","0.0847093749574996","0.228385846871803","0.1586245565920705","0.1050021029426694","0.2600084415816472","0.422140508630182","0.6696884667961724","0.5654627474971555","0.1569162544772301","-0.3184496440856919","-0.3762231523400055","0.001429025994935532","-0.005525488219754383","0.3163993167070462","-0.05679314379492167","-0.1495705784979465","0.3795304785433948","0.4090978042398271","0.635837877393008","0.509472147448558","0.5923047984623413","0.99945804689008","-0.04915680008526637","0.3249621490339845","0.4474258581541828","0.382763946117491","0.01335837802028838","0.495284304639372","0.7264715003467354","1.66570023679028","1.63390642782285","0.9958918592095239","1.246867992496084","0.8447109776745854","0.5072314815438842","0.8116152425751413","1.021753734817948","0.9296928046748009","0.7150656312662019","0.77265624367455","1.255470488087653","1.782093998138478","1.658197670883234","1.054074117246478","0.7811142317905069","0.431241557017709","0.30080532152505","0.5017323670450341","0.6986359751784523","0.5374962145553118","0.2471445038632859","0.4716708036798531","0.4532633281957654","0.9163779688794556","1.086574071742239","0.702621287766517","0.5939552699305108","0.4252520454539067","0.3247952712271412","0.1993932419709175","0.001670484419600629","0.2422161946582977","-0.1343551266375182","0.272687199553911","0.4587435861877687"
"IMF.STA:CPI(3.0.1)","NAM.CPI._T.POP_PCH_PA_PT.M","OBS_VALUE","Namibia","Consumer price index (CPI)","All Items","Period average, Period-over-period percent change","Monthly","Units","1.170190646778945","-0.0856410644035961","0.1907167647085235","0.3548541075271118","-0.05833542348116414","0.1184001373428887","0.236904588811455","0.09812983366644513","0.3204555632636103","0.1927246436670687","0.1444043321299639","-0.144196106705119","0.6642599277978339","0.3084205996270263","0.09576414020235967","-0.3425580088094635","0.3516458053631283","0.2013688322147031","0.1801548551889903","0.420925927192222","0.3205520735938561","0.05186202681597306","0.1020224255973633","0.009943004064573891","0.9497487668494695","0.3566018450446685","0.4915991202516209","0.3610482598055247","0.2632866838728678","0.4790307765189407","0.1624878923029707","-0.1515083027498696","0.3482243532611416","0.18550761769233","0.5683010545333776","0.3938894604879749","1.053936666166314","0.2198748131065977","0.535631769598821","1.416299255907663","0.08535381863546937","1.021487776691004","0.9761053897944895","0.2907686572600213","0.1428980555744864","0.1595998645214848","0.5404978270262246","0.2636168543997702","1.137487372163442","0.3942756103263167","0.5595388824328951","0.387047469437177","0.2483121978676581","0.0614666223602724","0.2658803627552284","0.4331889158838598","0.792399740245615","0.7894012622088581","0.2602934111463645","-0.1397498547095383","1.270589548884694","0.01353990351123982","-0.005088063331012614","0.7144282448926083","0.3227452093302652","-0.1672111267657927","0.1864436218383195","0.3085302242912245","-0.2001159067106678","0.3974664209327032","0.2558971283195578","0.2458725352130918"
"IMF.STA:CPI(3.0.1)","CHN.CPI._T.POP_PCH_PA_PT.M","OBS_VALUE","China, People's Republic of","Consumer price index (CPI)","All Items","Period average, Period-over-period percent change","Monthly","Units","0.4694885837029803","1.028027464939085","-0.3700214042611021","0.09285150119075707","0.0","-0.09276536715476875","0.3713956476519083","0.7400634460973881","0.8264448418949478","0.9107463682758054","0.3610146828074257","0.0","1.43882409563913","0.7979304636580202","-1.231323149974002","-0.8904911701807483","-0.808633927307032","0.0","-0.3623126172168563","1.363640742511582","0.1793841035731861","-0.2685993329205696","-0.6283629669778509","0.7226816122974373","0.9416990158634532","0.5946481665014866","-0.4926108374384236","-0.297029702970297","-0.09930486593843098","-0.3976143141153082","0.2994011976047904","0.09950248756218905","0.0","0.6958250497017893","0.3948667324777887","-0.2949852507374631","0.4930966469428008","0.5888125613346418","0.0","0.3902439024390244","-0.1943634596695821","0.0","0.4868549172346641","-0.09689922480620156","0.2909796314258002","0.09671179883945841","-0.1932367149758454","-0.0968054211035818","0.7751937984496124","-0.4807692307692308","-0.2898550724637681","-0.1937984496124031","-0.0970873786407767","-0.1943634596695821","0.1947419668938656","0.2915451895043732","0.1937984496124031","-0.09671179883945841","-0.484027105517909","0.09727626459143969","0.1943634596695821","1.066925315227934","-0.8637236084452975","-0.0968054211035818","0.0","-0.2906976744186047","0.4859086491739553","0.3868471953578337","0.0","-0.1926782273603083","-0.5791505791505792","0.0"
"IMF.STA:CPI(3.0.1)","CZE.CPI._T.POP_PCH_PA_PT.M","OBS_VALUE","Czech Republic","Consumer price index (CPI)","All Items","Period average, Period-over-period percent change","Monthly","Units","1.037735849056604","0.1867413632119514","0.1863932898415657","0.09302325581395349","0.6505576208178439","0.1846722068328717","0.3686635944700461","0.09182736455463728","-0.5504587155963303","0.4612546125461255","0.2754820936639118","0.1831501831501832","1.462522851919561","0.2702702702702703","-0.08984725965858041","-0.1798561151079137","0.3603603603603604","0.6283662477558348","0.4460303300624442","0.0","-0.6216696269982238","0.1787310098302055","0.0","-0.1784121320249777","1.340482573726542","0.1763668430335097","0.176056338028169","0.5272407732864675","0.1748251748251748","0.5235602094240838","1.041666666666667","0.6872852233676976","0.1706484641638225","1.022146507666099","0.1686340640809444","0.4208754208754209","4.442581726739313","1.284109149277689","1.664025356576862","1.792673421667966","1.761102603369066","1.580135440180587","1.333333333333333","0.4385964912280702","0.8005822416302766","-1.444043321299639","1.172161172161172","0.0","6.010137581462708","0.6147540983606558","0.1357773251866938","-0.2033898305084746","0.2717391304347826","0.3387533875338753","0.4726536124240378","0.2016129032258065","-0.7377598926894702","0.06756756756756757","0.0675219446320054","-0.4048582995951417","1.490514905149051","0.267022696929239","0.133155792276964","0.6648936170212766","0.0","-0.2642007926023778","0.6622516556291391","0.2631578947368421","-0.3937007874015748","0.3293807641633729","0.06565988181221274","-0.2624671916010499"
"IMF.STA:CPI(3.0.1)","RWA.CPI._T.POP_PCH_PA_PT.M","OBS_VALUE","Rwanda","Consumer price index (CPI)","All Items","Period average, Period-over-period percent change","Monthly","Units","-4.912061515949096E-4","-0.1124482462821099","2.202047439478005","0.8509502038909423","0.8381287156301743","-0.07860677474144676","-0.1122112937709251","1.779687905073639","1.647380064185083","1.351084814892013","3.808111735920169","-0.7786905739396394","-0.3979640411248131","1.684185754214528","1.879479818619207","-1.829106559842042","0.6768161652955078","0.2422858134826354","1.016897326902223","1.193709633489703","1.584861008162798","0.006399324555194537","-0.8111421077635504","-1.299598746404418","-0.8264747030160262","0.4631501397340271","1.374532709250329","-0.8675170004162069","-1.647376661416335","5.855443446996251E-4","-0.2617895122233101","0.4751511787905124","0.191202968872135","-0.1065933119476076","-0.8723247952992519","0.08492710884698236","2.537303694559468","3.318361666855712","2.782936179819813","3.737367815057544","2.124691091015151","1.173613240976468","2.712627530064226","1.128362779561785","3.121997796611854","5.647809910425946","1.256378409334864","-1.52762654278672","2.100552976950362","2.657799254756164","3.357269066998613","1.669470417130285","-2.686596317652762","-0.4464303544062351","0.04079825182214956","1.211394298671089","4.057432036196894","0.7580165242180162","-1.893954659555451","-4.404941369622937","-0.894972471338451","2.717228140169995","0.7401196238525626","0.6422506840328372","-0.9898157531580811","-0.6117751339600928","0.4509362651976606","1.416047928838094","1.463322475056821","2.09915324649246","0.8933840120214813","-1.610696761058795"
"IMF.STA:CPI(3.0.1)","FJI.CPI._T.POP_PCH_PA_PT.M","OBS_VALUE","Fiji, Republic of","Consumer price index (CPI)","All Items","Period average, Period-over-period percent change","Monthly","Units","1.221640488656195","0.6896551724137931","-0.5993150684931507","-0.1722652885443583","0.4314063848144953","-0.0859106529209622","-1.633705932932072","0.6118881118881119","-0.3475238922675934","-0.6974716652136007","0.1755926251097454","-0.4382120946538124","0.176056338028169","-0.4393673110720562","-0.353045013239188","1.328609388839681","0.0","-1.923076923076923","0.35650623885918","-0.8880994671403197","-0.5376344086021505","-0.3603603603603604","-0.3616636528028933","0.1814882032667877","1.721014492753623","2.048085485307213","-2.617801047120419","0.0","0.8960573476702509","-0.3552397868561279","-0.08912655971479501","0.3568242640499554","0.1777777777777778","-0.7985803016858917","0.0","1.699463327370304","1.407211961301671","1.300954032957502","0.0","0.0","1.198630136986301","-0.2538071065989848","0.0","0.5937234944868534","-0.5059021922428331","-0.6779661016949153","-0.08532423208191126","0.08539709649871904","0.8532423208191126","0.338409475465313","0.4215851602023609","-0.5877413937867338","0.5912162162162162","-0.08396305625524769","-0.6722689075630252","1.692047377326565","0.6655574043261231","0.743801652892562","1.640689089417555","-0.5649717514124294","-0.6493506493506493","1.30718954248366","0.4838709677419355","1.765650080256822","-0.6309148264984227","0.7936507936507937","-0.6299212598425197","0.3961965134706815","-0.473559589581689","0.1586042823156225","-1.108471892319873","-0.08006405124099279"
"IMF.STA:CPI(3.0.1)","UKR.CPI._T.POP_PCH_PA_PT.M","OBS_VALUE","Ukraine","Consumer price index (CPI)","All Items","Period average, Period-over-period percent change","Monthly","Units","0.9882174078297224","0.5269100489273617","0.8985398727068514","1.001855287569573","0.6980161645848642","-0.5107624954396206","-0.5867253392005867","-0.2950940612320177","0.7029226785053644","0.6980161645848642","0.07296607077708865","-0.1822821728034998","0.1826150474799123","-0.2916514764855997","0.8043875685557587","0.7979688066739209","0.2878733357322778","0.2152852529601722","-0.6086645184389545","-0.1801152737752161","0.4691447130999639","1.005747126436782","1.315789473684211","0.9126009126009126","1.28695652173913","0.9958791208791209","1.700102006120367","0.7021063189568706","1.294820717131474","0.1966568338249754","0.09813542688910697","-0.196078431372549","1.211525867714473","0.9058557101261728","0.8015389547932029","0.5725190839694656","1.328273244781784","1.591760299625468","4.485407066052227","3.116730373419582","2.680353578557171","3.110247153568453","0.7002423915970913","1.096549879646964","1.904761904761905","2.492211838006231","0.7092198581560284","0.7042253521126761","0.7992007992007992","0.6937561942517344","1.500984251968504","0.1939393939393939","0.5081054923784176","0.7944150216658642","-0.5970862192500597","-1.393560788082653","0.4873294346978558","0.8001939864209505","0.5051719990377675","0.6941120153183341","0.4040884240551462","0.3077651515151515","0.4956337030918102","0.1878816345702208","0.6094702297233943","2.190121155638397","0.0","0.615595075239398","1.495581237253569","1.808439383791025","1.885964912280702","1.399052948773138"
"IMF.STA:CPI(3.0.1)","ARG.CPI._T.POP_PCH_PA_PT.M","OBS_VALUE","Argentina","Consumer price index (CPI)","All Items","Period average, Period-over-period percent change","Monthly","Units","2.90624090934747","3.765622189957181","4.679540188289612","3.444697949233117","3.059069699983619","2.718005402399518","2.197865538692099","3.953985787048687","5.885662272122307","3.293482090984123","4.254537309480318","3.743707355138319","2.252894926055993","2.013629373642954","3.343468643672252","1.49657259087257","1.542736251238616","2.243539159127709","1.934194645651292","2.70011035906611","2.835521646978964","3.760969843982197","3.159704941096656","4.005567338353533","4.049029419828725","3.574631681482096","4.810807496281797","4.080293539959671","3.322978073639541","3.174547975892048","2.997033322036232","2.468486667401461","3.546787953311382","3.516274838371774","2.529464601350954","3.839970305841277","3.875681916706369","4.694365601009005","6.728797833902532","6.047319114997176","5.050228059562594","5.295221251628168","7.406196857159358","6.970335575355059","6.165519887577162","6.34735010869345","4.9161470818679","5.124607758867103","6.027873566384259","6.627721680927098","7.675239849783556","8.40268988367098","7.772752965890597","5.950831980500617","6.344850862315795","12.44163772868995","12.74975013246697","8.301739380409995","12.81069017691575","25.46567498423686","20.61422528896107","13.24067605352478","11.00970015654023","8.831920760605065","4.176327882665154","4.576827054736585","4.030417053702158","4.172404921530941","3.46921579452015","2.692988121647805","2.425485370522286","2.704434418132792"
"IMF.STA:CPI(3.0.1)","ATG.CPI._T.POP_PCH_PA_PT.M","OBS_VALUE","Antigua and Barbuda","Consumer price index (CPI)","All Items","Period average, Period-over-period percent change","Monthly","Units","-0.1198561725928885","-0.27","0.03008121929208864","1.663993584603047","-0.0295799645040426","0.2169839234638525","-0.3739789390807991","1.323718265336363","-1.86214292678171","0.01986886548778065","1.926897099721891","-1.763788735139349","1.140759845253447","-0.03923107100823852","-0.8634222919937206","-0.3365003958828187","-0.1588877855014896","0.02983887010145216","0.7755791985681615","1.272816970892945","-1.169134840218239","0.5619085173501577","0.2744828938339378","1.290448724215466","-0.05790946819805038","-0.3090294543698696","-0.07749685169040008","0.0","-0.1938923897237033","0.2428363283147159","0.4263565891472868","0.1640293323041297","-0.1926596666987766","1.351220924621176","0.0571374154842396","-0.1903492909488912","1.649661485648899","1.181988742964353","1.483404413128129","0.9866617942627444","0.3889994572100597","2.793547805713256","-1.376347856579293","-0.02666666666666667","0.06223881924068641","0.4798293939932468","1.131941987973116","0.1836306400839454","-0.5062407261935934","0.2105447846302307","0.2451194957541802","3.99091782377085","-1.755122606650991","0.2136934780750491","0.7847151142954623","1.438727149627624","-0.8593358918738528","-1.077169065050913","0.4678860059549128","0.1947502116850127","3.33812220062537","0.0572456656853124","-1.781773600326931","5.06782058750104","-1.20386504039284","0.2164502164502165","0.3519718422526198","2.327620565962535","-2.329204642829321","-1.308023608230978","1.543559075480847","-0.7719856744926383"
"IMF.STA:CPI(3.0.1)","DMA.CPI._T.POP_PCH_PA_PT.M","OBS_VALUE","Dominica","Consumer price index (CPI)","All Items","Period average, Period-over-period percent change","Monthly","Units","-0.4954268292682927","-0.6319417847567982","1.474272499518212","-0.5412591396828411","0.5682551078861944","0.241903583249231","0.4261767212804243","-0.09430403621274991","-0.07551444213705871","-0.160589457774419","-0.274387359258208","-0.2751423149905123","2.226239178003996","-0.6235458352722196","0.1779359430604982","-0.6543890810507619","-0.5175496377152536","0.340522133938706","0.2450980392156863","0.9497837126198984","-0.3446669771774569","-0.3832492054589643","-0.6193112508210566","0.3021433292418091","1.073143179892686","-0.8475365558349632","0.8359947398083787","1.015370284117373","0.4610844706750277","-0.2845603084266569","0.8469115345668784","0.3377453217708809","-0.1819505094614265","0.6835581480131243","0.009052231375033946","-0.5973931933381608","0.4917137133491167","-0.09061254077564335","0.9432251042989298","0.0","1.922731356693621","-0.4936530324400564","0.01771793054571226","-0.283436669619132","-0.03553028957186001","0.4087435578460992","-0.7876106194690266","0.07135848720007136","1.64898832337998","-1.034724658014732","1.293638135743399","1.950664800559832","2.41956241956242","-1.072296221831281","0.8891523414344991","0.5539701191875105","0.5008347245409015","0.3571428571428571","-1.4400397252338","-0.2603073305903098","-0.1767974406465735","0.2108459138061904","1.809459686921394","-0.4546581797139787","0.606211592758678","0.3631861328931077","-0.3536475039065713","0.6190161769560911","-0.5167746698384054","-0.3545514511873351","0.8109226313611916","-0.4186161044077813"
"IMF.STA:CPI(3.0.1)","GUY.CPI._T.POP_PCH_PA_PT.M","OBS_VALUE","Guyana","Consumer price index (CPI)","All Items","Period average, Period-over-period percent change","Monthly","Units","-0.08539709649871904","0.0","0.08547008547008547","0.7002561912894962","0.4240162822252374","0.4306704948488431","0.253116818226688","0.1038873356464926","0.1990588218227729","0.1991904446084967","-0.2767414245462283","0.01236583404479427","-0.4581480303906469","-0.3231901689438319","0.3376952484657648","0.1409753995273593","0.1846412085606379","0.1690728547298316","0.1076723006937602","0.4699925269812228","0.2755565383286645","0.1799684553861165","0.06415076883443802","-0.1977667451543096","1.027766266058848","0.0","0.04102059233735335","0.0","4.436608167951452","0.0","1.248527679623086","0.0","-1.10904296572049","0.0","-0.2980158418947534","0.28317470305986","1.521687975527492","-0.4326663061114116","0.5897416000620781","1.087711177968063","0.3968253968253968","1.657038613560353","1.48796171676387","1.031459515214028","-0.3573251659009699","-0.6293911007025761","0.1178376785977316","0.5737825511254965","0.6875365710942071","-0.2179282289699259","-1.041059988351776","-0.3825498418303539","0.05907983162247988","0.5683076241789062","0.7779245559958902","0.1893387707544422","0.3416194214275331","0.1303875407461065","0.3327787021630616","0.5335640637392746","-0.408807286810586","0.05761198329252485","0.1151576219951058","0.2084831056793674","0.7102374632326566","0.9403048867360023","0.1905434015525759","0.1267873494400225","0.4642982764685192","0.392129402702892","-0.2092487968194183","0.3075417627734675"
"IMF.STA:CPI(3.0.1)","BHR.CPI._T.POP_PCH_PA_PT.M","OBS_VALUE","Bahrain, Kingdom of","Consumer price index (CPI)","All Items","Period average, Period-over-period percent change","Monthly","Units","1.120162932790224","0.2317431338550856","0.815184637390216","-0.3403131025266352","-0.4","0.2008032128514056","-0.3323532918596192","1.239925253435369","-0.8058783309615674","0.5631435176162569","-0.1519483123643002","-0.897308075772682","0.0","0.2012072434607646","-1.104417670682731","-2.131979695431472","0.6224066390041494","-0.6185567010309277","0.4149377593360996","0.3099173553719008","1.338825952626159","-1.524390243902439","-0.2063983488132095","1.137538779731127","-1.124744376278119","-0.1034126163391934","-0.10351966873706","-0.310880829015544","0.5197505197505198","0.3102378490175801","0.1030927835051546","0.1029866117404737","0.308641975308642","0.1025641025641026","-0.2049180327868852","0.0","2.258726899383984","0.1004016064257028","0.6018054162487462","-0.6979062811565304","0.5020080321285141","-0.0999000999000999","0.9","0.1982160555004955","0.2967359050445104","-0.09861932938856016","-0.09871668311944719","-0.2964426877470356","-0.4955401387512389","0.398406374501992","-0.5952380952380952","0.0998003992015968","-1.296111665004985","1.414141414141414","0.398406374501992","0.2976190476190476","0.1978239366963403","0.0","-0.4935834155972359","-0.1984126984126984","0.5964214711729622","0.1976284584980237","-0.1972386587771203","0.2964426877470356","0.0","0.2955665024630542","0.09823182711198428","0.09813542688910697","-0.2941176470588235","-0.09832841691248771","-0.3937007874015748","-0.09881422924901186"
"IMF.STA:CPI(3.0.1)","HKG.CPI._T.POP_PCH_PA_PT.M","OBS_VALUE","Hong Kong Special Administrative Region, People's Republic of China","Consumer price index (CPI)","All Items","Period average, Period-over-period percent change","Monthly","Units","-0.1021450459652707","0.9202453987730062","-0.303951367781155","0.7113821138211383","-0.1009081735620585","0.7070707070707071","0.4012036108324975","0.1998001998001998","0.0","0.2991026919242273","0.09940357852882704","0.0","-2.184707050645482","2.538071065989848","-0.09900990099009901","0.09910802775024777","-0.297029702970297","-0.09930486593843098","-2.882703777335984","2.251791197543501","-2.102102102102102","2.45398773006135","0.0998003992015968","-0.4985044865403789","1.302605210420842","0.2967359050445104","0.09861932938856016","0.2955665024630542","-0.1964636542239686","-0.2952755905511811","0.09871668311944719","0.09861932938856016","-2.266009852216749","2.82258064516129","0.196078431372549","0.0","0.09784735812133072","0.7820136852394917","0.1939864209505335","-0.1936108422071636","-0.1939864209505335","0.2915451895043732","0.09689922480620156","0.0968054211035818","0.09671179883945841","0.2898550724637681","0.1926782273603083","0.1923076923076923","0.5758157389635317","0.09541984732824427","0.09532888465204957","0.1904761904761905","-0.1901140684410646","0.1904761904761905","0.0","0.0","0.3802281368821293","1.041666666666667","-0.09372071227741331","0.09380863039399626","-0.09372071227741331","0.4690431519699812","0.0","-0.6535947712418301","-0.1879699248120301","0.4708097928436911","1.030927835051546","0.0","0.09276437847866419","0.185356811862836","0.0","0.09250693802035154"
"IMF.STA:CPI(3.0.1)","BTN.CPI._T.POP_PCH_PA_PT.M","OBS_VALUE","Bhutan","Consumer price index (CPI)","All Items","Period average, Period-over-period percent change","Monthly","Units","0.1735897309063901","0.1139046607662141","0.1108366874605368","0.2917913763128264","-0.2022166656974042","-0.1496426539047854","0.3726205442781436","0.199757211615045","0.03248206245407016","0.563946016220062","0.4204812982058086","0.3744861212183728","0.2872169155607597","0.1311517247161661","0.8944297015377433","1.547180788583634","-0.5643216756456853","0.2031177437432298","3.269564538563231","0.09134393670383956","0.5726020618182057","0.3106663001389234","0.204150658917119","0.5610342092846377","1.458372919540241","0.652681451497814","0.4987354590497171","1.233128038164626","-0.6405571648992235","-0.9659416995802428","1.09180436698776","0.2252757260525892","0.2623063795222819","1.743671178008585","0.9456439182897262","0.1927000653924447","0.6628115072115025","-0.01917176629715339","0.7374904155585645","1.444053990595614","-0.4982822725771975","-0.4139565907572333","1.163007316614034","-0.3600285447348583","0.3171432373592336","0.6326758601431597","0.6609431658645695","0.05043892103797506","0.556555901129476","-0.08139345596613348","-0.3502769631801957","1.594048884165787","-0.3942710009655642","0.0","1.324824299216416","0.3598723452850145","0.5879617804641162","0.6656264619391418","0.2146254461060893","0.412397675020167","-0.07700628455399805","0.1179179584302702","0.06872076034760448","1.500349765649157","-2.958285098187894","-0.3275306678824088","1.527373495927721","0.3694101864810683","-0.1072320495501285","0.6539860095703919","0.7466177771763061","0.5543083334880188"
"IMF.STA:CPI(3.0.1)","COG.CPI._T.POP_PCH_PA_PT.M","OBS_VALUE","Congo, Republic of","Consumer price index (CPI)","All Items","Period average, Period-over-period percent change","Monthly","Units","0.1922823298536739","0.2039801250689433","0.5427636888469856","0.4004554608633356","-0.1237364598652883","0.2185082773065554","0.4393534547456005","-0.02203949684427259","-0.005069112379267276","0.3948755070173775","0.7722758946888991","0.7249483760318111","-0.955317334634078","0.2619101705742925","0.8034669332126168","2.651855588808196","-0.7372892667546264","-2.392021921812809","-0.5858284274634941","-0.5918919825192144","-0.05482046493479418","0.01578587868626727","1.372911205216785","0.4901960784313725","0.7804878048780488","0.8712487899322362","-1.151631477927063","0.5825242718446602","0.1930501930501931","0.4816955684007707","0.0","-0.5752636625119847","-0.1928640308582449","0.1932367149758454","0.1928640308582449","0.0962463907603465","0.9615384615384615","1.047619047619048","0.942507068803016","-0.4668534080298786","0.75046904315197","0.37243947858473","-0.6493506493506493","0.5602240896358543","-1.021355617455896","0.4690431519699812","0.1867413632119514","0.09319664492078285","1.024208566108007","1.105990783410138","0.4557885141294439","0.544464609800363","0.2707581227436823","0.9900990099009901","0.35650623885918","0.08880994671403197","-0.354924578527063","-0.1780943900267142","0.6244424620874219","0.5319148936170213","-1.042038304941799","-0.4678480041894558","0.5459565559718883","0.9420121372964689","1.534016402869182","0.9556907037358818","0.4302925989672978","-0.6855184233076264","-0.6902502157031924","-0.08688097306689835","0.5217391304347826","4.325259515570934"
"IMF.STA:CPI(3.0.1)","NER.CPI._T.POP_PCH_PA_PT.M","OBS_VALUE","Niger","Consumer price index (CPI)","All Items","Period average, Period-over-period percent change","Monthly","Units","-2.027027027027018","0.0","-0.4926108374384292","0.0","0.5940594059405915","0.4921259842519741","-0.7835455435847251","0.3948667324777909","-0.09832841691249113","0.3937007874015769","-0.4901960784313666","-0.2955665024630644","0.3952569169960496","0.1968503937007942","0.3929273084479277","1.174168297455975","0.9671179883945837","0.3831417624521093","1.622137404580153","0.9389671361502343","-0.4651162790697727","-1.495327102803735","-0.9487666034155593","-0.09578544061303014","1.054650047938641","1.138519924098667","-0.375234521575976","0.6591337099811684","0.467726847521042","1.210428305400371","1.655933762649498","0.9049773755656104","-0.8071748878923731","-1.265822784810128","-0.1831501831501895","0.3669724770642222","1.462522851919558","0.6306306306306314","0.08952551477171306","0.7155635062611845","0.6216696269982245","0.4413062665489796","0.7908611599296979","0.5231037489102085","-1.040763226366007","-1.402278702892197","0.2666666666666655","0.0","0.4432624113475227","-0.3530450132391899","0.3542958370239169","0.3530450132391795","-0.08795074758134719","1.848591549295777","2.160760587726874","2.199661590524512","1.821192052980196","-1.869918699187008","-0.1657000828500471","0.3319502074688911","0.1654259718775905","0.8257638315441099","0.7371007371008109","2.601626016260157","1.743264659270965","4.049844236760083","1.721556886227561","-2.060338484179529","-0.6010518407212831","-4.006046863189728","-1.574803149606262","1.199999999999995"
"IMF.STA:CPI(3.0.1)","SEN.CPI._T.POP_PCH_PA_PT.M","OBS_VALUE","Senegal","Consumer price index (CPI)","All Items","Period average, Period-over-period percent change","Monthly","Units","-0.789889415481829","0.3184713375796115","-0.6349206349206346","0.2424830261881761","0.03870343492984804","0.4159009575394203","0.2600654979772704","1.911776568354299","0.4136686099382709","0.3832219447706622","-0.3311816747648554","-0.7252019586790439","0.09451795841209948","-0.2832861189801615","0.0946969696969588","1.040681173131505","-0.6554307116104832","-0.1885014137606056","0.944287063267233","2.151543498596823","0.2747252747252782","0.1826484018264746","-0.546946216955328","-0.641613198900088","-1.383763837638382","0.4677268475210536","-0.4655493482309183","0.1870907390084214","0.3734827264239076","0.4651162790697614","1.944444444444445","1.81653042688465","0.6244424620874184","0.3546099290780186","-0.7067137809187255","0.08896797153025023","0.2458799195920013","1.428273752395381","-0.7597177822280649","0.9631839013137978","0.7471996179235197","1.878143787378674","3.82718126898707","2.196683480190946","1.11228930990683","1.357626449360496","0.225991648659145","-1.031432685842935","-1.722868327687828","0.389259842650606","-0.6947974083540918","0.5215116820608429","0.05972474974481231","1.094228544171961","2.114487821840005","1.811569084792953","-0.3460684658134644","0.02879099137239946","-1.213933484345355","-1.195747008579144","-0.4635705023899155","0.6430258426756528","0.2303205344950103","-0.4305005703559207","-0.1695261470625918","0.3769772745637251","0.07806401249021308","0.624024960998408","0.8527131782946538","0.461183704842356","-1.147666411629652","-0.7739938080495452"
"IMF.STA:CPI(3.0.1)","MYS.CPI._T.POP_PCH_PA_PT.M","OBS_VALUE","Malaysia","Consumer price index (CPI)","All Items","Period average, Period-over-period percent change","Monthly","Units","-0.495458298926507","0.2489626556016598","0.2483443708609272","0.0","0.2477291494632535","0.0","0.08237232289950577","0.2469135802469136","0.0","0.1642036124794745","0.0819672131147541","0.1638001638001638","0.08176614881439084","0.0","-1.225490196078431","-2.729528535980149","0.2551020408163265","1.017811704834606","0.6717044500419815","0.1668056713928274","0.0","0.0832639467110741","-0.1663893510815308","0.5","1.243781094527363","0.3276003276003276","0.326530612244898","0.1627339300244101","0.0","0.08123476848090982","-0.5681818181818182","0.0","0.2448979591836735","0.7328990228013029","0.2425222312045271","0.4032258064516129","0.321285140562249","0.2401921537229784","0.3194888178913738","0.2388535031847134","0.555996822875298","0.631911532385466","0.3924646781789639","0.2345582486317435","0.078003120124805","0.2338269680436477","0.3110419906687403","0.1550387596899225","0.2321981424148607","0.2316602316602317","0.07704160246533127","0.07698229407236336","0.1538461538461538","0.1536098310291859","0.07668711656441718","0.1532567049808429","0.07651109410864575","0.0764525993883792","0.0","0.2291825821237586","0.1524390243902439","0.5327245053272451","0.0757002271006813","0.151285930408472","0.3021148036253776","0.1506024096385542","0.07518796992481203","0.07513148009015778","0.0","0.1501501501501502","-0.07496251874062969","0.07501875468867217"
"IMF.STA:CPI(3.0.1)","GBR.CPI._T.POP_PCH_PA_PT.M","OBS_VALUE","United Kingdom","Consumer price index (CPI)","All Items","Period average, Period-over-period percent change","Monthly","Units","-0.6535947712418301","0.3759398496240602","0.1872659176029963","0.5607476635514019","0.2788104089219331","0.0","0.09267840593141798","0.2777777777777778","0.09233610341643583","-0.09225092250922509","0.1846722068328717","0.0","-0.184331797235023","0.2770083102493075","0.0","0.0","0.0","0.1841620626151013","0.3676470588235294","-0.3663003663003663","0.3676470588235294","0.0","-0.09157509157509158","0.2749770852428964","-0.09140767824497258","0.09149130832570906","0.2742230347349177","0.6381039197812215","0.5434782608695652","0.3603603603603604","0.0","0.6283662477558348","0.2676181980374665","0.8896797153024911","0.617283950617284","0.5258545135845749","-0.08718395815170009","0.6980802792321117","0.9532062391681109","2.145922746781116","0.5882352941176471","0.6683375104427736","0.5809128630705394","0.495049504950495","0.4105090311986864","1.635322976287817","0.4022526146419952","0.4006410256410256","-0.3990422984836393","0.9615384615384615","0.6349206349206349","1.182965299684543","0.6235385814497272","0.2323780015491867","-0.3091190108191654","0.310077519379845","0.5409582689335394","0.07686395080707148","-0.1536098310291859","0.3846153846153846","-0.3831417624521073","0.6153846153846154","0.6116207951070336","0.4559270516717325","0.37821482602118","0.2260738507912585","-0.07518796992481203","0.3762227238525207","0.07496251874062969","0.599250936329588","0.2233804914370812","0.3714710252600297"
"IMF.STA:CPI(3.0.1)","PAN.CPI._T.POP_PCH_PA_PT.M","OBS_VALUE","Panama","Consumer price index (CPI)","All Items","Period average, Period-over-period percent change","Monthly","Units","-0.2719138589124401","0.08967157784613852","0.4135937477566296","0.2807259028507263","0.08944773391152754","-0.3311641936194622","0.2206838722587223","-0.275437567326278","-0.04747903485990825","-0.05236620862926441","-0.01488781174934651","-0.1617858871164028","0.1469426933056465","-0.2507820830664339","-0.443967629314305","-1.27055141181458","-0.008373578439009191","0.5197895913546274","-0.4045367008559594","0.01663236444136654","0.05971095618246657","-0.1443287546615272","-0.1043394301821268","0.3086684386521478","0.3139351459720722","0.5841718760893309","0.4312763952224587","0.1243221948187264","0.206691085381895","0.1805652552323321","0.3723048665700937","0.03648431791902572","0.1508228297136171","0.3010017269191705","0.3007602682543329","-0.4057185195798777","0.3157506175877637","0.691313807594545","0.8701331436769169","0.5765091562399266","0.7573763375312302","1.121016422445996","-1.242391992124114","-1.354312292261217","0.019168942590878","0.04047034918933704","0.1274067791566229","0.1656966970258186","0.9426491724233854","0.03426368894082027","0.1830137861814949","0.1833210813743948","0.2280000951525277","0.05385796468012933","-0.02901290435595002","0.230984187941366","0.131842877525433","-0.1832276250880902","0.05484144263967715","0.0777556832666856","0.2507355576864641","0.3400422171442262","0.3465775019467852","0.1518700749255747","-0.1711684632455772","-0.3084872764774395","-0.1309385800398241","-0.218758545255674","-0.478313027791339","-0.2047911649845404","0.05271905131290539","0.1814515760809017"
"IMF.STA:CPI(3.0.1)","ESP.CPI._T.POP_PCH_PA_PT.M","OBS_VALUE","Spain","Consumer price index (CPI)","All Items","Period average, Period-over-period percent change","Monthly","Units","-1.278139095233692","0.2445751157829006","0.3623338870431894","1.008596344226174","0.1945844086682233","-0.1175460473863892","-0.6201455192951217","-0.05560532575453338","0.0","0.9705436899205638","0.1693860266731972","-0.07232573064268033","-0.975574946990703","-0.118387053603599","-0.383410290237467","0.3021148036253776","-0.006189140122132365","0.4611194784295116","-0.8974688093648919","0.04559065805970304","0.1501734762570556","0.5253360910031024","0.1635667846267797","0.2125976973717995","0.00922376862688831","-0.5892419786233258","0.9700230908791028","1.180206025584743","0.4712173956914384","0.4760374402442454","-0.7536533194730424","0.4542158482052935","0.8341437494360507","1.839423315933383","0.3055894556992922","1.194300064241079","-0.38282114173039","0.8072069288479921","3.029606428934034","-0.177565401706859","0.8260768335273574","1.851988694093957","-0.2548359890084976","0.253668648737112","-0.6955969709336598","0.336079197793567","-0.1201463601114084","0.1503636065394499","-0.2101929953866732","0.9437575227048911","0.3685536977317688","0.5958005958005957","-0.04831220419958308","0.5683903364691771","0.1691083539526853","0.537567529144157","0.1758742896534658","0.2893743162649539","-0.3483584925577958","0.02471751412429379","0.08472482084230593","0.3553666537335544","0.7618160570087956","0.6958857282383103","0.263267285575724","0.3765892758430072","-0.47499397652566","0.04063634791630642","-0.603247858815802","0.6234294707370728","0.2454072550680055","0.4516851995517628"
"IMF.STA:CPI(3.0.1)","SGP.CPI._T.POP_PCH_PA_PT.M","OBS_VALUE","Singapore","Consumer price index (CPI)","All Items","Period average, Period-over-period percent change","Monthly","Units","-0.2964865180343177","0.5678093097311979","0.01862609282779013","-0.2176519198761595","0.5727283331389245","-0.2864731329954419","-0.4501360876544071","0.6262633343848949","-0.06270102063328031","-0.2161056826499669","0.3225318165411083","0.1915041782729805","-0.2363162467419635","0.0719917325623251","-0.3422948841418841","-0.9198025335320417","0.4747467625561118","0.02105213913124839","-0.3215622076707203","0.6358144172678749","0.3333838460372784","-0.4228968433771334","0.3943576520552101","0.3614303810708101","-0.02779128743139026","0.5710380614821507","0.2211293721998917","-0.1654811018283363","0.8046043165467626","-0.005709457144814671","-0.1952745834713198","0.5537884162108972","0.4164675360142009","0.2855588795213489","0.9819209039548022","0.4610099699000772","0.03230082088637908","0.8685001670192629","1.24185892482614","-0.1319304366788421","0.9913313099111295","0.9956541480184212","0.1498560311700545","0.9426803330376324","0.4330562761395521","-0.3995614312522403","0.9748610743582958","0.2044110864187178","0.1893483696163865","0.5596625318464687","0.5025543049383229","0.0795520290933135","0.3220844645861937","0.4774595857214888","-0.2334988990731732","0.8838293111058645","0.506725818596227","0.2004535514699927","-0.1677208155677249","0.373451542385232","-0.4285267753612229","1.015675631885936","-0.04310560874141647","-0.2868260590500642","0.7875203669060407","-0.1047810076939197","-0.2857028690162231","0.5970866977899778","0.2300476029238951","-0.5226290426747479","0.2676814590637142","0.2729437078506181"
"IMF.STA:CPI(3.0.1)","DEU.CPI._T.POP_PCH_PA_PT.M","OBS_VALUE","Germany","Consumer price index (CPI)","All Items","Period average, Period-over-period percent change","Monthly","Units","-0.7677590175063908","0.3868495812977949","0.3853588223072053","0.9596937137821009","0.1901102204408818","0.2845992283407506","0.4731022804447401","-0.1883895276068078","0.0","0.09437255180794539","-0.7540003457395548","0.4748291879252658","-0.567106243748082","0.3006012024048096","0.1998001998001998","0.09970089730807577","0.0","0.09960159362549802","-0.7960199004975124","0.0","0.0","0.2006018054162487","-0.2002002002002002","0.1003009027081244","1.202404809619238","0.5940594059405941","0.4921259842519685","0.2938295788442703","0.1953125","0.2923976608187135","0.4859086491739553","0.09671179883945841","0.2898550724637681","0.4816955684007707","0.1917545541706616","0.1913875598086124","0.4775549188156638","0.7604562737642586","1.981132075471698","0.6475485661424607","0.9191176470588235","0.0","0.4553734061930783","0.3626473254759746","1.806684733514002","0.709849157054126","0.1762114537444934","-0.4397537379067722","0.9717314487632509","0.7874015748031497","0.78125","0.4306632213608958","-0.08576329331046312","0.2575107296137339","0.2568493150684932","0.3415883859948762","0.2553191489361702","0.0","-0.4244482173174873","0.08525149190110827","0.1703577512776831","0.4251700680272109","0.4233700254022015","0.5059021922428331","0.08389261744966443","0.08382229673093043","0.3350083752093802","-0.08347245409015025","0.0","0.4177109440267335","-0.2495840266222962","0.5004170141784821"
"IMF.STA:CPI(3.0.1)","FIN.CPI._T.POP_PCH_PA_PT.M","OBS_VALUE","Finland","Consumer price index (CPI)","All Items","Period average, Period-over-period percent change","Monthly","Units","-0.3894460130464414","0.4789365653406314","0.06809338521400778","0.5832604257801108","-0.1739634676717889","0.06777035531029141","-0.2708978328173375","0.4074505238649593","0.03864734299516908","0.07726482518833301","-0.09650646593321753","0.1255795981452859","-0.3183791606367583","0.3387533875338753","-0.1736278576251567","-0.3381969272393468","-0.01939111886755866","0.1939487975174554","0.3581107239643825","0.01928826309190857","0.0","0.09642271719217048","-0.06743088334457181","0.1445922498554078","0.3368947925690634","0.3645433614735226","0.2389600458803288","0.3718890054353008","0.1520045601368041","-0.05691519635742743","0.3321943811693242","0.2364960741651689","0.3114382785956965","0.7526578229372471","0.4482211224203941","-0.07437017755879892","1.218718020280956","0.5147058823529412","1.453913679590344","0.3154574132492114","1.311769991015274","0.7183398368215679","0.3257902615127234","0.07898894154818326","0.7804963606068578","0.931082492168465","1.215622036382447","-0.06814310051107325","0.5710876235935902","0.8390541571319603","0.6471675911917969","0.3089770354906054","0.2747252747252747","0.199252801992528","0.5054271273510647","-0.717230008244023","0.7058042016108943","0.2803430079155673","-0.328893274132544","0.2639828411153275","0.255060062530854","0.5334427574887156","-0.1142857142857143","0.02451781627983001","-0.1143884304273225","-0.016359918200409","0.2127137363985928","-0.4898359049718344","0.3035523832964148","0.5398331424832326","-0.3660917670029287","-0.06532211970278436"
"IMF.STA:CPI(3.0.1)","SLE.CPI._T.POP_PCH_PA_PT.M","OBS_VALUE","Sierra Leone","Consumer price index (CPI)","All Items","Period average, Period-over-period percent change","Monthly","Units","1.780415430267062","1.078717201166181","1.845976348428036","2.548853016142736","-0.08285004142502071","1.271420674405749","2.210698689956332","1.815754339118825","0.1835824809861002","-0.1308900523560209","0.1965923984272608","0.4185742315238718","1.511006903738439","2.053124598999102","2.615365270966931","2.119838255115795","0.2639788816894648","0.2872187649593107","1.26491646778043","1.838321942022154","0.5207127979634344","-1.876366985150224","-0.7742843735335523","0.2482856467249941","2.476707158863073","1.484635746345955","0.839192560671354","2.732793522267206","0.4378762999452655","0.6539509536784741","1.537628586897672","2.186200277274182","1.210603214360259","0.6805526912765519","0.2867677181482999","2.124183006535948","1.36","2.298737174427782","4.677403799787829","3.049566979915239","2.431828341528833","3.13345552937069","2.742044685172647","1.14497528830313","1.96270054564704","3.706070287539936","1.848428835489834","3.667574107683001","2.385294332190532","5.42889712168709","3.784295175023652","4.180231801015757","3.41875","3.408472834954977","2.857810765004968","5.306717001352273","4.351748407811046","3.782033707745167","1.589278597050618","2.295130204501986","-0.4316571404218802","1.772013563372777","2.400715135055509","2.054849121135849","1.755419105973314","0.4317911899374699","0.9258438912022681","2.08488785497959","0.5890446298047983","0.7437486642444967","-0.1485001485001485","0.8455851109033738"
