Country,ccode,year_month,ChangeRate
Honduras,268,2011-01-01,NA
Honduras,268,2011-02-01,0.7029876977152875
Honduras,268,2011-03-01,0.6980802792321217
Honduras,268,2011-04-01,1.1265164644714012
Honduras,268,2011-05-01,0.5998286203941755
Honduras,268,2011-06-01,0.42589437819420783
Honduras,268,2011-07-01,0.6785411365564012
Honduras,268,2011-08-01,0.37910699241786255
Honduras,268,2011-09-01,-0.20981955518254303
Honduras,268,2011-10-01,0.08410428931875047
Honduras,268,2011-11-01,0.37815126050420406
Honduras,268,2011-12-01,0.16743407283382405
Honduras,268,2012-01-01,0.20894274968658588
Honduras,268,2012-02-01,0.9591326105087502
Honduras,268,2012-03-01,0.7434944237918263
Honduras,268,2012-04-01,1.1070110701106963
Honduras,268,2012-05-01,0.12165450121654964
Honduras,268,2012-06-01,0
Honduras,268,2012-07-01,0.08100445524503387
Honduras,268,2012-08-01,0.6070416835289356
Honduras,268,2012-09-01,0.7240547063555959
Honduras,268,2012-10-01,0.4392971246006367
Honduras,268,2012-11-01,0.1590457256461255
Honduras,268,2012-12-01,0.11909487892019965
Honduras,268,2013-01-01,0.47581284694687437
Honduras,268,2013-02-01,1.0655090765588069
Honduras,268,2013-03-01,0.5466614603670352
Honduras,268,2013-04-01,0.2330097087378729
Honduras,268,2013-05-01,0.27121270825261085
Honduras,268,2013-06-01,0.4250386398763392
Honduras,268,2013-07-01,0.42323970757984725
Honduras,268,2013-08-01,0.38314176245210724
Honduras,268,2013-09-01,0.305343511450386
Honduras,268,2013-10-01,0.11415525114155683
Honduras,268,2013-11-01,0.26605853287722864
Honduras,268,2013-12-01,0.3032600454890111
Honduras,268,2014-01-01,1.511715797430083
Honduras,268,2014-02-01,0.8190618019359599
Honduras,268,2014-03-01,0.5908419497784216
Honduras,268,2014-04-01,0.40381791483113905
Honduras,268,2014-05-01,0.5118829981718381
Honduras,268,2014-06-01,0.4365223717715699
Honduras,268,2014-07-01,0.7605939876856088
Honduras,268,2014-08-01,0.1437814521926794
Honduras,268,2014-09-01,0.1076812634601416
Honduras,268,2014-10-01,0.28684116170670904
Honduras,268,2014-11-01,0.35752592062924565
Honduras,268,2014-12-01,-0.24937655860348723
Honduras,268,2015-01-01,-0.39285714285715095
Honduras,268,2015-02-01,0.6453926138400902
Honduras,268,2015-03-01,0.6768792304952028
Honduras,268,2015-04-01,0.2476999292285876
Honduras,268,2015-05-01,0.4235792446170098
Honduras,268,2015-06-01,0.56239015817224
Honduras,268,2015-07-01,0.3495281370150297
Honduras,268,2015-08-01,0.034831069313816056
Honduras,268,2015-09-01,-0.20891364902505777
Honduras,268,2015-10-01,0.0697836706210707
Honduras,268,2015-11-01,-0.06973500697349673
Honduras,268,2015-12-01,0
Honduras,268,2016-01-01,0.31402651779482804
Honduras,268,2016-02-01,0.4869565217391225
Honduras,268,2016-03-01,0.2422983731395104
Honduras,268,2016-04-01,0.20718232044197715
Honduras,268,2016-05-01,0.34458993797381116
Honduras,268,2016-06-01,0.6524725274725393
Honduras,268,2016-07-01,0.3070624360286514
Honduras,268,2016-08-01,0.13605442176869975
Honduras,268,2016-09-01,0.16983695652173914
Honduras,268,2016-10-01,0
Honduras,268,2016-11-01,0.13563919972873317
Honduras,268,2016-12-01,0.27091093802912675
Honduras,268,2017-01-01,0.4390408645727641
Honduras,268,2017-02-01,0.8742434431741839
Honduras,268,2017-03-01,0.33333333333333337
Honduras,268,2017-04-01,0.36544850498339626
Honduras,268,2017-05-01,0.2979145978152854
Honduras,268,2017-06-01,0.2640264026402678
Honduras,268,2017-07-01,0.29624753127056525
Honduras,268,2017-08-01,0.32819166393173616
Honduras,268,2017-09-01,0
Honduras,268,2017-10-01,0.2944062806673321
Honduras,268,2017-11-01,0.4892367906066536
Honduras,268,2017-12-01,0.6491398896462187
Honduras,268,2018-01-01,0.2902289584005086
Honduras,268,2018-02-01,0.6430868167202572
Honduras,268,2018-03-01,0.35143769968051847
Honduras,268,2018-04-01,0.22285896211397282
Honduras,268,2018-05-01,0.09529860228717006
Honduras,268,2018-06-01,0.41256743890826864
Honduras,268,2018-07-01,0.37926675094818124
Honduras,268,2018-08-01,0.4408060453400432
Honduras,268,2018-09-01,0.031347962382452264
Honduras,268,2018-10-01,0.5640864932622859
Honduras,268,2018-11-01,0.5297600498597836
Honduras,268,2018-12-01,0.18598884066954924
Côte d'Ivoire,662,2011-01-01,NA
Côte d'Ivoire,662,2011-02-01,0.24598396626705518
Côte d'Ivoire,662,2011-03-01,1.0989220045972297
Côte d'Ivoire,662,2011-04-01,4.870147798558977
Côte d'Ivoire,662,2011-05-01,-2.408117694098922
Côte d'Ivoire,662,2011-06-01,-1.593923473768712
Côte d'Ivoire,662,2011-07-01,-0.21075554379360917
Côte d'Ivoire,662,2011-08-01,-0.1683163366400641
Côte d'Ivoire,662,2011-09-01,-0.43797094774738304
Côte d'Ivoire,662,2011-10-01,-0.43823073286119946
Côte d'Ivoire,662,2011-11-01,0.520015512436062
Côte d'Ivoire,662,2011-12-01,0.5363303185630035
Côte d'Ivoire,662,2012-01-01,0.4253047900866837
Côte d'Ivoire,662,2012-02-01,-0.06971904364408457
Côte d'Ivoire,662,2012-03-01,-0.2432102522315501
Côte d'Ivoire,662,2012-04-01,0.2059774418718477
Côte d'Ivoire,662,2012-05-01,0.24164193001172543
Côte d'Ivoire,662,2012-06-01,0.6153046530724117
Côte d'Ivoire,662,2012-07-01,0.5098836869414014
Côte d'Ivoire,662,2012-08-01,-0.004607025176945795
Côte d'Ivoire,662,2012-09-01,-0.10899015290012004
Côte d'Ivoire,662,2012-10-01,0.3729576441572249
Côte d'Ivoire,662,2012-11-01,0.46026865417105034
Côte d'Ivoire,662,2012-12-01,0.9821489631367727
Côte d'Ivoire,662,2013-01-01,0.4017066288475055
Côte d'Ivoire,662,2013-02-01,0.11482382096162083
Côte d'Ivoire,662,2013-03-01,-0.17359465287471773
Côte d'Ivoire,662,2013-04-01,0.46701195461654277
Côte d'Ivoire,662,2013-05-01,-0.22559695470887353
Côte d'Ivoire,662,2013-06-01,0.0890955215325275
Côte d'Ivoire,662,2013-07-01,0.04493594626453306
Côte d'Ivoire,662,2013-08-01,-0.18042666087836415
Côte d'Ivoire,662,2013-09-01,-0.2016946407163545
Côte d'Ivoire,662,2013-10-01,-0.10109181255056594
Côte d'Ivoire,662,2013-11-01,-0.08331376875851094
Côte d'Ivoire,662,2013-12-01,0.2659002360714403
Côte d'Ivoire,662,2014-01-01,0.08081488908133941
Côte d'Ivoire,662,2014-02-01,-0.13117288198134136
Côte d'Ivoire,662,2014-03-01,-0.038413192899247814
Côte d'Ivoire,662,2014-04-01,0.26949335249682865
Côte d'Ivoire,662,2014-05-01,0.8421429851283909
Côte d'Ivoire,662,2014-06-01,-0.151030561478451
Côte d'Ivoire,662,2014-07-01,0.34700596138462525
Côte d'Ivoire,662,2014-08-01,-0.27487143110548007
Côte d'Ivoire,662,2014-09-01,-0.9691473281764464
Côte d'Ivoire,662,2014-10-01,0.42197881127734904
Côte d'Ivoire,662,2014-11-01,0.3397407241841602
Côte d'Ivoire,662,2014-12-01,0.12474382963514458
Côte d'Ivoire,662,2015-01-01,0.7386313072886765
Côte d'Ivoire,662,2015-02-01,-0.3710247349820615
Côte d'Ivoire,662,2015-03-01,0.41674055683597677
Côte d'Ivoire,662,2015-04-01,-0.03532008829996448
Côte d'Ivoire,662,2015-05-01,0.5918205105549343
Côte d'Ivoire,662,2015-06-01,0.43027748507201613
Côte d'Ivoire,662,2015-07-01,-0.1748710326131355
Côte d'Ivoire,662,2015-08-01,-0.23648944556359688
Côte d'Ivoire,662,2015-09-01,-1.4047410008773984
Côte d'Ivoire,662,2015-10-01,0.17809439002639468
Côte d'Ivoire,662,2015-11-01,0.6222222222220869
Côte d'Ivoire,662,2015-12-01,0.618374558303767
Côte d'Ivoire,662,2016-01-01,-0.3511852502198365
Côte d'Ivoire,662,2016-02-01,0.2643171806172385
Côte d'Ivoire,662,2016-03-01,0.43936731107223753
Côte d'Ivoire,662,2016-04-01,1.0498687664042592
Côte d'Ivoire,662,2016-05-01,0.8658008658002745
Côte d'Ivoire,662,2016-06-01,-0.9442060085839015
Côte d'Ivoire,662,2016-07-01,-0.6065857885613972
Côte d'Ivoire,662,2016-08-01,-1.1333914559720182
Côte d'Ivoire,662,2016-09-01,-0.35273368606638933
Côte d'Ivoire,662,2016-10-01,0.08849557522108721
Côte d'Ivoire,662,2016-11-01,0.4420866489833825
Côte d'Ivoire,662,2016-12-01,0.08802816901393357
Côte d'Ivoire,662,2017-01-01,0.9674582233951098
Côte d'Ivoire,662,2017-02-01,0.522648083622756
Côte d'Ivoire,662,2017-03-01,-0.6065857885613972
Côte d'Ivoire,662,2017-04-01,0.7846556233658267
Côte d'Ivoire,662,2017-05-01,0.4325259515572715
Côte d'Ivoire,662,2017-06-01,-0.6890611541780951
Côte d'Ivoire,662,2017-07-01,0.1734605377283055
Côte d'Ivoire,662,2017-08-01,-0.6060606060604734
Côte d'Ivoire,662,2017-09-01,-0.26132404181233726
Côte d'Ivoire,662,2017-10-01,-0.17467248908267066
Côte d'Ivoire,662,2017-11-01,-0.2624671916015431
Côte d'Ivoire,662,2017-12-01,0.7894736842110548
Côte d'Ivoire,662,2018-01-01,0.08703220191455929
Côte d'Ivoire,662,2018-02-01,-0.2608695652178818
Côte d'Ivoire,662,2018-03-01,0.610287707061771
Côte d'Ivoire,662,2018-04-01,0.25996533795542975
Côte d'Ivoire,662,2018-05-01,-0.6914433880723231
Côte d'Ivoire,662,2018-06-01,0.7832898172319445
Côte d'Ivoire,662,2018-07-01,0
Côte d'Ivoire,662,2018-08-01,0.08635578583749001
Côte d'Ivoire,662,2018-09-01,-0.6902502157029166
Côte d'Ivoire,662,2018-10-01,0.17376194613349946
Côte d'Ivoire,662,2018-11-01,-0.09532888465205769
Côte d'Ivoire,662,2018-12-01,0.7633587786259515
"Comoros, Union of the",632,2011-01-01,NA
"Comoros, Union of the",632,2011-02-01,-0.4159148917256457
"Comoros, Union of the",632,2011-03-01,-2.2398982313002564
"Comoros, Union of the",632,2011-04-01,-1.8078248026741666
"Comoros, Union of the",632,2011-05-01,0.35765326407749115
"Comoros, Union of the",632,2011-06-01,1.0874483944597777
"Comoros, Union of the",632,2011-07-01,5.446622610287834
"Comoros, Union of the",632,2011-08-01,0.7763593232844317
"Comoros, Union of the",632,2011-09-01,-3.2298270866589913
"Comoros, Union of the",632,2011-10-01,3.1216155328312385
"Comoros, Union of the",632,2011-11-01,-1.3220967512606154
"Comoros, Union of the",632,2011-12-01,2.6196634186586345
"Comoros, Union of the",632,2012-01-01,3.3144656257240674
"Comoros, Union of the",632,2012-02-01,-0.6998038993650333
"Comoros, Union of the",632,2012-03-01,-1.4994324804199737
"Comoros, Union of the",632,2012-04-01,1.4708517077635959
"Comoros, Union of the",632,2012-05-01,-0.6810868408262857
"Comoros, Union of the",632,2012-06-01,-1.4261950721622407
"Comoros, Union of the",632,2012-07-01,3.8149869500379774
"Comoros, Union of the",632,2012-08-01,0.48102670007235976
"Comoros, Union of the",632,2012-09-01,-2.8094936855003345
"Comoros, Union of the",632,2012-10-01,-0.25733404450468134
"Comoros, Union of the",632,2012-11-01,-2.4217098683978455
"Comoros, Union of the",632,2012-12-01,1.9476253992766943
"Comoros, Union of the",632,2013-01-01,-4.993178114284094
"Comoros, Union of the",632,2013-02-01,0
"Comoros, Union of the",632,2013-03-01,0
"Comoros, Union of the",632,2013-04-01,2.228140021381041
"Comoros, Union of the",632,2013-05-01,0
"Comoros, Union of the",632,2013-06-01,0
"Comoros, Union of the",632,2013-07-01,0
"Comoros, Union of the",632,2013-08-01,0
"Comoros, Union of the",632,2013-09-01,0
"Comoros, Union of the",632,2013-10-01,0
"Comoros, Union of the",632,2013-11-01,0.4406381501382453
"Comoros, Union of the",632,2013-12-01,0
"Comoros, Union of the",632,2014-01-01,9.396597366686892
"Comoros, Union of the",632,2014-02-01,-2.2942406709409524
"Comoros, Union of the",632,2014-03-01,0.5586395344299174
"Comoros, Union of the",632,2014-04-01,-1.6060088048936068
"Comoros, Union of the",632,2014-05-01,-1.6993583867141102
"Comoros, Union of the",632,2014-06-01,-1.5098239541035074
"Comoros, Union of the",632,2014-07-01,3.2758330465097005
"Comoros, Union of the",632,2014-08-01,5.562070260459199
"Comoros, Union of the",632,2014-09-01,-2.519419664587285
"Comoros, Union of the",632,2014-10-01,-2.5155017339225427
"Comoros, Union of the",632,2014-11-01,NA
"Comoros, Union of the",632,2014-12-01,NA
"Comoros, Union of the",632,2015-01-01,NA
"Comoros, Union of the",632,2015-02-01,NA
"Comoros, Union of the",632,2015-03-01,NA
"Comoros, Union of the",632,2015-04-01,NA
"Comoros, Union of the",632,2015-05-01,NA
"Comoros, Union of the",632,2015-06-01,NA
"Comoros, Union of the",632,2015-07-01,NA
"Comoros, Union of the",632,2015-08-01,NA
"Comoros, Union of the",632,2015-09-01,NA
"Comoros, Union of the",632,2015-10-01,NA
"Comoros, Union of the",632,2015-11-01,NA
"Comoros, Union of the",632,2015-12-01,NA
"Comoros, Union of the",632,2016-01-01,NA
"Comoros, Union of the",632,2016-02-01,NA
"Comoros, Union of the",632,2016-03-01,NA
"Comoros, Union of the",632,2016-04-01,NA
"Comoros, Union of the",632,2016-05-01,NA
"Comoros, Union of the",632,2016-06-01,NA
"Comoros, Union of the",632,2016-07-01,NA
"Comoros, Union of the",632,2016-08-01,NA
"Comoros, Union of the",632,2016-09-01,NA
"Comoros, Union of the",632,2016-10-01,NA
"Comoros, Union of the",632,2016-11-01,NA
"Comoros, Union of the",632,2016-12-01,NA
"Comoros, Union of the",632,2017-01-01,NA
"Comoros, Union of the",632,2017-02-01,NA
"Comoros, Union of the",632,2017-03-01,NA
"Comoros, Union of the",632,2017-04-01,NA
"Comoros, Union of the",632,2017-05-01,NA
"Comoros, Union of the",632,2017-06-01,NA
"Comoros, Union of the",632,2017-07-01,NA
"Comoros, Union of the",632,2017-08-01,NA
"Comoros, Union of the",632,2017-09-01,NA
"Comoros, Union of the",632,2017-10-01,NA
"Comoros, Union of the",632,2017-11-01,NA
"Comoros, Union of the",632,2017-12-01,NA
"Comoros, Union of the",632,2018-01-01,NA
"Comoros, Union of the",632,2018-02-01,NA
"Comoros, Union of the",632,2018-03-01,NA
"Comoros, Union of the",632,2018-04-01,NA
"Comoros, Union of the",632,2018-05-01,NA
"Comoros, Union of the",632,2018-06-01,NA
"Comoros, Union of the",632,2018-07-01,NA
"Comoros, Union of the",632,2018-08-01,NA
"Comoros, Union of the",632,2018-09-01,NA
"Comoros, Union of the",632,2018-10-01,NA
"Comoros, Union of the",632,2018-11-01,NA
"Comoros, Union of the",632,2018-12-01,NA
Saudi Arabia,456,2011-01-01,NA
Saudi Arabia,456,2011-02-01,0.3239715791308223
Saudi Arabia,456,2011-03-01,0.2152797446907337
Saudi Arabia,456,2011-04-01,0.32224321945837797
Saudi Arabia,456,2011-05-01,0.10705789329644308
Saudi Arabia,456,2011-06-01,0.3208646370603907
Saudi Arabia,456,2011-07-01,0.2132141521479931
Saudi Arabia,456,2011-08-01,0.21277193264452035
Saudi Arabia,456,2011-09-01,0.4246289580203398
Saudi Arabia,456,2011-10-01,0.21141107048959928
Saudi Arabia,456,2011-11-01,0.2109763866733737
Saudi Arabia,456,2011-12-01,0
Saudi Arabia,456,2012-01-01,0
Saudi Arabia,456,2012-02-01,0.2105209175580755
Saudi Arabia,456,2012-03-01,0.3151236231236033
Saudi Arabia,456,2012-04-01,0.20942996686853405
Saudi Arabia,456,2012-05-01,0.20898106118243404
Saudi Arabia,456,2012-06-01,0.521379887586767
Saudi Arabia,456,2012-07-01,0.20746356780786648
Saudi Arabia,456,2012-08-01,0.31056773452630365
Saudi Arabia,456,2012-09-01,0.515988180545032
Saudi Arabia,456,2012-10-01,0.6160227163678801
Saudi Arabia,456,2012-11-01,0.20407640343726619
Saudi Arabia,456,2012-12-01,0.20367170760881764
Saudi Arabia,456,2013-01-01,1.117884793501697
Saudi Arabia,456,2013-02-01,0.07999227794646781
Saudi Arabia,456,2013-03-01,-0.0199793912686844
Saudi Arabia,456,2013-04-01,0
Saudi Arabia,456,2013-05-01,-0.009991691913563973
Saudi Arabia,456,2013-06-01,0.05996692171563373
Saudi Arabia,456,2013-07-01,0.5394003928318016
Saudi Arabia,456,2013-08-01,-0.04966561166976824
Saudi Arabia,456,2013-09-01,0.0994020226467653
Saudi Arabia,456,2013-10-01,0.4369367198419112
Saudi Arabia,456,2013-11-01,0.1483176255701292
Saudi Arabia,456,2013-12-01,0.11846559897850996
Saudi Arabia,456,2014-01-01,0.393560187185173
Saudi Arabia,456,2014-02-01,0.2961793614500499
Saudi Arabia,456,2014-03-01,0.009843843061682806
Saudi Arabia,456,2014-04-01,0.4921331462060639
Saudi Arabia,456,2014-05-01,0.12732021786207556
Saudi Arabia,456,2014-06-01,-0.048911082905018125
Saudi Arabia,456,2014-07-01,0.22509057966258153
Saudi Arabia,456,2014-08-01,0.13671032707799669
Saudi Arabia,456,2014-09-01,-0.009751691792970366
Saudi Arabia,456,2014-10-01,0.17553710692244898
Saudi Arabia,456,2014-11-01,0.11682663998373037
Saudi Arabia,456,2014-12-01,-0.01944838576833579
Saudi Arabia,456,2015-01-01,0.04863042225296
Saudi Arabia,456,2015-02-01,0.08749221222305581
Saudi Arabia,456,2015-03-01,0.09711816766291939
Saudi Arabia,456,2015-04-01,0.06792404584101466
Saudi Arabia,456,2015-05-01,0.1260590321671138
Saudi Arabia,456,2015-06-01,0.13557457245742607
Saudi Arabia,456,2015-07-01,0.183748657323127
Saudi Arabia,456,2015-08-01,-0.019297220703029656
Saudi Arabia,456,2015-09-01,0.15448008298889218
Saudi Arabia,456,2015-10-01,0.1928151928441481
Saudi Arabia,456,2015-11-01,0.134700567668893
Saudi Arabia,456,2015-12-01,0.00960926283447729
Saudi Arabia,456,2016-01-01,1.3258993101686374
Saudi Arabia,456,2016-02-01,0.15172175499907145
Saudi Arabia,456,2016-03-01,0.10414052825083273
Saudi Arabia,456,2016-04-01,0
Saudi Arabia,456,2016-05-01,-0.05674021718380901
Saudi Arabia,456,2016-06-01,0.06623619402340929
Saudi Arabia,456,2016-07-01,0.17969249528113326
Saudi Arabia,456,2016-08-01,-0.21713232379700706
Saudi Arabia,456,2016-09-01,0
Saudi Arabia,456,2016-10-01,-0.14190603179307315
Saudi Arabia,456,2016-11-01,-0.142117856976582
Saudi Arabia,456,2016-12-01,-0.2941180662462502
Saudi Arabia,456,2017-01-01,-0.17127772159278384
Saudi Arabia,456,2017-02-01,0.09532322961647328
Saudi Arabia,456,2017-03-01,-0.05713947058112865
Saudi Arabia,456,2017-04-01,0.0857479837415099
Saudi Arabia,456,2017-05-01,-0.1427976760518325
Saudi Arabia,456,2017-06-01,0.2669457073657108
Saudi Arabia,456,2017-07-01,-0.06655109921541495
Saudi Arabia,456,2017-08-01,-0.17127161620129971
Saudi Arabia,456,2017-09-01,-0.04765707198222123
Saudi Arabia,456,2017-10-01,-0.5149213201532439
Saudi Arabia,456,2017-11-01,-0.6901221675237555
Saudi Arabia,456,2017-12-01,0.2991993458231201
Saudi Arabia,456,2018-01-01,4.127157525636297
Saudi Arabia,456,2018-02-01,-0.09995329563268794
Saudi Arabia,456,2018-03-01,-0.13012884840436179
Saudi Arabia,456,2018-04-01,-0.28067329787149015
Saudi Arabia,456,2018-05-01,-0.2312304650124379
Saudi Arabia,456,2018-06-01,0.19150696098332612
Saudi Arabia,456,2018-07-01,-0.14078819453099461
Saudi Arabia,456,2018-08-01,-0.14098668714236556
Saudi Arabia,456,2018-09-01,-0.22185759238316805
Saudi Arabia,456,2018-10-01,-0.4749859251923698
Saudi Arabia,456,2018-11-01,-0.2132423306063708
Saudi Arabia,456,2018-12-01,-0.4070433771270537
United Kingdom,112,2011-01-01,NA
United Kingdom,112,2011-02-01,0.5446623093681917
United Kingdom,112,2011-03-01,0.3250270855904628
United Kingdom,112,2011-04-01,0.7559395248380161
United Kingdom,112,2011-05-01,0.21436227224008877
United Kingdom,112,2011-06-01,0
United Kingdom,112,2011-07-01,0
United Kingdom,112,2011-08-01,0.42780748663102214
United Kingdom,112,2011-09-01,0.6389776357827415
United Kingdom,112,2011-10-01,0
United Kingdom,112,2011-11-01,0.21164021164021465
United Kingdom,112,2011-12-01,0.3167898627243898
United Kingdom,112,2012-01-01,-0.3157894736842075
United Kingdom,112,2012-02-01,0.5279831045406547
United Kingdom,112,2012-03-01,0.21008403361344835
United Kingdom,112,2012-04-01,0.5241090146750523
United Kingdom,112,2012-05-01,0
United Kingdom,112,2012-06-01,-0.3128258602711276
United Kingdom,112,2012-07-01,0.10460251046025996
United Kingdom,112,2012-08-01,0.4179728317659263
United Kingdom,112,2012-09-01,0.31217481789803475
United Kingdom,112,2012-10-01,0.41493775933609073
United Kingdom,112,2012-11-01,0.20661157024793683
United Kingdom,112,2012-12-01,0.309278350515461
United Kingdom,112,2013-01-01,-0.3083247687564205
United Kingdom,112,2013-02-01,0.5154639175257731
United Kingdom,112,2013-03-01,0.30769230769230477
United Kingdom,112,2013-04-01,0.2044989775051154
United Kingdom,112,2013-05-01,0.20408163265306412
United Kingdom,112,2013-06-01,-0.20366598778004363
United Kingdom,112,2013-07-01,0
United Kingdom,112,2013-08-01,0.40816326530612823
United Kingdom,112,2013-09-01,0.3048780487804849
United Kingdom,112,2013-10-01,0.10131712259371257
United Kingdom,112,2013-11-01,0
United Kingdom,112,2013-12-01,0.4048582995951474
United Kingdom,112,2014-01-01,-0.5040322580645161
United Kingdom,112,2014-02-01,0.40526849037486473
United Kingdom,112,2014-03-01,0.20181634712411992
United Kingdom,112,2014-04-01,0.3021148036253748
United Kingdom,112,2014-05-01,0
United Kingdom,112,2014-06-01,0.20080321285140845
United Kingdom,112,2014-07-01,-0.20040080160320925
United Kingdom,112,2014-08-01,0.30120481927711984
United Kingdom,112,2014-09-01,0.1001001001000944
United Kingdom,112,2014-10-01,0.09999999999999432
United Kingdom,112,2014-11-01,-0.19980019980018843
United Kingdom,112,2014-12-01,0
United Kingdom,112,2015-01-01,-0.7007007007007034
United Kingdom,112,2015-02-01,0.3024193548387068
United Kingdom,112,2015-03-01,0.10050251256280836
United Kingdom,112,2015-04-01,0.30120481927711984
United Kingdom,112,2015-05-01,0.2002002002001888
United Kingdom,112,2015-06-01,0
United Kingdom,112,2015-07-01,-0.09990009990009421
United Kingdom,112,2015-08-01,0.29999999999999716
United Kingdom,112,2015-09-01,-0.09970089730807011
United Kingdom,112,2015-10-01,0.09980039920159114
United Kingdom,112,2015-11-01,0
United Kingdom,112,2015-12-01,0.09970089730808429
United Kingdom,112,2016-01-01,-0.49800796812749004
United Kingdom,112,2016-02-01,0.2002002002001888
United Kingdom,112,2016-03-01,0.2997002997003111
United Kingdom,112,2016-04-01,0.19920318725098468
United Kingdom,112,2016-05-01,0.19880715705765692
United Kingdom,112,2016-06-01,0.19841269841270123
United Kingdom,112,2016-07-01,-0.09900990099009338
United Kingdom,112,2016-08-01,0.2973240832507405
United Kingdom,112,2016-09-01,0.29644268774703275
United Kingdom,112,2016-10-01,0.09852216748767913
United Kingdom,112,2016-11-01,0.19685039370079022
United Kingdom,112,2016-12-01,0.39292730844794277
United Kingdom,112,2017-01-01,-0.3913894324853284
United Kingdom,112,2017-02-01,0.5893909626719142
United Kingdom,112,2017-03-01,0.2929687499999972
United Kingdom,112,2017-04-01,0.486854917234664
United Kingdom,112,2017-05-01,0.2906976744186019
United Kingdom,112,2017-06-01,0
United Kingdom,112,2017-07-01,0
United Kingdom,112,2017-08-01,0.4830917874396135
United Kingdom,112,2017-09-01,0.28846153846153577
United Kingdom,112,2017-10-01,0.09587727708533895
United Kingdom,112,2017-11-01,0.2873563218390777
United Kingdom,112,2017-12-01,0.28653295128939554
United Kingdom,112,2018-01-01,-0.4761904761904762
United Kingdom,112,2018-02-01,0.3827751196172303
United Kingdom,112,2018-03-01,0.1906577693040883
United Kingdom,112,2018-04-01,0.3805899143672747
United Kingdom,112,2018-05-01,0.37914691943128503
United Kingdom,112,2018-06-01,0
United Kingdom,112,2018-07-01,0
United Kingdom,112,2018-08-01,0.5665722379603345
United Kingdom,112,2018-09-01,0.09389671361501814
United Kingdom,112,2018-10-01,0.09380863039400425
United Kingdom,112,2018-11-01,0.18744142455482926
United Kingdom,112,2018-12-01,0.18709073900840845
"Gambia, The",648,2011-01-01,NA
"Gambia, The",648,2011-02-01,0.6806962010404564
"Gambia, The",648,2011-03-01,0.23479610256015573
"Gambia, The",648,2011-04-01,0.2935225402906695
"Gambia, The",648,2011-05-01,0.10550858203911365
"Gambia, The",648,2011-06-01,0.33222525925838514
"Gambia, The",648,2011-07-01,0.4315058619020373
"Gambia, The",648,2011-08-01,0.5518387877482694
"Gambia, The",648,2011-09-01,0.4221545413204644
"Gambia, The",648,2011-10-01,0.38362014323536026
"Gambia, The",648,2011-11-01,0.22376770537953858
"Gambia, The",648,2011-12-01,0.3834883575938939
"Gambia, The",648,2012-01-01,0.18580934456679943
"Gambia, The",648,2012-02-01,0.20283876921270996
"Gambia, The",648,2012-03-01,0.3507060344390396
"Gambia, The",648,2012-04-01,0.13730472564028157
"Gambia, The",648,2012-05-01,0.40131587593694
"Gambia, The",648,2012-06-01,0.4779919443169399
"Gambia, The",648,2012-07-01,0.6145112585388226
"Gambia, The",648,2012-08-01,0.3628931582367993
"Gambia, The",648,2012-09-01,0.4299271321709046
"Gambia, The",648,2012-10-01,0.4952119078502496
"Gambia, The",648,2012-11-01,0.5936019412331389
"Gambia, The",648,2012-12-01,0.5499214341918495
"Gambia, The",648,2013-01-01,0.4369502938402282
"Gambia, The",648,2013-02-01,0.32746668707801735
"Gambia, The",648,2013-03-01,0.3996516600997608
"Gambia, The",648,2013-04-01,0.3919923090560441
"Gambia, The",648,2013-05-01,0.4542850934753949
"Gambia, The",648,2013-06-01,0.588513796882167
"Gambia, The",648,2013-07-01,0.7112351413736613
"Gambia, The",648,2013-08-01,0.47262921070777886
"Gambia, The",648,2013-09-01,0.4813288013210745
"Gambia, The",648,2013-10-01,0.48504183025511355
"Gambia, The",648,2013-11-01,0.42599700103080723
"Gambia, The",648,2013-12-01,0.23060681443302714
"Gambia, The",648,2014-01-01,0.26718691129121175
"Gambia, The",648,2014-02-01,0.5398017004926163
"Gambia, The",648,2014-03-01,0.3662501378267399
"Gambia, The",648,2014-04-01,0.5117244852736085
"Gambia, The",648,2014-05-01,0.3833195561752978
"Gambia, The",648,2014-06-01,0.43461798070993235
"Gambia, The",648,2014-07-01,0.9413998290496212
"Gambia, The",648,2014-08-01,0.49777055234050077
"Gambia, The",648,2014-09-01,1.0655555708986415
"Gambia, The",648,2014-10-01,0.7135749887720466
"Gambia, The",648,2014-11-01,0.6866847091102612
"Gambia, The",648,2014-12-01,0.3329724831757372
"Gambia, The",648,2015-01-01,0.3263991580629208
"Gambia, The",648,2015-02-01,0.36787468931386513
"Gambia, The",648,2015-03-01,0.2709852369269172
"Gambia, The",648,2015-04-01,0.4962140766589757
"Gambia, The",648,2015-05-01,0.8466317363539182
"Gambia, The",648,2015-06-01,0.39786055423649025
"Gambia, The",648,2015-07-01,0.7015837374849774
"Gambia, The",648,2015-08-01,0.46888346565082917
"Gambia, The",648,2015-09-01,0.7744336163429376
"Gambia, The",648,2015-10-01,0.6263270329388132
"Gambia, The",648,2015-11-01,0.7775182853331835
"Gambia, The",648,2015-12-01,0.41875388838968447
"Gambia, The",648,2016-01-01,0.3426170396944345
"Gambia, The",648,2016-02-01,0.5314505559209759
"Gambia, The",648,2016-03-01,0.4468628544281178
"Gambia, The",648,2016-04-01,0.5110819707947106
"Gambia, The",648,2016-05-01,0.7503813824631962
"Gambia, The",648,2016-06-01,0.5707053313409024
"Gambia, The",648,2016-07-01,0.7664137377907149
"Gambia, The",648,2016-08-01,0.6948356030244428
"Gambia, The",648,2016-09-01,0.7486039551197684
"Gambia, The",648,2016-10-01,0.6339959256450387
"Gambia, The",648,2016-11-01,0.8603983346015464
"Gambia, The",648,2016-12-01,0.7484820012491343
"Gambia, The",648,2017-01-01,1.2224582378822224
"Gambia, The",648,2017-02-01,0.510139053927284
"Gambia, The",648,2017-03-01,0.3491734047317278
"Gambia, The",648,2017-04-01,0.4880619062829662
"Gambia, The",648,2017-05-01,0.4939398256641855
"Gambia, The",648,2017-06-01,0.6085681103832398
"Gambia, The",648,2017-07-01,0.3820401740063947
"Gambia, The",648,2017-08-01,0.5986789170848948
"Gambia, The",648,2017-09-01,0.448888697636723
"Gambia, The",648,2017-10-01,0.4928857642466384
"Gambia, The",648,2017-11-01,0.32923710789766863
"Gambia, The",648,2017-12-01,0.8126354385802739
"Gambia, The",648,2018-01-01,0.7019691279875248
"Gambia, The",648,2018-02-01,0.4867197703917088
"Gambia, The",648,2018-03-01,0.4992008767080734
"Gambia, The",648,2018-04-01,0.5471389758434294
"Gambia, The",648,2018-05-01,0.43556765189944474
"Gambia, The",648,2018-06-01,0.5412710293771199
"Gambia, The",648,2018-07-01,0.5256717241300435
"Gambia, The",648,2018-08-01,0.6665722608020165
"Gambia, The",648,2018-09-01,0.3392530590262974
"Gambia, The",648,2018-10-01,0.4736747718436578
"Gambia, The",648,2018-11-01,0.3342335021068285
"Gambia, The",648,2018-12-01,0.6791377534811543
Greece,174,2011-01-01,NA
Greece,174,2011-02-01,-1.3008722804469839
Greece,174,2011-03-01,3.2591321556537287
Greece,174,2011-04-01,0.6237609211690404
Greece,174,2011-05-01,0.17864638847997413
Greece,174,2011-06-01,-0.21501680452394897
Greece,174,2011-07-01,-1.3854781684866841
Greece,174,2011-08-01,-1.401313007328394
Greece,174,2011-09-01,3.313646563605524
Greece,174,2011-10-01,0.10479635986760599
Greece,174,2011-11-01,0.15346986217541211
Greece,174,2011-12-01,-0.09453475737519831
Greece,174,2012-01-01,-0.8031518324305251
Greece,174,2012-02-01,-1.5147094036068016
Greece,174,2012-03-01,2.8311117148296203
Greece,174,2012-04-01,0.8493444932841157
Greece,174,2012-05-01,-0.32461338261381995
Greece,174,2012-06-01,-0.3020546764672551
Greece,174,2012-07-01,-1.3501832432478922
Greece,174,2012-08-01,-1.0098437985618123
Greece,174,2012-09-01,2.463999029736804
Greece,174,2012-10-01,0.8185415165211762
Greece,174,2012-11-01,-0.48789494115531634
Greece,174,2012-12-01,-0.26174647983809474
Greece,174,2013-01-01,-1.39134532647248
Greece,174,2013-02-01,-1.6498320081340347
Greece,174,2013-03-01,2.5464600094233103
Greece,174,2013-04-01,0.4585065922312952
Greece,174,2013-05-01,-0.17645458061004363
Greece,174,2013-06-01,-0.23894085496443873
Greece,174,2013-07-01,-1.6533886124824921
Greece,174,2013-08-01,-1.5958779571124224
Greece,174,2013-09-01,2.6279653158115863
Greece,174,2013-10-01,-0.06699740602262436
Greece,174,2013-11-01,-1.3659631730918793
Greece,174,2013-12-01,0.9122187758012242
Greece,174,2014-01-01,-1.150881116057694
Greece,174,2014-02-01,-1.329722734694634
Greece,174,2014-03-01,2.3406372519752385
Greece,174,2014-04-01,0.45893771476243983
Greece,174,2014-05-01,-0.7959875414012262
Greece,174,2014-06-01,0.6443190842941815
Greece,174,2014-07-01,-1.2441326842206288
Greece,174,2014-08-01,-1.2158299369409609
Greece,174,2014-09-01,2.0687797985177903
Greece,174,2014-10-01,-0.909886570849169
Greece,174,2014-11-01,-0.9347474737550463
Greece,174,2014-12-01,-0.47803185755047284
Greece,174,2015-01-01,-1.3843510739117204
Greece,174,2015-02-01,-0.641963287193985
Greece,174,2015-03-01,2.3594018326211468
Greece,174,2015-04-01,0.49481585994126837
Greece,174,2015-05-01,-0.8388248147397439
Greece,174,2015-06-01,0.6369331489404588
Greece,174,2015-07-01,-1.3187010251466582
Greece,174,2015-08-01,-0.43692371886963943
Greece,174,2015-09-01,1.7999867494546766
Greece,174,2015-10-01,-0.10183188427618829
Greece,174,2015-11-01,-0.7564857572641591
Greece,174,2015-12-01,0.09511914872359047
Greece,174,2016-01-01,-1.9447555504980074
Greece,174,2016-02-01,-0.42294797394818745
Greece,174,2016-03-01,1.3462661247129535
Greece,174,2016-04-01,0.7420510597141156
Greece,174,2016-05-01,-0.4481172127956478
Greece,174,2016-06-01,0.7975845851342079
Greece,174,2016-07-01,-1.6491542133665347
Greece,174,2016-08-01,-0.3408828844385983
Greece,174,2016-09-01,1.7775179680517548
Greece,174,2016-10-01,0.38940016130563593
Greece,174,2016-11-01,-1.1607995137553462
Greece,174,2016-12-01,1.0153533393127347
Greece,174,2017-01-01,-0.8295842847334111
Greece,174,2017-02-01,-0.2852616427999419
Greece,174,2017-03-01,1.7919745649493348
Greece,174,2017-04-01,0.6389785860380531
Greece,174,2017-05-01,-0.8877080365604486
Greece,174,2017-06-01,0.6213254479039866
Greece,174,2017-07-01,-1.665263956472531
Greece,174,2017-08-01,-0.4465838734561114
Greece,174,2017-09-01,1.8907239744809032
Greece,174,2017-10-01,0.10101410236096088
Greece,174,2017-11-01,-0.7406161578187105
Greece,174,2017-12-01,0.5255687764503693
Greece,174,2018-01-01,-1.6448783273694225
Greece,174,2018-02-01,-0.05071688636424472
Greece,174,2018-03-01,1.4936142564274482
Greece,174,2018-04-01,0.9123675944043671
Greece,174,2018-05-01,-0.32448220714866316
Greece,174,2018-06-01,0.9872857200724436
Greece,174,2018-07-01,-1.7818114936771212
Greece,174,2018-08-01,-0.32999684246910255
Greece,174,2018-09-01,2.0122202279350407
Greece,174,2018-10-01,0.7725532954991888
Greece,174,2018-11-01,-1.5032221624895394
Greece,174,2018-12-01,0.10392876388924503
Iceland,176,2011-01-01,NA
Iceland,176,2011-02-01,1.170727841708958
Iceland,176,2011-03-01,0.9647393637158863
Iceland,176,2011-04-01,0.7871278845129932
Iceland,176,2011-05-01,0.9141751482308497
Iceland,176,2011-06-01,0.5217451128927184
Iceland,176,2011-07-01,0.09150287899301487
Iceland,176,2011-08-01,0.27983202645956473
Iceland,176,2011-09-01,0.6172478070581722
Iceland,176,2011-10-01,0.3305972628491367
Iceland,176,2011-11-01,0.017547324546943195
Iceland,176,2011-12-01,0.3541148230526872
Iceland,176,2012-01-01,0.29061644627216665
Iceland,176,2012-02-01,0.9965231458419056
Iceland,176,2012-03-01,1.061939872754968
Iceland,176,2012-04-01,0.7675240364861442
Iceland,176,2012-05-01,-0.012126145956248885
Iceland,176,2012-06-01,0.5038989223442645
Iceland,176,2012-07-01,-0.7290189187854286
Iceland,176,2012-08-01,-0.15354224082103854
Iceland,176,2012-09-01,0.7725226556098008
Iceland,176,2012-10-01,0.2658480928596259
Iceland,176,2012-11-01,0.3165794481949009
Iceland,176,2012-12-01,0.05801678131886692
Iceland,176,2013-01-01,0.27447225513706736
Iceland,176,2013-02-01,1.6333651157678513
Iceland,176,2013-03-01,0.2018881466654427
Iceland,176,2013-04-01,0.1785217137259684
Iceland,176,2013-05-01,-0.04775883435507617
Iceland,176,2013-06-01,0.5519604895148117
Iceland,176,2013-07-01,-0.27207568141816135
Iceland,176,2013-08-01,0.34483915379197044
Iceland,176,2013-09-01,0.33464827477045195
Iceland,176,2013-10-01,0.005167877831365686
Iceland,176,2013-11-01,0.35792504108592155
Iceland,176,2013-12-01,0.5127499808599526
Iceland,176,2014-01-01,-0.7163989158298747
Iceland,176,2014-02-01,0.6801534113244408
Iceland,176,2014-03-01,0.24323615351054337
Iceland,176,2014-04-01,0.3083022990485076
Iceland,176,2014-05-01,0.07497765089253353
Iceland,176,2014-06-01,0.3493431638173474
Iceland,176,2014-07-01,-0.15426306995529346
Iceland,176,2014-08-01,0.23094950813706108
Iceland,176,2014-09-01,-0.11971292919653333
Iceland,176,2014-10-01,0.1336859989136706
Iceland,176,2014-11-01,-0.5051401395257036
Iceland,176,2014-12-01,0.30686263136048486
Iceland,176,2015-01-01,-0.7254995163113809
Iceland,176,2015-02-01,0.6697217742071366
Iceland,176,2015-03-01,1.0175330626333643
Iceland,176,2015-04-01,0.159459532839199
Iceland,176,2015-05-01,0.2793371808035425
Iceland,176,2015-06-01,0.2390003784447447
Iceland,176,2015-07-01,0.17976017506391984
Iceland,176,2015-08-01,0.5265604441491337
Iceland,176,2015-09-01,-0.3875614586000257
Iceland,176,2015-10-01,0.05448544366624861
Iceland,176,2015-11-01,-0.33505700162974505
Iceland,176,2015-12-01,0.33131785473826997
Iceland,176,2016-01-01,-0.5954382067388236
Iceland,176,2016-02-01,0.6895215014810234
Iceland,176,2016-03-01,0.36534870504182604
Iceland,176,2016-04-01,0.20334166618826807
Iceland,176,2016-05-01,0.4090481476297251
Iceland,176,2016-06-01,0.18420684074569413
Iceland,176,2016-07-01,-0.31013591745413593
Iceland,176,2016-08-01,0.35407836077429855
Iceland,176,2016-09-01,0.4810482141505459
Iceland,176,2016-10-01,-0.0030259582147268197
Iceland,176,2016-11-01,-0.03515368469850369
Iceland,176,2016-12-01,0.14111503419350432
Iceland,176,2017-01-01,-0.5713826314858522
Iceland,176,2017-02-01,0.7194970571321962
Iceland,176,2017-03-01,0.056131282978735854
Iceland,176,2017-04-01,0.5118303809265721
Iceland,176,2017-05-01,0.19458309279194827
Iceland,176,2017-06-01,0.0015934132121984872
Iceland,176,2017-07-01,-0.031995227484804184
Iceland,176,2017-08-01,0.2636306951562078
Iceland,176,2017-09-01,0.13054672561724978
Iceland,176,2017-10-01,0.47311500187339317
Iceland,176,2017-11-01,-0.1626930953404229
Iceland,176,2017-12-01,0.2764718469737519
Iceland,176,2018-01-01,-0.08276969757808891
Iceland,176,2018-02-01,0.5874502875644015
Iceland,176,2018-03-01,0.5639176857325839
Iceland,176,2018-04-01,0.03466851898585212
Iceland,176,2018-05-01,-0.07274743651147134
Iceland,176,2018-06-01,0.6122732095789147
Iceland,176,2018-07-01,0.05210972979956067
Iceland,176,2018-08-01,0.18132687070542203
Iceland,176,2018-09-01,0.25616176237311145
Iceland,176,2018-10-01,0.5664547534608345
Iceland,176,2018-11-01,0.24786079478933157
Iceland,176,2018-12-01,0.734325840079061
"Bahamas, The",313,2011-01-01,NA
"Bahamas, The",313,2011-02-01,0.29382957884423155
"Bahamas, The",313,2011-03-01,0.6835937500000001
"Bahamas, The",313,2011-04-01,0.48496605237635926
"Bahamas, The",313,2011-05-01,0.3861003861004242
"Bahamas, The",313,2011-06-01,0
"Bahamas, The",313,2011-07-01,0.19230769230766687
"Bahamas, The",313,2011-08-01,0.2879078694817278
"Bahamas, The",313,2011-09-01,0.09569377990438187
"Bahamas, The",313,2011-10-01,-0.09560229445514243
"Bahamas, The",313,2011-11-01,0.2870813397129691
"Bahamas, The",313,2011-12-01,0
"Bahamas, The",313,2012-01-01,-0.09541984732823167
"Bahamas, The",313,2012-02-01,0.19102196752624026
"Bahamas, The",313,2012-03-01,0.7626310772163838
"Bahamas, The",313,2012-04-01,0.3784295175024025
"Bahamas, The",313,2012-05-01,0.37700282752114206
"Bahamas, The",313,2012-06-01,-0.1877934272300078
"Bahamas, The",313,2012-07-01,0.09407337723423029
"Bahamas, The",313,2012-08-01,0
"Bahamas, The",313,2012-09-01,-0.18796992481200528
"Bahamas, The",313,2012-10-01,0.18832391713745159
"Bahamas, The",313,2012-11-01,-0.37593984962401056
"Bahamas, The",313,2012-12-01,-0.3773584905660748
"Bahamas, The",313,2013-01-01,0.1893939393938998
"Bahamas, The",313,2013-02-01,0.08178286648948326
"Bahamas, The",313,2013-03-01,0.7048008171603654
"Bahamas, The",313,2013-04-01,0.26371842986103144
"Bahamas, The",313,2013-05-01,-0.06069802731410023
"Bahamas, The",313,2013-06-01,0.04048992813036951
"Bahamas, The",313,2013-07-01,-0.08094708084589528
"Bahamas, The",313,2013-08-01,0.07088607594936018
"Bahamas, The",313,2013-09-01,-0.1922687715037419
"Bahamas, The",313,2013-10-01,-0.1115279326776837
"Bahamas, The",313,2013-11-01,0.7917174177831924
"Bahamas, The",313,2013-12-01,-0.29204431017119037
"Bahamas, The",313,2014-01-01,0.8382991617008365
"Bahamas, The",313,2014-02-01,0.250400641025641
"Bahamas, The",313,2014-03-01,0.3996403237086537
"Bahamas, The",313,2014-04-01,-0.18907353965568488
"Bahamas, The",313,2014-05-01,0.01994017946161119
"Bahamas, The",313,2014-06-01,0.009968102073370332
"Bahamas, The",313,2014-07-01,0.13953951958536887
"Bahamas, The",313,2014-08-01,-0.4379416741315793
"Bahamas, The",313,2014-09-01,0.329901029691091
"Bahamas, The",313,2014-10-01,-0.05978477481068381
"Bahamas, The",313,2014-11-01,-0.29910269192422445
"Bahamas, The",313,2014-12-01,-0.7999999999999973
"Bahamas, The",313,2015-01-01,2.8931451612903127
"Bahamas, The",313,2015-02-01,-0.17634956402468172
"Bahamas, The",313,2015-03-01,0.06870154087741012
"Bahamas, The",313,2015-04-01,-0.07846214201647538
"Bahamas, The",313,2015-05-01,0.019630938358863596
"Bahamas, The",313,2015-06-01,0.4023552502453352
"Bahamas, The",313,2015-07-01,0.01954843123838923
"Bahamas, The",313,2015-08-01,0.12703996872861864
"Bahamas, The",313,2015-09-01,0.07807925043920799
"Bahamas, The",313,2015-10-01,-0.7704310512970608
"Bahamas, The",313,2015-11-01,-0.04914004914004634
"Bahamas, The",313,2015-12-01,-0.38348082595870264
"Bahamas, The",313,2016-01-01,-0.059224163458693385
"Bahamas, The",313,2016-02-01,-0.49382716049382713
"Bahamas, The",313,2016-03-01,-0.238213399503717
"Bahamas, The",313,2016-04-01,0.5870062680330208
"Bahamas, The",313,2016-05-01,0.5835806132542072
"Bahamas, The",313,2016-06-01,0.2753466417543526
"Bahamas, The",313,2016-07-01,0
"Bahamas, The",313,2016-08-01,-0.03922722369323531
"Bahamas, The",313,2016-09-01,0.156970469930341
"Bahamas, The",313,2016-10-01,0.12733862278381375
"Bahamas, The",313,2016-11-01,0.06847974955978027
"Bahamas, The",313,2016-12-01,-0.19552253397204303
"Bahamas, The",313,2017-01-01,-0.03918111470271942
"Bahamas, The",313,2017-02-01,1.7442430181283695
"Bahamas, The",313,2017-03-01,-0.5393431570836967
"Bahamas, The",313,2017-04-01,-0.5519511958942511
"Bahamas, The",313,2017-05-01,0.3018500486854939
"Bahamas, The",313,2017-06-01,0.135909135035434
"Bahamas, The",313,2017-07-01,-0.4168686379059688
"Bahamas, The",313,2017-08-01,0.6619937694704117
"Bahamas, The",313,2017-09-01,-0.33849129593811267
"Bahamas, The",313,2017-10-01,0.06792819019893974
"Bahamas, The",313,2017-11-01,0.9891388673390187
"Bahamas, The",313,2017-12-01,-0.19204916458613677
"Bahamas, The",313,2018-01-01,0
"Bahamas, The",313,2018-02-01,0.3559746007311954
"Bahamas, The",313,2018-03-01,-0.2971910650944322
"Bahamas, The",313,2018-04-01,0.1826923076923055
"Bahamas, The",313,2018-05-01,0.5278817544869921
"Bahamas, The",313,2018-06-01,0.3150658774107297
"Bahamas, The",313,2018-07-01,1.7988007994670225
"Bahamas, The",313,2018-08-01,-0.02804786836199227
"Bahamas, The",313,2018-09-01,-0.06546338726270212
"Bahamas, The",313,2018-10-01,0.05614823133071521
"Bahamas, The",313,2018-11-01,-0.35540591096146223
"Bahamas, The",313,2018-12-01,-0.5256241787122229
Italy,136,2011-01-01,NA
Italy,136,2011-02-01,0.2964429501613237
Italy,136,2011-03-01,0.39409607852690387
Italy,136,2011-04-01,0.49067049826617554
Italy,136,2011-05-01,0.09766333413153364
Italy,136,2011-06-01,0.09755755812027696
Italy,136,2011-07-01,0.2923979059083615
Italy,136,2011-08-01,0.2915454331670246
Italy,136,2011-09-01,0
Italy,136,2011-10-01,0.5813958333333276
Italy,136,2011-11-01,-0.09633574134712584
Italy,136,2011-12-01,0.3857249127974962
Italy,136,2012-01-01,0.28818467611779025
Italy,136,2012-02-01,0.383138645755377
Italy,136,2012-03-01,0.47710306367826116
Italy,136,2012-04-01,0.47482739001948343
Italy,136,2012-05-01,0
Italy,136,2012-06-01,0.18903947018145828
Italy,136,2012-07-01,0.09434646337672598
Italy,136,2012-08-01,0.37699974305373746
Italy,136,2012-09-01,0
Italy,136,2012-10-01,0
Italy,136,2012-11-01,-0.18779694350759946
Italy,136,2012-12-01,0.18815028399013378
Italy,136,2013-01-01,0.18778684961112893
Italy,136,2013-02-01,0.0937275107623411
Italy,136,2013-03-01,0.18725935803579138
Italy,136,2013-04-01,0
Italy,136,2013-05-01,0
Italy,136,2013-06-01,0.28038412263117546
Italy,136,2013-07-01,0.09318335831982491
Italy,136,2013-08-01,0.37247651490181166
Italy,136,2013-09-01,-0.27832319994894217
Italy,136,2013-10-01,-0.18604000000000553
Italy,136,2013-11-01,-0.27960016815282485
Italy,136,2013-12-01,0.18691939951100006
Italy,136,2014-01-01,0.18656063476343987
Italy,136,2014-02-01,-0.09309660777421905
Italy,136,2014-03-01,0.09318335831982491
Italy,136,2014-04-01,0.1862032248600897
Italy,136,2014-05-01,-0.09291359036096782
Italy,136,2014-06-01,0.09300000000000352
Italy,136,2014-07-01,-0.09291359036096782
Italy,136,2014-08-01,0.18600000000000705
Italy,136,2014-09-01,-0.3713492903200173
Italy,136,2014-10-01,0.09318335831982491
Italy,136,2014-11-01,-0.1862132341717555
Italy,136,2014-12-01,0
Italy,136,2015-01-01,-0.3731312975119667
Italy,136,2015-02-01,0.3745287816143601
Italy,136,2015-03-01,0.093290345366814
Italy,136,2015-04-01,0.18638675391699272
Italy,136,2015-05-01,0.09300000000000352
Italy,136,2015-06-01,0.1859270878083344
Italy,136,2015-07-01,-0.09284088110084018
Italy,136,2015-08-01,0.1857544966362527
Italy,136,2015-09-01,-0.37072054883777783
Italy,136,2015-10-01,0.18600000000000705
Italy,136,2015-11-01,-0.3713492903200173
Italy,136,2015-12-01,0
Italy,136,2016-01-01,-0.21435879309868094
Italy,136,2016-02-01,-0.20080321285139419
Italy,136,2016-03-01,0.20120724346075317
Italy,136,2016-04-01,-0.10040160642569709
Italy,136,2016-05-01,0.30150753768843935
Italy,136,2016-06-01,0.10020040080161176
Italy,136,2016-07-01,0.2002002002001888
Italy,136,2016-08-01,0.19980019980020267
Italy,136,2016-09-01,-0.1994017946161544
Italy,136,2016-10-01,-0.09990009990009421
Italy,136,2016-11-01,-0.09999999999999432
Italy,136,2016-12-01,0.4004004004003918
Italy,136,2017-01-01,0.29910269192422445
Italy,136,2017-02-01,0.39761431411531384
Italy,136,2017-03-01,0
Italy,136,2017-04-01,0.39603960396040166
Italy,136,2017-05-01,-0.1972386587771231
Italy,136,2017-06-01,-0.09881422924902028
Italy,136,2017-07-01,0.09891196834817856
Italy,136,2017-08-01,0.29644268774703275
Italy,136,2017-09-01,-0.2955665024630514
Italy,136,2017-10-01,-0.19762845849802652
Italy,136,2017-11-01,-0.19801980198020083
Italy,136,2017-12-01,0.39682539682540247
Italy,136,2018-01-01,0.29644268774703275
Italy,136,2018-02-01,0
Italy,136,2018-03-01,0.2955665024630514
Italy,136,2018-04-01,0.09823182711199267
Italy,136,2018-05-01,0.2944062806673181
Italy,136,2018-06-01,0.1956947162426642
Italy,136,2018-07-01,0.2929687499999972
Italy,136,2018-08-01,0.38948393378772295
Italy,136,2018-09-01,-0.4849660523763337
Italy,136,2018-10-01,0
Italy,136,2018-11-01,-0.19493177387913124
Italy,136,2018-12-01,-0.09765625000000833
"Estonia, Rep. of",939,2011-01-01,NA
"Estonia, Rep. of",939,2011-02-01,0.6692693809258162
"Estonia, Rep. of",939,2011-03-01,0.7756232686980641
"Estonia, Rep. of",939,2011-04-01,0.6597031335898782
"Estonia, Rep. of",939,2011-05-01,0.16384489350082546
"Estonia, Rep. of",939,2011-06-01,0
"Estonia, Rep. of",939,2011-07-01,0.4907306434024022
"Estonia, Rep. of",939,2011-08-01,0.3255561584373273
"Estonia, Rep. of",939,2011-09-01,0.5408328826392644
"Estonia, Rep. of",939,2011-10-01,-0.16137708445401364
"Estonia, Rep. of",939,2011-11-01,0.10775862068966437
"Estonia, Rep. of",939,2011-12-01,0.16146393972012
"Estonia, Rep. of",939,2012-01-01,0.6985491671144607
"Estonia, Rep. of",939,2012-02-01,0.37353255069369723
"Estonia, Rep. of",939,2012-03-01,0.9569377990430682
"Estonia, Rep. of",939,2012-04-01,0.31595576619273
"Estonia, Rep. of",939,2012-05-01,-0.05249343832020699
"Estonia, Rep. of",939,2012-06-01,0.05252100840335836
"Estonia, Rep. of",939,2012-07-01,0.26246719160104987
"Estonia, Rep. of",939,2012-08-01,0.47120418848167833
"Estonia, Rep. of",939,2012-09-01,0.5211047420531527
"Estonia, Rep. of",939,2012-10-01,0.15552099533436128
"Estonia, Rep. of",939,2012-11-01,-0.3105590062111772
"Estonia, Rep. of",939,2012-12-01,-0.05192107995846019
"Estonia, Rep. of",939,2013-01-01,0.6753246753246812
"Estonia, Rep. of",939,2013-02-01,0.6191950464396226
"Estonia, Rep. of",939,2013-03-01,0.7692307692307693
"Estonia, Rep. of",939,2013-04-01,-0.10178117048345477
"Estonia, Rep. of",939,2013-05-01,0.20376974019356967
"Estonia, Rep. of",939,2013-06-01,0.5083884087442807
"Estonia, Rep. of",939,2013-07-01,-0.10116337885684808
"Estonia, Rep. of",939,2013-08-01,0
"Estonia, Rep. of",939,2013-09-01,-0.3544303797468297
"Estonia, Rep. of",939,2013-10-01,-0.30487804878049934
"Estonia, Rep. of",939,2013-11-01,-0.4077471967380138
"Estonia, Rep. of",939,2013-12-01,-0.10235414534289511
"Estonia, Rep. of",939,2014-01-01,0.35860655737705793
"Estonia, Rep. of",939,2014-02-01,0.15313935681469268
"Estonia, Rep. of",939,2014-03-01,0.30581039755352846
"Estonia, Rep. of",939,2014-04-01,-0.05081300813009285
"Estonia, Rep. of",939,2014-05-01,0.1016776817488648
"Estonia, Rep. of",939,2014-06-01,0.050787201625187565
"Estonia, Rep. of",939,2014-07-01,-0.15228426395939662
"Estonia, Rep. of",939,2014-08-01,-0.3050330452465655
"Estonia, Rep. of",939,2014-09-01,-0.20397756246813142
"Estonia, Rep. of",939,2014-10-01,0
"Estonia, Rep. of",939,2014-11-01,-0.7664793050587635
"Estonia, Rep. of",939,2014-12-01,0
"Estonia, Rep. of",939,2015-01-01,-0.4119464469618862
"Estonia, Rep. of",939,2015-02-01,0.5687693898655606
"Estonia, Rep. of",939,2015-03-01,0.6169665809768579
"Estonia, Rep. of",939,2015-04-01,0.459887583035261
"Estonia, Rep. of",939,2015-05-01,0.2034587995930853
"Estonia, Rep. of",939,2015-06-01,-0.15228426395939662
"Estonia, Rep. of",939,2015-07-01,-0.3558718861209907
"Estonia, Rep. of",939,2015-08-01,-0.3061224489795889
"Estonia, Rep. of",939,2015-09-01,-0.5629477993858721
"Estonia, Rep. of",939,2015-10-01,0.10293360782294833
"Estonia, Rep. of",939,2015-11-01,-0.2982005141388239
"Estonia, Rep. of",939,2015-12-01,-0.7322607260726008
"Estonia, Rep. of",939,2016-01-01,-0.10389610389609799
"Estonia, Rep. of",939,2016-02-01,0.6760270410816344
"Estonia, Rep. of",939,2016-03-01,0.8264462809917326
"Estonia, Rep. of",939,2016-04-01,-0.0512295081967184
"Estonia, Rep. of",939,2016-05-01,0.05125576627370289
"Estonia, Rep. of",939,2016-06-01,0.35860655737705793
"Estonia, Rep. of",939,2016-07-01,0
"Estonia, Rep. of",939,2016-08-01,0.05104645227156422
"Estonia, Rep. of",939,2016-09-01,0.20408163265306412
"Estonia, Rep. of",939,2016-10-01,-0.35641547861507994
"Estonia, Rep. of",939,2016-11-01,0.10219724067451051
"Estonia, Rep. of",939,2016-12-01,0.45941807044410704
"Estonia, Rep. of",939,2017-01-01,0.4065040650406417
"Estonia, Rep. of",939,2017-02-01,1.3157894736842077
"Estonia, Rep. of",939,2017-03-01,0.24975024975024976
"Estonia, Rep. of",939,2017-04-01,0.29895366218237307
"Estonia, Rep. of",939,2017-05-01,0.1987083954296956
"Estonia, Rep. of",939,2017-06-01,-0.04957858205255049
"Estonia, Rep. of",939,2017-07-01,0.6448412698412755
"Estonia, Rep. of",939,2017-08-01,0.3942828979792918
"Estonia, Rep. of",939,2017-09-01,-0.049091801669118466
"Estonia, Rep. of",939,2017-10-01,-0.2455795677799607
"Estonia, Rep. of",939,2017-11-01,0.5416051206302286
"Estonia, Rep. of",939,2017-12-01,-0.34280117531830984
"Estonia, Rep. of",939,2018-01-01,0.4422604422604451
"Estonia, Rep. of",939,2018-02-01,0.9295499021526445
"Estonia, Rep. of",939,2018-03-01,0.04847309743092308
"Estonia, Rep. of",939,2018-04-01,0.3875968992247979
"Estonia, Rep. of",939,2018-05-01,0.2895752895753006
"Estonia, Rep. of",939,2018-06-01,0.9143407122232806
"Estonia, Rep. of",939,2018-07-01,0.14306151645207982
"Estonia, Rep. of",939,2018-08-01,0.4761904761904762
"Estonia, Rep. of",939,2018-09-01,0
"Estonia, Rep. of",939,2018-10-01,0.5213270142180068
"Estonia, Rep. of",939,2018-11-01,-0.518623290900516
"Estonia, Rep. of",939,2018-12-01,-0.23696682464454977
Malawi,676,2011-01-01,NA
Malawi,676,2011-02-01,3.6927621861152353
Malawi,676,2011-03-01,-0.1994301994303392
Malawi,676,2011-04-01,-2.740508135883388
Malawi,676,2011-05-01,-3.169944232462544
Malawi,676,2011-06-01,-3.546529251288042
Malawi,676,2011-07-01,-0.974230043997848
Malawi,676,2011-08-01,-2.1897810218976748
Malawi,676,2011-09-01,5.191434133679153
Malawi,676,2011-10-01,0.7094386181370793
Malawi,676,2011-11-01,3.3996937212866
Malawi,676,2011-12-01,3.9988151658767173
Malawi,676,2012-01-01,6.351466818570263
Malawi,676,2012-02-01,4.204606320299914
Malawi,676,2012-03-01,0.2827036751477798
Malawi,676,2012-04-01,-1.7939518195796575
Malawi,676,2012-05-01,0.991649269311063
Malawi,676,2012-06-01,-1.2661498708010346
Malawi,676,2012-07-01,0.36639623135285726
Malawi,676,2012-08-01,0.8604954367666638
Malawi,676,2012-09-01,7.574974146845484
Malawi,676,2012-10-01,2.4753664984382793
Malawi,676,2012-11-01,5.53470919324637
Malawi,676,2012-12-01,4.999999999999402
Malawi,676,2013-01-01,3.806081128747777
Malawi,676,2013-02-01,6.661184210526263
Malawi,676,2013-03-01,0.15420200462606887
Malawi,676,2013-04-01,-2.0785219399539
Malawi,676,2013-05-01,-0.15723270440252476
Malawi,676,2013-06-01,-3.7007874015746416
Malawi,676,2013-07-01,-2.044153720359867
Malawi,676,2013-08-01,-0.5843071786310788
Malawi,676,2013-09-01,5.793450881612354
Malawi,676,2013-10-01,2.46031746031724
Malawi,676,2013-11-01,4.64756003098393
Malawi,676,2013-12-01,4.071058475203424
Malawi,676,2014-01-01,8.890469416785313
Malawi,676,2014-02-01,5.551926845199183
Malawi,676,2014-03-01,-0.24752475247526123
Malawi,676,2014-04-01,-2.171215880893398
Malawi,676,2014-05-01,-1.2682308180089308
Malawi,676,2014-06-01,-3.7251123956325296
Malawi,676,2014-07-01,-2.201467645096547
Malawi,676,2014-08-01,1.1596180081853071
Malawi,676,2014-09-01,5.124747134187689
Malawi,676,2014-10-01,2.1167415009619743
Malawi,676,2014-11-01,4.962311557788905
Malawi,676,2014-12-01,4.428485936564874
Malawi,676,2015-01-01,6.3610315186246975
Malawi,676,2015-02-01,4.256465517241568
Malawi,676,2015-03-01,-1.5503875968992868
Malawi,676,2015-04-01,-1.62729658792658
Malawi,676,2015-05-01,-0.6894185122839628
Malawi,676,2015-06-01,-2.355471185725938
Malawi,676,2015-07-01,-1.4711197377051317
Malawi,676,2015-08-01,1.8441553344042818
Malawi,676,2015-09-01,6.095764114281329
Malawi,676,2015-10-01,2.5814126674038325
Malawi,676,2015-11-01,4.9062399649071855
Malawi,676,2015-12-01,4.658981748318934
Malawi,676,2016-01-01,5.139972464433256
Malawi,676,2016-02-01,4.14666084679179
Malawi,676,2016-03-01,-2.5565800502934857
Malawi,676,2016-04-01,-2.537634408602089
Malawi,676,2016-05-01,-0.2647837599293993
Malawi,676,2016-06-01,-1.3716814159292638
Malawi,676,2016-07-01,-0.8075370121129103
Malawi,676,2016-08-01,1.2663952962459135
Malawi,676,2016-09-01,4.711924966502925
Malawi,676,2016-10-01,1.642141181488665
Malawi,676,2016-11-01,4.783885858162018
Malawi,676,2016-12-01,4.685622747296629
Malawi,676,2017-01-01,3.5577658760520285
Malawi,676,2017-02-01,2.3642408570374003
Malawi,676,2017-03-01,-2.8148682785998917
Malawi,676,2017-04-01,-3.5647976234681042
Malawi,676,2017-05-01,-2.2333461686562472
Malawi,676,2017-06-01,-2.284363922804191
Malawi,676,2017-07-01,-1.8177129577323679
Malawi,676,2017-08-01,0.4966314651404974
Malawi,676,2017-09-01,3.8398692810457566
Malawi,676,2017-10-01,1.4948859166011677
Malawi,676,2017-11-01,4.263565891472882
Malawi,676,2017-12-01,4.052044609665294
Malawi,676,2018-01-01,4.527476501917101
Malawi,676,2018-02-01,2.1434102202609218
Malawi,676,2018-03-01,-0.926531459718515
Malawi,676,2018-04-01,-3.7613347632773917
Malawi,676,2018-05-01,-0.5782311042779948
Malawi,676,2018-06-01,-0.23471213473753383
Malawi,676,2018-07-01,0.6201555018289258
Malawi,676,2018-08-01,1.377952755905448
Malawi,676,2018-09-01,2.0388349514563395
Malawi,676,2018-10-01,1.9029495718363014
Malawi,676,2018-11-01,1.4939309056956942
Malawi,676,2018-12-01,1.1039558417662454
Finland,172,2011-01-01,NA
Finland,172,2011-02-01,0.6091537455312762
Finland,172,2011-03-01,0.5468738047925656
Finland,172,2011-04-01,0.19425052675557303
Finland,172,2011-05-01,0.04846848140843942
Finland,172,2011-06-01,0.2906700051132932
Finland,172,2011-07-01,-0.28016874657041224
Finland,172,2011-08-01,0.3875224679346373
Finland,172,2011-09-01,0.4149827176276078
Finland,172,2011-10-01,0.24987819235361766
Finland,172,2011-11-01,0.06710360143172572
Finland,172,2011-12-01,-0.02873493435312702
Finland,172,2012-01-01,0.632485793126565
Finland,172,2012-02-01,0.5523334206681967
Finland,172,2012-03-01,0.3788140658328812
Finland,172,2012-04-01,0.3490962972451763
Finland,172,2012-05-01,0.009400000715985058
Finland,172,2012-06-01,0.06581427548966391
Finland,172,2012-07-01,-0.18790981024123546
Finland,172,2012-08-01,0.18826357596959326
Finland,172,2012-09-01,0.3945850494519141
Finland,172,2012-10-01,0.14972682769401582
Finland,172,2012-11-01,-0.3270422196745386
Finland,172,2012-12-01,0.13124815784455418
Finland,172,2013-01-01,-0.0842639493605524
Finland,172,2013-02-01,0.5903348996084041
Finland,172,2013-03-01,0.4564434944438361
Finland,172,2013-04-01,0.14836618635043125
Finland,172,2013-05-01,0.018524594143666213
Finland,172,2013-06-01,-0.06480896412212464
Finland,172,2013-07-01,-0.018523096477208782
Finland,172,2013-08-01,-0.15750572855773917
Finland,172,2013-09-01,0.3526300056242677
Finland,172,2013-10-01,0.1387093152540507
Finland,172,2013-11-01,-0.14774964838255913
Finland,172,2013-12-01,0.3699156469177332
Finland,172,2014-01-01,-0.06448437559517306
Finland,172,2014-02-01,0.2489360935970874
Finland,172,2014-03-01,0.22987769706071293
Finland,172,2014-04-01,0.14684419740810975
Finland,172,2014-05-01,-0.24740508745400738
Finland,172,2014-06-01,0.07354623770024013
Finland,172,2014-07-01,-0.11013842692769225
Finland,172,2014-08-01,0.14694651146983054
Finland,172,2014-09-01,0.5414070594529639
Finland,172,2014-10-01,-0.17344116403146106
Finland,172,2014-11-01,-0.19194220649999058
Finland,172,2014-12-01,-0.1282407698033292
Finland,172,2015-01-01,-0.6878221360199622
Finland,172,2015-02-01,0.25115531444645367
Finland,172,2015-03-01,0.3306944583625597
Finland,172,2015-04-01,-0.009988014382745821
Finland,172,2015-05-01,-0.0799120966936353
Finland,172,2015-06-01,0
Finland,172,2015-07-01,-0.21993401979406063
Finland,172,2015-08-01,0.18034265103696284
Finland,172,2015-09-01,0.1400140014001406
Finland,172,2015-10-01,0.1597922700489472
Finland,172,2015-11-01,-0.17947950942268104
Finland,172,2015-12-01,-0.11986814504046003
Finland,172,2016-01-01,-0.42004200420042176
Finland,172,2016-02-01,0.13056141408055608
Finland,172,2016-03-01,0.38114343029086806
Finland,172,2016-04-01,0.28976818545164496
Finland,172,2016-05-01,-0.029889409186012888
Finland,172,2016-06-01,0.0498305760414562
Finland,172,2016-07-01,-0.06972806056380854
Finland,172,2016-08-01,0.049840510366837495
Finland,172,2016-09-01,0.169373318720735
Finland,172,2016-10-01,0.2088720907101589
Finland,172,2016-11-01,0.019851116625306225
Finland,172,2016-12-01,0.24808970923886078
Finland,172,2017-01-01,-0.6038408235992867
Finland,172,2017-02-01,0.5079175380938205
Finland,172,2017-03-01,-0.009908838684111292
Finland,172,2017-04-01,0.3072044395996455
Finland,172,2017-05-01,-0.1580715273661298
Finland,172,2017-06-01,0.07916089451810637
Finland,172,2017-07-01,-0.286731263595023
Finland,172,2017-08-01,0.25780862667328225
Finland,172,2017-09-01,0.20769459005043392
Finland,172,2017-10-01,-0.019739439399917118
Finland,172,2017-11-01,0.24679170779861795
Finland,172,2017-12-01,-0.03938946331855445
Finland,172,2018-01-01,-0.2955373854792743
Finland,172,2018-02-01,0.3062938444817728
Finland,172,2018-03-01,0.2068557919621828
Finland,172,2018-04-01,0.2457485500835545
Finland,172,2018-05-01,0.10786428711512006
Finland,172,2018-06-01,0.2252914095405914
Finland,172,2018-07-01,-0.08795934323689328
Finland,172,2018-08-01,0.14672796635037802
Finland,172,2018-09-01,0.21488571986716046
Finland,172,2018-10-01,0.24366471734892792
Finland,172,2018-11-01,-0.0194457948468605
Finland,172,2018-12-01,-0.11669746183020963
India,534,2011-01-01,NA
India,534,2011-02-01,-1.5957446808510183
India,534,2011-03-01,0
India,534,2011-04-01,0.540540540540482
India,534,2011-05-01,0.5376344086021086
India,534,2011-06-01,1.0695187165775368
India,534,2011-07-01,2.116402116402141
India,534,2011-08-01,0.5181347150259591
India,534,2011-09-01,1.5463917525773827
India,534,2011-10-01,0.5076142131980353
India,534,2011-11-01,0.5050505050504498
India,534,2011-12-01,-0.4382120946537791
India,534,2012-01-01,0.3521126760563141
India,534,2012-02-01,0.5263157894736411
India,534,2012-03-01,0.7853403141361734
India,534,2012-04-01,1.385281385281395
India,534,2012-05-01,0.939368061485937
India,534,2012-06-01,1.1844331641285077
India,534,2012-07-01,1.5050167224081183
India,534,2012-08-01,1.2355848434925056
India,534,2012-09-01,0.8950366151337954
India,534,2012-10-01,0.7258064516132401
India,534,2012-11-01,0.400320256204934
India,534,2012-12-01,0.1594896331740308
India,534,2013-01-01,0.1594896331736986
India,534,2013-02-01,0.6692160611854712
India,534,2013-03-01,0
India,534,2013-04-01,0.7597340930674238
India,534,2013-05-01,0.7540056550424236
India,534,2013-06-01,2.245088868101021
India,534,2013-07-01,1.5553522415370566
India,534,2013-08-01,1.2612612612612664
India,534,2013-09-01,1.156583629893236
India,534,2013-10-01,0.9674582233948937
India,534,2013-11-01,1.3066202090592334
India,534,2013-12-01,-1.5477214101461714
India,534,2014-01-01,-0.7860262008733674
India,534,2014-02-01,0
India,534,2014-03-01,0.5281690140845146
India,534,2014-04-01,0.7880910683012184
India,534,2014-05-01,0.6081668114682909
India,534,2014-06-01,0.7772020725388651
India,534,2014-07-01,2.1422450728363325
India,534,2014-08-01,0.9228187919463039
India,534,2014-09-01,-0.16625103906899655
India,534,2014-10-01,0
India,534,2014-11-01,0
India,534,2014-12-01,-0.5828476269775092
India,534,2015-01-01,0.08375209380234029
India,534,2015-02-01,0.16736401673640405
India,534,2015-03-01,0.4177109440267335
India,534,2015-04-01,0.4159733777038269
India,534,2015-05-01,0.7456503728251793
India,534,2015-06-01,1.151315789473689
India,534,2015-07-01,0.48780487804877587
India,534,2015-08-01,0.9708737864077693
India,534,2015-09-01,0.48076923076923767
India,534,2015-10-01,0.5582137161084438
India,534,2015-11-01,0.3965107057890563
India,534,2015-12-01,-0.39494470774091633
India,534,2016-01-01,0.1586042823156248
India,534,2016-02-01,-0.2375296912113992
India,534,2016-03-01,0
India,534,2016-04-01,1.0317460317460294
India,534,2016-05-01,1.0212097407698328
India,534,2016-06-01,1.166407465007776
India,534,2016-07-01,0.7686395080707149
India,534,2016-08-01,0
India,534,2016-09-01,-0.15255530129671138
India,534,2016-10-01,0.3819709702062643
India,534,2016-11-01,-0.152207001522083
India,534,2016-12-01,-0.6097560975609627
India,534,2017-01-01,-0.07668711656441281
India,534,2017-02-01,0.23023791250958014
India,534,2017-03-01,0.15313935681471444
India,534,2017-04-01,0.22935779816512458
India,534,2017-05-01,0.22883295194508876
India,534,2017-06-01,0.5327245053272364
India,534,2017-07-01,1.5897047691143034
India,534,2017-08-01,0.8941877794336939
India,534,2017-09-01,-0.14771048744462115
India,534,2017-10-01,0.6656804733727854
India,534,2017-11-01,1.1021307861866276
India,534,2017-12-01,-0.29069767441860883
India,534,2018-01-01,-0.2186588921282675
India,534,2018-02-01,-0.36523009495982467
India,534,2018-03-01,0.07331378299119817
India,534,2018-04-01,0.4395604395604354
India,534,2018-05-01,0.5105762217359716
India,534,2018-06-01,0.5079825834542733
India,534,2018-07-01,0.9386281588447735
India,534,2018-08-01,0.4291845493562191
India,534,2018-09-01,-0.1424501424501546
India,534,2018-10-01,0.2853067047075647
India,534,2018-11-01,0.14224751066857544
India,534,2018-12-01,-0.49715909090910293
Colombia,233,2011-01-01,NA
Colombia,233,2011-02-01,0.6026945930047575
Colombia,233,2011-03-01,0.27145257908113335
Colombia,233,2011-04-01,0.12136220988894263
Colombia,233,2011-05-01,0.27971379664022716
Colombia,233,2011-06-01,0.32543805254032243
Colombia,233,2011-07-01,0.13902102377632386
Colombia,233,2011-08-01,-0.037034065904192476
Colombia,233,2011-09-01,0.3147934343841616
Colombia,233,2011-10-01,0.18459152645556434
Colombia,233,2011-11-01,0.13818856046850805
Colombia,233,2011-12-01,0.4231670865474659
Colombia,233,2012-01-01,0.7328741413117984
Colombia,233,2012-02-01,0.6093144525114425
Colombia,233,2012-03-01,0.11751170454911836
Colombia,233,2012-04-01,0.14446003276737546
Colombia,233,2012-05-01,0.29750610499111607
Colombia,233,2012-06-01,0.08988985144865062
Colombia,233,2012-07-01,-0.026942736648640036
Colombia,233,2012-08-01,0.04490379275529532
Colombia,233,2012-09-01,0.2873376168113083
Colombia,233,2012-10-01,0.16116432372941247
Colombia,233,2012-11-01,-0.1340746950629994
Colombia,233,2012-12-01,0.08949885641774713
Colombia,233,2013-01-01,0.2951244124802472
Colombia,233,2013-02-01,0.4458296360776198
Colombia,233,2013-03-01,0.20416450829014798
Colombia,233,2013-04-01,0.24804444314699964
Colombia,233,2013-05-01,0.2827924181347216
Colombia,233,2013-06-01,0.23793324562233797
Colombia,233,2013-07-01,0.04394452837722556
Colombia,233,2013-08-01,0.07908806749654426
Colombia,233,2013-09-01,0.2985410335417076
Colombia,233,2013-10-01,-0.2626219450554594
Colombia,233,2013-11-01,-0.21943836605061995
Colombia,233,2013-12-01,0.26389254548614327
Colombia,233,2014-01-01,0.4913138002777496
Colombia,233,2014-02-01,0.6286043432551203
Colombia,233,2014-03-01,0.3904312643335214
Colombia,233,2014-04-01,0.4580281215795328
Colombia,233,2014-05-01,0.49036452504463157
Colombia,233,2014-06-01,0.08561121933802995
Colombia,233,2014-07-01,0.15396838060043036
Colombia,233,2014-08-01,0.20497557655804272
Colombia,233,2014-09-01,0.13635864656320373
Colombia,233,2014-10-01,0.16171987415555306
Colombia,233,2014-11-01,0.13596527431309738
Colombia,233,2014-12-01,0.26306287028740044
Colombia,233,2015-01-01,0.6432538139347791
Colombia,233,2015-02-01,1.1521360856530647
Colombia,233,2015-03-01,0.5819658481886005
Colombia,233,2015-04-01,0.5372802810356472
Colombia,233,2015-05-01,0.2630876847046891
Colombia,233,2015-06-01,0.10661544426038827
Colombia,233,2015-07-01,0.1883939337927811
Colombia,233,2015-08-01,0.4823809878566671
Colombia,233,2015-09-01,0.7160352469845469
Colombia,233,2015-10-01,0.6786168670146996
Colombia,233,2015-11-01,0.6018328719001675
Colombia,233,2015-12-01,0.6221622695832225
Colombia,233,2016-01-01,1.2921101903520393
Colombia,233,2016-02-01,1.2756276751702142
Colombia,233,2016-03-01,0.9427411565844415
Colombia,233,2016-04-01,0.49758986592087834
Colombia,233,2016-05-01,0.5103502420955167
Colombia,233,2016-06-01,0.47746534890834164
Colombia,233,2016-07-01,0.5204316427193396
Colombia,233,2016-08-01,-0.31514670420404217
Colombia,233,2016-09-01,-0.0526923004750833
Colombia,233,2016-10-01,-0.060251519883436876
Colombia,233,2016-11-01,0.11303970792352644
Colombia,233,2016-12-01,0.4140001479611963
Colombia,233,2017-01-01,1.026990285026743
Colombia,233,2017-02-01,1.001699317987212
Colombia,233,2017-03-01,0.4701744311248252
Colombia,233,2017-04-01,0.4679741363912364
Colombia,233,2017-05-01,0.2256241838093647
Colombia,233,2017-06-01,0.11618904106796422
Colombia,233,2017-07-01,-0.050773711978174145
Colombia,233,2017-08-01,0.13787397314508995
Colombia,233,2017-09-01,0.0434824816370159
Colombia,233,2017-10-01,0.014487860864227165
Colombia,233,2017-11-01,0.18106165071900285
Colombia,233,2017-12-01,0.38317890790385967
Colombia,233,2018-01-01,0.6265701916691511
Colombia,233,2018-02-01,0.7085671605304945
Colombia,233,2018-03-01,0.24162747216080457
Colombia,233,2018-04-01,0.4608306632938657
Colombia,233,2018-05-01,0.25405399994763134
Colombia,233,2018-06-01,0.1548679527820146
Colombia,233,2018-07-01,-0.12651421321330816
Colombia,233,2018-08-01,0.11963700362642034
Colombia,233,2018-09-01,0.16165834290178013
Colombia,233,2018-10-01,0.11930118421456673
Colombia,233,2018-11-01,0.11915902608534837
Colombia,233,2018-12-01,0.30103349181899214
Canada,156,2011-01-01,NA
Canada,156,2011-02-01,0.25466893039048993
Canada,156,2011-03-01,1.1007620660457336
Canada,156,2011-04-01,0.3350083752093731
Canada,156,2011-05-01,0.6677796327211997
Canada,156,2011-06-01,-0.663349917081258
Canada,156,2011-07-01,0.16694490818030286
Canada,156,2011-08-01,0.2499999999999976
Canada,156,2011-09-01,0.24937655860348892
Canada,156,2011-10-01,0.16583747927031744
Canada,156,2011-11-01,0.08278145695364944
Canada,156,2011-12-01,-0.5789909015715491
Canada,156,2012-01-01,0.4159733777038269
Canada,156,2012-02-01,0.4142502071251036
Canada,156,2012-03-01,0.4125412541254125
Canada,156,2012-04-01,0.4108463434675432
Canada,156,2012-05-01,-0.08183306055647178
Canada,156,2012-06-01,-0.4095004095004095
Canada,156,2012-07-01,-0.08223684210525849
Canada,156,2012-08-01,0.24691358024691124
Canada,156,2012-09-01,0.16420361247947687
Canada,156,2012-10-01,0.16393442622951052
Canada,156,2012-11-01,-0.2454991816693921
Canada,156,2012-12-01,-0.5742411812961467
Canada,156,2013-01-01,0.08250825082507782
Canada,156,2013-02-01,1.1541632316570534
Canada,156,2013-03-01,0.16299918500407728
Canada,156,2013-04-01,-0.16273393002441242
Canada,156,2013-05-01,0.24449877750611013
Canada,156,2013-06-01,0
Canada,156,2013-07-01,0.08130081300812546
Canada,156,2013-08-01,0
Canada,156,2013-09-01,0.16246953696182198
Canada,156,2013-10-01,-0.24330900243308773
Canada,156,2013-11-01,0
Canada,156,2013-12-01,-0.24390243902438793
Canada,156,2014-01-01,0.325998370008143
Canada,156,2014-02-01,0.8123476848090984
Canada,156,2014-03-01,0.5640612409347324
Canada,156,2014-04-01,0.32051282051282504
Canada,156,2014-05-01,0.47923322683705616
Canada,156,2014-06-01,0.07949125596185098
Canada,156,2014-07-01,-0.1588562351072302
Canada,156,2014-08-01,0
Canada,156,2014-09-01,0.07955449482895331
Canada,156,2014-10-01,0.07949125596185098
Canada,156,2014-11-01,-0.3971405877680699
Canada,156,2014-12-01,-0.7177033492823012
Canada,156,2015-01-01,-0.16064257028112677
Canada,156,2015-02-01,0.8849557522123963
Canada,156,2015-03-01,0.7177033492822898
Canada,156,2015-04-01,-0.07917656373712931
Canada,156,2015-05-01,0.5546751188589563
Canada,156,2015-06-01,0.23640661938534052
Canada,156,2015-07-01,0.07861635220125339
Canada,156,2015-08-01,0
Canada,156,2015-09-01,-0.15710919088766917
Canada,156,2015-10-01,0.07867820613690679
Canada,156,2015-11-01,-0.07861635220126456
Canada,156,2015-12-01,-0.47206923682139607
Canada,156,2016-01-01,0.23715415019762623
Canada,156,2016-02-01,0.23659305993690627
Canada,156,2016-03-01,0.6294256490952096
Canada,156,2016-04-01,0.31274433150899583
Canada,156,2016-05-01,0.38971161340607946
Canada,156,2016-06-01,0.23291925465837182
Canada,156,2016-07-01,-0.15491866769944898
Canada,156,2016-08-01,-0.15515903801397754
Canada,156,2016-09-01,0.07770007770009538
Canada,156,2016-10-01,0.23291925465837182
Canada,156,2016-11-01,-0.3872966692486445
Canada,156,2016-12-01,-0.1555209953343613
Canada,156,2017-01-01,0.8566978193146373
Canada,156,2017-02-01,0.15444015444014567
Canada,156,2017-03-01,0.1542020046260733
Canada,156,2017-04-01,0.3849114703618167
Canada,156,2017-05-01,0.07668711656441281
Canada,156,2017-06-01,-0.0766283524904171
Canada,156,2017-07-01,0
Canada,156,2017-08-01,0.07668711656441281
Canada,156,2017-09-01,0.22988505747127308
Canada,156,2017-10-01,0.07645259938837484
Canada,156,2017-11-01,0.3055767761650158
Canada,156,2017-12-01,-0.3808073115003808
Canada,156,2018-01-01,0.6880733944953954
Canada,156,2018-02-01,0.6074411541382015
Canada,156,2018-03-01,0.30188679245283445
Canada,156,2018-04-01,0.30097817908202085
Canada,156,2018-05-01,0.0750187546886679
Canada,156,2018-06-01,0.14992503748125086
Canada,156,2018-07-01,0.5239520958083961
Canada,156,2018-08-01,-0.07446016381237731
Canada,156,2018-09-01,-0.3725782414307005
Canada,156,2018-10-01,0.29917726252805216
Canada,156,2018-11-01,-0.4474272930648727
Canada,156,2018-12-01,-0.07490636704119424
"Tanzania, United Rep. of",738,2011-01-01,NA
"Tanzania, United Rep. of",738,2011-02-01,2.2190201729106414
"Tanzania, United Rep. of",738,2011-03-01,1.428437176957069
"Tanzania, United Rep. of",738,2011-04-01,1.0747706847030796
"Tanzania, United Rep. of",738,2011-05-01,0.7241727014391428
"Tanzania, United Rep. of",738,2011-06-01,0.8281761922098263
"Tanzania, United Rep. of",738,2011-07-01,1.5524866865239488
"Tanzania, United Rep. of",738,2011-08-01,1.3954315171985052
"Tanzania, United Rep. of",738,2011-09-01,2.384291725105173
"Tanzania, United Rep. of",738,2011-10-01,0.8561643835617271
"Tanzania, United Rep. of",738,2011-11-01,1.3667232597622827
"Tanzania, United Rep. of",738,2011-12-01,1.9931329034418865
"Tanzania, United Rep. of",738,2012-01-01,2.3400936037442106
"Tanzania, United Rep. of",738,2012-02-01,1.9365899363815327
"Tanzania, United Rep. of",738,2012-03-01,1.0484411908992761
"Tanzania, United Rep. of",738,2012-04-01,0.8280298053073972
"Tanzania, United Rep. of",738,2012-05-01,0.36473546670584783
"Tanzania, United Rep. of",738,2012-06-01,0.10553855933716819
"Tanzania, United Rep. of",738,2012-07-01,0.10225297727327316
"Tanzania, United Rep. of",738,2012-08-01,0.6881130280936085
"Tanzania, United Rep. of",738,2012-09-01,1.1392084121374557
"Tanzania, United Rep. of",738,2012-10-01,0.3035045873494804
"Tanzania, United Rep. of",738,2012-11-01,0.6671700837942204
"Tanzania, United Rep. of",738,2012-12-01,1.9496526480913372
"Tanzania, United Rep. of",738,2013-01-01,1.3042203985931875
"Tanzania, United Rep. of",738,2013-02-01,1.4248517286272004
"Tanzania, United Rep. of",738,2013-03-01,0.4991799187049893
"Tanzania, United Rep. of",738,2013-04-01,0.4716162155793972
"Tanzania, United Rep. of",738,2013-05-01,-0.5898391240922305
"Tanzania, United Rep. of",738,2013-06-01,-0.54226026941028
"Tanzania, United Rep. of",738,2013-07-01,0.009867821833898699
"Tanzania, United Rep. of",738,2013-08-01,-0.0571387758017889
"Tanzania, United Rep. of",738,2013-09-01,0.48595726434649233
"Tanzania, United Rep. of",738,2013-10-01,0.554725837422586
"Tanzania, United Rep. of",738,2013-11-01,0.5920099502043885
"Tanzania, United Rep. of",738,2013-12-01,1.2974661562013292
"Tanzania, United Rep. of",738,2014-01-01,1.7544023351277778
"Tanzania, United Rep. of",738,2014-02-01,1.3764096738553913
"Tanzania, United Rep. of",738,2014-03-01,0.5868632968695999
"Tanzania, United Rep. of",738,2014-04-01,0.675630476954958
"Tanzania, United Rep. of",738,2014-05-01,-0.407442996907637
"Tanzania, United Rep. of",738,2014-06-01,-0.6049887648554931
"Tanzania, United Rep. of",738,2014-07-01,0.1208215867902412
"Tanzania, United Rep. of",738,2014-08-01,0.10056315366052465
"Tanzania, United Rep. of",738,2014-09-01,0.41524345321810224
"Tanzania, United Rep. of",738,2014-10-01,-0.15340492229713584
"Tanzania, United Rep. of",738,2014-11-01,0.5611222444889574
"Tanzania, United Rep. of",738,2014-12-01,0.25242460475631867
"Tanzania, United Rep. of",738,2015-01-01,1.0009768756128148
"Tanzania, United Rep. of",738,2015-02-01,1.5735257896648365
"Tanzania, United Rep. of",738,2015-03-01,0.6793097084588096
"Tanzania, United Rep. of",738,2015-04-01,0.8495009513647135
"Tanzania, United Rep. of",738,2015-05-01,0.41851181264905696
"Tanzania, United Rep. of",738,2015-06-01,0.16478236615156341
"Tanzania, United Rep. of",738,2015-07-01,0.4148489391655623
"Tanzania, United Rep. of",738,2015-08-01,0.01680839261462284
"Tanzania, United Rep. of",738,2015-09-01,0.1497250734978148
"Tanzania, United Rep. of",738,2015-10-01,0.08150572093283798
"Tanzania, United Rep. of",738,2015-11-01,0.8302720437790867
"Tanzania, United Rep. of",738,2015-12-01,0.46212577858151854
"Tanzania, United Rep. of",738,2016-01-01,0.7099999999999668
"Tanzania, United Rep. of",738,2016-02-01,0.7248535398669838
"Tanzania, United Rep. of",738,2016-03-01,0.48304416403791206
"Tanzania, United Rep. of",738,2016-04-01,0.5199646816442133
"Tanzania, United Rep. of",738,2016-05-01,0.5270349404645799
"Tanzania, United Rep. of",738,2016-06-01,0.45631067961162
"Tanzania, United Rep. of",738,2016-07-01,0.02899391127862921
"Tanzania, United Rep. of",738,2016-08-01,-0.21256038647335834
"Tanzania, United Rep. of",738,2016-09-01,-0.22269558481804091
"Tanzania, United Rep. of",738,2016-10-01,0.11644832605530381
"Tanzania, United Rep. of",738,2016-11-01,1.1126575848348197
"Tanzania, United Rep. of",738,2016-12-01,0.69472246733937
"Tanzania, United Rep. of",738,2017-01-01,0.8305304369751995
"Tanzania, United Rep. of",738,2017-02-01,0.9986054140490386
"Tanzania, United Rep. of",738,2017-03-01,1.373887809053081
"Tanzania, United Rep. of",738,2017-04-01,0.5486433787828675
"Tanzania, United Rep. of",738,2017-05-01,0.20362101246389872
"Tanzania, United Rep. of",738,2017-06-01,-0.14641400385190453
"Tanzania, United Rep. of",738,2017-07-01,-0.22862911064602803
"Tanzania, United Rep. of",738,2017-08-01,-0.358291226458432
"Tanzania, United Rep. of",738,2017-09-01,0.018439977871998907
"Tanzania, United Rep. of",738,2017-10-01,-0.06452802359885687
"Tanzania, United Rep. of",738,2017-11-01,0.4888847892261631
"Tanzania, United Rep. of",738,2017-12-01,0.2478428492748262
"Tanzania, United Rep. of",738,2018-01-01,0.842413698379239
"Tanzania, United Rep. of",738,2018-02-01,0.9080177971488557
"Tanzania, United Rep. of",738,2018-03-01,1.4127598308287035
"Tanzania, United Rep. of",738,2018-04-01,0.4436557231587989
"Tanzania, United Rep. of",738,2018-05-01,0.03533568904595872
"Tanzania, United Rep. of",738,2018-06-01,-0.379724478982717
"Tanzania, United Rep. of",738,2018-07-01,-0.32798510770315686
"Tanzania, United Rep. of",738,2018-08-01,-0.3806414456991013
"Tanzania, United Rep. of",738,2018-09-01,0.096412201396395
"Tanzania, United Rep. of",738,2018-10-01,-0.25865144488056097
"Tanzania, United Rep. of",738,2018-11-01,0.30403290709116765
"Tanzania, United Rep. of",738,2018-12-01,0.5259873406436294
Israel,436,2011-01-01,NA
Israel,436,2011-02-01,0.33519553072623315
Israel,436,2011-03-01,0.22271714922055355
Israel,436,2011-04-01,0.5555555555554594
Israel,436,2011-05-01,0.4419889502762513
Israel,436,2011-06-01,0.44004400440043145
Israel,436,2011-07-01,-0.3285870755749875
Israel,436,2011-08-01,0.549450549450572
Israel,436,2011-09-01,-0.21857923497273993
Israel,436,2011-10-01,0.10952902519170708
Israel,436,2011-11-01,-0.10940919037202247
Israel,436,2011-12-01,0
Israel,436,2012-01-01,0
Israel,436,2012-02-01,0
Israel,436,2012-03-01,0.3285870755750042
Israel,436,2012-04-01,0.873362445414847
Israel,436,2012-05-01,0
Israel,436,2012-06-01,-0.2164502164501627
Israel,436,2012-07-01,0
Israel,436,2012-08-01,1.0845986984815073
Israel,436,2012-09-01,0
Israel,436,2012-10-01,-0.21459227467805828
Israel,436,2012-11-01,-0.43010752688171194
Israel,436,2012-12-01,0.10799136069117553
Israel,436,2013-01-01,-0.1078748651564493
Israel,436,2013-02-01,0
Israel,436,2013-03-01,0.21598272138233457
Israel,436,2013-04-01,0.4310344827585132
Israel,436,2013-05-01,0.10729613733908648
Israel,436,2013-06-01,0.7502679528403835
Israel,436,2013-07-01,0.31914893617018997
Israel,436,2013-08-01,0.21208907741244423
Israel,436,2013-09-01,0
Israel,436,2013-10-01,0.3174603174604082
Israel,436,2013-11-01,-0.42194092827014623
Israel,436,2013-12-01,0.10593220338984463
Israel,436,2014-01-01,-0.634920634920574
Israel,436,2014-02-01,-0.1064962726304883
Israel,436,2014-03-01,0.21321961620475166
Israel,436,2014-04-01,0.10638297872332088
Israel,436,2014-05-01,0.10626992561108242
Israel,436,2014-06-01,0.3184713375795791
Israel,436,2014-07-01,0.10582010582013605
Israel,436,2014-08-01,-0.10570824524315914
Israel,436,2014-09-01,-0.317460317460279
Israel,436,2014-10-01,0.3184713375795791
Israel,436,2014-11-01,-0.21164021164014288
Israel,436,2014-12-01,0
Israel,436,2015-01-01,-0.848356309650052
Israel,436,2015-02-01,-0.748663101604263
Israel,436,2015-03-01,0.3232758620689425
Israel,436,2015-04-01,0.6444683136411838
Israel,436,2015-05-01,0.2134471718250343
Israel,436,2015-06-01,0.2129925452608628
Israel,436,2015-07-01,0.21253985122216484
Israel,436,2015-08-01,-0.21208907741257374
Israel,436,2015-09-01,-0.3188097768331337
Israel,436,2015-10-01,0.10660980810237583
Israel,436,2015-11-01,-0.4259850905218232
Israel,436,2015-12-01,-0.1069518716577845
Israel,436,2016-01-01,-0.5353319057816229
Israel,436,2016-02-01,-0.32292787944021917
Israel,436,2016-03-01,-0.21598272138235106
Israel,436,2016-04-01,0.4329004329005402
Israel,436,2016-05-01,0.3232758620689425
Israel,436,2016-06-01,0.3222341568206001
Israel,436,2016-07-01,0.42826552462525913
Israel,436,2016-08-01,-0.31982942430699735
Israel,436,2016-09-01,-0.1069518716577845
Israel,436,2016-10-01,0.21413276231269496
Israel,436,2016-11-01,-0.427350427350549
Israel,436,2016-12-01,0
Israel,436,2017-01-01,-0.21459227467805828
Israel,436,2017-02-01,0
Israel,436,2017-03-01,0.3225806451612675
Israel,436,2017-04-01,0.21436227224014698
Israel,436,2017-05-01,0.42780748663100737
Israel,436,2017-06-01,-0.7454739084132881
Israel,436,2017-07-01,-0.10729613733897184
Israel,436,2017-08-01,0.3222341568206001
Israel,436,2017-09-01,0.10706638115634748
Israel,436,2017-10-01,0.3208556149732229
Israel,436,2017-11-01,-0.31982942430699735
Israel,436,2017-12-01,0.1069518716577845
Israel,436,2018-01-01,-0.5341880341880721
Israel,436,2018-02-01,0.10741138560679019
Israel,436,2018-03-01,0.32188841201725943
Israel,436,2018-04-01,0.42780748663100737
Israel,436,2018-05-01,0.4259850905218394
Israel,436,2018-06-01,0.10604453870617354
Israel,436,2018-07-01,0
Israel,436,2018-08-01,0.10593220338984463
Israel,436,2018-09-01,0.10582010582013605
Israel,436,2018-10-01,0.31712473572936445
Israel,436,2018-11-01,-0.3161222339304308
Israel,436,2018-12-01,-0.31712473572934835
Oman,449,2011-01-01,NA
Oman,449,2011-02-01,0.22014886256420788
Oman,449,2011-03-01,0.29288702928861077
Oman,449,2011-04-01,0.29203170629954367
Oman,449,2011-05-01,0.43677204658902996
Oman,449,2011-06-01,0.14495754814662323
Oman,449,2011-07-01,0.5066170388751193
Oman,449,2011-08-01,1.3578849912560726
Oman,449,2011-09-01,-0.355221759870097
Oman,449,2011-10-01,0.2851904664901225
Oman,449,2011-11-01,0.14218972171441058
Oman,449,2011-12-01,0.07099391480730662
Oman,449,2012-01-01,0.28377419681767735
Oman,449,2012-02-01,0.28297119757455
Oman,449,2012-03-01,-0.3527159125264754
Oman,449,2012-04-01,0.1415857605178081
Oman,449,2012-05-01,-0.21207836800647642
Oman,449,2012-06-01,0.5667442566542046
Oman,449,2012-07-01,0.6339941632282564
Oman,449,2012-08-01,0.9800000000000311
Oman,449,2012-09-01,-0.06932065755595598
Oman,449,2012-10-01,0.624318699831557
Oman,449,2012-11-01,-0.27575339767579504
Oman,449,2012-12-01,0.13825794983210904
Oman,449,2013-01-01,-0.6906410246998912
Oman,449,2013-02-01,0
Oman,449,2013-03-01,-0.1986097318769081
Oman,449,2013-04-01,-0.1990049751243346
Oman,449,2013-05-01,0.2991026919241543
Oman,449,2013-06-01,0.19880715705771537
Oman,449,2013-07-01,0.7936507936507989
Oman,449,2013-08-01,-0.09842519685036473
Oman,449,2013-09-01,0
Oman,449,2013-10-01,0
Oman,449,2013-11-01,0.09852216748765572
Oman,449,2013-12-01,0.09842519685036473
Oman,449,2014-01-01,0.19665683382503596
Oman,449,2014-02-01,-0.5888125613347046
Oman,449,2014-03-01,0
Oman,449,2014-04-01,0.5923000987167467
Oman,449,2014-05-01,0.19627085377817086
Oman,449,2014-06-01,-0.09794319294807603
Oman,449,2014-07-01,0.2941176470587517
Oman,449,2014-08-01,0.1955034213099332
Oman,449,2014-09-01,-0.09756097560972739
Oman,449,2014-10-01,0.09765624999997123
Oman,449,2014-11-01,0.09756097560972739
Oman,449,2014-12-01,-0.0974658869395425
Oman,449,2015-01-01,-0.19512195121957224
Oman,449,2015-02-01,-0.19550342130981552
Oman,449,2015-03-01,-0.09794319294807603
Oman,449,2015-04-01,-0.294117647058855
Oman,449,2015-05-01,0
Oman,449,2015-06-01,0.49164208456242714
Oman,449,2015-07-01,0.4892367906066423
Oman,449,2015-08-01,-0.09737098344691886
Oman,449,2015-09-01,-0.29239766081874485
Oman,449,2015-10-01,-0.19550342130981552
Oman,449,2015-11-01,-0.09794319294807603
Oman,449,2015-12-01,0.3921568627451154
Oman,449,2016-01-01,0.09765624999997123
Oman,449,2016-02-01,-0.09756097560972739
Oman,449,2016-03-01,-0.29296875000003125
Oman,449,2016-04-01,0.7835455435847261
Oman,449,2016-05-01,-0.09718172983476246
Oman,449,2016-06-01,0.9727626459143592
Oman,449,2016-07-01,0.28901734104049337
Oman,449,2016-08-01,-0.09606147934685486
Oman,449,2016-09-01,-0.3846153846153874
Oman,449,2016-10-01,0.48262548262555877
Oman,449,2016-11-01,-0.19212295869360851
Oman,449,2016-12-01,-0.3849855630414031
Oman,449,2017-01-01,0.7729468599034016
Oman,449,2017-02-01,0.4793863854266283
Oman,449,2017-03-01,0.19083969465654735
Oman,449,2017-04-01,-0.28571428571431623
Oman,449,2017-05-01,0.19102196752632433
Oman,449,2017-06-01,-0.19065776930415773
Oman,449,2017-07-01,0.09551098376310467
Oman,449,2017-08-01,0.19083969465654735
Oman,449,2017-09-01,0.2857142857142159
Oman,449,2017-10-01,0.09496676163350044
Oman,449,2017-11-01,-0.18975332068315603
Oman,449,2017-12-01,0.09505703422050438
Oman,449,2018-01-01,0.09496676163350044
Oman,449,2018-02-01,0
Oman,449,2018-03-01,-0.2846299810246984
Oman,449,2018-04-01,0.190294957183593
Oman,449,2018-05-01,0.37986704653371595
Oman,449,2018-06-01,0.3784295175019693
Oman,449,2018-07-01,0.18850141376115848
Oman,449,2018-08-01,-0.09407337723451223
Oman,449,2018-09-01,-0.09416195856902243
Oman,449,2018-10-01,0.3770028275213241
Oman,449,2018-11-01,-0.09389671361430374
Oman,449,2018-12-01,-0.2819548872188804
United Arab Emirates,466,2011-01-01,NA
United Arab Emirates,466,2011-02-01,-0.270692347735515
United Arab Emirates,466,2011-03-01,-0.2192295646727251
United Arab Emirates,466,2011-04-01,-0.09416195856871465
United Arab Emirates,466,2011-05-01,0.18850141376055596
United Arab Emirates,466,2011-06-01,0.43900909375980646
United Arab Emirates,466,2011-07-01,-0.15610365282547412
United Arab Emirates,466,2011-08-01,-0.14592453616846748
United Arab Emirates,466,2011-09-01,0.3549060542798449
United Arab Emirates,466,2011-10-01,0.42646141044304614
United Arab Emirates,466,2011-11-01,-0.010357327809378666
United Arab Emirates,466,2011-12-01,-0.08286720530350845
United Arab Emirates,466,2012-01-01,0.30064275347296876
United Arab Emirates,466,2012-02-01,-0.4444444444445152
United Arab Emirates,466,2012-03-01,-0.15573089700994894
United Arab Emirates,466,2012-04-01,0.08318602474786561
United Arab Emirates,466,2012-05-01,0.2077922077921469
United Arab Emirates,466,2012-06-01,-0.03110419906682933
United Arab Emirates,466,2012-07-01,-0.04148516905206756
United Arab Emirates,466,2012-08-01,0.3423946876945728
United Arab Emirates,466,2012-09-01,0.4549684624134095
United Arab Emirates,466,2012-10-01,-0.08234688625838633
United Arab Emirates,466,2012-11-01,-0.05150922015047438
United Arab Emirates,466,2012-12-01,0.020614306328593884
United Arab Emirates,466,2013-01-01,0.1339653751031566
United Arab Emirates,466,2013-02-01,-0.14407739014103413
United Arab Emirates,466,2013-03-01,0.11336699989691768
United Arab Emirates,466,2013-04-01,-0.020588840848277782
United Arab Emirates,466,2013-05-01,0.2677100494233547
United Arab Emirates,466,2013-06-01,0.2567262271513887
United Arab Emirates,466,2013-07-01,-0.030728259756178312
United Arab Emirates,466,2013-08-01,0.33811475409829683
United Arab Emirates,466,2013-09-01,0.4595118962524818
United Arab Emirates,466,2013-10-01,-0.09148200853828238
United Arab Emirates,466,2013-11-01,0.1017397497201315
United Arab Emirates,466,2013-12-01,0.05081817257858066
United Arab Emirates,466,2014-01-01,0.1422186103209428
United Arab Emirates,466,2014-02-01,0.14201663623455849
United Arab Emirates,466,2014-03-01,0.22285251215565777
United Arab Emirates,466,2014-04-01,0.24257125530620594
United Arab Emirates,466,2014-05-01,0.20165355918526054
United Arab Emirates,466,2014-06-01,0.4125578587241569
United Arab Emirates,466,2014-07-01,0.08016835354246152
United Arab Emirates,466,2014-08-01,0.43055972764588607
United Arab Emirates,466,2014-09-01,0.93718843469595
United Arab Emirates,466,2014-10-01,0.1086527064401217
United Arab Emirates,466,2014-11-01,-0.18746916625555166
United Arab Emirates,466,2014-12-01,0.3361012257809407
United Arab Emirates,466,2015-01-01,0.6798029556650398
United Arab Emirates,466,2015-02-01,0.09785693316373825
United Arab Emirates,466,2015-03-01,0.8994036562713156
United Arab Emirates,466,2015-04-01,0.18409068888673738
United Arab Emirates,466,2015-05-01,0.261121856866561
United Arab Emirates,466,2015-06-01,0.3183177389794823
United Arab Emirates,466,2015-07-01,0.28846153846151995
United Arab Emirates,466,2015-08-01,0.9204218600192132
United Arab Emirates,466,2015-09-01,0.30400912027359156
United Arab Emirates,466,2015-10-01,-0.47357454063272303
United Arab Emirates,466,2015-11-01,-0.34259611724399136
United Arab Emirates,466,2015-12-01,0.41061879297168313
United Arab Emirates,466,2016-01-01,-0.3328578221587488
United Arab Emirates,466,2016-02-01,-0.24809160305350073
United Arab Emirates,466,2016-03-01,0.13392003061031924
United Arab Emirates,466,2016-04-01,0.3821169277799054
United Arab Emirates,466,2016-05-01,0.25694708793302623
United Arab Emirates,466,2016-06-01,0.4556241101090844
United Arab Emirates,466,2016-07-01,0.29292261173582884
United Arab Emirates,466,2016-08-01,0.44281138119471675
United Arab Emirates,466,2016-09-01,-0.21573961166870376
United Arab Emirates,466,2016-10-01,0.03760105282948255
United Arab Emirates,466,2016-11-01,0.3288855478292984
United Arab Emirates,466,2016-12-01,-0.29970965627047175
United Arab Emirates,466,2017-01-01,0.6951620479098068
United Arab Emirates,466,2017-02-01,0.13993842709206344
United Arab Emirates,466,2017-03-01,0.4099124277993246
United Arab Emirates,466,2017-04-01,-0.389682686954717
United Arab Emirates,466,2017-05-01,-0.01862891207153668
United Arab Emirates,466,2017-06-01,0.5589714924537356
United Arab Emirates,466,2017-07-01,-0.5188067444875132
United Arab Emirates,466,2017-08-01,0.0745017694167318
United Arab Emirates,466,2017-09-01,0.13028103480418532
United Arab Emirates,466,2017-10-01,0.9665427509296359
United Arab Emirates,466,2017-11-01,-0.018409425626427757
United Arab Emirates,466,2017-12-01,0.6812741668198019
United Arab Emirates,466,2018-01-01,2.676174885338363
United Arab Emirates,466,2018-02-01,-0.14675588916500565
United Arab Emirates,466,2018-03-01,-0.6451282470923019
United Arab Emirates,466,2018-04-01,-0.22545111863101325
United Arab Emirates,466,2018-05-01,-0.060638743697399446
United Arab Emirates,466,2018-06-01,0.3771013351650574
United Arab Emirates,466,2018-07-01,-0.05026332640399824
United Arab Emirates,466,2018-08-01,0.14539549850767253
United Arab Emirates,466,2018-09-01,-0.605116996457013
United Arab Emirates,466,2018-10-01,-0.477057590848027
United Arab Emirates,466,2018-11-01,-0.29716496663475495
United Arab Emirates,466,2018-12-01,-0.30621680224455194
"Bahrain, Kingdom of",419,2011-01-01,NA
"Bahrain, Kingdom of",419,2011-02-01,0.9169353317379851
"Bahrain, Kingdom of",419,2011-03-01,-3.485948486161431
"Bahrain, Kingdom of",419,2011-04-01,0.35417203674858494
"Bahrain, Kingdom of",419,2011-05-01,0.5340000279329347
"Bahrain, Kingdom of",419,2011-06-01,-0.8289062739178766
"Bahrain, Kingdom of",419,2011-07-01,0.651932589561942
"Bahrain, Kingdom of",419,2011-08-01,1.2406948003416427
"Bahrain, Kingdom of",419,2011-09-01,0.5059523913675441
"Bahrain, Kingdom of",419,2011-10-01,1.3667682718792893
"Bahrain, Kingdom of",419,2011-11-01,-0.24151455695496002
"Bahrain, Kingdom of",419,2011-12-01,-1.0125069466190895
"Bahrain, Kingdom of",419,2012-01-01,-0.0982030551365706
"Bahrain, Kingdom of",419,2012-02-01,1.5847795747075524
"Bahrain, Kingdom of",419,2012-03-01,0.5817856854776849
"Bahrain, Kingdom of",419,2012-04-01,-0.1363308432659506
"Bahrain, Kingdom of",419,2012-05-01,-0.7037177719483103
"Bahrain, Kingdom of",419,2012-06-01,0.36172910855098056
"Bahrain, Kingdom of",419,2012-07-01,0.5916984978774085
"Bahrain, Kingdom of",419,2012-08-01,0.37571912933698076
"Bahrain, Kingdom of",419,2012-09-01,1.001792479088633
"Bahrain, Kingdom of",419,2012-10-01,-0.7035393341498161
"Bahrain, Kingdom of",419,2012-11-01,0.07729244576427777
"Bahrain, Kingdom of",419,2012-12-01,-0.32256531994594506
"Bahrain, Kingdom of",419,2013-01-01,0.9213313955194921
"Bahrain, Kingdom of",419,2013-02-01,0.19280195935435432
"Bahrain, Kingdom of",419,2013-03-01,1.4088755682493324
"Bahrain, Kingdom of",419,2013-04-01,-0.39920325396572454
"Bahrain, Kingdom of",419,2013-05-01,0.02830057822087443
"Bahrain, Kingdom of",419,2013-06-01,0.1431685408342469
"Bahrain, Kingdom of",419,2013-07-01,0.8131435324208849
"Bahrain, Kingdom of",419,2013-08-01,-0.3640691688840225
"Bahrain, Kingdom of",419,2013-09-01,1.2725084293782638
"Bahrain, Kingdom of",419,2013-10-01,-0.03288356126332198
"Bahrain, Kingdom of",419,2013-11-01,-0.019264856733316234
"Bahrain, Kingdom of",419,2013-12-01,-0.06004778475626755
"Bahrain, Kingdom of",419,2014-01-01,0.24386220263065178
"Bahrain, Kingdom of",419,2014-02-01,0.6005109284607517
"Bahrain, Kingdom of",419,2014-03-01,0.007671127296209411
"Bahrain, Kingdom of",419,2014-04-01,-0.6711743589587631
"Bahrain, Kingdom of",419,2014-05-01,-0.008927986717942845
"Bahrain, Kingdom of",419,2014-06-01,1.3969581681632062
"Bahrain, Kingdom of",419,2014-07-01,0.2926792585187754
"Bahrain, Kingdom of",419,2014-08-01,0.06196820213392593
"Bahrain, Kingdom of",419,2014-09-01,0.6944053476437878
"Bahrain, Kingdom of",419,2014-10-01,-0.045273866991105326
"Bahrain, Kingdom of",419,2014-11-01,-0.28305866122104134
"Bahrain, Kingdom of",419,2014-12-01,0.18741518909616853
"Bahrain, Kingdom of",419,2015-01-01,0.24906054944183179
"Bahrain, Kingdom of",419,2015-02-01,0.2033017740201941
"Bahrain, Kingdom of",419,2015-03-01,0.17804976999853392
"Bahrain, Kingdom of",419,2015-04-01,-0.6348257543656336
"Bahrain, Kingdom of",419,2015-05-01,0.11383665157278303
"Bahrain, Kingdom of",419,2015-06-01,0.6401004956075874
"Bahrain, Kingdom of",419,2015-07-01,-0.23766485706160134
"Bahrain, Kingdom of",419,2015-08-01,0.6169806389283778
"Bahrain, Kingdom of",419,2015-09-01,0.6479722046807214
"Bahrain, Kingdom of",419,2015-10-01,0.6199758110602479
"Bahrain, Kingdom of",419,2015-11-01,-1.1335562518870146
"Bahrain, Kingdom of",419,2015-12-01,-0.4781785983891263
"Bahrain, Kingdom of",419,2016-01-01,1.8083526942207964
"Bahrain, Kingdom of",419,2016-02-01,0.7425625999466016
"Bahrain, Kingdom of",419,2016-03-01,0.5846471022577681
"Bahrain, Kingdom of",419,2016-04-01,-0.20436043281997965
"Bahrain, Kingdom of",419,2016-05-01,-0.005453703271725394
"Bahrain, Kingdom of",419,2016-06-01,0.32496182990515715
"Bahrain, Kingdom of",419,2016-07-01,-0.06972714049572251
"Bahrain, Kingdom of",419,2016-08-01,-0.26169542691373343
"Bahrain, Kingdom of",419,2016-09-01,0.5676536259537615
"Bahrain, Kingdom of",419,2016-10-01,-0.39565933837288364
"Bahrain, Kingdom of",419,2016-11-01,-0.6376276495235974
"Bahrain, Kingdom of",419,2016-12-01,-0.1562762900649092
"Bahrain, Kingdom of",419,2017-01-01,0.2951339031528759
"Bahrain, Kingdom of",419,2017-02-01,0.3931730921913787
"Bahrain, Kingdom of",419,2017-03-01,0.9637240975956479
"Bahrain, Kingdom of",419,2017-04-01,-4.223354452512751e-4
"Bahrain, Kingdom of",419,2017-05-01,-0.30030760589690025
"Bahrain, Kingdom of",419,2017-06-01,0.6284412340794541
"Bahrain, Kingdom of",419,2017-07-01,0.3283085649736007
"Bahrain, Kingdom of",419,2017-08-01,0.2905945622186612
"Bahrain, Kingdom of",419,2017-09-01,0.3813040281281372
"Bahrain, Kingdom of",419,2017-10-01,0.272972304178373
"Bahrain, Kingdom of",419,2017-11-01,-0.2642487778291368
"Bahrain, Kingdom of",419,2017-12-01,-1.6264189526339352
"Bahrain, Kingdom of",419,2018-01-01,1.6555143149526288
"Bahrain, Kingdom of",419,2018-02-01,0.734861840633405
"Bahrain, Kingdom of",419,2018-03-01,0.5100159730767723
"Bahrain, Kingdom of",419,2018-04-01,-0.0824441793907745
"Bahrain, Kingdom of",419,2018-05-01,0.007918463933223473
"Bahrain, Kingdom of",419,2018-06-01,0.5804118257186863
"Bahrain, Kingdom of",419,2018-07-01,0.26358173571275556
"Bahrain, Kingdom of",419,2018-08-01,-0.4631001302683976
"Bahrain, Kingdom of",419,2018-09-01,-0.7723064859069074
"Bahrain, Kingdom of",419,2018-10-01,-0.04531764688081244
"Bahrain, Kingdom of",419,2018-11-01,-0.035642072360241056
"Bahrain, Kingdom of",419,2018-12-01,-0.39402606269809
Brazil,223,2011-01-01,NA
Brazil,223,2011-02-01,0.8000198608499123
Brazil,223,2011-03-01,0.7899759867003359
Brazil,223,2011-04-01,0.7700390364890385
Brazil,223,2011-05-01,0.47013249188406925
Brazil,223,2011-06-01,0.149943582595691
Brazil,223,2011-07-01,0.1599614405567003
Brazil,223,2011-08-01,0.3699403884674761
Brazil,223,2011-09-01,0.5300914550096506
Brazil,223,2011-10-01,0.4301235524688225
Brazil,223,2011-11-01,0.5199924019375054
Brazil,223,2011-12-01,0.4998818944136009
Brazil,223,2012-01-01,0.5599739109741356
Brazil,223,2012-02-01,0.4499253532936608
Brazil,223,2012-03-01,0.20999421207088032
Brazil,223,2012-04-01,0.6399818889479099
Brazil,223,2012-05-01,0.3599176342337047
Brazil,223,2012-06-01,0.0798864348235816
Brazil,223,2012-07-01,0.43012358156842984
Brazil,223,2012-08-01,0.4099837035766402
Brazil,223,2012-09-01,0.5700390656142864
Brazil,223,2012-10-01,0.5900239520279992
Brazil,223,2012-11-01,0.6000731796560475
Brazil,223,2012-12-01,0.7901024559204592
Brazil,223,2013-01-01,0.8599679108164981
Brazil,223,2013-02-01,0.5999823858382064
Brazil,223,2013-03-01,0.4700101771703169
Brazil,223,2013-04-01,0.5500460187015597
Brazil,223,2013-05-01,0.3699270436708979
Brazil,223,2013-06-01,0.26009907508336855
Brazil,223,2013-07-01,0.029871471936966546
Brazil,223,2013-08-01,0.23997654040994065
Brazil,223,2013-09-01,0.3499778579959464
Brazil,223,2013-10-01,0.5699400105376158
Brazil,223,2013-11-01,0.5401164800680782
Brazil,223,2013-12-01,0.9199573613781835
Brazil,223,2014-01-01,0.5498782562202034
Brazil,223,2014-02-01,0.689975158808985
Brazil,223,2014-03-01,0.9200484617535275
Brazil,223,2014-04-01,0.6700219065355325
Brazil,223,2014-05-01,0.45993120142693805
Brazil,223,2014-06-01,0.399994927141063
Brazil,223,2014-07-01,0.010105297196781366
Brazil,223,2014-08-01,0.2500808342090396
Brazil,223,2014-09-01,0.5699714258356782
Brazil,223,2014-10-01,0.41991962397651406
Brazil,223,2014-11-01,0.509980039920161
Brazil,223,2014-12-01,0.7799545233390611
Brazil,223,2015-01-01,1.2399442345302472
Brazil,223,2015-02-01,1.2198919760595672
Brazil,223,2015-03-01,1.3200844161775256
Brazil,223,2015-04-01,0.7100392383862296
Brazil,223,2015-05-01,0.7398962119481287
Brazil,223,2015-06-01,0.7901136416779676
Brazil,223,2015-07-01,0.6198975034741484
Brazil,223,2015-08-01,0.21996214068815326
Brazil,223,2015-09-01,0.5399560581137257
Brazil,223,2015-10-01,0.8198859527884801
Brazil,223,2015-11-01,1.0099978438248278
Brazil,223,2015-12-01,0.95990293116427
Brazil,223,2016-01-01,1.269927467689838
Brazil,223,2016-02-01,0.8999545077941276
Brazil,223,2016-03-01,0.4299548264280595
Brazil,223,2016-04-01,0.6100734777441402
Brazil,223,2016-05-01,0.7799010573285345
Brazil,223,2016-06-01,0.3499293082907276
Brazil,223,2016-07-01,0.5200795465929383
Brazil,223,2016-08-01,0.4399924512138491
Brazil,223,2016-09-01,0.08001283583223828
Brazil,223,2016-10-01,0.26009749964666246
Brazil,223,2016-11-01,0.18010208590197063
Brazil,223,2016-12-01,0.29991053089203945
Brazil,223,2017-01-01,0.38004899805265296
Brazil,223,2017-02-01,0.33000615371777814
Brazil,223,2017-03-01,0.2499131957078038
Brazil,223,2017-04-01,0.1399924093004735
Brazil,223,2017-05-01,0.3100380247036363
Brazil,223,2017-06-01,-0.2300032415178442
Brazil,223,2017-07-01,0.24005281161854478
Brazil,223,2017-08-01,0.1899307784890969
Brazil,223,2017-09-01,0.15989878571708668
Brazil,223,2017-10-01,0.4200928647988116
Brazil,223,2017-11-01,0.28005121638924607
Brazil,223,2017-12-01,0.4400480498149094
Brazil,223,2018-01-01,0.2900460900729431
Brazil,223,2018-02-01,0.32003439659927446
Brazil,223,2018-03-01,0.0899625998180495
Brazil,223,2018-04-01,0.21995778587948428
Brazil,223,2018-05-01,0.4000532060687055
Brazil,223,2018-06-01,1.2600141718974975
Brazil,223,2018-07-01,0.3300650614733715
Brazil,223,2018-08-01,-0.0899012272011332
Brazil,223,2018-09-01,0.47997057287957673
Brazil,223,2018-10-01,0.4499264883887017
Brazil,223,2018-11-01,-0.21004410534337598
Brazil,223,2018-12-01,0.15001070102512712
Kuwait,443,2011-01-01,NA
Kuwait,443,2011-02-01,0
Kuwait,443,2011-03-01,0.6688963210701662
Kuwait,443,2011-04-01,0.3322259136212822
Kuwait,443,2011-05-01,0.3311258278145891
Kuwait,443,2011-06-01,0.33003300330034946
Kuwait,443,2011-07-01,0.2467105263158228
Kuwait,443,2011-08-01,0.3281378178834251
Kuwait,443,2011-09-01,0.5723630417007886
Kuwait,443,2011-10-01,0.40650406504065567
Kuwait,443,2011-11-01,0.3238866396761324
Kuwait,443,2011-12-01,0.4842615012106155
Kuwait,443,2012-01-01,0.16064257028108248
Kuwait,443,2012-02-01,0.1603849238172221
Kuwait,443,2012-03-01,0.5604483586869128
Kuwait,443,2012-04-01,-0.31847133757963664
Kuwait,443,2012-05-01,-0.15974440894564518
Kuwait,443,2012-06-01,0.15999999999995815
Kuwait,443,2012-07-01,0.3194888178913927
Kuwait,443,2012-08-01,0.398089171974513
Kuwait,443,2012-09-01,0.07930214115778328
Kuwait,443,2012-10-01,0.316957210776564
Kuwait,443,2012-11-01,0.1579778830964265
Kuwait,443,2012-12-01,0.9463722397475884
Kuwait,443,2013-01-01,-0.07812499999997242
Kuwait,443,2013-02-01,0.07818608287722023
Kuwait,443,2013-03-01,0.23437500000003172
Kuwait,443,2013-04-01,0.3117692907248819
Kuwait,443,2013-05-01,0
Kuwait,443,2013-06-01,0.2331002331003784
Kuwait,443,2013-07-01,0.15503875968988165
Kuwait,443,2013-08-01,0.07739938080492613
Kuwait,443,2013-09-01,0.38669760247477014
Kuwait,443,2013-10-01,0.15408320493060812
Kuwait,443,2013-11-01,0.07692307692306388
Kuwait,443,2013-12-01,0.9992313604916614
Kuwait,443,2014-01-01,0.1522070015220307
Kuwait,443,2014-02-01,0.07598784194526219
Kuwait,443,2014-03-01,0.30372057706901817
Kuwait,443,2014-04-01,0.07570022710163918
Kuwait,443,2014-05-01,0.1512859304084317
Kuwait,443,2014-06-01,0.22658610271896604
Kuwait,443,2014-07-01,0
Kuwait,443,2014-08-01,0.07535795026373972
Kuwait,443,2014-09-01,0.8283132530118216
Kuwait,443,2014-10-01,0
Kuwait,443,2014-11-01,0.14936519790884792
Kuwait,443,2014-12-01,0.9694258016403053
Kuwait,443,2015-01-01,-0.07385524372229184
Kuwait,443,2015-02-01,0.1478196600147435
Kuwait,443,2015-03-01,0.7380073800736089
Kuwait,443,2015-04-01,0.14652014652010872
Kuwait,443,2015-05-01,0.07315288954006241
Kuwait,443,2015-06-01,0.43859649122795313
Kuwait,443,2015-07-01,0.0727802037845446
Kuwait,443,2015-08-01,0.2909090909090137
Kuwait,443,2015-09-01,0.14503263234223865
Kuwait,443,2015-10-01,0.07241129616217554
Kuwait,443,2015-11-01,0.07235890014470532
Kuwait,443,2015-12-01,0.8676789587850073
Kuwait,443,2016-01-01,0.14336917562720264
Kuwait,443,2016-02-01,0
Kuwait,443,2016-03-01,0.7158196134572218
Kuwait,443,2016-04-01,-0.0710732054015517
Kuwait,443,2016-05-01,0
Kuwait,443,2016-06-01,0.7112375533426321
Kuwait,443,2016-07-01,0.07062146892744725
Kuwait,443,2016-08-01,0.14114326040927785
Kuwait,443,2016-09-01,0.986610288935595
Kuwait,443,2016-10-01,-0.0697836706210499
Kuwait,443,2016-11-01,-0.13966480446923693
Kuwait,443,2016-12-01,0.9790209790207206
Kuwait,443,2017-01-01,-0.0692520775623151
Kuwait,443,2017-02-01,-0.06930006930004483
Kuwait,443,2017-03-01,-0.17873100983020807
Kuwait,443,2017-04-01,0
Kuwait,443,2017-05-01,0.4476275738585497
Kuwait,443,2017-06-01,0.08912655971478994
Kuwait,443,2017-07-01,-0.08904719501335202
Kuwait,443,2017-08-01,0
Kuwait,443,2017-09-01,0.534759358288765
Kuwait,443,2017-10-01,0.26595744680850814
Kuwait,443,2017-11-01,0
Kuwait,443,2017-12-01,-0.08841732979663512
Kuwait,443,2018-01-01,-0.08849557522123391
Kuwait,443,2018-02-01,-0.0885739592559863
Kuwait,443,2018-03-01,-0.35460992907800665
Kuwait,443,2018-04-01,0.08896797153024405
Kuwait,443,2018-05-01,0.08888888888888384
Kuwait,443,2018-06-01,0.266429840142106
Kuwait,443,2018-07-01,0.17714791851194742
Kuwait,443,2018-08-01,0.08841732979664768
Kuwait,443,2018-09-01,-0.08833922261484853
Kuwait,443,2018-10-01,0.17683465959328282
Kuwait,443,2018-11-01,-0.08826125330979198
Kuwait,443,2018-12-01,0.26501766784452047
Hungary,944,2011-01-01,NA
Hungary,944,2011-02-01,0.40420371867421184
Hungary,944,2011-03-01,1.1272141706924246
Hungary,944,2011-04-01,0.6369426751592447
Hungary,944,2011-05-01,0.23734177215189647
Hungary,944,2011-06-01,-0.23677979479084227
Hungary,944,2011-07-01,-0.3164556962025361
Hungary,944,2011-08-01,-0.07936507936507485
Hungary,944,2011-09-01,-0.07942811755362075
Hungary,944,2011-10-01,0.7154213036566023
Hungary,944,2011-11-01,0.6314127861089165
Hungary,944,2011-12-01,0.2352941176470566
Hungary,944,2012-01-01,2.034428794992182
Hungary,944,2012-02-01,0.8435582822085846
Hungary,944,2012-03-01,0.7604562737642585
Hungary,944,2012-04-01,0.8301886792452787
Hungary,944,2012-05-01,-0.22455089820358007
Hungary,944,2012-06-01,0.0750187546886679
Hungary,944,2012-07-01,-0.07496251874062543
Hungary,944,2012-08-01,0.1500375093773358
Hungary,944,2012-09-01,0.4494382022471867
Hungary,944,2012-10-01,0.14914243102163838
Hungary,944,2012-11-01,-0.14892032762473345
Hungary,944,2012-12-01,0.07457121551080859
Hungary,944,2013-01-01,0.819672131147558
Hungary,944,2013-02-01,-0.07390983000740778
Hungary,944,2013-03-01,0.22189349112426876
Hungary,944,2013-04-01,0.22140221402214863
Hungary,944,2013-05-01,-0.07363770250369862
Hungary,944,2013-06-01,0.22107590272661118
Hungary,944,2013-07-01,-0.2941176470588277
Hungary,944,2013-08-01,-0.22123893805308475
Hungary,944,2013-09-01,0.44345898004434164
Hungary,944,2013-10-01,-0.2943340691685104
Hungary,944,2013-11-01,-0.07380073800737588
Hungary,944,2013-12-01,-0.5169867060561426
Hungary,944,2014-01-01,0.37119524870081666
Hungary,944,2014-02-01,0.07396449704143694
Hungary,944,2014-03-01,0.22172949002216033
Hungary,944,2014-04-01,0.07374631268436159
Hungary,944,2014-05-01,-0.14738393515106016
Hungary,944,2014-06-01,0.07380073800737588
Hungary,944,2014-07-01,0.14749262536874413
Hungary,944,2014-08-01,-0.22091310751105403
Hungary,944,2014-09-01,-0.22140221402214863
Hungary,944,2014-10-01,-0.22189349112424775
Hungary,944,2014-11-01,-0.37064492216456635
Hungary,944,2014-12-01,-0.6696428571428613
Hungary,944,2015-01-01,-0.22471910112360402
Hungary,944,2015-02-01,0.5255255255255384
Hungary,944,2015-03-01,0.5974607916355361
Hungary,944,2015-04-01,0.37119524870081666
Hungary,944,2015-05-01,0.7396449704142012
Hungary,944,2015-06-01,0.14684287812042368
Hungary,944,2015-07-01,0
Hungary,944,2015-08-01,-0.5865102639296271
Hungary,944,2015-09-01,-0.6637168141592963
Hungary,944,2015-10-01,0.29695619896065756
Hungary,944,2015-11-01,0
Hungary,944,2015-12-01,-0.2960769800148081
Hungary,944,2016-01-01,-0.14847809948031823
Hungary,944,2016-02-01,-0.14869888475835585
Hungary,944,2016-03-01,0.07446016381235615
Hungary,944,2016-04-01,0.8184523809523767
Hungary,944,2016-05-01,0.2952029520295245
Hungary,944,2016-06-01,0.2207505518763671
Hungary,944,2016-07-01,-0.22026431718060424
Hungary,944,2016-08-01,-0.36791758646063283
Hungary,944,2016-09-01,0.14771048744460016
Hungary,944,2016-10-01,0.5899705014749347
Hungary,944,2016-11-01,0.07331378299119817
Hungary,944,2016-12-01,0.3663003663003663
Hungary,944,2017-01-01,0.4379562043795579
Hungary,944,2017-02-01,0.3633720930232558
Hungary,944,2017-03-01,-0.07241129616219719
Hungary,944,2017-04-01,0.36231884057971014
Hungary,944,2017-05-01,0.21660649819495403
Hungary,944,2017-06-01,-0.014409221902024661
Hungary,944,2017-07-01,0.036028246144985857
Hungary,944,2017-08-01,0.043218324569598676
Hungary,944,2017-09-01,0.09359925120600755
Hungary,944,2017-10-01,0.2733419651848622
Hungary,944,2017-11-01,0.3586800573888092
Hungary,944,2017-12-01,0.07147962830592874
Hungary,944,2018-01-01,0.2857142857142898
Hungary,944,2018-02-01,0.2136752136752015
Hungary,944,2018-03-01,0.07107320540157977
Hungary,944,2018-04-01,0.6392045454545293
Hungary,944,2018-05-01,0.6351446718419236
Hungary,944,2018-06-01,0.35063113604488083
Hungary,944,2018-07-01,0.2795248078266986
Hungary,944,2018-08-01,0.06968641114982183
Hungary,944,2018-09-01,0.2785515320334302
Hungary,944,2018-10-01,0.5555555555555635
Hungary,944,2018-11-01,-0.3453038674033149
Hungary,944,2018-12-01,-0.3465003465003465
"Lesotho, Kingdom of",666,2011-01-01,NA
"Lesotho, Kingdom of",666,2011-02-01,0.35216033045558637
"Lesotho, Kingdom of",666,2011-03-01,0.5372950566990282
"Lesotho, Kingdom of",666,2011-04-01,0.8357091418814941
"Lesotho, Kingdom of",666,2011-05-01,0.6349083874350353
"Lesotho, Kingdom of",666,2011-06-01,0.6418301083705751
"Lesotho, Kingdom of",666,2011-07-01,0.499550339931303
"Lesotho, Kingdom of",666,2011-08-01,0.47653992121309613
"Lesotho, Kingdom of",666,2011-09-01,0.4153194070804765
"Lesotho, Kingdom of",666,2011-10-01,0.718821345495833
"Lesotho, Kingdom of",666,2011-11-01,0.6762292430978198
"Lesotho, Kingdom of",666,2011-12-01,1.1459348209774052
"Lesotho, Kingdom of",666,2012-01-01,0.20155310895178408
"Lesotho, Kingdom of",666,2012-02-01,0.23039570812211224
"Lesotho, Kingdom of",666,2012-03-01,0.48292215630583235
"Lesotho, Kingdom of",666,2012-04-01,0.4059694444121572
"Lesotho, Kingdom of",666,2012-05-01,0.3438713895463468
"Lesotho, Kingdom of",666,2012-06-01,0.27264962906684176
"Lesotho, Kingdom of",666,2012-07-01,0.004855651968717436
"Lesotho, Kingdom of",666,2012-08-01,0.22041329942368315
"Lesotho, Kingdom of",666,2012-09-01,0.9110441276607543
"Lesotho, Kingdom of",666,2012-10-01,0.5561114531178889
"Lesotho, Kingdom of",666,2012-11-01,0.41848221329723695
"Lesotho, Kingdom of",666,2012-12-01,0.3410902179157236
"Lesotho, Kingdom of",666,2013-01-01,0.5751723377559719
"Lesotho, Kingdom of",666,2013-02-01,0.2379679920495845
"Lesotho, Kingdom of",666,2013-03-01,0.5748897675236155
"Lesotho, Kingdom of",666,2013-04-01,0.4057689717811279
"Lesotho, Kingdom of",666,2013-05-01,-0.2145112731902621
"Lesotho, Kingdom of",666,2013-06-01,0.3406932822411358
"Lesotho, Kingdom of",666,2013-07-01,0.16044341463712014
"Lesotho, Kingdom of",666,2013-08-01,0.7328454971647733
"Lesotho, Kingdom of",666,2013-09-01,0.4122704315077896
"Lesotho, Kingdom of",666,2013-10-01,1.1737354441273016
"Lesotho, Kingdom of",666,2013-11-01,0.2547446553729009
"Lesotho, Kingdom of",666,2013-12-01,0.3015659954530374
"Lesotho, Kingdom of",666,2014-01-01,0.7685578346469981
"Lesotho, Kingdom of",666,2014-02-01,0.4848843533516358
"Lesotho, Kingdom of",666,2014-03-01,0.5555604740209265
"Lesotho, Kingdom of",666,2014-04-01,0.7733487994566857
"Lesotho, Kingdom of",666,2014-05-01,0.44139006716096124
"Lesotho, Kingdom of",666,2014-06-01,0.16852390398615597
"Lesotho, Kingdom of",666,2014-07-01,0.17443539871378608
"Lesotho, Kingdom of",666,2014-08-01,0.08177098673810407
"Lesotho, Kingdom of",666,2014-09-01,0.10984041200662015
"Lesotho, Kingdom of",666,2014-10-01,0.07788348766558104
"Lesotho, Kingdom of",666,2014-11-01,-0.05676616220147664
"Lesotho, Kingdom of",666,2014-12-01,-0.02059605706587146
"Lesotho, Kingdom of",666,2015-01-01,-0.12128135376011896
"Lesotho, Kingdom of",666,2015-02-01,-0.05900217118526592
"Lesotho, Kingdom of",666,2015-03-01,0.42800058540122915
"Lesotho, Kingdom of",666,2015-04-01,0.713929016557383
"Lesotho, Kingdom of",666,2015-05-01,0.5684173865873777
"Lesotho, Kingdom of",666,2015-06-01,0.975263765974998
"Lesotho, Kingdom of",666,2015-07-01,0.5003985741372419
"Lesotho, Kingdom of",666,2015-08-01,0.25488296052339
"Lesotho, Kingdom of",666,2015-09-01,0.47424392829867557
"Lesotho, Kingdom of",666,2015-10-01,0.6586934357898044
"Lesotho, Kingdom of",666,2015-11-01,0.3115392744871243
"Lesotho, Kingdom of",666,2015-12-01,0.3145262183861507
"Lesotho, Kingdom of",666,2016-01-01,0.4732633951169123
"Lesotho, Kingdom of",666,2016-02-01,0.7617749899143218
"Lesotho, Kingdom of",666,2016-03-01,1.2335135148337264
"Lesotho, Kingdom of",666,2016-04-01,1.1117467526175577
"Lesotho, Kingdom of",666,2016-05-01,0.6166551256917783
"Lesotho, Kingdom of",666,2016-06-01,0.5765322259639464
"Lesotho, Kingdom of",666,2016-07-01,-0.15672002734020077
"Lesotho, Kingdom of",666,2016-08-01,-0.05661964601871071
"Lesotho, Kingdom of",666,2016-09-01,0.0017289264598929132
"Lesotho, Kingdom of",666,2016-10-01,0.3477185265589418
"Lesotho, Kingdom of",666,2016-11-01,0.34020543474033627
"Lesotho, Kingdom of",666,2016-12-01,-0.037668943507478535
"Lesotho, Kingdom of",666,2017-01-01,0.8112380537245384
"Lesotho, Kingdom of",666,2017-02-01,0.27816285968113247
"Lesotho, Kingdom of",666,2017-03-01,0.5306078670300235
"Lesotho, Kingdom of",666,2017-04-01,1.0982429561232383
"Lesotho, Kingdom of",666,2017-05-01,0.3219698073846185
"Lesotho, Kingdom of",666,2017-06-01,0.32014607138258855
"Lesotho, Kingdom of",666,2017-07-01,0.19466363575749915
"Lesotho, Kingdom of",666,2017-08-01,-0.017844678974760195
"Lesotho, Kingdom of",666,2017-09-01,0.11684249320203079
"Lesotho, Kingdom of",666,2017-10-01,0.2167367567847302
"Lesotho, Kingdom of",666,2017-11-01,0.22619047752651067
"Lesotho, Kingdom of",666,2017-12-01,0.30774399844431205
"Lesotho, Kingdom of",666,2018-01-01,1.624671708577307
"Lesotho, Kingdom of",666,2018-02-01,0.11391338709288144
"Lesotho, Kingdom of",666,2018-03-01,0.21964178371039425
"Lesotho, Kingdom of",666,2018-04-01,0.11686046775470325
"Lesotho, Kingdom of",666,2018-05-01,0.2711928188983839
"Lesotho, Kingdom of",666,2018-06-01,0.557800546047017
"Lesotho, Kingdom of",666,2018-07-01,0.3049691675783003
"Lesotho, Kingdom of",666,2018-08-01,0.5052601963289656
"Lesotho, Kingdom of",666,2018-09-01,0.4276264776659454
"Lesotho, Kingdom of",666,2018-10-01,0.522670096746354
"Lesotho, Kingdom of",666,2018-11-01,0.48860940293357347
"Lesotho, Kingdom of",666,2018-12-01,0.1362980901200689
South Africa,199,2011-01-01,NA
South Africa,199,2011-02-01,0.40241448692152054
South Africa,199,2011-03-01,1.2024048096192415
South Africa,199,2011-04-01,0.39603960396040166
South Africa,199,2011-05-01,0.3944773175542322
South Africa,199,2011-06-01,0.5893909626719142
South Africa,199,2011-07-01,0.7812499999999972
South Africa,199,2011-08-01,0
South Africa,199,2011-09-01,0.7751937984496096
South Africa,199,2011-10-01,0.5769230769230715
South Africa,199,2011-11-01,0
South Africa,199,2011-12-01,0.3824091778202731
South Africa,199,2012-01-01,0.38095238095238637
South Africa,199,2012-02-01,0.5692599620493305
South Africa,199,2012-03-01,1.1320754716981158
South Africa,199,2012-04-01,0.559701492537308
South Africa,199,2012-05-01,0
South Africa,199,2012-06-01,0.3710575139146621
South Africa,199,2012-07-01,0
South Africa,199,2012-08-01,0.5545286506469448
South Africa,199,2012-09-01,0.7352941176470562
South Africa,199,2012-10-01,0.7299270072992805
South Africa,199,2012-11-01,0.18115942028984477
South Africa,199,2012-12-01,0.36166365280289847
South Africa,199,2013-01-01,0.3603603603603655
South Africa,199,2013-02-01,0.8976660682226212
South Africa,199,2013-03-01,1.24555160142348
South Africa,199,2013-04-01,0.175746924428825
South Africa,199,2013-05-01,-0.17543859649123056
South Africa,199,2013-06-01,0.175746924428825
South Africa,199,2013-07-01,1.052631578947371
South Africa,199,2013-08-01,0.3472222222222148
South Africa,199,2013-09-01,0.5190311418685195
South Africa,199,2013-10-01,0.17211703958692154
South Africa,199,2013-11-01,0.17182130584191463
South Africa,199,2013-12-01,0.17152658662092868
South Africa,199,2014-01-01,0.6849315068493127
South Africa,199,2014-02-01,1.1904761904761954
South Africa,199,2014-03-01,1.176470588235299
South Africa,199,2014-04-01,0.6644518272425225
South Africa,199,2014-05-01,0.16501650165016735
South Africa,199,2014-06-01,0.32948929159801604
South Africa,199,2014-07-01,0.8210180623973727
South Africa,199,2014-08-01,0.32573289902280594
South Africa,199,2014-09-01,0
South Africa,199,2014-10-01,0.16233766233766464
South Africa,199,2014-11-01,0
South Africa,199,2014-12-01,-0.16207455429497797
South Africa,199,2015-01-01,-0.16233766233766464
South Africa,199,2015-02-01,0.6504065040650383
South Africa,199,2015-03-01,1.2924071082391022
South Africa,199,2015-04-01,0.9569377990430531
South Africa,199,2015-05-01,0.15797788309636876
South Africa,199,2015-06-01,0.4731861198738238
South Africa,199,2015-07-01,0.9419152276295044
South Africa,199,2015-08-01,0
South Africa,199,2015-09-01,0
South Africa,199,2015-10-01,0.3110419906687447
South Africa,199,2015-11-01,0.15503875968991368
South Africa,199,2015-12-01,0.3095975232198187
South Africa,199,2016-01-01,0.771604938271605
South Africa,199,2016-02-01,1.3782542113323213
South Africa,199,2016-03-01,0.9063444108761244
South Africa,199,2016-04-01,0.8982035928143841
South Africa,199,2016-05-01,0.14836795252224674
South Africa,199,2016-06-01,0.592592592592601
South Africa,199,2016-07-01,0.8836524300441742
South Africa,199,2016-08-01,-0.14598540145984573
South Africa,199,2016-09-01,0.14619883040934842
South Africa,199,2016-10-01,0.4379562043795579
South Africa,199,2016-11-01,0.43604651162790287
South Africa,199,2016-12-01,0.28943560057887535
South Africa,199,2017-01-01,0.7215007215007215
South Africa,199,2017-02-01,1.002865329512898
South Africa,199,2017-03-01,0.5673758865248308
South Africa,199,2017-04-01,0.14104372355429382
South Africa,199,2017-05-01,0.1408450704225272
South Africa,199,2017-06-01,0.28129395218003217
South Africa,199,2017-07-01,0.14025245441796427
South Africa,199,2017-08-01,0.1400560224089556
South Africa,199,2017-09-01,0.4195804195804156
South Africa,199,2017-10-01,0.4178272980501353
South Africa,199,2017-11-01,0
South Africa,199,2017-12-01,0.4160887656033445
South Africa,199,2018-01-01,0.552486187845292
South Africa,199,2018-02-01,0.5494505494505573
South Africa,199,2018-03-01,0.4098360655737666
South Africa,199,2018-04-01,0.6802721088435374
South Africa,199,2018-05-01,0.2702702702702741
South Africa,199,2018-06-01,0.26954177897574505
South Africa,199,2018-07-01,0.8064516129032182
South Africa,199,2018-08-01,-0.13333333333332575
South Africa,199,2018-09-01,0.5340453938584665
South Africa,199,2018-10-01,0.531208499335997
South Africa,199,2018-11-01,0.13210039630118137
South Africa,199,2018-12-01,-0.13192612137202417
Japan,158,2011-01-01,NA
Japan,158,2011-02-01,0
Japan,158,2011-03-01,0.21186440677964896
Japan,158,2011-04-01,0.10570824524313799
Japan,158,2011-05-01,0
Japan,158,2011-06-01,-0.10559662090813993
Japan,158,2011-07-01,0
Japan,158,2011-08-01,0.10570824524313799
Japan,158,2011-09-01,0
Japan,158,2011-10-01,0.10559662090812492
Japan,158,2011-11-01,-0.6329113924050573
Japan,158,2011-12-01,0.10615711252653325
Japan,158,2012-01-01,0.21208907741251626
Japan,158,2012-02-01,0.21164021164021465
Japan,158,2012-03-01,0.4223864836325147
Japan,158,2012-04-01,0.10515247108307943
Japan,158,2012-05-01,-0.31512605042016506
Japan,158,2012-06-01,-0.5268703898840885
Japan,158,2012-07-01,-0.31779661016950356
Japan,158,2012-08-01,0.21253985122210717
Japan,158,2012-09-01,0.10604453870626568
Japan,158,2012-10-01,0
Japan,158,2012-11-01,-0.31779661016950356
Japan,158,2012-12-01,0
Japan,158,2013-01-01,0.10626992561106113
Japan,158,2013-02-01,-0.2123142250530816
Japan,158,2013-03-01,0.21276595744681154
Japan,158,2013-04-01,0.3184713375796148
Japan,158,2013-05-01,0.1058201058200998
Japan,158,2013-06-01,0
Japan,158,2013-07-01,0.21141649048626093
Japan,158,2013-08-01,0.31645569620252867
Japan,158,2013-09-01,0.31545741324922333
Japan,158,2013-10-01,0.10482180293500452
Japan,158,2013-11-01,0
Japan,158,2013-12-01,0.1047120418848108
Japan,158,2014-01-01,-0.1046025104602451
Japan,158,2014-02-01,0
Japan,158,2014-03-01,0.20942408376963648
Japan,158,2014-04-01,2.089864158829676
Japan,158,2014-05-01,0.4094165813715368
Japan,158,2014-06-01,-0.10193679918449983
Japan,158,2014-07-01,0.10204081632652481
Japan,158,2014-08-01,0.20387359836901414
Japan,158,2014-09-01,0.2034587995930853
Japan,158,2014-10-01,-0.30456852791877886
Japan,158,2014-11-01,-0.3054989816700582
Japan,158,2014-12-01,0
Japan,158,2015-01-01,-0.10214504596527939
Japan,158,2015-02-01,-0.2044989775051154
Japan,158,2015-03-01,0.30737704918033953
Japan,158,2015-04-01,0.5107252298263534
Japan,158,2015-05-01,0.3048780487804849
Japan,158,2015-06-01,-0.3039513677811521
Japan,158,2015-07-01,-0.10162601626017126
Japan,158,2015-08-01,0.10172939979654987
Japan,158,2015-09-01,0.10162601626015683
Japan,158,2015-10-01,0
Japan,158,2015-11-01,-0.4060913705583814
Japan,158,2015-12-01,0
Japan,158,2016-01-01,-0.4077471967380138
Japan,158,2016-02-01,0.10235414534288055
Japan,158,2016-03-01,0.10224948875256497
Japan,158,2016-04-01,0.20429009193052974
Japan,158,2016-05-01,0.10193679918451432
Japan,158,2016-06-01,-0.10183299389002905
Japan,158,2016-07-01,-0.20387359836899965
Japan,158,2016-08-01,0
Japan,158,2016-09-01,0.10214504596526487
Japan,158,2016-10-01,0.6122448979591778
Japan,158,2016-11-01,0
Japan,158,2016-12-01,-0.20283975659228054
Japan,158,2017-01-01,-0.20325203252032809
Japan,158,2017-02-01,-0.10183299389002905
Japan,158,2017-03-01,0
Japan,158,2017-04-01,0.4077471967380283
Japan,158,2017-05-01,0.10152284263958815
Japan,158,2017-06-01,-0.10141987829614027
Japan,158,2017-07-01,-0.2030456852791907
Japan,158,2017-08-01,0.2034587995930853
Japan,158,2017-09-01,0.30456852791877886
Japan,158,2017-10-01,0
Japan,158,2017-11-01,0.3036437246963534
Japan,158,2017-12-01,0.30272452068618705
Japan,158,2018-01-01,0.10060362173037658
Japan,158,2018-02-01,0
Japan,158,2018-03-01,-0.30150753768843935
Japan,158,2018-04-01,-0.10080645161291181
Japan,158,2018-05-01,0.20181634712411992
Japan,158,2018-06-01,-0.10070493454178682
Japan,158,2018-07-01,0
Japan,158,2018-08-01,0.6048387096774136
Japan,158,2018-09-01,0.10020040080161176
Japan,158,2018-10-01,0.3003003003002974
Japan,158,2018-11-01,-0.19960079840319644
Japan,158,2018-12-01,-0.29999999999999716
Nicaragua,278,2011-01-01,NA
Nicaragua,278,2011-02-01,0.7112277309763853
Nicaragua,278,2011-03-01,0.6444977716832346
Nicaragua,278,2011-04-01,0.6608079569452953
Nicaragua,278,2011-05-01,1.0422306442880485
Nicaragua,278,2011-06-01,0.6563965170796984
Nicaragua,278,2011-07-01,0.35267500665424617
Nicaragua,278,2011-08-01,0.636562562164318
Nicaragua,278,2011-09-01,0.237201027871111
Nicaragua,278,2011-10-01,0.4272661539472857
Nicaragua,278,2011-11-01,1.2567089933237252
Nicaragua,278,2011-12-01,1.2087912087912118
Nicaragua,278,2012-01-01,0.12773839177365848
Nicaragua,278,2012-02-01,1.2247241181348392
Nicaragua,278,2012-03-01,0.4033020354149693
Nicaragua,278,2012-04-01,1.0669679281993276
Nicaragua,278,2012-05-01,-0.3105011488542508
Nicaragua,278,2012-06-01,-0.3301563570672156
Nicaragua,278,2012-07-01,0.2624999999999922
Nicaragua,278,2012-08-01,0.24934546814612
Nicaragua,278,2012-09-01,0.6591219997512762
Nicaragua,278,2012-10-01,0.4880158141833408
Nicaragua,278,2012-11-01,0.958996741870045
Nicaragua,278,2012-12-01,1.6440358034463964
Nicaragua,278,2013-01-01,1.186125921044743
Nicaragua,278,2013-02-01,0.6038718844355042
Nicaragua,278,2013-03-01,0.13534984993820381
Nicaragua,278,2013-04-01,0.6346967559943656
Nicaragua,278,2013-05-01,0.9927587012380218
Nicaragua,278,2013-06-01,0.17925292008789306
Nicaragua,278,2013-07-01,-0.317460317460324
Nicaragua,278,2013-08-01,0.5153445280833902
Nicaragua,278,2013-09-01,0.1094533095224366
Nicaragua,278,2013-10-01,0
Nicaragua,278,2013-11-01,0.45459776729197376
Nicaragua,278,2013-12-01,1.0482900842069156
Nicaragua,278,2014-01-01,0.7256235827664406
Nicaragua,278,2014-02-01,0.6641152633948709
Nicaragua,278,2014-03-01,-0.011181930001123913
Nicaragua,278,2014-04-01,0.44173562961305746
Nicaragua,278,2014-05-01,0.9408228024272103
Nicaragua,278,2014-06-01,1.3346569600706022
Nicaragua,278,2014-07-01,0.5115924676172839
Nicaragua,278,2014-08-01,0.3194715183019295
Nicaragua,278,2014-09-01,-0.10795055864415018
Nicaragua,278,2014-10-01,0.1729075484951603
Nicaragua,278,2014-11-01,1.3862667889314535
Nicaragua,278,2014-12-01,-0.06916365184081477
Nicaragua,278,2015-01-01,-0.2502262684342218
Nicaragua,278,2015-02-01,0.7205380017079388
Nicaragua,278,2015-03-01,0.38683694557786535
Nicaragua,278,2015-04-01,0.2005912162162138
Nicaragua,278,2015-05-01,0.511010430934569
Nicaragua,278,2015-06-01,-0.015724094554222516
Nicaragua,278,2015-07-01,-0.20444537638917298
Nicaragua,278,2015-08-01,-0.007526395965754118
Nicaragua,278,2015-09-01,-0.08478917297510952
Nicaragua,278,2015-10-01,0.42811016110995787
Nicaragua,278,2015-11-01,0.3573866907041267
Nicaragua,278,2015-12-01,0.9768317370059519
Nicaragua,278,2016-01-01,-0.11451013599654751
Nicaragua,278,2016-02-01,0.9263305390120605
Nicaragua,278,2016-03-01,0.6311659647786674
Nicaragua,278,2016-04-01,0.14112828890747606
Nicaragua,278,2016-05-01,0.5673485595829255
Nicaragua,278,2016-06-01,-0.09995430258806312
Nicaragua,278,2016-07-01,0.32456669566869784
Nicaragua,278,2016-08-01,-0.35620874728954055
Nicaragua,278,2016-09-01,-0.3039972063684679
Nicaragua,278,2016-10-01,0.30515271607751565
Nicaragua,278,2016-11-01,0.2702782526679802
Nicaragua,278,2016-12-01,0.8041129542023353
Nicaragua,278,2017-01-01,0.6137008613730507
Nicaragua,278,2017-02-01,0.7412662163996522
Nicaragua,278,2017-03-01,0.12119579129128727
Nicaragua,278,2017-04-01,0.32491161506945937
Nicaragua,278,2017-05-01,0.13173417114431932
Nicaragua,278,2017-06-01,0.04941609404715787
Nicaragua,278,2017-07-01,0.39052363483189
Nicaragua,278,2017-08-01,-0.026119083323507084
Nicaragua,278,2017-09-01,0.32459438180932976
Nicaragua,278,2017-10-01,0.5464299464339187
Nicaragua,278,2017-11-01,1.205432305613143
Nicaragua,278,2017-12-01,1.1215766099851152
Nicaragua,278,2018-01-01,0.3096061834432229
Nicaragua,278,2018-02-01,0.2220734549502734
Nicaragua,278,2018-03-01,0.14252162743062818
Nicaragua,278,2018-04-01,0.31119299257410854
Nicaragua,278,2018-05-01,0.5526262289099674
Nicaragua,278,2018-06-01,0.4353400084926384
Nicaragua,278,2018-07-01,-0.0833759413461244
Nicaragua,278,2018-08-01,-0.2359803769023808
Nicaragua,278,2018-09-01,0.5026393141631293
Nicaragua,278,2018-10-01,0.51476561889048
Nicaragua,278,2018-11-01,0.5231515331956457
Nicaragua,278,2018-12-01,0.6269143604865227
Montserrat,351,2011-01-01,NA
Montserrat,351,2011-02-01,-0.2003205128205003
Montserrat,351,2011-03-01,0.6423123243677386
Montserrat,351,2011-04-01,0
Montserrat,351,2011-05-01,0.7578779417630219
Montserrat,351,2011-06-01,-0.5146476642913196
Montserrat,351,2011-07-01,0.5571030640668234
Montserrat,351,2011-08-01,1.3058963197466806
Montserrat,351,2011-09-01,-0.11718749999996
Montserrat,351,2011-10-01,0.8603832616346625
Montserrat,351,2011-11-01,0
Montserrat,351,2011-12-01,0.6591702210159337
Montserrat,351,2012-01-01,0.47380585516184714
Montserrat,351,2012-02-01,0.6862707510638222
Montserrat,351,2012-03-01,0.26273703449860364
Montserrat,351,2012-04-01,0.7215829250692849
Montserrat,351,2012-05-01,0.18098865050337887
Montserrat,351,2012-06-01,0.015055139448197247
Montserrat,351,2012-07-01,0.23331953486622486
Montserrat,351,2012-08-01,0.25530317251732393
Montserrat,351,2012-09-01,0.20222446916082493
Montserrat,351,2012-10-01,0.07474679523109573
Montserrat,351,2012-11-01,-0.026141838144670807
Montserrat,351,2012-12-01,0.5042958535672898
Montserrat,351,2013-01-01,-0.04088459394151048
Montserrat,351,2013-02-01,-0.40529486130732467
Montserrat,351,2013-03-01,0.01866716445772908
Montserrat,351,2013-04-01,0.19410227696900506
Montserrat,351,2013-05-01,0.033529543253089426
Montserrat,351,2013-06-01,-0.30166474246769837
Montserrat,351,2013-07-01,-0.10085917071342097
Montserrat,351,2013-08-01,0.17574692442879897
Montserrat,351,2013-09-01,0.31354983202699316
Montserrat,351,2013-10-01,-0.11163206072808611
Montserrat,351,2013-11-01,-0.4768290865741652
Montserrat,351,2013-12-01,0.16095223835904401
Montserrat,351,2014-01-01,0.11584887327628449
Montserrat,351,2014-02-01,-0.0972107716902002
Montserrat,351,2014-03-01,-0.058862993200625206
Montserrat,351,2014-04-01,0.5808149026243918
Montserrat,351,2014-05-01,-0.8919853725913666
Montserrat,351,2014-06-01,0.5283056102681256
Montserrat,351,2014-07-01,-0.6451322970686816
Montserrat,351,2014-08-01,0.28065227134691223
Montserrat,351,2014-09-01,-0.3115646040028971
Montserrat,351,2014-10-01,0.0236298730934559
Montserrat,351,2014-11-01,0.07993121161207868
Montserrat,351,2014-12-01,-0.5037181676782301
Montserrat,351,2015-01-01,-0.7116993736955214
Montserrat,351,2015-02-01,-0.5677810823807975
Montserrat,351,2015-03-01,-0.1587273598376192
Montserrat,351,2015-04-01,0.4070845315507169
Montserrat,351,2015-05-01,0.010078931883482549
Montserrat,351,2015-06-01,0.2611173989016871
Montserrat,351,2015-07-01,-0.5259480614807471
Montserrat,351,2015-08-01,3.1671538242024995
Montserrat,351,2015-09-01,-1.8341185144828163
Montserrat,351,2015-10-01,-0.045002179452771816
Montserrat,351,2015-11-01,0.49507349286554336
Montserrat,351,2015-12-01,-0.5051428025789368
Montserrat,351,2016-01-01,0.12521486251763073
Montserrat,351,2016-02-01,-1.2219753585134254
Montserrat,351,2016-03-01,-0.3476127185359405
Montserrat,351,2016-04-01,0.8207653637016489
Montserrat,351,2016-05-01,0.11193650147552604
Montserrat,351,2016-06-01,0.5082333807684489
Montserrat,351,2016-07-01,-0.21237864077669275
Montserrat,351,2016-08-01,-0.31417857504814256
Montserrat,351,2016-09-01,-0.061000406669380114
Montserrat,351,2016-10-01,-0.18311291963376666
Montserrat,351,2016-11-01,0.4586220953933843
Montserrat,351,2016-12-01,-0.9739271583646076
Montserrat,351,2017-01-01,2.4280299149677336
Montserrat,351,2017-02-01,-0.38007601520305023
Montserrat,351,2017-03-01,-0.5421686746987872
Montserrat,351,2017-04-01,0.5451241671714032
Montserrat,351,2017-05-01,0.18072289156627191
Montserrat,351,2017-06-01,0.16035277610743295
Montserrat,351,2017-07-01,-0.5503301981188684
Montserrat,351,2017-08-01,-0.10061374383740246
Montserrat,351,2017-09-01,-0.10071507704704251
Montserrat,351,2017-10-01,-0.181469906240541
Montserrat,351,2017-11-01,0.4645995354004583
Montserrat,351,2017-12-01,-0.2513320599175631
Montserrat,351,2018-01-01,1.2699052610360866
Montserrat,351,2018-02-01,-0.5772292993630557
Montserrat,351,2018-03-01,-0.3003003003003117
Montserrat,351,2018-04-01,1.5361445783132543
Montserrat,351,2018-05-01,-0.5636309700385576
Montserrat,351,2018-06-01,0.5668257756563178
Montserrat,351,2018-07-01,-0.009888262632246519
Montserrat,351,2018-08-01,0.11867088607593981
Montserrat,351,2018-09-01,0.03951007506914881
Montserrat,351,2018-10-01,-0.3850710900473939
Montserrat,351,2018-11-01,0.02973535533749741
Montserrat,351,2018-12-01,0.03963535473641701
"South Sudan, Rep. of",733,2011-01-01,NA
"South Sudan, Rep. of",733,2011-02-01,0.1221240867955022
"South Sudan, Rep. of",733,2011-03-01,-3.5459911568036477
"South Sudan, Rep. of",733,2011-04-01,15.134475984012195
"South Sudan, Rep. of",733,2011-05-01,-10.47058388623097
"South Sudan, Rep. of",733,2011-06-01,9.537248750163107
"South Sudan, Rep. of",733,2011-07-01,5.8479474041980035
"South Sudan, Rep. of",733,2011-08-01,12.283812782147637
"South Sudan, Rep. of",733,2011-09-01,0.5850107725530473
"South Sudan, Rep. of",733,2011-10-01,9.545427316739218
"South Sudan, Rep. of",733,2011-11-01,2.705844331775733
"South Sudan, Rep. of",733,2011-12-01,0.7013400611944688
"South Sudan, Rep. of",733,2012-01-01,0.0886145229888902
"South Sudan, Rep. of",733,2012-02-01,-3.5354572044024626
"South Sudan, Rep. of",733,2012-03-01,2.1667410667210047
"South Sudan, Rep. of",733,2012-04-01,-1.0718770535137105
"South Sudan, Rep. of",733,2012-05-01,29.4842628709314
"South Sudan, Rep. of",733,2012-06-01,1.7058883425207543
"South Sudan, Rep. of",733,2012-07-01,-2.1863576587818527
"South Sudan, Rep. of",733,2012-08-01,0.04298581075729747
"South Sudan, Rep. of",733,2012-09-01,0.27387084480174917
"South Sudan, Rep. of",733,2012-10-01,-6.822636095937072
"South Sudan, Rep. of",733,2012-11-01,19.176168718085293
"South Sudan, Rep. of",733,2012-12-01,-10.562343559008061
"South Sudan, Rep. of",733,2013-01-01,7.8832434512457725
"South Sudan, Rep. of",733,2013-02-01,-11.348560842668668
"South Sudan, Rep. of",733,2013-03-01,-6.040068553777581
"South Sudan, Rep. of",733,2013-04-01,0.5870830886310263
"South Sudan, Rep. of",733,2013-05-01,1.2963335366535331
"South Sudan, Rep. of",733,2013-06-01,-0.37150562101209555
"South Sudan, Rep. of",733,2013-07-01,-0.5060944117661877
"South Sudan, Rep. of",733,2013-08-01,-0.22702399333478152
"South Sudan, Rep. of",733,2013-09-01,3.191468929910629
"South Sudan, Rep. of",733,2013-10-01,1.5813225879382886
"South Sudan, Rep. of",733,2013-11-01,1.3333142232293154
"South Sudan, Rep. of",733,2013-12-01,-5.171605066789859
"South Sudan, Rep. of",733,2014-01-01,7.8213632983260855
"South Sudan, Rep. of",733,2014-02-01,-5.578848885767766
"South Sudan, Rep. of",733,2014-03-01,-2.856592611334205
"South Sudan, Rep. of",733,2014-04-01,-1.019171415929363
"South Sudan, Rep. of",733,2014-05-01,-0.4860518937334582
"South Sudan, Rep. of",733,2014-06-01,3.283364059710165
"South Sudan, Rep. of",733,2014-07-01,1.4826612884329815
"South Sudan, Rep. of",733,2014-08-01,5.644963073232472
"South Sudan, Rep. of",733,2014-09-01,-4.719665693823299
"South Sudan, Rep. of",733,2014-10-01,-3.8714252249056904
"South Sudan, Rep. of",733,2014-11-01,28.18050257579146
"South Sudan, Rep. of",733,2014-12-01,-13.234356526819143
"South Sudan, Rep. of",733,2015-01-01,-3.155578294061945
"South Sudan, Rep. of",733,2015-02-01,3.8316777722030153
"South Sudan, Rep. of",733,2015-03-01,1.807285970681667
"South Sudan, Rep. of",733,2015-04-01,7.164678575993124
"South Sudan, Rep. of",733,2015-05-01,11.84732342947862
"South Sudan, Rep. of",733,2015-06-01,20.26971518865092
"South Sudan, Rep. of",733,2015-07-01,-4.379820039767032
"South Sudan, Rep. of",733,2015-08-01,10.376080801190149
"South Sudan, Rep. of",733,2015-09-01,14.854024245421682
"South Sudan, Rep. of",733,2015-10-01,-1.652834458283604
"South Sudan, Rep. of",733,2015-11-01,13.711925978907729
"South Sudan, Rep. of",733,2015-12-01,4.8977071342668435
"South Sudan, Rep. of",733,2016-01-01,22.27022916312893
"South Sudan, Rep. of",733,2016-02-01,18.558918520591128
"South Sudan, Rep. of",733,2016-03-01,16.172556277849225
"South Sudan, Rep. of",733,2016-04-01,13.728746074006546
"South Sudan, Rep. of",733,2016-05-01,20.597941750515524
"South Sudan, Rep. of",733,2016-06-01,-12.619615448856408
"South Sudan, Rep. of",733,2016-07-01,83.06339037517377
"South Sudan, Rep. of",733,2016-08-01,5.593169212342729
"South Sudan, Rep. of",733,2016-09-01,41.897944192874064
"South Sudan, Rep. of",733,2016-10-01,-9.890626223432223
"South Sudan, Rep. of",733,2016-11-01,6.491372139944107
"South Sudan, Rep. of",733,2016-12-01,9.13128495054779
"South Sudan, Rep. of",733,2017-01-01,-0.4926701809488695
"South Sudan, Rep. of",733,2017-02-01,32.16119427271536
"South Sudan, Rep. of",733,2017-03-01,-10.638918865205289
"South Sudan, Rep. of",733,2017-04-01,4.756859431765093
"South Sudan, Rep. of",733,2017-05-01,40.44409765719355
"South Sudan, Rep. of",733,2017-06-01,-6.986959454455421
"South Sudan, Rep. of",733,2017-07-01,0.8505842787509581
"South Sudan, Rep. of",733,2017-08-01,9.944334636050286
"South Sudan, Rep. of",733,2017-09-01,8.102240737242274
"South Sudan, Rep. of",733,2017-10-01,3.5272434451163894
"South Sudan, Rep. of",733,2017-11-01,11.135714528149093
"South Sudan, Rep. of",733,2017-12-01,-1.8550290296173721
"South Sudan, Rep. of",733,2018-01-01,2.878546453836633
"South Sudan, Rep. of",733,2018-02-01,24.897822025137177
"South Sudan, Rep. of",733,2018-03-01,9.750034548658597
"South Sudan, Rep. of",733,2018-04-01,14.953161445266867
"South Sudan, Rep. of",733,2018-05-01,-9.912551401691053
"South Sudan, Rep. of",733,2018-06-01,-4.623870362004176
"South Sudan, Rep. of",733,2018-07-01,19.265889920627995
"South Sudan, Rep. of",733,2018-08-01,-13.818703399324745
"South Sudan, Rep. of",733,2018-09-01,-7.799420401884786
"South Sudan, Rep. of",733,2018-10-01,-1.5092863502843283
"South Sudan, Rep. of",733,2018-11-01,4.624066512022582
"South Sudan, Rep. of",733,2018-12-01,2.974065257419073
Sudan,732,2011-01-01,NA
Sudan,732,2011-02-01,0.2534854245880718
Sudan,732,2011-03-01,0.44247787610620554
Sudan,732,2011-04-01,0.5309565986425336
Sudan,732,2011-05-01,1.5228765472822747
Sudan,732,2011-06-01,4.330846683012116
Sudan,732,2011-07-01,3.0732860520094665
Sudan,732,2011-08-01,3.727064220183486
Sudan,732,2011-09-01,-0.4247662965533444
Sudan,732,2011-10-01,-2.3265711331173238
Sudan,732,2011-11-01,0.29228840418811314
Sudan,732,2011-12-01,3.1105364135607982
Sudan,732,2012-01-01,3.488809183265197
Sudan,732,2012-02-01,1.9020289338586565
Sudan,732,2012-03-01,1.381536495580657
Sudan,732,2012-04-01,5.615451570443865
Sudan,732,2012-05-01,2.9635102923528143
Sudan,732,2012-06-01,9.685747925434773
Sudan,732,2012-07-01,6.457256665488859
Sudan,732,2012-08-01,4.039523321111147
Sudan,732,2012-09-01,-0.7427763476833357
Sudan,732,2012-10-01,0.18940077205605454
Sudan,732,2012-11-01,1.1853483780139915
Sudan,732,2012-12-01,1.6260502640447427
Sudan,732,2013-01-01,2.9113201592820084
Sudan,732,2013-02-01,4.179847980275317
Sudan,732,2013-03-01,2.090273669207815
Sudan,732,2013-04-01,1.0275624620754404
Sudan,732,2013-05-01,-0.08165287912564588
Sudan,732,2013-06-01,1.5349375349711152
Sudan,732,2013-07-01,3.74342985320209
Sudan,732,2013-08-01,3.230957481839511
Sudan,732,2013-09-01,4.580420076547819
Sudan,732,2013-10-01,8.575649531637142
Sudan,732,2013-11-01,2.879555613953562
Sudan,732,2013-12-01,1.1060106176013804
Sudan,732,2014-01-01,2.199584842804099
Sudan,732,2014-02-01,1.2925143265923982
Sudan,732,2014-03-01,1.076859077065539
Sudan,732,2014-04-01,2.5720755133814213
Sudan,732,2014-05-01,2.4363224470483327
Sudan,732,2014-06-01,4.472761189736612
Sudan,732,2014-07-01,4.794008570032855
Sudan,732,2014-08-01,2.982578098580318
Sudan,732,2014-09-01,-0.5904756239894307
Sudan,732,2014-10-01,0.052791382919624506
Sudan,732,2014-11-01,0.7555171467036204
Sudan,732,2014-12-01,1.1656340758937824
Sudan,732,2015-01-01,0.8305254645184208
Sudan,732,2015-02-01,0.4610932713054034
Sudan,732,2015-03-01,1.255926001685863
Sudan,732,2015-04-01,0.9207915339798386
Sudan,732,2015-05-01,1.2202765508369013
Sudan,732,2015-06-01,3.1606853577118024
Sudan,732,2015-07-01,1.1026131867374627
Sudan,732,2015-08-01,0.4734322368293878
Sudan,732,2015-09-01,1.4154388867916285
Sudan,732,2015-10-01,-0.11313857241923925
Sudan,732,2015-11-01,0.2520227037517159
Sudan,732,2015-12-01,0.9660540587617755
Sudan,732,2016-01-01,0.7046358456897976
Sudan,732,2016-02-01,0.9093790702845476
Sudan,732,2016-03-01,0.1412147589972433
Sudan,732,2016-04-01,1.959053727389717
Sudan,732,2016-05-01,2.237772209483382
Sudan,732,2016-06-01,3.456863772382171
Sudan,732,2016-07-01,3.0360510501144313
Sudan,732,2016-08-01,1.8986584489010687
Sudan,732,2016-09-01,1.5603520598016771
Sudan,732,2016-10-01,0.9701814501368056
Sudan,732,2016-11-01,8.538620725687823
Sudan,732,2016-12-01,1.7362901316109909
Sudan,732,2017-01-01,2.5489667578332176
Sudan,732,2017-02-01,1.4179096373409028
Sudan,732,2017-03-01,0.9989453762270768
Sudan,732,2017-04-01,2.061497755822561
Sudan,732,2017-05-01,2.774633870342828
Sudan,732,2017-06-01,1.2493889189684675
Sudan,732,2017-07-01,4.277032454702699
Sudan,732,2017-08-01,2.187014656160242
Sudan,732,2017-09-01,1.9553907682154992
Sudan,732,2017-10-01,-0.5623192316676777
Sudan,732,2017-11-01,1.7536436039248082
Sudan,732,2017-12-01,2.0554812683265404
Sudan,732,2018-01-01,24.84894965057016
Sudan,732,2018-02-01,2.7346912890688015
Sudan,732,2018-03-01,1.8227078609505745
Sudan,732,2018-04-01,3.402444594649073
Sudan,732,2018-05-01,4.91672111419149
Sudan,732,2018-06-01,3.0886019121134325
Sudan,732,2018-07-01,4.329962239120318
Sudan,732,2018-08-01,3.9804737870198754
Sudan,732,2018-09-01,3.068351049375897
Sudan,732,2018-10-01,-0.679219618410505
Sudan,732,2018-11-01,2.050423188628957
Sudan,732,2018-12-01,4.474406790500946
"Fiji, Rep. of",819,2011-01-01,NA
"Fiji, Rep. of",819,2011-02-01,0.3275109170305801
"Fiji, Rep. of",819,2011-03-01,0.1088139281828012
"Fiji, Rep. of",819,2011-04-01,0.9782608695652235
"Fiji, Rep. of",819,2011-05-01,0.43057050592033524
"Fiji, Rep. of",819,2011-06-01,0.964630225080392
"Fiji, Rep. of",819,2011-07-01,0.2123142250530816
"Fiji, Rep. of",819,2011-08-01,-0.10593220338983952
"Fiji, Rep. of",819,2011-09-01,-0.6362672322375338
"Fiji, Rep. of",819,2011-10-01,0
"Fiji, Rep. of",819,2011-11-01,1.280683030949843
"Fiji, Rep. of",819,2011-12-01,-0.10537407797682667
"Fiji, Rep. of",819,2012-01-01,0.21097046413502413
"Fiji, Rep. of",819,2012-02-01,1.5789473684210527
"Fiji, Rep. of",819,2012-03-01,-0.41450777202073125
"Fiji, Rep. of",819,2012-04-01,1.768990634755466
"Fiji, Rep. of",819,2012-05-01,-0.9202453987729975
"Fiji, Rep. of",819,2012-06-01,0.20639834881319777
"Fiji, Rep. of",819,2012-07-01,-0.3089598352214183
"Fiji, Rep. of",819,2012-08-01,-0.3099173553718979
"Fiji, Rep. of",819,2012-09-01,0
"Fiji, Rep. of",819,2012-10-01,0.20725388601036562
"Fiji, Rep. of",819,2012-11-01,0.20682523267838968
"Fiji, Rep. of",819,2012-12-01,0.4127966976264102
"Fiji, Rep. of",819,2013-01-01,1.8499486125385378
"Fiji, Rep. of",819,2013-02-01,0.30272452068618705
"Fiji, Rep. of",819,2013-03-01,0.603621730382288
"Fiji, Rep. of",819,2013-04-01,-0.5999999999999943
"Fiji, Rep. of",819,2013-05-01,-0.10060362173039086
"Fiji, Rep. of",819,2013-06-01,-0.5035246727089627
"Fiji, Rep. of",819,2013-07-01,-0.2024291497975737
"Fiji, Rep. of",819,2013-08-01,0.40567951318459
"Fiji, Rep. of",819,2013-09-01,0.5050505050505051
"Fiji, Rep. of",819,2013-10-01,0.40201005025126196
"Fiji, Rep. of",819,2013-11-01,0.4004004004003918
"Fiji, Rep. of",819,2013-12-01,0.29910269192422445
"Fiji, Rep. of",819,2014-01-01,0.7952286282306277
"Fiji, Rep. of",819,2014-02-01,-1.775147928994094
"Fiji, Rep. of",819,2014-03-01,0.20080321285140845
"Fiji, Rep. of",819,2014-04-01,-0.4008016032064043
"Fiji, Rep. of",819,2014-05-01,0.7042253521126646
"Fiji, Rep. of",819,2014-06-01,-0.19980019980018843
"Fiji, Rep. of",819,2014-07-01,-0.5005005005005005
"Fiji, Rep. of",819,2014-08-01,0.301810865191144
"Fiji, Rep. of",819,2014-09-01,0.2006018054162516
"Fiji, Rep. of",819,2014-10-01,0.3003003003002974
"Fiji, Rep. of",819,2014-11-01,-0.19960079840319644
"Fiji, Rep. of",819,2014-12-01,0.7000000000000028
"Fiji, Rep. of",819,2015-01-01,0.8937437934458704
"Fiji, Rep. of",819,2015-02-01,0.09842519685040209
"Fiji, Rep. of",819,2015-03-01,0.4916420845624385
"Fiji, Rep. of",819,2015-04-01,-1.2720156555772966
"Fiji, Rep. of",819,2015-05-01,-0.19821605550049837
"Fiji, Rep. of",819,2015-06-01,0
"Fiji, Rep. of",819,2015-07-01,0.1986097318768648
"Fiji, Rep. of",819,2015-08-01,0
"Fiji, Rep. of",819,2015-09-01,0.3964321110009826
"Fiji, Rep. of",819,2015-10-01,0.2961500493583387
"Fiji, Rep. of",819,2015-11-01,0.19685039370079022
"Fiji, Rep. of",819,2015-12-01,0.4911591355599214
"Fiji, Rep. of",819,2016-01-01,-0.4887585532746823
"Fiji, Rep. of",819,2016-02-01,1.0805500982318357
"Fiji, Rep. of",819,2016-03-01,0.09718172983478553
"Fiji, Rep. of",819,2016-04-01,1.7475728155339778
"Fiji, Rep. of",819,2016-05-01,1.0496183206106953
"Fiji, Rep. of",819,2016-06-01,0.09442870632671795
"Fiji, Rep. of",819,2016-07-01,0.3773584905660431
"Fiji, Rep. of",819,2016-08-01,0.4699248120300752
"Fiji, Rep. of",819,2016-09-01,0.09354536950420422
"Fiji, Rep. of",819,2016-10-01,-0.5607476635513965
"Fiji, Rep. of",819,2016-11-01,-0.18796992481203273
"Fiji, Rep. of",819,2016-12-01,0.09416195856873287
"Fiji, Rep. of",819,2017-01-01,2.2577610536218304
"Fiji, Rep. of",819,2017-02-01,-0.09199632014720195
"Fiji, Rep. of",819,2017-03-01,0.18416206261510393
"Fiji, Rep. of",819,2017-04-01,0.27573529411764447
"Fiji, Rep. of",819,2017-05-01,-0.5499541704857878
"Fiji, Rep. of",819,2017-06-01,-0.3686635944700513
"Fiji, Rep. of",819,2017-07-01,0.37002775208141137
"Fiji, Rep. of",819,2017-08-01,0.4608294930875576
"Fiji, Rep. of",819,2017-09-01,0.1834862385321127
"Fiji, Rep. of",819,2017-10-01,0
"Fiji, Rep. of",819,2017-11-01,-0.2747252747252721
"Fiji, Rep. of",819,2017-12-01,0.3673094582185413
"Fiji, Rep. of",819,2018-01-01,1.0064043915828074
"Fiji, Rep. of",819,2018-02-01,0.6340579710144824
"Fiji, Rep. of",819,2018-03-01,0.45004500450045004
"Fiji, Rep. of",819,2018-04-01,1.702508960573482
"Fiji, Rep. of",819,2018-05-01,0.4405286343612335
"Fiji, Rep. of",819,2018-06-01,-0.7894736842105313
"Fiji, Rep. of",819,2018-07-01,0.4420866489832007
"Fiji, Rep. of",819,2018-08-01,0.08802816901409202
"Fiji, Rep. of",819,2018-09-01,0.4397537379067722
"Fiji, Rep. of",819,2018-10-01,0.6129597197898449
"Fiji, Rep. of",819,2018-11-01,-0.3481288076588387
"Fiji, Rep. of",819,2018-12-01,0.08733624454147976
West Bank and Gaza,487,2011-01-01,NA
West Bank and Gaza,487,2011-02-01,0.4354180924188054
West Bank and Gaza,487,2011-03-01,-0.05261511021933967
West Bank and Gaza,487,2011-04-01,-0.03008365753385886
West Bank and Gaza,487,2011-05-01,-0.2569385205551574
West Bank and Gaza,487,2011-06-01,0.14000666274969817
West Bank and Gaza,487,2011-07-01,0.37627649381787254
West Bank and Gaza,487,2011-08-01,0.17498339999257226
West Bank and Gaza,487,2011-09-01,0.708458272926184
West Bank and Gaza,487,2011-10-01,0.18666378485750465
West Bank and Gaza,487,2011-11-01,0.505569535662546
West Bank and Gaza,487,2011-12-01,0.41624350826455553
West Bank and Gaza,487,2012-01-01,0.4923847171075751
West Bank and Gaza,487,2012-02-01,0.12032164848213708
West Bank and Gaza,487,2012-03-01,0.24820361895318108
West Bank and Gaza,487,2012-04-01,-0.23891059075361212
West Bank and Gaza,487,2012-05-01,-0.20171385160307648
West Bank and Gaza,487,2012-06-01,-0.8589652403690893
West Bank and Gaza,487,2012-07-01,0.4095377768533746
West Bank and Gaza,487,2012-08-01,1.5124090423926357
West Bank and Gaza,487,2012-09-01,1.4192592829526558
West Bank and Gaza,487,2012-10-01,-0.6008748721932464
West Bank and Gaza,487,2012-11-01,-0.5515084293641007
West Bank and Gaza,487,2012-12-01,-0.01115824420233251
West Bank and Gaza,487,2013-01-01,1.1256773217531704
West Bank and Gaza,487,2013-02-01,-0.47351986494635806
West Bank and Gaza,487,2013-03-01,-0.5008031345949295
West Bank and Gaza,487,2013-04-01,-0.09386584303058788
West Bank and Gaza,487,2013-05-01,0.09982145076606823
West Bank and Gaza,487,2013-06-01,0.36701157175898064
West Bank and Gaza,487,2013-07-01,0.24920191988081772
West Bank and Gaza,487,2013-08-01,0.37139119064641046
West Bank and Gaza,487,2013-09-01,0.45492054864349873
West Bank and Gaza,487,2013-10-01,0.8196886122996352
West Bank and Gaza,487,2013-11-01,-0.9916672535454868
West Bank and Gaza,487,2013-12-01,1.2753784443184577
West Bank and Gaza,487,2014-01-01,0.284906075466384
West Bank and Gaza,487,2014-02-01,-0.20995930900580775
West Bank and Gaza,487,2014-03-01,-0.06406817336201073
West Bank and Gaza,487,2014-04-01,-0.7797292923292617
West Bank and Gaza,487,2014-05-01,-0.8026043410800123
West Bank and Gaza,487,2014-06-01,0.3559154590380439
West Bank and Gaza,487,2014-07-01,1.533689177972559
West Bank and Gaza,487,2014-08-01,0.5366239710366252
West Bank and Gaza,487,2014-09-01,0.16656791657757486
West Bank and Gaza,487,2014-10-01,-0.538184048870018
West Bank and Gaza,487,2014-11-01,0.07445037699645421
West Bank and Gaza,487,2014-12-01,0.6477844536424711
West Bank and Gaza,487,2015-01-01,-0.40296214019156773
West Bank and Gaza,487,2015-02-01,-0.41917655072207793
West Bank and Gaza,487,2015-03-01,0.6040866835613102
West Bank and Gaza,487,2015-04-01,0.8787459016979627
West Bank and Gaza,487,2015-05-01,-0.4558346032490116
West Bank and Gaza,487,2015-06-01,0.05181701215436761
West Bank and Gaza,487,2015-07-01,-0.41368345747564567
West Bank and Gaza,487,2015-08-01,0.23924310962225628
West Bank and Gaza,487,2015-09-01,1.239393455268197
West Bank and Gaza,487,2015-10-01,0.09160708306648237
West Bank and Gaza,487,2015-11-01,-0.6077192233929438
West Bank and Gaza,487,2015-12-01,0.17705856186962565
West Bank and Gaza,487,2016-01-01,-0.6567489521194932
West Bank and Gaza,487,2016-02-01,-0.25570341341989383
West Bank and Gaza,487,2016-03-01,0.046220232039638834
West Bank and Gaza,487,2016-04-01,0.27988745722842867
West Bank and Gaza,487,2016-05-01,-0.48568471374407635
West Bank and Gaza,487,2016-06-01,0.22239012034122452
West Bank and Gaza,487,2016-07-01,0.0672706156133743
West Bank and Gaza,487,2016-08-01,0.349417306193975
West Bank and Gaza,487,2016-09-01,0.09557341345356907
West Bank and Gaza,487,2016-10-01,-0.9003212344456
West Bank and Gaza,487,2016-11-01,-0.08950585107684474
West Bank and Gaza,487,2016-12-01,0.28335577761556946
West Bank and Gaza,487,2017-01-01,0.13620940178961344
West Bank and Gaza,487,2017-02-01,0.6178892522630766
West Bank and Gaza,487,2017-03-01,1.07502115629557
West Bank and Gaza,487,2017-04-01,-0.5022800170288411
West Bank and Gaza,487,2017-05-01,-0.8407784706236392
West Bank and Gaza,487,2017-06-01,-0.9551291938882184
West Bank and Gaza,487,2017-07-01,-0.1520235449520573
West Bank and Gaza,487,2017-08-01,0.5555017773545364
West Bank and Gaza,487,2017-09-01,0.6525058131348704
West Bank and Gaza,487,2017-10-01,0.20444723647073862
West Bank and Gaza,487,2017-11-01,-0.3804076033430475
West Bank and Gaza,487,2017-12-01,-0.4048243127239336
West Bank and Gaza,487,2018-01-01,-0.13384645661985364
West Bank and Gaza,487,2018-02-01,-0.04630246138396103
West Bank and Gaza,487,2018-03-01,-0.1190270752964284
West Bank and Gaza,487,2018-04-01,0.31928461261178387
West Bank and Gaza,487,2018-05-01,-0.40722133375207537
West Bank and Gaza,487,2018-06-01,0.9344970299025945
West Bank and Gaza,487,2018-07-01,0.037439246610550786
West Bank and Gaza,487,2018-08-01,-0.015706956675804563
West Bank and Gaza,487,2018-09-01,-0.06838030658567257
West Bank and Gaza,487,2018-10-01,0.36747576877871446
West Bank and Gaza,487,2018-11-01,-0.3633905922613485
West Bank and Gaza,487,2018-12-01,-0.17879857140616312
"China, P.R.: Hong Kong",532,2011-01-01,NA
"China, P.R.: Hong Kong",532,2011-02-01,1.0512483574244564
"China, P.R.: Hong Kong",532,2011-03-01,0.2600780234070073
"China, P.R.: Hong Kong",532,2011-04-01,0.648508430609598
"China, P.R.: Hong Kong",532,2011-05-01,0.5154639175257806
"China, P.R.: Hong Kong",532,2011-06-01,0.5128205128205201
"China, P.R.: Hong Kong",532,2011-07-01,-0.12755102040817415
"China, P.R.: Hong Kong",532,2011-08-01,-2.0434227330778985
"China, P.R.: Hong Kong",532,2011-09-01,0.3911342894393705
"China, P.R.: Hong Kong",532,2011-10-01,2.9870129870129833
"China, P.R.: Hong Kong",532,2011-11-01,0.2522068095838624
"China, P.R.: Hong Kong",532,2011-12-01,0.628930817610063
"China, P.R.: Hong Kong",532,2012-01-01,0.8750000000000036
"China, P.R.: Hong Kong",532,2012-02-01,-0.24783147459727736
"China, P.R.: Hong Kong",532,2012-03-01,0.49689440993789524
"China, P.R.: Hong Kong",532,2012-04-01,0.4944375772558609
"China, P.R.: Hong Kong",532,2012-05-01,0
"China, P.R.: Hong Kong",532,2012-06-01,0
"China, P.R.: Hong Kong",532,2012-07-01,-2.0910209102091057
"China, P.R.: Hong Kong",532,2012-08-01,0
"China, P.R.: Hong Kong",532,2012-09-01,0.37688442211056705
"China, P.R.: Hong Kong",532,2012-10-01,3.0037546933666976
"China, P.R.: Hong Kong",532,2012-11-01,0.2430133657351189
"China, P.R.: Hong Kong",532,2012-12-01,0.4848484848484917
"China, P.R.: Hong Kong",532,2013-01-01,0.2412545235223023
"China, P.R.: Hong Kong",532,2013-02-01,1.0830324909747362
"China, P.R.: Hong Kong",532,2013-03-01,-0.2380952380952415
"China, P.R.: Hong Kong",532,2013-04-01,0.9546539379474906
"China, P.R.: Hong Kong",532,2013-05-01,-0.1182033096926647
"China, P.R.: Hong Kong",532,2013-06-01,0.11834319526626547
"China, P.R.: Hong Kong",532,2013-07-01,0.591016548463357
"China, P.R.: Hong Kong",532,2013-08-01,-2.2326674500587442
"China, P.R.: Hong Kong",532,2013-09-01,0.48076923076922046
"China, P.R.: Hong Kong",532,2013-10-01,2.7511961722488176
"China, P.R.: Hong Kong",532,2013-11-01,0.23282887077996348
"China, P.R.: Hong Kong",532,2013-12-01,0.4645760743321785
"China, P.R.: Hong Kong",532,2014-01-01,0.4624277456647464
"China, P.R.: Hong Kong",532,2014-02-01,0.4602991944763999
"China, P.R.: Hong Kong",532,2014-03-01,-0.22909507445590246
"China, P.R.: Hong Kong",532,2014-04-01,0.6888633754305494
"China, P.R.: Hong Kong",532,2014-05-01,-0.11402508551882386
"China, P.R.: Hong Kong",532,2014-06-01,0.11415525114156226
"China, P.R.: Hong Kong",532,2014-07-01,0.9122006841505098
"China, P.R.: Hong Kong",532,2014-08-01,-2.2598870056497176
"China, P.R.: Hong Kong",532,2014-09-01,3.0057803468208024
"China, P.R.: Hong Kong",532,2014-10-01,1.34680134680135
"China, P.R.: Hong Kong",532,2014-11-01,0.22148394241417813
"China, P.R.: Hong Kong",532,2014-12-01,0.22099447513812467
"China, P.R.: Hong Kong",532,2015-01-01,-0.33076074972436287
"China, P.R.: Hong Kong",532,2015-02-01,0.8849557522123862
"China, P.R.: Hong Kong",532,2015-03-01,-0.3289473684210495
"China, P.R.: Hong Kong",532,2015-04-01,-0.7700770077007731
"China, P.R.: Hong Kong",532,2015-05-01,0
"China, P.R.: Hong Kong",532,2015-06-01,0.11086474501108017
"China, P.R.: Hong Kong",532,2015-07-01,0.5537098560354374
"China, P.R.: Hong Kong",532,2015-08-01,-1.8722466960352453
"China, P.R.: Hong Kong",532,2015-09-01,2.020202020202033
"China, P.R.: Hong Kong",532,2015-10-01,1.5401540154015307
"China, P.R.: Hong Kong",532,2015-11-01,0.2166847237269803
"China, P.R.: Hong Kong",532,2015-12-01,0.3243243243243213
"China, P.R.: Hong Kong",532,2016-01-01,-0.10775862068964906
"China, P.R.: Hong Kong",532,2016-02-01,1.2944983818770257
"China, P.R.: Hong Kong",532,2016-03-01,-0.42598509052183775
"China, P.R.: Hong Kong",532,2016-04-01,-0.9625668449197923
"China, P.R.: Hong Kong",532,2016-05-01,-0.10799136069113857
"China, P.R.: Hong Kong",532,2016-06-01,0
"China, P.R.: Hong Kong",532,2016-07-01,0.4324324324324386
"China, P.R.: Hong Kong",532,2016-08-01,0.10764262648008
"China, P.R.: Hong Kong",532,2016-09-01,0.32258064516128726
"China, P.R.: Hong Kong",532,2016-10-01,0.10718113612005202
"China, P.R.: Hong Kong",532,2016-11-01,0.3211991434689477
"China, P.R.: Hong Kong",532,2016-12-01,0.21344717182497633
"China, P.R.: Hong Kong",532,2017-01-01,0
"China, P.R.: Hong Kong",532,2017-02-01,-0.10649627263046701
"China, P.R.: Hong Kong",532,2017-03-01,0.21321961620469387
"China, P.R.: Hong Kong",532,2017-04-01,0.5319148936170213
"China, P.R.: Hong Kong",532,2017-05-01,-0.1058201058200998
"China, P.R.: Hong Kong",532,2017-06-01,-0.10593220338983952
"China, P.R.: Hong Kong",532,2017-07-01,0.4241781548250325
"China, P.R.: Hong Kong",532,2017-08-01,0.10559662090812492
"China, P.R.: Hong Kong",532,2017-09-01,-0.21097046413502413
"China, P.R.: Hong Kong",532,2017-10-01,0.3171247357293989
"China, P.R.: Hong Kong",532,2017-11-01,0.31612223393045014
"China, P.R.: Hong Kong",532,2017-12-01,0.31512605042016506
"China, P.R.: Hong Kong",532,2018-01-01,0
"China, P.R.: Hong Kong",532,2018-02-01,1.2565445026178041
"China, P.R.: Hong Kong",532,2018-03-01,-0.31023784901757717
"China, P.R.: Hong Kong",532,2018-04-01,-0.10373443983403374
"China, P.R.: Hong Kong",532,2018-05-01,0.10384215991693514
"China, P.R.: Hong Kong",532,2018-06-01,0.207468879668038
"China, P.R.: Hong Kong",532,2018-07-01,0.3105590062111919
"China, P.R.: Hong Kong",532,2018-08-01,0.10319917440659888
"China, P.R.: Hong Kong",532,2018-09-01,0.20618556701031218
"China, P.R.: Hong Kong",532,2018-10-01,0.2057613168724309
"China, P.R.: Hong Kong",532,2018-11-01,0.2053388090348959
"China, P.R.: Hong Kong",532,2018-12-01,0.30737704918033953
Mexico,273,2011-01-01,NA
Mexico,273,2011-02-01,0.3751461399206034
Mexico,273,2011-03-01,0.19184037356674485
Mexico,273,2011-04-01,-0.007936775199760975
Mexico,273,2011-05-01,-0.7371881563877398
Mexico,273,2011-06-01,-0.004989405164442264
Mexico,273,2011-07-01,0.47980514003562863
Mexico,273,2011-08-01,0.15816492666266485
Mexico,273,2011-09-01,0.24533436988295781
Mexico,273,2011-10-01,0.6747461228146111
Mexico,273,2011-11-01,1.0816070856124467
Mexico,273,2011-12-01,0.8217648049147654
Mexico,273,2012-01-01,0.7078584421946771
Mexico,273,2012-02-01,0.20328542225505525
Mexico,273,2012-03-01,0.057425061759327434
Mexico,273,2012-04-01,-0.3137087050250777
Mexico,273,2012-05-01,-0.31565377598082917
Mexico,273,2012-06-01,0.4610280444954449
Mexico,273,2012-07-01,0.5614199666971329
Mexico,273,2012-08-01,0.30009929756170384
Mexico,273,2012-09-01,0.440735390098485
Mexico,273,2012-10-01,0.5059346075334179
Mexico,273,2012-11-01,0.6793624781644094
Mexico,273,2012-12-01,0.22989809841431255
Mexico,273,2013-01-01,0.4028138134828301
Mexico,273,2013-02-01,0.4922070919061061
Mexico,273,2013-03-01,0.733784109274652
Mexico,273,2013-04-01,0.066041874065179
Mexico,273,2013-05-01,-0.33279831762945133
Mexico,273,2013-06-01,-0.06070860335681567
Mexico,273,2013-07-01,-0.03314169551199286
Mexico,273,2013-08-01,0.2845125250345666
Mexico,273,2013-09-01,0.376428380165161
Mexico,273,2013-10-01,0.47563481084307807
Mexico,273,2013-11-01,0.9322008327618875
Mexico,273,2013-12-01,0.5736306622451265
Mexico,273,2014-01-01,0.8941022604018573
Mexico,273,2014-02-01,0.2533156726205536
Mexico,273,2014-03-01,0.2739659743559647
Mexico,273,2014-04-01,-0.18655853466750083
Mexico,273,2014-05-01,-0.3197857529787211
Mexico,273,2014-06-01,0.17329981056497537
Mexico,273,2014-07-01,0.2750050541980008
Mexico,273,2014-08-01,0.3591828813203314
Mexico,273,2014-09-01,0.4416570953565309
Mexico,273,2014-10-01,0.5529325202456155
Mexico,273,2014-11-01,0.8064981806009779
Mexico,273,2014-12-01,0.4900662465374421
Mexico,273,2015-01-01,-0.09047014886514106
Mexico,273,2015-02-01,0.18973689618080528
Mexico,273,2015-03-01,0.4071365830776046
Mexico,273,2015-04-01,-0.25889325785445655
Mexico,273,2015-05-01,-0.4993716523209963
Mexico,273,2015-06-01,0.1675800935454338
Mexico,273,2015-07-01,0.14660250334305977
Mexico,273,2015-08-01,0.2109677556905118
Mexico,273,2015-09-01,0.374664554834342
Mexico,273,2015-10-01,0.5145157250364102
Mexico,273,2015-11-01,0.5459507922096871
Mexico,273,2015-12-01,0.40743991095722726
Mexico,273,2016-01-01,0.38133875879440154
Mexico,273,2016-02-01,0.43787431597521276
Mexico,273,2016-03-01,0.14727474882982133
Mexico,273,2016-04-01,-0.3166833500166791
Mexico,273,2016-05-01,-0.4459121852575664
Mexico,273,2016-06-01,0.11029343365726905
Mexico,273,2016-07-01,0.2607249135535106
Mexico,273,2016-08-01,0.28184310045499283
Mexico,273,2016-09-01,0.6106381152158735
Mexico,273,2016-10-01,0.6069319573508477
Mexico,273,2016-11-01,0.7817842907218044
Mexico,273,2016-12-01,0.4608213948440052
Mexico,273,2017-01-01,1.7002026205621756
Mexico,273,2017-02-01,0.5778606613315532
Mexico,273,2017-03-01,0.6136399702670676
Mexico,273,2017-04-01,0.12293806887889074
Mexico,273,2017-05-01,-0.11962385914477776
Mexico,273,2017-06-01,0.2514106815388387
Mexico,273,2017-07-01,0.3781447299197861
Mexico,273,2017-08-01,0.4941423211292489
Mexico,273,2017-09-01,0.31290135047404427
Mexico,273,2017-10-01,0.6293453116656877
Mexico,273,2017-11-01,1.030949157621951
Mexico,273,2017-12-01,0.5913290706870157
Mexico,273,2018-01-01,0.5312961215749462
Mexico,273,2018-02-01,0.3809605749278752
Mexico,273,2018-03-01,0.3234703725480472
Mexico,273,2018-04-01,-0.3390317387822339
Mexico,273,2018-05-01,-0.1621403289904623
Mexico,273,2018-06-01,0.38626552214031157
Mexico,273,2018-07-01,0.5359820625528428
Mexico,273,2018-08-01,0.5834303381774126
Mexico,273,2018-09-01,0.42291923735222425
Mexico,273,2018-10-01,0.5182476688763995
Mexico,273,2018-11-01,0.8507492113564665
Mexico,273,2018-12-01,0.7008592123398129
Latvia,941,2011-01-01,NA
Latvia,941,2011-02-01,0.27826902520082236
Latvia,941,2011-03-01,0.7115120784541343
Latvia,941,2011-04-01,1.1418571548396341
Latvia,941,2011-05-01,0.35708472348235226
Latvia,941,2011-06-01,0.25622105773949877
Latvia,941,2011-07-01,-0.27595754763577557
Latvia,941,2011-08-01,-0.3494982871179475
Latvia,941,2011-09-01,0.38027865079184653
Latvia,941,2011-10-01,0.2057395691145722
Latvia,941,2011-11-01,-0.04207830185765488
Latvia,941,2011-12-01,0.018873097964798857
Latvia,941,2012-01-01,0.8389678445289287
Latvia,941,2012-02-01,0.13633570223592353
Latvia,941,2012-03-01,0.5848018405747978
Latvia,941,2012-04-01,0.6189918607577588
Latvia,941,2012-05-01,-0.1571153182979481
Latvia,941,2012-06-01,-0.0667519719962738
Latvia,941,2012-07-01,-0.49517365750806525
Latvia,941,2012-08-01,-0.2912888771359423
Latvia,941,2012-09-01,0.46327460629851736
Latvia,941,2012-10-01,-0.008104982580829053
Latvia,941,2012-11-01,-0.07528679112028788
Latvia,941,2012-12-01,0.04398481239192687
Latvia,941,2013-01-01,-0.16355357870398934
Latvia,941,2013-02-01,-0.12980216821880416
Latvia,941,2013-03-01,0.4909415877599895
Latvia,941,2013-04-01,0.036882749247560756
Latvia,941,2013-05-01,0.07422064553874781
Latvia,941,2013-06-01,0.21348968424392506
Latvia,941,2013-07-01,-0.3255793354265838
Latvia,941,2013-08-01,-0.8195474610213496
Latvia,941,2013-09-01,0.27644328959608594
Latvia,941,2013-10-01,0.3482251444207963
Latvia,941,2013-11-01,-0.46144332816970435
Latvia,941,2013-12-01,0.04891746084174063
Latvia,941,2014-01-01,0.6478343922888622
Latvia,941,2014-02-01,-0.04687043380073439
Latvia,941,2014-03-01,0.32522059743185655
Latvia,941,2014-04-01,0.46100027469005866
Latvia,941,2014-05-01,-0.061549081651791675
Latvia,941,2014-06-01,0.2897682752149825
Latvia,941,2014-07-01,-0.373430685412508
Latvia,941,2014-08-01,-0.6155031139296715
Latvia,941,2014-09-01,0.48538189987002284
Latvia,941,2014-10-01,-0.01769612993941277
Latvia,941,2014-11-01,-0.250791239055394
Latvia,941,2014-12-01,-0.6351143329173051
Latvia,941,2015-01-01,0.06205090819231472
Latvia,941,2015-02-01,0.27005217336563403
Latvia,941,2015-03-01,0.8245250318483373
Latvia,941,2015-04-01,0.5755768990894264
Latvia,941,2015-05-01,0.558392607151747
Latvia,941,2015-06-01,-0.24183021368081536
Latvia,941,2015-07-01,-0.9803475525928039
Latvia,941,2015-08-01,-0.5317542286032635
Latvia,941,2015-09-01,-0.14148940240359467
Latvia,941,2015-10-01,0.3030996898409463
Latvia,941,2015-11-01,-0.013153681316379407
Latvia,941,2015-12-01,-0.3274012988161412
Latvia,941,2016-01-01,-0.5615451243054871
Latvia,941,2016-02-01,0.06861171052777758
Latvia,941,2016-03-01,0.7354677683383692
Latvia,941,2016-04-01,0.3511191131397115
Latvia,941,2016-05-01,0.5838910320762127
Latvia,941,2016-06-01,-0.010738244356707824
Latvia,941,2016-07-01,-0.3237729492474054
Latvia,941,2016-08-01,-0.6778719197276115
Latvia,941,2016-09-01,0.45670310160156313
Latvia,941,2016-10-01,0.7694930404673719
Latvia,941,2016-11-01,0.2035055341400146
Latvia,941,2016-12-01,0.5772928825629807
Latvia,941,2017-01-01,0.13950750012798868
Latvia,941,2017-02-01,0.413711874454963
Latvia,941,2017-03-01,0.8734595007935638
Latvia,941,2017-04-01,0.3757296687638715
Latvia,941,2017-05-01,0.017405884929681648
Latvia,941,2017-06-01,0.16958116160196232
Latvia,941,2017-07-01,-0.6886620266836125
Latvia,941,2017-08-01,-0.2359728339676367
Latvia,941,2017-09-01,0.2624441794673867
Latvia,941,2017-10-01,0.6735341498914733
Latvia,941,2017-11-01,0.12565990754056158
Latvia,941,2017-12-01,0.013205684806329518
Latvia,941,2018-01-01,-0.010890841958467956
Latvia,941,2018-02-01,0.2213105905214341
Latvia,941,2018-03-01,1.2404881163969868
Latvia,941,2018-04-01,0.20472141737520144
Latvia,941,2018-05-01,0.3060281284218283
Latvia,941,2018-06-01,0.6297535143043806
Latvia,941,2018-07-01,-0.8036096688632206
Latvia,941,2018-08-01,-0.06826746454069162
Latvia,941,2018-09-01,0.6389879280172194
Latvia,941,2018-10-01,0.672872242772525
Latvia,941,2018-11-01,-0.11886169585994583
Latvia,941,2018-12-01,-0.37461178852082627
Switzerland,146,2011-01-01,NA
Switzerland,146,2011-02-01,0.3769113947986817
Switzerland,146,2011-03-01,0.6293263735239476
Switzerland,146,2011-04-01,0.1103745225960694
Switzerland,146,2011-05-01,0.0065255651188042855
Switzerland,146,2011-06-01,-0.24162493499207613
Switzerland,146,2011-07-01,-0.8217182766663084
Switzerland,146,2011-08-01,-0.2923516094103721
Switzerland,146,2011-09-01,0.2697126158767028
Switzerland,146,2011-10-01,-0.06645911730476817
Switzerland,146,2011-11-01,-0.17458351683321968
Switzerland,146,2011-12-01,-0.15455752234224465
Switzerland,146,2012-01-01,-0.4257405483522463
Switzerland,146,2012-02-01,0.2817315271278269
Switzerland,146,2012-03-01,0.5575244015917904
Switzerland,146,2012-04-01,0.0747185502829306
Switzerland,146,2012-05-01,-0.017804954105521405
Switzerland,146,2012-06-01,-0.2820767618728994
Switzerland,146,2012-07-01,-0.4812914951115988
Switzerland,146,2012-08-01,-0.03013944450227801
Switzerland,146,2012-09-01,0.31160093658791976
Switzerland,146,2012-10-01,0.12348205555604659
Switzerland,146,2012-11-01,-0.3278261178673211
Switzerland,146,2012-12-01,-0.21378782895388757
Switzerland,146,2013-01-01,-0.26100665770499565
Switzerland,146,2013-02-01,0.29543361950975777
Switzerland,146,2013-03-01,0.2172504175793252
Switzerland,146,2013-04-01,0.0336706338595915
Switzerland,146,2013-05-01,0.10998671447606655
Switzerland,146,2013-06-01,0.09829584279785451
Switzerland,146,2013-07-01,-0.35663937041790444
Switzerland,146,2013-08-01,-0.07197975049002171
Switzerland,146,2013-09-01,0.3008261806088056
Switzerland,146,2013-10-01,-0.07676153376665648
Switzerland,146,2013-11-01,0.006929684491455987
Switzerland,146,2013-12-01,-0.2263870039803223
Switzerland,146,2014-01-01,-0.27363011320230946
Switzerland,146,2014-02-01,0.09938597573349735
Switzerland,146,2014-03-01,0.361668145871826
Switzerland,146,2014-04-01,0.06892385696319933
Switzerland,146,2014-05-01,0.2929225556305378
Switzerland,146,2014-06-01,-0.07272074248172915
Switzerland,146,2014-07-01,-0.37423634555740465
Switzerland,146,2014-08-01,-0.03221205642759261
Switzerland,146,2014-09-01,0.14108469642498683
Switzerland,146,2014-10-01,-0.0017821129324853443
Switzerland,146,2014-11-01,-0.03900916715428179
Switzerland,146,2014-12-01,-0.4957286121084584
Switzerland,146,2015-01-01,-0.43061057912445283
Switzerland,146,2015-02-01,-0.25702443481615816
Switzerland,146,2015-03-01,0.3262428549807965
Switzerland,146,2015-04-01,-0.1814225687277873
Switzerland,146,2015-05-01,0.23279508227894058
Switzerland,146,2015-06-01,0.07349064591887172
Switzerland,146,2015-07-01,-0.6145332779897472
Switzerland,146,2015-08-01,-0.16033090209976342
Switzerland,146,2015-09-01,0.09934960199825145
Switzerland,146,2015-10-01,0.0831779606532142
Switzerland,146,2015-11-01,-0.07206780395950962
Switzerland,146,2015-12-01,-0.4108215828985783
Switzerland,146,2016-01-01,-0.3885116735049538
Switzerland,146,2016-02-01,0.18559694782630098
Switzerland,146,2016-03-01,0.2935953760496863
Switzerland,146,2016-04-01,0.3308268555224794
Switzerland,146,2016-05-01,0.1443285508389132
Switzerland,146,2016-06-01,0.13970766697221645
Switzerland,146,2016-07-01,-0.44377675955832757
Switzerland,146,2016-08-01,-0.10049856947981275
Switzerland,146,2016-09-01,0.06082302413284527
Switzerland,146,2016-10-01,0.051829167039860256
Switzerland,146,2016-11-01,-0.1976535058602005
Switzerland,146,2016-12-01,-0.0796211243913706
Switzerland,146,2017-01-01,-0.034193758579963165
Switzerland,146,2017-02-01,0.48220610047726736
Switzerland,146,2017-03-01,0.21569535140367344
Switzerland,146,2017-04-01,0.20110280892627697
Switzerland,146,2017-05-01,0.18579925680297318
Switzerland,146,2017-06-01,-0.1415364591131348
Switzerland,146,2017-07-01,-0.31256122281706167
Switzerland,146,2017-08-01,0.03238689403669267
Switzerland,146,2017-09-01,0.24938855699450985
Switzerland,146,2017-10-01,0.06069223139437861
Switzerland,146,2017-11-01,-0.0726466047455096
Switzerland,146,2017-12-01,-0.028399772801822452
Switzerland,146,2018-01-01,-0.13183638684276697
Switzerland,146,2018-02-01,0.3703904023012804
Switzerland,146,2018-03-01,0.3822956499524988
Switzerland,146,2018-04-01,0.20886041344619388
Switzerland,146,2018-05-01,0.38064116757733885
Switzerland,146,2018-06-01,0.004150718519035025
Switzerland,146,2018-07-01,-0.23005884881636468
Switzerland,146,2018-08-01,-0.016244266219741538
Switzerland,146,2018-09-01,0.05953896433902475
Switzerland,146,2018-10-01,0.17672847377884057
Switzerland,146,2018-11-01,-0.2550876697084123
Switzerland,146,2018-12-01,-0.2567308873713269
Luxembourg,137,2011-01-01,NA
Luxembourg,137,2011-02-01,1.591770438548997
Luxembourg,137,2011-03-01,0.7247921551907982
Luxembourg,137,2011-04-01,0.2962962962962975
Luxembourg,137,2011-05-01,0.05275374551592864
Luxembourg,137,2011-06-01,-0.0843614889802787
Luxembourg,137,2011-07-01,-0.9182058047493452
Luxembourg,137,2011-08-01,1.42735406902429
Luxembourg,137,2011-09-01,0.10501995379121436
Luxembourg,137,2011-10-01,0.14687368862778072
Luxembourg,137,2011-11-01,0.31426775612823316
Luxembourg,137,2011-12-01,-0.05221386800335356
Luxembourg,137,2012-01-01,-0.6791348866367062
Luxembourg,137,2012-02-01,1.693667157584683
Luxembourg,137,2012-03-01,0.3413675390503758
Luxembourg,137,2012-04-01,0.3298969072164878
Luxembourg,137,2012-05-01,-0.14385532264692394
Luxembourg,137,2012-06-01,-0.07203128215683
Luxembourg,137,2012-07-01,-0.9370816599732228
Luxembourg,137,2012-08-01,1.5384615384615425
Luxembourg,137,2012-09-01,0.42997542997541716
Luxembourg,137,2012-10-01,0.13251783893986716
Luxembourg,137,2012-11-01,-0.07126132546066109
Luxembourg,137,2012-12-01,-0.23431132844334737
Luxembourg,137,2013-01-01,-0.8986010415603081
Luxembourg,137,2013-02-01,1.9062339000515287
Luxembourg,137,2013-03-01,0.010111223458029226
Luxembourg,137,2013-04-01,0.09099181073703712
Luxembourg,137,2013-05-01,-0.2222222222222211
Luxembourg,137,2013-06-01,0.33407572383073325
Luxembourg,137,2013-07-01,-1.1502371102815059
Luxembourg,137,2013-08-01,1.4596304991323943
Luxembourg,137,2013-09-01,0.1710261569416373
Luxembourg,137,2013-10-01,-0.2008637139700599
Luxembourg,137,2013-11-01,0
Luxembourg,137,2013-12-01,0.07044379591425297
Luxembourg,137,2014-01-01,-0.9050683829444807
Luxembourg,137,2014-02-01,1.2279277450781345
Luxembourg,137,2014-03-01,-0.010025062656646733
Luxembourg,137,2014-04-01,0.030078203328655642
Luxembourg,137,2014-05-01,0.0300691590658526
Luxembourg,137,2014-06-01,0.16032064128256174
Luxembourg,137,2014-07-01,-1.0204081632653021
Luxembourg,137,2014-08-01,1.0612492419648243
Luxembourg,137,2014-09-01,-0.09000900090007921
Luxembourg,137,2014-10-01,-0.2302302302302342
Luxembourg,137,2014-11-01,-0.2307615129928805
Luxembourg,137,2014-12-01,-0.6134352373290421
Luxembourg,137,2015-01-01,-0.6475766467671765
Luxembourg,137,2015-02-01,1.6804155209288174
Luxembourg,137,2015-03-01,0.14022435897435953
Luxembourg,137,2015-04-01,0.05001000200039724
Luxembourg,137,2015-05-01,0.4198740377886651
Luxembourg,137,2015-06-01,0.18914883026381057
Luxembourg,137,2015-07-01,-1.053259141494438
Luxembourg,137,2015-08-01,0.9640490058244707
Luxembourg,137,2015-09-01,-0.15914064054108892
Luxembourg,137,2015-10-01,-0.17931858936042303
Luxembourg,137,2015-11-01,0.059880239520960346
Luxembourg,137,2015-12-01,-0.34909235986436116
Luxembourg,137,2016-01-01,-1.201080972875591
Luxembourg,137,2016-02-01,1.3169891601661547
Luxembourg,137,2016-03-01,0.01999800019997602
Luxembourg,137,2016-04-01,0.06997900629810375
Luxembourg,137,2016-05-01,0.3196803196803271
Luxembourg,137,2016-06-01,0.23899621589324327
Luxembourg,137,2016-07-01,-1.1027220345718254
Luxembourg,137,2016-08-01,1.1551983927674594
Luxembourg,137,2016-09-01,0.04965243296921267
Luxembourg,137,2016-10-01,-0.029776674937966388
Luxembourg,137,2016-11-01,0.07942811755361229
Luxembourg,137,2016-12-01,0.23809523809524713
Luxembourg,137,2017-01-01,-0.6433095803642178
Luxembourg,137,2017-02-01,1.3746389082577901
Luxembourg,137,2017-03-01,0.009826078412110755
Luxembourg,137,2017-04-01,0.2554529377087887
Luxembourg,137,2017-05-01,0.07840062720501596
Luxembourg,137,2017-06-01,0.048962005483741834
Luxembourg,137,2017-07-01,-0.6949202309875775
Luxembourg,137,2017-08-01,1.2024443130297784
Luxembourg,137,2017-09-01,-0.15582391897157266
Luxembourg,137,2017-10-01,0.10729613733905526
Luxembourg,137,2017-11-01,-0.2728247101237466
Luxembourg,137,2017-12-01,0.05862237420615758
Luxembourg,137,2018-01-01,-0.8592910848549903
Luxembourg,137,2018-02-01,1.2607111198660506
Luxembourg,137,2018-03-01,0.0875401225561749
Luxembourg,137,2018-04-01,0.2235179786200095
Luxembourg,137,2018-05-01,0.3393774847280215
Luxembourg,137,2018-06-01,0.1642829532276785
Luxembourg,137,2018-07-01,-0.6849975880366694
Luxembourg,137,2018-08-01,1.3600155430347831
Luxembourg,137,2018-09-01,0.23001725129384215
Luxembourg,137,2018-10-01,0.10518263530311668
Luxembourg,137,2018-11-01,-0.028656032094757034
Luxembourg,137,2018-12-01,-0.3248614561437067
Norway,142,2011-01-01,NA
Norway,142,2011-02-01,0.43149946062566497
Norway,142,2011-03-01,0.3222341568206352
Norway,142,2011-04-01,0.5353319057815845
Norway,142,2011-05-01,-0.21299254526091888
Norway,142,2011-06-01,-0.32017075773745696
Norway,142,2011-07-01,-0.3211991434689629
Norway,142,2011-08-01,-0.5370569280343717
Norway,142,2011-09-01,0.8639308855291701
Norway,142,2011-10-01,-0.10706638115632602
Norway,142,2011-11-01,0
Norway,142,2011-12-01,0.10718113612005202
Norway,142,2012-01-01,-0.2141327623126369
Norway,142,2012-02-01,1.0729613733905579
Norway,142,2012-03-01,-0.10615711252654832
Norway,142,2012-04-01,0.10626992561106113
Norway,142,2012-05-01,0
Norway,142,2012-06-01,-0.5307855626326964
Norway,142,2012-07-01,-0.42689434364995266
Norway,142,2012-08-01,-0.4287245444801624
Norway,142,2012-09-01,1.0764262648008611
Norway,142,2012-10-01,0.42598509052182265
Norway,142,2012-11-01,0.10604453870626568
Norway,142,2012-12-01,0.3177966101694885
Norway,142,2013-01-01,-0.21119324181626487
Norway,142,2013-02-01,0.6349206349206289
Norway,142,2013-03-01,0.31545741324922333
Norway,142,2013-04-01,0.5241090146750523
Norway,142,2013-05-01,0.10427528675703264
Norway,142,2013-06-01,-0.312499999999997
Norway,142,2013-07-01,0.4179728317659263
Norway,142,2013-08-01,-0.10405827263266838
Norway,142,2013-09-01,0.41666666666667257
Norway,142,2013-10-01,0.207468879668038
Norway,142,2013-11-01,0.10351966873706887
Norway,142,2013-12-01,-0.10341261633920219
Norway,142,2014-01-01,0
Norway,142,2014-02-01,0.5175983436853002
Norway,142,2014-03-01,0.20597322348095043
Norway,142,2014-04-01,0.4110996916752371
Norway,142,2014-05-01,0.10235414534288055
Norway,142,2014-06-01,-0.30674846625766583
Norway,142,2014-07-01,0.8205128205128176
Norway,142,2014-08-01,-0.4069175991861561
Norway,142,2014-09-01,0.6128702757916182
Norway,142,2014-10-01,0.10152284263958815
Norway,142,2014-11-01,0
Norway,142,2014-12-01,0
Norway,142,2015-01-01,0
Norway,142,2015-02-01,0.30425963488844965
Norway,142,2015-03-01,0.3033367037411498
Norway,142,2015-04-01,0.40322580645160433
Norway,142,2015-05-01,0.20080321285140845
Norway,142,2015-06-01,0.3006012024048068
Norway,142,2015-07-01,0
Norway,142,2015-08-01,-0.19980019980018843
Norway,142,2015-09-01,0.7007007007006892
Norway,142,2015-10-01,0.39761431411531384
Norway,142,2015-11-01,0.29702970297029424
Norway,142,2015-12-01,-0.3948667324777803
Norway,142,2016-01-01,0.594648166501481
Norway,142,2016-02-01,0.5911330049261028
Norway,142,2016-03-01,0.39177277179236597
Norway,142,2016-04-01,0.39024390243902995
Norway,142,2016-05-01,0.2915451895043704
Norway,142,2016-06-01,0.5813953488372038
Norway,142,2016-07-01,0.6743737957610818
Norway,142,2016-08-01,-0.5741626794258319
Norway,142,2016-09-01,0.28873917228103674
Norway,142,2016-10-01,0.47984644913627633
Norway,142,2016-11-01,0.19102196752626824
Norway,142,2016-12-01,-0.4766444232602478
Norway,142,2017-01-01,-0.09578544061303498
Norway,142,2017-02-01,0.38350910834132856
Norway,142,2017-03-01,0.28653295128939554
Norway,142,2017-04-01,0.19047619047619319
Norway,142,2017-05-01,0.19011406844106732
Norway,142,2017-06-01,0.3795066413662158
Norway,142,2017-07-01,0.2835538752362922
Norway,142,2017-08-01,-0.7540056550424102
Norway,142,2017-09-01,0.5698005698005779
Norway,142,2017-10-01,0.09442870632671795
Norway,142,2017-11-01,0.09433962264150407
Norway,142,2017-12-01,0
Norway,142,2018-01-01,-0.09425070688029626
Norway,142,2018-02-01,0.9433962264150944
Norway,142,2018-03-01,0.28037383177569825
Norway,142,2018-04-01,0.3727865796831367
Norway,142,2018-05-01,0.09285051067780345
Norway,142,2018-06-01,0.649350649350652
Norway,142,2018-07-01,0.7373271889400895
Norway,142,2018-08-01,-0.36596523330282843
Norway,142,2018-09-01,0.5509641873278184
Norway,142,2018-10-01,-0.18264840182648662
Norway,142,2018-11-01,0.4574565416285453
Norway,142,2018-12-01,0
"China, P.R.: Mainland",924,2011-01-01,NA
"China, P.R.: Mainland",924,2011-02-01,1.2784278899137123
"China, P.R.: Mainland",924,2011-03-01,-0.2007256704391296
"China, P.R.: Mainland",924,2011-04-01,0.10056469437656854
"China, P.R.: Mainland",924,2011-05-01,0.1004636634005277
"China, P.R.: Mainland",924,2011-06-01,0.3010885056586857
"China, P.R.: Mainland",924,2011-07-01,0.43867339166077723
"China, P.R.: Mainland",924,2011-08-01,0.28408388342206625
"China, P.R.: Mainland",924,2011-09-01,0.47214800627532055
"China, P.R.: Mainland",924,2011-10-01,0.09399066157299439
"China, P.R.: Mainland",924,2011-11-01,-0.18780480416806825
"China, P.R.: Mainland",924,2011-12-01,0.28222521849423154
"China, P.R.: Mainland",924,2012-01-01,1.5009330393689795
"China, P.R.: Mainland",924,2012-02-01,-0.09241521989107195
"China, P.R.: Mainland",924,2012-03-01,0.18501325160524174
"China, P.R.: Mainland",924,2012-04-01,-0.09234170259802957
"China, P.R.: Mainland",924,2012-05-01,-0.2772574910929983
"China, P.R.: Mainland",924,2012-06-01,-0.5560804196455468
"China, P.R.: Mainland",924,2012-07-01,0.09320230447827815
"China, P.R.: Mainland",924,2012-08-01,0.6523926885961597
"China, P.R.: Mainland",924,2012-09-01,0.3069403404327124
"China, P.R.: Mainland",924,2012-10-01,-0.10448357311624235
"China, P.R.: Mainland",924,2012-11-01,0.16693492468900695
"China, P.R.: Mainland",924,2012-12-01,0.7358262739711326
"China, P.R.: Mainland",924,2013-01-01,0.9995583208038592
"China, P.R.: Mainland",924,2013-02-01,1.099625058504893
"China, P.R.: Mainland",924,2013-03-01,-0.8991361011971245
"China, P.R.: Mainland",924,2013-04-01,0.19769323935419575
"China, P.R.: Mainland",924,2013-05-01,-0.5989445434810934
"China, P.R.: Mainland",924,2013-06-01,0
"China, P.R.: Mainland",924,2013-07-01,0.09888576004381713
"China, P.R.: Mainland",924,2013-08-01,0.5030308631168088
"China, P.R.: Mainland",924,2013-09-01,0.7969996936482528
"China, P.R.: Mainland",924,2013-10-01,0.10040443700284811
"China, P.R.: Mainland",924,2013-11-01,-0.100383869841695
"China, P.R.: Mainland",924,2013-12-01,0.30001021121163723
"China, P.R.: Mainland",924,2014-01-01,0.9999564665013212
"China, P.R.: Mainland",924,2014-02-01,0.5070934710923669
"China, P.R.: Mainland",924,2014-03-01,-0.5045350070124315
"China, P.R.: Mainland",924,2014-04-01,-0.4056838272660369
"China, P.R.: Mainland",924,2014-05-01,0.10183408121464603
"China, P.R.: Mainland",924,2014-06-01,-0.1017304849100227
"China, P.R.: Mainland",924,2014-07-01,0
"China, P.R.: Mainland",924,2014-08-01,0.20366816242927593
"China, P.R.: Mainland",924,2014-09-01,0.5081241598618624
"China, P.R.: Mainland",924,2014-10-01,0
"China, P.R.: Mainland",924,2014-11-01,-0.30332867524069984
"China, P.R.: Mainland",924,2014-12-01,0.40568382726602087
"China, P.R.: Mainland",924,2015-01-01,0.30302224521749077
"China, P.R.: Mainland",924,2015-02-01,1.208460877428484
"China, P.R.: Mainland",924,2015-03-01,-0.5970212866558001
"China, P.R.: Mainland",924,2015-04-01,-0.20019118039994985
"China, P.R.: Mainland",924,2015-05-01,-0.20060393756551825
"China, P.R.: Mainland",924,2015-06-01,0
"China, P.R.: Mainland",924,2015-07-01,0.4020031210482332
"China, P.R.: Mainland",924,2015-08-01,0.5005058654374507
"China, P.R.: Mainland",924,2015-09-01,0.09960265595232361
"China, P.R.: Mainland",924,2015-10-01,-0.3980141911038563
"China, P.R.: Mainland",924,2015-11-01,0
"China, P.R.: Mainland",924,2015-12-01,0.49950584302044254
"China, P.R.: Mainland",924,2016-01-01,0.49702318317927996
"China, P.R.: Mainland",924,2016-02-01,1.5825861897569855
"China, P.R.: Mainland",924,2016-03-01,-0.4868600993791995
"China, P.R.: Mainland",924,2016-04-01,-0.19569680943256196
"China, P.R.: Mainland",924,2016-05-01,-0.39215012966685603
"China, P.R.: Mainland",924,2016-06-01,-0.19685249007422315
"China, P.R.: Mainland",924,2016-07-01,0.19724076342847352
"China, P.R.: Mainland",924,2016-08-01,0.09842624503709597
"China, P.R.: Mainland",924,2016-09-01,0.6882952731222816
"China, P.R.: Mainland",924,2016-10-01,-0.09764639933803129
"China, P.R.: Mainland",924,2016-11-01,0.0977418407261471
"China, P.R.: Mainland",924,2016-12-01,0.19531458502133428
"China, P.R.: Mainland",924,2017-01-01,1.0721253073496821
"China, P.R.: Mainland",924,2017-02-01,-0.1928660846764914
"China, P.R.: Mainland",924,2017-03-01,-0.2898581651089054
"China, P.R.: Mainland",924,2017-04-01,0
"China, P.R.: Mainland",924,2017-05-01,0.09690026169016107
"China, P.R.: Mainland",924,2017-06-01,-0.1936129119619497
"China, P.R.: Mainland",924,2017-07-01,-0.09698343015808475
"China, P.R.: Mainland",924,2017-08-01,0.48543121548839896
"China, P.R.: Mainland",924,2017-09-01,0.5797055528181008
"China, P.R.: Mainland",924,2017-10-01,0.09607322395529473
"China, P.R.: Mainland",924,2017-11-01,0
"China, P.R.: Mainland",924,2017-12-01,0.287900215716415
"China, P.R.: Mainland",924,2018-01-01,0.6698636095566703
"China, P.R.: Mainland",924,2018-02-01,1.2357333412504197
"China, P.R.: Mainland",924,2018-03-01,-1.1267621270760249
"China, P.R.: Mainland",924,2018-04-01,-0.18992496221416852
"China, P.R.: Mainland",924,2018-05-01,-0.19029697684649127
"China, P.R.: Mainland",924,2018-06-01,0
"China, P.R.: Mainland",924,2018-07-01,0.2859896950134475
"China, P.R.: Mainland",924,2018-08-01,0.6653956916917216
"China, P.R.: Mainland",924,2018-09-01,0.6609974431826071
"China, P.R.: Mainland",924,2018-10-01,0.18761926327680734
"China, P.R.: Mainland",924,2018-11-01,-0.37453582519768597
"China, P.R.: Mainland",924,2018-12-01,0.09398596741806448
"Azerbaijan, Rep. of",912,2011-01-01,NA
"Azerbaijan, Rep. of",912,2011-02-01,2.1842355175688484
"Azerbaijan, Rep. of",912,2011-03-01,1.2081784386617207
"Azerbaijan, Rep. of",912,2011-04-01,-0.3673094582185543
"Azerbaijan, Rep. of",912,2011-05-01,-0.4608294930875576
"Azerbaijan, Rep. of",912,2011-06-01,-0.8333333333333385
"Azerbaijan, Rep. of",912,2011-07-01,-0.8403361344537736
"Azerbaijan, Rep. of",912,2011-08-01,0.6591337099811703
"Azerbaijan, Rep. of",912,2011-09-01,1.1225444340505037
"Azerbaijan, Rep. of",912,2011-10-01,0
"Azerbaijan, Rep. of",912,2011-11-01,1.110083256244221
"Azerbaijan, Rep. of",912,2011-12-01,0.9149130832570906
"Azerbaijan, Rep. of",912,2012-01-01,0.09066183136900138
"Azerbaijan, Rep. of",912,2012-02-01,0.09057971014492239
"Azerbaijan, Rep. of",912,2012-03-01,0.3619909502262495
"Azerbaijan, Rep. of",912,2012-04-01,-0.4508566275924256
"Azerbaijan, Rep. of",912,2012-05-01,-0.9057971014492754
"Azerbaijan, Rep. of",912,2012-06-01,-1.3711151736745886
"Azerbaijan, Rep. of",912,2012-07-01,-0.6487488415199284
"Azerbaijan, Rep. of",912,2012-08-01,-0.46641791044776115
"Azerbaijan, Rep. of",912,2012-09-01,0.5623242736644745
"Azerbaijan, Rep. of",912,2012-10-01,0.7455731593662602
"Azerbaijan, Rep. of",912,2012-11-01,1.110083256244221
"Azerbaijan, Rep. of",912,2012-12-01,0.640439158279966
"Azerbaijan, Rep. of",912,2013-01-01,1.0909090909090935
"Azerbaijan, Rep. of",912,2013-02-01,0.5395683453237359
"Azerbaijan, Rep. of",912,2013-03-01,0.6261180679785356
"Azerbaijan, Rep. of",912,2013-04-01,0.4444444444444444
"Azerbaijan, Rep. of",912,2013-05-01,-0.3539823008849608
"Azerbaijan, Rep. of",912,2013-06-01,-1.1545293072824132
"Azerbaijan, Rep. of",912,2013-07-01,-0.7187780772686407
"Azerbaijan, Rep. of",912,2013-08-01,-0.3619909502262495
"Azerbaijan, Rep. of",912,2013-09-01,0.09082652134424027
"Azerbaijan, Rep. of",912,2013-10-01,0.6352087114337593
"Azerbaijan, Rep. of",912,2013-11-01,0.7213706041478783
"Azerbaijan, Rep. of",912,2013-12-01,1.9695613249776212
"Azerbaijan, Rep. of",912,2014-01-01,-0.17559262510974788
"Azerbaijan, Rep. of",912,2014-02-01,0.3518029903254103
"Azerbaijan, Rep. of",912,2014-03-01,0.26292725679229745
"Azerbaijan, Rep. of",912,2014-04-01,0.17482517482516488
"Azerbaijan, Rep. of",912,2014-05-01,-0.7853403141361184
"Azerbaijan, Rep. of",912,2014-06-01,-1.2313104661389673
"Azerbaijan, Rep. of",912,2014-07-01,-0.8014247551202062
"Azerbaijan, Rep. of",912,2014-08-01,0
"Azerbaijan, Rep. of",912,2014-09-01,1.166965888689405
"Azerbaijan, Rep. of",912,2014-10-01,0.2661934338952947
"Azerbaijan, Rep. of",912,2014-11-01,0.08849557522123391
"Azerbaijan, Rep. of",912,2014-12-01,0.5305039787798485
"Azerbaijan, Rep. of",912,2015-01-01,0.1759014951627114
"Azerbaijan, Rep. of",912,2015-02-01,4.0386303775241394
"Azerbaijan, Rep. of",912,2015-03-01,0.9282700421940879
"Azerbaijan, Rep. of",912,2015-04-01,-0.2508361204013354
"Azerbaijan, Rep. of",912,2015-05-01,-0.5867560771165155
"Azerbaijan, Rep. of",912,2015-06-01,-1.096121416526136
"Azerbaijan, Rep. of",912,2015-07-01,-0.7672634271099672
"Azerbaijan, Rep. of",912,2015-08-01,-0.08591065292096951
"Azerbaijan, Rep. of",912,2015-09-01,0.2579535683576932
"Azerbaijan, Rep. of",912,2015-10-01,0.17152658662092868
"Azerbaijan, Rep. of",912,2015-11-01,0.3424657534246624
"Azerbaijan, Rep. of",912,2015-12-01,4.35153583617747
"Azerbaijan, Rep. of",912,2016-01-01,5.805396565821757
"Azerbaijan, Rep. of",912,2016-02-01,0.4636785162287436
"Azerbaijan, Rep. of",912,2016-03-01,0.4615384615384572
"Azerbaijan, Rep. of",912,2016-04-01,0.15313935681471444
"Azerbaijan, Rep. of",912,2016-05-01,-0.15290519877677144
"Azerbaijan, Rep. of",912,2016-06-01,-0.4594180704440998
"Azerbaijan, Rep. of",912,2016-07-01,-0.2307692307692395
"Azerbaijan, Rep. of",912,2016-08-01,0.462606013878198
"Azerbaijan, Rep. of",912,2016-09-01,2.302379125095932
"Azerbaijan, Rep. of",912,2016-10-01,1.350337584396086
"Azerbaijan, Rep. of",912,2016-11-01,1.6284233900814338
"Azerbaijan, Rep. of",912,2016-12-01,3.058994901675155
"Azerbaijan, Rep. of",912,2017-01-01,2.3321554770318103
"Azerbaijan, Rep. of",912,2017-02-01,1.5883977900552366
"Azerbaijan, Rep. of",912,2017-03-01,1.6315431679129881
"Azerbaijan, Rep. of",912,2017-04-01,0.20066889632107784
"Azerbaijan, Rep. of",912,2017-05-01,0.20026702269691785
"Azerbaijan, Rep. of",912,2017-06-01,-1.065956029313787
"Azerbaijan, Rep. of",912,2017-07-01,0.13468013468012704
"Azerbaijan, Rep. of",912,2017-08-01,0.201748486886356
"Azerbaijan, Rep. of",912,2017-09-01,0.7382550335570431
"Azerbaijan, Rep. of",912,2017-10-01,1.132578281145914
"Azerbaijan, Rep. of",912,2017-11-01,0.13175230566534166
"Azerbaijan, Rep. of",912,2017-12-01,0.4605263157894662
"Azerbaijan, Rep. of",912,2018-01-01,0
"Azerbaijan, Rep. of",912,2018-02-01,0.19646365422397602
"Azerbaijan, Rep. of",912,2018-03-01,0.19607843137255643
"Azerbaijan, Rep. of",912,2018-04-01,-0.19569471624266885
"Azerbaijan, Rep. of",912,2018-05-01,-0.06535947712417929
"Azerbaijan, Rep. of",912,2018-06-01,-0.6540222367560496
"Azerbaijan, Rep. of",912,2018-07-01,-0.5924950625411491
"Azerbaijan, Rep. of",912,2018-08-01,0.8609271523178884
"Azerbaijan, Rep. of",912,2018-09-01,0.262639527248836
"Azerbaijan, Rep. of",912,2018-10-01,0.19646365422397602
"Azerbaijan, Rep. of",912,2018-11-01,0.5882352941176507
"Azerbaijan, Rep. of",912,2018-12-01,0.7797270955165618
"Ethiopia, The Federal Dem. Rep. of",644,2011-01-01,NA
"Ethiopia, The Federal Dem. Rep. of",644,2011-02-01,-0.48409548472046116
"Ethiopia, The Federal Dem. Rep. of",644,2011-03-01,7.5658806813017785
"Ethiopia, The Federal Dem. Rep. of",644,2011-04-01,4.176969740764677
"Ethiopia, The Federal Dem. Rep. of",644,2011-05-01,4.360219098951236
"Ethiopia, The Federal Dem. Rep. of",644,2011-06-01,3.8906230118917833
"Ethiopia, The Federal Dem. Rep. of",644,2011-07-01,0.529020549813028
"Ethiopia, The Federal Dem. Rep. of",644,2011-08-01,1.6932594810948918
"Ethiopia, The Federal Dem. Rep. of",644,2011-09-01,2.623207157794338
"Ethiopia, The Federal Dem. Rep. of",644,2011-10-01,1.9023527171847587
"Ethiopia, The Federal Dem. Rep. of",644,2011-11-01,-0.26410271435428834
"Ethiopia, The Federal Dem. Rep. of",644,2011-12-01,1.7448975434900735
"Ethiopia, The Federal Dem. Rep. of",644,2012-01-01,2.133925617517552
"Ethiopia, The Federal Dem. Rep. of",644,2012-02-01,2.0276116048656734
"Ethiopia, The Federal Dem. Rep. of",644,2012-03-01,3.548690281610334
"Ethiopia, The Federal Dem. Rep. of",644,2012-04-01,2.020200301865457
"Ethiopia, The Federal Dem. Rep. of",644,2012-05-01,0.7860411224105327
"Ethiopia, The Federal Dem. Rep. of",644,2012-06-01,0.30638513139091617
"Ethiopia, The Federal Dem. Rep. of",644,2012-07-01,0.922122332753631
"Ethiopia, The Federal Dem. Rep. of",644,2012-08-01,1.7886790909929766
"Ethiopia, The Federal Dem. Rep. of",644,2012-09-01,2.1763100160949502
"Ethiopia, The Federal Dem. Rep. of",644,2012-10-01,-1.0316440364642365
"Ethiopia, The Federal Dem. Rep. of",644,2012-11-01,-0.39148310822561183
"Ethiopia, The Federal Dem. Rep. of",644,2012-12-01,-0.8233136024299963
"Ethiopia, The Federal Dem. Rep. of",644,2013-01-01,0.3259147783052707
"Ethiopia, The Federal Dem. Rep. of",644,2013-02-01,0.39932599010954056
"Ethiopia, The Federal Dem. Rep. of",644,2013-03-01,0.5548908569171265
"Ethiopia, The Federal Dem. Rep. of",644,2013-04-01,0.49363062951521236
"Ethiopia, The Federal Dem. Rep. of",644,2013-05-01,1.1593186044914139
"Ethiopia, The Federal Dem. Rep. of",644,2013-06-01,0.6122390963242796
"Ethiopia, The Federal Dem. Rep. of",644,2013-07-01,1.8605220782190508
"Ethiopia, The Federal Dem. Rep. of",644,2013-08-01,0.5517044755051046
"Ethiopia, The Federal Dem. Rep. of",644,2013-09-01,2.550147515395339
"Ethiopia, The Federal Dem. Rep. of",644,2013-10-01,0.5191096325759633
"Ethiopia, The Federal Dem. Rep. of",644,2013-11-01,-0.8523006622240268
"Ethiopia, The Federal Dem. Rep. of",644,2013-12-01,-1.1216389981067763
"Ethiopia, The Federal Dem. Rep. of",644,2014-01-01,0.3008781652263124
"Ethiopia, The Federal Dem. Rep. of",644,2014-02-01,0.4813278545239168
"Ethiopia, The Federal Dem. Rep. of",644,2014-03-01,1.5576411361762603
"Ethiopia, The Federal Dem. Rep. of",644,2014-04-01,0.8502291600614162
"Ethiopia, The Federal Dem. Rep. of",644,2014-05-01,0.7404317684749192
"Ethiopia, The Federal Dem. Rep. of",644,2014-06-01,0.40931869582533537
"Ethiopia, The Federal Dem. Rep. of",644,2014-07-01,0.6189660751916639
"Ethiopia, The Federal Dem. Rep. of",644,2014-08-01,0.6359772392494503
"Ethiopia, The Federal Dem. Rep. of",644,2014-09-01,0.7713775149412357
"Ethiopia, The Federal Dem. Rep. of",644,2014-10-01,0.2608517748429413
"Ethiopia, The Federal Dem. Rep. of",644,2014-11-01,-0.30921298581388673
"Ethiopia, The Federal Dem. Rep. of",644,2014-12-01,0.017150987018119294
"Ethiopia, The Federal Dem. Rep. of",644,2015-01-01,0.8257884398813605
"Ethiopia, The Federal Dem. Rep. of",644,2015-02-01,1.0672786439794706
"Ethiopia, The Federal Dem. Rep. of",644,2015-03-01,1.8650788177385784
"Ethiopia, The Federal Dem. Rep. of",644,2015-04-01,1.5646511416040436
"Ethiopia, The Federal Dem. Rep. of",644,2015-05-01,0.7993632491337715
"Ethiopia, The Federal Dem. Rep. of",644,2015-06-01,1.3512870348411157
"Ethiopia, The Federal Dem. Rep. of",644,2015-07-01,1.799589562588684
"Ethiopia, The Federal Dem. Rep. of",644,2015-08-01,0.5935327787935072
"Ethiopia, The Federal Dem. Rep. of",644,2015-09-01,1.3192224447687528
"Ethiopia, The Federal Dem. Rep. of",644,2015-10-01,0.028553077935899604
"Ethiopia, The Federal Dem. Rep. of",644,2015-11-01,-2.1219787907928547
"Ethiopia, The Federal Dem. Rep. of",644,2015-12-01,-0.029820536044053516
"Ethiopia, The Federal Dem. Rep. of",644,2016-01-01,1.0646651958619615
"Ethiopia, The Federal Dem. Rep. of",644,2016-02-01,-0.3800583195016327
"Ethiopia, The Federal Dem. Rep. of",644,2016-03-01,0.709704254539693
"Ethiopia, The Federal Dem. Rep. of",644,2016-04-01,1.4805580334837505
"Ethiopia, The Federal Dem. Rep. of",644,2016-05-01,1.3280679660167767
"Ethiopia, The Federal Dem. Rep. of",644,2016-06-01,1.0067480622655758
"Ethiopia, The Federal Dem. Rep. of",644,2016-07-01,0.35293896067317465
"Ethiopia, The Federal Dem. Rep. of",644,2016-08-01,0.40990611226099893
"Ethiopia, The Federal Dem. Rep. of",644,2016-09-01,2.183235930513777
"Ethiopia, The Federal Dem. Rep. of",644,2016-10-01,-1.0362604587857493
"Ethiopia, The Federal Dem. Rep. of",644,2016-11-01,-0.7513297247138099
"Ethiopia, The Federal Dem. Rep. of",644,2016-12-01,-0.33052790816600497
"Ethiopia, The Federal Dem. Rep. of",644,2017-01-01,0.8636480535579949
"Ethiopia, The Federal Dem. Rep. of",644,2017-02-01,0.9627853406406246
"Ethiopia, The Federal Dem. Rep. of",644,2017-03-01,2.5478560982615073
"Ethiopia, The Federal Dem. Rep. of",644,2017-04-01,1.5361857384475486
"Ethiopia, The Federal Dem. Rep. of",644,2017-05-01,0.1768695758904714
"Ethiopia, The Federal Dem. Rep. of",644,2017-06-01,0.9109212143403784
"Ethiopia, The Federal Dem. Rep. of",644,2017-07-01,2.526814673580566
"Ethiopia, The Federal Dem. Rep. of",644,2017-08-01,1.258033980029152
"Ethiopia, The Federal Dem. Rep. of",644,2017-09-01,3.2132405340017165
"Ethiopia, The Federal Dem. Rep. of",644,2017-10-01,-0.5354071917319246
"Ethiopia, The Federal Dem. Rep. of",644,2017-11-01,1.6417317637059534
"Ethiopia, The Federal Dem. Rep. of",644,2017-12-01,0.3340178304660045
"Ethiopia, The Federal Dem. Rep. of",644,2018-01-01,0.9886091993188015
"Ethiopia, The Federal Dem. Rep. of",644,2018-02-01,0.4165137068013515
"Ethiopia, The Federal Dem. Rep. of",644,2018-03-01,2.044340802512809
"Ethiopia, The Federal Dem. Rep. of",644,2018-04-01,0.22611809689471507
"Ethiopia, The Federal Dem. Rep. of",644,2018-05-01,1.285202388345588
"Ethiopia, The Federal Dem. Rep. of",644,2018-06-01,2.268922374122342
"Ethiopia, The Federal Dem. Rep. of",644,2018-07-01,1.2247063271368783
"Ethiopia, The Federal Dem. Rep. of",644,2018-08-01,0.27698572748267214
"Ethiopia, The Federal Dem. Rep. of",644,2018-09-01,1.1028890706494918
"Ethiopia, The Federal Dem. Rep. of",644,2018-10-01,-0.2600600338140509
"Ethiopia, The Federal Dem. Rep. of",644,2018-11-01,-1.088933268401978
"Ethiopia, The Federal Dem. Rep. of",644,2018-12-01,1.666717877299701
Ghana,652,2011-01-01,NA
Ghana,652,2011-02-01,0.12303963890760729
Ghana,652,2011-03-01,-0.6273434780285151
Ghana,652,2011-04-01,0.9995076855191914
Ghana,652,2011-05-01,-0.04077923672268198
Ghana,652,2011-06-01,0.43197728986320344
Ghana,652,2011-07-01,1.016772965059002
Ghana,652,2011-08-01,-0.06874660541120423
Ghana,652,2011-09-01,-0.9798832030786556
Ghana,652,2011-10-01,0.9830815900818786
Ghana,652,2011-11-01,0.07203914765637347
Ghana,652,2011-12-01,0.6489972440648164
Ghana,652,2012-01-01,6.01068148493886
Ghana,652,2012-02-01,0.6352956496663251
Ghana,652,2012-03-01,0.1458312793717242
Ghana,652,2012-04-01,1.4929015903229925
Ghana,652,2012-05-01,0.5804754139107893
Ghana,652,2012-06-01,0.9540399276306794
Ghana,652,2012-07-01,1.1057288536321441
Ghana,652,2012-08-01,-0.41198354427892747
Ghana,652,2012-09-01,-1.1164433516425216
Ghana,652,2012-10-01,1.229390641599683
Ghana,652,2012-11-01,0.6568411990390253
Ghana,652,2012-12-01,0.795365712273482
Ghana,652,2013-01-01,3.655365692265658
Ghana,652,2013-02-01,0.9147543569120802
Ghana,652,2013-03-01,0.49611702147448034
Ghana,652,2013-04-01,1.5731092188050217
Ghana,652,2013-05-01,0.7191451550431931
Ghana,652,2013-06-01,1.5032130919697664
Ghana,652,2013-07-01,1.2582692312837127
Ghana,652,2013-08-01,-0.716528126744306
Ghana,652,2013-09-01,-0.6776294496586917
Ghana,652,2013-10-01,2.260843325628694
Ghana,652,2013-11-01,0.775599181796927
Ghana,652,2013-12-01,1.039745443425262
Ghana,652,2014-01-01,3.92987191369789
Ghana,652,2014-02-01,1.126420813128383
Ghana,652,2014-03-01,0.9253458115926723
Ghana,652,2014-04-01,1.719590512102425
Ghana,652,2014-05-01,0.8556700457473726
Ghana,652,2014-06-01,1.6348131929086036
Ghana,652,2014-07-01,1.5520804746864856
Ghana,652,2014-08-01,-0.22649425519870137
Ghana,652,2014-09-01,-0.1832440703903512
Ghana,652,2014-10-01,2.6691603972084943
Ghana,652,2014-11-01,0.8722386513039279
Ghana,652,2014-12-01,0.9870402853948816
Ghana,652,2015-01-01,3.447479783003445
Ghana,652,2015-02-01,1.1779083730964788
Ghana,652,2015-03-01,1.0452968991906004
Ghana,652,2015-04-01,1.820671513382453
Ghana,652,2015-05-01,0.9895107369980909
Ghana,652,2015-06-01,1.7788848071673895
Ghana,652,2015-07-01,2.2981009066727247
Ghana,652,2015-08-01,-0.7493426988763591
Ghana,652,2015-09-01,-0.1458219342014925
Ghana,652,2015-10-01,2.687146382991492
Ghana,652,2015-11-01,1.0365805181631653
Ghana,652,2015-12-01,1.0862510803653567
Ghana,652,2016-01-01,4.590559825735871
Ghana,652,2016-02-01,0.7327531800071458
Ghana,652,2016-03-01,1.684710877890265
Ghana,652,2016-04-01,1.3844147117530514
Ghana,652,2016-05-01,1.1418526611026774
Ghana,652,2016-06-01,1.3356960125253665
Ghana,652,2016-07-01,0.8706343816673077
Ghana,652,2016-08-01,-0.627819252828077
Ghana,652,2016-09-01,0.15670473602118598
Ghana,652,2016-10-01,1.4177754326179193
Ghana,652,2016-11-01,0.822785714207226
Ghana,652,2016-12-01,0.9477782003930066
Ghana,652,2017-01-01,2.764818002652615
Ghana,652,2017-02-01,0.6386356163059377
Ghana,652,2017-03-01,1.2658776222608814
Ghana,652,2017-04-01,1.6216213430149327
Ghana,652,2017-05-01,0.7282340046428457
Ghana,652,2017-06-01,0.9075130275930954
Ghana,652,2017-07-01,0.6487025948103076
Ghana,652,2017-08-01,-0.19831432821020034
Ghana,652,2017-09-01,0.008693492300039664
Ghana,652,2017-10-01,0.9391632620114782
Ghana,652,2017-11-01,0.9125123887716469
Ghana,652,2017-12-01,1.0189088692473691
Ghana,652,2018-01-01,1.4123452403766374
Ghana,652,2018-02-01,0.23497352538498667
Ghana,652,2018-03-01,0.3935177597632014
Ghana,652,2018-04-01,0.6846053600172884
Ghana,652,2018-05-01,0.5598984249209036
Ghana,652,2018-06-01,0.6357368390492774
Ghana,652,2018-07-01,0.3608201911949812
Ghana,652,2018-08-01,0.22276226421135778
Ghana,652,2018-09-01,0.09456549926348758
Ghana,652,2018-10-01,0.2730260402507693
Ghana,652,2018-11-01,0.25476879121535134
Ghana,652,2018-12-01,0.5276071598880074
Chile,228,2011-01-01,NA
Chile,228,2011-02-01,0.22918258212385315
Chile,228,2011-03-01,0.7621951219511777
Chile,228,2011-04-01,0.31517902168426487
Chile,228,2011-05-01,0.40216161870050865
Chile,228,2011-06-01,0.17524095631499878
Chile,228,2011-07-01,0.12495314257142082
Chile,228,2011-08-01,0.16223636590547139
Chile,228,2011-09-01,0.498380264141564
Chile,228,2011-10-01,0.48351103396977535
Chile,228,2011-11-01,0.3207896360271026
Chile,228,2011-12-01,0.6026319025950818
Chile,228,2012-01-01,0.08557457212700995
Chile,228,2012-02-01,0.39086356418711954
Chile,228,2012-03-01,0.17033702396891662
Chile,228,2012-04-01,0.04858496295398068
Chile,228,2012-05-01,0.024280684715327884
Chile,228,2012-06-01,-0.2912974875591333
Chile,228,2012-07-01,-0.012172854534386306
Chile,228,2012-08-01,0.21913805697581276
Chile,228,2012-09-01,0.7653061224489571
Chile,228,2012-10-01,0.566606389391266
Chile,228,2012-11-01,-0.4555262526972104
Chile,228,2012-12-01,-0.024084778420057296
Chile,228,2013-01-01,0.18067935437251298
Chile,228,2013-02-01,0.10821209570746695
Chile,228,2013-03-01,0.3843382176315095
Chile,228,2013-04-01,-0.47858339315612275
Chile,228,2013-05-01,-0.012022120702101206
Chile,228,2013-06-01,0.6372490080557183
Chile,228,2013-07-01,0.2628434886498858
Chile,228,2013-08-01,0.23832221163021983
Chile,228,2013-09-01,0.54683785068939
Chile,228,2013-10-01,0.1418775124143372
Chile,228,2013-11-01,0.36599763872489594
Chile,228,2013-12-01,0.5999294200683064
Chile,228,2014-01-01,0.1753975678202978
Chile,228,2014-02-01,0.4902532975371126
Chile,228,2014-03-01,0.8363340689975766
Chile,228,2014-04-01,0.6220481511345812
Chile,228,2014-05-01,0.343445907269592
Chile,228,2014-06-01,0.04563605248147441
Chile,228,2014-07-01,0.23947998631554074
Chile,228,2014-08-01,0.3185437997724377
Chile,228,2014-09-01,0.8391925606713658
Chile,228,2014-10-01,1.0346378767430968
Chile,228,2014-11-01,0.03339269813002442
Chile,228,2014-12-01,-0.41170579726272905
Chile,228,2015-01-01,0.06703910614528255
Chile,228,2015-02-01,0.35730236712818664
Chile,228,2015-03-01,0.6230529595014971
Chile,228,2015-04-01,0.5860238832375764
Chile,228,2015-05-01,0.17588215895343073
Chile,228,2015-06-01,0.4828267310436092
Chile,228,2015-07-01,0.4149830730588762
Chile,228,2015-08-01,0.6851549755301692
Chile,228,2015-09-01,0.5076690429898855
Chile,228,2015-10-01,0.4083825900052453
Chile,228,2015-11-01,-0.03210960077062516
Chile,228,2015-12-01,0.01070663811562994
Chile,228,2016-01-01,0.4710416443636027
Chile,228,2016-02-01,0.27703782631854806
Chile,228,2016-03-01,0.3825310806503205
Chile,228,2016-04-01,0.328146501534865
Chile,228,2016-05-01,0.22156573116699604
Chile,228,2016-06-01,0.4526792293926124
Chile,228,2016-07-01,0.24103961433655754
Chile,228,2016-08-01,0.05227391531628804
Chile,228,2016-09-01,0.24033437826537318
Chile,228,2016-10-01,0.16678828312316188
Chile,228,2016-11-01,0.05203455094171863
Chile,228,2016-12-01,-0.2080299563136555
Chile,228,2017-01-01,0.5420054200542689
Chile,228,2017-02-01,0.23844080447850102
Chile,228,2017-03-01,0.3826662529734353
Chile,228,2017-04-01,0.2472697300638373
Chile,228,2017-05-01,0.12332990750260728
Chile,228,2017-06-01,-0.39006364196264925
Chile,228,2017-07-01,0.2370156636438192
Chile,228,2017-08-01,0.205613241492699
Chile,228,2017-09-01,-0.15389350569399585
Chile,228,2017-10-01,0.5856966707767807
Chile,228,2017-11-01,0.09193993257742554
Chile,228,2017-12-01,0.14288630332726318
Chile,228,2018-01-01,0.458622095393301
Chile,228,2018-02-01,0.050725372831501143
Chile,228,2018-03-01,0.20279862096945891
Chile,228,2018-04-01,0.3137016798218849
Chile,228,2018-05-01,0.28245737919902314
Chile,228,2018-06-01,0.10059350165983316
Chile,228,2018-07-01,0.35172344487977775
Chile,228,2018-08-01,0.18025235329467743
Chile,228,2018-09-01,0.33986405437824946
Chile,228,2018-10-01,0.358637178720877
Chile,228,2018-11-01,0
Chile,228,2018-12-01,-0.09926543577530292
Sweden,144,2011-01-01,NA
Sweden,144,2011-02-01,0.6108116936142429
Sweden,144,2011-03-01,0.6785273683527148
Sweden,144,2011-04-01,0.4288800748121583
Sweden,144,2011-05-01,0.1862316979193373
Sweden,144,2011-06-01,-0.23716428434075032
Sweden,144,2011-07-01,-0.04818812644563649
Sweden,144,2011-08-01,0.0321409057307308
Sweden,144,2011-09-01,0.7004466150435391
Sweden,144,2011-10-01,0.003190708656389682
Sweden,144,2011-11-01,0.23610490715334345
Sweden,144,2011-12-01,0.19735166793988657
Sweden,144,2012-01-01,-0.930808818857599
Sweden,144,2012-02-01,0.6637806637806615
Sweden,144,2012-03-01,0.28032619775738893
Sweden,144,2012-04-01,0.2191867852604821
Sweden,144,2012-05-01,-0.08241148689340103
Sweden,144,2012-06-01,-0.24743837832694524
Sweden,144,2012-07-01,-0.3879790109715282
Sweden,144,2012-08-01,0.1021613510838659
Sweden,144,2012-09-01,0.4018497847233267
Sweden,144,2012-10-01,-0.06988342174645891
Sweden,144,2012-11-01,-0.24476302488953297
Sweden,144,2012-12-01,0.2517366643298771
Sweden,144,2013-01-01,-0.8295985505864446
Sweden,144,2013-02-01,0.4455128205128161
Sweden,144,2013-03-01,0.4020549475094901
Sweden,144,2013-04-01,-0.1970443349753709
Sweden,144,2013-05-01,0.16240486577717025
Sweden,144,2013-06-01,-0.1748585235582156
Sweden,144,2013-07-01,-0.14013185133284425
Sweden,144,2013-08-01,0.09248923616646902
Sweden,144,2013-09-01,0.3855467754269808
Sweden,144,2013-10-01,-0.20631645770513699
Sweden,144,2013-11-01,-0.06361323155215923
Sweden,144,2013-12-01,0.26734563971993375
Sweden,144,2014-01-01,-1.158583037074668
Sweden,144,2014-02-01,0.42069430617553627
Sweden,144,2014-03-01,-0.006395906619757535
Sweden,144,2014-04-01,0.3869771011897082
Sweden,144,2014-05-01,0.05097327089108446
Sweden,144,2014-06-01,0.2069734118770824
Sweden,144,2014-07-01,-0.3272958373053615
Sweden,144,2014-08-01,-0.10201804444160843
Sweden,144,2014-09-01,0.15956598053295035
Sweden,144,2014-10-01,0.054166002867598866
Sweden,144,2014-11-01,-0.14648748487356844
Sweden,144,2014-12-01,0.15626993238933826
Sweden,144,2015-01-01,-1.050788091068305
Sweden,144,2015-02-01,0.7015285599356418
Sweden,144,2015-03-01,0.08308567411241839
Sweden,144,2015-04-01,-0.009578849899413364
Sweden,144,2015-05-01,0.34487163111507985
Sweden,144,2015-06-01,-0.28958757637475335
Sweden,144,2015-07-01,0.03191523314078536
Sweden,144,2015-08-01,-0.19781131353093342
Sweden,144,2015-09-01,0.39960359323551037
Sweden,144,2015-10-01,0.07323441380628484
Sweden,144,2015-11-01,-0.17181583887493093
Sweden,144,2015-12-01,0.14661354581672656
Sweden,144,2016-01-01,-0.3437191687088203
Sweden,144,2016-02-01,0.32254973972471207
Sweden,144,2016-03-01,0.49659387534220484
Sweden,144,2016-04-01,-0.019005384859044117
Sweden,144,2016-05-01,0.18058547712583742
Sweden,144,2016-06-01,0.10436102590052211
Sweden,144,2016-07-01,0.060024009603840814
Sweden,144,2016-08-01,-0.11050421494649156
Sweden,144,2016-09-01,0.16752007080094491
Sweden,144,2016-10-01,0.34394623079106845
Sweden,144,2016-11-01,0.03144654088051029
Sweden,144,2016-12-01,0.49669915121030617
Sweden,144,2017-01-01,-0.6819319319319341
Sweden,144,2017-02-01,0.7023622047244151
Sweden,144,2017-03-01,-0.01563819472680429
Sweden,144,2017-04-01,0.5818318318318361
Sweden,144,2017-05-01,0.06220065932698533
Sweden,144,2017-06-01,0.07148629328029409
Sweden,144,2017-07-01,0.5342112619188031
Sweden,144,2017-08-01,-0.15755815749636717
Sweden,144,2017-09-01,0.13614703880190535
Sweden,144,2017-10-01,-0.07416105308695665
Sweden,144,2017-11-01,0.2040942544375116
Sweden,144,2017-12-01,0.3672386125169725
Sweden,144,2018-01-01,-0.8363312117578412
Sweden,144,2018-02-01,0.7317602554959579
Sweden,144,2018-03-01,0.27395573614060587
Sweden,144,2018-04-01,0.411345776031444
Sweden,144,2018-05-01,0.23234484867012867
Sweden,144,2018-06-01,0.23180625876898395
Sweden,144,2018-07-01,0.5203578601424075
Sweden,144,2018-08-01,-0.2119093028183903
Sweden,144,2018-09-01,0.45808937293328605
Sweden,144,2018-10-01,-0.12683457148032828
Sweden,144,2018-11-01,-0.09675858732464018
Sweden,144,2018-12-01,0.4449152542372964
France,132,2011-01-01,NA
France,132,2011-02-01,0.47258979206049445
France,132,2011-03-01,0.8153026026967714
France,132,2011-04-01,0.34214618973561256
France,132,2011-05-01,0.05166356685265257
France,132,2011-06-01,0.0826190230300509
France,132,2011-07-01,-0.4437106593746699
France,132,2011-08-01,0.5182421227197347
France,132,2011-09-01,-0.07217983089297524
France,132,2011-10-01,0.2373336085027386
France,132,2011-11-01,0.2779493514515092
France,132,2011-12-01,0.4003695719125353
France,132,2012-01-01,-0.34764826175869473
France,132,2012-02-01,0.4104247896573011
France,132,2012-03-01,0.8277130594727184
France,132,2012-04-01,0.13175230566534454
France,132,2012-05-01,-0.05060728744938984
France,132,2012-06-01,0.03037974683544419
France,132,2012-07-01,-0.43531079165823733
France,132,2012-08-01,0.6609049313675707
France,132,2012-09-01,-0.24242424242423727
France,132,2012-10-01,0.1822600243013291
France,132,2012-11-01,-0.15160703456639527
France,132,2012-12-01,0.31379694301041405
France,132,2013-01-01,-0.5045408678102926
France,132,2013-02-01,0.2839756592292101
France,132,2013-03-01,0.758495145631068
France,132,2013-04-01,-0.15055706112615827
France,132,2013-05-01,0.060313630880581295
France,132,2013-06-01,0.16073940124572692
France,132,2013-07-01,-0.30090270812437026
France,132,2013-08-01,0.4627766599597522
France,132,2013-09-01,-0.23032245143200877
France,132,2013-10-01,-0.13048278630934002
France,132,2013-11-01,-0.04020100502513191
France,132,2013-12-01,0.341845968228437
France,132,2014-01-01,-0.5611222444889803
France,132,2014-02-01,0.5542120112857833
France,132,2014-03-01,0.4509469886762087
France,132,2014-04-01,-0.03990422984835599
France,132,2014-05-01,0.01996007984031539
France,132,2014-06-01,-0.03991219317500703
France,132,2014-07-01,-0.31942503493712054
France,132,2014-08-01,0.44061686360905045
France,132,2014-09-01,-0.37886340977068345
France,132,2014-10-01,0.030024019215373433
France,132,2014-11-01,-0.17008504252126233
France,132,2014-12-01,0.08017638805371648
France,132,2015-01-01,-1.001401962747847
France,132,2015-02-01,0.6676107626947164
France,132,2015-03-01,0.6531350482315169
France,132,2015-04-01,0.1098133173604866
France,132,2015-05-01,0.23932987634622546
France,132,2015-06-01,-0.07958615200954865
France,132,2015-07-01,-0.40820390282755536
France,132,2015-08-01,0.31990402879135577
France,132,2015-09-01,-0.3986048829098071
France,132,2015-10-01,0.06003001500750602
France,132,2015-11-01,-0.18998100189982195
France,132,2015-12-01,0.22039671408536676
France,132,2016-01-01,-0.9596161535385925
France,132,2016-02-01,0.2523213564796124
France,132,2016-03-01,0.6946541830262738
France,132,2016-04-01,0.06998600279944751
France,132,2016-05-01,0.40963133180137534
France,132,2016-06-01,0.12935323383084124
France,132,2016-07-01,-0.37762098777700037
France,132,2016-08-01,0.3291770573566068
France,132,2016-09-01,-0.23861602704314464
France,132,2016-10-01,0.029898345624876557
France,132,2016-11-01,-0.0199262727906847
France,132,2016-12-01,0.29895366218237307
France,132,2017-01-01,-0.2384500745156573
France,132,2017-02-01,0.1195100089632552
France,132,2017-03-01,0.636625882821049
France,132,2017-04-01,0.08895917762182802
France,132,2017-05-01,0.04937783922575267
France,132,2017-06-01,0.00987069390977288
France,132,2017-07-01,-0.34544018949861266
France,132,2017-08-01,0.5150044567693335
France,132,2017-09-01,-0.1576510000985285
France,132,2017-10-01,0.09868745682424604
France,132,2017-11-01,0.09859016070195632
France,132,2017-12-01,0.31517777996650564
France,132,2018-01-01,-0.09818360333823693
France,132,2018-02-01,-0.029484029484030602
France,132,2018-03-01,1.0125835627211965
France,132,2018-04-01,0.16545012165450287
France,132,2018-05-01,0.4275165176836355
France,132,2018-06-01,0.009674922600624145
France,132,2018-07-01,-0.0870658798490891
France,132,2018-08-01,0.48412083656080557
France,132,2018-09-01,-0.21198689535555873
France,132,2018-10-01,0.10621861722672792
France,132,2018-11-01,-0.21221182598630156
France,132,2018-12-01,0.019333011116477547
Bulgaria,918,2011-01-01,NA
Bulgaria,918,2011-02-01,1.233295748848443
Bulgaria,918,2011-03-01,0.5602567203438323
Bulgaria,918,2011-04-01,0.23253702291475814
Bulgaria,918,2011-05-01,-0.03622930933977164
Bulgaria,918,2011-06-01,-0.8953813454617923
Bulgaria,918,2011-07-01,0.03495599355470377
Bulgaria,918,2011-08-01,-0.25097964986490795
Bulgaria,918,2011-09-01,0.03303792763380488
Bulgaria,918,2011-10-01,0.7728335545488544
Bulgaria,918,2011-11-01,0.3187218056188582
Bulgaria,918,2011-12-01,0.09608388093934393
Bulgaria,918,2012-01-01,0.23057137776177133
Bulgaria,918,2012-02-01,0.9023779395750376
Bulgaria,918,2012-03-01,0.27158532417273257
Bulgaria,918,2012-04-01,0.224856458228654
Bulgaria,918,2012-05-01,-0.07916239280651327
Bulgaria,918,2012-06-01,-0.9980534401863365
Bulgaria,918,2012-07-01,1.5282152833271077
Bulgaria,918,2012-08-01,0.5217379148496795
Bulgaria,918,2012-09-01,1.0708006806385266
Bulgaria,918,2012-10-01,0.25565614232688705
Bulgaria,918,2012-11-01,-0.1311865229523645
Bulgaria,918,2012-12-01,0.3912781339097372
Bulgaria,918,2013-01-01,0.41301695192727683
Bulgaria,918,2013-02-01,0.05084049620306537
Bulgaria,918,2013-03-01,-0.5401161339271391
Bulgaria,918,2013-04-01,-0.4343525936938842
Bulgaria,918,2013-05-01,-0.1421432849861483
Bulgaria,918,2013-06-01,-0.42560188281019534
Bulgaria,918,2013-07-01,-0.540484395838084
Bulgaria,918,2013-08-01,-0.6171633134659545
Bulgaria,918,2013-09-01,0.0895988249124495
Bulgaria,918,2013-10-01,0.47714753053989656
Bulgaria,918,2013-11-01,-0.20251125126273822
Bulgaria,918,2013-12-01,0.27772113180171903
Bulgaria,918,2014-01-01,-0.22187739325305178
Bulgaria,918,2014-02-01,-0.35978363507329
Bulgaria,918,2014-03-01,-0.23290059595087145
Bulgaria,918,2014-04-01,0.3016097278206486
Bulgaria,918,2014-05-01,-0.5302051774432588
Bulgaria,918,2014-06-01,-0.3697548265002724
Bulgaria,918,2014-07-01,0.42766136414165573
Bulgaria,918,2014-08-01,-0.24867642222677877
Bulgaria,918,2014-09-01,-0.15844962753753303
Bulgaria,918,2014-10-01,0.8888205134465946
Bulgaria,918,2014-11-01,-0.36694540666285436
Bulgaria,918,2014-12-01,0.0010683409228713302
Bulgaria,918,2015-01-01,-0.383888864491269
Bulgaria,918,2015-02-01,0.17597992755021835
Bulgaria,918,2015-03-01,0.38811554503290924
Bulgaria,918,2015-04-01,0.6772719638965671
Bulgaria,918,2015-05-01,-0.17095952274261825
Bulgaria,918,2015-06-01,-0.8667784413538934
Bulgaria,918,2015-07-01,-0.15441188939854594
Bulgaria,918,2015-08-01,0.025636117887592215
Bulgaria,918,2015-09-01,-0.14283600452508544
Bulgaria,918,2015-10-01,0.20666183084506207
Bulgaria,918,2015-11-01,-0.13503060531802002
Bulgaria,918,2015-12-01,0.011436917085447605
Bulgaria,918,2016-01-01,-0.0032037712397902643
Bulgaria,918,2016-02-01,-0.3186044482642421
Bulgaria,918,2016-03-01,-0.6606623345796498
Bulgaria,918,2016-04-01,-0.027303171018282897
Bulgaria,918,2016-05-01,0.029902188787959142
Bulgaria,918,2016-06-01,-0.14271730761023088
Bulgaria,918,2016-07-01,0.967042321121744
Bulgaria,918,2016-08-01,-0.04581190522749753
Bulgaria,918,2016-09-01,-0.4505422750367567
Bulgaria,918,2016-10-01,0.21696909714747845
Bulgaria,918,2016-11-01,-0.04351605024041518
Bulgaria,918,2016-12-01,0.5818726668471875
Bulgaria,918,2017-01-01,1.2563200678369184
Bulgaria,918,2017-02-01,0.026226599737773967
Bulgaria,918,2017-03-01,-0.4672507794865357
Bulgaria,918,2017-04-01,0.6500317234496208
Bulgaria,918,2017-05-01,-0.26046079075185563
Bulgaria,918,2017-06-01,-0.5116104988683167
Bulgaria,918,2017-07-01,0.336965732780177
Bulgaria,918,2017-08-01,0.08659143493255289
Bulgaria,918,2017-09-01,0.17785486216657956
Bulgaria,918,2017-10-01,0.6395366126961173
Bulgaria,918,2017-11-01,0.43112941937190896
Bulgaria,918,2017-12-01,0.3838850385041159
Bulgaria,918,2018-01-01,0.2565186635546906
Bulgaria,918,2018-02-01,0.3153714101561147
Bulgaria,918,2018-03-01,-0.2985354852814885
Bulgaria,918,2018-04-01,0.44750005012709526
Bulgaria,918,2018-05-01,0.2874200105758008
Bulgaria,918,2018-06-01,0.05143819152238963
Bulgaria,918,2018-07-01,0.6674703130990652
Bulgaria,918,2018-08-01,0.08305184874637232
Bulgaria,918,2018-09-01,0.25140135467146213
Bulgaria,918,2018-10-01,0.7281689018727716
Bulgaria,918,2018-11-01,-0.11046525429562891
Bulgaria,918,2018-12-01,-0.03450933282859664
Ireland,178,2011-01-01,NA
Ireland,178,2011-02-01,0.8805031446540916
Ireland,178,2011-03-01,0.872817955112223
Ireland,178,2011-04-01,0.37082818294190006
Ireland,178,2011-05-01,0.1231527093595989
Ireland,178,2011-06-01,-0.12300123001229314
Ireland,178,2011-07-01,0
Ireland,178,2011-08-01,0.1231527093595989
Ireland,178,2011-09-01,0.36900369003689687
Ireland,178,2011-10-01,0.2450980392156898
Ireland,178,2011-11-01,0
Ireland,178,2011-12-01,-0.24449877750611593
Ireland,178,2012-01-01,-0.49019607843136215
Ireland,178,2012-02-01,0.8620689655172449
Ireland,178,2012-03-01,0.9768009768009733
Ireland,178,2012-04-01,0.12091898428052517
Ireland,178,2012-05-01,-0.12077294685989652
Ireland,178,2012-06-01,-0.12091898428054236
Ireland,178,2012-07-01,-0.12106537530265657
Ireland,178,2012-08-01,0.6060606060606061
Ireland,178,2012-09-01,-0.12048192771083653
Ireland,178,2012-10-01,-0.1206272617611683
Ireland,178,2012-11-01,-0.3623188405797067
Ireland,178,2012-12-01,0
Ireland,178,2013-01-01,-0.3636363636363602
Ireland,178,2013-02-01,0.7299270072992631
Ireland,178,2013-03-01,0.48309178743962045
Ireland,178,2013-04-01,0
Ireland,178,2013-05-01,-0.12019230769231794
Ireland,178,2013-06-01,0
Ireland,178,2013-07-01,0
Ireland,178,2013-08-01,0
Ireland,178,2013-09-01,-0.12033694344162976
Ireland,178,2013-10-01,-0.12048192771083653
Ireland,178,2013-11-01,-0.1206272617611683
Ireland,178,2013-12-01,-0.12077294685989652
Ireland,178,2014-01-01,-0.483675937122135
Ireland,178,2014-02-01,0.6075334143377886
Ireland,178,2014-03-01,0.6038647342995169
Ireland,178,2014-04-01,0.12004801920769333
Ireland,178,2014-05-01,0
Ireland,178,2014-06-01,0.11990407673860229
Ireland,178,2014-07-01,-0.23952095808383575
Ireland,178,2014-08-01,0.24009603841536956
Ireland,178,2014-09-01,-0.23952095808383575
Ireland,178,2014-10-01,-0.36014405762304585
Ireland,178,2014-11-01,-0.24096385542169016
Ireland,178,2014-12-01,-0.3623188405797067
Ireland,178,2015-01-01,-0.8484848484848518
Ireland,178,2015-02-01,0.6112469437652812
Ireland,178,2015-03-01,0.6075334143377886
Ireland,178,2015-04-01,0
Ireland,178,2015-05-01,0.3623188405797067
Ireland,178,2015-06-01,0.2406738868832766
Ireland,178,2015-07-01,-0.24009603841536956
Ireland,178,2015-08-01,0.3610108303249235
Ireland,178,2015-09-01,-0.3597122302158409
Ireland,178,2015-10-01,-0.24067388688325952
Ireland,178,2015-11-01,-0.36188178528348774
Ireland,178,2015-12-01,0
Ireland,178,2016-01-01,-0.8474576271186304
Ireland,178,2016-02-01,0.3663003663003628
Ireland,178,2016-03-01,0.36496350364963154
Ireland,178,2016-04-01,0.24242424242424584
Ireland,178,2016-05-01,0.6045949214026602
Ireland,178,2016-06-01,0.6009615384615384
Ireland,178,2016-07-01,-0.2389486260454036
Ireland,178,2016-08-01,-0.11976047904190935
Ireland,178,2016-09-01,-0.4796163069544433
Ireland,178,2016-10-01,-0.36144578313252673
Ireland,178,2016-11-01,-0.12091898428054236
Ireland,178,2016-12-01,0
Ireland,178,2017-01-01,-0.48426150121064343
Ireland,178,2017-02-01,0.608272506082725
Ireland,178,2017-03-01,0.4836759371221178
Ireland,178,2017-04-01,0.4813477737665532
Ireland,178,2017-05-01,-0.23952095808383575
Ireland,178,2017-06-01,0.12004801920769333
Ireland,178,2017-07-01,0
Ireland,178,2017-08-01,0.4796163069544262
Ireland,178,2017-09-01,-0.7159904534606137
Ireland,178,2017-10-01,-0.12019230769231794
Ireland,178,2017-11-01,-0.12033694344162976
Ireland,178,2017-12-01,-0.12048192771083653
Ireland,178,2018-01-01,-0.7237635705669584
Ireland,178,2018-02-01,0.8505467800729074
Ireland,178,2018-03-01,0.36144578313252673
Ireland,178,2018-04-01,-0.12004801920767626
Ireland,178,2018-05-01,0.6009615384615384
Ireland,178,2018-06-01,0
Ireland,178,2018-07-01,0.3584229390680969
Ireland,178,2018-08-01,0.35714285714285376
Ireland,178,2018-09-01,-0.3558718861209931
Ireland,178,2018-10-01,-0.11904761904761227
Ireland,178,2018-11-01,-0.47675804529202104
Ireland,178,2018-12-01,-0.11976047904190935
St. Vincent and the Grenadines,364,2011-01-01,NA
St. Vincent and the Grenadines,364,2011-02-01,0.09832841691248212
St. Vincent and the Grenadines,364,2011-03-01,0.19646365422397138
St. Vincent and the Grenadines,364,2011-04-01,0.6862745098039243
St. Vincent and the Grenadines,364,2011-05-01,0.29211295034079565
St. Vincent and the Grenadines,364,2011-06-01,0.6796116504854397
St. Vincent and the Grenadines,364,2011-07-01,0.1928640308582477
St. Vincent and the Grenadines,364,2011-08-01,1.0587102983638057
St. Vincent and the Grenadines,364,2011-09-01,0.38095238095238637
St. Vincent and the Grenadines,364,2011-10-01,0.28462998102466525
St. Vincent and the Grenadines,364,2011-11-01,0.1892147587511853
St. Vincent and the Grenadines,364,2011-12-01,0.1888574126534359
St. Vincent and the Grenadines,364,2012-01-01,0
St. Vincent and the Grenadines,364,2012-02-01,-0.1885014137605925
St. Vincent and the Grenadines,364,2012-03-01,0.09442870632671795
St. Vincent and the Grenadines,364,2012-04-01,0.3773584905660431
St. Vincent and the Grenadines,364,2012-05-01,0.2819548872180424
St. Vincent and the Grenadines,364,2012-06-01,-0.0937207122774213
St. Vincent and the Grenadines,364,2012-07-01,0.6566604127579765
St. Vincent and the Grenadines,364,2012-08-01,-0.27958993476234595
St. Vincent and the Grenadines,364,2012-09-01,-0.6542056074766381
St. Vincent and the Grenadines,364,2012-10-01,0.2822201317027255
St. Vincent and the Grenadines,364,2012-11-01,0.5628517823639856
St. Vincent and the Grenadines,364,2012-12-01,0
St. Vincent and the Grenadines,364,2013-01-01,0.37313432835820104
St. Vincent and the Grenadines,364,2013-02-01,-0.18587360594794483
St. Vincent and the Grenadines,364,2013-03-01,0.37243947858472204
St. Vincent and the Grenadines,364,2013-04-01,0
St. Vincent and the Grenadines,364,2013-05-01,0
St. Vincent and the Grenadines,364,2013-06-01,-0.18552875695733104
St. Vincent and the Grenadines,364,2013-07-01,-0.557620817843861
St. Vincent and the Grenadines,364,2013-08-01,0.46728971962616817
St. Vincent and the Grenadines,364,2013-09-01,-0.1860465116279096
St. Vincent and the Grenadines,364,2013-10-01,0.18639328984156836
St. Vincent and the Grenadines,364,2013-11-01,-0.3720930232558192
St. Vincent and the Grenadines,364,2013-12-01,0.09337068160598369
St. Vincent and the Grenadines,364,2014-01-01,0.46641791044776115
St. Vincent and the Grenadines,364,2014-02-01,-0.4642525533890436
St. Vincent and the Grenadines,364,2014-03-01,0.18656716417910713
St. Vincent and the Grenadines,364,2014-04-01,0.5586592178770896
St. Vincent and the Grenadines,364,2014-05-01,-0.6481481481481508
St. Vincent and the Grenadines,364,2014-06-01,0.0931966449207908
St. Vincent and the Grenadines,364,2014-07-01,0.5586592178770896
St. Vincent and the Grenadines,364,2014-08-01,0.3703703703703756
St. Vincent and the Grenadines,364,2014-09-01,-0.7380073800738112
St. Vincent and the Grenadines,364,2014-10-01,0
St. Vincent and the Grenadines,364,2014-11-01,0.5576208178438741
St. Vincent and the Grenadines,364,2014-12-01,-0.8317929759704303
St. Vincent and the Grenadines,364,2015-01-01,0.18639328984156836
St. Vincent and the Grenadines,364,2015-02-01,-1.3953488372093024
St. Vincent and the Grenadines,364,2015-03-01,-0.4716981132075472
St. Vincent and the Grenadines,364,2015-04-01,0.09478672985781451
St. Vincent and the Grenadines,364,2015-05-01,-0.18939393939392865
St. Vincent and the Grenadines,364,2015-06-01,0.09487666034155058
St. Vincent and the Grenadines,364,2015-07-01,0.663507109004742
St. Vincent and the Grenadines,364,2015-08-01,0.09416195856873287
St. Vincent and the Grenadines,364,2015-09-01,-0.4703668861712136
St. Vincent and the Grenadines,364,2015-10-01,-0.37807183364838515
St. Vincent and the Grenadines,364,2015-11-01,0
St. Vincent and the Grenadines,364,2015-12-01,-0.2846299810246787
St. Vincent and the Grenadines,364,2016-01-01,-0.3805899143672612
St. Vincent and the Grenadines,364,2016-02-01,-0.0955109837631409
St. Vincent and the Grenadines,364,2016-03-01,0.19120458891013656
St. Vincent and the Grenadines,364,2016-04-01,-0.28625954198473014
St. Vincent and the Grenadines,364,2016-05-01,0.765550239234447
St. Vincent and the Grenadines,364,2016-06-01,1.0446343779677194
St. Vincent and the Grenadines,364,2016-07-01,-0.09398496240602304
St. Vincent and the Grenadines,364,2016-08-01,0
St. Vincent and the Grenadines,364,2016-09-01,0.09407337723425073
St. Vincent and the Grenadines,364,2016-10-01,-0.2819548872180558
St. Vincent and the Grenadines,364,2016-11-01,0.1885014137606059
St. Vincent and the Grenadines,364,2016-12-01,-0.18814675446848808
St. Vincent and the Grenadines,364,2017-01-01,0.5655042412818178
St. Vincent and the Grenadines,364,2017-02-01,-0.28116213683223723
St. Vincent and the Grenadines,364,2017-03-01,-0.09398496240602304
St. Vincent and the Grenadines,364,2017-04-01,1.1288805268109152
St. Vincent and the Grenadines,364,2017-05-01,0.7441860465116252
St. Vincent and the Grenadines,364,2017-06-01,-0.2770083102493049
St. Vincent and the Grenadines,364,2017-07-01,0.4629629629629629
St. Vincent and the Grenadines,364,2017-08-01,-0.09216589861750628
St. Vincent and the Grenadines,364,2017-09-01,0
St. Vincent and the Grenadines,364,2017-10-01,0.09225092250921985
St. Vincent and the Grenadines,364,2017-11-01,0.276497695852532
St. Vincent and the Grenadines,364,2017-12-01,0.4595588235294118
St. Vincent and the Grenadines,364,2018-01-01,0.2744739249771246
St. Vincent and the Grenadines,364,2018-02-01,-0.18248175182480714
St. Vincent and the Grenadines,364,2018-03-01,0.18281535648993474
St. Vincent and the Grenadines,364,2018-04-01,0.7299270072992805
St. Vincent and the Grenadines,364,2018-05-01,0.09057971014492239
St. Vincent and the Grenadines,364,2018-06-01,0.090497737556555935
St. Vincent and the Grenadines,364,2018-07-01,0.09041591320073104
St. Vincent and the Grenadines,364,2018-08-01,0.09033423667569496
St. Vincent and the Grenadines,364,2018-09-01,0.09025270758123513
St. Vincent and the Grenadines,364,2018-10-01,0.09017132551847999
St. Vincent and the Grenadines,364,2018-11-01,-0.09009009009008498
St. Vincent and the Grenadines,364,2018-12-01,-0.0901713255184928
United States,111,2011-01-01,NA
United States,111,2011-02-01,0.4931365025458872
United States,111,2011-03-01,0.9751072030507808
United States,111,2011-04-01,0.6439429535453055
United States,111,2011-05-01,0.4704187527238256
United States,111,2011-06-01,-0.10709670567075591
United States,111,2011-07-01,0.08860456667934918
United States,111,2011-08-01,0.2757588902373766
United States,111,2011-09-01,0.15184621156891068
United States,111,2011-10-01,-0.20626826333582804
United States,111,2011-11-01,-0.08435613304377816
United States,111,2011-12-01,-0.2466516377138785
United States,111,2012-01-01,0.44001914282634513
United States,111,2012-02-01,0.44029735512740203
United States,111,2012-03-01,0.7594558623936739
United States,111,2012-04-01,0.30210295040813595
United States,111,2012-05-01,-0.11734793663222148
United States,111,2012-06-01,-0.14663968844518183
United States,111,2012-07-01,-0.1629785861823442
United States,111,2012-08-01,0.5565158181429806
United States,111,2012-09-01,0.446221226761259
United States,111,2012-10-01,-0.038892514055358235
United States,111,2012-11-01,-0.47380866948837624
United States,111,2012-12-01,-0.2693064490205563
United States,111,2013-01-01,0.29573041929304067
United States,111,2013-02-01,0.8190029529265384
United States,111,2013-03-01,0.26145085843773186
United States,111,2013-04-01,-0.10396394770858249
United States,111,2013-05-01,0.17804077735832116
United States,111,2013-06-01,0.23997080856004682
United States,111,2013-07-01,0.03939975332339644
United States,111,2013-08-01,0.12029315570436419
United States,111,2013-09-01,0.11630044852655914
United States,111,2013-10-01,-0.25752832598053027
United States,111,2013-11-01,-0.2042424190517944
United States,111,2013-12-01,-0.008581149788171956
United States,111,2014-01-01,0.3720247673235334
United States,111,2014-02-01,0.3697908650967057
United States,111,2014-03-01,0.6440044126226914
United States,111,2014-04-01,0.3296754453157406
United States,111,2014-05-01,0.34926098400501
United States,111,2014-06-01,0.18621269440930996
United States,111,2014-07-01,-0.0390193964162509
United States,111,2014-08-01,-0.16705141657910103
United States,111,2014-09-01,0.07525688243112305
United States,111,2014-10-01,-0.25122778125522993
United States,111,2014-11-01,-0.5399417941066287
United States,111,2014-12-01,-0.5670100910011758
United States,111,2015-01-01,-0.4705892373469565
United States,111,2015-02-01,0.43430449237772845
United States,111,2015-03-01,0.5951721611094472
United States,111,2015-04-01,0.20328732545835107
United States,111,2015-05-01,0.5097232025495898
United States,111,2015-06-01,0.3502869998531743
United States,111,2015-07-01,0.006704715929303293
United States,111,2015-08-01,-0.14162762828209668
United States,111,2015-09-01,-0.15567565753002302
United States,111,2015-10-01,-0.044968375044474436
United States,111,2015-11-01,-0.21106803790863854
United States,111,2015-12-01,-0.3417096437113194
United States,111,2016-01-01,0.16531022090646277
United States,111,2016-02-01,0.08230765334526864
United States,111,2016-03-01,0.4306000143391042
United States,111,2016-04-01,0.47410679791102917
United States,111,2016-05-01,0.4045790998109855
United States,111,2016-06-01,0.3284366167285893
United States,111,2016-07-01,-0.1618136404754508
United States,111,2016-08-01,0.0918430107892742
United States,111,2016-09-01,0.2403995864619706
United States,111,2016-10-01,0.12467485130187907
United States,111,2016-11-01,-0.15554608673338005
United States,111,2016-12-01,0.03273213923134403
United States,111,2017-01-01,0.5827727890256158
United States,111,2017-02-01,0.3146117386419039
United States,111,2017-03-01,0.08127978719464815
United States,111,2017-04-01,0.29655333653305904
United States,111,2017-05-01,0.08547218268907542
United States,111,2017-06-01,0.09071110148608302
United States,111,2017-07-01,-0.06899226388483956
United States,111,2017-08-01,0.29944522971076376
United States,111,2017-09-01,0.5294905893233292
United States,111,2017-10-01,-0.06320421037278666
United States,111,2017-11-01,0.0024324685901024722
United States,111,2017-12-01,-0.05878322772578699
United States,111,2018-01-01,0.5447745452777838
United States,111,2018-02-01,0.45346899748607095
United States,111,2018-03-01,0.22611259041514029
United States,111,2018-04-01,0.3975091563344931
United States,111,2018-05-01,0.4158916925432769
United States,111,2018-06-01,0.15938757015524627
United States,111,2018-07-01,0.006746326228324328
United States,111,2018-08-01,0.05555423283596692
United States,111,2018-09-01,0.1162025175882795
United States,111,2018-10-01,0.17667634557260234
United States,111,2018-11-01,-0.3349348518101242
United States,111,2018-12-01,-0.3193962815123487
Czech Rep.,935,2011-01-01,NA
Czech Rep.,935,2011-02-01,0.10626992561106113
Czech Rep.,935,2011-03-01,0.10615711252653325
Czech Rep.,935,2011-04-01,0.21208907741251626
Czech Rep.,935,2011-05-01,0.5291005291005291
Czech Rep.,935,2011-06-01,-0.10526315789473085
Czech Rep.,935,2011-07-01,0.21074815595362342
Czech Rep.,935,2011-08-01,-0.21030494216612897
Czech Rep.,935,2011-09-01,-0.21074815595363838
Czech Rep.,935,2011-10-01,0.21119324181626487
Czech Rep.,935,2011-11-01,0.4214963119072618
Czech Rep.,935,2011-12-01,0.4197271773347384
Czech Rep.,935,2012-01-01,1.7763845350052276
Czech Rep.,935,2012-02-01,0.30800821355235847
Czech Rep.,935,2012-03-01,0.10235414534288055
Czech Rep.,935,2012-04-01,0
Czech Rep.,935,2012-05-01,0.2044989775051154
Czech Rep.,935,2012-06-01,0.20408163265306412
Czech Rep.,935,2012-07-01,-0.10183299389002905
Czech Rep.,935,2012-08-01,-0.10193679918449983
Czech Rep.,935,2012-09-01,-0.10204081632652481
Czech Rep.,935,2012-10-01,0.3064351378958091
Czech Rep.,935,2012-11-01,-0.3054989816700582
Czech Rep.,935,2012-12-01,0.10214504596526487
Czech Rep.,935,2013-01-01,1.3265306122448952
Czech Rep.,935,2013-02-01,0.10070493454180113
Czech Rep.,935,2013-03-01,0.10060362173037658
Czech Rep.,935,2013-04-01,0
Czech Rep.,935,2013-05-01,-0.20100502512563098
Czech Rep.,935,2013-06-01,0.4028197381671759
Czech Rep.,935,2013-07-01,-0.2006018054162516
Czech Rep.,935,2013-08-01,-0.20100502512563098
Czech Rep.,935,2013-09-01,-0.4028197381671616
Czech Rep.,935,2013-10-01,0.20222446916075693
Czech Rep.,935,2013-11-01,-0.1009081735620528
Czech Rep.,935,2013-12-01,0.40404040404040975
Czech Rep.,935,2014-01-01,0.10060362173037658
Czech Rep.,935,2014-02-01,0.10050251256280836
Czech Rep.,935,2014-03-01,0
Czech Rep.,935,2014-04-01,0
Czech Rep.,935,2014-05-01,0.10040160642571137
Czech Rep.,935,2014-06-01,0
Czech Rep.,935,2014-07-01,0.30090270812437026
Czech Rep.,935,2014-08-01,-0.09999999999999432
Czech Rep.,935,2014-09-01,-0.3003003003003117
Czech Rep.,935,2014-10-01,0.20080321285140845
Czech Rep.,935,2014-11-01,-0.3006012024048068
Czech Rep.,935,2014-12-01,0
Czech Rep.,935,2015-01-01,0
Czech Rep.,935,2015-02-01,0.20100502512563098
Czech Rep.,935,2015-03-01,0.10030090270811867
Czech Rep.,935,2015-04-01,0.3006012024048068
Czech Rep.,935,2015-05-01,0.2997002997003111
Czech Rep.,935,2015-06-01,0.09960159362549234
Czech Rep.,935,2015-07-01,-0.09950248756218338
Czech Rep.,935,2015-08-01,-0.19920318725099884
Czech Rep.,935,2015-09-01,-0.19960079840319644
Czech Rep.,935,2015-10-01,0
Czech Rep.,935,2015-11-01,-0.40000000000000563
Czech Rep.,935,2015-12-01,-0.10040160642569709
Czech Rep.,935,2016-01-01,0.6030150753768787
Czech Rep.,935,2016-02-01,0.09990009990010842
Czech Rep.,935,2016-03-01,-0.09980039920160531
Czech Rep.,935,2016-04-01,0.599400599400608
Czech Rep.,935,2016-05-01,-0.1986097318768648
Czech Rep.,935,2016-06-01,0.09950248756218338
Czech Rep.,935,2016-07-01,0.2982107355864924
Czech Rep.,935,2016-08-01,-0.09910802775025622
Czech Rep.,935,2016-09-01,-0.29761904761904484
Czech Rep.,935,2016-10-01,0.29850746268656436
Czech Rep.,935,2016-11-01,0.39682539682540247
Czech Rep.,935,2016-12-01,0.29644268774703275
Czech Rep.,935,2017-01-01,0.788177339901475
Czech Rep.,935,2017-02-01,0.3910068426197514
Czech Rep.,935,2017-03-01,0
Czech Rep.,935,2017-04-01,0
Czech Rep.,935,2017-05-01,0.19474196689386838
Czech Rep.,935,2017-06-01,0
Czech Rep.,935,2017-07-01,0.4859086491739553
Czech Rep.,935,2017-08-01,-0.09671179883946665
Czech Rep.,935,2017-09-01,-0.09680542110357629
Czech Rep.,935,2017-10-01,0.4844961240310077
Czech Rep.,935,2017-11-01,0.09643201542911699
Czech Rep.,935,2017-12-01,0.09633911368016236
Czech Rep.,935,2018-01-01,0.5774783445620735
Czech Rep.,935,2018-02-01,0
Czech Rep.,935,2018-03-01,-0.09569377990430078
Czech Rep.,935,2018-04-01,0.2873563218390777
Czech Rep.,935,2018-05-01,0.4775549188156638
Czech Rep.,935,2018-06-01,0.38022813688212115
Czech Rep.,935,2018-07-01,0.18939393939394208
Czech Rep.,935,2018-08-01,0.09451795841210636
Czech Rep.,935,2018-09-01,-0.2832861189801807
Czech Rep.,935,2018-10-01,0.37878787878788417
Czech Rep.,935,2018-11-01,-0.09433962264150407
Czech Rep.,935,2018-12-01,0.09442870632671795
Slovak Rep.,936,2011-01-01,NA
Slovak Rep.,936,2011-02-01,0.32446463335496434
Slovak Rep.,936,2011-03-01,0.3880983182406173
Slovak Rep.,936,2011-04-01,0.4510309278350626
Slovak Rep.,936,2011-05-01,0.32071840923669015
Slovak Rep.,936,2011-06-01,-0.06393861892582757
Slovak Rep.,936,2011-07-01,-0.06397952655151806
Slovak Rep.,936,2011-08-01,0.06402048655571238
Slovak Rep.,936,2011-09-01,0.3198976327575176
Slovak Rep.,936,2011-10-01,0.191326530612234
Slovak Rep.,936,2011-11-01,0.44557606619988355
Slovak Rep.,936,2011-12-01,0.06337135614701794
Slovak Rep.,936,2012-01-01,1.3932868904369782
Slovak Rep.,936,2012-02-01,0.24984384759525652
Slovak Rep.,936,2012-03-01,0.3115264797507788
Slovak Rep.,936,2012-04-01,0.3105590062111801
Slovak Rep.,936,2012-05-01,0.06191950464395933
Slovak Rep.,936,2012-06-01,0.1856435643564427
Slovak Rep.,936,2012-07-01,0
Slovak Rep.,936,2012-08-01,0.06176652254477722
Slovak Rep.,936,2012-09-01,0.30864197530864196
Slovak Rep.,936,2012-10-01,0.36923076923076575
Slovak Rep.,936,2012-11-01,0
Slovak Rep.,936,2012-12-01,-0.06131207847945697
Slovak Rep.,936,2013-01-01,0.6134969325153374
Slovak Rep.,936,2013-02-01,0
Slovak Rep.,936,2013-03-01,0.06097560975609409
Slovak Rep.,936,2013-04-01,0
Slovak Rep.,936,2013-05-01,0.1218769043266405
Slovak Rep.,936,2013-06-01,0.1217285453438762
Slovak Rep.,936,2013-07-01,-0.06079027355622755
Slovak Rep.,936,2013-08-01,-0.12165450121655538
Slovak Rep.,936,2013-09-01,-0.06090133982947279
Slovak Rep.,936,2013-10-01,0
Slovak Rep.,936,2013-11-01,-0.12187690432662317
Slovak Rep.,936,2013-12-01,-0.12202562538134049
Slovak Rep.,936,2014-01-01,0.18326206475260318
Slovak Rep.,936,2014-02-01,-0.06097560975609409
Slovak Rep.,936,2014-03-01,-0.06101281269066157
Slovak Rep.,936,2014-04-01,0.06105006105005758
Slovak Rep.,936,2014-05-01,0.24405125076266362
Slovak Rep.,936,2014-06-01,0.0608642726719381
Slovak Rep.,936,2014-07-01,-0.12165450121655538
Slovak Rep.,936,2014-08-01,-0.18270401948841836
Slovak Rep.,936,2014-09-01,0.06101281269066157
Slovak Rep.,936,2014-10-01,0.06097560975609409
Slovak Rep.,936,2014-11-01,-0.12187690432662317
Slovak Rep.,936,2014-12-01,-0.24405125076266362
Slovak Rep.,936,2015-01-01,-0.12232415902139979
Slovak Rep.,936,2015-02-01,-0.12247397428047584
Slovak Rep.,936,2015-03-01,0.12262415695893138
Slovak Rep.,936,2015-04-01,0.18371096142068766
Slovak Rep.,936,2015-05-01,0.36674816625916523
Slovak Rep.,936,2015-06-01,0.0609013398294901
Slovak Rep.,936,2015-07-01,-0.24345709068776972
Slovak Rep.,936,2015-08-01,-0.18303843807200204
Slovak Rep.,936,2015-09-01,-0.3056234718826406
Slovak Rep.,936,2015-10-01,0.06131207847945697
Slovak Rep.,936,2015-11-01,0
Slovak Rep.,936,2015-12-01,-0.30637254901960786
Slovak Rep.,936,2016-01-01,-0.2458512599876935
Slovak Rep.,936,2016-02-01,0.061614294516324275
Slovak Rep.,936,2016-03-01,0
Slovak Rep.,936,2016-04-01,0.30788177339901474
Slovak Rep.,936,2016-05-01,-0.06138735420503027
Slovak Rep.,936,2016-06-01,0.12285012285011586
Slovak Rep.,936,2016-07-01,-0.368098159509199
Slovak Rep.,936,2016-08-01,-0.1231527093596164
Slovak Rep.,936,2016-09-01,0.061652281134415995
Slovak Rep.,936,2016-10-01,0.2464571780652971
Slovak Rep.,936,2016-11-01,0.12292562999386421
Slovak Rep.,936,2016-12-01,0.06138735420503027
Slovak Rep.,936,2017-01-01,0.24539877300613847
Slovak Rep.,936,2017-02-01,0.4895960832313237
Slovak Rep.,936,2017-03-01,-0.12180267965894558
Slovak Rep.,936,2017-04-01,0.12195121951218818
Slovak Rep.,936,2017-05-01,0.2436053593179085
Slovak Rep.,936,2017-06-01,0
Slovak Rep.,936,2017-07-01,0.06075334143377541
Slovak Rep.,936,2017-08-01,0
Slovak Rep.,936,2017-09-01,0.18214936247723826
Slovak Rep.,936,2017-10-01,0.30303030303030304
Slovak Rep.,936,2017-11-01,0.3021148036253776
Slovak Rep.,936,2017-12-01,0
Slovak Rep.,936,2018-01-01,0.8433734939759071
Slovak Rep.,936,2018-02-01,0.17921146953404
Slovak Rep.,936,2018-03-01,0.17889087656530195
Slovak Rep.,936,2018-04-01,0.5952380952380952
Slovak Rep.,936,2018-05-01,0
Slovak Rep.,936,2018-06-01,0.11834319526626547
Slovak Rep.,936,2018-07-01,-0.1182033096926647
Slovak Rep.,936,2018-08-01,0.23668639053254772
Slovak Rep.,936,2018-09-01,0.05903187721369204
Slovak Rep.,936,2018-10-01,0.05899705014748927
Slovak Rep.,936,2018-11-01,-0.058962264150940046
Slovak Rep.,936,2018-12-01,-0.11799410029497855
Austria,122,2011-01-01,NA
Austria,122,2011-02-01,0.693072966659373
Austria,122,2011-03-01,1.17994214827901
Austria,122,2011-04-01,0.48590620821754843
Austria,122,2011-05-01,0.0967090009151245
Austria,122,2011-06-01,0
Austria,122,2011-07-01,-0.19323112993504823
Austria,122,2011-08-01,0.19360523551925551
Austria,122,2011-09-01,0.38647382090454196
Austria,122,2011-10-01,0.0962436086159379
Austria,122,2011-11-01,0.09616257480988995
Austria,122,2011-12-01,0.1921173936816934
Austria,122,2012-01-01,-0.47938399855999464
Austria,122,2012-02-01,0.4816931584839248
Austria,122,2012-03-01,1.0546539747192714
Austria,122,2012-04-01,0.37950700758003153
Austria,122,2012-05-01,-0.09452653155487184
Austria,122,2012-06-01,0.09461596874842676
Austria,122,2012-07-01,-0.28355697525051704
Austria,122,2012-08-01,0.2843633072432583
Austria,122,2012-09-01,0.8506596160444937
Austria,122,2012-10-01,0.18743600132643257
Austria,122,2012-11-01,0.0935538613578314
Austria,122,2012-12-01,0.18691047408767458
Austria,122,2013-01-01,-0.5596964737994778
Austria,122,2013-02-01,0.2814177410700833
Austria,122,2013-03-01,0.8419063989027854
Austria,122,2013-04-01,0.09277280120801971
Austria,122,2013-05-01,0.18535144692565825
Austria,122,2013-06-01,0
Austria,122,2013-07-01,-0.46253239641725513
Austria,122,2013-08-01,0.09293411586150695
Austria,122,2013-09-01,0.7428048487964629
Austria,122,2013-10-01,-0.09216323557030492
Austria,122,2013-11-01,0.09224825454645208
Austria,122,2013-12-01,0.6451757337961385
Austria,122,2014-01-01,-0.8241847648324049
Austria,122,2014-02-01,0.18466686104894753
Austria,122,2014-03-01,1.0138397043453804
Austria,122,2014-04-01,0.09123822620747311
Austria,122,2014-05-01,0.2734651738485203
Austria,122,2014-06-01,0.0909173383214925
Austria,122,2014-07-01,-0.5449650506818392
Austria,122,2014-08-01,0
Austria,122,2014-09-01,0.6392727495252101
Austria,122,2014-10-01,-0.09074147085008569
Austria,122,2014-11-01,0.18164777155983575
Austria,122,2014-12-01,0
Austria,122,2015-01-01,-1.087943009130578
Austria,122,2015-02-01,0.3042636281688395
Austria,122,2015-03-01,1.1122309098044243
Austria,122,2015-04-01,0.2000062289044532
Austria,122,2015-05-01,0.19959620998159927
Austria,122,2015-06-01,0.09959930854576673
Austria,122,2015-07-01,-0.39801158837925177
Austria,122,2015-08-01,-0.1997956237909091
Austria,122,2015-09-01,0.40039121170083986
Austria,122,2015-10-01,-0.09968783669306837
Austria,122,2015-11-01,0.09978731250619995
Austria,122,2015-12-01,0.39880525540130746
Austria,122,2016-01-01,-0.8937340889795047
Austria,122,2016-02-01,0.10019809902089499
Austria,122,2016-03-01,0.8007932482965753
Austria,122,2016-04-01,0
Austria,122,2016-05-01,0.29791852225882876
Austria,122,2016-06-01,0.09900763237814666
Austria,122,2016-07-01,-0.39564951329729364
Austria,122,2016-08-01,-0.19860518890690215
Austria,122,2016-09-01,0.696522969730938
Austria,122,2016-10-01,0.296435877108146
Austria,122,2016-11-01,0.09853056493129579
Austria,122,2016-12-01,0.4921146700090948
Austria,122,2017-01-01,-0.29382285662417257
Austria,122,2017-02-01,0.29468871943777386
Austria,122,2017-03-01,0.48972594433264527
Austria,122,2017-04-01,0.19492729488049446
Austria,122,2017-05-01,0.09727403379753706
Austria,122,2017-06-01,0.09717950337459512
Austria,122,2017-07-01,-0.29126596860265014
Austria,122,2017-08-01,-0.09735822879205104
Austria,122,2017-09-01,0.9746575544603225
Austria,122,2017-10-01,0.09652287989953126
Austria,122,2017-11-01,0.19285960615302591
Austria,122,2017-12-01,0.38498715581930537
Austria,122,2018-01-01,-0.6711359294429098
Austria,122,2018-02-01,0.28956863969857893
Austria,122,2018-03-01,0.5774755296526659
Austria,122,2018-04-01,0.19139353117805344
Austria,122,2018-05-01,0.19101758747905995
Austria,122,2018-06-01,0.19065340594259642
Austria,122,2018-07-01,-0.19029061041265574
Austria,122,2018-08-01,0
Austria,122,2018-09-01,0.7626342416362445
Austria,122,2018-10-01,0.2838258646166302
Austria,122,2018-11-01,0.18867491426533692
Austria,122,2018-12-01,0.09415980120847321
Lithuania,946,2011-01-01,NA
Lithuania,946,2011-02-01,0.07812236073105434
Lithuania,946,2011-03-01,1.0101564181220535
Lithuania,946,2011-04-01,1.0457961376348797
Lithuania,946,2011-05-01,0.7433115397256057
Lithuania,946,2011-06-01,-0.1308022331788305
Lithuania,946,2011-07-01,-0.22928075490071323
Lithuania,946,2011-08-01,-0.36334732565455063
Lithuania,946,2011-09-01,0.6946238470298204
Lithuania,946,2011-10-01,0.09636303928409216
Lithuania,946,2011-11-01,0.1964364621342147
Lithuania,946,2011-12-01,-0.1601358852751813
Lithuania,946,2012-01-01,0.33708095477232886
Lithuania,946,2012-02-01,0.3998900940635552
Lithuania,946,2012-03-01,0.9619160594709263
Lithuania,946,2012-04-01,0.6004701785287829
Lithuania,946,2012-05-01,0.06260342085124625
Lithuania,946,2012-06-01,-0.07467669296367747
Lithuania,946,2012-07-01,0.021137476746275263
Lithuania,946,2012-08-01,0.16475735098223812
Lithuania,946,2012-09-01,0.725939747000998
Lithuania,946,2012-10-01,-0.15625263688734597
Lithuania,946,2012-11-01,-0.1536138019763969
Lithuania,946,2012-12-01,-0.0853395258428426
Lithuania,946,2013-01-01,0.15547651058885326
Lithuania,946,2013-02-01,-0.045873978905926094
Lithuania,946,2013-03-01,0.31539146173190596
Lithuania,946,2013-04-01,0.30348320918110216
Lithuania,946,2013-05-01,0.1937286532395681
Lithuania,946,2013-06-01,-0.24016195131585605
Lithuania,946,2013-07-01,-0.6627282428149165
Lithuania,946,2013-08-01,0.059390766330221834
Lithuania,946,2013-09-01,0.6927465768499539
Lithuania,946,2013-10-01,-0.1199713176569543
Lithuania,946,2013-11-01,-0.15497166939640672
Lithuania,946,2013-12-01,-0.12615330601995442
Lithuania,946,2014-01-01,-0.048459571510141214
Lithuania,946,2014-02-01,-0.04401229164949415
Lithuania,946,2014-03-01,0.3513588193548625
Lithuania,946,2014-04-01,0.30308162701348457
Lithuania,946,2014-05-01,-0.08946478138896455
Lithuania,946,2014-06-01,0.003854581466580847
Lithuania,946,2014-07-01,-0.5091804685013699
Lithuania,946,2014-08-01,-0.08274807037063622
Lithuania,946,2014-09-01,0.4255162615811623
Lithuania,946,2014-10-01,0.07919874628384463
Lithuania,946,2014-11-01,-0.033929590658779873
Lithuania,946,2014-12-01,-0.6141064385190951
Lithuania,946,2015-01-01,-1.3011167221576252
Lithuania,946,2015-02-01,-0.3291637244022891
Lithuania,946,2015-03-01,0.7668741150382017
Lithuania,946,2015-04-01,0.6571824020152309
Lithuania,946,2015-05-01,0.49642920221083353
Lithuania,946,2015-06-01,-0.07019933831911031
Lithuania,946,2015-07-01,-0.4669995280323908
Lithuania,946,2015-08-01,-0.8294691656891858
Lithuania,946,2015-09-01,0.6139421954146059
Lithuania,946,2015-10-01,0.46992791503879694
Lithuania,946,2015-11-01,0.27245243036331157
Lithuania,946,2015-12-01,-0.34063327997076664
Lithuania,946,2016-01-01,-0.3359182396329637
Lithuania,946,2016-02-01,-0.3198529816117071
Lithuania,946,2016-03-01,1.0195115492483102
Lithuania,946,2016-04-01,0.5240727942870298
Lithuania,946,2016-05-01,-0.008988630863603611
Lithuania,946,2016-06-01,0.11261494874538483
Lithuania,946,2016-07-01,-0.7006835142519788
Lithuania,946,2016-08-01,-0.4679342328323091
Lithuania,946,2016-09-01,0.6252814165724041
Lithuania,946,2016-10-01,0.528628067292933
Lithuania,946,2016-11-01,0.3313199502575973
Lithuania,946,2016-12-01,0.4027240435303876
Lithuania,946,2017-01-01,0.2508153949705637
Lithuania,946,2017-02-01,0.34557201648503627
Lithuania,946,2017-03-01,1.1301492938514872
Lithuania,946,2017-04-01,0.9546684181280056
Lithuania,946,2017-05-01,-0.147002148272796
Lithuania,946,2017-06-01,0.25622335186382245
Lithuania,946,2017-07-01,-0.33627939109511507
Lithuania,946,2017-08-01,-0.04637172338359092
Lithuania,946,2017-09-01,1.0225643311577959
Lithuania,946,2017-10-01,0.15490942627646637
Lithuania,946,2017-11-01,0.29515843730529423
Lithuania,946,2017-12-01,-0.021680543785739796
Lithuania,946,2018-01-01,0.34347542826002314
Lithuania,946,2018-02-01,-0.17213644632199226
Lithuania,946,2018-03-01,0.3572907646549418
Lithuania,946,2018-04-01,0.6180620425496851
Lithuania,946,2018-05-01,0.3966160402525662
Lithuania,946,2018-06-01,-0.006220516377129523
Lithuania,946,2018-07-01,-0.4935868985918582
Lithuania,946,2018-08-01,-0.37799827936600633
Lithuania,946,2018-09-01,1.3375207348496245
Lithuania,946,2018-10-01,0.6395071016806161
Lithuania,946,2018-11-01,-0.11755565066134248
Lithuania,946,2018-12-01,-0.6270883790041267
Cyprus,423,2011-01-01,NA
Cyprus,423,2011-02-01,0.43168002819124407
Cyprus,423,2011-03-01,0.982456140350736
Cyprus,423,2011-04-01,1.164002779708523
Cyprus,423,2011-05-01,0.49802507298638304
Cyprus,423,2011-06-01,0.4955570745043934
Cyprus,423,2011-07-01,-1.470838292807809
Cyprus,423,2011-08-01,0.051773233238568604
Cyprus,423,2011-09-01,0.7848210435531258
Cyprus,423,2011-10-01,1.4461749101489518
Cyprus,423,2011-11-01,0.3205398566012797
Cyprus,423,2011-12-01,0.01681661481517622
Cyprus,423,2012-01-01,-1.597309794031708
Cyprus,423,2012-02-01,0.401537804358073
Cyprus,423,2012-03-01,1.2593601089170858
Cyprus,423,2012-04-01,0.8823529411764064
Cyprus,423,2012-05-01,0.3665139525196732
Cyprus,423,2012-06-01,-0.6556560710427941
Cyprus,423,2012-07-01,-1.0776942355895378
Cyprus,423,2012-08-01,0.5404948906343539
Cyprus,423,2012-09-01,0.6299874002520794
Cyprus,423,2012-10-01,0.6761268781304619
Cyprus,423,2012-11-01,-0.20727966171962373
Cyprus,423,2012-12-01,-0.08308408108969358
Cyprus,423,2013-01-01,-0.8897388990526637
Cyprus,423,2013-02-01,0.2181391056300414
Cyprus,423,2013-03-01,0.6864796986183108
Cyprus,423,2013-04-01,-0.4822482747151774
Cyprus,423,2013-05-01,-0.025064750605812234
Cyprus,423,2013-06-01,0.10864114992545065
Cyprus,423,2013-07-01,-1.460889890642147
Cyprus,423,2013-08-01,-0.10166045408368873
Cyprus,423,2013-09-01,0.5512211668932699
Cyprus,423,2013-10-01,0.09277220207470574
Cyprus,423,2013-11-01,-0.7162116616117369
Cyprus,423,2013-12-01,-0.2885513027235601
Cyprus,423,2014-01-01,-1.4809771044352402
Cyprus,423,2014-02-01,0.5356371490284663
Cyprus,423,2014-03-01,0.9882272063251877
Cyprus,423,2014-04-01,0.22123893805250386
Cyprus,423,2014-05-01,0.2122601460350133
Cyprus,423,2014-06-01,0.28806235702813876
Cyprus,423,2014-07-01,-0.8617048238572342
Cyprus,423,2014-08-01,-0.2386024712399949
Cyprus,423,2014-09-01,0.3587597164091513
Cyprus,423,2014-10-01,0.5191931228189948
Cyprus,423,2014-11-01,-0.3810330228622261
Cyprus,423,2014-12-01,-1.597960050998627
Cyprus,423,2015-01-01,-1.3302237194440312
Cyprus,423,2015-02-01,0.4377133852753748
Cyprus,423,2015-03-01,0.5055347337223046
Cyprus,423,2015-04-01,0.02601682421307495
Cyprus,423,2015-05-01,0.29478064851769786
Cyprus,423,2015-06-01,-0.15560165975053705
Cyprus,423,2015-07-01,-1.4199134199139456
Cyprus,423,2015-08-01,0.07904444054106927
Cyprus,423,2015-09-01,0.5002193944712522
Cyprus,423,2015-10-01,0.5151938526025709
Cyprus,423,2015-11-01,0.043436712709381674
Cyprus,423,2015-12-01,-0.7033692254257469
Cyprus,423,2016-01-01,-1.5842626439294492
Cyprus,423,2016-02-01,-0.7957559681697625
Cyprus,423,2016-03-01,0.6684491978609685
Cyprus,423,2016-04-01,0.16344876902645478
Cyprus,423,2016-05-01,0.6221315655277915
Cyprus,423,2016-06-01,-0.1419014798297188
Cyprus,423,2016-07-01,0.19285424279333915
Cyprus,423,2016-08-01,-0.08104548677945325
Cyprus,423,2016-09-01,0.5170840515056323
Cyprus,423,2016-10-01,0.08069396812588087
Cyprus,423,2016-11-01,-0.06047167909695855
Cyprus,423,2016-12-01,0.45381202097620293
Cyprus,423,2017-01-01,-1.0842284911153481
Cyprus,423,2017-02-01,0.3450725667309484
Cyprus,423,2017-03-01,0.9001719429553965
Cyprus,423,2017-04-01,0.25060144346431434
Cyprus,423,2017-05-01,-0.3099690030996923
Cyprus,423,2017-06-01,-0.5115346038114394
Cyprus,423,2017-07-01,-1.1694727291057532
Cyprus,423,2017-08-01,0.4590431500561082
Cyprus,423,2017-09-01,0.28432168968318555
Cyprus,423,2017-10-01,0.5872823005265272
Cyprus,423,2017-11-01,0.1006643849406023
Cyprus,423,2017-12-01,-0.41230893000804164
Cyprus,423,2018-01-01,-1.2218519640513057
Cyprus,423,2018-02-01,0.756491515027611
Cyprus,423,2018-03-01,0.7203733766233703
Cyprus,423,2018-04-01,0.604412209126633
Cyprus,423,2018-05-01,1.0914188444978363
Cyprus,423,2018-06-01,0.5249603803486541
Cyprus,423,2018-07-01,-1.1528229382205162
Cyprus,423,2018-08-01,0.6578947368421161
Cyprus,423,2018-09-01,0.8615567439096755
Cyprus,423,2018-10-01,0.4320078546882788
Cyprus,423,2018-11-01,-0.19552253397204303
Cyprus,423,2018-12-01,-1.351748457243618
Indonesia,536,2011-01-01,NA
Indonesia,536,2011-02-01,0.13460731989785793
Indonesia,536,2011-03-01,-0.32421652577348953
Indonesia,536,2011-04-01,-0.3094029393121005
Indonesia,536,2011-05-01,0.11937534763165308
Indonesia,536,2011-06-01,0.5484486186738647
Indonesia,536,2011-07-01,0.6719403218404781
Indonesia,536,2011-08-01,0.9344292388407479
Indonesia,536,2011-09-01,0.2722877923255297
Indonesia,536,2011-10-01,-0.11638377754293286
Indonesia,536,2011-11-01,0.34177437337408756
Indonesia,536,2011-12-01,0.5651082875587142
Indonesia,536,2012-01-01,0.762069129555644
Indonesia,536,2012-02-01,0.04583054718666973
Indonesia,536,2012-03-01,0.06872447695518544
Indonesia,536,2012-04-01,0.20603183656348803
Indonesia,536,2012-05-01,0.0685360727251471
Indonesia,536,2012-06-01,0.6239974918332891
Indonesia,536,2012-07-01,0.7032686094908952
Indonesia,536,2012-08-01,0.9537525812501082
Indonesia,536,2012-09-01,0.01492842758180619
Indonesia,536,2012-10-01,0.1635950986710685
Indonesia,536,2012-11-01,0.06681147420455572
Indonesia,536,2012-12-01,0.5417287983147554
Indonesia,536,2013-01-01,0.6013915087167956
Indonesia,536,2013-02-01,0.7020280811232438
Indonesia,536,2013-03-01,0.4744384198295845
Indonesia,536,2013-04-01,0.048183482702126974
Indonesia,536,2013-05-01,0.0963205548064039
Indonesia,536,2013-06-01,1.0200153964588166
Indonesia,536,2013-07-01,3.019622785292438
Indonesia,536,2013-08-01,0.9893666204345752
Indonesia,536,2013-09-01,-0.24720747115912473
Indonesia,536,2013-10-01,0.18357044515833212
Indonesia,536,2013-11-01,0.16491067338524287
Indonesia,536,2013-12-01,0.4481843958657229
Indonesia,536,2014-01-01,1.0653797122564213
Indonesia,536,2014-02-01,0.26128480043247704
Indonesia,536,2014-03-01,0.08087706685837834
Indonesia,536,2014-04-01,-0.0179581574930504
Indonesia,536,2014-05-01,0.1616524472384435
Indonesia,536,2014-06-01,0.4303774769120452
Indonesia,536,2014-07-01,0.9284885278100098
Indonesia,536,2014-08-01,0.4688191065900054
Indonesia,536,2014-09-01,0.27293537594647144
Indonesia,536,2014-10-01,0.46536131354816146
Indonesia,536,2014-11-01,1.5032337004020266
Indonesia,536,2014-12-01,2.4625452040640603
Indonesia,536,2015-01-01,-0.2436974789916019
Indonesia,536,2015-02-01,-0.3622272765563075
Indonesia,536,2015-03-01,0.16909029421711433
Indonesia,536,2015-04-01,0.36293045239702276
Indonesia,536,2015-05-01,0.49617357665461564
Indonesia,536,2015-06-01,0.5355648535564859
Indonesia,536,2015-07-01,0.9322457133344471
Indonesia,536,2015-08-01,0.3875968992248052
Indonesia,536,2015-09-01,-0.049289410991540515
Indonesia,536,2015-10-01,-0.08218952905400552
Indonesia,536,2015-11-01,0.20564283951632806
Indonesia,536,2015-12-01,0.9604334263667721
Indonesia,536,2016-01-01,0.5122367672168547
Indonesia,536,2016-02-01,-0.08898236531305567
Indonesia,536,2016-03-01,0.1943162496963767
Indonesia,536,2016-04-01,-0.45252525252525433
Indonesia,536,2016-05-01,0.235408718240122
Indonesia,536,2016-06-01,0.6559766763848415
Indonesia,536,2016-07-01,0.6919301633277009
Indonesia,536,2016-08-01,-0.01598082301239331
Indonesia,536,2016-09-01,0.22376728202669316
Indonesia,536,2016-10-01,0.14352922414481048
Indonesia,536,2016-11-01,0.4697826260052579
Indonesia,536,2016-12-01,0.4200348708194539
Indonesia,536,2017-01-01,0.9707205429721443
Indonesia,536,2017-02-01,0.2344849148038232
Indonesia,536,2017-03-01,-0.015595757953844533
Indonesia,536,2017-04-01,0.08579004835440153
Indonesia,536,2017-05-01,0.38962050962362654
Indonesia,536,2017-06-01,0.6908328805402362
Indonesia,536,2017-07-01,0.21584952204748778
Indonesia,536,2017-08-01,-0.06923076923077184
Indonesia,536,2017-09-01,0.13085982603342
Indonesia,536,2017-10-01,0.007687576875761765
Indonesia,536,2017-11-01,0.1998616342532023
Indonesia,536,2017-12-01,0.7134637514384402
Indonesia,536,2018-01-01,0.6246191346739741
Indonesia,536,2018-02-01,0.16654049962149803
Indonesia,536,2018-03-01,0.19649334945587918
Indonesia,536,2018-04-01,0.09805400512897529
Indonesia,536,2018-05-01,0.21098636123879222
Indonesia,536,2018-06-01,0.5865102639296196
Indonesia,536,2018-07-01,0.2765941541451567
Indonesia,536,2018-08-01,-0.05218428507528939
Indonesia,536,2018-09-01,-0.17901096442155642
Indonesia,536,2018-10-01,0.27647014869608916
Indonesia,536,2018-11-01,0.2682563338301145
Indonesia,536,2018-12-01,0.6168252080856005
"Armenia, Rep. of",911,2011-01-01,NA
"Armenia, Rep. of",911,2011-02-01,0.8787064038569745
"Armenia, Rep. of",911,2011-03-01,0.8213860270439254
"Armenia, Rep. of",911,2011-04-01,-0.22154150539775008
"Armenia, Rep. of",911,2011-05-01,0.03526376729320503
"Armenia, Rep. of",911,2011-06-01,-1.4082979856610478
"Armenia, Rep. of",911,2011-07-01,-3.0349774505084777
"Armenia, Rep. of",911,2011-08-01,-0.5609122836937567
"Armenia, Rep. of",911,2011-09-01,0.7882148949117657
"Armenia, Rep. of",911,2011-10-01,0.3361231756581822
"Armenia, Rep. of",911,2011-11-01,1.1745656844446368
"Armenia, Rep. of",911,2011-12-01,2.508479708522964
"Armenia, Rep. of",911,2012-01-01,3.5631346639772623
"Armenia, Rep. of",911,2012-02-01,-0.896888627843485
"Armenia, Rep. of",911,2012-03-01,0.09916630895313362
"Armenia, Rep. of",911,2012-04-01,-0.5788754531166401
"Armenia, Rep. of",911,2012-05-01,-1.2815436786637764
"Armenia, Rep. of",911,2012-06-01,-1.250240615273355
"Armenia, Rep. of",911,2012-07-01,-1.4580966474737203
"Armenia, Rep. of",911,2012-08-01,-0.40361308786303174
"Armenia, Rep. of",911,2012-09-01,0.7964855686725576
"Armenia, Rep. of",911,2012-10-01,1.2483144039297094
"Armenia, Rep. of",911,2012-11-01,1.3645580418866445
"Armenia, Rep. of",911,2012-12-01,2.1041130885843695
"Armenia, Rep. of",911,2013-01-01,2.8934789437485673
"Armenia, Rep. of",911,2013-02-01,-0.39996180264906384
"Armenia, Rep. of",911,2013-03-01,0.42031308815471835
"Armenia, Rep. of",911,2013-04-01,-0.09711164734834658
"Armenia, Rep. of",911,2013-05-01,-0.03173703810507956
"Armenia, Rep. of",911,2013-06-01,-0.0606037818612455
"Armenia, Rep. of",911,2013-07-01,0.44699712039250655
"Armenia, Rep. of",911,2013-08-01,0.27307356739060035
"Armenia, Rep. of",911,2013-09-01,-0.21948770113896557
"Armenia, Rep. of",911,2013-10-01,0.277359606390266
"Armenia, Rep. of",911,2013-11-01,0.90168046851239525
"Armenia, Rep. of",911,2013-12-01,1.0571835117650226
"Armenia, Rep. of",911,2014-01-01,2.8280604975552035
"Armenia, Rep. of",911,2014-02-01,-1.2179233263475486
"Armenia, Rep. of",911,2014-03-01,-0.38587395530754465
"Armenia, Rep. of",911,2014-04-01,0.5253321862762875
"Armenia, Rep. of",911,2014-05-01,-0.786347306389855
"Armenia, Rep. of",911,2014-06-01,-1.8409546792339588
"Armenia, Rep. of",911,2014-07-01,-0.937292042941856
"Armenia, Rep. of",911,2014-08-01,0.7215537284452044
"Armenia, Rep. of",911,2014-09-01,0.4027241981962259
"Armenia, Rep. of",911,2014-10-01,0.9559063234959528
"Armenia, Rep. of",911,2014-11-01,1.3224649210591717
"Armenia, Rep. of",911,2014-12-01,3.0253639045087937
"Armenia, Rep. of",911,2015-01-01,2.4615249260202523
"Armenia, Rep. of",911,2015-02-01,-0.05410390094783596
"Armenia, Rep. of",911,2015-03-01,-0.07266312604272628
"Armenia, Rep. of",911,2015-04-01,-0.43066204636637184
"Armenia, Rep. of",911,2015-05-01,-0.48048552941678785
"Armenia, Rep. of",911,2015-06-01,-1.41358256047531
"Armenia, Rep. of",911,2015-07-01,-2.1517015206741914
"Armenia, Rep. of",911,2015-08-01,0.08606986997834225
"Armenia, Rep. of",911,2015-09-01,0.1309562697494003
"Armenia, Rep. of",911,2015-10-01,-0.4105843314628437
"Armenia, Rep. of",911,2015-11-01,0.6224305640188417
"Armenia, Rep. of",911,2015-12-01,1.6656280908165622
"Armenia, Rep. of",911,2016-01-01,2.189354431453338
"Armenia, Rep. of",911,2016-02-01,-1.4004594279740323
"Armenia, Rep. of",911,2016-03-01,-0.3332949424457562
"Armenia, Rep. of",911,2016-04-01,-0.32025830199666094
"Armenia, Rep. of",911,2016-05-01,-0.66889054044162
"Armenia, Rep. of",911,2016-06-01,-0.46335051734426974
"Armenia, Rep. of",911,2016-07-01,-2.3431988314017396
"Armenia, Rep. of",911,2016-08-01,-0.47159636117358333
"Armenia, Rep. of",911,2016-09-01,0.14341296710542853
"Armenia, Rep. of",911,2016-10-01,0.541575323547129
"Armenia, Rep. of",911,2016-11-01,0.9726125852835801
"Armenia, Rep. of",911,2016-12-01,1.1498755762758484
"Armenia, Rep. of",911,2017-01-01,2.602985011470724
"Armenia, Rep. of",911,2017-02-01,-0.8806433201897551
"Armenia, Rep. of",911,2017-03-01,-0.3097446503482816
"Armenia, Rep. of",911,2017-04-01,0.9805649221692951
"Armenia, Rep. of",911,2017-05-01,-0.24626357103332003
"Armenia, Rep. of",911,2017-06-01,-0.9472450943760856
"Armenia, Rep. of",911,2017-07-01,-2.575306303542136
"Armenia, Rep. of",911,2017-08-01,-0.3942769742155896
"Armenia, Rep. of",911,2017-09-01,0.15022129518998464
"Armenia, Rep. of",911,2017-10-01,0.7980931475689217
"Armenia, Rep. of",911,2017-11-01,1.9780917591183378
"Armenia, Rep. of",911,2017-12-01,1.5375806261470688
"Armenia, Rep. of",911,2018-01-01,2.844460548027438
"Armenia, Rep. of",911,2018-02-01,-0.475750756341072
"Armenia, Rep. of",911,2018-03-01,0.12713337425769444
"Armenia, Rep. of",911,2018-04-01,-0.33716960664024287
"Armenia, Rep. of",911,2018-05-01,-1.0395154658293666
"Armenia, Rep. of",911,2018-06-01,-1.6114755265727132
"Armenia, Rep. of",911,2018-07-01,-1.175432506765146
"Armenia, Rep. of",911,2018-08-01,0.5783452283519669
"Armenia, Rep. of",911,2018-09-01,0.3431038084522185
"Armenia, Rep. of",911,2018-10-01,0.12208499657073547
"Armenia, Rep. of",911,2018-11-01,1.0037352527995869
"Armenia, Rep. of",911,2018-12-01,1.4810588476724913
Germany,134,2011-01-01,NA
Germany,134,2011-02-01,0.5958276688574894
Germany,134,2011-03-01,0.5922985899761587
Germany,134,2011-04-01,0
Germany,134,2011-05-01,0
Germany,134,2011-06-01,0.09813702674864155
Germany,134,2011-07-01,0.19607054551086553
Germany,134,2011-08-01,0.09786001705085984
Germany,134,2011-09-01,0.1954955492367879
Germany,134,2011-10-01,0
Germany,134,2011-11-01,0.195125135100838
Germany,134,2011-12-01,0.19474513838645913
Germany,134,2012-01-01,-0.09718330942281338
Germany,134,2012-02-01,0.6809339376894166
Germany,134,2012-03-01,0.5796977387071237
Germany,134,2012-04-01,-0.19211525221626463
Germany,134,2012-05-01,0
Germany,134,2012-06-01,-0.19249592205144264
Germany,134,2012-07-01,0.3857234693469417
Germany,134,2012-08-01,0.38425221605057497
Germany,134,2012-09-01,0.09569534253829087
Germany,134,2012-10-01,0
Germany,134,2012-11-01,0.09560385410261221
Germany,134,2012-12-01,0.28653762129843674
Germany,134,2013-01-01,-0.4761982151257793
Germany,134,2013-02-01,0.5741612409746908
Germany,134,2013-03-01,0.4757451683290684
Germany,134,2013-04-01,-0.47349255039815114
Germany,134,2013-05-01,0.3805961346632486
Germany,134,2013-06-01,0.09478827316205098
Germany,134,2013-07-01,0.4734818487922923
Germany,134,2013-08-01,0
Germany,134,2013-09-01,0
Germany,134,2013-10-01,-0.18850448563561348
Germany,134,2013-11-01,0.18886049614243564
Germany,134,2013-12-01,0.3769983200967612
Germany,134,2014-01-01,-0.563378876830942
Germany,134,2014-02-01,0.47214056906577
Germany,134,2014-03-01,0.2819594990303888
Germany,134,2014-04-01,-0.1874444818316649
Germany,134,2014-05-01,-0.09389824800023798
Germany,134,2014-06-01,0.2819594990303888
Germany,134,2014-07-01,0.28115613146702734
Germany,134,2014-08-01,0
Germany,134,2014-09-01,0
Germany,134,2014-10-01,-0.280367860037868
Germany,134,2014-11-01,0
Germany,134,2014-12-01,0
Germany,134,2015-01-01,-1.0309234675131944
Germany,134,2015-02-01,0.7106615390278953
Germany,134,2015-03-01,0.5040273413553884
Germany,134,2015-04-01,0.5015102188231353
Germany,134,2015-05-01,0.19959674577248085
Germany,134,2015-06-01,0
Germany,134,2015-07-01,0.19919915074996258
Germany,134,2015-08-01,0
Germany,134,2015-09-01,-0.1988031365902106
Germany,134,2015-10-01,0
Germany,134,2015-11-01,-0.6972127762532621
Germany,134,2015-12-01,0
Germany,134,2016-01-01,-0.7021079626720885
Germany,134,2016-02-01,0.30302949639712995
Germany,134,2016-03-01,0.7049362094671183
Germany,134,2016-04-01,0.09999270557114247
Germany,134,2016-05-01,0.49950622239810366
Germany,134,2016-06-01,0.0994068074016423
Germany,134,2016-07-01,0.3972114179911614
Germany,134,2016-08-01,-0.09890475959605763
Germany,134,2016-09-01,0
Germany,134,2016-10-01,0.1980262293432629
Germany,134,2016-11-01,-0.6917011795074245
Germany,134,2016-12-01,0.6965190097131034
Germany,134,2017-01-01,-0.5928941653551925
Germany,134,2017-02-01,0.5964303661967798
Germany,134,2017-03-01,0.19762444439282412
Germany,134,2017-04-01,0.3944693209817727
Germany,134,2017-05-01,0
Germany,134,2017-06-01,0.294694708293655
Germany,134,2017-07-01,0.39177518854187166
Germany,134,2017-08-01,0.09756414608644597
Germany,134,2017-09-01,0.09746905123890616
Germany,134,2017-10-01,-0.19474828317389867
Germany,134,2017-11-01,-0.39024630036284746
Germany,134,2017-12-01,0.4897215667455971
Germany,134,2018-01-01,-0.58479375951498
Germany,134,2018-02-01,0.2941168567816379
Germany,134,2018-03-01,0.586508692631727
Germany,134,2018-04-01,0.19435952732516634
Germany,134,2018-05-01,0.7759504636593975
Germany,134,2018-06-01,0.09624951542980094
Germany,134,2018-07-01,0.3846075879572139
Germany,134,2018-08-01,0.09578855476708371
Germany,134,2018-09-01,0.19139377620202933
Germany,134,2018-10-01,0.19101809230181613
Germany,134,2018-11-01,-0.6673037539918397
Germany,134,2018-12-01,0
Russian Federation,922,2011-01-01,NA
Russian Federation,922,2011-02-01,0.7799644914124848
Russian Federation,922,2011-03-01,0.6200023177656699
Russian Federation,922,2011-04-01,0.4300456052682984
Russian Federation,922,2011-05-01,0.47999556073469024
Russian Federation,922,2011-06-01,0.230015187077188
Russian Federation,922,2011-07-01,-0.010009651508019725
Russian Federation,922,2011-08-01,-0.2399801623746424
Russian Federation,922,2011-09-01,-0.04004687786254121
Russian Federation,922,2011-10-01,0.4800182723762868
Russian Federation,922,2011-11-01,0.4199801283955009
Russian Federation,922,2011-12-01,0.44003848168925364
Russian Federation,922,2012-01-01,0.4999968193586589
Russian Federation,922,2012-02-01,0.37001236087236694
Russian Federation,922,2012-03-01,0.5799994774779471
Russian Federation,922,2012-04-01,0.31000350220656275
Russian Federation,922,2012-05-01,0.5199571390302739
Russian Federation,922,2012-06-01,0.8900058007165229
Russian Federation,922,2012-07-01,1.2300328771851277
Russian Federation,922,2012-08-01,0.09993807144746318
Russian Federation,922,2012-09-01,0.5500229827928791
Russian Federation,922,2012-10-01,0.4599932076900066
Russian Federation,922,2012-11-01,0.34003891566036343
Russian Federation,922,2012-12-01,0.5400067040044908
Russian Federation,922,2013-01-01,0.9700144785916304
Russian Federation,922,2013-02-01,0.5599835154905409
Russian Federation,922,2013-03-01,0.3399472443530452
Russian Federation,922,2013-04-01,0.510034557477642
Russian Federation,922,2013-05-01,0.659996752476243
Russian Federation,922,2013-06-01,0.419989063905013
Russian Federation,922,2013-07-01,0.8199894885816039
Russian Federation,922,2013-08-01,0.14004732521047245
Russian Federation,922,2013-09-01,0.20994038770025175
Russian Federation,922,2013-10-01,0.5700401983782281
Russian Federation,922,2013-11-01,0.5600084199617841
Russian Federation,922,2013-12-01,0.5099522815413171
Russian Federation,922,2014-01-01,0.5900300461947193
Russian Federation,922,2014-02-01,0.6999650415639121
Russian Federation,922,2014-03-01,1.0200329440828386
Russian Federation,922,2014-04-01,0.8999848136858403
Russian Federation,922,2014-05-01,0.9000258347214
Russian Federation,922,2014-06-01,0.6199618011877871
Russian Federation,922,2014-07-01,0.49005560790049507
Russian Federation,922,2014-08-01,0.23999269984184335
Russian Federation,922,2014-09-01,0.6499792140167264
Russian Federation,922,2014-10-01,0.8200403387490118
Russian Federation,922,2014-11-01,1.2799369637960416
Russian Federation,922,2014-12-01,2.6200115887257374
Russian Federation,922,2015-01-01,3.8499992807100774
Russian Federation,922,2015-02-01,2.2199981299154588
Russian Federation,922,2015-03-01,1.2100252263630704
Russian Federation,922,2015-04-01,0.4600002008442254
Russian Federation,922,2015-05-01,0.35000126618888067
Russian Federation,922,2015-06-01,0.1899964006274362
Russian Federation,922,2015-07-01,0.7999713656781985
Russian Federation,922,2015-08-01,0.350025119217643
Russian Federation,922,2015-09-01,0.5700259031198425
Russian Federation,922,2015-10-01,0.7399805834098827
Russian Federation,922,2015-11-01,0.7500030721926542
Russian Federation,922,2015-12-01,0.7699700139241683
Russian Federation,922,2016-01-01,0.9600456642821636
Russian Federation,922,2016-02-01,0.6299900238959582
Russian Federation,922,2016-03-01,0.4600033484431279
Russian Federation,922,2016-04-01,0.439983097258803
Russian Federation,922,2016-05-01,0.40996646689319527
Russian Federation,922,2016-06-01,0.3600178987753772
Russian Federation,922,2016-07-01,0.5400321910247444
Russian Federation,922,2016-08-01,0.009997994267408373
Russian Federation,922,2016-09-01,0.1700102423197894
Russian Federation,922,2016-10-01,0.42999837135744795
Russian Federation,922,2016-11-01,0.4399845148861316
Russian Federation,922,2016-12-01,0.39999951441636594
Russian Federation,922,2017-01-01,0.6199776070496646
Russian Federation,922,2017-02-01,0.22002623251042033
Russian Federation,922,2017-03-01,0.12997531787896702
Russian Federation,922,2017-04-01,0.3300249015523641
Russian Federation,922,2017-05-01,0.36999705792660575
Russian Federation,922,2017-06-01,0.6099689099577958
Russian Federation,922,2017-07-01,0.07002933549548361
Russian Federation,922,2017-08-01,-0.5400001062992339
Russian Federation,922,2017-09-01,-0.14998316697235348
Russian Federation,922,2017-10-01,0.19998061442750079
Russian Federation,922,2017-11-01,0.2199966053936256
Russian Federation,922,2017-12-01,0.4200190320198712
Russian Federation,922,2018-01-01,0.3099964265201739
Russian Federation,922,2018-02-01,0.20998387497845636
Russian Federation,922,2018-03-01,0.2899706978831551
Russian Federation,922,2018-04-01,0.3800308610562224
Russian Federation,922,2018-05-01,0.3799906182349987
Russian Federation,922,2018-06-01,0.4900105421057426
Russian Federation,922,2018-07-01,0.270008439930053
Russian Federation,922,2018-08-01,0.0099669822109402
Russian Federation,922,2018-09-01,0.16003189116449607
Russian Federation,922,2018-10-01,0.34997774176070856
Russian Federation,922,2018-11-01,0.5000094568501118
Russian Federation,922,2018-12-01,0.8399814997624796
Singapore,576,2011-01-01,NA
Singapore,576,2011-02-01,-0.07209619692562709
Singapore,576,2011-03-01,0.1339895385091077
Singapore,576,2011-04-01,0.3473919868248504
Singapore,576,2011-05-01,0.602625910349778
Singapore,576,2011-06-01,-0.23578292676710036
Singapore,576,2011-07-01,1.4768067248361665
Singapore,576,2011-08-01,0.7201037352233813
Singapore,576,2011-09-01,-0.18623836010249475
Singapore,576,2011-10-01,0.40948707673814416
Singapore,576,2011-11-01,0.5574747764488588
Singapore,576,2011-12-01,0.04092769440654998
Singapore,576,2012-01-01,0.9285546037216685
Singapore,576,2012-02-01,-0.2726870731587584
Singapore,576,2012-03-01,0.7587141273555853
Singapore,576,2012-04-01,0.5366354546121399
Singapore,576,2012-05-01,0.21034713356435258
Singapore,576,2012-06-01,0.006066635929039109
Singapore,576,2012-07-01,0.23173143418706246
Singapore,576,2012-08-01,0.6221705764156145
Singapore,576,2012-09-01,0.5726109132903463
Singapore,576,2012-10-01,-0.20333955313143115
Singapore,576,2012-11-01,0.12704652779443482
Singapore,576,2012-12-01,0.7313861623174407
Singapore,576,2013-01-01,0.194887761286261
Singapore,576,2013-02-01,1.004566210045672
Singapore,576,2013-03-01,-0.5389727812874324
Singapore,576,2013-04-01,-1.481647639398852
Singapore,576,2013-05-01,0.35710861854088993
Singapore,576,2013-06-01,0.20418885678122717
Singapore,576,2013-07-01,0.27884695592072484
Singapore,576,2013-08-01,0.8056945253175806
Singapore,576,2013-09-01,0.14735526765610818
Singapore,576,2013-10-01,0.1577324198978275
Singapore,576,2013-11-01,0.706327566754418
Singapore,576,2013-12-01,-0.3174269742907391
Singapore,576,2014-01-01,0.11004835103081832
Singapore,576,2014-02-01,-0.02338880377962604
Singapore,576,2014-03-01,0.2666947397971651
Singapore,576,2014-04-01,-0.4083108762351338
Singapore,576,2014-05-01,0.33618760908527234
Singapore,576,2014-06-01,-0.16694685719622757
Singapore,576,2014-07-01,-0.2982002736426153
Singapore,576,2014-08-01,0.5348471697670636
Singapore,576,2014-09-01,-0.1843339477798274
Singapore,576,2014-10-01,-0.299219224835196
Singapore,576,2014-11-01,0.18757327080890573
Singapore,576,2014-12-01,-0.11350339340041447
Singapore,576,2015-01-01,-0.21555006267352075
Singapore,576,2015-02-01,0.09157186630507866
Singapore,576,2015-03-01,0.24162238877744802
Singapore,576,2015-04-01,-0.6236617015550437
Singapore,576,2015-05-01,0.4556693747792137
Singapore,576,2015-06-01,-0.10783313993693959
Singapore,576,2015-07-01,-0.35670284540919667
Singapore,576,2015-08-01,0.0953827675133228
Singapore,576,2015-09-01,0.0011764429072313298
Singapore,576,2015-10-01,-0.43057303859863727
Singapore,576,2015-11-01,0.20085778087597822
Singapore,576,2015-12-01,0.00825403563384012
Singapore,576,2016-01-01,-0.21930341688871277
Singapore,576,2016-02-01,-0.10162121283735705
Singapore,576,2016-03-01,0.04139954105651225
Singapore,576,2016-04-01,-0.05084124525579313
Singapore,576,2016-05-01,-0.6518087396787114
Singapore,576,2016-06-01,0.7430075134253303
Singapore,576,2016-07-01,-0.28011866630420035
Singapore,576,2016-08-01,0.49306625577811636
Singapore,576,2016-09-01,0.009435520015091603
Singapore,576,2016-10-01,-0.28657688043964785
Singapore,576,2016-11-01,0.3205166112760355
Singapore,576,2016-12-01,0.15562000424417108
Singapore,576,2017-01-01,0.17421192645432865
Singapore,576,2017-02-01,-0.00235012103124433
Singapore,576,2017-03-01,0.04230317273795695
Singapore,576,2017-04-01,-0.30421913174215415
Singapore,576,2017-05-01,0.33813636202976793
Singapore,576,2017-06-01,-0.14207881264383437
Singapore,576,2017-07-01,-0.23282339522360157
Singapore,576,2017-08-01,0.33472803347281044
Singapore,576,2017-09-01,-0.022319068707497395
Singapore,576,2017-10-01,-0.28786276583245746
Singapore,576,2017-11-01,0.5809226418429378
Singapore,576,2017-12-01,-0.09840905363293795
Singapore,576,2018-01-01,-0.19232122335061272
Singapore,576,2018-02-01,0.46998002584890813
Singapore,576,2018-03-01,-0.20231551865279124
Singapore,576,2018-04-01,-0.4687298592638664
Singapore,576,2018-05-01,0.6228145566714111
Singapore,576,2018-06-01,0.05616268457632488
Singapore,576,2018-07-01,-0.14500549617605915
Singapore,576,2018-08-01,0.4204239372291775
Singapore,576,2018-09-01,-0.023323887159029288
Singapore,576,2018-10-01,-0.30794713574169275
Singapore,576,2018-11-01,0.16497981629905942
Singapore,576,2018-12-01,0.07476111487513395
Jamaica,343,2011-01-01,NA
Jamaica,343,2011-02-01,-0.46656298600310603
Jamaica,343,2011-03-01,1.0937500000000044
Jamaica,343,2011-04-01,0.4636785162287436
Jamaica,343,2011-05-01,0.7692307692307693
Jamaica,343,2011-06-01,0.7633587786259541
Jamaica,343,2011-07-01,0.7575757575757576
Jamaica,343,2011-08-01,0.6015037593985048
Jamaica,343,2011-09-01,0.7473841554559043
Jamaica,343,2011-10-01,0.44510385756676135
Jamaica,343,2011-11-01,0.4431314623338215
Jamaica,343,2011-12-01,0.4411764705882311
Jamaica,343,2012-01-01,0.2928257686676469
Jamaica,343,2012-02-01,0.8759124087591158
Jamaica,343,2012-03-01,0.4341534008683233
Jamaica,343,2012-04-01,0.4322766570605146
Jamaica,343,2012-05-01,0.4304160688665669
Jamaica,343,2012-06-01,0.5714285714285796
Jamaica,343,2012-07-01,-0.2840909090909131
Jamaica,343,2012-08-01,0.42735042735042333
Jamaica,343,2012-09-01,1.9858156028368874
Jamaica,343,2012-10-01,0.8344923504867793
Jamaica,343,2012-11-01,0.6896551724137931
Jamaica,343,2012-12-01,0.9589041095890449
Jamaica,343,2013-01-01,0.6784260515603798
Jamaica,343,2013-02-01,0.6738544474393531
Jamaica,343,2013-03-01,1.3386880856760375
Jamaica,343,2013-04-01,0.396301188903563
Jamaica,343,2013-05-01,0.6578947368421052
Jamaica,343,2013-06-01,0.13071895424835858
Jamaica,343,2013-07-01,0.3916449086162029
Jamaica,343,2013-08-01,0.3901170351105294
Jamaica,343,2013-09-01,2.8497409326424905
Jamaica,343,2013-10-01,0.755667506297222
Jamaica,343,2013-11-01,0.37499999999999645
Jamaica,343,2013-12-01,0.49813200498132715
Jamaica,343,2014-01-01,0.49566294919453713
Jamaica,343,2014-02-01,0.12330456226881446
Jamaica,343,2014-03-01,0.9852216748768439
Jamaica,343,2014-04-01,-0.2439024390243937
Jamaica,343,2014-05-01,0.9779951100244464
Jamaica,343,2014-06-01,0.12106537530267376
Jamaica,343,2014-07-01,1.3301088270858457
Jamaica,343,2014-08-01,1.1933174224343674
Jamaica,343,2014-09-01,2.004716981132079
Jamaica,343,2014-10-01,0.1156069364161784
Jamaica,343,2014-11-01,-0.5773672055427251
Jamaica,343,2014-12-01,-0.3484320557491256
Jamaica,343,2015-01-01,-0.4662004662004563
Jamaica,343,2015-02-01,-0.702576112412188
Jamaica,343,2015-03-01,0.589622641509434
Jamaica,343,2015-04-01,0.11723329425557859
Jamaica,343,2015-05-01,0.585480093676815
Jamaica,343,2015-06-01,0.46565774155994344
Jamaica,343,2015-07-01,0.8111239860950206
Jamaica,343,2015-08-01,0.8045977011494285
Jamaica,343,2015-09-01,0.45610034207524686
Jamaica,343,2015-10-01,0.34052213393871894
Jamaica,343,2015-11-01,0.4524886877827958
Jamaica,343,2015-12-01,0.22522522522522842
Jamaica,343,2016-01-01,-0.4494382022471974
Jamaica,343,2016-02-01,-0.7900677200902807
Jamaica,343,2016-03-01,-0.11376564277589137
Jamaica,343,2016-04-01,-0.34168564920273026
Jamaica,343,2016-05-01,0.22857142857143184
Jamaica,343,2016-06-01,0.9122006841505098
Jamaica,343,2016-07-01,0.45197740112994994
Jamaica,343,2016-08-01,0.4499437570303616
Jamaica,343,2016-09-01,0.4479283314669717
Jamaica,343,2016-10-01,0.22296544035674787
Jamaica,343,2016-11-01,0.44493882091211506
Jamaica,343,2016-12-01,0.22148394241417813
Jamaica,343,2017-01-01,0.44198895027624935
Jamaica,343,2017-02-01,0.2200220022002075
Jamaica,343,2017-03-01,0.32930845225028693
Jamaica,343,2017-04-01,0.3282275711159706
Jamaica,343,2017-05-01,0.10905125408941584
Jamaica,343,2017-06-01,0.6535947712418394
Jamaica,343,2017-07-01,0.5411255411255411
Jamaica,343,2017-08-01,0.32292787944025525
Jamaica,343,2017-09-01,0.6437768240343286
Jamaica,343,2017-10-01,0.42643923240938775
Jamaica,343,2017-11-01,0.5307855626326964
Jamaica,343,2017-12-01,0.5279831045406547
Jamaica,343,2018-01-01,0
Jamaica,343,2018-02-01,-0.10504201680673164
Jamaica,343,2018-03-01,-0.10515247108306448
Jamaica,343,2018-04-01,-0.42105263157895334
Jamaica,343,2018-05-01,0
Jamaica,343,2018-06-01,0.42283298097252187
Jamaica,343,2018-07-01,0.9473684210526375
Jamaica,343,2018-08-01,0.9384775808133383
Jamaica,343,2018-09-01,1.1363636363636453
Jamaica,343,2018-10-01,0.7150153217568831
Jamaica,343,2018-11-01,0
Jamaica,343,2018-12-01,-1.0141987829614605
"Croatia, Rep. of",960,2011-01-01,NA
"Croatia, Rep. of",960,2011-02-01,0.5313496280552604
"Croatia, Rep. of",960,2011-03-01,0.7399577167019058
"Croatia, Rep. of",960,2011-04-01,0.2098635886673692
"Croatia, Rep. of",960,2011-05-01,0.31413612565444726
"Croatia, Rep. of",960,2011-06-01,-0.4175365344467552
"Croatia, Rep. of",960,2011-07-01,-0.5241090146750523
"Croatia, Rep. of",960,2011-08-01,-0.10537407797682667
"Croatia, Rep. of",960,2011-09-01,0.42194092827004825
"Croatia, Rep. of",960,2011-10-01,0.6302521008403301
"Croatia, Rep. of",960,2011-11-01,0.208768267223385
"Croatia, Rep. of",960,2011-12-01,-0.41666666666667257
"Croatia, Rep. of",960,2012-01-01,-0.4184100418409953
"Croatia, Rep. of",960,2012-02-01,0.6302521008403301
"Croatia, Rep. of",960,2012-03-01,1.4613778705636804
"Croatia, Rep. of",960,2012-04-01,0.8230452674897091
"Croatia, Rep. of",960,2012-05-01,1.632653061224484
"Croatia, Rep. of",960,2012-06-01,-0.6024096385542111
"Croatia, Rep. of",960,2012-07-01,-0.9090909090909147
"Croatia, Rep. of",960,2012-08-01,0.509683995922528
"Croatia, Rep. of",960,2012-09-01,1.3184584178499101
"Croatia, Rep. of",960,2012-10-01,0.5005005005005005
"Croatia, Rep. of",960,2012-11-01,-0.19920318725099884
"Croatia, Rep. of",960,2012-12-01,-0.19960079840319644
"Croatia, Rep. of",960,2013-01-01,0.20000000000000281
"Croatia, Rep. of",960,2013-02-01,0.29940119760478756
"Croatia, Rep. of",960,2013-03-01,0.29850746268656436
"Croatia, Rep. of",960,2013-04-01,0.39682539682540247
"Croatia, Rep. of",960,2013-05-01,0
"Croatia, Rep. of",960,2013-06-01,-0.19762845849802652
"Croatia, Rep. of",960,2013-07-01,-0.6930693069306959
"Croatia, Rep. of",960,2013-08-01,0.1994017946161544
"Croatia, Rep. of",960,2013-09-01,0.5970149253731287
"Croatia, Rep. of",960,2013-10-01,-0.4945598417408507
"Croatia, Rep. of",960,2013-11-01,-0.0994035785288214
"Croatia, Rep. of",960,2013-12-01,-0.19900497512438092
"Croatia, Rep. of",960,2014-01-01,0
"Croatia, Rep. of",960,2014-02-01,-0.39880358923229453
"Croatia, Rep. of",960,2014-03-01,0.5005005005005005
"Croatia, Rep. of",960,2014-04-01,0.29880478087649115
"Croatia, Rep. of",960,2014-05-01,0.1986097318768648
"Croatia, Rep. of",960,2014-06-01,-0.2973240832507546
"Croatia, Rep. of",960,2014-07-01,-0.3976143141152997
"Croatia, Rep. of",960,2014-08-01,0
"Croatia, Rep. of",960,2014-09-01,0.69860279441118045
"Croatia, Rep. of",960,2014-10-01,0.09910802775024213
"Croatia, Rep. of",960,2014-11-01,-0.29702970297029424
"Croatia, Rep. of",960,2014-12-01,-0.8937437934458845
"Croatia, Rep. of",960,2015-01-01,-0.501002004008016
"Croatia, Rep. of",960,2015-02-01,0.20140986908358796
"Croatia, Rep. of",960,2015-03-01,1.0050251256281406
"Croatia, Rep. of",960,2015-04-01,0.09950248756218338
"Croatia, Rep. of",960,2015-05-01,0.39761431411531384
"Croatia, Rep. of",960,2015-06-01,-0.39603960396040166
"Croatia, Rep. of",960,2015-07-01,-0.7952286282306135
"Croatia, Rep. of",960,2015-08-01,-0.20040080160320925
"Croatia, Rep. of",960,2015-09-01,0.4016064257028169
"Croatia, Rep. of",960,2015-10-01,0.09999999999999432
"Croatia, Rep. of",960,2015-11-01,-0.2997002997002969
"Croatia, Rep. of",960,2015-12-01,-0.6012024048096136
"Croatia, Rep. of",960,2016-01-01,-0.7056451612903254
"Croatia, Rep. of",960,2016-02-01,-0.30456852791877886
"Croatia, Rep. of",960,2016-03-01,0.6109979633401164
"Croatia, Rep. of",960,2016-04-01,0.10121457489879405
"Croatia, Rep. of",960,2016-05-01,0.20222446916075693
"Croatia, Rep. of",960,2016-06-01,-0.1009081735620528
"Croatia, Rep. of",960,2016-07-01,-0.70707070707071
"Croatia, Rep. of",960,2016-08-01,-0.2034587995930853
"Croatia, Rep. of",960,2016-09-01,1.019367991845056
"Croatia, Rep. of",960,2016-10-01,0.40363269424823983
"Croatia, Rep. of",960,2016-11-01,0.10050251256280836
"Croatia, Rep. of",960,2016-12-01,-0.20080321285139419
"Croatia, Rep. of",960,2017-01-01,-0.10060362173039086
"Croatia, Rep. of",960,2017-02-01,0.20140986908358796
"Croatia, Rep. of",960,2017-03-01,0.40201005025126196
"Croatia, Rep. of",960,2017-04-01,0.4004004004003918
"Croatia, Rep. of",960,2017-05-01,-0.09970089730807011
"Croatia, Rep. of",960,2017-06-01,-0.499001996007984
"Croatia, Rep. of",960,2017-07-01,-0.7021063189568734
"Croatia, Rep. of",960,2017-08-01,0
"Croatia, Rep. of",960,2017-09-01,1.5151515151515151
"Croatia, Rep. of",960,2017-10-01,0.39800995024876185
"Croatia, Rep. of",960,2017-11-01,0.09910802775024213
"Croatia, Rep. of",960,2017-12-01,-0.39603960396040166
"Croatia, Rep. of",960,2018-01-01,-0.1988071570576428
"Croatia, Rep. of",960,2018-02-01,-0.09960159362550648
"Croatia, Rep. of",960,2018-03-01,0.5982053838484632
"Croatia, Rep. of",960,2018-04-01,0.7928642220019794
"Croatia, Rep. of",960,2018-05-01,0.39331366764994247
"Croatia, Rep. of",960,2018-06-01,0
"Croatia, Rep. of",960,2018-07-01,-0.9794319294809012
"Croatia, Rep. of",960,2018-08-01,0
"Croatia, Rep. of",960,2018-09-01,0.7912957467853723
"Croatia, Rep. of",960,2018-10-01,0.5888125613346362
"Croatia, Rep. of",960,2018-11-01,-0.19512195121951498
"Croatia, Rep. of",960,2018-12-01,-0.7820136852394889
Algeria,612,2011-01-01,NA
Algeria,612,2011-02-01,0.46279557451732944
Algeria,612,2011-03-01,0.7269848124954947
Algeria,612,2011-04-01,0.12148063455767895
Algeria,612,2011-05-01,0.7279994290200426
Algeria,612,2011-06-01,-0.02125699709487787
Algeria,612,2011-07-01,0.9709425939050352
Algeria,612,2011-08-01,2.133782550712425
Algeria,612,2011-09-01,-0.8178132087141762
Algeria,612,2011-10-01,0.8522727272727398
Algeria,612,2011-11-01,0.3229130882858116
Algeria,612,2011-12-01,-0.45884125462266534
Algeria,612,2012-01-01,2.3116615067079556
Algeria,612,2012-02-01,2.1518391500235277
Algeria,612,2012-03-01,1.4482259232440373
Algeria,612,2012-04-01,0.8954642787619203
Algeria,612,2012-05-01,-1.0868866165026674
Algeria,612,2012-06-01,-0.2990897269180806
Algeria,612,2012-07-01,0.5347593582887656
Algeria,612,2012-08-01,1.174104826154646
Algeria,612,2012-09-01,0.5962685131756151
Algeria,612,2012-10-01,1.9439133205863497
Algeria,612,2012-11-01,-1.325414191934965
Algeria,612,2012-12-01,0.4118355192295363
Algeria,612,2013-01-01,1.1673397274104131
Algeria,612,2013-02-01,-0.1496912617725997
Algeria,612,2013-03-01,0.5122118808170362
Algeria,612,2013-04-01,-0.4101671741967538
Algeria,612,2013-05-01,-0.7113884555382131
Algeria,612,2013-06-01,0.6976305700458709
Algeria,612,2013-07-01,-0.3994507552115755
Algeria,612,2013-08-01,0.9399674144629653
Algeria,612,2013-09-01,-0.47802334243854616
Algeria,612,2013-10-01,-0.09980662466470998
Algeria,612,2013-11-01,-0.7992507024664385
Algeria,612,2013-12-01,0.9001070057279579
Algeria,612,2014-01-01,0.6862133499688049
Algeria,612,2014-02-01,-0.25402726146220356
Algeria,612,2014-03-01,0.8137151375861869
Algeria,612,2014-04-01,-0.5914972273567516
Algeria,612,2014-05-01,0.3037064584108151
Algeria,612,2014-06-01,1.7734659828214645
Algeria,612,2014-07-01,0.10928961748634294
Algeria,612,2014-08-01,0.3578360019408075
Algeria,612,2014-09-01,0.7010334199552768
Algeria,612,2014-10-01,1.998439656724487
Algeria,612,2014-11-01,-0.5530713108966803
Algeria,612,2014-12-01,-0.1774937877174366
Algeria,612,2015-01-01,0.11261261261261127
Algeria,612,2015-02-01,0.6453140725830344
Algeria,612,2015-03-01,0.7117647058823576
Algeria,612,2015-04-01,-0.3329244787103683
Algeria,612,2015-05-01,0.4219409282700582
Algeria,612,2015-06-01,0.4551820728291157
Algeria,612,2015-07-01,-0.673870105727894
Algeria,612,2015-08-01,1.0936951690256198
Algeria,612,2015-09-01,2.28521839745445
Algeria,612,2015-10-01,-0.4128959276018202
Algeria,612,2015-11-01,-0.7213040268075095
Algeria,612,2015-12-01,0.7322654462242569
Algeria,612,2016-01-01,0.7610177192185228
Algeria,612,2016-02-01,-0.202908353060526
Algeria,612,2016-03-01,1.8637749915283017
Algeria,612,2016-04-01,0.9481037924151583
Algeria,612,2016-05-01,0.6810567364200633
Algeria,612,2016-06-01,1.3528994599312583
Algeria,612,2016-07-01,-0.4790354701544682
Algeria,612,2016-08-01,0.41644131963222375
Algeria,612,2016-09-01,0.3770129800183213
Algeria,612,2016-10-01,-0.6599774641841596
Algeria,612,2016-11-01,1.5285729718051273
Algeria,612,2016-12-01,0.19151992339203788
Algeria,612,2017-01-01,1.8106515159560326
Algeria,612,2017-02-01,-0.5789089391884915
Algeria,612,2017-03-01,1.1593138540628485
Algeria,612,2017-04-01,0.3629952292055531
Algeria,612,2017-05-01,-0.37201612069856305
Algeria,612,2017-06-01,0.2852401203194748
Algeria,612,2017-07-01,-1.4221440761234938
Algeria,612,2017-08-01,1.7888993809673677
Algeria,612,2017-09-01,1.0874607019532987
Algeria,612,2017-10-01,0.5302335066789133
Algeria,612,2017-11-01,-0.035500557865905856
Algeria,612,2017-12-01,0.2587387753031256
Algeria,612,2018-01-01,0.49084100799514163
Algeria,612,2018-02-01,-0.5790825318495422
Algeria,612,2018-03-01,0.7495948136142574
Algeria,612,2018-04-01,0.5781218580333831
Algeria,612,2018-05-01,1.8193632228720023
Algeria,612,2018-06-01,1.0848755583918215
Algeria,612,2018-07-01,-1.9182206682206628
Algeria,612,2018-08-01,0.45551319502895854
Algeria,612,2018-09-01,0.32037064419143657
Algeria,612,2018-10-01,1.1938685270708496
Algeria,612,2018-11-01,-0.4466669903383927
Algeria,612,2018-12-01,-1.0192635942453077
Costa Rica,238,2011-01-01,NA
Costa Rica,238,2011-02-01,0.4356717346848093
Costa Rica,238,2011-03-01,0.2529340348037268
Costa Rica,238,2011-04-01,0.1539004944999494
Costa Rica,238,2011-05-01,0.6725949064160917
Costa Rica,238,2011-06-01,0.5592533279951991
Costa Rica,238,2011-07-01,0.33592534992223455
Costa Rica,238,2011-08-01,0.2566805133610365
Costa Rica,238,2011-09-01,-0.155840300796523
Costa Rica,238,2011-10-01,0.23660282932388885
Costa Rica,238,2011-11-01,0.3003077227282215
Costa Rica,238,2011-12-01,0.9154756037456989
Costa Rica,238,2012-01-01,0.17581773561406935
Costa Rica,238,2012-02-01,0.2803271295720794
Costa Rica,238,2012-03-01,0.40108414259148767
Costa Rica,238,2012-04-01,0.6343288099071518
Costa Rica,238,2012-05-01,0.9875978876712633
Costa Rica,238,2012-06-01,0.15723270440252168
Costa Rica,238,2012-07-01,-0.3020788735074507
Costa Rica,238,2012-08-01,0.5284504354049837
Costa Rica,238,2012-09-01,0.06882394123860186
Costa Rica,238,2012-10-01,0.4458621384781285
Costa Rica,238,2012-11-01,0.8110309655636628
Costa Rica,238,2012-12-01,0.2763660210319109
Costa Rica,238,2013-01-01,1.3114562653275776
Costa Rica,238,2013-02-01,1.0201376321280016
Costa Rica,238,2013-03-01,0.10954152308358181
Costa Rica,238,2013-04-01,0.7306175484988777
Costa Rica,238,2013-05-01,0.014710042432820628
Costa Rica,238,2013-06-01,0.01810200479702124
Costa Rica,238,2013-07-01,0.339351160580966
Costa Rica,238,2013-08-01,0.0462211399711524
Costa Rica,238,2013-09-01,0.1318384134317316
Costa Rica,238,2013-10-01,-0.7607301208615468
Costa Rica,238,2013-11-01,0.167827092735804
Costa Rica,238,2013-12-01,0.5060339167251598
Costa Rica,238,2014-01-01,0.7490341401876438
Costa Rica,238,2014-02-01,0.6629698365494304
Costa Rica,238,2014-03-01,0.6152889303524052
Costa Rica,238,2014-04-01,1.140264700363164
Costa Rica,238,2014-05-01,0.528234343963498
Costa Rica,238,2014-06-01,0.38106611659971673
Costa Rica,238,2014-07-01,0.9117357588604963
Costa Rica,238,2014-08-01,0.33224727771585594
Costa Rica,238,2014-09-01,-0.1377999017241063
Costa Rica,238,2014-10-01,-0.2898860779804255
Costa Rica,238,2014-11-01,0.3422232711824432
Costa Rica,238,2014-12-01,-0.21382827451274186
Costa Rica,238,2015-01-01,0.03857156632702406
Costa Rica,238,2015-02-01,-0.16493697051483508
Costa Rica,238,2015-03-01,0.14804484256824654
Costa Rica,238,2015-04-01,-0.07819780831895419
Costa Rica,238,2015-05-01,-0.2937392795883372
Costa Rica,238,2015-06-01,0.42900458034965583
Costa Rica,238,2015-07-01,-0.42931320593115596
Costa Rica,238,2015-08-01,-0.08709302825685247
Costa Rica,238,2015-09-01,-0.26473531848949683
Costa Rica,238,2015-10-01,-0.2816232722250503
Costa Rica,238,2015-11-01,-0.009738573407202585
Costa Rica,238,2015-12-01,0.18613308515588325
Costa Rica,238,2016-01-01,0.6794197388176637
Costa Rica,238,2016-02-01,-0.024675993476950618
Costa Rica,238,2016-03-01,-0.907871438536249
Costa Rica,238,2016-04-01,0.09205211232524498
Costa Rica,238,2016-05-01,0.1936726391413354
Costa Rica,238,2016-06-01,-0.020517693811206168
Costa Rica,238,2016-07-01,0.9310464011060169
Costa Rica,238,2016-08-01,0.032104102904352394
Costa Rica,238,2016-09-01,-0.47177885232573336
Costa Rica,238,2016-10-01,-0.11716020852366815
Costa Rica,238,2016-11-01,-0.0010761250887854582
Costa Rica,238,2016-12-01,0.39063761097659355
Costa Rica,238,2017-01-01,0.5692050424491959
Costa Rica,238,2017-02-01,0.40290346305119445
Costa Rica,238,2017-03-01,-0.42145715893288066
Costa Rica,238,2017-04-01,0.15245202558635468
Costa Rica,238,2017-05-01,0.22141085551877032
Costa Rica,238,2017-06-01,0.08072139435588323
Costa Rica,238,2017-07-01,0.32474768378489965
Costa Rica,238,2017-08-01,-0.21791332127405566
Costa Rica,238,2017-09-01,0.24913333404009397
Costa Rica,238,2017-10-01,0.555191303060432
Costa Rica,238,2017-11-01,0.16090527622071532
Costa Rica,238,2017-12-01,0.4714405711885742
Costa Rica,238,2018-01-01,0.4065253059390421
Costa Rica,238,2018-02-01,0.21128666291971415
Costa Rica,238,2018-03-01,-0.031158795608688252
Costa Rica,238,2018-04-01,-0.07896021859513938
Costa Rica,238,2018-05-01,-0.11229529503509654
Costa Rica,238,2018-06-01,0.17800077029573785
Costa Rica,238,2018-07-01,0.27535900579812606
Costa Rica,238,2018-08-01,-0.06528294457167381
Costa Rica,238,2018-09-01,0.22086271256740778
Costa Rica,238,2018-10-01,0.3735010811873299
Costa Rica,238,2018-11-01,0.4226194157544384
Costa Rica,238,2018-12-01,0.21042043028411717
Paraguay,288,2011-01-01,NA
Paraguay,288,2011-02-01,1.5100671140939672
Paraguay,288,2011-03-01,1.652892561983489
Paraguay,288,2011-04-01,-0.3252032520325776
Paraguay,288,2011-05-01,0
Paraguay,288,2011-06-01,-0.5709624796083951
Paraguay,288,2011-07-01,0
Paraguay,288,2011-08-01,0.9844134536504533
Paraguay,288,2011-09-01,0.16246953696184835
Paraguay,288,2011-10-01,-0.8110300081103181
Paraguay,288,2011-11-01,-0.0817661488143422
Paraguay,288,2011-12-01,0.8183306055646659
Paraguay,288,2012-01-01,1.055194805194803
Paraguay,288,2012-02-01,1.5261044176706235
Paraguay,288,2012-03-01,0.47468354430388127
Paraguay,288,2012-04-01,-0.2362204724410471
Paraguay,288,2012-05-01,0.39463299131808305
Paraguay,288,2012-06-01,-0.39308176100629805
Paraguay,288,2012-07-01,0.07892659826368967
Paraguay,288,2012-08-01,-0.2365930599368893
Paraguay,288,2012-09-01,0.1581027667983248
Paraguay,288,2012-10-01,-0.23677979479082545
Paraguay,288,2012-11-01,0.632911392405053
Paraguay,288,2012-12-01,0.707547169811385
Paraguay,288,2013-01-01,1.170960187353638
Paraguay,288,2013-02-01,-0.7716049382716046
Paraguay,288,2013-03-01,-0.07776049766725873
Paraguay,288,2013-04-01,0.15564202334633098
Paraguay,288,2013-05-01,-0.3108003108002457
Paraguay,288,2013-06-01,0.46765393608725725
Paraguay,288,2013-07-01,0.5430566330488937
Paraguay,288,2013-08-01,0.6172839506172734
Paraguay,288,2013-09-01,0.3067484662576044
Paraguay,288,2013-10-01,0.8409785932722609
Paraguay,288,2013-11-01,0.6823351023502098
Paraguay,288,2013-12-01,0.07530120481934847
Paraguay,288,2014-01-01,1.3544018058689473
Paraguay,288,2014-02-01,0.6681514476615308
Paraguay,288,2014-03-01,0.5162241887905945
Paraguay,288,2014-04-01,0.4402054292002576
Paraguay,288,2014-05-01,0.29218407596789514
Paraguay,288,2014-06-01,-0.1456664238893031
Paraguay,288,2014-07-01,-0.291757840992028
Paraguay,288,2014-08-01,-0.3657644476956921
Paraguay,288,2014-09-01,0
Paraguay,288,2014-10-01,0.22026431718071227
Paraguay,288,2014-11-01,0.7326007326007321
Paraguay,288,2014-12-01,0.7272727272726306
Paraguay,288,2015-01-01,0.5776173285199576
Paraguay,288,2015-02-01,0.5025125628139925
Paraguay,288,2015-03-01,-0.07142857142852892
Paraguay,288,2015-04-01,-0.14295925661189077
Paraguay,288,2015-05-01,1.503221188260531
Paraguay,288,2015-06-01,-0.9167842031029448
Paraguay,288,2015-07-01,0.7829181494661497
Paraguay,288,2015-08-01,-0.07062146892651167
Paraguay,288,2015-09-01,-0.14134275618377048
Paraguay,288,2015-10-01,-0.2830856334040299
Paraguay,288,2015-11-01,0.42583392476928966
Paraguay,288,2015-12-01,0.9187279151943447
Paraguay,288,2016-01-01,2.591036414565889
Paraguay,288,2016-02-01,0.477815699658629
Paraguay,288,2016-03-01,-0.47554347826079624
Paraguay,288,2016-04-01,-0.34129692832765235
Paraguay,288,2016-05-01,0.4794520547944463
Paraguay,288,2016-06-01,0.27266530334019806
Paraguay,288,2016-07-01,-0.9517335146159701
Paraguay,288,2016-08-01,0.2059025394647427
Paraguay,288,2016-09-01,0.2054794520547778
Paraguay,288,2016-10-01,-0.20505809979492526
Paraguay,288,2016-11-01,1.027397260273889
Paraguay,288,2016-12-01,0.6101694915254792
Paraguay,288,2017-01-01,0.6064690026954577
Paraguay,288,2017-02-01,0.8707300736770547
Paraguay,288,2017-03-01,0
Paraguay,288,2017-04-01,0.4648074369190216
Paraguay,288,2017-05-01,0.26437541308662954
Paraguay,288,2017-06-01,-0.19775873434408411
Paraguay,288,2017-07-01,0.0660501981505551
Paraguay,288,2017-08-01,0.2640264026403105
Paraguay,288,2017-09-01,0.3291639236338752
Paraguay,288,2017-10-01,0.524934383202178
Paraguay,288,2017-11-01,0.7180156657963198
Paraguay,288,2017-12-01,0.5184705119896219
Paraguay,288,2018-01-01,0.7999999999999973
Paraguay,288,2018-02-01,0.29761904761904484
Paraguay,288,2018-03-01,0
Paraguay,288,2018-04-01,0
Paraguay,288,2018-05-01,0.09891196834817856
Paraguay,288,2018-06-01,0.6916996047430858
Paraguay,288,2018-07-01,-0.29440628066733204
Paraguay,288,2018-08-01,0.19685039370079022
Paraguay,288,2018-09-01,0.39292730844794277
Paraguay,288,2018-10-01,0.5870841487279788
Paraguay,288,2018-11-01,0.6809338521400806
Paraguay,288,2018-12-01,-0.2898550724637654
Cameroon,622,2011-01-01,NA
Cameroon,622,2011-02-01,0
Cameroon,622,2011-03-01,-0.36314117113031474
Cameroon,622,2011-04-01,-0.1366742596810293
Cameroon,622,2011-05-01,0.4105839416057759
Cameroon,622,2011-06-01,0.49977283053155064
Cameroon,622,2011-07-01,0.4520795660036915
Cameroon,622,2011-08-01,0.36003600360039756
Cameroon,622,2011-09-01,0.5381165919282525
Cameroon,622,2011-10-01,0.1338090990186704
Cameroon,622,2011-11-01,0.08908685968823235
Cameroon,622,2011-12-01,0.4005340453937785
Cameroon,622,2012-01-01,-0.19720520736325906
Cameroon,622,2012-02-01,-0.07188893958672844
Cameroon,622,2012-03-01,0.39391470744949686
Cameroon,622,2012-04-01,0.3114242601165996
Cameroon,622,2012-05-01,0.41098161974721903
Cameroon,622,2012-06-01,0.06538171741346062
Cameroon,622,2012-07-01,0.34538256134288836
Cameroon,622,2012-08-01,0.45871913987909135
Cameroon,622,2012-09-01,-0.04681005091742151
Cameroon,622,2012-10-01,0.4247929364134632
Cameroon,622,2012-11-01,-0.10301901747617173
Cameroon,622,2012-12-01,0.8465410526227415
Cameroon,622,2013-01-01,-0.31609561277306003
Cameroon,622,2013-02-01,-0.14544287211700901
Cameroon,622,2013-03-01,0.1049385655251393
Cameroon,622,2013-04-01,-0.010998881239204903
Cameroon,622,2013-05-01,0.14020413562186515
Cameroon,622,2013-06-01,0.23540598267293697
Cameroon,622,2013-07-01,0.04987847421803933
Cameroon,622,2013-08-01,0.4203542271471998
Cameroon,622,2013-09-01,0.2949070153250206
Cameroon,622,2013-10-01,0.48034808058107437
Cameroon,622,2013-11-01,0.09612689103339557
Cameroon,622,2013-12-01,0.28684322954512975
Cameroon,622,2014-01-01,-0.6257959201785925
Cameroon,622,2014-02-01,-0.07520868720114429
Cameroon,622,2014-03-01,-0.15403629900483612
Cameroon,622,2014-04-01,-0.21520648052400596
Cameroon,622,2014-05-01,0.4420519090132748
Cameroon,622,2014-06-01,-0.20855945768763082
Cameroon,622,2014-07-01,2.19137042010633
Cameroon,622,2014-08-01,0.11743021903612601
Cameroon,622,2014-09-01,0.27566242687530773
Cameroon,622,2014-10-01,-0.09703928830621142
Cameroon,622,2014-11-01,0.6036946203184775
Cameroon,622,2014-12-01,0.3625632578591334
Cameroon,622,2015-01-01,-0.6651916323344034
Cameroon,622,2015-02-01,0.3318895222044941
Cameroon,622,2015-03-01,0.011041167112212627
Cameroon,622,2015-04-01,0.46568980769499746
Cameroon,622,2015-05-01,0.20089932847872136
Cameroon,622,2015-06-01,0.4176663853332641
Cameroon,622,2015-07-01,0.30697413752184083
Cameroon,622,2015-08-01,-0.09107468123859296
Cameroon,622,2015-09-01,0.2734731084776975
Cameroon,622,2015-10-01,0
Cameroon,622,2015-11-01,-0.18181818181823553
Cameroon,622,2015-12-01,0.36429872495443805
Cameroon,622,2016-01-01,-0.3629764065335509
Cameroon,622,2016-02-01,-0.09107468123859296
Cameroon,622,2016-03-01,0.09115770282586605
Cameroon,622,2016-04-01,0.18214936247728525
Cameroon,622,2016-05-01,0.45454545454540707
Cameroon,622,2016-06-01,-0.27149321266971427
Cameroon,622,2016-07-01,0.09074410163348666
Cameroon,622,2016-08-01,0.27198549410688005
Cameroon,622,2016-09-01,0
Cameroon,622,2016-10-01,-0.22770309343305473
Cameroon,622,2016-11-01,-0.023766564828042416
Cameroon,622,2016-12-01,0.18938796055233534
Cameroon,622,2017-01-01,-0.27911065599393015
Cameroon,622,2017-02-01,-0.02133416782485376
Cameroon,622,2017-03-01,0.12004859599193343
Cameroon,622,2017-04-01,0.46504244417691404
Cameroon,622,2017-05-01,0.020662091902746673
Cameroon,622,2017-06-01,-0.025221318575531882
Cameroon,622,2017-07-01,0.05487967742095785
Cameroon,622,2017-08-01,0.4508566275924936
Cameroon,622,2017-09-01,0.08976660682222339
Cameroon,622,2017-10-01,-0.11019012934433194
Cameroon,622,2017-11-01,-0.05271979449502247
Cameroon,622,2017-12-01,0.0492135930144002
Cameroon,622,2018-01-01,-0.15551676306108128
Cameroon,622,2018-02-01,-0.08992805755391808
Cameroon,622,2018-03-01,0.09000900090005119
Cameroon,622,2018-04-01,0.35971223021581944
Cameroon,622,2018-05-01,0.17921146953408695
Cameroon,622,2018-06-01,0
Cameroon,622,2018-07-01,0.17889087656523428
Cameroon,622,2018-08-01,0.08928571428580563
Cameroon,622,2018-09-01,0.4460303300623977
Cameroon,622,2018-10-01,0.4440497335702105
Cameroon,622,2018-11-01,0.17683465959322003
Cameroon,622,2018-12-01,0.26478375992940517
Senegal,722,2011-01-01,NA
Senegal,722,2011-02-01,-0.37289457448459096
Senegal,722,2011-03-01,-0.5469567976561204
Senegal,722,2011-04-01,0.04330628913165594
Senegal,722,2011-05-01,0.3315999536891677
Senegal,722,2011-06-01,0.3554565435001021
Senegal,722,2011-07-01,0.40861119120012956
Senegal,722,2011-08-01,0.6713225647738608
Senegal,722,2011-09-01,0.8637306297012488
Senegal,722,2011-10-01,0.5515568787623899
Senegal,722,2011-11-01,-0.2949404010896577
Senegal,722,2011-12-01,0.22026329989898835
Senegal,722,2012-01-01,-0.7209355281542487
Senegal,722,2012-02-01,0.25024645716130195
Senegal,722,2012-03-01,0.002778932671278051
Senegal,722,2012-04-01,-0.5770207272181649
Senegal,722,2012-05-01,-1.1313914464336605
Senegal,722,2012-06-01,-0.04352409777991951
Senegal,722,2012-07-01,0.5448358083613308
Senegal,722,2012-08-01,1.4966312058063405
Senegal,722,2012-09-01,1.0462095869165078
Senegal,722,2012-10-01,1.158845987469687
Senegal,722,2012-11-01,-0.2416479596215506
Senegal,722,2012-12-01,-0.6168683797859602
Senegal,722,2013-01-01,-1.1316406921365845
Senegal,722,2013-02-01,-0.1462234986580551
Senegal,722,2013-03-01,-0.5000547849981817
Senegal,722,2013-04-01,-0.07459972623207481
Senegal,722,2013-05-01,-0.23955251208091097
Senegal,722,2013-06-01,-0.5650123021363005
Senegal,722,2013-07-01,0.946039816706116
Senegal,722,2013-08-01,1.643090642292747
Senegal,722,2013-09-01,0.8088670110768417
Senegal,722,2013-10-01,1.42087166533513
Senegal,722,2013-11-01,-0.6150540184705267
Senegal,722,2013-12-01,-1.5705004455964295
Senegal,722,2014-01-01,-0.29002054229896734
Senegal,722,2014-02-01,-1.4087789014380894
Senegal,722,2014-03-01,-0.45333192277349926
Senegal,722,2014-04-01,-0.6516557558988103
Senegal,722,2014-05-01,-0.9488146871481146
Senegal,722,2014-06-01,0.060393300576291525
Senegal,722,2014-07-01,0.682183685585769
Senegal,722,2014-08-01,1.803744730908672
Senegal,722,2014-09-01,0.6836783822820852
Senegal,722,2014-10-01,0.7746748278501309
Senegal,722,2014-11-01,-0.8920945240581525
Senegal,722,2014-12-01,-0.12448530115865102
Senegal,722,2015-01-01,-1.8983700862895703
Senegal,722,2015-02-01,-0.17591868647373318
Senegal,722,2015-03-01,-0.5776385353437338
Senegal,722,2015-04-01,0.019694731659395642
Senegal,722,2015-05-01,0.29536280397744546
Senegal,722,2015-06-01,0.196328654167115
Senegal,722,2015-07-01,1.1756637601646263
Senegal,722,2015-08-01,0.6391013847196676
Senegal,722,2015-09-01,1.375926104108548
Senegal,722,2015-10-01,1.9172361427486628
Senegal,722,2015-11-01,-1.3317191283293108
Senegal,722,2015-12-01,-1.1798017932987053
Senegal,722,2016-01-01,-0.8309455587392868
Senegal,722,2016-02-01,-0.30819608976211865
Senegal,722,2016-03-01,-0.5989759443532681
Senegal,722,2016-04-01,-0.6025852852560195
Senegal,722,2016-05-01,-0.36178742544240955
Senegal,722,2016-06-01,0.686947988223702
Senegal,722,2016-07-01,0.8771929824561332
Senegal,722,2016-08-01,1.6425120772946524
Senegal,722,2016-09-01,1.3973384030418112
Senegal,722,2016-10-01,0.39373769569703565
Senegal,722,2016-11-01,-0.8777663647398867
Senegal,722,2016-12-01,0.7065473386715939
Senegal,722,2017-01-01,-1.1225444340504245
Senegal,722,2017-02-01,-0.09460737937559247
Senegal,722,2017-03-01,-0.18939393939397717
Senegal,722,2017-04-01,-0.9582542694497027
Senegal,722,2017-05-01,-0.6226650062266759
Senegal,722,2017-06-01,0.25062656641600006
Senegal,722,2017-07-01,1.4903846153846352
Senegal,722,2017-08-01,1.6011369019423065
Senegal,722,2017-09-01,0.05594927265939678
Senegal,722,2017-10-01,0.2143522833177824
Senegal,722,2017-11-01,-1.0787687157071817
Senegal,722,2017-12-01,-0.15981949797881165
Senegal,722,2018-01-01,-0.08474576271189016
Senegal,722,2018-02-01,1.0272358872867984
Senegal,722,2018-03-01,-1.5858208955223563
Senegal,722,2018-04-01,0
Senegal,722,2018-05-01,-1.232227488151692
Senegal,722,2018-06-01,-1.0556621880998218
Senegal,722,2018-07-01,2.0368574199806098
Senegal,722,2018-08-01,2.281368821292841
Senegal,722,2018-09-01,0.6598513011151907
Senegal,722,2018-10-01,-0.6370602899085763
Senegal,722,2018-11-01,-0.6504367217988782
Senegal,722,2018-12-01,0.6453423120089585
Uganda,746,2011-01-01,NA
Uganda,746,2011-02-01,1.3502379674479528
Uganda,746,2011-03-01,2.5494175137755564
Uganda,746,2011-04-01,2.285437637078648
Uganda,746,2011-05-01,0.7232482366197207
Uganda,746,2011-06-01,1.6213564672449345
Uganda,746,2011-07-01,3.9683797624611494
Uganda,746,2011-08-01,0.6741074786321984
Uganda,746,2011-09-01,5.172456041462477
Uganda,746,2011-10-01,1.1185544678777024
Uganda,746,2011-11-01,0.15221337936774085
Uganda,746,2011-12-01,0.39435265889725507
Uganda,746,2012-01-01,0.8553063476776577
Uganda,746,2012-02-01,2.5411038543437514
Uganda,746,2012-03-01,-0.12005996711401112
Uganda,746,2012-04-01,0.5918167254970058
Uganda,746,2012-05-01,-0.23562492998071283
Uganda,746,2012-06-01,-1.0245389577065085
Uganda,746,2012-07-01,-0.12117937509983526
Uganda,746,2012-08-01,0.2230923582369323
Uganda,746,2012-09-01,0.45696904638350644
Uganda,746,2012-10-01,0.7346786344214881
Uganda,746,2012-11-01,0.1896025765161386
Uganda,746,2012-12-01,0.13274199921681268
Uganda,746,2013-01-01,0.07237098576461473
Uganda,746,2013-02-01,1.0676629760664011
Uganda,746,2013-03-01,0.7785486743683696
Uganda,746,2013-04-01,0.7483138533528026
Uganda,746,2013-05-01,0.5491554607440092
Uganda,746,2013-06-01,0.35806784952210574
Uganda,746,2013-07-01,0.518379438722752
Uganda,746,2013-08-01,1.13667168708298
Uganda,746,2013-09-01,0.9210496779998146
Uganda,746,2013-10-01,0.01118875424138398
Uganda,746,2013-11-01,-0.60248866124437
Uganda,746,2013-12-01,-0.2221747741630992
Uganda,746,2014-01-01,-0.0813130747026917
Uganda,746,2014-02-01,0.5914329523375133
Uganda,746,2014-03-01,1.176183376917135
Uganda,746,2014-04-01,-0.12511174453578713
Uganda,746,2014-05-01,-0.24239209651309504
Uganda,746,2014-06-01,-0.5255072129598043
Uganda,746,2014-07-01,0.4170218997277088
Uganda,746,2014-08-01,0.6570486932122824
Uganda,746,2014-09-01,0.5322041084007434
Uganda,746,2014-10-01,-0.04267024097819129
Uganda,746,2014-11-01,-0.1527573877285065
Uganda,746,2014-12-01,-0.15365153640644547
Uganda,746,2015-01-01,0.7304486745086094
Uganda,746,2015-02-01,0.41440884859677424
Uganda,746,2015-03-01,1.5994337279643926
Uganda,746,2015-04-01,1.235771992425083
Uganda,746,2015-05-01,0.0236238731397832
Uganda,746,2015-06-01,-0.40633180205366426
Uganda,746,2015-07-01,0.86950829364343
Uganda,746,2015-08-01,0.8983222561661971
Uganda,746,2015-09-01,1.9191237765826208
Uganda,746,2015-10-01,0.9185587683549998
Uganda,746,2015-11-01,0.22434459329528122
Uganda,746,2015-12-01,0.21744691737015004
Uganda,746,2016-01-01,-0.21697511167834502
Uganda,746,2016-02-01,0.09593246354566592
Uganda,746,2016-03-01,0.9456264775413895
Uganda,746,2016-04-01,0.06962465978860663
Uganda,746,2016-05-01,0.1391524351675509
Uganda,746,2016-06-01,0.15790803436077192
Uganda,746,2016-07-01,0.15135271488930588
Uganda,746,2016-08-01,0.547824444304524
Uganda,746,2016-09-01,0.9018036072144724
Uganda,746,2016-10-01,0.5896226415093933
Uganda,746,2016-11-01,0.6602085518603238
Uganda,746,2016-12-01,0.9948068438359355
Uganda,746,2017-01-01,-8.278558559516037e-4
Uganda,746,2017-02-01,0.8609023130530117
Uganda,746,2017-03-01,0.6378625586718045
Uganda,746,2017-04-01,0.45443673762247594
Uganda,746,2017-05-01,0.5654761904760671
Uganda,746,2017-06-01,-0.6392423794025137
Uganda,746,2017-07-01,-0.4706022517415804
Uganda,746,2017-08-01,0.15561407708873415
Uganda,746,2017-09-01,0.9501613481531903
Uganda,746,2017-10-01,0.3255786420411539
Uganda,746,2017-11-01,-0.15341043190927203
Uganda,746,2017-12-01,0.5613993617774301
Uganda,746,2018-01-01,-0.29382382323557094
Uganda,746,2018-02-01,0.005893793834523955
Uganda,746,2018-03-01,0.4773691654879815
Uganda,746,2018-04-01,0.2756759927275454
Uganda,746,2018-05-01,0.47379503977538684
Uganda,746,2018-06-01,-0.16883041276141722
Uganda,746,2018-07-01,0.43736878936269225
Uganda,746,2018-08-01,0.865122220287339
Uganda,746,2018-09-01,0.8289201013119265
Uganda,746,2018-10-01,-0.353962091800865
Uganda,746,2018-11-01,-0.14896298842758357
Uganda,746,2018-12-01,-0.18361257746102236
Zambia,754,2011-01-01,NA
Zambia,754,2011-02-01,0.6719827972403907
Zambia,754,2011-03-01,1.0679957280170904
Zambia,754,2011-04-01,0.5988023952095742
Zambia,754,2011-05-01,0.2801120448179336
Zambia,754,2011-06-01,-0.034916201117323895
Zambia,754,2011-07-01,1.1962975899406256
Zambia,754,2011-08-01,0.6126499266545808
Zambia,754,2011-09-01,0.3516295025729081
Zambia,754,2011-10-01,-0.17947184001368083
Zambia,754,2011-11-01,0.11986301369863062
Zambia,754,2011-12-01,0.4532238754917061
Zambia,754,2012-01-01,1.1066655316250933
Zambia,754,2012-02-01,0.2694283068114906
Zambia,754,2012-03-01,1.4694768662356201
Zambia,754,2012-04-01,0.653757034094664
Zambia,754,2012-05-01,0.39463948039135416
Zambia,754,2012-06-01,0.04094668741298596
Zambia,754,2012-07-01,0.7367387033398868
Zambia,754,2012-08-01,0.8532423208191102
Zambia,754,2012-09-01,0.49149947627104945
Zambia,754,2012-10-01,0.06414368184733667
Zambia,754,2012-11-01,0.19230769230769962
Zambia,754,2012-12-01,0.8317338451695393
Zambia,754,2013-01-01,0.7931472081218274
Zambia,754,2013-02-01,0.18885741265344264
Zambia,754,2013-03-01,1.1702796104304187
Zambia,754,2013-04-01,0.5900163030820518
Zambia,754,2013-05-01,0.8489619510689159
Zambia,754,2013-06-01,0.3520318359225591
Zambia,754,2013-07-01,0.6558377182948324
Zambia,754,2013-08-01,0.6667171755435983
Zambia,754,2013-09-01,0.40641228268231505
Zambia,754,2013-10-01,-0.007495689978255682
Zambia,754,2013-11-01,0.3148425787106353
Zambia,754,2013-12-01,0.94156329397699845
Zambia,754,2014-01-01,0.9179745336096983
Zambia,754,2014-02-01,0.4694835680751282
Zambia,754,2014-03-01,1.2485397196261532
Zambia,754,2014-04-01,0.6778683204730845
Zambia,754,2014-05-01,0.8881885251772655
Zambia,754,2014-06-01,0.44728434504792014
Zambia,754,2014-07-01,0.7704269154650859
Zambia,754,2014-08-01,0.6242547520516342
Zambia,754,2014-09-01,0.2857939495329685
Zambia,754,2014-10-01,0.09035935219294881
Zambia,754,2014-11-01,0.43749999999999684
Zambia,754,2014-12-01,0.7398188480951347
Zambia,754,2015-01-01,0.7275223061084436
Zambia,754,2015-02-01,0.2521122921777082
Zambia,754,2015-03-01,1.0195065588255285
Zambia,754,2015-04-01,0.6929960304110887
Zambia,754,2015-05-01,0.6414539623145851
Zambia,754,2015-06-01,0.5576948612402094
Zambia,754,2015-07-01,0.7790835864254445
Zambia,754,2015-08-01,0.8516771488469678
Zambia,754,2015-09-01,0.6885799662206069
Zambia,754,2015-10-01,6.2258064516129075
Zambia,754,2015-11-01,4.986334649256002
Zambia,754,2015-12-01,2.08261020479
Zambia,754,2016-01-01,1.2694094979031965
Zambia,754,2016-02-01,1.1807498601007351
Zambia,754,2016-03-01,0.48116807698689484
Zambia,754,2016-04-01,0.3082342580361087
Zambia,754,2016-05-01,0.24143985952589866
Zambia,754,2016-06-01,0.3448653382964722
Zambia,754,2016-07-01,0.06546287709345074
Zambia,754,2016-08-01,0.34890693997709554
Zambia,754,2016-09-01,0.08149073721953914
Zambia,754,2016-10-01,0.5102594723699911
Zambia,754,2016-11-01,1.5338085979693257
Zambia,754,2016-12-01,0.8723404255319077
Zambia,754,2017-01-01,0.8647964564437961
Zambia,754,2017-02-01,0.961940610623172
Zambia,754,2017-03-01,0.3417564208782087
Zambia,754,2017-04-01,0.3612343895138758
Zambia,754,2017-05-01,0.07198683669272665
Zambia,754,2017-06-01,0.6165861679169605
Zambia,754,2017-07-01,-0.11234807476253644
Zambia,754,2017-08-01,0.07668711656442008
Zambia,754,2017-09-01,0.2962962962963027
Zambia,754,2017-10-01,0.3921968114908479
Zambia,754,2017-11-01,1.3901572805682443
Zambia,754,2017-12-01,0.6705364291433163
Zambia,754,2018-01-01,0.9792225867382438
Zambia,754,2018-02-01,0.8663549101648982
Zambia,754,2018-03-01,1.3225318432482593
Zambia,754,2018-04-01,0.6309604084384945
Zambia,754,2018-05-01,0.4307662853587353
Zambia,754,2018-06-01,0.24781966353714047
Zambia,754,2018-07-01,0.27097694318991833
Zambia,754,2018-08-01,0.2844680447563165
Zambia,754,2018-09-01,0.19383509833585313
Zambia,754,2018-10-01,0.703062331902034
Zambia,754,2018-11-01,0.9136913129041407
Zambia,754,2018-12-01,0.7521938988717112
Togo,742,2011-01-01,NA
Togo,742,2011-02-01,-1.4402216133874288
Togo,742,2011-03-01,0.5712120724353329
Togo,742,2011-04-01,0.8579403229350367
Togo,742,2011-05-01,-0.24688898630583575
Togo,742,2011-06-01,0.862191181180697
Togo,742,2011-07-01,-0.4495541427888539
Togo,742,2011-08-01,-0.37482077418976395
Togo,742,2011-09-01,-0.4513507689063583
Togo,742,2011-10-01,-1.1314458973263986
Togo,742,2011-11-01,0.7425626946134944
Togo,742,2011-12-01,1.4928834918884675
Togo,742,2012-01-01,0.9873297610413759
Togo,742,2012-02-01,0.06858202473241841
Togo,742,2012-03-01,-0.3025807713603292
Togo,742,2012-04-01,0.7740139440844729
Togo,742,2012-05-01,0.9594744448654678
Togo,742,2012-06-01,-0.41961523890252916
Togo,742,2012-07-01,0.09439466689294394
Togo,742,2012-08-01,-0.42079007056927814
Togo,742,2012-09-01,-0.2546555048097832
Togo,742,2012-10-01,0.061575404849749
Togo,742,2012-11-01,0.4835346373025092
Togo,742,2012-12-01,0.750050930430247
Togo,742,2013-01-01,1.6310265457910633
Togo,742,2013-02-01,-0.3036317602514876
Togo,742,2013-03-01,0.17296005649353688
Togo,742,2013-04-01,-0.3070224483398565
Togo,742,2013-05-01,0.43003875519664797
Togo,742,2013-06-01,-0.16191889837308418
Togo,742,2013-07-01,-0.6108202443280529
Togo,742,2013-08-01,-0.5267778753292743
Togo,742,2013-09-01,-0.0882612533098395
Togo,742,2013-10-01,-0.6540786219080624
Togo,742,2013-11-01,0.30362463641712023
Togo,742,2013-12-01,-0.26779097546956154
Togo,742,2014-01-01,-0.03737545430089711
Togo,742,2014-02-01,1.1586570217289054
Togo,742,2014-03-01,0.17267067106502676
Togo,742,2014-04-01,0.9016874357319649
Togo,742,2014-05-01,0.19633188550705655
Togo,742,2014-06-01,-0.1036805780627458
Togo,742,2014-07-01,-0.04056297770695173
Togo,742,2014-08-01,-1.1767289457831585
Togo,742,2014-09-01,-1.0262307232379118
Togo,742,2014-10-01,1.0226378839451327
Togo,742,2014-11-01,-0.24782509097088942
Togo,742,2014-12-01,1.029626356030317
Togo,742,2015-01-01,0.9120053765587102
Togo,742,2015-02-01,-1.3636131290111975
Togo,742,2015-03-01,0.7431957416891828
Togo,742,2015-04-01,0.5582693649686514
Togo,742,2015-05-01,2.042232576583662
Togo,742,2015-06-01,0.5246283882250495
Togo,742,2015-07-01,0.4252440320866362
Togo,742,2015-08-01,-0.866134154556937
Togo,742,2015-09-01,0.01941559071935819
Togo,742,2015-10-01,-1.057944288071404
Togo,742,2015-11-01,0.39238767902688143
Togo,742,2015-12-01,1.0259917920656974
Togo,742,2016-01-01,0.01934423058325632
Togo,742,2016-02-01,0.21274538245808441
Togo,742,2016-03-01,0.36668918266920714
Togo,742,2016-04-01,0.5768676088837479
Togo,742,2016-05-01,0.9750501864065508
Togo,742,2016-06-01,0.710025560920241
Togo,742,2016-07-01,-1.184433164128534
Togo,742,2016-08-01,-2.5019025875190413
Togo,742,2016-09-01,-1.1610888867207456
Togo,742,2016-10-01,-0.7107601184599126
Togo,742,2016-11-01,1.3123881487373252
Togo,742,2016-12-01,0.5004906771343316
Togo,742,2017-01-01,-0.7421150278292462
Togo,742,2017-02-01,-0.1574028529266718
Togo,742,2017-03-01,0.7094295004432858
Togo,742,2017-04-01,0.626161823696355
Togo,742,2017-05-01,1.2445308701992837
Togo,742,2017-06-01,0.5569960626141371
Togo,742,2017-07-01,-1.22242383726491
Togo,742,2017-08-01,-0.39640336459441994
Togo,742,2017-09-01,-1.2813046010483433
Togo,742,2017-10-01,-0.7472959685348562
Togo,742,2017-11-01,0.3764612641172719
Togo,742,2017-12-01,0.5230951440979275
Togo,742,2018-01-01,0.1963672066764865
Togo,742,2018-02-01,0
Togo,742,2018-03-01,-0.08819206271433362
Togo,742,2018-04-01,2.353864260494276
Togo,742,2018-05-01,1.5235722499041502
Togo,742,2018-06-01,-0.9249646059461645
Togo,742,2018-07-01,-0.6382776031246578
Togo,742,2018-08-01,-0.6999041227229521
Togo,742,2018-09-01,-1.1876025876219052
Togo,742,2018-10-01,-0.19542700801250876
Togo,742,2018-11-01,0.9790483649892203
Togo,742,2018-12-01,0.7174713980997138
Belgium,124,2011-01-01,NA
Belgium,124,2011-02-01,0.5820721769499538
Belgium,124,2011-03-01,0.5050505050504942
Belgium,124,2011-04-01,0.24078726968174624
Belgium,124,2011-05-01,0.3342036553524733
Belgium,124,2011-06-01,0.3122723014468735
Belgium,124,2011-07-01,0.1141434056241563
Belgium,124,2011-08-01,-0.08291873963515577
Belgium,124,2011-09-01,0.2697095435684553
Belgium,124,2011-10-01,0.1551831160769767
Belgium,124,2011-11-01,0.39252143373617954
Belgium,124,2011-12-01,0.041156497582062204
Belgium,124,2012-01-01,0.7302272961020196
Belgium,124,2012-02-01,0.592199305697364
Belgium,124,2012-03-01,0.21315468940317495
Belgium,124,2012-04-01,0.07090043553123992
Belgium,124,2012-05-01,-0.030364372469636778
Belgium,124,2012-06-01,-0.2328642300293508
Belgium,124,2012-07-01,0.18266693728434402
Belgium,124,2012-08-01,0.4355753646677541
Belgium,124,2012-09-01,0.17145738779625566
Belgium,124,2012-10-01,0.18123238018526666
Belgium,124,2012-11-01,-0.11055276381909492
Belgium,124,2012-12-01,0.010061374383745967
Belgium,124,2013-01-01,-0.03018108651911583
Belgium,124,2013-02-01,0.3220287813223238
Belgium,124,2013-03-01,0.14043534958371007
Belgium,124,2013-04-01,-0.04006811579684668
Belgium,124,2013-05-01,0.1503156628920648
Belgium,124,2013-06-01,0.17010206123674376
Belgium,124,2013-07-01,0.09989012086704058
Belgium,124,2013-08-01,-0.05987426404549253
Belgium,124,2013-09-01,0.05991013479779137
Belgium,124,2013-10-01,-0.07983235206067088
Belgium,124,2013-11-01,0.06990911814641705
Belgium,124,2013-12-01,0.15968063872255148
Belgium,124,2014-01-01,0.13949780789159083
Belgium,124,2014-02-01,0.1592039800994991
Belgium,124,2014-03-01,0.0596065964633442
Belgium,124,2014-04-01,-0.30778395552025645
Belgium,124,2014-05-01,-0.1095508415496459
Belgium,124,2014-06-01,0.07976071784645893
Belgium,124,2014-07-01,0.16935644550707482
Belgium,124,2014-08-01,-0.37792143212331725
Belgium,124,2014-09-01,-0.07986423080762534
Belgium,124,2014-10-01,0.12988310520531066
Belgium,124,2014-11-01,-0.12971462781879411
Belgium,124,2014-12-01,-0.10990108901988153
Belgium,124,2015-01-01,-0.13002600520104987
Belgium,124,2015-02-01,0.41061592388583956
Belgium,124,2015-03-01,0.05984440454816284
Belgium,124,2015-04-01,0.37878787878788844
Belgium,124,2015-05-01,0.1588877855014862
Belgium,124,2015-06-01,0.14872099940512162
Belgium,124,2015-07-01,0
Belgium,124,2015-08-01,0.06930006930006255
Belgium,124,2015-09-01,0.06925207756233417
Belgium,124,2015-10-01,0.3460207612456691
Belgium,124,2015-11-01,0.10837438423645265
Belgium,124,2015-12-01,-0.1279401633697426
Belgium,124,2016-01-01,0.10839574300354693
Belgium,124,2016-02-01,0.059060931194017396
Belgium,124,2016-03-01,0.9050664043285661
Belgium,124,2016-04-01,0.17548990933022018
Belgium,124,2016-05-01,0.32116788321167716
Belgium,124,2016-06-01,0.10671323244082212
Belgium,124,2016-07-01,0.11629033821107138
Belgium,124,2016-08-01,-0.048398025360562535
Belgium,124,2016-09-01,-0.21305442572147867
Belgium,124,2016-10-01,0.2911490683229786
Belgium,124,2016-11-01,0.06773756531835996
Belgium,124,2016-12-01,0.1257131805434771
Belgium,124,2017-01-01,0.7146996329920754
Belgium,124,2017-02-01,0.3739930955120834
Belgium,124,2017-03-01,0.2292920607623912
Belgium,124,2017-04-01,0.17157563625965763
Belgium,124,2017-05-01,-0.08564087924636352
Belgium,124,2017-06-01,-0.15238095238094912
Belgium,124,2017-07-01,0.29568866844715974
Belgium,124,2017-08-01,0.06657156443175766
Belgium,124,2017-09-01,-0.10454286257365465
Belgium,124,2017-10-01,0.28541527923127885
Belgium,124,2017-11-01,0.13281472346077275
Belgium,124,2017-12-01,0.18948365703458345
Belgium,124,2018-01-01,0.2931442080378272
Belgium,124,2018-02-01,0.15085800490288195
Belgium,124,2018-03-01,0.1412163434381526
Belgium,124,2018-04-01,0.30083670207764707
Belgium,124,2018-05-01,0.20620489267972525
Belgium,124,2018-06-01,0.10289028154522444
Belgium,124,2018-07-01,0.383105961502533
Belgium,124,2018-08-01,0.13962580284835843
Belgium,124,2018-09-01,0
Belgium,124,2018-10-01,0.6785647889942406
Belgium,124,2018-11-01,0.15695688302095995
Belgium,124,2018-12-01,-0.2396755162241935
"Netherlands, The",138,2011-01-01,NA
"Netherlands, The",138,2011-02-01,0.7522895769733948
"Netherlands, The",138,2011-03-01,1.1362406665945215
"Netherlands, The",138,2011-04-01,0.5349882302589344
"Netherlands, The",138,2011-05-01,0.07449978714347318
"Netherlands, The",138,2011-06-01,-0.48920557268957565
"Netherlands, The",138,2011-07-01,0.5022977450037545
"Netherlands, The",138,2011-08-01,0.15950659293916575
"Netherlands, The",138,2011-09-01,0.36097250238879225
"Netherlands, The",138,2011-10-01,0.04231460911878984
"Netherlands, The",138,2011-11-01,-0.30665115787246705
"Netherlands, The",138,2011-12-01,-0.25456088247772046
"Netherlands, The",138,2012-01-01,-0.053168864313070364
"Netherlands, The",138,2012-02-01,0.7553995105862411
"Netherlands, The",138,2012-03-01,1.1404435058078124
"Netherlands, The",138,2012-04-01,0.4071831280016711
"Netherlands, The",138,2012-05-01,-0.14557554330872471
"Netherlands, The",138,2012-06-01,-0.47901697386234293
"Netherlands, The",138,2012-07-01,0.6592026786648632
"Netherlands, The",138,2012-08-01,0.12474012474011469
"Netherlands, The",138,2012-09-01,0.415282392026584
"Netherlands, The",138,2012-10-01,0.5893300248139034
"Netherlands, The",138,2012-11-01,-0.4111419467571237
"Netherlands, The",138,2012-12-01,-0.1341727732480085
"Netherlands, The",138,2013-01-01,0.02066969822240184
"Netherlands, The",138,2013-02-01,0.7852862161603689
"Netherlands, The",138,2013-03-01,1.0662292392864383
"Netherlands, The",138,2013-04-01,0.09129640900791582
"Netherlands, The",138,2013-05-01,0.020269585486972757
"Netherlands, The",138,2013-06-01,-0.3749113385348106
"Netherlands, The",138,2013-07-01,0.8441822620016401
"Netherlands, The",138,2013-08-01,-0.12102874432678219
"Netherlands, The",138,2013-09-01,0.05048975058062926
"Netherlands, The",138,2013-10-01,-0.2825999192571671
"Netherlands, The",138,2013-11-01,-0.4959514170040434
"Netherlands, The",138,2013-12-01,0.050859525989214886
"Netherlands, The",138,2014-01-01,-0.21350142334281594
"Netherlands, The",138,2014-02-01,0.4279164544065079
"Netherlands, The",138,2014-03-01,0.8318961144364487
"Netherlands, The",138,2014-04-01,0.4628232216520714
"Netherlands, The",138,2014-05-01,-0.34051076614921305
"Netherlands, The",138,2014-06-01,-0.27132951462165633
"Netherlands, The",138,2014-07-01,0.8162031438935936
"Netherlands, The",138,2014-08-01,-0.06996501749124756
"Netherlands, The",138,2014-09-01,-0.020004000800170264
"Netherlands, The",138,2014-10-01,-0.12004801920767341
"Netherlands, The",138,2014-11-01,-0.5909455128205162
"Netherlands, The",138,2014-12-01,-0.20151133501259733
"Netherlands, The",138,2015-01-01,-0.908632004038356
"Netherlands, The",138,2015-02-01,0.5501782985226612
"Netherlands, The",138,2015-03-01,1.0740703212078249
"Netherlands, The",138,2015-04-01,0.6416040100250632
"Netherlands, The",138,2015-05-01,0.21914533320051685
"Netherlands, The",138,2015-06-01,-0.37769605407016743
"Netherlands, The",138,2015-07-01,0.7682330639529042
"Netherlands, The",138,2015-08-01,-0.3069306930693092
"Netherlands, The",138,2015-09-01,-0.18869798391101175
"Netherlands, The",138,2015-10-01,-0.08955223880597354
"Netherlands, The",138,2015-11-01,-0.5577133751618388
"Netherlands, The",138,2015-12-01,-0.12018027040559874
"Netherlands, The",138,2016-01-01,-1.022761455931024
"Netherlands, The",138,2016-02-01,0.5977104649984839
"Netherlands, The",138,2016-03-01,1.0171198388721099
"Netherlands, The",138,2016-04-01,0.08972186222709941
"Netherlands, The",138,2016-05-01,0.17928286852588904
"Netherlands, The",138,2016-06-01,-0.3181547027241929
"Netherlands, The",138,2016-07-01,0.4987033712347895
"Netherlands, The",138,2016-08-01,0.11909487892019684
"Netherlands, The",138,2016-09-01,-0.3072957969865209
"Netherlands, The",138,2016-10-01,0.2585263995227256
"Netherlands, The",138,2016-11-01,-0.3372012297927238
"Netherlands, The",138,2016-12-01,0.2189272564434261
"Netherlands, The",138,2017-01-01,-0.3574620196604106
"Netherlands, The",138,2017-02-01,0.737419033383168
"Netherlands, The",138,2017-03-01,0.3462261351271088
"Netherlands, The",138,2017-04-01,0.5323343848580503
"Netherlands, The",138,2017-05-01,-0.32359286134536014
"Netherlands, The",138,2017-06-01,-0.2754549926217424
"Netherlands, The",138,2017-07-01,0.7299990135148415
"Netherlands, The",138,2017-08-01,0.1566937616296118
"Netherlands, The",138,2017-09-01,-0.23467292461131797
"Netherlands, The",138,2017-10-01,0.1372145447417432
"Netherlands, The",138,2017-11-01,-0.16638935108153247
"Netherlands, The",138,2017-12-01,-0.029411764705883466
"Netherlands, The",138,2018-01-01,-0.14710208884966725
"Netherlands, The",138,2018-02-01,0.481241406403466
"Netherlands, The",138,2018-03-01,0.15638744990714162
"Netherlands, The",138,2018-04-01,0.624573045769494
"Netherlands, The",138,2018-05-01,0.30064979148482424
"Netherlands, The",138,2018-06-01,-0.30941790756140725
"Netherlands, The",138,2018-07-01,1.144519883608154
"Netherlands, The",138,2018-08-01,0.11507479861910677
"Netherlands, The",138,2018-09-01,-0.4310344827586234
"Netherlands, The",138,2018-10-01,0.3559403559403466
"Netherlands, The",138,2018-11-01,-0.23964723926380369
"Netherlands, The",138,2018-12-01,-0.09608917075045097
"Türkiye, Rep of",186,2011-01-01,NA
"Türkiye, Rep of",186,2011-02-01,0.7283680175246509
"Türkiye, Rep of",186,2011-03-01,0.41863752514542585
"Türkiye, Rep of",186,2011-04-01,0.866269626421236
"Türkiye, Rep of",186,2011-05-01,2.420826623725169
"Türkiye, Rep of",186,2011-06-01,-1.4307426235522194
"Türkiye, Rep of",186,2011-07-01,-0.4094002552105541
"Türkiye, Rep of",186,2011-08-01,0.7260690833377744
"Türkiye, Rep of",186,2011-09-01,0.7526368792070897
"Türkiye, Rep of",186,2011-10-01,3.2721342521963273
"Türkiye, Rep of",186,2011-11-01,1.726860577657779
"Türkiye, Rep of",186,2011-12-01,0.5758637956935432
"Türkiye, Rep of",186,2012-01-01,0.562608912123473
"Türkiye, Rep of",186,2012-02-01,0.5644123180512995
"Türkiye, Rep of",186,2012-03-01,0.4135486411973235
"Türkiye, Rep of",186,2012-04-01,1.5150029417532866
"Türkiye, Rep of",186,2012-05-01,-0.21250905578362603
"Türkiye, Rep of",186,2012-06-01,-0.8954068050917298
"Türkiye, Rep of",186,2012-07-01,-0.22953701894901293
"Türkiye, Rep of",186,2012-08-01,0.5580302511136203
"Türkiye, Rep of",186,2012-09-01,1.0319816969283964
"Türkiye, Rep of",186,2012-10-01,1.9609732594555496
"Türkiye, Rep of",186,2012-11-01,0.3780361024477757
"Türkiye, Rep of",186,2012-12-01,0.3813200263628671
"Türkiye, Rep of",186,2013-01-01,1.6461098344510716
"Türkiye, Rep of",186,2013-02-01,0.299898495893687
"Türkiye, Rep of",186,2013-03-01,0.6624039744238587
"Türkiye, Rep of",186,2013-04-01,0.42041767582140815
"Türkiye, Rep of",186,2013-05-01,0.14562002275312544
"Türkiye, Rep of",186,2013-06-01,0.7633934657154573
"Türkiye, Rep of",186,2013-07-01,0.31116121758737214
"Türkiye, Rep of",186,2013-08-01,-0.1033986693040774
"Türkiye, Rep of",186,2013-09-01,0.7650420773142472
"Türkiye, Rep of",186,2013-10-01,1.7998302889553845
"Türkiye, Rep of",186,2013-11-01,0.008774238834785572
"Türkiye, Rep of",186,2013-12-01,0.4606071240568446
"Türkiye, Rep of",186,2014-01-01,1.9780795598445489
"Türkiye, Rep of",186,2014-02-01,0.42819217264708404
"Türkiye, Rep of",186,2014-03-01,1.125607572269129
"Türkiye, Rep of",186,2014-04-01,1.3449700649295884
"Türkiye, Rep of",186,2014-05-01,0.39522402962099623
"Türkiye, Rep of",186,2014-06-01,0.31079065141720535
"Türkiye, Rep of",186,2014-07-01,0.4544140124757279
"Türkiye, Rep of",186,2014-08-01,0.09458403585969412
"Türkiye, Rep of",186,2014-09-01,0.13968775677896608
"Türkiye, Rep of",186,2014-10-01,1.8995651103635003
"Türkiye, Rep of",186,2014-11-01,0.18118130208961977
"Türkiye, Rep of",186,2014-12-01,-0.4420866489831985
"Türkiye, Rep of",186,2015-01-01,1.102050702405938
"Türkiye, Rep of",186,2015-02-01,0.714713515671799
"Türkiye, Rep of",186,2015-03-01,1.1853790041230499
"Türkiye, Rep of",186,2015-04-01,1.6299024409356253
"Türkiye, Rep of",186,2015-05-01,0.562859015382257
"Türkiye, Rep of",186,2015-06-01,-0.5137051945562705
"Türkiye, Rep of",186,2015-07-01,0.0886285692266264
"Türkiye, Rep of",186,2015-08-01,0.4004004004003863
"Türkiye, Rep of",186,2015-09-01,0.8934734258762332
"Türkiye, Rep of",186,2015-10-01,1.5544829158906825
"Türkiye, Rep of",186,2015-11-01,0.6661676646706698
"Türkiye, Rep of",186,2015-12-01,0.2081939177634033
"Türkiye, Rep of",186,2016-01-01,1.8179119982191798
"Türkiye, Rep of",186,2016-02-01,-0.021862702229996457
"Türkiye, Rep of",186,2016-03-01,-0.0400903855966228
"Türkiye, Rep of",186,2016-04-01,0.7838990775513305
"Türkiye, Rep of",186,2016-05-01,0.5788293177049294
"Türkiye, Rep of",186,2016-06-01,0.471189123084671
"Türkiye, Rep of",186,2016-07-01,1.1634983711022804
"Türkiye, Rep of",186,2016-08-01,-0.2901833109207988
"Türkiye, Rep of",186,2016-09-01,0.1810051107325351
"Türkiye, Rep of",186,2016-10-01,1.4383391788004403
"Türkiye, Rep of",186,2016-11-01,0.5168861104320254
"Türkiye, Rep of",186,2016-12-01,1.643445328515346
"Türkiye, Rep of",186,2017-01-01,2.4612018869214425
"Türkiye, Rep of",186,2017-02-01,0.8107026089277396
"Türkiye, Rep of",186,2017-03-01,1.0159843796538348
"Türkiye, Rep of",186,2017-04-01,1.3071681299960716
"Türkiye, Rep of",186,2017-05-01,0.4462697668402145
"Türkiye, Rep of",186,2017-06-01,-0.26721612311259807
"Türkiye, Rep of",186,2017-07-01,0.1484924785331643
"Türkiye, Rep of",186,2017-08-01,0.5189530685920621
"Türkiye, Rep of",186,2017-09-01,0.6509539842873088
"Türkiye, Rep of",186,2017-10-01,2.0772269657193774
"Türkiye, Rep of",186,2017-11-01,1.4918851435705462
"Türkiye, Rep of",186,2017-12-01,0.6857740328433538
"Türkiye, Rep of",186,2018-01-01,1.020127668672299
"Türkiye, Rep of",186,2018-02-01,0.731670445956165
"Türkiye, Rep of",186,2018-03-01,0.9934868085361833
"Türkiye, Rep of",186,2018-04-01,1.872325249643353
"Türkiye, Rep of",186,2018-05-01,1.6220316237820185
"Türkiye, Rep of",186,2018-06-01,2.6123901934891265
"Türkiye, Rep of",186,2018-07-01,0.5511414503133469
"Türkiye, Rep of",186,2018-08-01,2.295428619125789
"Türkiye, Rep of",186,2018-09-01,6.304738073219808
"Türkiye, Rep of",186,2018-10-01,2.6686111963975048
"Türkiye, Rep of",186,2018-11-01,-1.442918733022644
"Türkiye, Rep of",186,2018-12-01,-0.40457165975523984
Benin,638,2011-01-01,NA
Benin,638,2011-02-01,-2.077431539187923
Benin,638,2011-03-01,-0.3857280617165181
Benin,638,2011-04-01,1.355275895450219
Benin,638,2011-05-01,0.6685768863419148
Benin,638,2011-06-01,0.4743833017077601
Benin,638,2011-07-01,0
Benin,638,2011-08-01,-0.09442870632667616
Benin,638,2011-09-01,-0.3780718336484206
Benin,638,2011-10-01,0.284629981024626
Benin,638,2011-11-01,0.3784295175023929
Benin,638,2011-12-01,0.7540056550424512
Benin,638,2012-01-01,4.957904583723115
Benin,638,2012-02-01,-1.782531194295998
Benin,638,2012-03-01,0.725952813067188
Benin,638,2012-04-01,0.3603603603603867
Benin,638,2012-05-01,1.3464991023339545
Benin,638,2012-06-01,0.08857395925591886
Benin,638,2012-07-01,-0.6194690265486439
Benin,638,2012-08-01,-0.3561887800534543
Benin,638,2012-09-01,1.161751563896354
Benin,638,2012-10-01,0.08833922261479686
Benin,638,2012-11-01,1.0591350397176262
Benin,638,2012-12-01,-0.34934497816596427
Benin,638,2013-01-01,-0.08764241893071871
Benin,638,2013-02-01,0.08771929824557018
Benin,638,2013-03-01,-0.17528483786153007
Benin,638,2013-04-01,0.8779631255487679
Benin,638,2013-05-01,0.1740644038294372
Benin,638,2013-06-01,-1.3727193744570665
Benin,638,2013-07-01,-0.7840028188865253
Benin,638,2013-08-01,-1.1275859007369244
Benin,638,2013-09-01,-0.3412356321839211
Benin,638,2013-10-01,0.9190845197333566
Benin,638,2013-11-01,-0.6250000000000964
Benin,638,2013-12-01,0.6289308176101605
Benin,638,2014-01-01,1.249999999999957
Benin,638,2014-02-01,-0.881834215167605
Benin,638,2014-03-01,0.2669039145908179
Benin,638,2014-04-01,0.266193433895258
Benin,638,2014-05-01,1.5929203539823005
Benin,638,2014-06-01,-1.1149825783972174
Benin,638,2014-07-01,-0.7840028188865253
Benin,638,2014-08-01,-1.1275859007369244
Benin,638,2014-09-01,-0.3412356321839211
Benin,638,2014-10-01,0.41448909713468496
Benin,638,2014-11-01,-0.4666188083273454
Benin,638,2014-12-01,0.2524341868012451
Benin,638,2015-01-01,0.9712230215827334
Benin,638,2015-02-01,-0.9618810117563232
Benin,638,2015-03-01,0.899280575539626
Benin,638,2015-04-01,-1.2834224598931412
Benin,638,2015-05-01,0
Benin,638,2015-06-01,4.044781509570301
Benin,638,2015-07-01,-0.2516487330788544
Benin,638,2015-08-01,-1.383210091344036
Benin,638,2015-09-01,-2.2582921665490416
Benin,638,2015-10-01,1.6245487364620774
Benin,638,2015-11-01,0.746003552397931
Benin,638,2015-12-01,0.23801128349782594
Benin,638,2016-01-01,-1.3279394952070267
Benin,638,2016-02-01,-1.069518716577602
Benin,638,2016-03-01,1.2612612612612186
Benin,638,2016-04-01,2.4911032028470173
Benin,638,2016-05-01,-0.06076388888891818
Benin,638,2016-06-01,-0.9901850082514728
Benin,638,2016-07-01,-1.3948591981753586
Benin,638,2016-08-01,-1.9750889679714285
Benin,638,2016-09-01,-1.533853693955383
Benin,638,2016-10-01,0.2396534242786676
Benin,638,2016-11-01,1.3977011494253253
Benin,638,2016-12-01,0.27205949034184806
Benin,638,2017-01-01,0.5426426698019674
Benin,638,2017-02-01,-1.1423945308986063
Benin,638,2017-03-01,-0.11828935395811835
Benin,638,2017-04-01,0.9929853329689251
Benin,638,2017-05-01,1.1275482590654728
Benin,638,2017-06-01,0.9811791990009939
Benin,638,2017-07-01,0
Benin,638,2017-08-01,-0.6359862202985599
Benin,638,2017-09-01,-1.5823628767001214
Benin,638,2017-10-01,-0.1625869388492377
Benin,638,2017-11-01,2.524201574233146
Benin,638,2017-12-01,0.4941757853865368
Benin,638,2018-01-01,-1.5191429574990767
Benin,638,2018-02-01,-0.5082478823005019
Benin,638,2018-03-01,-0.6094282129413607
Benin,638,2018-04-01,1.8935978358881305
Benin,638,2018-05-01,0.08849557522130387
Benin,638,2018-06-01,0.4420866489831822
Benin,638,2018-07-01,-0.2640845070423231
Benin,638,2018-08-01,-0.33158649602806095
Benin,638,2018-09-01,-0.19900497512434848
Benin,638,2018-10-01,0.5982053838484748
Benin,638,2018-11-01,-0.19821605550046592
Benin,638,2018-12-01,0.4965243296920884
Mauritius,684,2011-01-01,NA
Mauritius,684,2011-02-01,0.7154213036566694
Mauritius,684,2011-03-01,0.5524861878452134
Mauritius,684,2011-04-01,0.1569858712715915
Mauritius,684,2011-05-01,0
Mauritius,684,2011-06-01,0.15673981191223163
Mauritius,684,2011-07-01,0.31298904538340144
Mauritius,684,2011-08-01,0.1560062402496159
Mauritius,684,2011-09-01,-0.07788161993778515
Mauritius,684,2011-10-01,-0.07794232268113134
Mauritius,684,2011-11-01,1.7160686427456873
Mauritius,684,2011-12-01,0
Mauritius,684,2012-01-01,1.1503067484663445
Mauritius,684,2012-02-01,0
Mauritius,684,2012-03-01,0.3032600454888478
Mauritius,684,2012-04-01,0.1511715797430142
Mauritius,684,2012-05-01,0
Mauritius,684,2012-06-01,0.22641509433969503
Mauritius,684,2012-07-01,0.1506024096385388
Mauritius,684,2012-08-01,0.15037593985007333
Mauritius,684,2012-09-01,0.07507507507425516
Mauritius,684,2012-10-01,0.22505626406653165
Mauritius,684,2012-11-01,0.5988023952091404
Mauritius,684,2012-12-01,0.14880952380982254
Mauritius,684,2013-01-01,0.8172362555721174
Mauritius,684,2013-02-01,0.663227708179585
Mauritius,684,2013-03-01,0.3660322108344858
Mauritius,684,2013-04-01,0.30780452224670274
Mauritius,684,2013-05-01,-0.09671179883934657
Mauritius,684,2013-06-01,0.09680542110346974
Mauritius,684,2013-07-01,0.19342359767895867
Mauritius,684,2013-08-01,-0.28957528957521955
Mauritius,684,2013-09-01,0.1936108422070826
Mauritius,684,2013-10-01,0.38647342995179473
Mauritius,684,2013-11-01,1.0587102983636834
Mauritius,684,2013-12-01,0.28571428571435753
Mauritius,684,2014-01-01,1.8043684710350953
Mauritius,684,2014-02-01,1.2126865671642342
Mauritius,684,2014-03-01,-0.7373271889401537
Mauritius,684,2014-04-01,0
Mauritius,684,2014-05-01,-0.83565459610025306
Mauritius,684,2014-06-01,0
Mauritius,684,2014-07-01,0
Mauritius,684,2014-08-01,0.37453183520597444
Mauritius,684,2014-09-01,-0.6529850746267801
Mauritius,684,2014-10-01,-0.5633802816901629
Mauritius,684,2014-11-01,0
Mauritius,684,2014-12-01,-0.3777148253068549
Mauritius,684,2015-01-01,2.274881516587606
Mauritius,684,2015-02-01,2.594995366079754
Mauritius,684,2015-03-01,-0.5420054200542217
Mauritius,684,2015-04-01,-0.09082652134426167
Mauritius,684,2015-05-01,-2.454545454545475
Mauritius,684,2015-06-01,-0.09319664492079313
Mauritius,684,2015-07-01,0.18656716417914476
Mauritius,684,2015-08-01,0.9310986964618094
Mauritius,684,2015-09-01,0.18450184501850947
Mauritius,684,2015-10-01,-1.0128913443830707
Mauritius,684,2015-11-01,-0.46511627906975944
Mauritius,684,2015-12-01,-0.09345794392526362
Mauritius,684,2016-01-01,1.3096351730588798
Mauritius,684,2016-02-01,1.6620498614959112
Mauritius,684,2016-03-01,0.9082652134423098
Mauritius,684,2016-04-01,-0.8100810081007661
Mauritius,684,2016-05-01,-1.8148820326679793
Mauritius,684,2016-06-01,0.1848428835490233
Mauritius,684,2016-07-01,0.09225092250925473
Mauritius,684,2016-08-01,0.8294930875575585
Mauritius,684,2016-09-01,0.1828153564900039
Mauritius,684,2016-10-01,-0.456204379562036
Mauritius,684,2016-11-01,0.27497708524282977
Mauritius,684,2016-12-01,0
Mauritius,684,2017-01-01,0.7312614259598612
Mauritius,684,2017-02-01,1.179673321234038
Mauritius,684,2017-03-01,0.8968609865470705
Mauritius,684,2017-04-01,0.7999999999999757
Mauritius,684,2017-05-01,1.0582010582010821
Mauritius,684,2017-06-01,0.6108202443281467
Mauritius,684,2017-07-01,-0.8673026886383202
Mauritius,684,2017-08-01,0.0874890638670447
Mauritius,684,2017-09-01,-0.8741258741259883
Mauritius,684,2017-10-01,-0.4409171075837671
Mauritius,684,2017-11-01,0.35429583702401024
Mauritius,684,2017-12-01,0.6178287731684976
Mauritius,684,2018-01-01,2.631578947368508
Mauritius,684,2018-02-01,1.9658119658118742
Mauritius,684,2018-03-01,0.5867560771165601
Mauritius,684,2018-04-01,-1.995499999999971
Mauritius,684,2018-05-01,-0.192678227360356
Mauritius,684,2018-06-01,-0.7722007722007299
Mauritius,684,2018-07-01,-0.1945525291829457
Mauritius,684,2018-08-01,-0.6822612085769313
Mauritius,684,2018-09-01,0.09813542688902152
Mauritius,684,2018-10-01,0.3921568627451955
Mauritius,684,2018-11-01,0.39062499999998745
Mauritius,684,2018-12-01,-0.3891050583657464
"Slovenia, Rep. of",961,2011-01-01,NA
"Slovenia, Rep. of",961,2011-02-01,-0.021249468763291788
"Slovenia, Rep. of",961,2011-03-01,1.5834218916046856
"Slovenia, Rep. of",961,2011-04-01,0.795062245004698
"Slovenia, Rep. of",961,2011-05-01,0.8303061754021914
"Slovenia, Rep. of",961,2011-06-01,-0.5043746783324848
"Slovenia, Rep. of",961,2011-07-01,-1.1276639768259915
"Slovenia, Rep. of",961,2011-08-01,0.26158836454954487
"Slovenia, Rep. of",961,2011-09-01,0.6366103109998056
"Slovenia, Rep. of",961,2011-10-01,0.7051747381520196
"Slovenia, Rep. of",961,2011-11-01,0.26773761713521277
"Slovenia, Rep. of",961,2011-12-01,-0.5853959124987238
"Slovenia, Rep. of",961,2012-01-01,-0.5165289256198348
"Slovenia, Rep. of",961,2012-02-01,0.5607476635514084
"Slovenia, Rep. of",961,2012-03-01,0.991325898389089
"Slovenia, Rep. of",961,2012-04-01,1.1247443762781273
"Slovenia, Rep. of",961,2012-05-01,0.596562184024256
"Slovenia, Rep. of",961,2012-06-01,-0.6231782088652029
"Slovenia, Rep. of",961,2012-07-01,-1.0215434408819712
"Slovenia, Rep. of",961,2012-08-01,0.7153075822603749
"Slovenia, Rep. of",961,2012-09-01,1.055194805194797
"Slovenia, Rep. of",961,2012-10-01,0.14056224899598452
"Slovenia, Rep. of",961,2012-11-01,-0.07018247443352034
"Slovenia, Rep. of",961,2012-12-01,-0.28092705929567685
"Slovenia, Rep. of",961,2013-01-01,-0.774725827548039
"Slovenia, Rep. of",961,2013-02-01,0.8111944838775068
"Slovenia, Rep. of",961,2013-03-01,0.31180848923758026
"Slovenia, Rep. of",961,2013-04-01,0.6617868244259466
"Slovenia, Rep. of",961,2013-05-01,0.3187568482916557
"Slovenia, Rep. of",961,2013-06-01,0.049647502730623946
"Slovenia, Rep. of",961,2013-07-01,-0.31758634378722445
"Slovenia, Rep. of",961,2013-08-01,0.3385105535643204
"Slovenia, Rep. of",961,2013-09-01,0.24806509228021434
"Slovenia, Rep. of",961,2013-10-01,0.03959220033652583
"Slovenia, Rep. of",961,2013-11-01,-0.12862372613040018
"Slovenia, Rep. of",961,2013-12-01,-0.8718050326926843
"Slovenia, Rep. of",961,2014-01-01,-0.6196282230661648
"Slovenia, Rep. of",961,2014-02-01,0.10056315366050736
"Slovenia, Rep. of",961,2014-03-01,0.7735583684950733
"Slovenia, Rep. of",961,2014-04-01,0.5084238859535349
"Slovenia, Rep. of",961,2014-05-01,0.5951200158698756
"Slovenia, Rep. of",961,2014-06-01,0.10845986984815562
"Slovenia, Rep. of",961,2014-07-01,-1.0932729242588393
"Slovenia, Rep. of",961,2014-08-01,0
"Slovenia, Rep. of",961,2014-09-01,0.248954391555467
"Slovenia, Rep. of",961,2014-10-01,0.23840270189728308
"Slovenia, Rep. of",961,2014-11-01,-0.23783569517391226
"Slovenia, Rep. of",961,2014-12-01,-0.4668719578821882
"Slovenia, Rep. of",961,2015-01-01,-1.2774451097804402
"Slovenia, Rep. of",961,2015-02-01,0.23251112009705213
"Slovenia, Rep. of",961,2015-03-01,0.8875441250630312
"Slovenia, Rep. of",961,2015-04-01,0.07997600719783894
"Slovenia, Rep. of",961,2015-05-01,0.7691539306762522
"Slovenia, Rep. of",961,2015-06-01,-0.08921490880252697
"Slovenia, Rep. of",961,2015-07-01,-0.7937295366603943
"Slovenia, Rep. of",961,2015-08-01,0.12001200120012458
"Slovenia, Rep. of",961,2015-09-01,-0.0799120966936353
"Slovenia, Rep. of",961,2015-10-01,0.029991002699191378
"Slovenia, Rep. of",961,2015-11-01,0.12992204677193228
"Slovenia, Rep. of",961,2015-12-01,-0.43916558538776096
"Slovenia, Rep. of",961,2016-01-01,-1.3734335839599043
"Slovenia, Rep. of",961,2016-02-01,0.04065867046148226
"Slovenia, Rep. of",961,2016-03-01,0.7417191627717984
"Slovenia, Rep. of",961,2016-04-01,0.3933434190620278
"Slovenia, Rep. of",961,2016-05-01,0.9443439823186635
"Slovenia, Rep. of",961,2016-06-01,0.5473726114649653
"Slovenia, Rep. of",961,2016-07-01,-0.8215381569830726
"Slovenia, Rep. of",961,2016-08-01,-0.03992015968064496
"Slovenia, Rep. of",961,2016-09-01,0.07987220447284175
"Slovenia, Rep. of",961,2016-10-01,0.44892258579409705
"Slovenia, Rep. of",961,2016-11-01,0.10924620121163912
"Slovenia, Rep. of",961,2016-12-01,-0.5357142857142778
"Slovenia, Rep. of",961,2017-01-01,-0.5984440454817559
"Slovenia, Rep. of",961,2017-02-01,0.9833433674493318
"Slovenia, Rep. of",961,2017-03-01,0.34777424483306274
"Slovenia, Rep. of",961,2017-04-01,0.3069610852559682
"Slovenia, Rep. of",961,2017-05-01,0.6910167818361331
"Slovenia, Rep. of",961,2017-06-01,-0.03921568627451593
"Slovenia, Rep. of",961,2017-07-01,-0.7159670459003431
"Slovenia, Rep. of",961,2017-08-01,0.12842042872665754
"Slovenia, Rep. of",961,2017-09-01,0.23677979479083947
"Slovenia, Rep. of",961,2017-10-01,0.11811023622047692
"Slovenia, Rep. of",961,2017-11-01,0.29492725127801533
"Slovenia, Rep. of",961,2017-12-01,-0.0098019996079111
"Slovenia, Rep. of",961,2018-01-01,-0.8136457210077426
"Slovenia, Rep. of",961,2018-02-01,0.68195295512947
"Slovenia, Rep. of",961,2018-03-01,0.28467654854225194
"Slovenia, Rep. of",961,2018-04-01,0.6851996867658603
"Slovenia, Rep. of",961,2018-05-01,1.1763562123274294
"Slovenia, Rep. of",961,2018-06-01,0
"Slovenia, Rep. of",961,2018-07-01,-0.9128471221293252
"Slovenia, Rep. of",961,2018-08-01,0.0775795190069805
"Slovenia, Rep. of",961,2018-09-01,0.41666666666665947
"Slovenia, Rep. of",961,2018-10-01,0.3184406060021213
"Slovenia, Rep. of",961,2018-11-01,0.09619084263178966
"Slovenia, Rep. of",961,2018-12-01,-0.5765904285988934
Denmark,128,2011-01-01,NA
Denmark,128,2011-02-01,1.168969181721582
Denmark,128,2011-03-01,0.6302521008403301
Denmark,128,2011-04-01,0.41753653444677
Denmark,128,2011-05-01,0.10395010395009803
Denmark,128,2011-06-01,-0.2076843198338555
Denmark,128,2011-07-01,-0.10405827263266838
Denmark,128,2011-08-01,0
Denmark,128,2011-09-01,0.312499999999997
Denmark,128,2011-10-01,0.10384215991693514
Denmark,128,2011-11-01,-0.10373443983403374
Denmark,128,2011-12-01,0
Denmark,128,2012-01-01,0.415368639667711
Denmark,128,2012-02-01,1.1375387797311212
Denmark,128,2012-03-01,0.5112474437627812
Denmark,128,2012-04-01,0
Denmark,128,2012-05-01,0.10172939979654987
Denmark,128,2012-06-01,-0.20325203252032809
Denmark,128,2012-07-01,0
Denmark,128,2012-08-01,0.3054989816700582
Denmark,128,2012-09-01,0.2030456852791907
Denmark,128,2012-10-01,0
Denmark,128,2012-11-01,-0.20263424518743955
Denmark,128,2012-12-01,-0.2030456852791907
Denmark,128,2013-01-01,-0.4069175991861561
Denmark,128,2013-02-01,1.1235955056179716
Denmark,128,2013-03-01,0.30303030303030015
Denmark,128,2013-04-01,-0.20140986908358796
Denmark,128,2013-05-01,0.10090817356206713
Denmark,128,2013-06-01,-0.10080645161291181
Denmark,128,2013-07-01,-0.3027245206861727
Denmark,128,2013-08-01,0.10121457489879405
Denmark,128,2013-09-01,0.3033367037411498
Denmark,128,2013-10-01,0.1008064516128975
Denmark,128,2013-11-01,-0.20140986908358796
Denmark,128,2013-12-01,-0.1009081735620528
Denmark,128,2014-01-01,-0.10101010101009526
Denmark,128,2014-02-01,0.6066734074822996
Denmark,128,2014-03-01,0.10050251256280836
Denmark,128,2014-04-01,0.20080321285140845
Denmark,128,2014-05-01,-0.10020040080159752
Denmark,128,2014-06-01,0
Denmark,128,2014-07-01,-0.2006018054162516
Denmark,128,2014-08-01,-0.10050251256280836
Denmark,128,2014-09-01,0.301810865191144
Denmark,128,2014-10-01,0.10030090270811867
Denmark,128,2014-11-01,-0.20040080160320925
Denmark,128,2014-12-01,-0.20080321285139419
Denmark,128,2015-01-01,-0.6036217303823023
Denmark,128,2015-02-01,1.0121457489878543
Denmark,128,2015-03-01,0.4008016032064185
Denmark,128,2015-04-01,0.09980039920159114
Denmark,128,2015-05-01,0.09970089730808429
Denmark,128,2015-06-01,-0.09960159362550648
Denmark,128,2015-07-01,-0.09970089730807011
Denmark,128,2015-08-01,-0.19960079840319644
Denmark,128,2015-09-01,0.20000000000000281
Denmark,128,2015-10-01,-0.09980039920160531
Denmark,128,2015-11-01,-0.19980019980018843
Denmark,128,2015-12-01,-0.10010010010010863
Denmark,128,2016-01-01,-0.4008016032064043
Denmark,128,2016-02-01,0.7042253521126646
Denmark,128,2016-03-01,0.09990009990010842
Denmark,128,2016-04-01,0.09980039920159114
Denmark,128,2016-05-01,0.1994017946161544
Denmark,128,2016-06-01,0.09950248756218338
Denmark,128,2016-07-01,-0.0994035785288214
Denmark,128,2016-08-01,-0.29850746268656436
Denmark,128,2016-09-01,0
Denmark,128,2016-10-01,0.19960079840319644
Denmark,128,2016-11-01,-0.09960159362550648
Denmark,128,2016-12-01,0
Denmark,128,2017-01-01,0
Denmark,128,2017-02-01,0.7976071784646034
Denmark,128,2017-03-01,0.09891196834817856
Denmark,128,2017-04-01,0.19762845849802652
Denmark,128,2017-05-01,-0.09861932938856856
Denmark,128,2017-06-01,-0.09871668311944158
Denmark,128,2017-07-01,0.7905138339920921
Denmark,128,2017-08-01,-0.29411764705882076
Denmark,128,2017-09-01,0.09832841691248212
Denmark,128,2017-10-01,0.09823182711199267
Denmark,128,2017-11-01,-0.29440628066733204
Denmark,128,2017-12-01,-0.2952755905511783
Denmark,128,2018-01-01,-0.2961500493583387
Denmark,128,2018-02-01,0.6930693069306959
Denmark,128,2018-03-01,0
Denmark,128,2018-04-01,0.4916420845624385
Denmark,128,2018-05-01,0.1956947162426642
Denmark,128,2018-06-01,-0.09765625000000833
Denmark,128,2018-07-01,0.7820136852394889
Denmark,128,2018-08-01,-0.3879728419010587
Denmark,128,2018-09-01,-0.29211295034079565
Denmark,128,2018-10-01,0.2929687499999972
Denmark,128,2018-11-01,-0.29211295034079565
Denmark,128,2018-12-01,-0.2929687500000111
"China, P.R.: Macao",546,2011-01-01,NA
"China, P.R.: Macao",546,2011-02-01,0.8949469916012747
"China, P.R.: Macao",546,2011-03-01,0.4776200873362368
"China, P.R.: Macao",546,2011-04-01,0.09506994431618551
"China, P.R.: Macao",546,2011-05-01,0.6648575305291653
"China, P.R.: Macao",546,2011-06-01,0.754818708720855
"China, P.R.: Macao",546,2011-07-01,0.5083612040133719
"China, P.R.: Macao",546,2011-08-01,-0.03993078663649825
"China, P.R.: Macao",546,2011-09-01,0.6125166444740452
"China, P.R.: Macao",546,2011-10-01,0.5690841715193127
"China, P.R.: Macao",546,2011-11-01,0.39478878799843586
"China, P.R.: Macao",546,2011-12-01,0.7471490365709701
"China, P.R.: Macao",546,2012-01-01,0.9237574811345222
"China, P.R.: Macao",546,2012-02-01,-0.03867474539124266
"China, P.R.: Macao",546,2012-03-01,0.8640701573381319
"China, P.R.: Macao",546,2012-04-01,0.6009461705664405
"China, P.R.: Macao",546,2012-05-01,0.6609049313675597
"China, P.R.: Macao",546,2012-06-01,0.22727272727271794
"China, P.R.: Macao",546,2012-07-01,0.365331317712278
"China, P.R.: Macao",546,2012-08-01,0.2259319693736571
"China, P.R.: Macao",546,2012-09-01,0.012523481527871154
"China, P.R.: Macao",546,2012-10-01,0.1001753067868749
"China, P.R.: Macao",546,2012-11-01,0.9006755066299711
"China, P.R.: Macao",546,2012-12-01,0.843044879742136
"China, P.R.: Macao",546,2013-01-01,0.17211703958691982
"China, P.R.: Macao",546,2013-02-01,1.030927835051533
"China, P.R.: Macao",546,2013-03-01,-0.291545189504367
"China, P.R.: Macao",546,2013-04-01,0.8771929824561389
"China, P.R.: Macao",546,2013-05-01,0.2777777777777826
"China, P.R.: Macao",546,2013-06-01,0.6744550162591861
"China, P.R.: Macao",546,2013-07-01,0.430673525541332
"China, P.R.: Macao",546,2013-08-01,0.1667659321024426
"China, P.R.: Macao",546,2013-09-01,0.7729813295278766
"China, P.R.: Macao",546,2013-10-01,0.15341043190938125
"China, P.R.: Macao",546,2013-11-01,0.5302226935312697
"China, P.R.: Macao",546,2013-12-01,0.785278949835914
"China, P.R.: Macao",546,2014-01-01,0.7675311082684159
"China, P.R.: Macao",546,2014-02-01,0.3693017888055316
"China, P.R.: Macao",546,2014-03-01,0.3794411866160725
"China, P.R.: Macao",546,2014-04-01,0.8820160366552074
"China, P.R.: Macao",546,2014-05-01,0.09083683433633759
"China, P.R.: Macao",546,2014-06-01,0.5104934770277806
"China, P.R.: Macao",546,2014-07-01,0.3611738148984282
"China, P.R.: Macao",546,2014-08-01,0.3148897885740004
"China, P.R.: Macao",546,2014-09-01,0.5381165919282556
"China, P.R.: Macao",546,2014-10-01,0.4906333630686861
"China, P.R.: Macao",546,2014-11-01,0.46604527296937603
"China, P.R.: Macao",546,2014-12-01,0.2871658935277125
"China, P.R.: Macao",546,2015-01-01,-0.03303964757709376
"China, P.R.: Macao",546,2015-02-01,0.8923653189379775
"China, P.R.: Macao",546,2015-03-01,0.19654946494868622
"China, P.R.: Macao",546,2015-04-01,0.3051438535309515
"China, P.R.: Macao",546,2015-05-01,0.4997827031725269
"China, P.R.: Macao",546,2015-06-01,0.48648648648648957
"China, P.R.: Macao",546,2015-07-01,0.22592791823560382
"China, P.R.: Macao",546,2015-08-01,0.19321597252040235
"China, P.R.: Macao",546,2015-09-01,0.1392757660167082
"China, P.R.: Macao",546,2015-10-01,0.4172461752433942
"China, P.R.: Macao",546,2015-11-01,0.0958874920093793
"China, P.R.: Macao",546,2015-12-01,0.2554550292708833
"China, P.R.: Macao",546,2016-01-01,0.042467353222217064
"China, P.R.: Macao",546,2016-02-01,0.9551098376313185
"China, P.R.: Macao",546,2016-03-01,-0.35740565541888913
"China, P.R.: Macao",546,2016-04-01,0.03164890811265632
"China, P.R.: Macao",546,2016-05-01,0.13710187724109857
"China, P.R.: Macao",546,2016-06-01,0.10531858873090501
"China, P.R.: Macao",546,2016-07-01,0.05260389268805593
"China, P.R.: Macao",546,2016-08-01,-0.2313354363827538
"China, P.R.: Macao",546,2016-09-01,0.07377740303542095
"China, P.R.: Macao",546,2016-10-01,0.168509741969454
"China, P.R.: Macao",546,2016-11-01,0.2943959625696574
"China, P.R.: Macao",546,2016-12-01,0.16773246671558506
"China, P.R.: Macao",546,2017-01-01,0.35583464154893085
"China, P.R.: Macao",546,2017-02-01,-0.427573261028258
"China, P.R.: Macao",546,2017-03-01,0
"China, P.R.: Macao",546,2017-04-01,0.10473397570171167
"China, P.R.: Macao",546,2017-05-01,0.28248587570621053
"China, P.R.: Macao",546,2017-06-01,0.21909233176839643
"China, P.R.: Macao",546,2017-07-01,0.020820320632933605
"China, P.R.: Macao",546,2017-08-01,0.09367194004996192
"China, P.R.: Macao",546,2017-09-01,0.11438078402828265
"China, P.R.: Macao",546,2017-10-01,0.3115911923556265
"China, P.R.: Macao",546,2017-11-01,0.4348726444398444
"China, P.R.: Macao",546,2017-12-01,0.5154639175257731
"China, P.R.: Macao",546,2018-01-01,0.051282051282048366
"China, P.R.: Macao",546,2018-02-01,0.932854946181442
"China, P.R.: Macao",546,2018-03-01,-0.4468819825309747
"China, P.R.: Macao",546,2018-04-01,0.3162619873495229
"China, P.R.: Macao",546,2018-05-01,0.36611410556289986
"China, P.R.: Macao",546,2018-06-01,0.3647785996554863
"China, P.R.: Macao",546,2018-07-01,0.23220595658758605
"China, P.R.: Macao",546,2018-08-01,0.08058017727638829
"China, P.R.: Macao",546,2018-09-01,0.3019323671497556
"China, P.R.: Macao",546,2018-10-01,0.1605458559100909
"China, P.R.: Macao",546,2018-11-01,0.21037868162693646
"China, P.R.: Macao",546,2018-12-01,0.3398980305908262
Belize,339,2011-01-01,NA
Belize,339,2011-02-01,-0.07094962576568577
Belize,339,2011-03-01,-0.23252052588427427
Belize,339,2011-04-01,0.26059480836288773
Belize,339,2011-05-01,0.2766427669812224
Belize,339,2011-06-01,0.10839472167520443
Belize,339,2011-07-01,0.2417808378272534
Belize,339,2011-08-01,0.5711913073282862
Belize,339,2011-09-01,0.23460064282283824
Belize,339,2011-10-01,-0.1754929260789812
Belize,339,2011-11-01,0.16362496299855717
Belize,339,2011-12-01,-0.26726248911558026
Belize,339,2012-01-01,0.09273313414213553
Belize,339,2012-02-01,0.6172355296213446
Belize,339,2012-03-01,0.09864297815164272
Belize,339,2012-04-01,0.14840502948830306
Belize,339,2012-05-01,-0.07365637418951147
Belize,339,2012-06-01,-0.108871396958657
Belize,339,2012-07-01,0.20541396767634768
Belize,339,2012-08-01,-0.382088846908895
Belize,339,2012-09-01,0.190861560295567
Belize,339,2012-10-01,0.15398409163733168
Belize,339,2012-11-01,-0.04188388879801167
Belize,339,2012-12-01,-0.09376387371873329
Belize,339,2013-01-01,-0.16657839524646148
Belize,339,2013-02-01,0.1339626672794981
Belize,339,2013-03-01,0.2136789968798855
Belize,339,2013-04-01,-0.0019102255772334425
Belize,339,2013-05-01,-0.30855487260428593
Belize,339,2013-06-01,0.16065779133866565
Belize,339,2013-07-01,0.11747904030761863
Belize,339,2013-08-01,0.576863336914587
Belize,339,2013-09-01,0.06809687949087986
Belize,339,2013-10-01,0.05287003551725553
Belize,339,2013-11-01,0.6546410061252952
Belize,339,2013-12-01,0.09801618194349908
Belize,339,2014-01-01,0.06332010924209265
Belize,339,2014-02-01,0.02841452544855661
Belize,339,2014-03-01,-0.08539136317665014
Belize,339,2014-04-01,0.1611593982511214
Belize,339,2014-05-01,-0.1944034690587086
Belize,339,2014-06-01,-0.058177509168404855
Belize,339,2014-07-01,0.26193033005350663
Belize,339,2014-08-01,0.03287934373233686
Belize,339,2014-09-01,-0.1478262448892704
Belize,339,2014-10-01,0.048185690481773354
Belize,339,2014-11-01,0.16828198230325683
Belize,339,2014-12-01,-0.4498849301104782
Belize,339,2015-01-01,-0.7070985701474398
Belize,339,2015-02-01,-0.2296279604681616
Belize,339,2015-03-01,0.2282311078181165
Belize,339,2015-04-01,0.08371591682164618
Belize,339,2015-05-01,-0.13539878880793899
Belize,339,2015-06-01,0.09177257632121749
Belize,339,2015-07-01,0.01885443068130278
Belize,339,2015-08-01,0.45413072248870573
Belize,339,2015-09-01,-0.2743590168713544
Belize,339,2015-10-01,-0.029265310106614994
Belize,339,2015-11-01,-0.0830215611247486
Belize,339,2015-12-01,1.3300652402380562e-4
Belize,339,2016-01-01,0.29527131980249377
Belize,339,2016-02-01,-0.3969049847980637
Belize,339,2016-03-01,0.017877968227112566
Belize,339,2016-04-01,0.17319108801342875
Belize,339,2016-05-01,0.7350656420162953
Belize,339,2016-06-01,0.0246881279088564
Belize,339,2016-07-01,0.09077442886643497
Belize,339,2016-08-01,-0.16291915149974837
Belize,339,2016-09-01,0.0032393922479794206
Belize,339,2016-10-01,-0.03295565884662218
Belize,339,2016-11-01,0.5650944195269926
Belize,339,2016-12-01,-0.16502774036674384
Belize,339,2017-01-01,0.05151855229000672
Belize,339,2017-02-01,0.9745727525463231
Belize,339,2017-03-01,-0.01816801078569106
Belize,339,2017-04-01,0.16460767104146753
Belize,339,2017-05-01,-0.8295314251288867
Belize,339,2017-06-01,0.004507842320881376
Belize,339,2017-07-01,0.030902132565897904
Belize,339,2017-08-01,-0.052800199716627194
Belize,339,2017-09-01,0.025432215660379526
Belize,339,2017-10-01,0.15332110468641408
Belize,339,2017-11-01,0.5709065993118507
Belize,339,2017-12-01,-0.037571043256398665
Belize,339,2018-01-01,-0.10120565195121525
Belize,339,2018-02-01,-0.4483178814426987
Belize,339,2018-03-01,-0.0664131299339093
Belize,339,2018-04-01,0.22439529952169684
Belize,339,2018-05-01,0.0051867702881993934
Belize,339,2018-06-01,0.32054230729634287
Belize,339,2018-07-01,-0.0376340072089185
Belize,339,2018-08-01,0.3589825683906875
Belize,339,2018-09-01,0.028056196983277347
Belize,339,2018-10-01,-0.06116399371776772
Belize,339,2018-11-01,-0.19922480558477318
Belize,339,2018-12-01,-0.1286344867682442
Portugal,182,2011-01-01,NA
Portugal,182,2011-02-01,-0.005230563227043531
Portugal,182,2011-03-01,1.609005408685278
Portugal,182,2011-04-01,0.42110682110682734
Portugal,182,2011-05-01,-0.05126417454427314
Portugal,182,2011-06-01,-0.23183291617085788
Portugal,182,2011-07-01,-0.07505809290751743
Portugal,182,2011-08-01,-0.43833924988424333
Portugal,182,2011-09-01,0.8154280221994868
Portugal,182,2011-10-01,1.050764751711969
Portugal,182,2011-11-01,-0.0791291733030229
Portugal,182,2011-12-01,-0.017259759378658934
Portugal,182,2012-01-01,0.4772639574321157
Portugal,182,2012-02-01,0.08085054776247373
Portugal,182,2012-03-01,1.166336793634125
Portugal,182,2012-04-01,0.28148488266472005
Portugal,182,2012-05-01,-0.3503707758921056
Portugal,182,2012-06-01,-0.21875280932545632
Portugal,182,2012-07-01,-0.016016977996681826
Portugal,182,2012-08-01,-0.1421734516109613
Portugal,182,2012-09-01,0.6236464265661344
Portugal,182,2012-10-01,0.3138763227645008
Portugal,182,2012-11-01,-0.31488085186694276
Portugal,182,2012-12-01,0.011957431543704867
Portugal,182,2013-01-01,-1.242427865455125
Portugal,182,2013-02-01,-0.12005528596362
Portugal,182,2013-03-01,1.6524918688511445
Portugal,182,2013-04-01,0.010930264909870703
Portugal,182,2013-05-01,0.1708909179425499
Portugal,182,2013-06-01,0.051576556471376704
Portugal,182,2013-07-01,-0.23594024169004543
Portugal,182,2013-08-01,-0.7412927907785654
Portugal,182,2013-09-01,0.5856500715794611
Portugal,182,2013-10-01,-0.04876883571869996
Portugal,182,2013-11-01,-0.2220562608912113
Portugal,182,2013-12-01,0.3612702341270581
Portugal,182,2014-01-01,-1.3772324092120352
Portugal,182,2014-02-01,-0.26114399217576334
Portugal,182,2014-03-01,1.3647391831783202
Portugal,182,2014-04-01,0.2363618230776992
Portugal,182,2014-05-01,-0.12735431362989655
Portugal,182,2014-06-01,0.07073192600045622
Portugal,182,2014-07-01,-0.689895470383273
Portugal,182,2014-08-01,-0.22755295367744002
Portugal,182,2014-09-01,0.5716869285642546
Portugal,182,2014-10-01,0.3296736231131163
Portugal,182,2014-11-01,-0.2071114917006028
Portugal,182,2014-12-01,-0.015964717973284387
Portugal,182,2015-01-01,-1.4131031385659365
Portugal,182,2015-02-01,-0.07490712528722637
Portugal,182,2015-03-01,1.8902902294484116
Portugal,182,2015-04-01,0.3241168809218375
Portugal,182,2015-05-01,0.4261349559495445
Portugal,182,2015-06-01,-0.07993131827467072
Portugal,182,2015-07-01,-0.7248953148455348
Portugal,182,2015-08-01,-0.33524999502596775
Portugal,182,2015-09-01,0.7885411987822449
Portugal,182,2015-10-01,0.08913097301312545
Portugal,182,2015-11-01,-0.19690298322861335
Portugal,182,2015-12-01,-0.26074197450082803
Portugal,182,2016-01-01,-1.0367484071051483
Portugal,182,2016-02-01,-0.4479710727199658
Portugal,182,2016-03-01,1.9361543273402313
Portugal,182,2016-04-01,0.35038056872506923
Portugal,182,2016-05-01,0.2830737668537447
Portugal,182,2016-06-01,0.13277730786630887
Portugal,182,2016-07-01,-0.6610417546582344
Portugal,182,2016-08-01,-0.22346147761430063
Portugal,182,2016-09-01,0.6946784263204911
Portugal,182,2016-10-01,0.3424826052297477
Portugal,182,2016-11-01,-0.5031434203944773
Portugal,182,2016-12-01,0.039429844449269814
Portugal,182,2017-01-01,-0.5921999093471011
Portugal,182,2017-02-01,-0.22996481141894168
Portugal,182,2017-03-01,1.752555810557058
Portugal,182,2017-04-01,0.9529667926223176
Portugal,182,2017-05-01,-0.23599276546768136
Portugal,182,2017-06-01,-0.4023306091188536
Portugal,182,2017-07-01,-0.667743882259031
Portugal,182,2017-08-01,0.007839448102849214
Portugal,182,2017-09-01,0.9475190091714341
Portugal,182,2017-10-01,0.3445832484008464
Portugal,182,2017-11-01,-0.3482365687090091
Portugal,182,2017-12-01,-0.04271098254673642
Portugal,182,2018-01-01,-1.01773263153806
Portugal,182,2018-02-01,-0.6789239252006428
Portugal,182,2018-03-01,1.8649860718730913
Portugal,182,2018-04-01,0.6603828475010157
Portugal,182,2018-05-01,0.40653931003920607
Portugal,182,2018-06-01,0.06428400095946969
Portugal,182,2018-07-01,-0.6098262570475163
Portugal,182,2018-08-01,-0.34537315736667834
Portugal,182,2018-09-01,1.127804991384143
Portugal,182,2018-10-01,-0.08998401347845084
Portugal,182,2018-11-01,-0.44745087142733836
Portugal,182,2018-12-01,-0.23483667301880595
Spain,184,2011-01-01,NA
Spain,184,2011-02-01,0.12700196684461879
Spain,184,2011-03-01,0.7475754310344952
Spain,184,2011-04-01,1.2445127793747244
Spain,184,2011-05-01,-0.03301383279594275
Spain,184,2011-06-01,-0.140905538248148
Spain,184,2011-07-01,-0.5368580027118437
Spain,184,2011-08-01,0.12413273335844964
Spain,184,2011-09-01,0.24463680843056484
Spain,184,2011-10-01,0.7884362680683297
Spain,184,2011-11-01,0.40537727476910423
Spain,184,2011-12-01,0.1298517071680322
Spain,184,2012-01-01,-1.0995837056733728
Spain,184,2012-02-01,0.10357784315669354
Spain,184,2012-03-01,0.672559358041547
Spain,184,2012-04-01,1.4050165103107402
Spain,184,2012-05-01,-0.1477200435612396
Spain,184,2012-06-01,-0.1868129494849012
Spain,184,2012-07-01,-0.23368277563208828
Spain,184,2012-08-01,0.5628029539022149
Spain,184,2012-09-01,0.9845151828847445
Spain,184,2012-10-01,0.8499823810184757
Spain,184,2012-11-01,-0.1238816242257295
Spain,184,2012-12-01,0.06996862013400316
Spain,184,2013-01-01,-1.2776235777697769
Spain,184,2013-02-01,0.17276902605485833
Spain,184,2013-03-01,0.3524408402875162
Spain,184,2013-04-01,0.3736202737035467
Spain,184,2013-05-01,0.1839877483302714
Spain,184,2013-06-01,0.14755681999130582
Spain,184,2013-07-01,-0.516217935128269
Spain,184,2013-08-01,0.3111248441712056
Spain,184,2013-09-01,-0.18694566891497363
Spain,184,2013-10-01,0.40651704285456375
Spain,184,2013-11-01,0.2077349471653697
Spain,184,2013-12-01,0.0899023765957756
Spain,184,2014-01-01,-1.3304167723391669
Spain,184,2014-02-01,-0.04283893630921814
Spain,184,2014-03-01,0.22285793877835106
Spain,184,2014-04-01,0.8894495461883108
Spain,184,2014-05-01,0.023311752302026385
Spain,184,2014-06-01,0.027543831770761647
Spain,184,2014-07-01,-0.940468751654828
Spain,184,2014-08-01,0.1582329231394226
Spain,184,2014-09-01,0.15264568055422198
Spain,184,2014-10-01,0.4657656889495199
Spain,184,2014-11-01,-0.07001835329563924
Spain,184,2014-12-01,-0.5828334837305509
Spain,184,2015-01-01,-1.6071161608611102
Spain,184,2015-02-01,0.2062057064716008
Spain,184,2015-03-01,0.6379222579631961
Spain,184,2015-04-01,0.9190701678863531
Spain,184,2015-05-01,0.47774436410944743
Spain,184,2015-06-01,0.267453460975154
Spain,184,2015-07-01,-0.9282977327095386
Spain,184,2015-08-01,-0.33227560712415233
Spain,184,2015-09-01,-0.30765602555582416
Spain,184,2015-10-01,0.640867106097919
Spain,184,2015-11-01,0.3654041348362613
Spain,184,2015-12-01,-0.29168485261398697
Spain,184,2016-01-01,-1.907903868122943
Spain,184,2016-02-01,-0.35264922286559935
Spain,184,2016-03-01,0.6411656763369331
Spain,184,2016-04-01,0.701114620301936
Spain,184,2016-05-01,0.5464245298270248
Spain,184,2016-06-01,0.4619903099944233
Spain,184,2016-07-01,-0.7276762374230468
Spain,184,2016-08-01,0.1289753979428473
Spain,184,2016-09-01,0.0042936421893334
Spain,184,2016-10-01,1.1431331508613725
Spain,184,2016-11-01,0.36294173829990317
Spain,184,2016-12-01,0.5921414372118622
Spain,184,2017-01-01,-0.5497624353529941
Spain,184,2017-02-01,-0.35937384392604216
Spain,184,2017-03-01,-0.021215882209432827
Spain,184,2017-04-01,0.9602223896274775
Spain,184,2017-05-01,-0.05990289425562999
Spain,184,2017-06-01,0.04311387320316207
Spain,184,2017-07-01,-0.6895246904496688
Spain,184,2017-08-01,0.19897969983700853
Spain,184,2017-09-01,0.17428963768880537
Spain,184,2017-10-01,0.9226551378710393
Spain,184,2017-11-01,0.45658760840038853
Spain,184,2017-12-01,0.04472318429071334
Spain,184,2018-01-01,-1.0780746439338724
Spain,184,2018-02-01,0.13452019379315427
Spain,184,2018-03-01,0.11754704505619669
Spain,184,2018-04-01,0.8260564192341122
Spain,184,2018-05-01,0.9014254374564669
Spain,184,2018-06-01,0.2617261561289309
Spain,184,2018-07-01,-0.7173542167684195
Spain,184,2018-08-01,0.14285122769244052
Spain,184,2018-09-01,0.24394781997476792
Spain,184,2018-10-01,0.9249520509806406
Spain,184,2018-11-01,-0.10932311621966724
Spain,184,2018-12-01,-0.44902217494477453
"Korea, Rep. of",542,2011-01-01,NA
"Korea, Rep. of",542,2011-02-01,0.6841246828561064
"Korea, Rep. of",542,2011-03-01,0.38923637672681866
"Korea, Rep. of",542,2011-04-01,0.09749209977812513
"Korea, Rep. of",542,2011-05-01,0.19255527567869807
"Korea, Rep. of",542,2011-06-01,0.1933025688011909
"Korea, Rep. of",542,2011-07-01,0.4817664770826387
"Korea, Rep. of",542,2011-08-01,0.6714612328250091
"Korea, Rep. of",542,2011-09-01,-0.0959132150771044
"Korea, Rep. of",542,2011-10-01,-0.18980357536968798
"Korea, Rep. of",542,2011-11-01,0.09508225720857591
"Korea, Rep. of",542,2011-12-01,0.3810723043276546
"Korea, Rep. of",542,2012-01-01,0.39943221206219204
"Korea, Rep. of",542,2012-02-01,0.379211328116426
"Korea, Rep. of",542,2012-03-01,0.028387998427753046
"Korea, Rep. of",542,2012-04-01,-0.009823826052787064
"Korea, Rep. of",542,2012-05-01,0.17902952895584465
"Korea, Rep. of",542,2012-06-01,-0.1416600377033744
"Korea, Rep. of",542,2012-07-01,-0.22588635842817323
"Korea, Rep. of",542,2012-08-01,0.4626389010412129
"Korea, Rep. of",542,2012-09-01,0.7152577431821855
"Korea, Rep. of",542,2012-10-01,-0.1870027672085803
"Korea, Rep. of",542,2012-11-01,-0.35521285697268
"Korea, Rep. of",542,2012-12-01,0.17823955831368152
"Korea, Rep. of",542,2013-01-01,0.5999457553566556
"Korea, Rep. of",542,2013-02-01,0.33431110344232845
"Korea, Rep. of",542,2013-03-01,-0.09243534899718235
"Korea, Rep. of",542,2013-04-01,-0.13878130648076953
"Korea, Rep. of",542,2013-05-01,0
"Korea, Rep. of",542,2013-06-01,-0.12173706947631464
"Korea, Rep. of",542,2013-07-01,0.21464782655594034
"Korea, Rep. of",542,2013-08-01,0.35410993552830566
"Korea, Rep. of",542,2013-09-01,0.19412685814796263
"Korea, Rep. of",542,2013-10-01,-0.3050771256382498
"Korea, Rep. of",542,2013-11-01,-0.019326991216956947
"Korea, Rep. of",542,2013-12-01,0.12135401005197768
"Korea, Rep. of",542,2014-01-01,0.5373864355511748
"Korea, Rep. of",542,2014-02-01,0.26672356769444144
"Korea, Rep. of",542,2014-03-01,0.1840817195147923
"Korea, Rep. of",542,2014-04-01,0.0647881639459102
"Korea, Rep. of",542,2014-05-01,0.16451907359840484
"Korea, Rep. of",542,2014-06-01,-0.1282200722694901
"Korea, Rep. of",542,2014-07-01,0.14642220524572513
"Korea, Rep. of",542,2014-08-01,0.17481406140741876
"Korea, Rep. of",542,2014-09-01,-0.06451544669015351
"Korea, Rep. of",542,2014-10-01,-0.30161921896496624
"Korea, Rep. of",542,2014-11-01,-0.201687808502731
"Korea, Rep. of",542,2014-12-01,-0.009572940488220327
"Korea, Rep. of",542,2015-01-01,0.6776163223624029
"Korea, Rep. of",542,2015-02-01,-0.05916972200796401
"Korea, Rep. of",542,2015-03-01,0.009515049636842632
"Korea, Rep. of",542,2015-04-01,0.030656687386354985
"Korea, Rep. of",542,2015-05-01,0.2800528401585211
"Korea, Rep. of",542,2015-06-01,0.020023184740231275
"Korea, Rep. of",542,2015-07-01,0.18017258637220102
"Korea, Rep. of",542,2015-08-01,0.13988220445939795
"Korea, Rep. of",542,2015-09-01,-0.2594183567370001
"Korea, Rep. of",542,2015-10-01,0
"Korea, Rep. of",542,2015-11-01,-0.18954152012298361
"Korea, Rep. of",542,2015-12-01,0.29962230709175597
"Korea, Rep. of",542,2016-01-01,0.17040075733670573
"Korea, Rep. of",542,2016-02-01,0.4284274193548401
"Korea, Rep. of",542,2016-03-01,-0.2582601421999163
"Korea, Rep. of",542,2016-04-01,0.18869309068798823
"Korea, Rep. of",542,2016-05-01,0.05964027497305951
"Korea, Rep. of",542,2016-06-01,-0.019868242183406094
"Korea, Rep. of",542,2016-07-01,-0.18826285678426835
"Korea, Rep. of",542,2016-08-01,0.2577778709224564
"Korea, Rep. of",542,2016-09-01,0.5957544655455262
"Korea, Rep. of",542,2016-10-01,0.13714713185866054
"Korea, Rep. of",542,2016-11-01,-0.14733500036316013
"Korea, Rep. of",542,2016-12-01,0.10910564543782951
"Korea, Rep. of",542,2017-01-01,1.0628801561105239
"Korea, Rep. of",542,2017-02-01,0.273195982170373
"Korea, Rep. of",542,2017-03-01,-0.06862504097018117
"Korea, Rep. of",542,2017-04-01,-0.12606979962077042
"Korea, Rep. of",542,2017-05-01,0.10673015742699599
"Korea, Rep. of",542,2017-06-01,-0.21323273122425584
"Korea, Rep. of",542,2017-07-01,0.1654030286219168
"Korea, Rep. of",542,2017-08-01,0.5733392137355375
"Korea, Rep. of",542,2017-09-01,0.1162577250198761
"Korea, Rep. of",542,2017-10-01,-0.0967689361528734
"Korea, Rep. of",542,2017-11-01,-0.744313141715187
"Korea, Rep. of",542,2017-12-01,0.36056581096489787
"Korea, Rep. of",542,2018-01-01,0.41761346189277293
"Korea, Rep. of",542,2018-02-01,0.7634599310949478
"Korea, Rep. of",542,2018-03-01,-0.1052045925850986
"Korea, Rep. of",542,2018-04-01,0.18227663517330722
"Korea, Rep. of",542,2018-05-01,0.04851866452376082
"Korea, Rep. of",542,2018-06-01,-0.20206306388224055
"Korea, Rep. of",542,2018-07-01,-0.1913362151874315
"Korea, Rep. of",542,2018-08-01,0.8844710416877979
"Korea, Rep. of",542,2018-09-01,0.7631055076310553
"Korea, Rep. of",542,2018-10-01,-0.17960307719939614
"Korea, Rep. of",542,2018-11-01,-0.7107086094701158
"Korea, Rep. of",542,2018-12-01,-0.3443068559347616
Bolivia,218,2011-01-01,NA
Bolivia,218,2011-02-01,1.6574585635359171
Bolivia,218,2011-03-01,0.8881230116649016
Bolivia,218,2011-04-01,0.02627775587964265
Bolivia,218,2011-05-01,0.197031393668732
Bolivia,218,2011-06-01,0.1442055584687984
Bolivia,218,2011-07-01,0.5236287472182297
Bolivia,218,2011-08-01,0.3776533402786717
Bolivia,218,2011-09-01,0.3113648157758107
Bolivia,218,2011-10-01,0.478530781169173
Bolivia,218,2011-11-01,0.32179173638820957
Bolivia,218,2011-12-01,0.4875545291249621
Bolivia,218,2012-01-01,0.2936670071501583
Bolivia,218,2012-02-01,0.4964990451941446
Bolivia,218,2012-03-01,0.2913605269825234
Bolivia,218,2012-04-01,0.1642036124794688
Bolivia,218,2012-05-01,0.4918032786885253
Bolivia,218,2012-06-01,0.21332664073284188
Bolivia,218,2012-07-01,0.37565740045078533
Bolivia,218,2012-08-01,0.36177644710579626
Bolivia,218,2012-09-01,0.37290242386575156
Bolivia,218,2012-10-01,0.37151702786377355
Bolivia,218,2012-11-01,0.48118445404071636
Bolivia,218,2012-12-01,0.5279960707269239
Bolivia,218,2013-01-01,0.6717967509466192
Bolivia,218,2013-02-01,0.6430478039310861
Bolivia,218,2013-03-01,0.2531645569620178
Bolivia,218,2013-04-01,0.07215007215007488
Bolivia,218,2013-05-01,0.27637587118481616
Bolivia,218,2013-06-01,0.2995805871779509
Bolivia,218,2013-07-01,0.6093189964157597
Bolivia,218,2013-08-01,1.341883386771179
Bolivia,218,2013-09-01,1.3592688071244392
Bolivia,218,2013-10-01,0.7283236994219601
Bolivia,218,2013-11-01,-0.022954206358310598
Bolivia,218,2013-12-01,0.08035816783378187
Bolivia,218,2014-01-01,0.26382197751776754
Bolivia,218,2014-02-01,0.7550623498455515
Bolivia,218,2014-03-01,0.20438287725673535
Bolivia,218,2014-04-01,0.16997167138810843
Bolivia,218,2014-05-01,0.4185520361990841
Bolivia,218,2014-06-01,1.2053621719049312
Bolivia,218,2014-07-01,0.7346393588601922
Bolivia,218,2014-08-01,0.06629834254143897
Bolivia,218,2014-09-01,-0.375441696113078
Bolivia,218,2014-10-01,0.08867213478164297
Bolivia,218,2014-11-01,0.719822812846075
Bolivia,218,2014-12-01,0.8356239692138439
Bolivia,218,2015-01-01,0.9595463962490565
Bolivia,218,2015-02-01,0.334809374662493
Bolivia,218,2015-03-01,-0.48439181916039054
Bolivia,218,2015-04-01,-0.42184964845862694
Bolivia,218,2015-05-01,0.3584618726917209
Bolivia,218,2015-06-01,0.3463578309340764
Bolivia,218,2015-07-01,0.6040340847805008
Bolivia,218,2015-08-01,0.203709660126512
Bolivia,218,2015-09-01,0.470789642627875
Bolivia,218,2015-10-01,0.3301384451544069
Bolivia,218,2015-11-01,0.053072922195108126
Bolivia,218,2015-12-01,0.1697432633142336
Bolivia,218,2016-01-01,0.40245710654521866
Bolivia,218,2016-02-01,0.5907172995780615
Bolivia,218,2016-03-01,0.1258389261745014
Bolivia,218,2016-04-01,0.3875157100963451
Bolivia,218,2016-05-01,1.2310902451747594
Bolivia,218,2016-06-01,-0.4843862722869204
Bolivia,218,2016-07-01,0.031068765534383945
Bolivia,218,2016-08-01,0.13458950201883782
Bolivia,218,2016-09-01,0.4445822994210162
Bolivia,218,2016-10-01,0.3705609881626345
Bolivia,218,2016-11-01,0.4102143369910691
Bolivia,218,2016-12-01,0.28597691757736815
Bolivia,218,2017-01-01,0.10184336490478516
Bolivia,218,2017-02-01,0.3764370739647882
Bolivia,218,2017-03-01,0.010135819987842201
Bolivia,218,2017-04-01,-0.41552650248302075
Bolivia,218,2017-05-01,-0.020354162426226573
Bolivia,218,2017-06-01,0.10179153094463408
Bolivia,218,2017-07-01,0.7423225544030808
Bolivia,218,2017-08-01,0.7974159685071225
Bolivia,218,2017-09-01,0.8011215701982748
Bolivia,218,2017-10-01,-0.21855752036558598
Bolivia,218,2017-11-01,0.07964954201513172
Bolivia,218,2017-12-01,0.33824114604059236
Bolivia,218,2018-01-01,0.3073567321039086
Bolivia,218,2018-02-01,0.31629929821092534
Bolivia,218,2018-03-01,-0.12809143758005267
Bolivia,218,2018-04-01,-0.13812154696132653
Bolivia,218,2018-05-01,0.11855364552460439
Bolivia,218,2018-06-01,0.10854549042826074
Bolivia,218,2018-07-01,0.04928536224740972
Bolivia,218,2018-08-01,0.16748768472906572
Bolivia,218,2018-09-01,-0.08852168781351766
Bolivia,218,2018-10-01,0.17720023626698841
Bolivia,218,2018-11-01,0.26533018867924135
Bolivia,218,2018-12-01,0.343036361854351
Albania,914,2011-01-01,NA
Albania,914,2011-02-01,2.293275481392374
Albania,914,2011-03-01,-0.08688425502494443
Albania,914,2011-04-01,-0.5970119534536033
Albania,914,2011-05-01,-1.092700359410451
Albania,914,2011-06-01,-1.066603899017727
Albania,914,2011-07-01,-0.7179936929297498
Albania,914,2011-08-01,0.2629913974045298
Albania,914,2011-09-01,0.4139804815884231
Albania,914,2011-10-01,0.4340669886687064
Albania,914,2011-11-01,0.05358754517776925
Albania,914,2011-12-01,0.9871744416367269
Albania,914,2012-01-01,0.7106195465019131
Albania,914,2012-02-01,1.3156932594367623
Albania,914,2012-03-01,0.3629955487520575
Albania,914,2012-04-01,-0.050456620772018394
Albania,914,2012-05-01,-0.7549271203117354
Albania,914,2012-06-01,-0.842982166680691
Albania,914,2012-07-01,-0.1761648363191266
Albania,914,2012-08-01,0.37681311542802104
Albania,914,2012-09-01,0.2089249947677232
Albania,914,2012-10-01,0.20672250272189915
Albania,914,2012-11-01,0.1883871071283905
Albania,914,2012-12-01,0.8828154625039578
Albania,914,2013-01-01,0.9746778565626368
Albania,914,2013-02-01,1.097438417083126
Albania,914,2013-03-01,0.2560313200232949
Albania,914,2013-04-01,-0.13072357422610892
Albania,914,2013-05-01,-0.9861241078282906
Albania,914,2013-06-01,-0.6029312497574291
Albania,914,2013-07-01,-0.8269835822139086
Albania,914,2013-08-01,-0.08172766860582598
Albania,914,2013-09-01,0.7682802138957635
Albania,914,2013-10-01,0.14473760590711954
Albania,914,2013-11-01,-0.47888006141049416
Albania,914,2013-12-01,1.7435559843045207
Albania,914,2014-01-01,0.7757765851410978
Albania,914,2014-02-01,1.3721031768640557
Albania,914,2014-03-01,0.4911042934172172
Albania,914,2014-04-01,-0.6271263326950144
Albania,914,2014-05-01,-1.0780073419176162
Albania,914,2014-06-01,-0.6527795915588089
Albania,914,2014-07-01,-0.5625817392423995
Albania,914,2014-08-01,0.08312364264314376
Albania,914,2014-09-01,0.306543801709144
Albania,914,2014-10-01,0.10585972754787246
Albania,914,2014-11-01,-0.24488726703368047
Albania,914,2014-12-01,0.7176592616772256
Albania,914,2015-01-01,1.3674944486076404
Albania,914,2015-02-01,2.3771660269663024
Albania,914,2015-03-01,0.4119853751881817
Albania,914,2015-04-01,-0.4863314316233252
Albania,914,2015-05-01,-1.5898426373062995
Albania,914,2015-06-01,-1.071800432022028
Albania,914,2015-07-01,-0.6703408995246146
Albania,914,2015-08-01,0.7686865053579919
Albania,914,2015-09-01,0.5950491469678267
Albania,914,2015-10-01,0.00548199400482645
Albania,914,2015-11-01,-0.32044148390295707
Albania,914,2015-12-01,0.6167484419668686
Albania,914,2016-01-01,0.8807840000000646
Albania,914,2016-02-01,1.1230830640649523
Albania,914,2016-03-01,0.44582809658054956
Albania,914,2016-04-01,-0.4235669739299281
Albania,914,2016-05-01,-1.2120758086022168
Albania,914,2016-06-01,-0.6032323759109864
Albania,914,2016-07-01,0.05135854151804828
Albania,914,2016-08-01,0.8571085085688984
Albania,914,2016-09-01,0.34835176159999076
Albania,914,2016-10-01,-0.24829137412363378
Albania,914,2016-11-01,0.050097489463534775
Albania,914,2016-12-01,0.9136033594169533
Albania,914,2017-01-01,1.5363878249202148
Albania,914,2017-02-01,0.4948516640714445
Albania,914,2017-03-01,0.38930983747671627
Albania,914,2017-04-01,-0.6127939511389962
Albania,914,2017-05-01,-1.2053942479121456
Albania,914,2017-06-01,-0.3463590271497689
Albania,914,2017-07-01,-0.14202706194753786
Albania,914,2017-08-01,0.41278657840110144
Albania,914,2017-09-01,0.3575211731593635
Albania,914,2017-10-01,0.03591856606975964
Albania,914,2017-11-01,-0.1362450257112699
Albania,914,2017-12-01,1.028972185217273
Albania,914,2018-01-01,1.4803201640455486
Albania,914,2018-02-01,0.8024325492269903
Albania,914,2018-03-01,0.28762285904793716
Albania,914,2018-04-01,-0.4872406240182139
Albania,914,2018-05-01,-1.1882651520141814
Albania,914,2018-06-01,-0.05604472766691997
Albania,914,2018-07-01,-0.2627325938655597
Albania,914,2018-08-01,0.3658562668432921
Albania,914,2018-09-01,0.22988859859644054
Albania,914,2018-10-01,-0.17271813773310926
Albania,914,2018-11-01,-0.24841704587266217
Albania,914,2018-12-01,1.0622395478644453
Lebanon,446,2011-01-01,NA
Lebanon,446,2011-02-01,0.26258250892236934
Lebanon,446,2011-03-01,0.13466733480449106
Lebanon,446,2011-04-01,0.9039990616022705
Lebanon,446,2011-05-01,0.2265020486942546
Lebanon,446,2011-06-01,-0.4185594907064756
Lebanon,446,2011-07-01,-0.0757618717399581
Lebanon,446,2011-08-01,0.5259372722675876
Lebanon,446,2011-09-01,0.0545146805897373
Lebanon,446,2011-10-01,0.6629759705520689
Lebanon,446,2011-11-01,0.46168439051404936
Lebanon,446,2011-12-01,0.04471838683233899
Lebanon,446,2012-01-01,0.07259932674726341
Lebanon,446,2012-02-01,0.7691396860460822
Lebanon,446,2012-03-01,0.6660527475069741
Lebanon,446,2012-04-01,0.4708634680846893
Lebanon,446,2012-05-01,-0.27852806261721025
Lebanon,446,2012-06-01,-1.3583941090859004
Lebanon,446,2012-07-01,6.667902269314878
Lebanon,446,2012-08-01,0.9115781398925317
Lebanon,446,2012-09-01,0.924667039324959
Lebanon,446,2012-10-01,1.451941947368201
Lebanon,446,2012-11-01,-0.3331084646952559
Lebanon,446,2012-12-01,-0.11198763224600701
Lebanon,446,2013-01-01,0.007615446273302273
Lebanon,446,2013-02-01,0.707785642062678
Lebanon,446,2013-03-01,0.20080321285140845
Lebanon,446,2013-04-01,-0.7014028056112254
Lebanon,446,2013-05-01,-0.9081735620585183
Lebanon,446,2013-06-01,-0.08748093703676899
Lebanon,446,2013-07-01,-0.020007349911364238
Lebanon,446,2013-08-01,0.23311317851865657
Lebanon,446,2013-09-01,0.15165314009031788
Lebanon,446,2013-10-01,1.0458331325452042
Lebanon,446,2013-11-01,0.13407863938418163
Lebanon,446,2013-12-01,0.3658220201729479
Lebanon,446,2014-01-01,0.9202470347269979
Lebanon,446,2014-02-01,-0.7369552111768792
Lebanon,446,2014-03-01,1.5806998913116106
Lebanon,446,2014-04-01,-0.12216588095420973
Lebanon,446,2014-05-01,-0.30887498624244236
Lebanon,446,2014-06-01,-0.6989953648957725
Lebanon,446,2014-07-01,0.15740828702741358
Lebanon,446,2014-08-01,0.2384904437732515
Lebanon,446,2014-09-01,-0.22939482403421815
Lebanon,446,2014-10-01,0.1834090093673973
Lebanon,446,2014-11-01,-0.44230366144380306
Lebanon,446,2014-12-01,-1.2194829667475369
Lebanon,446,2015-01-01,-2.177297890811706
Lebanon,446,2015-02-01,0.07469929698559931
Lebanon,446,2015-03-01,1.146083785114288
Lebanon,446,2015-04-01,-0.4926467022937839
Lebanon,446,2015-05-01,0.19240984360381164
Lebanon,446,2015-06-01,-0.819266230103065
Lebanon,446,2015-07-01,-0.3412716863532156
Lebanon,446,2015-08-01,-0.5343323116704084
Lebanon,446,2015-09-01,-0.310236146019795
Lebanon,446,2015-10-01,0.8054353202884591
Lebanon,446,2015-11-01,-0.24881041587269478
Lebanon,446,2015-12-01,-0.7116667541536521
Lebanon,446,2016-01-01,-1.529184015828608
Lebanon,446,2016-02-01,-0.10422109770250622
Lebanon,446,2016-03-01,0.48476762306527765
Lebanon,446,2016-04-01,0.76351707155613
Lebanon,446,2016-05-01,0.09473780416809816
Lebanon,446,2016-06-01,0.6735930616853266
Lebanon,446,2016-07-01,0.15929248788176936
Lebanon,446,2016-08-01,-0.8438331267366617
Lebanon,446,2016-09-01,1.5159244323175722
Lebanon,446,2016-10-01,0.9095550409018185
Lebanon,446,2016-11-01,0.38887910046522783
Lebanon,446,2016-12-01,0.620735581028249
Lebanon,446,2017-01-01,-0.4677387630284293
Lebanon,446,2017-02-01,0.542007752032271
Lebanon,446,2017-03-01,0.663921103070711
Lebanon,446,2017-04-01,0.11611674835668247
Lebanon,446,2017-05-01,-0.05070409208494805
Lebanon,446,2017-06-01,-0.29657500930453656
Lebanon,446,2017-07-01,0.18890741181053022
Lebanon,446,2017-08-01,0.8689212820465727
Lebanon,446,2017-09-01,0.5971748658025449
Lebanon,446,2017-10-01,0
Lebanon,446,2017-11-01,1.9285999078894036
Lebanon,446,2017-12-01,0.8314863153255256
Lebanon,446,2018-01-01,0.04608911987364262
Lebanon,446,2018-02-01,0.19990516200442376
Lebanon,446,2018-03-01,0.8141895609002634
Lebanon,446,2018-04-01,0.540213257227967
Lebanon,446,2018-05-01,0.6313698146142543
Lebanon,446,2018-06-01,0.9103760461831907
Lebanon,446,2018-07-01,-0.21672854098225366
Lebanon,446,2018-08-01,0.2266785145197201
Lebanon,446,2018-09-01,0.4438942174351773
Lebanon,446,2018-10-01,0
Lebanon,446,2018-11-01,1.12648961624033
Lebanon,446,2018-12-01,-0.7987395045120739
Mongolia,948,2011-01-01,NA
Mongolia,948,2011-02-01,0.46296296296286266
Mongolia,948,2011-03-01,-0.30721966205843737
Mongolia,948,2011-04-01,-0.15408320493049713
Mongolia,948,2011-05-01,1.5432098765431546
Mongolia,948,2011-06-01,1.0638297872340738
Mongolia,948,2011-07-01,0.7518796992480867
Mongolia,948,2011-08-01,0.2985074626866308
Mongolia,948,2011-09-01,1.0416666666665115
Mongolia,948,2011-10-01,0.44182621502219255
Mongolia,948,2011-11-01,0.7331378299119908
Mongolia,948,2011-12-01,1.1644832605531972
Mongolia,948,2012-01-01,2.7338129496401344
Mongolia,948,2012-02-01,2.52100840336135
Mongolia,948,2012-03-01,2.1857923497269045
Mongolia,948,2012-04-01,0.5347593582887177
Mongolia,948,2012-05-01,0.9308510638298148
Mongolia,948,2012-06-01,0.5270092226613452
Mongolia,948,2012-07-01,0.5242463958061409
Mongolia,948,2012-08-01,0.6518904823989277
Mongolia,948,2012-09-01,1.0362694300517121
Mongolia,948,2012-10-01,0.6410256410256131
Mongolia,948,2012-11-01,0.12738853503186875
Mongolia,948,2012-12-01,0.8905852417303181
Mongolia,948,2013-01-01,1.7654476670870636
Mongolia,948,2013-02-01,0.9913258983889984
Mongolia,948,2013-03-01,0.736196319018399
Mongolia,948,2013-04-01,1.2180267965896452
Mongolia,948,2013-05-01,0.2406738868831641
Mongolia,948,2013-06-01,-0.3601440576229717
Mongolia,948,2013-07-01,0.12048192771087442
Mongolia,948,2013-08-01,1.6847172081828115
Mongolia,948,2013-09-01,1.4201183431952547
Mongolia,948,2013-10-01,1.4002333722287144
Mongolia,948,2013-11-01,1.265822784810106
Mongolia,948,2013-12-01,1.363636363636373
Mongolia,948,2014-01-01,1.2331838565023618
Mongolia,948,2014-02-01,0.8859357696566131
Mongolia,948,2014-03-01,0.8781558726674497
Mongolia,948,2014-04-01,0.9793253536451904
Mongolia,948,2014-05-01,1.5086206896552368
Mongolia,948,2014-06-01,0.5307855626326635
Mongolia,948,2014-07-01,0.4223864836324827
Mongolia,948,2014-08-01,0.4206098843323719
Mongolia,948,2014-09-01,0.7329842931937387
Mongolia,948,2014-10-01,0.8316008316007503
Mongolia,948,2014-11-01,0.721649484536104
Mongolia,948,2014-12-01,0.8188331627431387
Mongolia,948,2015-01-01,0.609137055837558
Mongolia,948,2015-02-01,0.20181634712404356
Mongolia,948,2015-03-01,0.5035246727089318
Mongolia,948,2015-04-01,0.6012024048096323
Mongolia,948,2015-05-01,0.09960159362552376
Mongolia,948,2015-06-01,-0.09950248756221475
Mongolia,948,2015-07-01,-0.2988047808764297
Mongolia,948,2015-08-01,0.8991008991008292
Mongolia,948,2015-09-01,-0.5940594059405894
Mongolia,948,2015-10-01,-0.4980079681274772
Mongolia,948,2015-11-01,-0.20020020020010965
Mongolia,948,2015-12-01,-0.2006018054163004
Mongolia,948,2016-01-01,0.20100502512568
Mongolia,948,2016-02-01,0.4012036108324582
Mongolia,948,2016-03-01,0.4995004995004686
Mongolia,948,2016-04-01,1.0934393638170794
Mongolia,948,2016-05-01,0.09832841691251311
Mongolia,948,2016-06-01,-0.2946954813358893
Mongolia,948,2016-07-01,0.09852216748758758
Mongolia,948,2016-08-01,-0.6889763779526716
Mongolia,948,2016-09-01,-0.5946481665014813
Mongolia,948,2016-10-01,-0.5982053838484493
Mongolia,948,2016-11-01,0.5015045135405907
Mongolia,948,2016-12-01,0.5988023952095933
Mongolia,948,2017-01-01,0.8928571428570733
Mongolia,948,2017-02-01,0.7866273352999477
Mongolia,948,2017-03-01,1.2682926829268617
Mongolia,948,2017-04-01,1.1560693641618394
Mongolia,948,2017-05-01,0.47619047619046356
Mongolia,948,2017-06-01,-0.473933649289087
Mongolia,948,2017-07-01,0
Mongolia,948,2017-08-01,0.8571428571428072
Mongolia,948,2017-09-01,0.18885741265347863
Mongolia,948,2017-10-01,0.37700282752116965
Mongolia,948,2017-11-01,0.18779342723009546
Mongolia,948,2017-12-01,0.46860356138703746
Mongolia,948,2018-01-01,1.3992537313432303
Mongolia,948,2018-02-01,0.827966881324814
Mongolia,948,2018-03-01,1.0036496350364796
Mongolia,948,2018-04-01,0.6323396567299194
Mongolia,948,2018-05-01,0.538599640933568
Mongolia,948,2018-06-01,0.49165306219022
Mongolia,948,2018-07-01,0.5347841924364024
Mongolia,948,2018-08-01,-0.8186220400565856
Mongolia,948,2018-09-01,-0.06297122266897173
Mongolia,948,2018-10-01,0.962345945422876
Mongolia,948,2018-11-01,1.7919479492928083
Mongolia,948,2018-12-01,0.606353118639992
Dominican Rep.,243,2011-01-01,NA
Dominican Rep.,243,2011-02-01,1.2020465410296128
Dominican Rep.,243,2011-03-01,1.1555616283269363
Dominican Rep.,243,2011-04-01,0.8741376815089321
Dominican Rep.,243,2011-05-01,0.21807538904467502
Dominican Rep.,243,2011-06-01,1.0221513852966493
Dominican Rep.,243,2011-07-01,0.8502975909305627
Dominican Rep.,243,2011-08-01,0.4964494626886646
Dominican Rep.,243,2011-09-01,0.2134601043997326
Dominican Rep.,243,2011-10-01,0.030974151001314093
Dominican Rep.,243,2011-11-01,0.08991810664272454
Dominican Rep.,243,2011-12-01,0.11241278718682653
Dominican Rep.,243,2012-01-01,0.43615441722344145
Dominican Rep.,243,2012-02-01,0.35110413009333985
Dominican Rep.,243,2012-03-01,0.1473160850750232
Dominican Rep.,243,2012-04-01,0.009193711501321
Dominican Rep.,243,2012-05-01,-0.26659312373602084
Dominican Rep.,243,2012-06-01,0.21200110609273354
Dominican Rep.,243,2012-07-01,-0.20235467255336625
Dominican Rep.,243,2012-08-01,1.0138248847925935
Dominican Rep.,243,2012-09-01,0.6478102189782023
Dominican Rep.,243,2012-10-01,0.23569939262076608
Dominican Rep.,243,2012-11-01,0.6330831147689132
Dominican Rep.,243,2012-12-01,0.6291003864473689
Dominican Rep.,243,2013-01-01,1.2592658747878553
Dominican Rep.,243,2013-02-01,0.32633621449994277
Dominican Rep.,243,2013-03-01,0.37802197802202436
Dominican Rep.,243,2013-04-01,-0.06130670870555658
Dominican Rep.,243,2013-05-01,-0.18403295066167105
Dominican Rep.,243,2013-06-01,0.03511852502188596
Dominican Rep.,243,2013-07-01,0.6231349833246531
Dominican Rep.,243,2013-08-01,0.6628870475358822
Dominican Rep.,243,2013-09-01,0.48522658348504855
Dominican Rep.,243,2013-10-01,-0.13796671552986353
Dominican Rep.,243,2013-11-01,0.060443830411885426
Dominican Rep.,243,2013-12-01,0.37107352433544816
Dominican Rep.,243,2014-01-01,0.2321382512252343
Dominican Rep.,243,2014-02-01,0.3431120260764935
Dominican Rep.,243,2014-03-01,0.5214566592580171
Dominican Rep.,243,2014-04-01,0.4252062250190678
Dominican Rep.,243,2014-05-01,0.016936235074920584
Dominican Rep.,243,2014-06-01,0.016933367200143573
Dominican Rep.,243,2014-07-01,0.3640057563700472
Dominican Rep.,243,2014-08-01,0.38798920377867246
Dominican Rep.,243,2014-09-01,0.19324483280121552
Dominican Rep.,243,2014-10-01,-0.08385744234797914
Dominican Rep.,243,2014-11-01,-0.14267729752410377
Dominican Rep.,243,2014-12-01,-0.6975962346613117
Dominican Rep.,243,2015-01-01,-0.18620397799409208
Dominican Rep.,243,2015-02-01,0.20351055711012822
Dominican Rep.,243,2015-03-01,0.14386053990013456
Dominican Rep.,243,2015-04-01,-0.2535068446847181
Dominican Rep.,243,2015-05-01,0.2880379532361559
Dominican Rep.,243,2015-06-01,0.40547389761781355
Dominican Rep.,243,2015-07-01,0.24398451960291465
Dominican Rep.,243,2015-08-01,0.3189257238774837
Dominican Rep.,243,2015-09-01,0.1589559106499986
Dominican Rep.,243,2015-10-01,0.74340126962919
Dominican Rep.,243,2015-11-01,0.16582372937559972
Dominican Rep.,243,2015-12-01,0.0910520652264607
Dominican Rep.,243,2016-01-01,-0.008269930532572654
Dominican Rep.,243,2016-02-01,-0.5624017864527605
Dominican Rep.,243,2016-03-01,-0.008317391665962617
Dominican Rep.,243,2016-04-01,-0.09149891864919962
Dominican Rep.,243,2016-05-01,0.24977104321039986
Dominican Rep.,243,2016-06-01,0.5979569803173296
Dominican Rep.,243,2016-07-01,0.18987864278048916
Dominican Rep.,243,2016-08-01,-0.05767963085038218
Dominican Rep.,243,2016-09-01,0.041223513892254066
Dominican Rep.,243,2016-10-01,0.30492830064285076
Dominican Rep.,243,2016-11-01,0.13146002793524178
Dominican Rep.,243,2016-12-01,0.9026011323541182
Dominican Rep.,243,2017-01-01,0.6180369195739
Dominican Rep.,243,2017-02-01,0.4202699426170293
Dominican Rep.,243,2017-03-01,-0.20120724346074872
Dominican Rep.,243,2017-04-01,0.26612903225804163
Dominican Rep.,243,2017-05-01,-0.1447759993565161
Dominican Rep.,243,2017-06-01,0.056383407168751114
Dominican Rep.,243,2017-07-01,0.17710513604885245
Dominican Rep.,243,2017-08-01,0.5705560912890628
Dominican Rep.,243,2017-09-01,0.6392329204953673
Dominican Rep.,243,2017-10-01,0
Dominican Rep.,243,2017-11-01,0.7622072250892852
Dominican Rep.,243,2017-12-01,0.9691907651091369
Dominican Rep.,243,2018-01-01,0.28874668331515146
Dominican Rep.,243,2018-02-01,-0.10894093844839187
Dominican Rep.,243,2018-03-01,0.37391913998595294
Dominican Rep.,243,2018-04-01,0.3958090803260098
Dominican Rep.,243,2018-05-01,0.2628324056895016
Dominican Rep.,243,2018-06-01,0.20817270624523518
Dominican Rep.,243,2018-07-01,-0.015388166499941302
Dominican Rep.,243,2018-08-01,0.03078106964211474
Dominican Rep.,243,2018-09-01,0.07692899453811854
Dominican Rep.,243,2018-10-01,0.22292259205158607
Dominican Rep.,243,2018-11-01,-0.35281484890321624
Dominican Rep.,243,2018-12-01,-0.21551724137925005
Uruguay,298,2011-01-01,NA
Uruguay,298,2011-02-01,0.9382716049382863
Uruguay,298,2011-03-01,1.4187866927594237
Uruguay,298,2011-04-01,0.33767486734187424
Uruguay,298,2011-05-01,0.3269230769230687
Uruguay,298,2011-06-01,0.3546099290781418
Uruguay,298,2011-07-01,0.7544647120617971
Uruguay,298,2011-08-01,0.5592417061611579
Uruguay,298,2011-09-01,0.5090017909323573
Uruguay,298,2011-10-01,0.7127450060956083
Uruguay,298,2011-11-01,0.4190334295560068
Uruguay,298,2011-12-01,0.7047477744807361
Uruguay,298,2012-01-01,0.7366482504604488
Uruguay,298,2012-02-01,0.8318098720290049
Uruguay,298,2012-03-01,0.9881243767565393
Uruguay,298,2012-04-01,0.8168761220825783
Uruguay,298,2012-05-01,0.3917727717924096
Uruguay,298,2012-06-01,0.30155210643013086
Uruguay,298,2012-07-01,0.2652754443363257
Uruguay,298,2012-08-01,0.9348267042948912
Uruguay,298,2012-09-01,1.2145041502840441
Uruguay,298,2012-10-01,1.1481353591160453
Uruguay,298,2012-11-01,0.3499189212254957
Uruguay,298,2012-12-01,-0.7314169076374459
Uruguay,298,2013-01-01,1.9019876627827614
Uruguay,298,2013-02-01,0.9920968555574762
Uruguay,298,2013-03-01,0.6576756576755813
Uruguay,298,2013-04-01,0.4466131833596227
Uruguay,298,2013-05-01,0.3211198023877261
Uruguay,298,2013-06-01,0.43499671700589276
Uruguay,298,2013-07-01,0.7681621312414428
Uruguay,298,2013-08-01,1.03803422269067
Uruguay,298,2013-09-01,1.3644754795731442
Uruguay,298,2013-10-01,0.8235014648823789
Uruguay,298,2013-11-01,0.2041938270634798
Uruguay,298,2013-12-01,-0.7210596441726412
Uruguay,298,2014-01-01,2.4394094892239573
Uruguay,298,2014-02-01,1.6569050554869256
Uruguay,298,2014-03-01,0.583731331968893
Uruguay,298,2014-04-01,-0.06029544769374606
Uruguay,298,2014-05-01,0.31674208144799015
Uruguay,298,2014-06-01,0.3458126597504701
Uruguay,298,2014-07-01,0.7491759065027974
Uruguay,298,2014-08-01,0.7510410469956843
Uruguay,298,2014-09-01,1.0037641154330128
Uruguay,298,2014-10-01,0.5918889294847849
Uruguay,298,2014-11-01,0.14528548598005708
Uruguay,298,2014-12-01,-0.52952270419275
Uruguay,298,2015-01-01,2.2168744986509785
Uruguay,298,2015-02-01,1.0986659056859909
Uruguay,298,2015-03-01,0.6986098369908927
Uruguay,298,2015-04-01,0.5676243868256402
Uruguay,298,2015-05-01,0.4877708870461745
Uruguay,298,2015-06-01,0.45073157201291303
Uruguay,298,2015-07-01,1.2080629573381634
Uruguay,298,2015-08-01,1.1800013641634683
Uruguay,298,2015-09-01,0.687609545638368
Uruguay,298,2015-10-01,0.6025709694698127
Uruguay,298,2015-11-01,0.4259283907892597
Uruguay,298,2015-12-01,-0.5500331345261298
Uruguay,298,2016-01-01,2.4455254214698923
Uruguay,298,2016-02-01,1.6001040718095012
Uruguay,298,2016-03-01,1.0371318822023798
Uruguay,298,2016-04-01,0.45621594221265
Uruguay,298,2016-05-01,0.9650561372523742
Uruguay,298,2016-06-01,0.39982507652914473
Uruguay,298,2016-07-01,0.3920104536119613
Uruguay,298,2016-08-01,0.5702243708938585
Uruguay,298,2016-09-01,0.24651793417972057
Uruguay,298,2016-10-01,0.1844337882699807
Uruguay,298,2016-11-01,0.09818360333815959
Uruguay,298,2016-12-01,-0.5456105934281457
Uruguay,298,2017-01-01,2.601245145780774
Uruguay,298,2017-02-01,0.49864824271548797
Uruguay,298,2017-03-01,0.6755141080821971
Uruguay,298,2017-04-01,0.21970191793844376
Uruguay,298,2017-05-01,0.1303471975351869
Uruguay,298,2017-06-01,0.1479289940828691
Uruguay,298,2017-07-01,0.319054652880436
Uruguay,298,2017-08-01,0.7715413157429803
Uruguay,298,2017-09-01,0.5376972530683171
Uruguay,298,2017-10-01,0.45924892454359356
Uruguay,298,2017-11-01,0.33562872518961784
Uruguay,298,2017-12-01,-0.3056693004210148
Uruguay,298,2018-01-01,2.713178294573541
Uruguay,298,2018-02-01,0.8786257392284393
Uruguay,298,2018-03-01,0.2791580592932262
Uruguay,298,2018-04-01,0.06681142475353512
Uruguay,298,2018-05-01,0.812329605519386
Uruguay,298,2018-06-01,0.9879132402450937
Uruguay,298,2018-07-01,0.5956935184173986
Uruguay,298,2018-08-01,0.6736567610147257
Uruguay,298,2018-09-01,0.4964653823323896
Uruguay,298,2018-10-01,0.2308972775599708
Uruguay,298,2018-11-01,0.36429872495443333
Uruguay,298,2018-12-01,-0.38432795985907225
Namibia,728,2011-01-01,NA
Namibia,728,2011-02-01,0.14729521001253684
Namibia,728,2011-03-01,0.7242072781186237
Namibia,728,2011-04-01,0.9527610337903049
Namibia,728,2011-05-01,0.47931484056362533
Namibia,728,2011-06-01,0.24758519931839176
Namibia,728,2011-07-01,0.6093566102128173
Namibia,728,2011-08-01,0.3838429522258363
Namibia,728,2011-09-01,0.01576528901216863
Namibia,728,2011-10-01,0.8274574423025642
Namibia,728,2011-11-01,0.31718735681322036
Namibia,728,2011-12-01,0.7731098850625766
Namibia,728,2012-01-01,1.119009552377566
Namibia,728,2012-02-01,0.7631338822568791
Namibia,728,2012-03-01,0.5083393881864919
Namibia,728,2012-04-01,0.3404412575960737
Namibia,728,2012-05-01,0.24799605320390827
Namibia,728,2012-06-01,-0.21655707774318977
Namibia,728,2012-07-01,1.028099183746253
Namibia,728,2012-08-01,0.26340576478504485
Namibia,728,2012-09-01,0.8426250775889302
Namibia,728,2012-10-01,0.9392369902520933
Namibia,728,2012-11-01,0.679308018749801
Namibia,728,2012-12-01,-0.29982335434925217
Namibia,728,2013-01-01,0.9436136103270059
Namibia,728,2013-02-01,0.4082602802123554
Namibia,728,2013-03-01,0.5572387813248977
Namibia,728,2013-04-01,0.3250035526984192
Namibia,728,2013-05-01,0.1444653013106436
Namibia,728,2013-06-01,0.2487778926538938
Namibia,728,2013-07-01,0.6937267058414276
Namibia,728,2013-08-01,0.3924159843347285
Namibia,728,2013-09-01,0.28700620025948625
Namibia,728,2013-10-01,0.39018879178588206
Namibia,728,2013-11-01,0.2581345955140485
Namibia,728,2013-12-01,0.14122354154473626
Namibia,728,2014-01-01,0.9382509728554133
Namibia,728,2014-02-01,0.6828045033138533
Namibia,728,2014-03-01,0.6153573668401214
Namibia,728,2014-04-01,0.9591013387918499
Namibia,728,2014-05-01,0.29775373280024964
Namibia,728,2014-06-01,0.3018954150669235
Namibia,728,2014-07-01,0.16625483524173573
Namibia,728,2014-08-01,0.25106869534086856
Namibia,728,2014-09-01,0.15775666293718316
Namibia,728,2014-10-01,0.11955039746738201
Namibia,728,2014-11-01,0.22374091204793067
Namibia,728,2014-12-01,-0.16877292380100647
Namibia,728,2015-01-01,0.7716811963421449
Namibia,728,2015-02-01,-0.1680304800124402
Namibia,728,2015-03-01,0.4440526996217931
Namibia,728,2015-04-01,0.49850586803000957
Namibia,728,2015-05-01,0.37241831865685454
Namibia,728,2015-06-01,0.33998994457425
Namibia,728,2015-07-01,0.3968754612043626
Namibia,728,2015-08-01,0.3165218358373482
Namibia,728,2015-09-01,0.1314385561057101
Namibia,728,2015-10-01,0.16122242969224604
Namibia,728,2015-11-01,0.17119934554263744
Namibia,728,2015-12-01,0.20212587854186426
Namibia,728,2016-01-01,2.3687757075723512
Namibia,728,2016-02-01,0.5947610840375024
Namibia,728,2016-03-01,0.7766903934900917
Namibia,728,2016-04-01,0.6011345356023993
Namibia,728,2016-05-01,0.5049654940245822
Namibia,728,2016-06-01,0.32657846256908435
Namibia,728,2016-07-01,0.6426842500625958
Namibia,728,2016-08-01,0.16586498590147855
Namibia,728,2016-09-01,0.19870839542970264
Namibia,728,2016-10-01,0.4933068914229123
Namibia,728,2016-11-01,0.2469674288939792
Namibia,728,2016-12-01,0.16337924020679803
Namibia,728,2017-01-01,3.2279241222451196
Namibia,728,2017-02-01,0.18021801229183818
Namibia,728,2017-03-01,0.11776083443448021
Namibia,728,2017-04-01,0.2600853459623773
Namibia,728,2017-05-01,0.1242555306366901
Namibia,728,2017-06-01,0.13791249626092292
Namibia,728,2017-07-01,0.03995985645267862
Namibia,728,2017-08-01,0.08716792831142854
Namibia,728,2017-09-01,0.3906456605306334
Namibia,728,2017-10-01,0.11190905976234176
Namibia,728,2017-11-01,0.2584295063691116
Namibia,728,2017-12-01,0.15510647567624467
Namibia,728,2018-01-01,1.6454930607856002
Namibia,728,2018-02-01,0.1456943869229354
Namibia,728,2018-03-01,0.11280468654114464
Namibia,728,2018-04-01,0.3245075934617465
Namibia,728,2018-05-01,0.3769830890608189
Namibia,728,2018-06-01,0.24975409532228499
Namibia,728,2018-07-01,0.5272683427373195
Namibia,728,2018-08-01,0.03423084229487479
Namibia,728,2018-09-01,0.754214451599393
Namibia,728,2018-10-01,0.42511588639315634
Namibia,728,2018-11-01,0.6781281729528501
Namibia,728,2018-12-01,-0.22991875767973355
Ecuador,248,2011-01-01,NA
Ecuador,248,2011-02-01,0.5549609074818926
Ecuador,248,2011-03-01,0.33682629670173214
Ecuador,248,2011-04-01,0.8200803323270697
Ecuador,248,2011-05-01,0.34585042208742417
Ecuador,248,2011-06-01,0.039772021989444156
Ecuador,248,2011-07-01,0.1758218824848902
Ecuador,248,2011-08-01,0.4859753149324465
Ecuador,248,2011-09-01,0.7908615359312636
Ecuador,248,2011-10-01,0.35215915531097536
Ecuador,248,2011-11-01,0.3033681080296145
Ecuador,248,2011-12-01,0.3979377255023734
Ecuador,248,2012-01-01,0.5671522086803559
Ecuador,248,2012-02-01,0.7774870128771599
Ecuador,248,2012-03-01,0.900917861414612
Ecuador,248,2012-04-01,0.15799599508820875
Ecuador,248,2012-05-01,-0.19405621263357756
Ecuador,248,2012-06-01,0.1750948455496074
Ecuador,248,2012-07-01,0.26122719545080425
Ecuador,248,2012-08-01,0.2886672245991102
Ecuador,248,2012-09-01,1.121913850766052
Ecuador,248,2012-10-01,0.08600764233651331
Ecuador,248,2012-11-01,0.13934634383734032
Ecuador,248,2012-12-01,-0.18578186128495947
Ecuador,248,2013-01-01,0.5028229319999168
Ecuador,248,2013-02-01,0.18469427438813557
Ecuador,248,2013-03-01,0.4383844700285362
Ecuador,248,2013-04-01,0.17900642810849376
Ecuador,248,2013-05-01,-0.21789831012941752
Ecuador,248,2013-06-01,-0.1447898633808995
Ecuador,248,2013-07-01,-0.018660334381779768
Ecuador,248,2013-08-01,0.17359094425265503
Ecuador,248,2013-09-01,0.5678806998486555
Ecuador,248,2013-10-01,0.40827212239905586
Ecuador,248,2013-11-01,0.3941886262018454
Ecuador,248,2013-12-01,0.20349663523052333
Ecuador,248,2014-01-01,0.7217096216979899
Ecuador,248,2014-02-01,0.10990358446823786
Ecuador,248,2014-03-01,0.6962821010125287
Ecuador,248,2014-04-01,0.295475898059435
Ecuador,248,2014-05-01,-0.041124003929939854
Ecuador,248,2014-06-01,0.10406116208106109
Ecuador,248,2014-07-01,0.4033675082324291
Ecuador,248,2014-08-01,0.2094257469649196
Ecuador,248,2014-09-01,0.6127242319576454
Ecuador,248,2014-10-01,0.2027979217183611
Ecuador,248,2014-11-01,0.1812310848926968
Ecuador,248,2014-12-01,0.11475334284558013
Ecuador,248,2015-01-01,0.5903654786188165
Ecuador,248,2015-02-01,0.6123906623631419
Ecuador,248,2015-03-01,0.41418583758764205
Ecuador,248,2015-04-01,0.8372395166631821
Ecuador,248,2015-05-01,0.17702762316094378
Ecuador,248,2015-06-01,0.4075489749535466
Ecuador,248,2015-07-01,-0.07950186404784061
Ecuador,248,2015-08-01,-0.0013089099233893088
Ecuador,248,2015-09-01,0.2644267624942767
Ecuador,248,2015-10-01,-0.09048158900507125
Ecuador,248,2015-11-01,0.10740929727410145
Ecuador,248,2015-12-01,0.09440524409512534
Ecuador,248,2016-01-01,0.30815675794606795
Ecuador,248,2016-02-01,0.1380436215227859
Ecuador,248,2016-03-01,0.13701561817333438
Ecuador,248,2016-04-01,0.30657602211870905
Ecuador,248,2016-05-01,0.03179955602803845
Ecuador,248,2016-06-01,0.35885721956381694
Ecuador,248,2016-07-01,-0.08520237869175967
Ecuador,248,2016-08-01,-0.1630170877965353
Ecuador,248,2016-09-01,0.1523689466393784
Ecuador,248,2016-10-01,-0.08224803821621118
Ecuador,248,2016-11-01,-0.14524211752577854
Ecuador,248,2016-12-01,0.15878993624663149
Ecuador,248,2017-01-01,0.08780247618018597
Ecuador,248,2017-02-01,0.19823973741372883
Ecuador,248,2017-03-01,0.14022688860717997
Ecuador,248,2017-04-01,0.43535869770964225
Ecuador,248,2017-05-01,0.04711647191858006
Ecuador,248,2017-06-01,-0.5839691061505176
Ecuador,248,2017-07-01,-0.1421127427759275
Ecuador,248,2017-08-01,0.01897533206830742
Ecuador,248,2017-09-01,-0.155962299573144
Ecuador,248,2017-10-01,-0.1445010165961434
Ecuador,248,2017-11-01,-0.27366063493124315
Ecuador,248,2017-12-01,0.1756773427718468
Ecuador,248,2018-01-01,0.19433350135905075
Ecuador,248,2018-02-01,0.15315599659023088
Ecuador,248,2018-03-01,0.06370171522817897
Ecuador,248,2018-04-01,-0.13889520853969844
Ecuador,248,2018-05-01,-0.182594330614777
Ecuador,248,2018-06-01,-0.27422760261258183
Ecuador,248,2018-07-01,-0.004117851098381896
Ecuador,248,2018-08-01,0.2694885294747165
Ecuador,248,2018-09-01,0.3918786383340689
Ecuador,248,2018-10-01,-0.04701405438490367
Ecuador,248,2018-11-01,-0.2528190159703328
Ecuador,248,2018-12-01,0.09917512578965894
Jordan,439,2011-01-01,NA
Jordan,439,2011-02-01,-0.4545719334356196
Jordan,439,2011-03-01,0.30830061113945645
Jordan,439,2011-04-01,0.699784823702276
Jordan,439,2011-05-01,0.07396278300900173
Jordan,439,2011-06-01,0.26543242038474296
Jordan,439,2011-07-01,0.15878010687340538
Jordan,439,2011-08-01,0.6609192917527962
Jordan,439,2011-09-01,0.20998337313471802
Jordan,439,2011-10-01,0.10696236410637143
Jordan,439,2011-11-01,0.2920958112318958
Jordan,439,2011-12-01,0.6893116844307234
Jordan,439,2012-01-01,0.03778167842980743
Jordan,439,2012-02-01,-0.34386237216999227
Jordan,439,2012-03-01,0.7588050781061413
Jordan,439,2012-04-01,1.1889620500122764
Jordan,439,2012-05-01,-0.17204045917009284
Jordan,439,2012-06-01,0.5054041004308444
Jordan,439,2012-07-01,0.8499606893181337
Jordan,439,2012-08-01,0.6929259080453536
Jordan,439,2012-09-01,0.201061349185307
Jordan,439,2012-10-01,0.20773994735675075
Jordan,439,2012-11-01,1.4170060661523585
Jordan,439,2012-12-01,0.5077262298714481
Jordan,439,2013-01-01,0.038756003402703305
Jordan,439,2013-02-01,0.5375756493335732
Jordan,439,2013-03-01,0.3342545513680647
Jordan,439,2013-04-01,-0.04791874953209139
Jordan,439,2013-05-01,-0.8531687804207831
Jordan,439,2013-06-01,0.8397109410415854
Jordan,439,2013-07-01,0.5682794803244325
Jordan,439,2013-08-01,0.4300023489733552
Jordan,439,2013-09-01,0.5089760261120616
Jordan,439,2013-10-01,0.46854024878826134
Jordan,439,2013-11-01,-0.36921226075094843
Jordan,439,2013-12-01,0.6230991701841484
Jordan,439,2014-01-01,0.24285131757832215
Jordan,439,2014-02-01,0.43378575249449364
Jordan,439,2014-03-01,0.4129025628730243
Jordan,439,2014-04-01,0.10531683739082617
Jordan,439,2014-05-01,-0.5700719064100891
Jordan,439,2014-06-01,0.2299530069953217
Jordan,439,2014-07-01,0.5689477287822746
Jordan,439,2014-08-01,0.2886441967302116
Jordan,439,2014-09-01,0.1711117005994156
Jordan,439,2014-10-01,0.03045814120734898
Jordan,439,2014-11-01,-0.4121592475746775
Jordan,439,2014-12-01,0.15635656090311312
Jordan,439,2015-01-01,-1.2431335105039882
Jordan,439,2015-02-01,-1.4302543838408817
Jordan,439,2015-03-01,0.9122261122112167
Jordan,439,2015-04-01,0.2537911126495833
Jordan,439,2015-05-01,0.2850935918090251
Jordan,439,2015-06-01,0.7837318963769576
Jordan,439,2015-07-01,-0.39588963138898015
Jordan,439,2015-08-01,0.17602305919182237
Jordan,439,2015-09-01,-0.2692911597534812
Jordan,439,2015-10-01,0.025255357346111913
Jordan,439,2015-11-01,-0.7418064918124522
Jordan,439,2015-12-01,0.08717794389395508
Jordan,439,2016-01-01,-0.7115484686932634
Jordan,439,2016-02-01,-1.1398335197479759
Jordan,439,2016-03-01,-0.020099832091726215
Jordan,439,2016-04-01,0.7514810145696508
Jordan,439,2016-05-01,-0.10752463307441525
Jordan,439,2016-06-01,0.13956612381254088
Jordan,439,2016-07-01,1.4155800036585682
Jordan,439,2016-08-01,0.03908058416452704
Jordan,439,2016-09-01,-0.4593394441219679
Jordan,439,2016-10-01,0.23461098565936314
Jordan,439,2016-11-01,0.2979125469199132
Jordan,439,2016-12-01,0.42383496861562314
Jordan,439,2017-01-01,0.9548154274115359
Jordan,439,2017-02-01,0.8082669862160056
Jordan,439,2017-03-01,-0.2885289389405072
Jordan,439,2017-04-01,0.02071094093341333
Jordan,439,2017-05-01,0.06321421116070791
Jordan,439,2017-06-01,0.13122752413199543
Jordan,439,2017-07-01,-0.40005544657595377
Jordan,439,2017-08-01,0.4846601601082657
Jordan,439,2017-09-01,0.7313742163097966
Jordan,439,2017-10-01,0.210327724593984
Jordan,439,2017-11-01,0.15059589740520085
Jordan,439,2017-12-01,0.3355289542141799
Jordan,439,2018-01-01,1.051385169710818
Jordan,439,2018-02-01,1.3061555473495292
Jordan,439,2018-03-01,-0.41680897146356977
Jordan,439,2018-04-01,0.8086972939639439
Jordan,439,2018-05-01,0.16465999896619068
Jordan,439,2018-06-01,0.4927129129774311
Jordan,439,2018-07-01,0.3018425419482676
Jordan,439,2018-08-01,0.06715374136058914
Jordan,439,2018-09-01,-0.06845216858429494
Jordan,439,2018-10-01,-0.0249402340380135
Jordan,439,2018-11-01,0.638954951132074
Jordan,439,2018-12-01,-0.4444033801292111
El Salvador,253,2011-01-01,NA
El Salvador,253,2011-02-01,0.1848788556971857
El Salvador,253,2011-03-01,0.6507381507381524
El Salvador,253,2011-04-01,2.9721123226864794
El Salvador,253,2011-05-01,0.4873020335488804
El Salvador,253,2011-06-01,0.055954490347852534
El Salvador,253,2011-07-01,0.260974927765856
El Salvador,253,2011-08-01,0.1115552663382026
El Salvador,253,2011-09-01,-0.2692914848175244
El Salvador,253,2011-10-01,-0.07448789571695764
El Salvador,253,2011-11-01,0.14908684308610773
El Salvador,253,2011-12-01,-0.1767770748046127
El Salvador,253,2012-01-01,0.33553919284183004
El Salvador,253,2012-02-01,0.32512772875057533
El Salvador,253,2012-03-01,0.148148148148145
El Salvador,253,2012-04-01,0.6194526627218951
El Salvador,253,2012-05-01,-0.2756592851235847
El Salvador,253,2012-06-01,-0.5436284898184865
El Salvador,253,2012-07-01,-0.305725403001666
El Salvador,253,2012-08-01,0.17656351640181928
El Salvador,253,2012-09-01,0.4081632653061203
El Salvador,253,2012-10-01,0.08314855875831802
El Salvador,253,2012-11-01,-0.13846579894765204
El Salvador,253,2012-12-01,-0.046219264189324615
El Salvador,253,2013-01-01,0.4254138536946342
El Salvador,253,2013-02-01,0.42361175062159845
El Salvador,253,2013-03-01,0.4493351673544329
El Salvador,253,2013-04-01,-0.6299068833303011
El Salvador,253,2013-05-01,-0.1469912723931985
El Salvador,253,2013-06-01,0.202410525347317
El Salvador,253,2013-07-01,-0.11936461298319298
El Salvador,253,2013-08-01,0.08273579702151444
El Salvador,253,2013-09-01,0.1745200698080258
El Salvador,253,2013-10-01,-0.13753896937466137
El Salvador,253,2013-11-01,0.08263703975760114
El Salvador,253,2013-12-01,-0.018348623853207357
El Salvador,253,2014-01-01,0.48632776656267307
El Salvador,253,2014-02-01,0.1917633092868174
El Salvador,253,2014-03-01,0.2460809332847211
El Salvador,253,2014-04-01,-0.47277025184107285
El Salvador,253,2014-05-01,0.2283730702475564
El Salvador,253,2014-06-01,0.39190667152753084
El Salvador,253,2014-07-01,0.5628688152519203
El Salvador,253,2014-08-01,0.24374830730343075
El Salvador,253,2014-09-01,-0.11707492795389918
El Salvador,253,2014-10-01,0.05409791723018869
El Salvador,253,2014-11-01,-0.5136523384698506
El Salvador,253,2014-12-01,-0.815217391304353
El Salvador,253,2015-01-01,-0.7397260273972623
El Salvador,253,2015-02-01,-0.11960621952341105
El Salvador,253,2015-03-01,0.497420781134849
El Salvador,253,2015-04-01,0.00916590284143457
El Salvador,253,2015-05-01,0.20163138117496
El Salvador,253,2015-06-01,-0.08231958291411635
El Salvador,253,2015-07-01,-0.07323324789454257
El Salvador,253,2015-08-01,-0.3114694027116191
El Salvador,253,2015-09-01,-0.37676897629111983
El Salvador,253,2015-10-01,2.1676967069458617
El Salvador,253,2015-11-01,-0.0631997110870417
El Salvador,253,2015-12-01,-0.07227391814978616
El Salvador,253,2016-01-01,0.053089055403670066
El Salvador,253,2016-02-01,-0.26875822185177106
El Salvador,253,2016-03-01,-0.04855451483966729
El Salvador,253,2016-04-01,-0.2452148021253678
El Salvador,253,2016-05-01,0.0746990763794932
El Salvador,253,2016-06-01,0.09663707977238609
El Salvador,253,2016-07-01,-0.1031321512926198
El Salvador,253,2016-08-01,-0.24382181092347635
El Salvador,253,2016-09-01,-0.31003997658221594
El Salvador,253,2016-10-01,0.254072259107424
El Salvador,253,2016-11-01,-0.008366916923203955
El Salvador,253,2016-12-01,-0.18793759913173916
El Salvador,253,2017-01-01,0.7392966460198598
El Salvador,253,2017-02-01,0.2758882251963525
El Salvador,253,2017-03-01,0.20445577256817338
El Salvador,253,2017-04-01,0.0734899454233917
El Salvador,253,2017-05-01,0.17497195153378078
El Salvador,253,2017-06-01,0.0584906504586945
El Salvador,253,2017-07-01,-0.016454288470440184
El Salvador,253,2017-08-01,-0.1293699705317667
El Salvador,253,2017-09-01,0.10941478439098619
El Salvador,253,2017-10-01,0.1257352423040783
El Salvador,253,2017-11-01,0.2321676027750612
El Salvador,253,2017-12-01,0.1754445173108082
El Salvador,253,2018-01-01,0.13161968698154153
El Salvador,253,2018-02-01,0.07986971529411702
El Salvador,253,2018-03-01,-0.10437061990780425
El Salvador,253,2018-04-01,0.03569892775664784
El Salvador,253,2018-05-01,0.12574876127238702
El Salvador,253,2018-06-01,0.13249934993913118
El Salvador,253,2018-07-01,0.14437999548552946
El Salvador,253,2018-08-01,0.2546783895742549
El Salvador,253,2018-09-01,0.0501183611839935
El Salvador,253,2018-10-01,0.23002788926801943
El Salvador,253,2018-11-01,-0.17701532733806882
El Salvador,253,2018-12-01,-0.46837188508118116
Rwanda,714,2011-01-01,NA
Rwanda,714,2011-02-01,0.1441797154322609
Rwanda,714,2011-03-01,1.677539785661571
Rwanda,714,2011-04-01,3.551934316780244
Rwanda,714,2011-05-01,0.7492822249711245
Rwanda,714,2011-06-01,0.8064059419976112
Rwanda,714,2011-07-01,0.27964248471339315
Rwanda,714,2011-08-01,0.2893680310962474
Rwanda,714,2011-09-01,0.898235277067942
Rwanda,714,2011-10-01,0.7701176473768305
Rwanda,714,2011-11-01,0.578023681502519
Rwanda,714,2011-12-01,-0.8358444772049561
Rwanda,714,2012-01-01,-0.8547622297624436
Rwanda,714,2012-02-01,1.5773494989108934
Rwanda,714,2012-03-01,3.758959844136936
Rwanda,714,2012-04-01,1.556888903748366
Rwanda,714,2012-05-01,1.5490020430301394
Rwanda,714,2012-06-01,-0.5123970635747187
Rwanda,714,2012-07-01,0.8178022547599131
Rwanda,714,2012-08-01,1.1797694804148025
Rwanda,714,2012-09-01,1.1039032568342908
Rwanda,714,2012-10-01,1.2663547316470911
Rwanda,714,2012-11-01,-0.8315704643178247
Rwanda,714,2012-12-01,-1.6974781079912107
Rwanda,714,2013-01-01,-0.4046085885792179
Rwanda,714,2013-02-01,0.06001277350772264
Rwanda,714,2013-03-01,1.2643382247888637
Rwanda,714,2013-04-01,1.667702075810391
Rwanda,714,2013-05-01,0.27566914607925513
Rwanda,714,2013-06-01,-0.43064939073319186
Rwanda,714,2013-07-01,0.6870239064671559
Rwanda,714,2013-08-01,0.8070764227688513
Rwanda,714,2013-09-01,4.043701658799889
Rwanda,714,2013-10-01,1.422783910199414
Rwanda,714,2013-11-01,-0.288198233289099
Rwanda,714,2013-12-01,-3.949633631171998
Rwanda,714,2014-01-01,-1.7610362039746392
Rwanda,714,2014-02-01,1.230928953255479
Rwanda,714,2014-03-01,2.7446396079420055
Rwanda,714,2014-04-01,0.1346910867983615
Rwanda,714,2014-05-01,-0.2878957906099448
Rwanda,714,2014-06-01,-0.1645885096165765
Rwanda,714,2014-07-01,-0.21514632454496357
Rwanda,714,2014-08-01,0.6119719918049399
Rwanda,714,2014-09-01,0.3018381339635584
Rwanda,714,2014-10-01,-0.2885258381357662
Rwanda,714,2014-11-01,-1.3693762668489122
Rwanda,714,2014-12-01,-1.2888804192928685
Rwanda,714,2015-01-01,-0.9760311762022373
Rwanda,714,2015-02-01,1.0844018792482792
Rwanda,714,2015-03-01,1.8514395257331557
Rwanda,714,2015-04-01,2.0370598744841537
Rwanda,714,2015-05-01,0.06415929497207098
Rwanda,714,2015-06-01,-0.7572895015415241
Rwanda,714,2015-07-01,-0.13992767113100318
Rwanda,714,2015-08-01,1.7003127348846594
Rwanda,714,2015-09-01,1.752966001408586
Rwanda,714,2015-10-01,1.4652254074762692
Rwanda,714,2015-11-01,0.5445597600841406
Rwanda,714,2015-12-01,-1.9517336738865496
Rwanda,714,2016-01-01,-1.1655955347293072
Rwanda,714,2016-02-01,0.6660415884890041
Rwanda,714,2016-03-01,1.5674356992210468
Rwanda,714,2016-04-01,0.6814367277500695
Rwanda,714,2016-05-01,0.015479140554973349
Rwanda,714,2016-06-01,1.0288892450302158
Rwanda,714,2016-07-01,1.3051390063374633
Rwanda,714,2016-08-01,1.4147010620539335
Rwanda,714,2016-09-01,1.6922713432678167
Rwanda,714,2016-10-01,3.078954238627139
Rwanda,714,2016-11-01,0.5467003634119638
Rwanda,714,2016-12-01,-0.24434933246752244
Rwanda,714,2017-01-01,-0.31716123208172853
Rwanda,714,2017-02-01,1.9015100092126342
Rwanda,714,2017-03-01,1.1977182065511467
Rwanda,714,2017-04-01,0.6057008129068029
Rwanda,714,2017-05-01,-1.0096888477930397
Rwanda,714,2017-06-01,-1.0418239951830386
Rwanda,714,2017-07-01,0.033597174457681976
Rwanda,714,2017-08-01,0.6313104973442845
Rwanda,714,2017-09-01,1.5315997365180551
Rwanda,714,2017-10-01,1.37395337213988
Rwanda,714,2017-11-01,-2.9984609210893516
Rwanda,714,2017-12-01,-1.9468146626367644
Rwanda,714,2018-01-01,-0.048271774917197564
Rwanda,714,2018-02-01,0.5058975104687268
Rwanda,714,2018-03-01,1.0639211723343414
Rwanda,714,2018-04-01,1.8966087937122005
Rwanda,714,2018-05-01,0.892643561630626
Rwanda,714,2018-06-01,-1.3736530513535103
Rwanda,714,2018-07-01,-0.752687192656635
Rwanda,714,2018-08-01,0.5348093881325678
Rwanda,714,2018-09-01,-0.10955492757828113
Rwanda,714,2018-10-01,-1.0409618379188883
Rwanda,714,2018-11-01,-0.5364885509511976
Rwanda,714,2018-12-01,-0.8480300680070054
British Virgin Islands,371,2011-01-01,NA
British Virgin Islands,371,2011-02-01,NA
British Virgin Islands,371,2011-03-01,NA
British Virgin Islands,371,2011-04-01,NA
British Virgin Islands,371,2011-05-01,NA
British Virgin Islands,371,2011-06-01,NA
British Virgin Islands,371,2011-07-01,NA
British Virgin Islands,371,2011-08-01,NA
British Virgin Islands,371,2011-09-01,NA
British Virgin Islands,371,2011-10-01,NA
British Virgin Islands,371,2011-11-01,NA
British Virgin Islands,371,2011-12-01,NA
British Virgin Islands,371,2012-01-01,NA
British Virgin Islands,371,2012-02-01,NA
British Virgin Islands,371,2012-03-01,NA
British Virgin Islands,371,2012-04-01,NA
British Virgin Islands,371,2012-05-01,NA
British Virgin Islands,371,2012-06-01,NA
British Virgin Islands,371,2012-07-01,NA
British Virgin Islands,371,2012-08-01,NA
British Virgin Islands,371,2012-09-01,NA
British Virgin Islands,371,2012-10-01,NA
British Virgin Islands,371,2012-11-01,NA
British Virgin Islands,371,2012-12-01,NA
British Virgin Islands,371,2013-01-01,NA
British Virgin Islands,371,2013-02-01,NA
British Virgin Islands,371,2013-03-01,NA
British Virgin Islands,371,2013-04-01,NA
British Virgin Islands,371,2013-05-01,NA
British Virgin Islands,371,2013-06-01,NA
British Virgin Islands,371,2013-07-01,NA
British Virgin Islands,371,2013-08-01,NA
British Virgin Islands,371,2013-09-01,NA
British Virgin Islands,371,2013-10-01,NA
British Virgin Islands,371,2013-11-01,NA
British Virgin Islands,371,2013-12-01,NA
British Virgin Islands,371,2014-01-01,NA
British Virgin Islands,371,2014-02-01,NA
British Virgin Islands,371,2014-03-01,NA
British Virgin Islands,371,2014-04-01,NA
British Virgin Islands,371,2014-05-01,NA
British Virgin Islands,371,2014-06-01,NA
British Virgin Islands,371,2014-07-01,NA
British Virgin Islands,371,2014-08-01,NA
British Virgin Islands,371,2014-09-01,NA
British Virgin Islands,371,2014-10-01,NA
British Virgin Islands,371,2014-11-01,NA
British Virgin Islands,371,2014-12-01,NA
British Virgin Islands,371,2015-01-01,NA
British Virgin Islands,371,2015-02-01,-0.2560765408700887
British Virgin Islands,371,2015-03-01,0.37394153022537524
British Virgin Islands,371,2015-04-01,0.05717051626870929
British Virgin Islands,371,2015-05-01,0.04665190444881882
British Virgin Islands,371,2015-06-01,0.18099738802879553
British Virgin Islands,371,2015-07-01,0.1621895044246887
British Virgin Islands,371,2015-08-01,0.015890434622550697
British Virgin Islands,371,2015-09-01,0.039544131360380756
British Virgin Islands,371,2015-10-01,-0.34198534284117077
British Virgin Islands,371,2015-11-01,0.1639192841974161
British Virgin Islands,371,2015-12-01,0.4799827441297178
British Virgin Islands,371,2016-01-01,-0.6968352987600724
British Virgin Islands,371,2016-02-01,0.1698222168857597
British Virgin Islands,371,2016-03-01,0.49066688936468883
British Virgin Islands,371,2016-04-01,-0.440979212581429
British Virgin Islands,371,2016-05-01,0.0715414702066883
British Virgin Islands,371,2016-06-01,1.0726200279533837
British Virgin Islands,371,2016-07-01,0.35582831607834364
British Virgin Islands,371,2016-08-01,-0.006410086221453626
British Virgin Islands,371,2016-09-01,-0.08316264991451734
British Virgin Islands,371,2016-10-01,0.07852423131762357
British Virgin Islands,371,2016-11-01,0.5113758922026458
British Virgin Islands,371,2016-12-01,0.14627273956563186
British Virgin Islands,371,2017-01-01,-0.36823365422503357
British Virgin Islands,371,2017-02-01,-0.08417508417508736
British Virgin Islands,371,2017-03-01,0.14977066367125022
British Virgin Islands,371,2017-04-01,-0.15889335451911554
British Virgin Islands,371,2017-05-01,-0.23403856955626287
British Virgin Islands,371,2017-06-01,NA
British Virgin Islands,371,2017-07-01,NA
British Virgin Islands,371,2017-08-01,NA
British Virgin Islands,371,2017-09-01,NA
British Virgin Islands,371,2017-10-01,NA
British Virgin Islands,371,2017-11-01,NA
British Virgin Islands,371,2017-12-01,NA
British Virgin Islands,371,2018-01-01,NA
British Virgin Islands,371,2018-02-01,NA
British Virgin Islands,371,2018-03-01,NA
British Virgin Islands,371,2018-04-01,NA
British Virgin Islands,371,2018-05-01,NA
British Virgin Islands,371,2018-06-01,NA
British Virgin Islands,371,2018-07-01,NA
British Virgin Islands,371,2018-08-01,NA
British Virgin Islands,371,2018-09-01,NA
British Virgin Islands,371,2018-10-01,NA
British Virgin Islands,371,2018-11-01,NA
British Virgin Islands,371,2018-12-01,NA
Tonga,866,2011-01-01,NA
Tonga,866,2011-02-01,-0.19665683382492077
Tonga,866,2011-03-01,2.2688669950738967
Tonga,866,2011-04-01,1.3634493833987282
Tonga,866,2011-05-01,1.4083114898373168
Tonga,866,2011-06-01,-2.249297094657985
Tonga,866,2011-07-01,1.1505273250240036
Tonga,866,2011-08-01,0.9478672985781686
Tonga,866,2011-09-01,-0.3755868544601051
Tonga,866,2011-10-01,-1.6965127238454214
Tonga,866,2011-11-01,-0.4793863854265797
Tonga,866,2011-12-01,-0.19267822736037313
Tonga,866,2012-01-01,-0.1930501930501394
Tonga,866,2012-02-01,0.5802707930367079
Tonga,866,2012-03-01,1.4423076923077054
Tonga,866,2012-04-01,1.0426540284360206
Tonga,866,2012-05-01,0.4690431519700239
Tonga,866,2012-06-01,-0.3734827264239137
Tonga,866,2012-07-01,-0.468603561387109
Tonga,866,2012-08-01,-0.4708097928436182
Tonga,866,2012-09-01,-0.3784295175023761
Tonga,866,2012-10-01,0.09496676163334342
Tonga,866,2012-11-01,-0.09487666034147126
Tonga,866,2012-12-01,0.8547008547007918
Tonga,866,2013-01-01,-1.088603292866318
Tonga,866,2013-02-01,0.13567605663132673
Tonga,866,2013-03-01,1.0586701614171612
Tonga,866,2013-04-01,0.7525870178739636
Tonga,866,2013-05-01,-0.09337068160600714
Tonga,866,2013-06-01,-0.09345794392526513
Tonga,866,2013-07-01,-0.46772684752097526
Tonga,866,2013-08-01,0.1879699248119777
Tonga,866,2013-09-01,0.18761726078805574
Tonga,866,2013-10-01,0.09363295880141442
Tonga,866,2013-11-01,-0.9354536950420655
Tonga,866,2013-12-01,1.133144475920713
Tonga,866,2014-01-01,2.240896358543367
Tonga,866,2014-02-01,0.5479452054794121
Tonga,866,2014-03-01,1.18074477747507
Tonga,866,2014-04-01,-0.08976660682229237
Tonga,866,2014-05-01,-0.9883198562443706
Tonga,866,2014-06-01,-1.542649727767657
Tonga,866,2014-07-01,-0.09216589861754255
Tonga,866,2014-08-01,0.7380073800738225
Tonga,866,2014-09-01,-1.1904761904762535
Tonga,866,2014-10-01,-0.1853568118627845
Tonga,866,2014-11-01,0.09285051067784002
Tonga,866,2014-12-01,-0.46382189239336297
Tonga,866,2015-01-01,2.1435228331780403
Tonga,866,2015-02-01,-0.7299270072992914
Tonga,866,2015-03-01,-1.7463235294117876
Tonga,866,2015-04-01,2.525724976613704
Tonga,866,2015-05-01,-0.09124087591243948
Tonga,866,2015-06-01,-0.7305936073059577
Tonga,866,2015-07-01,1.2879484820606992
Tonga,866,2015-08-01,-1.7257039055403298
Tonga,866,2015-09-01,-2.125693160813342
Tonga,866,2015-10-01,0.37771482530690437
Tonga,866,2015-11-01,-0.47036688617125627
Tonga,866,2015-12-01,0.28355387523627423
Tonga,866,2016-01-01,1.8850141376060885
Tonga,866,2016-02-01,0.37002775208141697
Tonga,866,2016-03-01,-0.09216589861754255
Tonga,866,2016-04-01,0.18450184501851236
Tonga,866,2016-05-01,-0.18416206261516324
Tonga,866,2016-06-01,0.46125461254616745
Tonga,866,2016-07-01,2.846648301193681
Tonga,866,2016-08-01,1.5178571428572156
Tonga,866,2016-09-01,-0.26385224274404395
Tonga,866,2016-10-01,-0.5291005291005987
Tonga,866,2016-11-01,0.08865248226953344
Tonga,866,2016-12-01,0.2657218777679168
Tonga,866,2017-01-01,0.618374558303878
Tonga,866,2017-02-01,3.687445127304708
Tonga,866,2017-03-01,0.4233700254021209
Tonga,866,2017-04-01,0.5059021922429
Tonga,866,2017-05-01,0.3355704697986675
Tonga,866,2017-06-01,0.7525083612039581
Tonga,866,2017-07-01,-0.2489626556016416
Tonga,866,2017-08-01,-0.1663893510814845
Tonga,866,2017-09-01,-0.08333333333336138
Tonga,866,2017-10-01,-0.16680567139288355
Tonga,866,2017-11-01,-0.4974176866968828
Tonga,866,2017-12-01,0.7430997876857806
Tonga,866,2018-01-01,0.8429926238144915
Tonga,866,2018-02-01,1.0449320794148524
Tonga,866,2018-03-01,1.7580144777664077
Tonga,866,2018-04-01,0.20325203251979373
Tonga,866,2018-05-01,-0.6085192697762752
Tonga,866,2018-06-01,0
Tonga,866,2018-07-01,2.551020408163033
Tonga,866,2018-08-01,0.09950248756241313
Tonga,866,2018-09-01,-0.5964214711733368
Tonga,866,2018-10-01,0.7000000000006045
Tonga,866,2018-11-01,-0.3972194637546167
Tonga,866,2018-12-01,-0.8973080757717825
"North Macedonia, Republic of",962,2011-01-01,NA
"North Macedonia, Republic of",962,2011-02-01,0.9389660287645907
"North Macedonia, Republic of",962,2011-03-01,1.7352362598133373
"North Macedonia, Republic of",962,2011-04-01,0.31404084261093745
"North Macedonia, Republic of",962,2011-05-01,-0.1954506051902588
"North Macedonia, Republic of",962,2011-06-01,-0.6369121110568458
"North Macedonia, Republic of",962,2011-07-01,-0.7825538570973656
"North Macedonia, Republic of",962,2011-08-01,-0.10068616090765647
"North Macedonia, Republic of",962,2011-09-01,-0.1149514266447052
"North Macedonia, Republic of",962,2011-10-01,0.26929126781902607
"North Macedonia, Republic of",962,2011-11-01,0.5956823276272734
"North Macedonia, Republic of",962,2011-12-01,-0.09228453969244232
"North Macedonia, Republic of",962,2012-01-01,1.2412592647541982
"North Macedonia, Republic of",962,2012-02-01,0.5168799706330958
"North Macedonia, Republic of",962,2012-03-01,0.441349548842551
"North Macedonia, Republic of",962,2012-04-01,1.093643198906529
"North Macedonia, Republic of",962,2012-05-01,-0.2897710808460401
"North Macedonia, Republic of",962,2012-06-01,-0.46498111014207316
"North Macedonia, Republic of",962,2012-07-01,-0.9343065693433499
"North Macedonia, Republic of",962,2012-08-01,1.4452980481172006
"North Macedonia, Republic of",962,2012-09-01,1.3643377583835552
"North Macedonia, Republic of",962,2012-10-01,0.20063055316667122
"North Macedonia, Republic of",962,2012-11-01,0.04221471696745468
"North Macedonia, Republic of",962,2012-12-01,0.025971436310540493
"North Macedonia, Republic of",962,2013-01-01,0.3121292334148874
"North Macedonia, Republic of",962,2013-02-01,0.22854008593107233
"North Macedonia, Republic of",962,2013-03-01,0.06384531192994636
"North Macedonia, Republic of",962,2013-04-01,1.3125512715340553
"North Macedonia, Republic of",962,2013-05-01,-0.1979307242465127
"North Macedonia, Republic of",962,2013-06-01,0.25241143063191823
"North Macedonia, Republic of",962,2013-07-01,-1.1239996403201151
"North Macedonia, Republic of",962,2013-08-01,0.30920334667152005
"North Macedonia, Republic of",962,2013-09-01,0.217588395285593
"North Macedonia, Republic of",962,2013-10-01,-0.09951148905373568
"North Macedonia, Republic of",962,2013-11-01,-0.14488816444807642
"North Macedonia, Republic of",962,2013-12-01,0.2539221909857633
"North Macedonia, Republic of",962,2014-01-01,-0.12663952962460476
"North Macedonia, Republic of",962,2014-02-01,-0.12680010868580796
"North Macedonia, Republic of",962,2014-03-01,-0.29926543937607536
"North Macedonia, Republic of",962,2014-04-01,0.03638348189922344
"North Macedonia, Republic of",962,2014-05-01,0.2636843062374905
"North Macedonia, Republic of",962,2014-06-01,-0.23578489162962812
"North Macedonia, Republic of",962,2014-07-01,0.19089173711480206
"North Macedonia, Republic of",962,2014-08-01,-0.4899292324441953
"North Macedonia, Republic of",962,2014-09-01,0.04558716265499376
"North Macedonia, Republic of",962,2014-10-01,0.24605850724505243
"North Macedonia, Republic of",962,2014-11-01,-0.05454545454545661
"North Macedonia, Republic of",962,2014-12-01,-0.03638348189921052
"North Macedonia, Republic of",962,2015-01-01,-0.7643312101910859
"North Macedonia, Republic of",962,2015-02-01,0.03667705849990101
"North Macedonia, Republic of",962,2015-03-01,0.4491292392300725
"North Macedonia, Republic of",962,2015-04-01,0.3832466465918438
"North Macedonia, Republic of",962,2015-05-01,0.463594218707382
"North Macedonia, Republic of",962,2015-06-01,0.02714440825190114
"North Macedonia, Republic of",962,2015-07-01,-0.7146087743102597
"North Macedonia, Republic of",962,2015-08-01,-0.045553935860068666
"North Macedonia, Republic of",962,2015-09-01,-0.22787348464132717
"North Macedonia, Republic of",962,2015-10-01,0.01827151470857869
"North Macedonia, Republic of",962,2015-11-01,0.10960906101570181
"North Macedonia, Republic of",962,2015-12-01,-0.045620437956201784
"North Macedonia, Republic of",962,2016-01-01,-0.26471930625284534
"North Macedonia, Republic of",962,2016-02-01,-0.11898224418818383
"North Macedonia, Republic of",962,2016-03-01,0.10079721433153069
"North Macedonia, Republic of",962,2016-04-01,0.054924935920910176
"North Macedonia, Republic of",962,2016-05-01,0.5032021957913972
"North Macedonia, Republic of",962,2016-06-01,0
"North Macedonia, Republic of",962,2016-07-01,-0.32771961766044555
"North Macedonia, Republic of",962,2016-08-01,-0.10959905014155662
"North Macedonia, Republic of",962,2016-09-01,0.19200877754411058
"North Macedonia, Republic of",962,2016-10-01,0.01825150574922068
"North Macedonia, Republic of",962,2016-11-01,-0.2372262773722545
"North Macedonia, Republic of",962,2016-12-01,-0.10060362173038176
"North Macedonia, Republic of",962,2017-01-01,0.6500045774970189
"North Macedonia, Republic of",962,2017-02-01,-0.5002728761142415
"North Macedonia, Republic of",962,2017-03-01,0.44793856842489704
"North Macedonia, Republic of",962,2017-04-01,0.44594102657445317
"North Macedonia, Republic of",962,2017-05-01,0.7338950801848348
"North Macedonia, Republic of",962,2017-06-01,0.2968159740960589
"North Macedonia, Republic of",962,2017-07-01,-0.564971751412438
"North Macedonia, Republic of",962,2017-08-01,0.4148629148629221
"North Macedonia, Republic of",962,2017-09-01,-0.053888988683314425
"North Macedonia, Republic of",962,2017-10-01,0.26060388209920204
"North Macedonia, Republic of",962,2017-11-01,0.17029667473336196
"North Macedonia, Republic of",962,2017-12-01,0.11632068718682484
"North Macedonia, Republic of",962,2018-01-01,-0.3932433640182301
"North Macedonia, Republic of",962,2018-02-01,0.15253476895468973
"North Macedonia, Republic of",962,2018-03-01,0.026876903780685486
"North Macedonia, Republic of",962,2018-04-01,0.2597402597402526
"North Macedonia, Republic of",962,2018-05-01,0.9737359299624829
"North Macedonia, Republic of",962,2018-06-01,-0.017694417411303214
"North Macedonia, Republic of",962,2018-07-01,-0.30085833112114274
"North Macedonia, Republic of",962,2018-08-01,0.28401526582053177
"North Macedonia, Republic of",962,2018-09-01,-0.0796530666430562
"North Macedonia, Republic of",962,2018-10-01,0.3011514614703181
"North Macedonia, Republic of",962,2018-11-01,-0.1501236312257168
"North Macedonia, Republic of",962,2018-12-01,-0.21225789334040407
Dominica,321,2011-01-01,NA
Dominica,321,2011-02-01,-0.6520866773675819
Dominica,321,2011-03-01,1.3228314652125641
Dominica,321,2011-04-01,0.30894957145704827
Dominica,321,2011-05-01,0.596125186289115
Dominica,321,2011-06-01,0.5333333333333394
Dominica,321,2011-07-01,-0.1277139208173786
Dominica,321,2011-08-01,-0.38363171355498776
Dominica,321,2011-09-01,0.286363187518521
Dominica,321,2011-10-01,0.19692792437967982
Dominica,321,2011-11-01,-0.14740566037736408
Dominica,321,2011-12-01,-0.5019191024505513
Dominica,321,2012-01-01,1.1275964391691402
Dominica,321,2012-02-01,-0.6259780907668238
Dominica,321,2012-03-01,0.4921259842519685
Dominica,321,2012-04-01,0.14691478942214073
Dominica,321,2012-05-01,-0.23471882640586297
Dominica,321,2012-06-01,0.6175865111263557
Dominica,321,2012-07-01,-0.44816835541698535
Dominica,321,2012-08-01,0.04893325504012248
Dominica,321,2012-09-01,0.11738237308029965
Dominica,321,2012-10-01,0.6546165119687365
Dominica,321,2012-11-01,0.11648223645894444
Dominica,321,2012-12-01,-0.7368625169672339
Dominica,321,2013-01-01,0.11721039265481985
Dominica,321,2013-02-01,-0.6634146341463482
Dominica,321,2013-03-01,0.8839127872716614
Dominica,321,2013-04-01,-1.0708722741432966
Dominica,321,2013-05-01,-0.05904349537492844
Dominica,321,2013-06-01,-0.029539188656952677
Dominica,321,2013-07-01,0.6894513936767486
Dominica,321,2013-08-01,0.8901496625256741
Dominica,321,2013-09-01,-0.5041690905565213
Dominica,321,2013-10-01,0.46774507893197204
Dominica,321,2013-11-01,-0.2909796314257974
Dominica,321,2013-12-01,-0.8463035019455158
Dominica,321,2014-01-01,0.313940939860682
Dominica,321,2014-02-01,-0.5867970660146644
Dominica,321,2014-03-01,1.515002459419569
Dominica,321,2014-04-01,-0.5233065219497937
Dominica,321,2014-05-01,0.5955487579152365
Dominica,321,2014-06-01,0.23115739275365488
Dominica,321,2014-07-01,0.2318579105298127
Dominica,321,2014-08-01,0.06747638326586408
Dominica,321,2014-09-01,-0.28898950004816215
Dominica,321,2014-10-01,0.30914887450487216
Dominica,321,2014-11-01,-0.23114706732157841
Dominica,321,2014-12-01,-1.1487595327734315
Dominica,321,2015-01-01,-0.498046875000005
Dominica,321,2015-02-01,-1.1581116890764618
Dominica,321,2015-03-01,1.1716810644424653
Dominica,321,2015-04-01,-0.039258023358530035
Dominica,321,2015-05-01,1.1585665193912684
Dominica,321,2015-06-01,-0.2523536833931914
Dominica,321,2015-07-01,-0.048652330446625626
Dominica,321,2015-08-01,0.04867601246105643
Dominica,321,2015-09-01,-0.7978982193246991
Dominica,321,2015-10-01,1.0887690044139278
Dominica,321,2015-11-01,-0.47545119347953535
Dominica,321,2015-12-01,-0.8189529102076525
Dominica,321,2016-01-01,-0.07863953602673576
Dominica,321,2016-02-01,-0.5705853418593335
Dominica,321,2016-03-01,0.24735331948154746
Dominica,321,2016-04-01,0.315831030398744
Dominica,321,2016-05-01,1.072412436048803
Dominica,321,2016-06-01,-0.17521658717025876
Dominica,321,2016-07-01,0.565577766942953
Dominica,321,2016-08-01,-0.20362649083680187
Dominica,321,2016-09-01,-0.14574426739215476
Dominica,321,2016-10-01,0.6519412279848221
Dominica,321,2016-11-01,-0.425367362722349
Dominica,321,2016-12-01,-0.5242718446602003
Dominica,321,2017-01-01,-0.28303728284207696
Dominica,321,2017-02-01,-0.5481060976803389
Dominica,321,2017-03-01,0.728274776104709
Dominica,321,2017-04-01,0.01954079140206178
Dominica,321,2017-05-01,0.19536973722769232
Dominica,321,2017-06-01,0.1267427122940525
Dominica,321,2017-07-01,0.29211295034079565
Dominica,321,2017-08-01,0.04854368932038559
Dominica,321,2017-09-01,-1.0771470160116443
Dominica,321,2017-10-01,2.452422993917991
Dominica,321,2017-11-01,0.7085407889697521
Dominica,321,2017-12-01,-4.031184635862339
Dominica,321,2018-01-01,2.4569050921339453
Dominica,321,2018-02-01,-1.111970605298787
Dominica,321,2018-03-01,-0.1955607705094386
Dominica,321,2018-04-01,0.5976290780836815
Dominica,321,2018-05-01,-0.029216984807169007
Dominica,321,2018-06-01,0.7890891378470414
Dominica,321,2018-07-01,0.4542818480572328
Dominica,321,2018-08-01,-0.04810930433947019
Dominica,321,2018-09-01,0.7219869079707355
Dominica,321,2018-10-01,0.6785816687374635
Dominica,321,2018-11-01,-0.11391684070628871
Dominica,321,2018-12-01,-0.24710131153773532
Grenada,328,2011-01-01,NA
Grenada,328,2011-02-01,0.2012265235722439
Grenada,328,2011-03-01,1.051926938892616
Grenada,328,2011-04-01,0.255512444402381
Grenada,328,2011-05-01,0.41532943175382075
Grenada,328,2011-06-01,1.15623237450649
Grenada,328,2011-07-01,-0.018585633305451186
Grenada,328,2011-08-01,0.1951854261548413
Grenada,328,2011-09-01,-0.17625231910945988
Grenada,328,2011-10-01,-0.037171266610915576
Grenada,328,2011-11-01,0.06507390536395592
Grenada,328,2011-12-01,0.11148272017837658
Grenada,328,2012-01-01,0.1670378619153606
Grenada,328,2012-02-01,0.2779321845469679
Grenada,328,2012-03-01,1.3950480413895097
Grenada,328,2012-04-01,0.1366742596810986
Grenada,328,2012-05-01,-0.07279344858963831
Grenada,328,2012-06-01,-0.5918776179202253
Grenada,328,2012-07-01,-0.22900064120179534
Grenada,328,2012-08-01,0.22034520749173234
Grenada,328,2012-09-01,0.3939171857823441
Grenada,328,2012-10-01,0.09124920156948108
Grenada,328,2012-11-01,-0.19144862795149398
Grenada,328,2012-12-01,0.21008403361343606
Grenada,328,2013-01-01,0.08203445447088088
Grenada,328,2013-02-01,-0.024590163934427162
Grenada,328,2013-03-01,-0.011842620680851412
Grenada,328,2013-04-01,-0.009110787172016322
Grenada,328,2013-05-01,-0.09111617312072375
Grenada,328,2013-06-01,0.27359781121750765
Grenada,328,2013-07-01,-0.03638017280582651
Grenada,328,2013-08-01,0.11827859157493373
Grenada,328,2013-09-01,-1.8266085059978237
Grenada,328,2013-10-01,-0.09256687957048441
Grenada,328,2013-11-01,-0.07412211618642871
Grenada,328,2013-12-01,0.4636068613815485
Grenada,328,2014-01-01,0.018458698661753793
Grenada,328,2014-02-01,-0.027682938082496205
Grenada,328,2014-03-01,-0.4245892560457891
Grenada,328,2014-04-01,0.07415647015201919
Grenada,328,2014-05-01,0.12041496850686334
Grenada,328,2014-06-01,0.37931353501711224
Grenada,328,2014-07-01,0.2119815668202802
Grenada,328,2014-08-01,-0.08277384346546805
Grenada,328,2014-09-01,-0.43262150220913004
Grenada,328,2014-10-01,-0.1941388555052306
Grenada,328,2014-11-01,-0.3427195257502689
Grenada,328,2014-12-01,0.07435635282089255
Grenada,328,2015-01-01,-0.7151481378285465
Grenada,328,2015-02-01,-0.16838166510758354
Grenada,328,2015-03-01,0.10307346326836528
Grenada,328,2015-04-01,0.38378732565758367
Grenada,328,2015-05-01,0.2331219694143976
Grenada,328,2015-06-01,-0.28839892082983354
Grenada,328,2015-07-01,0.06531069229333193
Grenada,328,2015-08-01,-0.4568764568764521
Grenada,328,2015-09-01,1.9201948295241638
Grenada,328,2015-10-01,-0.1286646447936776
Grenada,328,2015-11-01,-0.16563909082544107
Grenada,328,2015-12-01,0.350262697022776
Grenada,328,2016-01-01,-0.19289060347203818
Grenada,328,2016-02-01,-0.4233388551444816
Grenada,328,2016-03-01,0.30499075785582097
Grenada,328,2016-04-01,0.23956509720814992
Grenada,328,2016-05-01,0.1378803198823343
Grenada,328,2016-06-01,1.0831650449788937
Grenada,328,2016-07-01,-0.09989102796948732
Grenada,328,2016-08-01,-0.06363057903827597
Grenada,328,2016-09-01,-0.09095870474803923
Grenada,328,2016-10-01,-0.05462490895848714
Grenada,328,2016-11-01,0.05465476407360382
Grenada,328,2016-12-01,0.02731245447924357
Grenada,328,2017-01-01,0.2002366433057239
Grenada,328,2017-02-01,-0.018166954310119204
Grenada,328,2017-03-01,0.09085127646044203
Grenada,328,2017-04-01,-0.09681782699464221
Grenada,328,2017-05-01,0.015329082911546487
Grenada,328,2017-06-01,0.39965903952351584
Grenada,328,2017-07-01,0.06319842861600995
Grenada,328,2017-08-01,0.12659372456822549
Grenada,328,2017-09-01,-0.18965050121918897
Grenada,328,2017-10-01,-0.03619254433585961
Grenada,328,2017-11-01,0.17197682838522602
Grenada,328,2017-12-01,-0.18975332068311915
Grenada,328,2018-01-01,0.11768966141590591
Grenada,328,2018-02-01,0.1446785423636826
Grenada,328,2018-03-01,-0.17155756207674738
Grenada,328,2018-04-01,0.17185238784370271
Grenada,328,2018-05-01,0.15349887133183
Grenada,328,2018-06-01,0.3790810494049718
Grenada,328,2018-07-01,-0.04635151701304118
Grenada,328,2018-08-01,0.05493029151441051
Grenada,328,2018-09-01,0.4400538841490877
Grenada,328,2018-10-01,0.055311784692414954
Grenada,328,2018-11-01,-0.09784296643067991
Grenada,328,2018-12-01,0.19467106291651604
St. Kitts and Nevis,361,2011-01-01,NA
St. Kitts and Nevis,361,2011-02-01,0.27312111508757964
St. Kitts and Nevis,361,2011-03-01,0.43204658589274725
St. Kitts and Nevis,361,2011-04-01,0.8790797718133337
St. Kitts and Nevis,361,2011-05-01,0.12051543524612537
St. Kitts and Nevis,361,2011-06-01,-0.45370370370369895
St. Kitts and Nevis,361,2011-07-01,0.15812482559762042
St. Kitts and Nevis,361,2011-08-01,0.7429420505200567
St. Kitts and Nevis,361,2011-09-01,-0.9863569321533991
St. Kitts and Nevis,361,2011-10-01,-0.3165440834186793
St. Kitts and Nevis,361,2011-11-01,0.8592509573176443
St. Kitts and Nevis,361,2011-12-01,0.6667284007778488
St. Kitts and Nevis,361,2012-01-01,-0.4231441449728579
St. Kitts and Nevis,361,2012-02-01,-0.22170900692840173
St. Kitts and Nevis,361,2012-03-01,0.35181927599295937
St. Kitts and Nevis,361,2012-04-01,-0.17529292370144636
St. Kitts and Nevis,361,2012-05-01,-0.10166358595194032
St. Kitts and Nevis,361,2012-06-01,-0.1757794430567099
St. Kitts and Nevis,361,2012-07-01,0.32437442075995765
St. Kitts and Nevis,361,2012-08-01,0.05542725173210372
St. Kitts and Nevis,361,2012-09-01,0.3600775551657285
St. Kitts and Nevis,361,2012-10-01,-0.09199632014720195
St. Kitts and Nevis,361,2012-11-01,0.24861878453039618
St. Kitts and Nevis,361,2012-12-01,0.35822540644805784
St. Kitts and Nevis,361,2013-01-01,0.42101409481969043
St. Kitts and Nevis,361,2013-02-01,-0.8111556689755748
St. Kitts and Nevis,361,2013-03-01,0.036754571349817376
St. Kitts and Nevis,361,2013-04-01,0.6337834114080992
St. Kitts and Nevis,361,2013-05-01,-0.009127418765977651
St. Kitts and Nevis,361,2013-06-01,-0.26471930625284534
St. Kitts and Nevis,361,2013-07-01,0.09152480322166787
St. Kitts and Nevis,361,2013-08-01,0.3566203365032924
St. Kitts and Nevis,361,2013-09-01,0.4009111617312052
St. Kitts and Nevis,361,2013-10-01,-0.19057990743261072
St. Kitts and Nevis,361,2013-11-01,0.22731405710129113
St. Kitts and Nevis,361,2013-12-01,-0.2721582146421094
St. Kitts and Nevis,361,2014-01-01,-0.44573819703448475
St. Kitts and Nevis,361,2014-02-01,0.35635964912280754
St. Kitts and Nevis,361,2014-03-01,-0.5280888646089396
St. Kitts and Nevis,361,2014-04-01,-0.18306636155606668
St. Kitts and Nevis,361,2014-05-01,2.063273727647868
St. Kitts and Nevis,361,2014-06-01,-1.5992812219227326
St. Kitts and Nevis,361,2014-07-01,0.4474068663257936
St. Kitts and Nevis,361,2014-08-01,-0.15453140623579828
St. Kitts and Nevis,361,2014-09-01,0.3004369992716663
St. Kitts and Nevis,361,2014-10-01,0.33584460379414044
St. Kitts and Nevis,361,2014-11-01,-0.2985344671612199
St. Kitts and Nevis,361,2014-12-01,-0.7984756374194678
St. Kitts and Nevis,361,2015-01-01,-0.2469587487423361
St. Kitts and Nevis,361,2015-02-01,-0.641848523748398
St. Kitts and Nevis,361,2015-03-01,-0.12919896640826925
St. Kitts and Nevis,361,2015-04-01,-0.5544261689151676
St. Kitts and Nevis,361,2015-05-01,-0.5110574242705922
St. Kitts and Nevis,361,2015-06-01,0.2615111609227619
St. Kitts and Nevis,361,2015-07-01,-0.1397298556124746
St. Kitts and Nevis,361,2015-08-01,-0.2611940298507473
St. Kitts and Nevis,361,2015-09-01,0.018705574261126096
St. Kitts and Nevis,361,2015-10-01,-0.776136151112772
St. Kitts and Nevis,361,2015-11-01,0.4429365752520958
St. Kitts and Nevis,361,2015-12-01,0.1219741039594628
St. Kitts and Nevis,361,2016-01-01,-0.646612313747538
St. Kitts and Nevis,361,2016-02-01,-0.018864365214106792
St. Kitts and Nevis,361,2016-03-01,0.2358490566037736
St. Kitts and Nevis,361,2016-04-01,0.01882352941176096
St. Kitts and Nevis,361,2016-05-01,0.31052978262915054
St. Kitts and Nevis,361,2016-06-01,0.07504690431520873
St. Kitts and Nevis,361,2016-07-01,-0.5436820397450436
St. Kitts and Nevis,361,2016-08-01,1.3100848256361928
St. Kitts and Nevis,361,2016-09-01,-0.09303190994510589
St. Kitts and Nevis,361,2016-10-01,-0.04655926995064452
St. Kitts and Nevis,361,2016-11-01,-0.8664058133035277
St. Kitts and Nevis,361,2016-12-01,0.3101212292077796
St. Kitts and Nevis,361,2017-01-01,0.06557991380926306
St. Kitts and Nevis,361,2017-02-01,-0.20597322348094643
St. Kitts and Nevis,361,2017-03-01,0.1594896331738453
St. Kitts and Nevis,361,2017-04-01,0.1311352566504314
St. Kitts and Nevis,361,2017-05-01,0.2619270346117878
St. Kitts and Nevis,361,2017-06-01,-0.08397089009143816
St. Kitts and Nevis,361,2017-07-01,0.22411056121019224
St. Kitts and Nevis,361,2017-08-01,0.6335600484487159
St. Kitts and Nevis,361,2017-09-01,-0.03703360799926511
St. Kitts and Nevis,361,2017-10-01,-0.37973511160507234
St. Kitts and Nevis,361,2017-11-01,0.8088508739308334
St. Kitts and Nevis,361,2017-12-01,-0.8115835100986901
St. Kitts and Nevis,361,2018-01-01,-1.3575081357508079
St. Kitts and Nevis,361,2018-02-01,0.07540767273069875
St. Kitts and Nevis,361,2018-03-01,0.461523970989917
St. Kitts and Nevis,361,2018-04-01,-0.6281642602662683
St. Kitts and Nevis,361,2018-05-01,0.20756675158033672
St. Kitts and Nevis,361,2018-06-01,-0.00941530929290171
St. Kitts and Nevis,361,2018-07-01,0.07532956685498898
St. Kitts and Nevis,361,2018-08-01,0.028227324049681157
St. Kitts and Nevis,361,2018-09-01,-0.5173549054651464
St. Kitts and Nevis,361,2018-10-01,-0.009455370650534338
St. Kitts and Nevis,361,2018-11-01,0.8605200945626446
St. Kitts and Nevis,361,2018-12-01,0.07500468779298547
St. Lucia,362,2011-01-01,NA
St. Lucia,362,2011-02-01,-0.6082725060827339
St. Lucia,362,2011-03-01,0.8285472177761625
St. Lucia,362,2011-04-01,0.2054346811092816
St. Lucia,362,2011-05-01,1.0157487652595436
St. Lucia,362,2011-06-01,0.4704797047970348
St. Lucia,362,2011-07-01,0.651914424754411
St. Lucia,362,2011-08-01,-0.4105090311986556
St. Lucia,362,2011-09-01,-0.24732069249800417
St. Lucia,362,2011-10-01,0.8080808080808805
St. Lucia,362,2011-11-01,0.22772818363995206
St. Lucia,362,2011-12-01,0.5271289648277869
St. Lucia,362,2012-01-01,0.7503842328903818
St. Lucia,362,2012-02-01,-0.29612347451548626
St. Lucia,362,2012-03-01,0.22500225002254873
St. Lucia,362,2012-04-01,0.026939655172407852
St. Lucia,362,2012-05-01,-0.008977466558930199
St. Lucia,362,2012-06-01,0.879870712874815
St. Lucia,362,2012-07-01,-0.10679957280172887
St. Lucia,362,2012-08-01,0.22273699215970585
St. Lucia,362,2012-09-01,-0.20446261889950462
St. Lucia,362,2012-10-01,4.863709246391917
St. Lucia,362,2012-11-01,-0.25484199796034845
St. Lucia,362,2012-12-01,-1.0815874638056604
St. Lucia,362,2013-01-01,0.043047783038690494
St. Lucia,362,2013-02-01,-0.6480884861983831
St. Lucia,362,2013-03-01,-0.3103061737366838
St. Lucia,362,2013-04-01,0.0028476340396193095
St. Lucia,362,2013-05-01,0.11931756251105212
St. Lucia,362,2013-06-01,0.00626792470090189
St. Lucia,362,2013-07-01,-0.4672348736764685
St. Lucia,362,2013-08-01,-1.5178744580115067
St. Lucia,362,2013-09-01,0.704353284414253
St. Lucia,362,2013-10-01,-0.14016630255879364
St. Lucia,362,2013-11-01,0.9528005722802333
St. Lucia,362,2013-12-01,0.5296442211499794
St. Lucia,362,2014-01-01,-0.21674147513512035
St. Lucia,362,2014-02-01,3.451365014455507
St. Lucia,362,2014-03-01,0.31884797086716166
St. Lucia,362,2014-04-01,-0.39253867808194626
St. Lucia,362,2014-05-01,-0.7103789918549718
St. Lucia,362,2014-06-01,0.0718266432313755
St. Lucia,362,2014-07-01,-0.0698750062314561
St. Lucia,362,2014-08-01,2.4009663495546927
St. Lucia,362,2014-09-01,-0.749183886087941
St. Lucia,362,2014-10-01,-0.42626555009176786
St. Lucia,362,2014-11-01,-0.2819514052647965
St. Lucia,362,2014-12-01,0.3030297095594781
St. Lucia,362,2015-01-01,-0.1490237752921285
St. Lucia,362,2015-02-01,-0.6850908235239417
St. Lucia,362,2015-03-01,-0.24417669489221813
St. Lucia,362,2015-04-01,0.16864268028998358
St. Lucia,362,2015-05-01,-0.22450648985594326
St. Lucia,362,2015-06-01,0.14078587227255587
St. Lucia,362,2015-07-01,-0.45728192236983833
St. Lucia,362,2015-08-01,0.06658529234176362
St. Lucia,362,2015-09-01,-0.458290835964159
St. Lucia,362,2015-10-01,-1.2846325333753017
St. Lucia,362,2015-11-01,-0.2991064789706069
St. Lucia,362,2015-12-01,0.8047783031695325
St. Lucia,362,2016-01-01,-0.9610230128634832
St. Lucia,362,2016-02-01,0.2265375801881238
St. Lucia,362,2016-03-01,-1.4113466681246418
St. Lucia,362,2016-04-01,0.5479353906534027
St. Lucia,362,2016-05-01,-0.9259537488007434
St. Lucia,362,2016-06-01,-0.14166145151839613
St. Lucia,362,2016-07-01,0.39974114537167293
St. Lucia,362,2016-08-01,0.8522101278530867
St. Lucia,362,2016-09-01,-0.4862118986161663
St. Lucia,362,2016-10-01,-0.7046706191016638
St. Lucia,362,2016-11-01,-0.34870106705566695
St. Lucia,362,2016-12-01,0.10813141065572401
St. Lucia,362,2017-01-01,1.344742089702646
St. Lucia,362,2017-02-01,-1.0732560072515016
St. Lucia,362,2017-03-01,0.10831348142049768
St. Lucia,362,2017-04-01,1.1000671786314449
St. Lucia,362,2017-05-01,-0.27385183264043456
St. Lucia,362,2017-06-01,0.03659389151991239
St. Lucia,362,2017-07-01,-1.4438195115820758
St. Lucia,362,2017-08-01,-0.3093474708027409
St. Lucia,362,2017-09-01,1.479471202510761
St. Lucia,362,2017-10-01,0.09201799133542064
St. Lucia,362,2017-11-01,0.9208511097406984
St. Lucia,362,2017-12-01,0.027656640204996044
St. Lucia,362,2018-01-01,-0.33884791708192485
St. Lucia,362,2018-02-01,0.7546549999999996
St. Lucia,362,2018-03-01,-0.13431022120019642
St. Lucia,362,2018-04-01,-0.151454097520378
St. Lucia,362,2018-05-01,0.6337591308183812
St. Lucia,362,2018-06-01,0.3404012362262971
St. Lucia,362,2018-07-01,0.11243238637067045
St. Lucia,362,2018-08-01,0.01769325335757603
St. Lucia,362,2018-09-01,-0.1673039561448296
St. Lucia,362,2018-10-01,0.4159433221717394
St. Lucia,362,2018-11-01,0.03849135160321156
St. Lucia,362,2018-12-01,0.02456393279185184
Philippines,566,2011-01-01,NA
Philippines,566,2011-02-01,1.2175324675323977
Philippines,566,2011-03-01,0.3207698476343668
Philippines,566,2011-04-01,0.3996802557953755
Philippines,566,2011-05-01,0.15923566878984813
Philippines,566,2011-06-01,0.5564387917328223
Philippines,566,2011-07-01,0
Philippines,566,2011-08-01,0.15810276679845797
Philippines,566,2011-09-01,0.07892659826356585
Philippines,566,2011-10-01,0.39432176656152607
Philippines,566,2011-11-01,0.3927729772191791
Philippines,566,2011-12-01,-0.15649452269174438
Philippines,566,2012-01-01,0.3918495297805931
Philippines,566,2012-02-01,0.10141987829613475
Philippines,566,2012-03-01,0.20263424518743106
Philippines,566,2012-04-01,0.7077856420627965
Philippines,566,2012-05-01,-0.1004016064258088
Philippines,566,2012-06-01,0.4020100502513625
Philippines,566,2012-07-01,0.3003003003001831
Philippines,566,2012-08-01,0.7984031936128856
Philippines,566,2012-09-01,0
Philippines,566,2012-10-01,0
Philippines,566,2012-11-01,0
Philippines,566,2012-12-01,-0.09900990099010443
Philippines,566,2013-01-01,0.49554013875123293
Philippines,566,2013-02-01,0.1972386587771147
Philippines,566,2013-03-01,0
Philippines,566,2013-04-01,0.19685039370078175
Philippines,566,2013-05-01,0
Philippines,566,2013-06-01,0.5893909626719053
Philippines,566,2013-07-01,0.19531249999999442
Philippines,566,2013-08-01,0.19493177387913677
Philippines,566,2013-09-01,0.4863813229571927
Philippines,566,2013-10-01,0.09680542110358713
Philippines,566,2013-11-01,0.4835589941972864
Philippines,566,2013-12-01,0.7699711260827501
Philippines,566,2014-01-01,0.47755491881565837
Philippines,566,2014-02-01,0.09505703422053757
Philippines,566,2014-03-01,-0.09496676163343355
Philippines,566,2014-04-01,0.2851711026615969
Philippines,566,2014-05-01,0.3791469194312848
Philippines,566,2014-06-01,0.37771482530688266
Philippines,566,2014-07-01,0.5644402634054404
Philippines,566,2014-08-01,0.18709073900842949
Philippines,566,2014-09-01,0.18674136321194623
Philippines,566,2014-10-01,-0.09319664492078802
Philippines,566,2014-11-01,-0.1865671641790993
Philippines,566,2014-12-01,-0.2803738317757009
Philippines,566,2015-01-01,0.09372071227741852
Philippines,566,2015-02-01,0.0936329588014877
Philippines,566,2015-03-01,-0.09354536950419913
Philippines,566,2015-04-01,0.18726591760299102
Philippines,566,2015-05-01,-0.09345794392523883
Philippines,566,2015-06-01,0
Philippines,566,2015-07-01,0.18709073900842949
Philippines,566,2015-08-01,0
Philippines,566,2015-09-01,-0.1867413632119618
Philippines,566,2015-10-01,0.09354536950421474
Philippines,566,2015-11-01,0.2803738317757009
Philippines,566,2015-12-01,0.1863932898415605
Philippines,566,2016-01-01,0.09302325581395865
Philippines,566,2016-02-01,-0.1858736059479657
Philippines,566,2016-03-01,0
Philippines,566,2016-04-01,0.27932960893854747
Philippines,566,2016-05-01,0.18570102135561228
Philippines,566,2016-06-01,0.37071362372567707
Philippines,566,2016-07-01,0.18467220683286653
Philippines,566,2016-08-01,0
Philippines,566,2016-09-01,0.18433179723512555
Philippines,566,2016-10-01,0.18399264029438292
Philippines,566,2016-11-01,0.5509641873278232
Philippines,566,2016-12-01,0.3652968036529575
Philippines,566,2017-01-01,0.36396724294812427
Philippines,566,2017-02-01,0.3626473254759794
Philippines,566,2017-03-01,0
Philippines,566,2017-04-01,0.36133694670279004
Philippines,566,2017-05-01,-0.09000900090007995
Philippines,566,2017-06-01,0
Philippines,566,2017-07-01,0.09009009009008001
Philippines,566,2017-08-01,0.18001800180017488
Philippines,566,2017-09-01,0.6289308176100525
Philippines,566,2017-10-01,0.26785714285714274
Philippines,566,2017-11-01,0.44523597506678025
Philippines,566,2017-12-01,0.2659574468085105
Philippines,566,2018-01-01,0.8841732979663912
Philippines,566,2018-02-01,0.7201646090535008
Philippines,566,2018-03-01,0.5107252298263534
Philippines,566,2018-04-01,0.4065040650406417
Philippines,566,2018-05-01,0.2024291497975737
Philippines,566,2018-06-01,0.40404040404040975
Philippines,566,2018-07-01,0.8048289738430555
Philippines,566,2018-08-01,0.8982035928143627
Philippines,566,2018-09-01,0.9891196834817014
Philippines,566,2018-10-01,0.19588638589618299
Philippines,566,2018-11-01,-0.2932551319648066
Philippines,566,2018-12-01,-0.5882352941176415
"Serbia, Rep. of",942,2011-01-01,NA
"Serbia, Rep. of",942,2011-02-01,1.4363885088919444
"Serbia, Rep. of",942,2011-03-01,2.629804450438285
"Serbia, Rep. of",942,2011-04-01,1.0512483574244564
"Serbia, Rep. of",942,2011-05-01,0.3901170351105294
"Serbia, Rep. of",942,2011-06-01,-0.259067357512957
"Serbia, Rep. of",942,2011-07-01,-0.5194805194805269
"Serbia, Rep. of",942,2011-08-01,-0.06527415143602762
"Serbia, Rep. of",942,2011-09-01,0.130633572828228
"Serbia, Rep. of",942,2011-10-01,0.4566210045662026
"Serbia, Rep. of",942,2011-11-01,0.8441558441558515
"Serbia, Rep. of",942,2011-12-01,-0.643915003219575
"Serbia, Rep. of",942,2012-01-01,0.06480881399870014
"Serbia, Rep. of",942,2012-02-01,0.8419689119170873
"Serbia, Rep. of",942,2012-03-01,1.0918432883750913
"Serbia, Rep. of",942,2012-04-01,0.5717916137230024
"Serbia, Rep. of",942,2012-05-01,1.389766266582431
"Serbia, Rep. of",942,2012-06-01,1.183800623052963
"Serbia, Rep. of",942,2012-07-01,0.1231527093595989
"Serbia, Rep. of",942,2012-08-01,1.660516605166062
"Serbia, Rep. of",942,2012-09-01,2.2988505747126333
"Serbia, Rep. of",942,2012-10-01,2.7794204612655338
"Serbia, Rep. of",942,2012-11-01,0
"Serbia, Rep. of",942,2012-12-01,-0.4027617951668682
"Serbia, Rep. of",942,2013-01-01,0.5777007510109763
"Serbia, Rep. of",942,2013-02-01,0.5743825387708213
"Serbia, Rep. of",942,2013-03-01,0
"Serbia, Rep. of",942,2013-04-01,0.7995431182181644
"Serbia, Rep. of",942,2013-05-01,0
"Serbia, Rep. of",942,2013-06-01,0.9631728045325715
"Serbia, Rep. of",942,2013-07-01,-0.8978675645342281
"Serbia, Rep. of",942,2013-08-01,0.39637599093998704
"Serbia, Rep. of",942,2013-09-01,0
"Serbia, Rep. of",942,2013-10-01,0.16920473773264688
"Serbia, Rep. of",942,2013-11-01,-0.6193693693693662
"Serbia, Rep. of",942,2013-12-01,0.2266288951841392
"Serbia, Rep. of",942,2014-01-01,1.469756924816277
"Serbia, Rep. of",942,2014-02-01,0.11142061281336414
"Serbia, Rep. of",942,2014-03-01,-0.33388981636059784
"Serbia, Rep. of",942,2014-04-01,0.5583472920156337
"Serbia, Rep. of",942,2014-05-01,0.05552470849527725
"Serbia, Rep. of",942,2014-06-01,0.11098779134296176
"Serbia, Rep. of",942,2014-07-01,-0.11086474501109593
"Serbia, Rep. of",942,2014-08-01,-0.16648168701441896
"Serbia, Rep. of",942,2014-09-01,0.6670372429127229
"Serbia, Rep. of",942,2014-10-01,-0.16565433462174653
"Serbia, Rep. of",942,2014-11-01,0
"Serbia, Rep. of",942,2014-12-01,-0.44247787610620093
"Serbia, Rep. of",942,2015-01-01,-0.22222222222222537
"Serbia, Rep. of",942,2015-02-01,0.8351893095768375
"Serbia, Rep. of",942,2015-03-01,0.7178354500276154
"Serbia, Rep. of",942,2015-04-01,0.5482456140350876
"Serbia, Rep. of",942,2015-05-01,-0.27262813522355506
"Serbia, Rep. of",942,2015-06-01,0.49207217058502223
"Serbia, Rep. of",942,2015-07-01,-0.9249183895538721
"Serbia, Rep. of",942,2015-08-01,0.8786381109280584
"Serbia, Rep. of",942,2015-09-01,0
"Serbia, Rep. of",942,2015-10-01,-0.2177463255307443
"Serbia, Rep. of",942,2015-11-01,-0.10911074740862904
"Serbia, Rep. of",942,2015-12-01,-0.1638448935008099
"Serbia, Rep. of",942,2016-01-01,0.5470459518599562
"Serbia, Rep. of",942,2016-02-01,-0.05440696409141607
"Serbia, Rep. of",942,2016-03-01,-0.10887316276537215
"Serbia, Rep. of",942,2016-04-01,0.3814713896457704
"Serbia, Rep. of",942,2016-05-01,0.05428881650381257
"Serbia, Rep. of",942,2016-06-01,0.05425935973955198
"Serbia, Rep. of",942,2016-07-01,-0.054229934924075004
"Serbia, Rep. of",942,2016-08-01,0.868149755832878
"Serbia, Rep. of",942,2016-09-01,-0.5917159763313579
"Serbia, Rep. of",942,2016-10-01,0.7034632034631942
"Serbia, Rep. of",942,2016-11-01,-0.10746910263298691
"Serbia, Rep. of",942,2016-12-01,-0.16137708445401364
"Serbia, Rep. of",942,2017-01-01,1.454741379310354
"Serbia, Rep. of",942,2017-02-01,0.6903876792352538
"Serbia, Rep. of",942,2017-03-01,0.21097046413502413
"Serbia, Rep. of",942,2017-04-01,0.7894736842105263
"Serbia, Rep. of",942,2017-05-01,-0.4699738903394286
"Serbia, Rep. of",942,2017-06-01,0.2098635886673692
"Serbia, Rep. of",942,2017-07-01,-0.41884816753927295
"Serbia, Rep. of",942,2017-08-01,0.15772870662461166
"Serbia, Rep. of",942,2017-09-01,0.10498687664041398
"Serbia, Rep. of",942,2017-10-01,0.26219192448872575
"Serbia, Rep. of",942,2017-11-01,-0.05230125523012255
"Serbia, Rep. of",942,2017-12-01,0.052328623757192216
"Serbia, Rep. of",942,2018-01-01,0.31380753138076506
"Serbia, Rep. of",942,2018-02-01,0.31282586027111275
"Serbia, Rep. of",942,2018-03-01,0.15592515592514705
"Serbia, Rep. of",942,2018-04-01,0.4151530877010957
"Serbia, Rep. of",942,2018-05-01,0.620155038759684
"Serbia, Rep. of",942,2018-06-01,0.3595274781715548
"Serbia, Rep. of",942,2018-07-01,-0.30706243602865624
"Serbia, Rep. of",942,2018-08-01,0.30800821355235847
"Serbia, Rep. of",942,2018-09-01,-0.30706243602865624
"Serbia, Rep. of",942,2018-10-01,0.30800821355235847
"Serbia, Rep. of",942,2018-11-01,-0.30706243602865624
"Serbia, Rep. of",942,2018-12-01,0.10266940451744795
Morocco,686,2011-01-01,NA
Morocco,686,2011-02-01,0.8272058823529885
Morocco,686,2011-03-01,-0.09115770282589908
Morocco,686,2011-04-01,-1.0948905109488907
Morocco,686,2011-05-01,0.2767527675276134
Morocco,686,2011-06-01,-0.3679852805887408
Morocco,686,2011-07-01,0.5540166204986154
Morocco,686,2011-08-01,1.3774104683195914
Morocco,686,2011-09-01,0
Morocco,686,2011-10-01,-0.3623188405797814
Morocco,686,2011-11-01,0.09090909090911652
Morocco,686,2011-12-01,-0.45413260672113764
Morocco,686,2012-01-01,0.14598540145983366
Morocco,686,2012-02-01,0.2733236151603961
Morocco,686,2012-03-01,-0.18171906232967414
Morocco,686,2012-04-01,-0.14563990533404125
Morocco,686,2012-05-01,0.09115770282589908
Morocco,686,2012-06-01,0.5464480874316944
Morocco,686,2012-07-01,0.27173913043472187
Morocco,686,2012-08-01,0.7226738934056218
Morocco,686,2012-09-01,0.15249327354265405
Morocco,686,2012-10-01,0.2765737593156984
Morocco,686,2012-11-01,-0.04890207867774201
Morocco,686,2012-12-01,0.46592280555791216
Morocco,686,2013-01-01,0.1506506257248659
Morocco,686,2013-02-01,-0.061563734848865743
Morocco,686,2013-03-01,-0.24722408245470168
Morocco,686,2013-04-01,0.045943868137003324
Morocco,686,2013-05-01,0.4632875592475075
Morocco,686,2013-06-01,0.02200473115014921
Morocco,686,2013-07-01,-0.31062994288714885
Morocco,686,2013-08-01,1.0074336784679172
Morocco,686,2013-09-01,-0.07225876663293325
Morocco,686,2013-10-01,0.11700789125241504
Morocco,686,2013-11-01,-0.5570992666793262
Morocco,686,2013-12-01,-0.17302519288560145
Morocco,686,2014-01-01,0.29341138735998584
Morocco,686,2014-02-01,-0.17667844522959802
Morocco,686,2014-03-01,-0.2654867256637765
Morocco,686,2014-04-01,0.08873114463179073
Morocco,686,2014-05-01,-0.17730496453904204
Morocco,686,2014-06-01,0.177619893428099
Morocco,686,2014-07-01,0.08865248226951356
Morocco,686,2014-08-01,0.6200177147918616
Morocco,686,2014-09-01,0.08802816901410924
Morocco,686,2014-10-01,0.6156552330694764
Morocco,686,2014-11-01,0
Morocco,686,2014-12-01,0.2622377622377183
Morocco,686,2015-01-01,0.2615518744551445
Morocco,686,2015-02-01,-0.43478260869573043
Morocco,686,2015-03-01,0
Morocco,686,2015-04-01,0.17467248908300392
Morocco,686,2015-05-01,0.17436791630343454
Morocco,686,2015-06-01,0.08703220191471825
Morocco,686,2015-07-01,0.5217391304347683
Morocco,686,2015-08-01,-0.08650519031142843
Morocco,686,2015-09-01,0
Morocco,686,2015-10-01,0.43290043290040897
Morocco,686,2015-11-01,-0.5172413793103309
Morocco,686,2015-12-01,0
Morocco,686,2016-01-01,-0.08665511265167082
Morocco,686,2016-02-01,0.1734605377277012
Morocco,686,2016-03-01,0.9523809523809289
Morocco,686,2016-04-01,-0.08576329331048724
Morocco,686,2016-05-01,0.5150214592274684
Morocco,686,2016-06-01,0.4269854824936723
Morocco,686,2016-07-01,-0.1700680272109178
Morocco,686,2016-08-01,0
Morocco,686,2016-09-01,0.6814310051107522
Morocco,686,2016-10-01,-0.2538071065990276
Morocco,686,2016-11-01,-0.2544529262085946
Morocco,686,2016-12-01,-0.08503401360546604
Morocco,686,2017-01-01,0.17021276595738014
Morocco,686,2017-02-01,-0.25488530161421674
Morocco,686,2017-03-01,-0.596252129471901
Morocco,686,2017-04-01,0.17137960582694037
Morocco,686,2017-05-01,0.5132591958939123
Morocco,686,2017-06-01,0.3404255319148604
Morocco,686,2017-07-01,-0.5089058524173032
Morocco,686,2017-08-01,0.34100596760439994
Morocco,686,2017-09-01,0.8496176720477321
Morocco,686,2017-10-01,-0.08424599831518866
Morocco,686,2017-11-01,0.42158516020194053
Morocco,686,2017-12-01,0.5037783375321666
Morocco,686,2018-01-01,0.4419626566416615
Morocco,686,2018-02-01,-0.6063671180287288
Morocco,686,2018-03-01,0.08368200836830879
Morocco,686,2018-04-01,0.33444816053457777
Morocco,686,2018-05-01,0.5000000000006892
Morocco,686,2018-06-01,0.24875621890483057
Morocco,686,2018-07-01,-0.9098428453260015
Morocco,686,2018-08-01,-0.08347245409027168
Morocco,686,2018-09-01,0.25062656641539327
Morocco,686,2018-10-01,-0.0833333333334412
Morocco,686,2018-11-01,0.6672226855722299
Morocco,686,2018-12-01,-0.7456503728252257
"Aruba, Kingdom of the Netherlands",314,2011-01-01,NA
"Aruba, Kingdom of the Netherlands",314,2011-02-01,0.24743492461482003
"Aruba, Kingdom of the Netherlands",314,2011-03-01,0
"Aruba, Kingdom of the Netherlands",314,2011-04-01,3.235042453761599
"Aruba, Kingdom of the Netherlands",314,2011-05-01,1.0955614353873844
"Aruba, Kingdom of the Netherlands",314,2011-06-01,-0.024175408354191116
"Aruba, Kingdom of the Netherlands",314,2011-07-01,0.17557693318614478
"Aruba, Kingdom of the Netherlands",314,2011-08-01,1.6393442622950796
"Aruba, Kingdom of the Netherlands",314,2011-09-01,-0.2715707736152896
"Aruba, Kingdom of the Netherlands",314,2011-10-01,-0.540478976196152
"Aruba, Kingdom of the Netherlands",314,2011-11-01,0.14366170790868657
"Aruba, Kingdom of the Netherlands",314,2011-12-01,-0.05925340707090882
"Aruba, Kingdom of the Netherlands",314,2012-01-01,-0.2870813397129148
"Aruba, Kingdom of the Netherlands",314,2012-02-01,0.393265459400813
"Aruba, Kingdom of the Netherlands",314,2012-03-01,0.23482715266882004
"Aruba, Kingdom of the Netherlands",314,2012-04-01,0.08811303347259473
"Aruba, Kingdom of the Netherlands",314,2012-05-01,-0.052821277653494425
"Aruba, Kingdom of the Netherlands",314,2012-06-01,-0.5015492067439807
"Aruba, Kingdom of the Netherlands",314,2012-07-01,-0.4103440015830439
"Aruba, Kingdom of the Netherlands",314,2012-08-01,-1.5404243748888853
"Aruba, Kingdom of the Netherlands",314,2012-09-01,0.4471587891662159
"Aruba, Kingdom of the Netherlands",314,2012-10-01,-0.0941091878059856
"Aruba, Kingdom of the Netherlands",314,2012-11-01,-1.783408479922104
"Aruba, Kingdom of the Netherlands",314,2012-12-01,-0.24785284007026517
"Aruba, Kingdom of the Netherlands",314,2013-01-01,-0.05725582551016807
"Aruba, Kingdom of the Netherlands",314,2013-02-01,0.7166482910694716
"Aruba, Kingdom of the Netherlands",314,2013-03-01,-0.05044163259174609
"Aruba, Kingdom of the Netherlands",314,2013-04-01,0.046172017609799595
"Aruba, Kingdom of the Netherlands",314,2013-05-01,-0.3767185772702383
"Aruba, Kingdom of the Netherlands",314,2013-06-01,0.23378078472775712
"Aruba, Kingdom of the Netherlands",314,2013-07-01,-0.07416244800567785
"Aruba, Kingdom of the Netherlands",314,2013-08-01,0.12477143164461618
"Aruba, Kingdom of the Netherlands",314,2013-09-01,0.03330253743850409
"Aruba, Kingdom of the Netherlands",314,2013-10-01,-0.46071071877315856
"Aruba, Kingdom of the Netherlands",314,2013-11-01,-0.3225876057310618
"Aruba, Kingdom of the Netherlands",314,2013-12-01,0.2738421240623885
"Aruba, Kingdom of the Netherlands",314,2014-01-01,-0.33893914207378184
"Aruba, Kingdom of the Netherlands",314,2014-02-01,0.24153019669006043
"Aruba, Kingdom of the Netherlands",314,2014-03-01,0.23986774859266155
"Aruba, Kingdom of the Netherlands",314,2014-04-01,0.054972890819529316
"Aruba, Kingdom of the Netherlands",314,2014-05-01,0.31457381711626475
"Aruba, Kingdom of the Netherlands",314,2014-06-01,0.07732290905967044
"Aruba, Kingdom of the Netherlands",314,2014-07-01,0.4496287075589098
"Aruba, Kingdom of the Netherlands",314,2014-08-01,-0.1281955409317728
"Aruba, Kingdom of the Netherlands",314,2014-09-01,-0.16258945093970395
"Aruba, Kingdom of the Netherlands",314,2014-10-01,0.7628435206514206
"Aruba, Kingdom of the Netherlands",314,2014-11-01,-0.573117696470915
"Aruba, Kingdom of the Netherlands",314,2014-12-01,1.2544381229413546
"Aruba, Kingdom of the Netherlands",314,2015-01-01,-1.4787270372611203
"Aruba, Kingdom of the Netherlands",314,2015-02-01,-0.11719944287804189
"Aruba, Kingdom of the Netherlands",314,2015-03-01,0.8817277442394176
"Aruba, Kingdom of the Netherlands",314,2015-04-01,-0.14918202735841285
"Aruba, Kingdom of the Netherlands",314,2015-05-01,0.3241326918207142
"Aruba, Kingdom of the Netherlands",314,2015-06-01,-0.35842293906814265
"Aruba, Kingdom of the Netherlands",314,2015-07-01,0.6307629952376147
"Aruba, Kingdom of the Netherlands",314,2015-08-01,-0.29368575624085225
"Aruba, Kingdom of the Netherlands",314,2015-09-01,-0.5731117189143703
"Aruba, Kingdom of the Netherlands",314,2015-10-01,-0.35973049837486987
"Aruba, Kingdom of the Netherlands",314,2015-11-01,0.02633389682214836
"Aruba, Kingdom of the Netherlands",314,2015-12-01,0.5588110403397053
"Aruba, Kingdom of the Netherlands",314,2016-01-01,-1.0850136294715371
"Aruba, Kingdom of the Netherlands",314,2016-02-01,-0.20369452288061468
"Aruba, Kingdom of the Netherlands",314,2016-03-01,-0.3185848353618233
"Aruba, Kingdom of the Netherlands",314,2016-04-01,0.020584602717158073
"Aruba, Kingdom of the Netherlands",314,2016-05-01,0.3726129482999624
"Aruba, Kingdom of the Netherlands",314,2016-06-01,0.40144606917390585
"Aruba, Kingdom of the Netherlands",314,2016-07-01,0.3235271988563557
"Aruba, Kingdom of the Netherlands",314,2016-08-01,-0.5528295013820643
"Aruba, Kingdom of the Netherlands",314,2016-09-01,0.1519036435327736
"Aruba, Kingdom of the Netherlands",314,2016-10-01,0.22266923399632954
"Aruba, Kingdom of the Netherlands",314,2016-11-01,0.14704303960502355
"Aruba, Kingdom of the Netherlands",314,2016-12-01,-0.3525994834256891
"Aruba, Kingdom of the Netherlands",314,2017-01-01,-1.1604895781797777
"Aruba, Kingdom of the Netherlands",314,2017-02-01,0.03264453367283772
"Aruba, Kingdom of the Netherlands",314,2017-03-01,-0.1773107506880274
"Aruba, Kingdom of the Netherlands",314,2017-04-01,0.1732667872632476
"Aruba, Kingdom of the Netherlands",314,2017-05-01,0.19689964645090824
"Aruba, Kingdom of the Netherlands",314,2017-06-01,-0.2019412416129165
"Aruba, Kingdom of the Netherlands",314,2017-07-01,-0.3122280243690232
"Aruba, Kingdom of the Netherlands",314,2017-08-01,0.0491089454672462
"Aruba, Kingdom of the Netherlands",314,2017-09-01,-0.24760575056175294
"Aruba, Kingdom of the Netherlands",314,2017-10-01,0.6549955713988953
"Aruba, Kingdom of the Netherlands",314,2017-11-01,-0.137968495382939
"Aruba, Kingdom of the Netherlands",314,2017-12-01,0.6799168869597381
"Aruba, Kingdom of the Netherlands",314,2018-01-01,0.35549120456411104
"Aruba, Kingdom of the Netherlands",314,2018-02-01,1.0799229087933504
"Aruba, Kingdom of the Netherlands",314,2018-03-01,0.8883681295270592
"Aruba, Kingdom of the Netherlands",314,2018-04-01,-0.18687839179001256
"Aruba, Kingdom of the Netherlands",314,2018-05-01,0.3839766440652861
"Aruba, Kingdom of the Netherlands",314,2018-06-01,0.5131717597470967
"Aruba, Kingdom of the Netherlands",314,2018-07-01,1.157390420078207
"Aruba, Kingdom of the Netherlands",314,2018-08-01,-0.5544558559865652
"Aruba, Kingdom of the Netherlands",314,2018-09-01,-0.189670265538374
"Aruba, Kingdom of the Netherlands",314,2018-10-01,-0.11485371812809263
"Aruba, Kingdom of the Netherlands",314,2018-11-01,0.31464291687573376
"Aruba, Kingdom of the Netherlands",314,2018-12-01,0.7367269316938401
Sri Lanka,524,2011-01-01,NA
Sri Lanka,524,2011-02-01,1.4075067024128995
Sri Lanka,524,2011-03-01,-0.4626569729014764
Sri Lanka,524,2011-04-01,0
Sri Lanka,524,2011-05-01,0.597609561752995
Sri Lanka,524,2011-06-01,-0.1980198019801936
Sri Lanka,524,2011-07-01,0.33068783068787705
Sri Lanka,524,2011-08-01,-0.2636783124589015
Sri Lanka,524,2011-09-01,0.2643754130866847
Sri Lanka,524,2011-10-01,-0.13183915622945075
Sri Lanka,524,2011-11-01,0.7260726072607837
Sri Lanka,524,2011-12-01,1.1795543905634578
Sri Lanka,524,2012-01-01,0.2590673575130531
Sri Lanka,524,2012-02-01,0.38759689922481705
Sri Lanka,524,2012-03-01,2.1879021879020657
Sri Lanka,524,2012-04-01,0.6297229219144657
Sri Lanka,524,2012-05-01,1.4392991239048227
Sri Lanka,524,2012-06-01,1.912399753238743
Sri Lanka,524,2012-07-01,0.9079903147700109
Sri Lanka,524,2012-08-01,-0.5998800239951751
Sri Lanka,524,2012-09-01,-0.12070006035007652
Sri Lanka,524,2012-10-01,-0.30211480362543847
Sri Lanka,524,2012-11-01,1.272727272727319
Sri Lanka,524,2012-12-01,0.8976660682226377
Sri Lanka,524,2013-01-01,0.8303677342822643
Sri Lanka,524,2013-02-01,0.4008016032064912
Sri Lanka,524,2013-03-01,0.09980039920158945
Sri Lanka,524,2013-04-01,-0.4985044865404492
Sri Lanka,524,2013-05-01,2.3046092184368847
Sri Lanka,524,2013-06-01,1.4691478942214546
Sri Lanka,524,2013-07-01,0.19305019305017873
Sri Lanka,524,2013-08-01,-0.38535645472070884
Sri Lanka,524,2013-09-01,-0.1934235976789027
Sri Lanka,524,2013-10-01,0.1937984496123889
Sri Lanka,524,2013-11-01,0.19342359767902395
Sri Lanka,524,2013-12-01,0
Sri Lanka,524,2014-01-01,-0.48262548262555055
Sri Lanka,524,2014-02-01,-0.09699321047525959
Sri Lanka,524,2014-03-01,0.19417475728152173
Sri Lanka,524,2014-04-01,0.8720930232558541
Sri Lanka,524,2014-05-01,0.7684918347743022
Sri Lanka,524,2014-06-01,1.239275500476638
Sri Lanka,524,2014-07-01,0.7532956685498332
Sri Lanka,524,2014-08-01,-0.560747663551344
Sri Lanka,524,2014-09-01,0
Sri Lanka,524,2014-10-01,-0.3759398496240324
Sri Lanka,524,2014-11-01,0.8490566037735051
Sri Lanka,524,2014-12-01,1.59027128157163
Sri Lanka,524,2015-01-01,3.867403314917088
Sri Lanka,524,2015-02-01,-3.4574468085106216
Sri Lanka,524,2015-03-01,-1.1937557392102787
Sri Lanka,524,2015-04-01,-0.5576208178439248
Sri Lanka,524,2015-05-01,0.9345794392523517
Sri Lanka,524,2015-06-01,1.0185185185185266
Sri Lanka,524,2015-07-01,-0.18331805682856772
Sri Lanka,524,2015-08-01,-0.45913682277326767
Sri Lanka,524,2015-09-01,0
Sri Lanka,524,2015-10-01,0.738007380073846
Sri Lanka,524,2015-11-01,2.56410256410254
Sri Lanka,524,2015-12-01,1.071428571428573
Sri Lanka,524,2016-01-01,-1.0600706713780934
Sri Lanka,524,2016-02-01,-1.071428571428573
Sri Lanka,524,2016-03-01,-0.7220216606497505
Sri Lanka,524,2016-04-01,1.4545454545454284
Sri Lanka,524,2016-05-01,1.8817204301075487
Sri Lanka,524,2016-06-01,2.110817941952524
Sri Lanka,524,2016-07-01,-0.7751937984496476
Sri Lanka,524,2016-08-01,-1.649305555555605
Sri Lanka,524,2016-09-01,0.17652250661969174
Sri Lanka,524,2016-10-01,1.0572687224669608
Sri Lanka,524,2016-11-01,1.6564952048822412
Sri Lanka,524,2016-12-01,1.2006861063464722
Sri Lanka,524,2017-01-01,1.1016949152542321
Sri Lanka,524,2017-02-01,0.5029337803856357
Sri Lanka,524,2017-03-01,-0.3336113427857346
Sri Lanka,524,2017-04-01,1.2552301255231006
Sri Lanka,524,2017-05-01,0.6611570247933246
Sri Lanka,524,2017-06-01,1.3136288998358618
Sri Lanka,524,2017-07-01,-0.8103727714748911
Sri Lanka,524,2017-08-01,-0.08169934640522272
Sri Lanka,524,2017-09-01,0.8176614881438332
Sri Lanka,524,2017-10-01,1.2165450121655208
Sri Lanka,524,2017-11-01,1.282051282051259
Sri Lanka,524,2017-12-01,0.1582278481008432
Sri Lanka,524,2018-01-01,-0.6319115323850967
Sri Lanka,524,2018-02-01,-1.669316375198663
Sri Lanka,524,2018-03-01,-0.7275666936136145
Sri Lanka,524,2018-04-01,0.08143322475569434
Sri Lanka,524,2018-05-01,1.1391375101708598
Sri Lanka,524,2018-06-01,1.7699115044251101
Sri Lanka,524,2018-07-01,0.07905138339849543
Sri Lanka,524,2018-08-01,-0.9478672985778078
Sri Lanka,524,2018-09-01,-0.7974481658692314
Sri Lanka,524,2018-10-01,0.4019292604502177
Sri Lanka,524,2018-11-01,2.241793434747575
Sri Lanka,524,2018-12-01,-0.46985121378205813
Cambodia,522,2011-01-01,NA
Cambodia,522,2011-02-01,0.69384778669055025
Cambodia,522,2011-03-01,0.6747260941891833
Cambodia,522,2011-04-01,1.0882803318970062
Cambodia,522,2011-05-01,1.4337750910640914
Cambodia,522,2011-06-01,0.49802733940876653
Cambodia,522,2011-07-01,0.5536164771745431
Cambodia,522,2011-08-01,0.18077340775057754
Cambodia,522,2011-09-01,1.0030943608532599
Cambodia,522,2011-10-01,0.04347501205751808
Cambodia,522,2011-11-01,-0.6518417925649349
Cambodia,522,2011-12-01,-0.8782421487885703
Cambodia,522,2012-01-01,1.0135833965386465
Cambodia,522,2012-02-01,0.35699658703071413
Cambodia,522,2012-03-01,0.608748291083715
Cambodia,522,2012-04-01,0.5435443962195284
Cambodia,522,2012-05-01,-1.0751603663210674
Cambodia,522,2012-06-01,0.14341741264113209
Cambodia,522,2012-07-01,0.01357459920996527
Cambodia,522,2012-08-01,1.0681759572186595
Cambodia,522,2012-09-01,0.2719434894714232
Cambodia,522,2012-10-01,-0.19620579510222547
Cambodia,522,2012-11-01,-0.2408749329039053
Cambodia,522,2012-12-01,0.0228677504186761
Cambodia,522,2013-01-01,0.31805803046093856
Cambodia,522,2013-02-01,0.2540418800439842
Cambodia,522,2013-03-01,-0.12903915970769758
Cambodia,522,2013-04-01,0.5770749929706607
Cambodia,522,2013-05-01,0.6895817247530561
Cambodia,522,2013-06-01,0.2452535829499242
Cambodia,522,2013-07-01,1.0201591896757496
Cambodia,522,2013-08-01,0.4295319537828941
Cambodia,522,2013-09-01,0.6948416619000496
Cambodia,522,2013-10-01,0.22850945990432617
Cambodia,522,2013-11-01,-0.30334061093183873
Cambodia,522,2013-12-01,0.5348837209302161
Cambodia,522,2014-01-01,0.22103991569641873
Cambodia,522,2014-02-01,0.01218167363373263
Cambodia,522,2014-03-01,0.531440916463116
Cambodia,522,2014-04-01,0.5311822471623507
Cambodia,522,2014-05-01,0.3209580534464934
Cambodia,522,2014-06-01,0.5323756472916578
Cambodia,522,2014-07-01,0.44716699894968226
Cambodia,522,2014-08-01,0.28676617912241936
Cambodia,522,2014-09-01,0.17856027970281663
Cambodia,522,2014-10-01,-0.4225457446278091
Cambodia,522,2014-11-01,-0.8292756199226357
Cambodia,522,2014-12-01,-0.7358648936908716
Cambodia,522,2015-01-01,-0.4297875857508988
Cambodia,522,2015-02-01,1.1659461979043757
Cambodia,522,2015-03-01,0.09088786079007873
Cambodia,522,2015-04-01,0.6747340475845288
Cambodia,522,2015-05-01,0.07579031763031918
Cambodia,522,2015-06-01,0.2128032446235908
Cambodia,522,2015-07-01,0.5795942840011975
Cambodia,522,2015-08-01,0.25149031296572355
Cambodia,522,2015-09-01,0.3171358667038313
Cambodia,522,2015-10-01,-0.07903332365997512
Cambodia,522,2015-11-01,-0.20391895148583536
Cambodia,522,2015-12-01,0.16532610109040669
Cambodia,522,2016-01-01,-0.23552538852416469
Cambodia,522,2016-02-01,0.44303993555782967
Cambodia,522,2016-03-01,-0.18630475015422115
Cambodia,522,2016-04-01,1.4394491897304094
Cambodia,522,2016-05-01,0.3564313001516993
Cambodia,522,2016-06-01,0.3673077857108275
Cambodia,522,2016-07-01,0.34116273583478585
Cambodia,522,2016-08-01,0.1778383298870802
Cambodia,522,2016-09-01,0.28102734450222233
Cambodia,522,2016-10-01,0.3660519793810632
Cambodia,522,2016-11-01,0.04185276198335552
Cambodia,522,2016-12-01,0.42492663889601806
Cambodia,522,2017-01-01,0.29101253317781184
Cambodia,522,2017-02-01,0.07180028838794071
Cambodia,522,2017-03-01,0.004743720499977085
Cambodia,522,2017-04-01,0.4441097644854634
Cambodia,522,2017-05-01,-0.19362341426556098
Cambodia,522,2017-06-01,0.06979233822076558
Cambodia,522,2017-07-01,0.3227122010035949
Cambodia,522,2017-08-01,0.4471623747326832
Cambodia,522,2017-09-01,0.34194350600600504
Cambodia,522,2017-10-01,-0.1812028361166492
Cambodia,522,2017-11-01,0.19031557249851475
Cambodia,522,2017-12-01,0.40211813389132095
Cambodia,522,2018-01-01,0.0640346485661974
Cambodia,522,2018-02-01,0.36301863961091574
Cambodia,522,2018-03-01,0.035938695541289985
Cambodia,522,2018-04-01,0.49716649862671025
Cambodia,522,2018-05-01,0.2727230794068041
Cambodia,522,2018-06-01,0.1431783288961441
Cambodia,522,2018-07-01,-0.2664247407526491
Cambodia,522,2018-08-01,0.6891429755777418
Cambodia,522,2018-09-01,0.33392227158630416
Cambodia,522,2018-10-01,0.3100156717481186
Cambodia,522,2018-11-01,-0.3437128946307036
Cambodia,522,2018-12-01,-0.47202617807015096
"São Tomé and Príncipe, Dem. Rep. of",716,2011-01-01,NA
"São Tomé and Príncipe, Dem. Rep. of",716,2011-02-01,0.8681811604688096
"São Tomé and Príncipe, Dem. Rep. of",716,2011-03-01,2.180461913642247
"São Tomé and Príncipe, Dem. Rep. of",716,2011-04-01,2.2602835883756835
"São Tomé and Príncipe, Dem. Rep. of",716,2011-05-01,0.8649093904448043
"São Tomé and Príncipe, Dem. Rep. of",716,2011-06-01,0.2586089560364744
"São Tomé and Príncipe, Dem. Rep. of",716,2011-07-01,0.21721422753189873
"São Tomé and Príncipe, Dem. Rep. of",716,2011-08-01,0.7586020048767304
"São Tomé and Príncipe, Dem. Rep. of",716,2011-09-01,0.2688894864210848
"São Tomé and Príncipe, Dem. Rep. of",716,2011-10-01,0.44247787610619244
"São Tomé and Príncipe, Dem. Rep. of",716,2011-11-01,0.9745027366172794
"São Tomé and Príncipe, Dem. Rep. of",716,2011-12-01,1.7847699629825413
"São Tomé and Príncipe, Dem. Rep. of",716,2012-01-01,0.40264969476555695
"São Tomé and Príncipe, Dem. Rep. of",716,2012-02-01,0.5562742561448989
"São Tomé and Príncipe, Dem. Rep. of",716,2012-03-01,0.3473562331146224
"São Tomé and Príncipe, Dem. Rep. of",716,2012-04-01,0.8846153846153818
"São Tomé and Príncipe, Dem. Rep. of",716,2012-05-01,1.3724742661075084
"São Tomé and Príncipe, Dem. Rep. of",716,2012-06-01,2.381847812460832
"São Tomé and Príncipe, Dem. Rep. of",716,2012-07-01,0.8693522713358561
"São Tomé and Príncipe, Dem. Rep. of",716,2012-08-01,0.5705268268997316
"São Tomé and Príncipe, Dem. Rep. of",716,2012-09-01,0.2896801448400834
"São Tomé and Príncipe, Dem. Rep. of",716,2012-10-01,0.46937056204116084
"São Tomé and Príncipe, Dem. Rep. of",716,2012-11-01,0.6588404408241461
"São Tomé and Príncipe, Dem. Rep. of",716,2012-12-01,1.154349637034391
"São Tomé and Príncipe, Dem. Rep. of",716,2013-01-01,0.38823529411764507
"São Tomé and Príncipe, Dem. Rep. of",716,2013-02-01,0.6797140513301281
"São Tomé and Príncipe, Dem. Rep. of",716,2013-03-01,-0.2910022116168083
"São Tomé and Príncipe, Dem. Rep. of",716,2013-04-01,1.7394349754844842
"São Tomé and Príncipe, Dem. Rep. of",716,2013-05-01,0.28686173264486514
"São Tomé and Príncipe, Dem. Rep. of",716,2013-06-01,0.1716247139588003
"São Tomé and Príncipe, Dem. Rep. of",716,2013-07-01,0.19417475728155534
"São Tomé and Príncipe, Dem. Rep. of",716,2013-08-01,0.45599635202919026
"São Tomé and Príncipe, Dem. Rep. of",716,2013-09-01,0.31774852473899357
"São Tomé and Príncipe, Dem. Rep. of",716,2013-10-01,0.5542986425339309
"São Tomé and Príncipe, Dem. Rep. of",716,2013-11-01,0.9674879064011692
"São Tomé and Príncipe, Dem. Rep. of",716,2013-12-01,1.4596100278551558
"São Tomé and Príncipe, Dem. Rep. of",716,2014-01-01,0.2965077970568812
"São Tomé and Príncipe, Dem. Rep. of",716,2014-02-01,0.4598707982043159
"São Tomé and Príncipe, Dem. Rep. of",716,2014-03-01,0.2397820163487726
"São Tomé and Príncipe, Dem. Rep. of",716,2014-04-01,0.8154833097749266
"São Tomé and Príncipe, Dem. Rep. of",716,2014-05-01,0.8088869715271787
"São Tomé and Príncipe, Dem. Rep. of",716,2014-06-01,0.5563282336578539
"São Tomé and Príncipe, Dem. Rep. of",716,2014-07-01,0.2766251728907385
"São Tomé and Príncipe, Dem. Rep. of",716,2014-08-01,0.18037135278514768
"São Tomé and Príncipe, Dem. Rep. of",716,2014-09-01,0.2435924592247447
"São Tomé and Príncipe, Dem. Rep. of",716,2014-10-01,0.7501320655044835
"São Tomé and Príncipe, Dem. Rep. of",716,2014-11-01,0.46140939597315195
"São Tomé and Príncipe, Dem. Rep. of",716,2014-12-01,1.169102296450944
"São Tomé and Príncipe, Dem. Rep. of",716,2015-01-01,0.24762690879075
"São Tomé and Príncipe, Dem. Rep. of",716,2015-02-01,0.30876904075751044
"São Tomé and Príncipe, Dem. Rep. of",716,2015-03-01,0.49250974758875843
"São Tomé and Príncipe, Dem. Rep. of",716,2015-04-01,0.41862364713089295
"São Tomé and Príncipe, Dem. Rep. of",716,2015-05-01,0.213523131672606
"São Tomé and Príncipe, Dem. Rep. of",716,2015-06-01,0.17248376623376796
"São Tomé and Príncipe, Dem. Rep. of",716,2015-07-01,0.2734731084776623
"São Tomé and Príncipe, Dem. Rep. of",716,2015-08-01,0.11111111111111055
"São Tomé and Príncipe, Dem. Rep. of",716,2015-09-01,0.09080819291696439
"São Tomé and Príncipe, Dem. Rep. of",716,2015-10-01,0.2923387096774113
"São Tomé and Príncipe, Dem. Rep. of",716,2015-11-01,0.4925118102321933
"São Tomé and Príncipe, Dem. Rep. of",716,2015-12-01,0.7717936158581644
"São Tomé and Príncipe, Dem. Rep. of",716,2016-01-01,0.7485955293949141
"São Tomé and Príncipe, Dem. Rep. of",716,2016-02-01,0.19144981057598542
"São Tomé and Príncipe, Dem. Rep. of",716,2016-03-01,0.795009222336426
"São Tomé and Príncipe, Dem. Rep. of",716,2016-04-01,1.649228559577089
"São Tomé and Príncipe, Dem. Rep. of",716,2016-05-01,0.45907696192851577
"São Tomé and Príncipe, Dem. Rep. of",716,2016-06-01,-0.4497690337322977
"São Tomé and Príncipe, Dem. Rep. of",716,2016-07-01,0.24941680906545322
"São Tomé and Príncipe, Dem. Rep. of",716,2016-08-01,0.09720921550226404
"São Tomé and Príncipe, Dem. Rep. of",716,2016-09-01,0.3415620886899978
"São Tomé and Príncipe, Dem. Rep. of",716,2016-10-01,0.35624710516095004
"São Tomé and Príncipe, Dem. Rep. of",716,2016-11-01,0.8094623111246495
"São Tomé and Príncipe, Dem. Rep. of",716,2016-12-01,-0.22497802189581279
"São Tomé and Príncipe, Dem. Rep. of",716,2017-01-01,0.36758178588447765
"São Tomé and Príncipe, Dem. Rep. of",716,2017-02-01,0.32850352206446964
"São Tomé and Príncipe, Dem. Rep. of",716,2017-03-01,0.7843893223587515
"São Tomé and Príncipe, Dem. Rep. of",716,2017-04-01,1.1585910318596992
"São Tomé and Príncipe, Dem. Rep. of",716,2017-05-01,-0.3939061018051975
"São Tomé and Príncipe, Dem. Rep. of",716,2017-06-01,1.7497313675758945
"São Tomé and Príncipe, Dem. Rep. of",716,2017-07-01,1.6046587193157922
"São Tomé and Príncipe, Dem. Rep. of",716,2017-08-01,-0.5284028353476321
"São Tomé and Príncipe, Dem. Rep. of",716,2017-09-01,0.22379304391703875
"São Tomé and Príncipe, Dem. Rep. of",716,2017-10-01,0.47464930391248933
"São Tomé and Príncipe, Dem. Rep. of",716,2017-11-01,0.21301332752068483
"São Tomé and Príncipe, Dem. Rep. of",716,2017-12-01,1.4796012788898842
"São Tomé and Príncipe, Dem. Rep. of",716,2018-01-01,0.34963211050386134
"São Tomé and Príncipe, Dem. Rep. of",716,2018-02-01,0.3301952546273804
"São Tomé and Príncipe, Dem. Rep. of",716,2018-03-01,0.3694082262148731
"São Tomé and Príncipe, Dem. Rep. of",716,2018-04-01,0.5146479053816521
"São Tomé and Príncipe, Dem. Rep. of",716,2018-05-01,0.35524761258028253
"São Tomé and Príncipe, Dem. Rep. of",716,2018-06-01,1.0409983290574272
"São Tomé and Príncipe, Dem. Rep. of",716,2018-07-01,0.48689946523277255
"São Tomé and Príncipe, Dem. Rep. of",716,2018-08-01,1.5077206195406772
"São Tomé and Príncipe, Dem. Rep. of",716,2018-09-01,1.8207586784838181
"São Tomé and Príncipe, Dem. Rep. of",716,2018-10-01,1.3246290952401574
"São Tomé and Príncipe, Dem. Rep. of",716,2018-11-01,-0.33463390478599553
"São Tomé and Príncipe, Dem. Rep. of",716,2018-12-01,0.945096914686194
Kenya,664,2011-01-01,NA
Kenya,664,2011-02-01,1.3450829587376754
Kenya,664,2011-03-01,2.2841537977984068
Kenya,664,2011-04-01,3.2026405216393528
Kenya,664,2011-05-01,1.0109378076069535
Kenya,664,2011-06-01,1.1907857498594272
Kenya,664,2011-07-01,1.2703444352722097
Kenya,664,2011-08-01,1.2467233243428568
Kenya,664,2011-09-01,1.01563950887213
Kenya,664,2011-10-01,1.5738096954058738
Kenya,664,2011-11-01,1.5165692652303286
Kenya,664,2011-12-01,0.7440411952222875
Kenya,664,2012-01-01,0.5579933020751356
Kenya,664,2012-02-01,-0.04085389690791114
Kenya,664,2012-03-01,1.3390775110514304
Kenya,664,2012-04-01,0.9233706668987821
Kenya,664,2012-05-01,0.2623487583858389
Kenya,664,2012-06-01,-0.7688711439796981
Kenya,664,2012-07-01,-0.8535981165189473
Kenya,664,2012-08-01,-0.3082763640160257
Kenya,664,2012-09-01,0.28651504176865067
Kenya,664,2012-10-01,0.43242338764221444
Kenya,664,2012-11-01,0.6547405020756762
Kenya,664,2012-12-01,0.6933455556104071
Kenya,664,2013-01-01,1.0166829065476466
Kenya,664,2013-02-01,0.714045786425721
Kenya,664,2013-03-01,1.0057640127187482
Kenya,664,2013-04-01,0.9534286834086343
Kenya,664,2013-05-01,0.17594862406559433
Kenya,664,2013-06-01,0.05052597329744975
Kenya,664,2013-07-01,0.19821419883933844
Kenya,664,2013-08-01,0.3037533207370452
Kenya,664,2013-09-01,1.8025972172109506
Kenya,664,2013-10-01,-0.05226430762409692
Kenya,664,2013-11-01,0.2746619782198293
Kenya,664,2013-12-01,0.49690988723683305
Kenya,664,2014-01-01,1.0759528884974607
Kenya,664,2014-02-01,0.38026694231311686
Kenya,664,2014-03-01,0.44976856093700956
Kenya,664,2014-04-01,1.086413255682277
Kenya,664,2014-05-01,1.014376374768734
Kenya,664,2014-06-01,0.13849581505153294
Kenya,664,2014-07-01,0.4583381214079992
Kenya,664,2014-08-01,0.944101491647906
Kenya,664,2014-09-01,0.14740950210801332
Kenya,664,2014-10-01,-0.21301181899820923
Kenya,664,2014-11-01,-0.04518112961328714
Kenya,664,2014-12-01,0.43306577283352904
Kenya,664,2015-01-01,0.6062574353777218
Kenya,664,2015-02-01,0.45834697712268563
Kenya,664,2015-03-01,1.119215285360862
Kenya,664,2015-04-01,1.8185713016245002
Kenya,664,2015-05-01,0.8119163064030263
Kenya,664,2015-06-01,0.2942833492965404
Kenya,664,2015-07-01,0.07170594777933106
Kenya,664,2015-08-01,0.2058864182693741
Kenya,664,2015-09-01,0.26559987264465007
Kenya,664,2015-10-01,0.49737756217979234
Kenya,664,2015-11-01,0.5181284246037143
Kenya,664,2015-12-01,1.0733387770187917
Kenya,664,2016-01-01,0.39250351776722325
Kenya,664,2016-02-01,-0.41858490852498387
Kenya,664,2016-03-01,0.755774620820496
Kenya,664,2016-04-01,0.6917316301803945
Kenya,664,2016-05-01,0.5513434243554496
Kenya,664,2016-06-01,1.054130683896321
Kenya,664,2016-07-01,0.6371628429132503
Kenya,664,2016-08-01,0.07407752215873231
Kenya,664,2016-09-01,0.3446068292469491
Kenya,664,2016-10-01,0.6227352291361139
Kenya,664,2016-11-01,0.712214474736103
Kenya,664,2016-12-01,0.7623570435705131
Kenya,664,2017-01-01,0.999857376923419
Kenya,664,2017-02-01,1.722520865610246
Kenya,664,2017-03-01,1.666058468549569
Kenya,664,2017-04-01,1.7861642693789685
Kenya,664,2017-05-01,0.7464267125724016
Kenya,664,2017-06-01,-1.198174515545814
Kenya,664,2017-07-01,-0.9642181153692851
Kenya,664,2017-08-01,0.6113988566919832
Kenya,664,2017-09-01,-0.5749307880157853
Kenya,664,2017-10-01,-0.6307890882803504
Kenya,664,2017-11-01,-0.2308726467301945
Kenya,664,2017-12-01,0.5350101678278267
Kenya,664,2018-01-01,1.3190962525106755
Kenya,664,2018-02-01,1.3639087584780454
Kenya,664,2018-03-01,1.3929348396401402
Kenya,664,2018-04-01,1.3459403825035996
Kenya,664,2018-05-01,0.9669086636013229
Kenya,664,2018-06-01,-0.8902268728053735
Kenya,664,2018-07-01,-0.893052441417626
Kenya,664,2018-08-01,0.30885764307611163
Kenya,664,2018-09-01,1.018170478808168
Kenya,664,2018-10-01,-0.7940000704280523
Kenya,664,2018-11-01,-0.1798091339902206
Kenya,664,2018-12-01,0.6549162992178822
"Kazakhstan, Rep. of",916,2011-01-01,NA
"Kazakhstan, Rep. of",916,2011-02-01,1.499999999999977
"Kazakhstan, Rep. of",916,2011-03-01,0.5000000000001006
"Kazakhstan, Rep. of",916,2011-04-01,0.49999999999991335
"Kazakhstan, Rep. of",916,2011-05-01,0.49999999999999256
"Kazakhstan, Rep. of",916,2011-06-01,0.3000000000000116
"Kazakhstan, Rep. of",916,2011-07-01,0.5000000000002036
"Kazakhstan, Rep. of",916,2011-08-01,0.29999999999985705
"Kazakhstan, Rep. of",916,2011-09-01,0.3000000000000987
"Kazakhstan, Rep. of",916,2011-10-01,0.1999999999997722
"Kazakhstan, Rep. of",916,2011-11-01,0.6000000000001589
"Kazakhstan, Rep. of",916,2011-12-01,0.3000000000000251
"Kazakhstan, Rep. of",916,2012-01-01,0.2999999999999178
"Kazakhstan, Rep. of",916,2012-02-01,0.40000000000002345
"Kazakhstan, Rep. of",916,2012-03-01,0.30000000000014587
"Kazakhstan, Rep. of",916,2012-04-01,0.6999999999998303
"Kazakhstan, Rep. of",916,2012-05-01,0.7000000000002159
"Kazakhstan, Rep. of",916,2012-06-01,0.29999999999992544
"Kazakhstan, Rep. of",916,2012-07-01,0.29999999999993576
"Kazakhstan, Rep. of",916,2012-08-01,0.2999999999998533
"Kazakhstan, Rep. of",916,2012-09-01,0.6000000000001766
"Kazakhstan, Rep. of",916,2012-10-01,0.7000000000000827
"Kazakhstan, Rep. of",916,2012-11-01,0.6999999999998218
"Kazakhstan, Rep. of",916,2012-12-01,0.5999999999999983
"Kazakhstan, Rep. of",916,2013-01-01,0.9000000000001247
"Kazakhstan, Rep. of",916,2013-02-01,0.7999999999998336
"Kazakhstan, Rep. of",916,2013-03-01,0.1999999999999832
"Kazakhstan, Rep. of",916,2013-04-01,0.30000000000001253
"Kazakhstan, Rep. of",916,2013-05-01,0.2000000000000837
"Kazakhstan, Rep. of",916,2013-06-01,0.30000000000000315
"Kazakhstan, Rep. of",916,2013-07-01,0.19999999999992038
"Kazakhstan, Rep. of",916,2013-08-01,0.20000000000018917
"Kazakhstan, Rep. of",916,2013-09-01,0.1999999999999462
"Kazakhstan, Rep. of",916,2013-10-01,0.2999999999999739
"Kazakhstan, Rep. of",916,2013-11-01,0.5000000000000019
"Kazakhstan, Rep. of",916,2013-12-01,0.6999999999999759
"Kazakhstan, Rep. of",916,2014-01-01,0.600000000000101
"Kazakhstan, Rep. of",916,2014-02-01,1.6999999999999165
"Kazakhstan, Rep. of",916,2014-03-01,1.000000000000058
"Kazakhstan, Rep. of",916,2014-04-01,0.59999999999991
"Kazakhstan, Rep. of",916,2014-05-01,0.6000000000000766
"Kazakhstan, Rep. of",916,2014-06-01,0.3000000000000428
"Kazakhstan, Rep. of",916,2014-07-01,0.0999999999998403
"Kazakhstan, Rep. of",916,2014-08-01,0.4000000000000229
"Kazakhstan, Rep. of",916,2014-09-01,0.4999999999999195
"Kazakhstan, Rep. of",916,2014-10-01,0.40000000000025876
"Kazakhstan, Rep. of",916,2014-11-01,0.5999999999998948
"Kazakhstan, Rep. of",916,2014-12-01,0.49999999999990025
"Kazakhstan, Rep. of",916,2015-01-01,0.5999999999999854
"Kazakhstan, Rep. of",916,2015-02-01,0.3999999999999501
"Kazakhstan, Rep. of",916,2015-03-01,0.10000000000000206
"Kazakhstan, Rep. of",916,2015-04-01,0.10000000000009265
"Kazakhstan, Rep. of",916,2015-05-01,0.3000000000000178
"Kazakhstan, Rep. of",916,2015-06-01,-0.09999999999989319
"Kazakhstan, Rep. of",916,2015-07-01,0.09999999999990017
"Kazakhstan, Rep. of",916,2015-08-01,0.3000000000000044
"Kazakhstan, Rep. of",916,2015-09-01,1.0000000000000664
"Kazakhstan, Rep. of",916,2015-10-01,5.19999999999986
"Kazakhstan, Rep. of",916,2015-11-01,3.7000000000001614
"Kazakhstan, Rep. of",916,2015-12-01,1.1999999999998006
"Kazakhstan, Rep. of",916,2016-01-01,1.3000000000000498
"Kazakhstan, Rep. of",916,2016-02-01,1.1000000000000474
"Kazakhstan, Rep. of",916,2016-03-01,0.49999999999996186
"Kazakhstan, Rep. of",916,2016-04-01,0.5999999999999869
"Kazakhstan, Rep. of",916,2016-05-01,0.4999999999999787
"Kazakhstan, Rep. of",916,2016-06-01,0.40000000000002506
"Kazakhstan, Rep. of",916,2016-07-01,0.5000000000000249
"Kazakhstan, Rep. of",916,2016-08-01,0.20000000000003526
"Kazakhstan, Rep. of",916,2016-09-01,0.19999999999997706
"Kazakhstan, Rep. of",916,2016-10-01,0.6000000000000009
"Kazakhstan, Rep. of",916,2016-11-01,1.1999999999999609
"Kazakhstan, Rep. of",916,2016-12-01,0.9000000000001233
"Kazakhstan, Rep. of",916,2017-01-01,0.7999999999999695
"Kazakhstan, Rep. of",916,2017-02-01,0.9999999999999944
"Kazakhstan, Rep. of",916,2017-03-01,0.4999999999998768
"Kazakhstan, Rep. of",916,2017-04-01,0.5000000000001118
"Kazakhstan, Rep. of",916,2017-05-01,0.4999999999999876
"Kazakhstan, Rep. of",916,2017-06-01,0.4000000000001004
"Kazakhstan, Rep. of",916,2017-07-01,0.09999999999989477
"Kazakhstan, Rep. of",916,2017-08-01,0.09999999999995256
"Kazakhstan, Rep. of",916,2017-09-01,0.3000000000001141
"Kazakhstan, Rep. of",916,2017-10-01,1.200000000000044
"Kazakhstan, Rep. of",916,2017-11-01,0.8999999999998962
"Kazakhstan, Rep. of",916,2017-12-01,0.7000000000000564
"Kazakhstan, Rep. of",916,2018-01-01,0.5999999999999366
"Kazakhstan, Rep. of",916,2018-02-01,0.7000000000001154
"Kazakhstan, Rep. of",916,2018-03-01,0.4999999999998814
"Kazakhstan, Rep. of",916,2018-04-01,0.4000000000000554
"Kazakhstan, Rep. of",916,2018-05-01,0.19999999999994272
"Kazakhstan, Rep. of",916,2018-06-01,0.19999999999995113
"Kazakhstan, Rep. of",916,2018-07-01,0.10000000000003575
"Kazakhstan, Rep. of",916,2018-08-01,0.2000000000000305
"Kazakhstan, Rep. of",916,2018-09-01,0.39999999999998714
"Kazakhstan, Rep. of",916,2018-10-01,0.3999999999999698
"Kazakhstan, Rep. of",916,2018-11-01,0.9000000000000394
"Kazakhstan, Rep. of",916,2018-12-01,0.6999999999999831
Solomon Islands,813,2011-01-01,NA
Solomon Islands,813,2011-02-01,NA
Solomon Islands,813,2011-03-01,NA
Solomon Islands,813,2011-04-01,NA
Solomon Islands,813,2011-05-01,NA
Solomon Islands,813,2011-06-01,NA
Solomon Islands,813,2011-07-01,NA
Solomon Islands,813,2011-08-01,NA
Solomon Islands,813,2011-09-01,NA
Solomon Islands,813,2011-10-01,NA
Solomon Islands,813,2011-11-01,NA
Solomon Islands,813,2011-12-01,NA
Solomon Islands,813,2012-01-01,NA
Solomon Islands,813,2012-02-01,NA
Solomon Islands,813,2012-03-01,NA
Solomon Islands,813,2012-04-01,NA
Solomon Islands,813,2012-05-01,NA
Solomon Islands,813,2012-06-01,NA
Solomon Islands,813,2012-07-01,NA
Solomon Islands,813,2012-08-01,NA
Solomon Islands,813,2012-09-01,NA
Solomon Islands,813,2012-10-01,NA
Solomon Islands,813,2012-11-01,NA
Solomon Islands,813,2012-12-01,NA
Solomon Islands,813,2013-01-01,NA
Solomon Islands,813,2013-02-01,NA
Solomon Islands,813,2013-03-01,NA
Solomon Islands,813,2013-04-01,NA
Solomon Islands,813,2013-05-01,NA
Solomon Islands,813,2013-06-01,NA
Solomon Islands,813,2013-07-01,NA
Solomon Islands,813,2013-08-01,NA
Solomon Islands,813,2013-09-01,NA
Solomon Islands,813,2013-10-01,NA
Solomon Islands,813,2013-11-01,NA
Solomon Islands,813,2013-12-01,NA
Solomon Islands,813,2014-01-01,NA
Solomon Islands,813,2014-02-01,2.725993668659826
Solomon Islands,813,2014-03-01,0.25680534155116247
Solomon Islands,813,2014-04-01,3.9617486338799135
Solomon Islands,813,2014-05-01,-0.2628120893559914
Solomon Islands,813,2014-06-01,-0.3787878787880893
Solomon Islands,813,2014-07-01,-0.5620763762605339
Solomon Islands,813,2014-08-01,-2.0282626766417984
Solomon Islands,813,2014-09-01,0.47513999660613226
Solomon Islands,813,2014-10-01,-0.7093396385746062
Solomon Islands,813,2014-11-01,-1.4118047286953337
Solomon Islands,813,2014-12-01,-0.7591442374050881
Solomon Islands,813,2015-01-01,1.3212795549374652
Solomon Islands,813,2015-02-01,-1.4070006863418694
Solomon Islands,813,2015-03-01,0.1740341106856801
Solomon Islands,813,2015-04-01,0.052119527449664735
Solomon Islands,813,2015-05-01,-0.1736412571626729
Solomon Islands,813,2015-06-01,1.4611236736823756
Solomon Islands,813,2015-07-01,1.525801474369946
Solomon Islands,813,2015-08-01,0.9456264775415634
Solomon Islands,813,2015-09-01,-0.7360321177653162
Solomon Islands,813,2015-10-01,0.9605662285138616
Solomon Islands,813,2015-11-01,-0.016691704223611447
Solomon Islands,813,2015-12-01,-0.5843071786306753
Solomon Islands,813,2016-01-01,0.6884970612933633
Solomon Islands,813,2016-02-01,0
Solomon Islands,813,2016-03-01,0.2835223482316598
Solomon Islands,813,2016-04-01,-0.1829369698983492
Solomon Islands,813,2016-05-01,-0.8997000999670383
Solomon Islands,813,2016-06-01,-0.9414929388026577
Solomon Islands,813,2016-07-01,-0.25458248472502276
Solomon Islands,813,2016-08-01,-0.6976348477114529
Solomon Islands,813,2016-09-01,-0.4455106237148221
Solomon Islands,813,2016-10-01,0.08605851979344518
Solomon Islands,813,2016-11-01,-0.36113499570075125
Solomon Islands,813,2016-12-01,0.5005177770107246
Solomon Islands,813,2017-01-01,0.37781212433451855
Solomon Islands,813,2017-02-01,0.444824636441366
Solomon Islands,813,2017-03-01,1.5840572304543241
Solomon Islands,813,2017-04-01,0.10060362173109484
Solomon Islands,813,2017-05-01,0.3182579564486513
Solomon Islands,813,2017-06-01,-0.40073468024695996
Solomon Islands,813,2017-07-01,-0.06705783738520477
Solomon Islands,813,2017-08-01,-0.4529441368894719
Solomon Islands,813,2017-09-01,-0.5898213683855897
Solomon Islands,813,2017-10-01,0.0678081030682825
Solomon Islands,813,2017-11-01,-0.03388107741820203
Solomon Islands,813,2017-12-01,0.7625826131168217
Solomon Islands,813,2018-01-01,1.7322569794816347
Solomon Islands,813,2018-02-01,2.0829889237889105
Solomon Islands,813,2018-03-01,-0.2522137620406313
Solomon Islands,813,2018-04-01,0
Solomon Islands,813,2018-05-01,-0.8662175168431239
Solomon Islands,813,2018-06-01,-0.19417475728155617
Solomon Islands,813,2018-07-01,0.19455252918288216
Solomon Islands,813,2018-08-01,0.19417475728155617
Solomon Islands,813,2018-09-01,0.6782945736434136
Solomon Islands,813,2018-10-01,-0.19249278152069568
Solomon Islands,813,2018-11-01,0.28929604628736466
Solomon Islands,813,2018-12-01,0.09615384615384068
"Iran, Islamic Rep. of",429,2011-01-01,NA
"Iran, Islamic Rep. of",429,2011-02-01,2.586206896551714
"Iran, Islamic Rep. of",429,2011-03-01,3.36134453781525
"Iran, Islamic Rep. of",429,2011-04-01,4.1729680424818625
"Iran, Islamic Rep. of",429,2011-05-01,2.7545877846571343
"Iran, Islamic Rep. of",429,2011-06-01,1.788312586201116
"Iran, Islamic Rep. of",429,2011-07-01,1.848689498588984
"Iran, Islamic Rep. of",429,2011-08-01,2.249121894064909
"Iran, Islamic Rep. of",429,2011-09-01,1.6264577032307146
"Iran, Islamic Rep. of",429,2011-10-01,1.6729244768942706
"Iran, Islamic Rep. of",429,2011-11-01,1.1201745321921885
"Iran, Islamic Rep. of",429,2011-12-01,1.4800399738467698
"Iran, Islamic Rep. of",429,2012-01-01,1.4176876580829407
"Iran, Islamic Rep. of",429,2012-02-01,2.2041804033715797
"Iran, Islamic Rep. of",429,2012-03-01,2.2827936499781583
"Iran, Islamic Rep. of",429,2012-04-01,1.8708495076912277
"Iran, Islamic Rep. of",429,2012-05-01,1.5183871543390035
"Iran, Islamic Rep. of",429,2012-06-01,0.8590188773890098
"Iran, Islamic Rep. of",429,2012-07-01,4.020807378937834
"Iran, Islamic Rep. of",429,2012-08-01,2.316879712617091
"Iran, Islamic Rep. of",429,2012-09-01,2.1351054083514076
"Iran, Islamic Rep. of",429,2012-10-01,5.130251694837234
"Iran, Islamic Rep. of",429,2012-11-01,3.6616183006172904
"Iran, Islamic Rep. of",429,2012-12-01,1.4694860216111885
"Iran, Islamic Rep. of",429,2013-01-01,2.1791153478664476
"Iran, Islamic Rep. of",429,2013-02-01,4.733471801867915
"Iran, Islamic Rep. of",429,2013-03-01,2.903488475305373
"Iran, Islamic Rep. of",429,2013-04-01,3.351895088107187
"Iran, Islamic Rep. of",429,2013-05-01,1.1120740209636353
"Iran, Islamic Rep. of",429,2013-06-01,2.927005809709785
"Iran, Islamic Rep. of",429,2013-07-01,2.3598297246904
"Iran, Islamic Rep. of",429,2013-08-01,1.804043849216218
"Iran, Islamic Rep. of",429,2013-09-01,1.2367314132902287
"Iran, Islamic Rep. of",429,2013-10-01,1.3920354445972798
"Iran, Islamic Rep. of",429,2013-11-01,1.481379204402923
"Iran, Islamic Rep. of",429,2013-12-01,0.5035302384392569
"Iran, Islamic Rep. of",429,2014-01-01,1.1233461794086972
"Iran, Islamic Rep. of",429,2014-02-01,0.07227787845940703
"Iran, Islamic Rep. of",429,2014-03-01,0.7523969739164524
"Iran, Islamic Rep. of",429,2014-04-01,1.4362223056249972
"Iran, Islamic Rep. of",429,2014-05-01,0.7231114059062215
"Iran, Islamic Rep. of",429,2014-06-01,0.7091029397163865
"Iran, Islamic Rep. of",429,2014-07-01,2.443875401743869
"Iran, Islamic Rep. of",429,2014-08-01,1.5700788699291364
"Iran, Islamic Rep. of",429,2014-09-01,0.8276620285136735
"Iran, Islamic Rep. of",429,2014-10-01,1.2678099709047037
"Iran, Islamic Rep. of",429,2014-11-01,0.8751376183687287
"Iran, Islamic Rep. of",429,2014-12-01,2.033117765801618
"Iran, Islamic Rep. of",429,2015-01-01,0.7458450232106639
"Iran, Islamic Rep. of",429,2015-02-01,0.05667239825620848
"Iran, Islamic Rep. of",429,2015-03-01,0.5537011430716852
"Iran, Islamic Rep. of",429,2015-04-01,1.2217362143582609
"Iran, Islamic Rep. of",429,2015-05-01,0.5419357095614631
"Iran, Islamic Rep. of",429,2015-06-01,1.1402683258213686
"Iran, Islamic Rep. of",429,2015-07-01,1.2031141262649614
"Iran, Islamic Rep. of",429,2015-08-01,0.5009748737685105
"Iran, Islamic Rep. of",429,2015-09-01,0.7513847085774213
"Iran, Islamic Rep. of",429,2015-10-01,0.6365683217001536
"Iran, Islamic Rep. of",429,2015-11-01,0.6112863015866687
"Iran, Islamic Rep. of",429,2015-12-01,1.2885766656327216
"Iran, Islamic Rep. of",429,2016-01-01,0.3437517662596551
"Iran, Islamic Rep. of",429,2016-02-01,-0.3461325765284146
"Iran, Islamic Rep. of",429,2016-03-01,0.19434870111084485
"Iran, Islamic Rep. of",429,2016-04-01,0.6439663623216104
"Iran, Islamic Rep. of",429,2016-05-01,0.0913765176670425
"Iran, Islamic Rep. of",429,2016-06-01,0.6751247529114427
"Iran, Islamic Rep. of",429,2016-07-01,1.0711259721020696
"Iran, Islamic Rep. of",429,2016-08-01,1.0220322871054925
"Iran, Islamic Rep. of",429,2016-09-01,0.33283715154944143
"Iran, Islamic Rep. of",429,2016-10-01,0.48445016983679784
"Iran, Islamic Rep. of",429,2016-11-01,0.2504436670275764
"Iran, Islamic Rep. of",429,2016-12-01,0.780965030251575
"Iran, Islamic Rep. of",429,2017-01-01,0.8153823107286785
"Iran, Islamic Rep. of",429,2017-02-01,0.49568249028722544
"Iran, Islamic Rep. of",429,2017-03-01,1.22920085436157
"Iran, Islamic Rep. of",429,2017-04-01,1.437896392942038
"Iran, Islamic Rep. of",429,2017-05-01,-0.11328492032002413
"Iran, Islamic Rep. of",429,2017-06-01,0.16663379764043487
"Iran, Islamic Rep. of",429,2017-07-01,1.046648334413921
"Iran, Islamic Rep. of",429,2017-08-01,0.38687503991821526
"Iran, Islamic Rep. of",429,2017-09-01,0.013012887054122567
"Iran, Islamic Rep. of",429,2017-10-01,1.3278875106091783
"Iran, Islamic Rep. of",429,2017-11-01,1.0275841409831263
"Iran, Islamic Rep. of",429,2017-12-01,0.7473450820335331
"Iran, Islamic Rep. of",429,2018-01-01,0.4135933065601155
"Iran, Islamic Rep. of",429,2018-02-01,0.26809245867248355
"Iran, Islamic Rep. of",429,2018-03-01,0.22096367706658748
"Iran, Islamic Rep. of",429,2018-04-01,1.327988501644109
"Iran, Islamic Rep. of",429,2018-05-01,1.0805304228938484
"Iran, Islamic Rep. of",429,2018-06-01,1.8641571664796859
"Iran, Islamic Rep. of",429,2018-07-01,4.426297131707083
"Iran, Islamic Rep. of",429,2018-08-01,5.219835645114474
"Iran, Islamic Rep. of",429,2018-09-01,5.38966423859819
"Iran, Islamic Rep. of",429,2018-10-01,7.050325231605391
"Iran, Islamic Rep. of",429,2018-11-01,2.618034959640067
"Iran, Islamic Rep. of",429,2018-12-01,2.581814748889348
Samoa,862,2011-01-01,NA
Samoa,862,2011-02-01,-0.5774783445620763
Samoa,862,2011-03-01,0.38722168441432536
Samoa,862,2011-04-01,0
Samoa,862,2011-05-01,0.19286403085824402
Samoa,862,2011-06-01,0.09624639076034602
Samoa,862,2011-07-01,1.4423076923076108
Samoa,862,2011-08-01,-0.3791469194312781
Samoa,862,2011-09-01,0.09514747859181694
Samoa,862,2011-10-01,2.566539923954407
Samoa,862,2011-11-01,2.038924930491216
Samoa,862,2011-12-01,2.2706630336063376
Samoa,862,2012-01-01,-1.332149200710976
Samoa,862,2012-02-01,-2.0702070207020884
Samoa,862,2012-03-01,-0.18382352941177815
Samoa,862,2012-04-01,1.8416206261515473
Samoa,862,2012-05-01,-2.0795660036171495
Samoa,862,2012-06-01,1.292705447830325
Samoa,862,2012-07-01,-0.18231540565218626
Samoa,862,2012-08-01,-1.278538812785201
Samoa,862,2012-09-01,-2.867715078630842
Samoa,862,2012-10-01,0.2857142857141957
Samoa,862,2012-11-01,-0.4748338081670513
Samoa,862,2012-12-01,0.28625954198464265
Samoa,862,2013-01-01,5.423406279733551
Samoa,862,2013-02-01,2.5270758122740093
Samoa,862,2013-03-01,-1.8485915492955152
Samoa,862,2013-04-01,-1.2556053811657488
Samoa,862,2013-05-01,-0.8174386920983987
Samoa,862,2013-06-01,-1.2820512820509964
Samoa,862,2013-07-01,-0.09276437847867817
Samoa,862,2013-08-01,-0.4642525533890417
Samoa,862,2013-09-01,0.2798507462686555
Samoa,862,2013-10-01,-1.3023255813953578
Samoa,862,2013-11-01,-0.7540056550424243
Samoa,862,2013-12-01,0.6647673314340101
Samoa,862,2014-01-01,1.1320754716981232
Samoa,862,2014-02-01,-0.46641791044777375
Samoa,862,2014-03-01,1.593252108716049
Samoa,862,2014-04-01,-1.1070110701107108
Samoa,862,2014-05-01,0.18656716417910368
Samoa,862,2014-06-01,0.558659217877107
Samoa,862,2014-07-01,-0.3703703703703831
Samoa,862,2014-08-01,-0.18587360594795463
Samoa,862,2014-09-01,-0.1862197392923642
Samoa,862,2014-10-01,1.772388059701514
Samoa,862,2014-11-01,0.09165902841399998
Samoa,862,2014-12-01,2.6556776556779926
Samoa,862,2015-01-01,-0.7136485280995202
Samoa,862,2015-02-01,-1.1680143755616605
Samoa,862,2015-03-01,-1.0909090909093928
Samoa,862,2015-04-01,1.2867647058820624
Samoa,862,2015-05-01,-1.905626134301
Samoa,862,2015-06-01,0.2775208140610534
Samoa,862,2015-07-01,1.5682656826568484
Samoa,862,2015-08-01,-2.4523160762943093
Samoa,862,2015-09-01,-1.1173184357541996
Samoa,862,2015-10-01,1.883239171374786
Samoa,862,2015-11-01,0.46210720887247075
Samoa,862,2015-12-01,0.7359705611773499
Samoa,862,2016-01-01,4.018264840182511
Samoa,862,2016-02-01,-4.214223002633571
Samoa,862,2016-03-01,-0.39747165028279596
Samoa,862,2016-04-01,-0.14156902470770474
Samoa,862,2016-05-01,0.7876802848064182
Samoa,862,2016-06-01,1.34707349864905
Samoa,862,2016-07-01,1.8105105751673123
Samoa,862,2016-08-01,-1.7116170348172093
Samoa,862,2016-09-01,-0.33551979650543345
Samoa,862,2016-10-01,-0.7959075453097011
Samoa,862,2016-11-01,-0.33710165001725056
Samoa,862,2016-12-01,0.9204270605765958
Samoa,862,2017-01-01,0.4057616099189047
Samoa,862,2017-02-01,0.13206206935146866
Samoa,862,2017-03-01,-0.6346971523163324
Samoa,862,2017-04-01,-0.26972516311725825
Samoa,862,2017-05-01,0.9647839630957906
Samoa,862,2017-06-01,0.919004537768177
Samoa,862,2017-07-01,0.7445129521306602
Samoa,862,2017-08-01,0.8644200336963287
Samoa,862,2017-09-01,-0.6510166943238179
Samoa,862,2017-10-01,0.6351337126203764
Samoa,862,2017-11-01,0.6909728775118864
Samoa,862,2017-12-01,-0.007192915645125383
Samoa,862,2018-01-01,0.7203889348178921
Samoa,862,2018-02-01,-0.4083942452406787
Samoa,862,2018-03-01,-0.620108614084967
Samoa,862,2018-04-01,0.6254545668507895
Samoa,862,2018-05-01,1.9425639740928833
Samoa,862,2018-06-01,1.1293405319404197
Samoa,862,2018-07-01,1.0448145146659242
Samoa,862,2018-08-01,-0.2819601377735766
Samoa,862,2018-09-01,-0.6128244127431409
Samoa,862,2018-10-01,0.27564315462694167
Samoa,862,2018-11-01,-2.291133816821271
Samoa,862,2018-12-01,-0.21794303020595857
Montenegro,943,2011-01-01,NA
Montenegro,943,2011-02-01,0.919509826499919
Montenegro,943,2011-03-01,1.9130749942814143
Montenegro,943,2011-04-01,0.051959193024240985
Montenegro,943,2011-05-01,-5.702951314566206e-4
Montenegro,943,2011-06-01,-0.181312751621453
Montenegro,943,2011-07-01,-0.35489661837403963
Montenegro,943,2011-08-01,0.89151931783665594
Montenegro,943,2011-09-01,0.019361049002766938
Montenegro,943,2011-10-01,0.3142275587263563
Montenegro,943,2011-11-01,-0.09062016936032437
Montenegro,943,2011-12-01,-0.1641883157141983
Montenegro,943,2012-01-01,0.7461101664291938
Montenegro,943,2012-02-01,1.0400921618299481
Montenegro,943,2012-03-01,0.3647913990004697
Montenegro,943,2012-04-01,0.47547957546015807
Montenegro,943,2012-05-01,0.37518167423183757
Montenegro,943,2012-06-01,0.17612377720254668
Montenegro,943,2012-07-01,0.1997004977777948
Montenegro,943,2012-08-01,0.43158227955466266
Montenegro,943,2012-09-01,0.4274682167145594
Montenegro,943,2012-10-01,1.1374755981676212
Montenegro,943,2012-11-01,-0.0725283242755346
Montenegro,943,2012-12-01,-0.3498002364258437
Montenegro,943,2013-01-01,-0.06543485431336106
Montenegro,943,2013-02-01,0.11040365015541388
Montenegro,943,2013-03-01,0.42884163780405726
Montenegro,943,2013-04-01,0.33269002739540665
Montenegro,943,2013-05-01,0.2159282096246553
Montenegro,943,2013-06-01,-0.6343413552903517
Montenegro,943,2013-07-01,0.7017144285641469
Montenegro,943,2013-08-01,-0.07124909577839006
Montenegro,943,2013-09-01,0.07947360202090681
Montenegro,943,2013-10-01,-0.15356096456074897
Montenegro,943,2013-11-01,-0.5592019287280261
Montenegro,943,2013-12-01,-0.0428701998107429
Montenegro,943,2014-01-01,-0.791801742072795
Montenegro,943,2014-02-01,-0.04675623411107403
Montenegro,943,2014-03-01,0.0749696425348603
Montenegro,943,2014-04-01,-0.166837820601605
Montenegro,943,2014-05-01,0.3489989592893998
Montenegro,943,2014-06-01,0.5374938228268148
Montenegro,943,2014-07-01,-0.4479274425291528
Montenegro,943,2014-08-01,0.05108947036948404
Montenegro,943,2014-09-01,0.48798999500607204
Montenegro,943,2014-10-01,0.06956345518091028
Montenegro,943,2014-11-01,-0.07248756873132658
Montenegro,943,2014-12-01,-0.3724109753196343
Montenegro,943,2015-01-01,-0.24876295914682384
Montenegro,943,2015-02-01,0.33014663104251907
Montenegro,943,2015-03-01,1.1224578315543001
Montenegro,943,2015-04-01,0.29106890004011804
Montenegro,943,2015-05-01,0.5695137987558719
Montenegro,943,2015-06-01,0.08804432004490025
Montenegro,943,2015-07-01,-0.45939239386880704
Montenegro,943,2015-08-01,0.07932088843705697
Montenegro,943,2015-09-01,0.3479151287450734
Montenegro,943,2015-10-01,-0.14284068345405537
Montenegro,943,2015-11-01,-0.22477744311927486
Montenegro,943,2015-12-01,-0.33152101967767217
Montenegro,943,2016-01-01,-0.6800704781743053
Montenegro,943,2016-02-01,-0.37594378170754655
Montenegro,943,2016-03-01,-0.07362145895994235
Montenegro,943,2016-04-01,0.4256322270132938
Montenegro,943,2016-05-01,0.14288249151839874
Montenegro,943,2016-06-01,0.02067843601802922
Montenegro,943,2016-07-01,-0.07200887101361925
Montenegro,943,2016-08-01,0.12249907287120879
Montenegro,943,2016-09-01,0.896756182702119
Montenegro,943,2016-10-01,0.3786956919638157
Montenegro,943,2016-11-01,0.054549766029508874
Montenegro,943,2016-12-01,0.1779351223041712
Montenegro,943,2017-01-01,0.3107376273005375
Montenegro,943,2017-02-01,0.11980428675883624
Montenegro,943,2017-03-01,0.09438585452479675
Montenegro,943,2017-04-01,0.05444454632082874
Montenegro,943,2017-05-01,0.08290616277676974
Montenegro,943,2017-06-01,-0.14009143409175637
Montenegro,943,2017-07-01,0.23789534357517841
Montenegro,943,2017-08-01,0.5333434794757413
Montenegro,943,2017-09-01,0.8917754414894665
Montenegro,943,2017-10-01,-0.14712141331074097
Montenegro,943,2017-11-01,0.11794131715428845
Montenegro,943,2017-12-01,-0.2499314402270953
Montenegro,943,2018-01-01,0.9933554338328845
Montenegro,943,2018-02-01,0.25002970365289595
Montenegro,943,2018-03-01,0.2290488013361078
Montenegro,943,2018-04-01,0.078376803493106
Montenegro,943,2018-05-01,0.3110147283782665
Montenegro,943,2018-06-01,0.15253718623879675
Montenegro,943,2018-07-01,0.19550338882204735
Montenegro,943,2018-08-01,-0.06573235852633956
Montenegro,943,2018-09-01,0.059727160324251426
Montenegro,943,2018-10-01,-0.16255041553154487
Montenegro,943,2018-11-01,0.17055338443802753
Montenegro,943,2018-12-01,-0.5866489315234705
Brunei Darussalam,516,2011-01-01,NA
Brunei Darussalam,516,2011-02-01,0.0650065036478279
Brunei Darussalam,516,2011-03-01,0.00706741011551913
Brunei Darussalam,516,2011-04-01,-0.028557106527517886
Brunei Darussalam,516,2011-05-01,0.049712145808095076
Brunei Darussalam,516,2011-06-01,-0.07615282057844079
Brunei Darussalam,516,2011-07-01,-0.09179058962165285
Brunei Darussalam,516,2011-08-01,-0.08203867763283523
Brunei Darussalam,516,2011-09-01,0.1776679784753296
Brunei Darussalam,516,2011-10-01,0.10723662463328112
Brunei Darussalam,516,2011-11-01,-0.03946485811959969
Brunei Darussalam,516,2011-12-01,0.052065078452928466
Brunei Darussalam,516,2012-01-01,0.05042208421528059
Brunei Darussalam,516,2012-02-01,0.05341748265016201
Brunei Darussalam,516,2012-03-01,-0.02674430353235173
Brunei Darussalam,516,2012-04-01,-0.0456688452560546
Brunei Darussalam,516,2012-05-01,-0.0166026558665414
Brunei Darussalam,516,2012-06-01,-0.09208274861197324
Brunei Darussalam,516,2012-07-01,-0.05391501253090785
Brunei Darussalam,516,2012-08-01,-0.03954169191466801
Brunei Darussalam,516,2012-09-01,0.16527351712905772
Brunei Darussalam,516,2012-10-01,0.0803507382041972
Brunei Darussalam,516,2012-11-01,0.012758084588890481
Brunei Darussalam,516,2012-12-01,-0.04968042085137696
Brunei Darussalam,516,2013-01-01,0.1029299694321588
Brunei Darussalam,516,2013-02-01,-0.03229253490561042
Brunei Darussalam,516,2013-03-01,0.07473921980622748
Brunei Darussalam,516,2013-04-01,-0.03410087346985209
Brunei Darussalam,516,2013-05-01,-0.004999847614485007
Brunei Darussalam,516,2013-06-01,-0.027052320941746935
Brunei Darussalam,516,2013-07-01,-0.1402598044368518
Brunei Darussalam,516,2013-08-01,0.9175786515226969
Brunei Darussalam,516,2013-09-01,-0.025081614109753486
Brunei Darussalam,516,2013-10-01,-0.02414846977614333
Brunei Darussalam,516,2013-11-01,0.2967359050449988
Brunei Darussalam,516,2013-12-01,-0.9378205128211976
Brunei Darussalam,516,2014-01-01,-0.8669768404973056
Brunei Darussalam,516,2014-02-01,0.832059794625269
Brunei Darussalam,516,2014-03-01,-0.11756184072532279
Brunei Darussalam,516,2014-04-01,0.35931270016659306
Brunei Darussalam,516,2014-05-01,-0.4529799787465185
Brunei Darussalam,516,2014-06-01,0.3792176548655884
Brunei Darussalam,516,2014-07-01,-0.5898497480491071
Brunei Darussalam,516,2014-08-01,0.8484010376492235
Brunei Darussalam,516,2014-09-01,-0.11633665109373201
Brunei Darussalam,516,2014-10-01,-0.3796912683711298
Brunei Darussalam,516,2014-11-01,-0.2294166416327838
Brunei Darussalam,516,2014-12-01,1.5843040549878913
Brunei Darussalam,516,2015-01-01,-1.5997687740072253
Brunei Darussalam,516,2015-02-01,-0.5365599999999944
Brunei Darussalam,516,2015-03-01,0.5004351347590595
Brunei Darussalam,516,2015-04-01,0.13399200229608663
Brunei Darussalam,516,2015-05-01,-0.27760591349448566
Brunei Darussalam,516,2015-06-01,0.0990109325781858
Brunei Darussalam,516,2015-07-01,-0.31200180071097694
Brunei Darussalam,516,2015-08-01,0.5251176278947745
Brunei Darussalam,516,2015-09-01,-0.16032576101305396
Brunei Darussalam,516,2015-10-01,-0.39009927890101886
Brunei Darussalam,516,2015-11-01,0.42978847802937786
Brunei Darussalam,516,2015-12-01,0.20609998354080952
Brunei Darussalam,516,2016-01-01,-0.8378623617753621
Brunei Darussalam,516,2016-02-01,0.17434604383919539
Brunei Darussalam,516,2016-03-01,0.5703474191816991
Brunei Darussalam,516,2016-04-01,-0.7054375114995863
Brunei Darussalam,516,2016-05-01,0.31037327584793795
Brunei Darussalam,516,2016-06-01,-0.17757673296518997
Brunei Darussalam,516,2016-07-01,-0.0438326955339651
Brunei Darussalam,516,2016-08-01,0.16848262316278018
Brunei Darussalam,516,2016-09-01,-0.09297465412193996
Brunei Darussalam,516,2016-10-01,0.07548541005419944
Brunei Darussalam,516,2016-11-01,0.12262646437465204
Brunei Darussalam,516,2016-12-01,-0.18442106579920758
Brunei Darussalam,516,2017-01-01,-1.5699682282799845
Brunei Darussalam,516,2017-02-01,0.3450254369414185
Brunei Darussalam,516,2017-03-01,0.0789470607343404
Brunei Darussalam,516,2017-04-01,-0.32369682642402836
Brunei Darussalam,516,2017-05-01,0.31483119941515025
Brunei Darussalam,516,2017-06-01,-0.34768616134707336
Brunei Darussalam,516,2017-07-01,0.4385174316057311
Brunei Darussalam,516,2017-08-01,-0.33673772777100835
Brunei Darussalam,516,2017-09-01,0.22709045749519766
Brunei Darussalam,516,2017-10-01,0.04494731418711098
Brunei Darussalam,516,2017-11-01,-0.22126327587272654
Brunei Darussalam,516,2017-12-01,0.9097276304202743
Brunei Darussalam,516,2018-01-01,-0.05572810575991713
Brunei Darussalam,516,2018-02-01,0.2745160463592628
Brunei Darussalam,516,2018-03-01,0.31390913204387083
Brunei Darussalam,516,2018-04-01,-0.24189010853595755
Brunei Darussalam,516,2018-05-01,0.06977050172393191
Brunei Darussalam,516,2018-06-01,-0.3833897930258032
Brunei Darussalam,516,2018-07-01,0.3265603493858758
Brunei Darussalam,516,2018-08-01,0.04108698149185477
Brunei Darussalam,516,2018-09-01,0.2156054945268169
Brunei Darussalam,516,2018-10-01,-0.27573643749927335
Brunei Darussalam,516,2018-11-01,-0.11172625718950722
Brunei Darussalam,516,2018-12-01,-0.17608561201080647
Bhutan,514,2011-01-01,NA
Bhutan,514,2011-02-01,NA
Bhutan,514,2011-03-01,NA
Bhutan,514,2011-04-01,NA
Bhutan,514,2011-05-01,NA
Bhutan,514,2011-06-01,NA
Bhutan,514,2011-07-01,NA
Bhutan,514,2011-08-01,NA
Bhutan,514,2011-09-01,NA
Bhutan,514,2011-10-01,NA
Bhutan,514,2011-11-01,NA
Bhutan,514,2011-12-01,NA
Bhutan,514,2012-01-01,NA
Bhutan,514,2012-02-01,NA
Bhutan,514,2012-03-01,NA
Bhutan,514,2012-04-01,NA
Bhutan,514,2012-05-01,NA
Bhutan,514,2012-06-01,NA
Bhutan,514,2012-07-01,NA
Bhutan,514,2012-08-01,NA
Bhutan,514,2012-09-01,NA
Bhutan,514,2012-10-01,NA
Bhutan,514,2012-11-01,NA
Bhutan,514,2012-12-01,NA
Bhutan,514,2013-01-01,2.0580537273141015
Bhutan,514,2013-02-01,0.7207716499725838
Bhutan,514,2013-03-01,0.5862945320399615
Bhutan,514,2013-04-01,0.9325786519069879
Bhutan,514,2013-05-01,0.2989925677152017
Bhutan,514,2013-06-01,1.4434211160325694
Bhutan,514,2013-07-01,2.1899160595511904
Bhutan,514,2013-08-01,0.04370540504050786
Bhutan,514,2013-09-01,0.7201971690831613
Bhutan,514,2013-10-01,1.3411507101560123
Bhutan,514,2013-11-01,0.4605130460448775
Bhutan,514,2013-12-01,0.4638949327907509
Bhutan,514,2014-01-01,0.41413880593791996
Bhutan,514,2014-02-01,0.17986938328598684
Bhutan,514,2014-03-01,0.16890620649191124
Bhutan,514,2014-04-01,0.5848287673065083
Bhutan,514,2014-05-01,0.6432048160887154
Bhutan,514,2014-06-01,0.6107131618066209
Bhutan,514,2014-07-01,2.1764987454697677
Bhutan,514,2014-08-01,0.6875525089819357
Bhutan,514,2014-09-01,0.39356782254213973
Bhutan,514,2014-10-01,0.10521209690494045
Bhutan,514,2014-11-01,0.07224837504730781
Bhutan,514,2014-12-01,0.24146567061473956
Bhutan,514,2015-01-01,0.2935751655372986
Bhutan,514,2015-02-01,0.2339745424922817
Bhutan,514,2015-03-01,0.1160628978951347
Bhutan,514,2015-04-01,0.03193695597876128
Bhutan,514,2015-05-01,0.005880896754355642
Bhutan,514,2015-06-01,0.3291024377333306
Bhutan,514,2015-07-01,0.9050979082393591
Bhutan,514,2015-08-01,0.34883430245699604
Bhutan,514,2015-09-01,0.42713844228735753
Bhutan,514,2015-10-01,0.5096892415781906
Bhutan,514,2015-11-01,0.10074480936611173
Bhutan,514,2015-12-01,0.0947481052975903
Bhutan,514,2016-01-01,0.015719147385797147
Bhutan,514,2016-02-01,0.06374820864054052
Bhutan,514,2016-03-01,0.07847062845264653
Bhutan,514,2016-04-01,0.15181418445712574
Bhutan,514,2016-05-01,0.22933397638554678
Bhutan,514,2016-06-01,0.5839140354738235
Bhutan,514,2016-07-01,0.2325043405564361
Bhutan,514,2016-08-01,0.3227200070102312
Bhutan,514,2016-09-01,0.32022160339259054
Bhutan,514,2016-10-01,0.39897777531866685
Bhutan,514,2016-11-01,1.3695916327676094
Bhutan,514,2016-12-01,0.7422761667162981
Bhutan,514,2017-01-01,0.49568863960868237
Bhutan,514,2017-02-01,0.583821527419858
Bhutan,514,2017-03-01,-0.45679538988860424
Bhutan,514,2017-04-01,0.8107404840642007
Bhutan,514,2017-05-01,0.11753892077595318
Bhutan,514,2017-06-01,-0.09864478456915429
Bhutan,514,2017-07-01,0.5633884903004955
Bhutan,514,2017-08-01,0.37400783345917443
Bhutan,514,2017-09-01,-0.0869849922606077
Bhutan,514,2017-10-01,0.3546579625647718
Bhutan,514,2017-11-01,0.25312336435522936
Bhutan,514,2017-12-01,0.34838575066719757
Bhutan,514,2018-01-01,0.1802316942813973
Bhutan,514,2018-02-01,0.22717309118891502
Bhutan,514,2018-03-01,0.1417862949090723
Bhutan,514,2018-04-01,0.14471015999645823
Bhutan,514,2018-05-01,0.19182064281748415
Bhutan,514,2018-06-01,-0.1721741927324659
Bhutan,514,2018-07-01,0.039505061709976
Bhutan,514,2018-08-01,0.48852569458979417
Bhutan,514,2018-09-01,0.47824458497581845
Bhutan,514,2018-10-01,0.72089449169843
Bhutan,514,2018-11-01,0.2610375385064788
Bhutan,514,2018-12-01,0.3884325789359368
Tunisia,744,2011-01-01,NA
Tunisia,744,2011-02-01,-0.2949606607190977
Tunisia,744,2011-03-01,0.12861670882272683
Tunisia,744,2011-04-01,0.3339271857817175
Tunisia,744,2011-05-01,0.4115034185655334
Tunisia,744,2011-06-01,0.3874235118056103
Tunisia,744,2011-07-01,0.3794019637863091
Tunisia,744,2011-08-01,0.40902859671142194
Tunisia,744,2011-09-01,0.5380420449945849
Tunisia,744,2011-10-01,0.8804686310551612
Tunisia,744,2011-11-01,0.11985446274836817
Tunisia,744,2011-12-01,-0.0636386271037436
Tunisia,744,2012-01-01,0.6189681898571623
Tunisia,744,2012-02-01,0.5802025947624666
Tunisia,744,2012-03-01,-0.07884379734000907
Tunisia,744,2012-04-01,0.47540633778422176
Tunisia,744,2012-05-01,0.12371678909417302
Tunisia,744,2012-06-01,0.18313943369703145
Tunisia,744,2012-07-01,0.5509201430889081
Tunisia,744,2012-08-01,0.7952657292258704
Tunisia,744,2012-09-01,0.6279304302840306
Tunisia,744,2012-10-01,0.33499243224785535
Tunisia,744,2012-11-01,0.41375585938136394
Tunisia,744,2012-12-01,0.6232935158111053
Tunisia,744,2013-01-01,0.6289720854699898
Tunisia,744,2013-02-01,0.12444477037098121
Tunisia,744,2013-03-01,0.5801380585892862
Tunisia,744,2013-04-01,0.4377278385000514
Tunisia,744,2013-05-01,0.24846818964987336
Tunisia,744,2013-06-01,0.505719537772536
Tunisia,744,2013-07-01,0.31478983687936035
Tunisia,744,2013-08-01,0.13351948992553375
Tunisia,744,2013-09-01,0.15678094943256923
Tunisia,744,2013-10-01,0.6263452738963412
Tunisia,744,2013-11-01,0.5855642587291371
Tunisia,744,2013-12-01,0.7644528943467196
Tunisia,744,2014-01-01,0.2428251931429568
Tunisia,744,2014-02-01,-0.2112394318751777
Tunisia,744,2014-03-01,-0.03063854725886414
Tunisia,744,2014-04-01,0.5687712584285
Tunisia,744,2014-05-01,0.7124798898875022
Tunisia,744,2014-06-01,0.446705689776854
Tunisia,744,2014-07-01,0.9289066502566402
Tunisia,744,2014-08-01,0.15115251374602018
Tunisia,744,2014-09-01,0.23010513502038235
Tunisia,744,2014-10-01,0.5831470649775152
Tunisia,744,2014-11-01,0.32791930680341586
Tunisia,744,2014-12-01,0.4110556361226363
Tunisia,744,2015-01-01,0.7348718948339872
Tunisia,744,2015-02-01,0.06857772578927561
Tunisia,744,2015-03-01,-0.04967910975471393
Tunisia,744,2015-04-01,0.5508722785209369
Tunisia,744,2015-05-01,0.2912387219473199
Tunisia,744,2015-06-01,0.17165667662843634
Tunisia,744,2015-07-01,0.21112634403920336
Tunisia,744,2015-08-01,0.16028165851084575
Tunisia,744,2015-09-01,0.37191473536353636
Tunisia,744,2015-10-01,0.899690948954038
Tunisia,744,2015-11-01,0.11427397126296632
Tunisia,744,2015-12-01,0.23318324553504277
Tunisia,744,2016-01-01,0.3046115550935006
Tunisia,744,2016-02-01,-0.20407504317343292
Tunisia,744,2016-03-01,-0.007476508880986561
Tunisia,744,2016-04-01,0.582080602667261
Tunisia,744,2016-05-01,0.5743670456684588
Tunisia,744,2016-06-01,0.35114794555007556
Tunisia,744,2016-07-01,0.18095125281012187
Tunisia,744,2016-08-01,0.1762540142023399
Tunisia,744,2016-09-01,0.8324248187198741
Tunisia,744,2016-10-01,0.7738976886594127
Tunisia,744,2016-11-01,0.21283807829745996
Tunisia,744,2016-12-01,0.36555998452059446
Tunisia,744,2017-01-01,0.7259012101036171
Tunisia,744,2017-02-01,-0.2069077466568635
Tunisia,744,2017-03-01,0.19430365577045838
Tunisia,744,2017-04-01,0.7610734060030264
Tunisia,744,2017-05-01,0.3643480199739429
Tunisia,744,2017-06-01,0.3045880002344763
Tunisia,744,2017-07-01,0.9607562757155994
Tunisia,744,2017-08-01,0.3259354778588292
Tunisia,744,2017-09-01,0.581609948473694
Tunisia,744,2017-10-01,0.9416358887360106
Tunisia,744,2017-11-01,0.6538908764368345
Tunisia,744,2017-12-01,0.3856750490081729
Tunisia,744,2018-01-01,1.1887320716977892
Tunisia,744,2018-02-01,-0.07398240660941022
Tunisia,744,2018-03-01,0.6236564008858025
Tunisia,744,2018-04-01,0.9613658152572122
Tunisia,744,2018-05-01,0.4402531493780809
Tunisia,744,2018-06-01,0.4400237903995377
Tunisia,744,2018-07-01,0.5854917677817232
Tunisia,744,2018-08-01,0.38118654350341313
Tunisia,744,2018-09-01,0.5938200782133077
Tunisia,744,2018-10-01,1.0371388066874627
Tunisia,744,2018-11-01,0.6055547796629946
Tunisia,744,2018-12-01,0.47041426354737526
Mali,678,2011-01-01,NA
Mali,678,2011-02-01,-1.3529874991421562
Mali,678,2011-03-01,-0.13867657687200227
Mali,678,2011-04-01,0.4907009368641996
Mali,678,2011-05-01,0.5994580603835142
Mali,678,2011-06-01,1.7809333004980787
Mali,678,2011-07-01,1.0353491787391125
Mali,678,2011-08-01,0.3421254463360961
Mali,678,2011-09-01,0.6788027606101186
Mali,678,2011-10-01,-0.7311021908952441
Mali,678,2011-11-01,0.20236194915187344
Mali,678,2011-12-01,0.9049953217086022
Mali,678,2012-01-01,0.06623719101844563
Mali,678,2012-02-01,0.744199350127349
Mali,678,2012-03-01,0.31232230048881077
Mali,678,2012-04-01,1.119611470299874
Mali,678,2012-05-01,1.5155646104074614
Mali,678,2012-06-01,0.16811546665542348
Mali,678,2012-07-01,-0.31723505690396414
Mali,678,2012-08-01,0.36595537525246485
Mali,678,2012-09-01,0.30944861081044844
Mali,678,2012-10-01,-1.1212761585667292
Mali,678,2012-11-01,-0.3263293912080369
Mali,678,2012-12-01,-0.4279153522893297
Mali,678,2013-01-01,-2.1248326069733388
Mali,678,2013-02-01,0.2975914803483741
Mali,678,2013-03-01,0.0034106971679311064
Mali,678,2013-04-01,0.5002709016465595
Mali,678,2013-05-01,0.987313269624834
Mali,678,2013-06-01,0.5724146037783043
Mali,678,2013-07-01,0.5523877405558802
Mali,678,2013-08-01,0.4696083643452276
Mali,678,2013-09-01,-0.37040303377716877
Mali,678,2013-10-01,-0.7789678675754901
Mali,678,2013-11-01,0.562048354001265
Mali,678,2013-12-01,-0.6387508871540655
Mali,678,2014-01-01,-0.16964285714280947
Mali,678,2014-02-01,-0.9659243359270535
Mali,678,2014-03-01,0.03612390499418139
Mali,678,2014-04-01,0.027083145255915764
Mali,678,2014-05-01,0.9205776173284774
Mali,678,2014-06-01,1.55607225898769
Mali,678,2014-07-01,0.6780556533990308
Mali,678,2014-08-01,-0.22741187789728248
Mali,678,2014-09-01,-0.44709388971682007
Mali,678,2014-10-01,0
Mali,678,2014-11-01,-0.04402958788306307
Mali,678,2014-12-01,-0.22905470883619328
Mali,678,2015-01-01,-0.4768211920530544
Mali,678,2015-02-01,-1.2155088279655577
Mali,678,2015-03-01,0.3502784264416055
Mali,678,2015-04-01,0.6444106327753806
Mali,678,2015-05-01,0.38239217429968186
Mali,678,2015-06-01,2.1172927002126873
Mali,678,2015-07-01,2.02134119892426
Mali,678,2015-08-01,-0.2551020408163434
Mali,678,2015-09-01,-1.1935208866155897
Mali,678,2015-10-01,0
Mali,678,2015-11-01,-1.7256255392579796
Mali,678,2015-12-01,0.4389815627743875
Mali,678,2016-01-01,-2.972027972027933
Mali,678,2016-02-01,-1.171171171171238
Mali,678,2016-03-01,0.09115770282588365
Mali,678,2016-04-01,-0.09107468123861052
Mali,678,2016-05-01,2.278942570647243
Mali,678,2016-06-01,1.5151515151514954
Mali,678,2016-07-01,-0.6145741878840416
Mali,678,2016-08-01,0
Mali,678,2016-09-01,0.7067137809186548
Mali,678,2016-10-01,-0.5263157894735895
Mali,678,2016-11-01,-0.2645502645502821
Mali,678,2016-12-01,0.35366931918657313
Mali,678,2017-01-01,-1.0572687224670303
Mali,678,2017-02-01,-0.8904719501335038
Mali,678,2017-03-01,0.26954177897575915
Mali,678,2017-04-01,0.2688172043009768
Mali,678,2017-05-01,1.6085790884719577
Mali,678,2017-06-01,1.0554089709761925
Mali,678,2017-07-01,1.1314186248911775
Mali,678,2017-08-01,-0.43029259896722555
Mali,678,2017-09-01,1.123595505617945
Mali,678,2017-10-01,-0.5982905982906433
Mali,678,2017-11-01,-1.289767841788437
Mali,678,2017-12-01,-0.08710801393729341
Mali,678,2018-01-01,-0.348735832606829
Mali,678,2018-02-01,0.3910068426197494
Mali,678,2018-03-01,-1.1684518013631884
Mali,678,2018-04-01,-0.19704433497536306
Mali,678,2018-05-01,-3.455083909180687
Mali,678,2018-06-01,3.987730061349718
Mali,678,2018-07-01,1.474926253687366
Mali,678,2018-08-01,0.38759689922480955
Mali,678,2018-09-01,0.1930501930501867
Mali,678,2018-10-01,0.481695568400707
Mali,678,2018-11-01,0.1917545541706713
Mali,678,2018-12-01,-0.956937799043063
Malaysia,548,2011-01-01,NA
Malaysia,548,2011-02-01,0.4911591355599214
Malaysia,548,2011-03-01,0.09775171065494481
Malaysia,548,2011-04-01,0.1953124999999889
Malaysia,548,2011-05-01,0.29239766081872454
Malaysia,548,2011-06-01,0.2915451895043704
Malaysia,548,2011-07-01,0.19379844961240586
Malaysia,548,2011-08-01,0.19342359767890582
Malaysia,548,2011-09-01,0.1930501930501958
Malaysia,548,2011-10-01,0.19267822736031104
Malaysia,548,2011-11-01,0.09615384615384068
Malaysia,548,2011-12-01,0.09606147934679013
Malaysia,548,2012-01-01,0.2879078694817631
Malaysia,548,2012-02-01,0
Malaysia,548,2012-03-01,0
Malaysia,548,2012-04-01,0
Malaysia,548,2012-05-01,0.19138755980861516
Malaysia,548,2012-06-01,0.09551098376312732
Malaysia,548,2012-07-01,0
Malaysia,548,2012-08-01,0.19083969465649128
Malaysia,548,2012-09-01,0.19047619047619319
Malaysia,548,2012-10-01,0.19011406844106732
Malaysia,548,2012-11-01,0.09487666034155058
Malaysia,548,2012-12-01,0
Malaysia,548,2013-01-01,0.37914691943128503
Malaysia,548,2013-02-01,0.1888574126534359
Malaysia,548,2013-03-01,0.09425070688030965
Malaysia,548,2013-04-01,0.09416195856873287
Malaysia,548,2013-05-01,0.2822201317027255
Malaysia,548,2013-06-01,0.09380863039400425
Malaysia,548,2013-07-01,0.18744142455482926
Malaysia,548,2013-08-01,0.09354536950420422
Malaysia,548,2013-09-01,0.841121495327108
Malaysia,548,2013-10-01,0.37071362372566397
Malaysia,548,2013-11-01,0.2770083102493049
Malaysia,548,2013-12-01,0.27624309392266244
Malaysia,548,2014-01-01,0.5509641873278184
Malaysia,548,2014-02-01,0.2739726027397234
Malaysia,548,2014-03-01,0.09107468123862343
Malaysia,548,2014-04-01,0
Malaysia,548,2014-05-01,0.09099181073702849
Malaysia,548,2014-06-01,0.1818181818181844
Malaysia,548,2014-07-01,0.09074410163338867
Malaysia,548,2014-08-01,0.1813236627379899
Malaysia,548,2014-09-01,0.18099547511312475
Malaysia,548,2014-10-01,0.5420054200541954
Malaysia,548,2014-11-01,0.5390835579514901
Malaysia,548,2014-12-01,-0.08936550491511039
Malaysia,548,2015-01-01,-1.0733452593917736
Malaysia,548,2015-02-01,-0.632911392405053
Malaysia,548,2015-03-01,0.9099181073703366
Malaysia,548,2015-04-01,0.9017132551848512
Malaysia,548,2015-05-01,0.3574620196604034
Malaysia,548,2015-06-01,0.6233303650935021
Malaysia,548,2015-07-01,0.7964601769911555
Malaysia,548,2015-08-01,0
Malaysia,548,2015-09-01,-0.26338893766462806
Malaysia,548,2015-10-01,0.44014084507042256
Malaysia,548,2015-11-01,0.61349693251534
Malaysia,548,2015-12-01,0
Malaysia,548,2016-01-01,-0.26132404181184427
Malaysia,548,2016-02-01,0
Malaysia,548,2016-03-01,-0.6113537117903955
Malaysia,548,2016-04-01,0.4393673110720563
Malaysia,548,2016-05-01,0.26246719160104737
Malaysia,548,2016-06-01,0.17452006980803042
Malaysia,548,2016-07-01,0.26132404181184427
Malaysia,548,2016-08-01,0.4344048653344918
Malaysia,548,2016-09-01,-0.2595155709342536
Malaysia,548,2016-10-01,0.34692107545533885
Malaysia,548,2016-11-01,1.0371650821089047
Malaysia,548,2016-12-01,0
Malaysia,548,2017-01-01,1.1120615911035048
Malaysia,548,2017-02-01,1.2690355329949239
Malaysia,548,2017-03-01,-0.08354218880535381
Malaysia,548,2017-04-01,-0.2508361204013354
Malaysia,548,2017-05-01,-0.16764459346186325
Malaysia,548,2017-06-01,-0.16792611251048584
Malaysia,548,2017-07-01,-0.08410428931876242
Malaysia,548,2017-08-01,0.9259259259259331
Malaysia,548,2017-09-01,0.3336113427856476
Malaysia,548,2017-10-01,-0.24937655860348892
Malaysia,548,2017-11-01,0.6666666666666643
Malaysia,548,2017-12-01,0.08278145695364944
Malaysia,548,2018-01-01,0.33085194375516247
Malaysia,548,2018-02-01,0
Malaysia,548,2018-03-01,-0.3297609233305783
Malaysia,548,2018-04-01,0
Malaysia,548,2018-05-01,0.16542597187757538
Malaysia,548,2018-06-01,-1.2386457473162675
Malaysia,548,2018-07-01,0.16722408026756092
Malaysia,548,2018-08-01,0.16694490818030286
Malaysia,548,2018-09-01,0.4166666666666667
Malaysia,548,2018-10-01,0.1659751037344422
Malaysia,548,2018-11-01,0.24855012427505976
Malaysia,548,2018-12-01,0.08264462809916885
Burkina Faso,748,2011-01-01,NA
Burkina Faso,748,2011-02-01,-0.6930693069306346
Burkina Faso,748,2011-03-01,0.2991026919241933
Burkina Faso,748,2011-04-01,0.5964214711729847
Burkina Faso,748,2011-05-01,0.8893280632410951
Burkina Faso,748,2011-06-01,1.3712047012732635
Burkina Faso,748,2011-07-01,0.4830917874396268
Burkina Faso,748,2011-08-01,0.3846153846153748
Burkina Faso,748,2011-09-01,-0.47892720306514724
Burkina Faso,748,2011-10-01,0.9624639076034768
Burkina Faso,748,2011-11-01,0
Burkina Faso,748,2011-12-01,0.4766444232602609
Burkina Faso,748,2012-01-01,-1.5180265654649427
Burkina Faso,748,2012-02-01,0.28901734104053156
Burkina Faso,748,2012-03-01,0
Burkina Faso,748,2012-04-01,0.8645533141210261
Burkina Faso,748,2012-05-01,1.3333333333328317
Burkina Faso,748,2012-06-01,0.6578947368425635
Burkina Faso,748,2012-07-01,1.5873015873012475
Burkina Faso,748,2012-08-01,-0.18382352941160104
Burkina Faso,748,2012-09-01,0.9208103130757141
Burkina Faso,748,2012-10-01,-0.09124087591233408
Burkina Faso,748,2012-11-01,-0.1826484018263344
Burkina Faso,748,2012-12-01,-2.012808783165854
Burkina Faso,748,2013-01-01,-0.728291316526201
Burkina Faso,748,2013-02-01,0.3574115876597883
Burkina Faso,748,2013-03-01,0.009372071227137804
Burkina Faso,748,2013-04-01,0.6653546996531183
Burkina Faso,748,2013-05-01,0.09309253397968321
Burkina Faso,748,2013-06-01,1.4322916666660586
Burkina Faso,748,2013-07-01,0.49514028974893376
Burkina Faso,748,2013-08-01,-1.6149635036500398
Burkina Faso,748,2013-09-01,-0.6862654177872675
Burkina Faso,748,2013-10-01,-0.19609674105816907
Burkina Faso,748,2013-11-01,0.9075598802395566
Burkina Faso,748,2013-12-01,-0.537783959203333
Burkina Faso,748,2014-01-01,-0.8576489232777831
Burkina Faso,748,2014-02-01,-0.43253408556616507
Burkina Faso,748,2014-03-01,0.6988384172250309
Burkina Faso,748,2014-04-01,-1.2848166557249308
Burkina Faso,748,2014-05-01,1.985559566786757
Burkina Faso,748,2014-06-01,1.1644154634373818
Burkina Faso,748,2014-07-01,-0.18416206261495094
Burkina Faso,748,2014-08-01,-0.3136531365316883
Burkina Faso,748,2014-09-01,0.04627059041268898
Burkina Faso,748,2014-10-01,-0.37924336324122426
Burkina Faso,748,2014-11-01,-0.21355617455897846
Burkina Faso,748,2014-12-01,-0.3442821252437677
Burkina Faso,748,2015-01-01,-0.9990662931839027
Burkina Faso,748,2015-02-01,0.08017638805371648
Burkina Faso,748,2015-03-01,-0.010014019627483594
Burkina Faso,748,2015-04-01,-0.040060090135194834
Burkina Faso,748,2015-05-01,0.9818655445346198
Burkina Faso,748,2015-06-01,2.2621291794820784
Burkina Faso,748,2015-07-01,0.06791500921704414
Burkina Faso,748,2015-08-01,0.26178010471203805
Burkina Faso,748,2015-09-01,-1.527898655835991
Burkina Faso,748,2015-10-01,1.286457821859965
Burkina Faso,748,2015-11-01,-0.6980802792321106
Burkina Faso,748,2015-12-01,0.31243897676234444
Burkina Faso,748,2016-01-01,-2.676659528907923
Burkina Faso,748,2016-02-01,0.5600560056005623
Burkina Faso,748,2016-03-01,0.33814022874192284
Burkina Faso,748,2016-04-01,0.3568242640499548
Burkina Faso,748,2016-05-01,0.6617283950617301
Burkina Faso,748,2016-06-01,0.1275510204081588
Burkina Faso,748,2016-07-01,-0.08819206271435906
Burkina Faso,748,2016-08-01,0.627697136131817
Burkina Faso,748,2016-09-01,2.1442495126705685
Burkina Faso,748,2016-10-01,-1.0973282442748011
Burkina Faso,748,2016-11-01,-0.5016883743367199
Burkina Faso,748,2016-12-01,-0.6787549694560153
Burkina Faso,748,2017-01-01,-0.7517328907546716
Burkina Faso,748,2017-02-01,-0.46232539838677833
Burkina Faso,748,2017-03-01,1.5515367131139515
Burkina Faso,748,2017-04-01,0.19462826002334432
Burkina Faso,748,2017-05-01,1.1266511266511372
Burkina Faso,748,2017-06-01,-0.6530925854783008
Burkina Faso,748,2017-07-01,1.6144624903325615
Burkina Faso,748,2017-08-01,-0.39006754828274814
Burkina Faso,748,2017-09-01,0.4966571155682865
Burkina Faso,748,2017-10-01,-1.3210416270670982
Burkina Faso,748,2017-11-01,0.4430318790330424
Burkina Faso,748,2017-12-01,-0.1725956467542495
Burkina Faso,748,2018-01-01,-0.4130246854288662
Burkina Faso,748,2018-02-01,0.30864197530863535
Burkina Faso,748,2018-03-01,0.3269230769230802
Burkina Faso,748,2018-04-01,1.0254935786850614
Burkina Faso,748,2018-05-01,0.369983872497866
Burkina Faso,748,2018-06-01,1.3232514177693815
Burkina Faso,748,2018-07-01,0.7742537313432819
Burkina Faso,748,2018-08-01,-1.0182356752753812
Burkina Faso,748,2018-09-01,0.33666884877957487
Burkina Faso,748,2018-10-01,-1.1557461086774248
Burkina Faso,748,2018-11-01,-1.4427157001414437
Burkina Faso,748,2018-12-01,-0.05740528128588048
Zimbabwe,698,2011-01-01,NA
Zimbabwe,698,2011-02-01,0.5102040816329891
Zimbabwe,698,2011-03-01,0.6768189509305639
Zimbabwe,698,2011-04-01,0.16806722689086276
Zimbabwe,698,2011-05-01,0.16778523489893732
Zimbabwe,698,2011-06-01,0.16750418760479668
Zimbabwe,698,2011-07-01,0.16722408026766475
Zimbabwe,698,2011-08-01,0.16694490818041763
Zimbabwe,698,2011-09-01,0.8333333333333665
Zimbabwe,698,2011-10-01,0.16528925619796142
Zimbabwe,698,2011-11-01,0.4950495049508213
Zimbabwe,698,2011-12-01,0.16420361247908044
Zimbabwe,698,2012-01-01,0.49180327868884904
Zimbabwe,698,2012-02-01,0.4893964110928227
Zimbabwe,698,2012-03-01,0.4870129870133075
Zimbabwe,698,2012-04-01,0.16155088852949903
Zimbabwe,698,2012-05-01,0
Zimbabwe,698,2012-06-01,0.3225806451614956
Zimbabwe,698,2012-07-01,0.1607717041801771
Zimbabwe,698,2012-08-01,-0.1605136436598235
Zimbabwe,698,2012-09-01,0.4823151125400328
Zimbabwe,698,2012-10-01,0.32000000000020346
Zimbabwe,698,2012-11-01,0
Zimbabwe,698,2012-12-01,0.15948963317395554
Zimbabwe,698,2013-01-01,0.15923566878942663
Zimbabwe,698,2013-02-01,0.9538950715422875
Zimbabwe,698,2013-03-01,0.1574803149607193
Zimbabwe,698,2013-04-01,-0.1572327044026048
Zimbabwe,698,2013-05-01,-0.15748031496074053
Zimbabwe,698,2013-06-01,-0.15772870662471664
Zimbabwe,698,2013-07-01,-0.3159557661924658
Zimbabwe,698,2013-08-01,-0.15847860538836245
Zimbabwe,698,2013-09-01,0
Zimbabwe,698,2013-10-01,0
Zimbabwe,698,2013-11-01,0.15873015873024887
Zimbabwe,698,2013-12-01,-0.15847860538836245
Zimbabwe,698,2014-01-01,0.15873015873024887
Zimbabwe,698,2014-02-01,0.15847860538838382
Zimbabwe,698,2014-03-01,-0.31645569620273206
Zimbabwe,698,2014-04-01,0.6349206349205675
Zimbabwe,698,2014-05-01,-0.15772870662471664
Zimbabwe,698,2014-06-01,0
Zimbabwe,698,2014-07-01,0
Zimbabwe,698,2014-08-01,-0.3159557661924658
Zimbabwe,698,2014-09-01,0
Zimbabwe,698,2014-10-01,-0.15847860538836245
Zimbabwe,698,2014-11-01,-0.6349206349205889
Zimbabwe,698,2014-12-01,-0.15974440894577754
Zimbabwe,698,2015-01-01,-0.31999999999972895
Zimbabwe,698,2015-02-01,0
Zimbabwe,698,2015-03-01,0
Zimbabwe,698,2015-04-01,-0.9630818619584216
Zimbabwe,698,2015-05-01,-0.16207455429506762
Zimbabwe,698,2015-06-01,-0.16233766233777644
Zimbabwe,698,2015-07-01,0
Zimbabwe,698,2015-08-01,-0.3252032520322451
Zimbabwe,698,2015-09-01,-0.32626427406219705
Zimbabwe,698,2015-10-01,-0.327332242225582
Zimbabwe,698,2015-11-01,0.16420361247908044
Zimbabwe,698,2015-12-01,0
Zimbabwe,698,2016-01-01,0
Zimbabwe,698,2016-02-01,-0.16393442622911536
Zimbabwe,698,2016-03-01,-0.1642036124795896
Zimbabwe,698,2016-04-01,-0.16447368421063066
Zimbabwe,698,2016-05-01,-0.3294892915977438
Zimbabwe,698,2016-06-01,0.3305785123964131
Zimbabwe,698,2016-07-01,-0.3294892915977438
Zimbabwe,698,2016-08-01,0
Zimbabwe,698,2016-09-01,-0.3305785123969034
Zimbabwe,698,2016-10-01,0.16583747927042036
Zimbabwe,698,2016-11-01,0
Zimbabwe,698,2016-12-01,0
Zimbabwe,698,2017-01-01,0.3311258278142883
Zimbabwe,698,2017-02-01,0.4950495049508213
Zimbabwe,698,2017-03-01,0
Zimbabwe,698,2017-04-01,0.16420361247908044
Zimbabwe,698,2017-05-01,0
Zimbabwe,698,2017-06-01,-0.3278688524587391
Zimbabwe,698,2017-07-01,-0.3289473684212613
Zimbabwe,698,2017-08-01,0
Zimbabwe,698,2017-09-01,0.3300330033005401
Zimbabwe,698,2017-10-01,1.4802631578947114
Zimbabwe,698,2017-11-01,0.810372771474923
Zimbabwe,698,2017-12-01,0.4823151125400328
Zimbabwe,698,2018-01-01,0.32000000000020346
Zimbabwe,698,2018-02-01,0
Zimbabwe,698,2018-03-01,-0.15948963317395554
Zimbabwe,698,2018-04-01,0
Zimbabwe,698,2018-05-01,0
Zimbabwe,698,2018-06-01,0
Zimbabwe,698,2018-07-01,0.9584664536742776
Zimbabwe,698,2018-08-01,0.47468354430363946
Zimbabwe,698,2018-09-01,0.9448818897639124
Zimbabwe,698,2018-10-01,16.380655226208944
Zimbabwe,698,2018-11-01,9.249329758713124
Zimbabwe,698,2018-12-01,8.957055214723878
Bosnia and Herzegovina,963,2011-01-01,NA
Bosnia and Herzegovina,963,2011-02-01,0.6782759003288328
Bosnia and Herzegovina,963,2011-03-01,0.7605176585684764
Bosnia and Herzegovina,963,2011-04-01,-0.5686495365031567
Bosnia and Herzegovina,963,2011-05-01,0.2059116123916677
Bosnia and Herzegovina,963,2011-06-01,-0.5116027813160943
Bosnia and Herzegovina,963,2011-07-01,8.710902565659858e-4
Bosnia and Herzegovina,963,2011-08-01,-0.09494801088277806
Bosnia and Herzegovina,963,2011-09-01,0.28773047501691573
Bosnia and Herzegovina,963,2011-10-01,0.4634915850873969
Bosnia and Herzegovina,963,2011-11-01,0.34048600747679125
Bosnia and Herzegovina,963,2011-12-01,0.06535540595529889
Bosnia and Herzegovina,963,2012-01-01,0.8660160293896718
Bosnia and Herzegovina,963,2012-02-01,0.6501780204129585
Bosnia and Herzegovina,963,2012-03-01,0.3713807591374076
Bosnia and Herzegovina,963,2012-04-01,-0.41098272143358683
Bosnia and Herzegovina,963,2012-05-01,-0.09531341125741544
Bosnia and Herzegovina,963,2012-06-01,-0.5534396572246189
Bosnia and Herzegovina,963,2012-07-01,-0.49088472282778767
Bosnia and Herzegovina,963,2012-08-01,0.27948932108354163
Bosnia and Herzegovina,963,2012-09-01,0.7514137792193474
Bosnia and Herzegovina,963,2012-10-01,0.5570425349587437
Bosnia and Herzegovina,963,2012-11-01,-0.08653225510932752
Bosnia and Herzegovina,963,2012-12-01,-0.0364859858077516
Bosnia and Herzegovina,963,2013-01-01,0.3441094076007963
Bosnia and Herzegovina,963,2013-02-01,0.012937192741505787
Bosnia and Herzegovina,963,2013-03-01,0.09045489909443105
Bosnia and Herzegovina,963,2013-04-01,-0.5234150749912027
Bosnia and Herzegovina,963,2013-05-01,-0.10176933664437547
Bosnia and Herzegovina,963,2013-06-01,-0.02299446342335512
Bosnia and Herzegovina,963,2013-07-01,-0.8757815438308401
Bosnia and Herzegovina,963,2013-08-01,-0.3006875303109277
Bosnia and Herzegovina,963,2013-09-01,0.008488899571576234
Bosnia and Herzegovina,963,2013-10-01,0.2727662021695188
Bosnia and Herzegovina,963,2013-11-01,-0.06391617849730766
Bosnia and Herzegovina,963,2013-12-01,-0.26172902955644256
Bosnia and Herzegovina,963,2014-01-01,0.23951410127326833
Bosnia and Herzegovina,963,2014-02-01,-0.032081030781549454
Bosnia and Herzegovina,963,2014-03-01,0.03171042006319384
Bosnia and Herzegovina,963,2014-04-01,-0.29034871356451136
Bosnia and Herzegovina,963,2014-05-01,0.025491426001894895
Bosnia and Herzegovina,963,2014-06-01,-0.1966252989944712
Bosnia and Herzegovina,963,2014-07-01,-0.30422200076975586
Bosnia and Herzegovina,963,2014-08-01,-0.03606932601122517
Bosnia and Herzegovina,963,2014-09-01,0.5444978748839028
Bosnia and Herzegovina,963,2014-10-01,0.432838456289367
Bosnia and Herzegovina,963,2014-11-01,-0.1553783724708744
Bosnia and Herzegovina,963,2014-12-01,-0.6885359806219375
Bosnia and Herzegovina,963,2015-01-01,-0.28397519266280663
Bosnia and Herzegovina,963,2015-02-01,0.19183616046315638
Bosnia and Herzegovina,963,2015-03-01,0.5425118025659345
Bosnia and Herzegovina,963,2015-04-01,-0.5514555513664616
Bosnia and Herzegovina,963,2015-05-01,-0.0260805890193627
Bosnia and Herzegovina,963,2015-06-01,-0.1786986404457531
Bosnia and Herzegovina,963,2015-07-01,-0.9417320270308251
Bosnia and Herzegovina,963,2015-08-01,-0.05936073059351536
Bosnia and Herzegovina,963,2015-09-01,-0.1150353076154146
Bosnia and Herzegovina,963,2015-10-01,0.5279624957561214
Bosnia and Herzegovina,963,2015-11-01,-0.1692659882544461
Bosnia and Herzegovina,963,2015-12-01,-0.2605079296912147
Bosnia and Herzegovina,963,2016-01-01,-0.25821932434105327
Bosnia and Herzegovina,963,2016-02-01,-0.39299850896788835
Bosnia and Herzegovina,963,2016-03-01,0.0782409171619127
Bosnia and Herzegovina,963,2016-04-01,-0.3697335002248156
Bosnia and Herzegovina,963,2016-05-01,0.011485875930183805
Bosnia and Herzegovina,963,2016-06-01,-0.220544144400515
Bosnia and Herzegovina,963,2016-07-01,-0.36332708604954733
Bosnia and Herzegovina,963,2016-08-01,-0.250359591614335
Bosnia and Herzegovina,963,2016-09-01,0.19759281122918043
Bosnia and Herzegovina,963,2016-10-01,0.9613653658895769
Bosnia and Herzegovina,963,2016-11-01,0.2077864712872748
Bosnia and Herzegovina,963,2016-12-01,-0.12900329787427744
Bosnia and Herzegovina,963,2017-01-01,0.6076858133757734
Bosnia and Herzegovina,963,2017-02-01,0.3543797900888327
Bosnia and Herzegovina,963,2017-03-01,0.23652181585388077
Bosnia and Herzegovina,963,2017-04-01,-0.41491202624708634
Bosnia and Herzegovina,963,2017-05-01,-0.13931549586071268
Bosnia and Herzegovina,963,2017-06-01,-0.536313298698941
Bosnia and Herzegovina,963,2017-07-01,-0.6437696627338684
Bosnia and Herzegovina,963,2017-08-01,-0.14697245894898867
Bosnia and Herzegovina,963,2017-09-01,0.6023120055695308
Bosnia and Herzegovina,963,2017-10-01,0.8061100630014054
Bosnia and Herzegovina,963,2017-11-01,0.07317185938941789
Bosnia and Herzegovina,963,2017-12-01,-0.07311835732780614
Bosnia and Herzegovina,963,2018-01-01,0.16835558307318188
Bosnia and Herzegovina,963,2018-02-01,1.0162624060172996
Bosnia and Herzegovina,963,2018-03-01,0.35123932052673995
Bosnia and Herzegovina,963,2018-04-01,-0.43315710754788467
Bosnia and Herzegovina,963,2018-05-01,0.16453238504356743
Bosnia and Herzegovina,963,2018-06-01,-0.012009496434870589
Bosnia and Herzegovina,963,2018-07-01,-0.7517259520654356
Bosnia and Herzegovina,963,2018-08-01,-0.07541191508258496
Bosnia and Herzegovina,963,2018-09-01,0.44610684944669765
Bosnia and Herzegovina,963,2018-10-01,0.9428575699146572
Bosnia and Herzegovina,963,2018-11-01,0.07423443273343151
Bosnia and Herzegovina,963,2018-12-01,-0.30618717071809115
"San Marino, Rep. of",135,2011-01-01,NA
"San Marino, Rep. of",135,2011-02-01,0.20829200555452584
"San Marino, Rep. of",135,2011-03-01,0.3167376026922391
"San Marino, Rep. of",135,2011-04-01,0.2762703502713823
"San Marino, Rep. of",135,2011-05-01,0.14759421430671227
"San Marino, Rep. of",135,2011-06-01,0.19650225977606287
"San Marino, Rep. of",135,2011-07-01,-0.2549519513630348
"San Marino, Rep. of",135,2011-08-01,0.04915454187971115
"San Marino, Rep. of",135,2011-09-01,0.2456519603025488
"San Marino, Rep. of",135,2011-10-01,0.08821799647136665
"San Marino, Rep. of",135,2011-11-01,0.6169816864165378
"San Marino, Rep. of",135,2011-12-01,0.30173252871332024
"San Marino, Rep. of",135,2012-01-01,0.4366812227074047
"San Marino, Rep. of",135,2012-02-01,0.16425120772940555
"San Marino, Rep. of",135,2012-03-01,0.37619369152120635
"San Marino, Rep. of",135,2012-04-01,0.6534691524120404
"San Marino, Rep. of",135,2012-05-01,-0.2291388199350774
"San Marino, Rep. of",135,2012-06-01,0.2966507177034118
"San Marino, Rep. of",135,2012-07-01,0.019082148649945296
"San Marino, Rep. of",135,2012-08-01,0.29571687494033927
"San Marino, Rep. of",135,2012-09-01,0.009511128019794092
"San Marino, Rep. of",135,2012-10-01,0.09510223490251289
"San Marino, Rep. of",135,2012-11-01,-0.009501187648466991
"San Marino, Rep. of",135,2012-12-01,0.3990877993159005
"San Marino, Rep. of",135,2013-01-01,0.009464319515437728
"San Marino, Rep. of",135,2013-02-01,0.10409766253429396
"San Marino, Rep. of",135,2013-03-01,0.009453582907932977
"San Marino, Rep. of",135,2013-04-01,0.17960109651191764
"San Marino, Rep. of",135,2013-05-01,0.16040762408005488
"San Marino, Rep. of",135,2013-06-01,0.18841262364575523
"San Marino, Rep. of",135,2013-07-01,0.12223789374707238
"San Marino, Rep. of",135,2013-08-01,0.15026296018034432
"San Marino, Rep. of",135,2013-09-01,0.346961740435033
"San Marino, Rep. of",135,2013-10-01,-0.2803476310624817
"San Marino, Rep. of",135,2013-11-01,0.2249086308687095
"San Marino, Rep. of",135,2013-12-01,0.2337540906965979
"San Marino, Rep. of",135,2014-01-01,0.047978917022344046
"San Marino, Rep. of",135,2014-02-01,-0.0685831859964816
"San Marino, Rep. of",135,2014-03-01,0.16059568999109167
"San Marino, Rep. of",135,2014-04-01,0.372612948299896
"San Marino, Rep. of",135,2014-05-01,-0.09280742459396038
"San Marino, Rep. of",135,2014-06-01,0.10218300046447172
"San Marino, Rep. of",135,2014-07-01,-0.10207869339272811
"San Marino, Rep. of",135,2014-08-01,0.06502554575007691
"San Marino, Rep. of",135,2014-09-01,-0.04641663572218232
"San Marino, Rep. of",135,2014-10-01,-0.046438190768126844
"San Marino, Rep. of",135,2014-11-01,-0.027875859505700172
"San Marino, Rep. of",135,2014-12-01,0.13012361743658618
"San Marino, Rep. of",135,2015-01-01,-0.5569479253689781
"San Marino, Rep. of",135,2015-02-01,0.36404368524224695
"San Marino, Rep. of",135,2015-03-01,-0.046502976190415525
"San Marino, Rep. of",135,2015-04-01,0.40941658137151665
"San Marino, Rep. of",135,2015-05-01,0.05560189046422599
"San Marino, Rep. of",135,2015-06-01,-0.08335648791327727
"San Marino, Rep. of",135,2015-07-01,-0.21319985168706318
"San Marino, Rep. of",135,2015-08-01,-0.018578727357183154
"San Marino, Rep. of",135,2015-09-01,0.2880237851899635
"San Marino, Rep. of",135,2015-10-01,0.018528812303138482
"San Marino, Rep. of",135,2015-11-01,-0.1852537977028103
"San Marino, Rep. of",135,2015-12-01,0.20415738678542772
"San Marino, Rep. of",135,2016-01-01,-0.18000000000000682
"San Marino, Rep. of",135,2016-02-01,0.15027048687638317
"San Marino, Rep. of",135,2016-03-01,0.3100930279083748
"San Marino, Rep. of",135,2016-04-01,-0.0598324690865599
"San Marino, Rep. of",135,2016-05-01,0.2893634005188648
"San Marino, Rep. of",135,2016-06-01,-0.03979703512088971
"San Marino, Rep. of",135,2016-07-01,0.10948541853289483
"San Marino, Rep. of",135,2016-08-01,0.09942334460132088
"San Marino, Rep. of",135,2016-09-01,-0.2681764004767682
"San Marino, Rep. of",135,2016-10-01,0.149387511204069
"San Marino, Rep. of",135,2016-11-01,0.07955449482895614
"San Marino, Rep. of",135,2016-12-01,0.1887917329093777
"San Marino, Rep. of",135,2017-01-01,0.595060993751868
"San Marino, Rep. of",135,2017-02-01,0.02957704821057569
"San Marino, Rep. of",135,2017-03-01,-0.15769761482357245
"San Marino, Rep. of",135,2017-04-01,0.20730503455084695
"San Marino, Rep. of",135,2017-05-01,-0.18717367747021174
"San Marino, Rep. of",135,2017-06-01,-0.31583103039873
"San Marino, Rep. of",135,2017-07-01,0.25742574257426254
"San Marino, Rep. of",135,2017-08-01,0.24688919612877738
"San Marino, Rep. of",135,2017-09-01,-0.11821495419170973
"San Marino, Rep. of",135,2017-10-01,0.18739520662787035
"San Marino, Rep. of",135,2017-11-01,-0.029533372711164737
"San Marino, Rep. of",135,2017-12-01,0.3249630723781372
"San Marino, Rep. of",135,2018-01-01,0.25520219866510124
"San Marino, Rep. of",135,2018-02-01,-0.10769532014881479
"San Marino, Rep. of",135,2018-03-01,0.2842301283936019
"San Marino, Rep. of",135,2018-04-01,0.1368256450351843
"San Marino, Rep. of",135,2018-05-01,0.22447784501269177
"San Marino, Rep. of",135,2018-06-01,-0.009738046547853641
"San Marino, Rep. of",135,2018-07-01,0.1753019088430002
"San Marino, Rep. of",135,2018-08-01,0.2819366128718707
"San Marino, Rep. of",135,2018-09-01,-0.290838584585566
"San Marino, Rep. of",135,2018-10-01,0.009722897423437158
"San Marino, Rep. of",135,2018-11-01,-0.22360489986389653
"San Marino, Rep. of",135,2018-12-01,0.04871869823639421
Gabon,646,2011-01-01,NA
Gabon,646,2011-02-01,-0.9354858174469672
Gabon,646,2011-03-01,0.7008168114518764
Gabon,646,2011-04-01,-0.13898153232156593
Gabon,646,2011-05-01,1.3127522704133017
Gabon,646,2011-06-01,0.15594931369533263
Gabon,646,2011-07-01,0.6666582450842128
Gabon,646,2011-08-01,1.1275936420316746
Gabon,646,2011-09-01,-1.085589505900419
Gabon,646,2011-10-01,-0.126166828161231
Gabon,646,2011-11-01,0.20442434308259885
Gabon,646,2011-12-01,0.6223555487841287
Gabon,646,2012-01-01,0.4125790250748439
Gabon,646,2012-02-01,-0.7806308362020007
Gabon,646,2012-03-01,1.0245362761246262
Gabon,646,2012-04-01,-0.24648655785822943
Gabon,646,2012-05-01,-0.2675010004941871
Gabon,646,2012-06-01,0.8325451502263529
Gabon,646,2012-07-01,0.3937398546149321
Gabon,646,2012-08-01,1.304216161063624
Gabon,646,2012-09-01,0.2796227700388323
Gabon,646,2012-10-01,-0.1687408752277633
Gabon,646,2012-11-01,-2.179747637653874
Gabon,646,2012-12-01,1.5745902088169297
Gabon,646,2013-01-01,-0.3113165685695362
Gabon,646,2013-02-01,-2.078509423276962
Gabon,646,2013-03-01,0.329029381861273
Gabon,646,2013-04-01,-0.6179389114489562
Gabon,646,2013-05-01,0.9022689799014436
Gabon,646,2013-06-01,-1.4419484433345562
Gabon,646,2013-07-01,0.3809816384174461
Gabon,646,2013-08-01,1.0448632605116293
Gabon,646,2013-09-01,5.0371720583767425
Gabon,646,2013-10-01,0.6808490980680479
Gabon,646,2013-11-01,-1.6881235512739248
Gabon,646,2013-12-01,1.2060725475609833
Gabon,646,2014-01-01,0.27958645771180873
Gabon,646,2014-02-01,0.3338699572762832
Gabon,646,2014-03-01,1.8331316533064599
Gabon,646,2014-04-01,-0.5024565588448533
Gabon,646,2014-05-01,-1.9100641868497
Gabon,646,2014-06-01,0.7115429451486541
Gabon,646,2014-07-01,-0.6887654492955341
Gabon,646,2014-08-01,0.38065729978557444
Gabon,646,2014-09-01,0.5588702273888093
Gabon,646,2014-10-01,0.07409528915106038
Gabon,646,2014-11-01,0.11913393824128629
Gabon,646,2014-12-01,0.5771547610308638
Gabon,646,2015-01-01,-0.15085884309438563
Gabon,646,2015-02-01,-1.0297812324340834
Gabon,646,2015-03-01,0.22763966184642137
Gabon,646,2015-04-01,0.2293503690051258
Gabon,646,2015-05-01,0.05096880270016326
Gabon,646,2015-06-01,-0.3536418002144416
Gabon,646,2015-07-01,-0.42890933575697365
Gabon,646,2015-08-01,0
Gabon,646,2015-09-01,-0.37244117243991
Gabon,646,2015-10-01,0.12247547560816102
Gabon,646,2015-11-01,0.6006841771030118
Gabon,646,2015-12-01,-0.05590915965084778
Gabon,646,2016-01-01,0.033213060233336006
Gabon,646,2016-02-01,1.0294103168609061
Gabon,646,2016-03-01,0.12593952480032236
Gabon,646,2016-04-01,0.23858316001191576
Gabon,646,2016-05-01,-0.12957612741859734
Gabon,646,2016-06-01,0.15242452911062657
Gabon,646,2016-07-01,0.18388728674515528
Gabon,646,2016-08-01,0.5458503157644787
Gabon,646,2016-09-01,0.48371514757966916
Gabon,646,2016-10-01,1.833238387028384
Gabon,646,2016-11-01,-0.31792324522419274
Gabon,646,2016-12-01,-0.19220492734291694
Gabon,646,2017-01-01,-0.11068122775386392
Gabon,646,2017-02-01,0.21576173865588996
Gabon,646,2017-03-01,-0.07541478129709869
Gabon,646,2017-04-01,0.9811320754717235
Gabon,646,2017-05-01,-0.29895366218238684
Gabon,646,2017-06-01,0.22488755622185871
Gabon,646,2017-07-01,0.07479431563206741
Gabon,646,2017-08-01,0.14947683109118587
Gabon,646,2017-09-01,0.29850746268648665
Gabon,646,2017-10-01,-0.3720238095237846
Gabon,646,2017-11-01,-0.07468259895439332
Gabon,646,2017-12-01,0.07473841554554006
Gabon,646,2018-01-01,0.5227781926810853
Gabon,646,2018-02-01,1.4858841010401245
Gabon,646,2018-03-01,0.2928257686676675
Gabon,646,2018-04-01,1.09489051094892
Gabon,646,2018-05-01,0.6498194945848375
Gabon,646,2018-06-01,1.0760401721664565
Gabon,646,2018-07-01,0.21291696238462687
Gabon,646,2018-08-01,0.14164305949010408
Gabon,646,2018-09-01,-0.14144271570016048
Gabon,646,2018-10-01,0.8498583569404814
Gabon,646,2018-11-01,0.21067415730322891
Gabon,646,2018-12-01,-0.28030833917290204
Nepal,558,2011-01-01,NA
Nepal,558,2011-02-01,0.3554453216611277
Nepal,558,2011-03-01,0.1523612287658013
Nepal,558,2011-04-01,0.5097377911486252
Nepal,558,2011-05-01,0.6959075741423679
Nepal,558,2011-06-01,-0.8027758868338122
Nepal,558,2011-07-01,1.1614649759398337
Nepal,558,2011-08-01,4.9759735958674085
Nepal,558,2011-09-01,0.6503093241764866
Nepal,558,2011-10-01,0.5738820505681937
Nepal,558,2011-11-01,-0.8539522030912449
Nepal,558,2011-12-01,-1.089226540154777
Nepal,558,2012-01-01,0.37063311774496566
Nepal,558,2012-02-01,0.6261314582531667
Nepal,558,2012-03-01,0.1394386213516153
Nepal,558,2012-04-01,0.9491126572634025
Nepal,558,2012-05-01,1.8431506900298107
Nepal,558,2012-06-01,0.301475235227059
Nepal,558,2012-07-01,2.5665123887744317
Nepal,558,2012-08-01,5.331337933477709
Nepal,558,2012-09-01,0.10026121411185682
Nepal,558,2012-10-01,-0.08435954757390217
Nepal,558,2012-11-01,-0.8973120202487139
Nepal,558,2012-12-01,-1.176096835218006
Nepal,558,2013-01-01,-0.13047841638111451
Nepal,558,2013-02-01,0.8608772604075045
Nepal,558,2013-03-01,0.28900185497223896
Nepal,558,2013-04-01,0.23499182894903878
Nepal,558,2013-05-01,1.129178343944362
Nepal,558,2013-06-01,-0.12750504080503883
Nepal,558,2013-07-01,2.114693349020347
Nepal,558,2013-08-01,5.44380311652206
Nepal,558,2013-09-01,0.17090059866169002
Nepal,558,2013-10-01,0.34796599346016216
Nepal,558,2013-11-01,0.5335674251709908
Nepal,558,2013-12-01,-0.8964521007433733
Nepal,558,2014-01-01,-0.643635426004755
Nepal,558,2014-02-01,-0.015798923158413872
Nepal,558,2014-03-01,0.3641454770315242
Nepal,558,2014-04-01,0.807319264430647
Nepal,558,2014-05-01,1.3896366957195756
Nepal,558,2014-06-01,-0.4021743690393248
Nepal,558,2014-07-01,0.8436838472210485
Nepal,558,2014-08-01,4.87155666473229
Nepal,558,2014-09-01,0.23083099156965473
Nepal,558,2014-10-01,0.2903774907379514
Nepal,558,2014-11-01,0.20966453674122204
Nepal,558,2014-12-01,-0.986350503138397
Nepal,558,2015-01-01,-0.8049909438518789
Nepal,558,2015-02-01,0.08115236356258702
Nepal,558,2015-03-01,0.38516115953781643
Nepal,558,2015-04-01,0.6462035541195482
Nepal,558,2015-05-01,1.625200642054565
Nepal,558,2015-06-01,-0.1184600197433271
Nepal,558,2015-07-01,1.017987744613547
Nepal,558,2015-08-01,4.21680853145485
Nepal,558,2015-09-01,0.49755914382275734
Nepal,558,2015-10-01,1.2330686595049112
Nepal,558,2015-11-01,2.28845621481959
Nepal,558,2015-12-01,0.027063599458729038
Nepal,558,2016-01-01,-0.37878787878788034
Nepal,558,2016-02-01,-0.5975013579576287
Nepal,558,2016-03-01,-0.5646630236794083
Nepal,558,2016-04-01,0.15570617329180023
Nepal,558,2016-05-01,1.9478737997256608
Nepal,558,2016-06-01,0.8611410118406833
Nepal,558,2016-07-01,0.39131981501244906
Nepal,558,2016-08-01,2.498228206945435
Nepal,558,2016-09-01,-0.17286084701815285
Nepal,558,2016-10-01,0.13852813852813559
Nepal,558,2016-11-01,0.39771744769151646
Nepal,558,2016-12-01,-0.8525663107130632
Nepal,558,2017-01-01,0.8598975071658206
Nepal,558,2017-02-01,-0.8525663107130632
Nepal,558,2017-03-01,-1.0336141752801162
Nepal,558,2017-04-01,-0.4914867474109201
Nepal,558,2017-05-01,1.6228611748103754
Nepal,558,2017-06-01,0.30376670716888937
Nepal,558,2017-07-01,0.32015228865622963
Nepal,558,2017-08-01,2.0700362256339537
Nepal,558,2017-09-01,0.9041744127091373
Nepal,558,2017-10-01,-0.1423666359601388
Nepal,558,2017-11-01,1.1321704126132242
Nepal,558,2017-12-01,-0.5556016253420696
Nepal,558,2018-01-01,-1.1841227484990007
Nepal,558,2018-02-01,0.4556962025316509
Nepal,558,2018-03-01,0.04200268817204062
Nepal,558,2018-04-01,0.3526744478965502
Nepal,558,2018-05-01,0.36817002761275014
Nepal,558,2018-06-01,0.3084618591079536
Nepal,558,2018-07-01,0.7729388297872398
Nepal,558,2018-08-01,1.6907216494845339
Nepal,558,2018-09-01,0.5920519059205223
Nepal,558,2018-10-01,0.6369426751592293
Nepal,558,2018-11-01,0.6168883191796269
Nepal,558,2018-12-01,-0.9714149215701878
Panama,283,2011-01-01,NA
Panama,283,2011-02-01,0.3822629969418409
Panama,283,2011-03-01,0.9139375476008852
Panama,283,2011-04-01,1.0566037735849734
Panama,283,2011-05-01,0.3734129947721643
Panama,283,2011-06-01,0.1488095238095087
Panama,283,2011-07-01,0.07429420505199842
Panama,283,2011-08-01,0.445434298441013
Panama,283,2011-09-01,0.7390983000739125
Panama,283,2011-10-01,0.22010271460012437
Panama,283,2011-11-01,0.8784773060030086
Panama,283,2011-12-01,0.21770682148038412
Panama,283,2012-01-01,0.5068790731354337
Panama,283,2012-02-01,0.6484149855906814
Panama,283,2012-03-01,0.8589835361489844
Panama,283,2012-04-01,0.7097232079489021
Panama,283,2012-05-01,0.42283298097245786
Panama,283,2012-06-01,-0.0701754385964841
Panama,283,2012-07-01,0.28089887640455447
Panama,283,2012-08-01,0.49019607843130764
Panama,283,2012-09-01,0.06968641114980403
Panama,283,2012-10-01,0.13927576601680156
Panama,283,2012-11-01,0.13908205841445032
Panama,283,2012-12-01,0.3472222222221575
Panama,283,2013-01-01,0.5536332179931108
Panama,283,2013-02-01,0.5505849965588602
Panama,283,2013-03-01,0.41067761806975894
Panama,283,2013-04-01,0.34083162917523896
Panama,283,2013-05-01,0.40760869565211805
Panama,283,2013-06-01,0.33829499323435064
Panama,283,2013-07-01,0.269723533377649
Panama,283,2013-08-01,0.26899798251548707
Panama,283,2013-09-01,0.06706908115417427
Panama,283,2013-10-01,0.13404825737183576
Panama,283,2013-11-01,0.06693440428438693
Panama,283,2013-12-01,0.2675585284274603
Panama,283,2014-01-01,0.20013342228228762
Panama,283,2014-02-01,0.5326231691075756
Panama,283,2014-03-01,0.3973509933770382
Panama,283,2014-04-01,0.5277044854888242
Panama,283,2014-05-01,0.1312335957997377
Panama,283,2014-06-01,0.4587155963303959
Panama,283,2014-07-01,-0.8480104370512156
Panama,283,2014-08-01,0.13157894736860146
Panama,283,2014-09-01,0.32851511169509
Panama,283,2014-10-01,-0.1309757694828251
Panama,283,2014-11-01,-0.3153976886471781
Panama,283,2014-12-01,-0.43376100215465113
Panama,283,2015-01-01,0.09784735812132517
Panama,283,2015-02-01,-0.7820136852394889
Panama,283,2015-03-01,0.8866995073891681
Panama,283,2015-04-01,0.48828125
Panama,283,2015-05-01,0.4859086491739553
Panama,283,2015-06-01,0.09671179883945291
Panama,283,2015-07-01,0.09661835748791722
Panama,283,2015-08-01,-0.3861003861003779
Panama,283,2015-09-01,-0.4844961240310077
Panama,283,2015-10-01,-0.09737098344694112
Panama,283,2015-11-01,0
Panama,283,2015-12-01,-0.09746588693956562
Panama,283,2016-01-01,0.11941463414634046
Panama,283,2016-02-01,0.0756170192862415
Panama,283,2016-03-01,0.29211295034079565
Panama,283,2016-04-01,0.48543689320388345
Panama,283,2016-05-01,0.19323671497584816
Panama,283,2016-06-01,-0.09643201542913069
Panama,283,2016-07-01,0.09652509652510476
Panama,283,2016-08-01,0
Panama,283,2016-09-01,0.1928640308582477
Panama,283,2016-10-01,0.096246390760341
Panama,283,2016-11-01,-0.09615384615384068
Panama,283,2016-12-01,0.096246390760341
Panama,283,2017-01-01,0.28846153846153577
Panama,283,2017-02-01,0.2876318312559896
Panama,283,2017-03-01,-0.09560229445506149
Panama,283,2017-04-01,0
Panama,283,2017-05-01,0
Panama,283,2017-06-01,-0.19138755980861516
Panama,283,2017-07-01,-0.19175455417066428
Panama,283,2017-08-01,0.28818443804035676
Panama,283,2017-09-01,0.2873563218390777
Panama,283,2017-10-01,-0.19102196752626824
Panama,283,2017-11-01,-0.19138755980861516
Panama,283,2017-12-01,0.19175455417066428
Panama,283,2018-01-01,0.19138755980861516
Panama,283,2018-02-01,0.28653295128939554
Panama,283,2018-03-01,0.09523809523808983
Panama,283,2018-04-01,0.19029495718363734
Panama,283,2018-05-01,0
Panama,283,2018-06-01,0.20560303893636883
Panama,283,2018-07-01,-0.05534679410328412
Panama,283,2018-08-01,0.06533400469001366
Panama,283,2018-09-01,-0.03582021662702841
Panama,283,2018-10-01,0.08067176545086802
Panama,283,2018-11-01,-0.43646986056264825
Panama,283,2018-12-01,-0.42620595832125036
"Afghanistan, Islamic Rep. of",512,2011-01-01,NA
"Afghanistan, Islamic Rep. of",512,2011-02-01,-0.8754071132560649
"Afghanistan, Islamic Rep. of",512,2011-03-01,-0.3648926579357323
"Afghanistan, Islamic Rep. of",512,2011-04-01,0.9403804820968917
"Afghanistan, Islamic Rep. of",512,2011-05-01,0.42700245307847745
"Afghanistan, Islamic Rep. of",512,2011-06-01,0.23781434893105075
"Afghanistan, Islamic Rep. of",512,2011-07-01,1.5454127516292615
"Afghanistan, Islamic Rep. of",512,2011-08-01,1.0094994794975334
"Afghanistan, Islamic Rep. of",512,2011-09-01,-0.517189225985178
"Afghanistan, Islamic Rep. of",512,2011-10-01,1.8815524274540234
"Afghanistan, Islamic Rep. of",512,2011-11-01,1.8353226646492236
"Afghanistan, Islamic Rep. of",512,2011-12-01,0.6431380755802322
"Afghanistan, Islamic Rep. of",512,2012-01-01,0.4483276075533628
"Afghanistan, Islamic Rep. of",512,2012-02-01,-0.7228757041026794
"Afghanistan, Islamic Rep. of",512,2012-03-01,0.3797052942381918
"Afghanistan, Islamic Rep. of",512,2012-04-01,0.6108720783011385
"Afghanistan, Islamic Rep. of",512,2012-05-01,0.3140332428149172
"Afghanistan, Islamic Rep. of",512,2012-06-01,-0.8574675313067331
"Afghanistan, Islamic Rep. of",512,2012-07-01,-0.49947050476701826
"Afghanistan, Islamic Rep. of",512,2012-08-01,0.8514252967112248
"Afghanistan, Islamic Rep. of",512,2012-09-01,0.49898044773734873
"Afghanistan, Islamic Rep. of",512,2012-10-01,1.7780119708439064
"Afghanistan, Islamic Rep. of",512,2012-11-01,2.319439451702746
"Afghanistan, Islamic Rep. of",512,2012-12-01,0.6489631555316706
"Afghanistan, Islamic Rep. of",512,2013-01-01,0.7869729842894744
"Afghanistan, Islamic Rep. of",512,2013-02-01,0.2593896926910465
"Afghanistan, Islamic Rep. of",512,2013-03-01,-0.44118984203815037
"Afghanistan, Islamic Rep. of",512,2013-04-01,1.6284393896531393
"Afghanistan, Islamic Rep. of",512,2013-05-01,-0.2504414560542062
"Afghanistan, Islamic Rep. of",512,2013-06-01,-0.16120600400861884
"Afghanistan, Islamic Rep. of",512,2013-07-01,0.8800128146845889
"Afghanistan, Islamic Rep. of",512,2013-08-01,0.8880670033919116
"Afghanistan, Islamic Rep. of",512,2013-09-01,-0.6202365133953263
"Afghanistan, Islamic Rep. of",512,2013-10-01,0.859907409188755
"Afghanistan, Islamic Rep. of",512,2013-11-01,1.7349919791348034
"Afghanistan, Islamic Rep. of",512,2013-12-01,1.4829443613974709
"Afghanistan, Islamic Rep. of",512,2014-01-01,0.36715744090447683
"Afghanistan, Islamic Rep. of",512,2014-02-01,-1.1843950680051267
"Afghanistan, Islamic Rep. of",512,2014-03-01,-0.07055641414002474
"Afghanistan, Islamic Rep. of",512,2014-04-01,0.6903112303529524
"Afghanistan, Islamic Rep. of",512,2014-05-01,0.529374966863805
"Afghanistan, Islamic Rep. of",512,2014-06-01,-0.01374609324624042
"Afghanistan, Islamic Rep. of",512,2014-07-01,1.5649057493230045
"Afghanistan, Islamic Rep. of",512,2014-08-01,-0.9022207298653538
"Afghanistan, Islamic Rep. of",512,2014-09-01,-0.7731613842326106
"Afghanistan, Islamic Rep. of",512,2014-10-01,0.49546504162345567
"Afghanistan, Islamic Rep. of",512,2014-11-01,0.1312890049563566
"Afghanistan, Islamic Rep. of",512,2014-12-01,0.6756579059580624
"Afghanistan, Islamic Rep. of",512,2015-01-01,-0.12871650022967598
"Afghanistan, Islamic Rep. of",512,2015-02-01,-1.8628013652369872
"Afghanistan, Islamic Rep. of",512,2015-03-01,-0.9228579855501231
"Afghanistan, Islamic Rep. of",512,2015-04-01,-0.07065012791673247
"Afghanistan, Islamic Rep. of",512,2015-05-01,-0.1322284615180962
"Afghanistan, Islamic Rep. of",512,2015-06-01,-0.06169417569566672
"Afghanistan, Islamic Rep. of",512,2015-07-01,-0.14324520643619643
"Afghanistan, Islamic Rep. of",512,2015-08-01,0.7501131166514423
"Afghanistan, Islamic Rep. of",512,2015-09-01,1.287541640461638
"Afghanistan, Islamic Rep. of",512,2015-10-01,0.5431106597986823
"Afghanistan, Islamic Rep. of",512,2015-11-01,1.3434128595338017
"Afghanistan, Islamic Rep. of",512,2015-12-01,0.5680131875256365
"Afghanistan, Islamic Rep. of",512,2016-01-01,0.0411491328699292
"Afghanistan, Islamic Rep. of",512,2016-02-01,-0.14268029608647984
"Afghanistan, Islamic Rep. of",512,2016-03-01,-0.03429993704644584
"Afghanistan, Islamic Rep. of",512,2016-04-01,0.40026438127318414
"Afghanistan, Islamic Rep. of",512,2016-05-01,-0.27449804681849044
"Afghanistan, Islamic Rep. of",512,2016-06-01,0.4627401135331454
"Afghanistan, Islamic Rep. of",512,2016-07-01,0.8564836730779126
"Afghanistan, Islamic Rep. of",512,2016-08-01,0.26292008730907224
"Afghanistan, Islamic Rep. of",512,2016-09-01,0.9217642329356667
"Afghanistan, Islamic Rep. of",512,2016-10-01,0.44566650581530337
"Afghanistan, Islamic Rep. of",512,2016-11-01,1.0079591079186259
"Afghanistan, Islamic Rep. of",512,2016-12-01,0.5566786252135888
"Afghanistan, Islamic Rep. of",512,2017-01-01,-0.7339449541284377
"Afghanistan, Islamic Rep. of",512,2017-02-01,0.14056746557301353
"Afghanistan, Islamic Rep. of",512,2017-03-01,2.929853103799652
"Afghanistan, Islamic Rep. of",512,2017-04-01,-0.07906728130778204
"Afghanistan, Islamic Rep. of",512,2017-05-01,0.4769002836034722
"Afghanistan, Islamic Rep. of",512,2017-06-01,0.48221036698358954
"Afghanistan, Islamic Rep. of",512,2017-07-01,-1.3580563356591842
"Afghanistan, Islamic Rep. of",512,2017-08-01,-0.2951938003503328
"Afghanistan, Islamic Rep. of",512,2017-09-01,0.23790026876827675
"Afghanistan, Islamic Rep. of",512,2017-10-01,0.3998965072943071
"Afghanistan, Islamic Rep. of",512,2017-11-01,0.34697620510369825
"Afghanistan, Islamic Rep. of",512,2017-12-01,0.5076661769078162
"Afghanistan, Islamic Rep. of",512,2018-01-01,0.4583300661931978
"Afghanistan, Islamic Rep. of",512,2018-02-01,-0.5545216348747353
"Afghanistan, Islamic Rep. of",512,2018-03-01,-0.4205325100827589
"Afghanistan, Islamic Rep. of",512,2018-04-01,-0.7361961116831793
"Afghanistan, Islamic Rep. of",512,2018-05-01,-0.10438861013104977
"Afghanistan, Islamic Rep. of",512,2018-06-01,-0.10444685679422092
"Afghanistan, Islamic Rep. of",512,2018-07-01,0.13358004182762329
"Afghanistan, Islamic Rep. of",512,2018-08-01,-0.06045703455015933
"Afghanistan, Islamic Rep. of",512,2018-09-01,0.38398238590906053
"Afghanistan, Islamic Rep. of",512,2018-10-01,0.9597908320019846
"Afghanistan, Islamic Rep. of",512,2018-11-01,0.6537013715018067
"Afghanistan, Islamic Rep. of",512,2018-12-01,0.15704175517248384
"Madagascar, Rep. of",674,2011-01-01,NA
"Madagascar, Rep. of",674,2011-02-01,2.0833333333332713
"Madagascar, Rep. of",674,2011-03-01,-0.06918021445858973
"Madagascar, Rep. of",674,2011-04-01,-0.5538248528903431
"Madagascar, Rep. of",674,2011-05-01,-0.5569091541941574
"Madagascar, Rep. of",674,2011-06-01,0.03500175008745665
"Madagascar, Rep. of",674,2011-07-01,0.34989503149058
"Madagascar, Rep. of",674,2011-08-01,0.2092050209204101
"Madagascar, Rep. of",674,2011-09-01,0.41753653444687006
"Madagascar, Rep. of",674,2011-10-01,0.5890505890504771
"Madagascar, Rep. of",674,2011-11-01,0.7578367206338255
"Madagascar, Rep. of",674,2011-12-01,1.1282051282052394
"Madagascar, Rep. of",674,2012-01-01,0.9057729593898788
"Madagascar, Rep. of",674,2012-02-01,0.5994005994005656
"Madagascar, Rep. of",674,2012-03-01,0.6620324395896278
"Madagascar, Rep. of",674,2012-04-01,0.5261427162117466
"Madagascar, Rep. of",674,2012-05-01,0.0981354268890406
"Madagascar, Rep. of",674,2012-06-01,0.1307189542483506
"Madagascar, Rep. of",674,2012-07-01,-0.09791122715398087
"Madagascar, Rep. of",674,2012-08-01,0.2613524991832607
"Madagascar, Rep. of",674,2012-09-01,0.3584229390681487
"Madagascar, Rep. of",674,2012-10-01,0.4870129870128929
"Madagascar, Rep. of",674,2012-11-01,0.678513731825535
"Madagascar, Rep. of",674,2012-12-01,1.0269576379974903
"Madagascar, Rep. of",674,2013-01-01,0.9212198221092904
"Madagascar, Rep. of",674,2013-02-01,0.4406672961913407
"Madagascar, Rep. of",674,2013-03-01,0.4387339392039943
"Madagascar, Rep. of",674,2013-04-01,0.18720748829950984
"Madagascar, Rep. of",674,2013-05-01,0.21800062285896615
"Madagascar, Rep. of",674,2013-06-01,0.40397762585460684
"Madagascar, Rep. of",674,2013-07-01,0.4023522129370888
"Madagascar, Rep. of",674,2013-08-01,0.33908754623925674
"Madagascar, Rep. of",674,2013-09-01,0.5529953917050208
"Madagascar, Rep. of",674,2013-10-01,0.6416131989001181
"Madagascar, Rep. of",674,2013-11-01,0.6678809957498031
"Madagascar, Rep. of",674,2013-12-01,0.8745476477683934
"Madagascar, Rep. of",674,2014-01-01,0.762481315396182
"Madagascar, Rep. of",674,2014-02-01,0.4664879595193817
"Madagascar, Rep. of",674,2014-03-01,0.2737559313785752
"Madagascar, Rep. of",674,2014-04-01,0.42367864743254063
"Madagascar, Rep. of",674,2014-05-01,0.3031774687936969
"Madagascar, Rep. of",674,2014-06-01,0.351234510508337
"Madagascar, Rep. of",674,2014-07-01,0.3643981254196857
"Madagascar, Rep. of",674,2014-08-01,0.3048123778210916
"Madagascar, Rep. of",674,2014-09-01,0.47979273231805325
"Madagascar, Rep. of",674,2014-10-01,0.47223070320466104
"Madagascar, Rep. of",674,2014-11-01,0.5601432251165024
"Madagascar, Rep. of",674,2014-12-01,1.1069191283083413
"Madagascar, Rep. of",674,2015-01-01,0.8858670122388687
"Madagascar, Rep. of",674,2015-02-01,0.9502515371715539
"Madagascar, Rep. of",674,2015-03-01,1.41196013289043
"Madagascar, Rep. of",674,2015-04-01,0.21840021840020765
"Madagascar, Rep. of",674,2015-05-01,0.16344320348678412
"Madagascar, Rep. of",674,2015-06-01,0.46233342398686067
"Madagascar, Rep. of",674,2015-07-01,0.2977801840823209
"Madagascar, Rep. of",674,2015-08-01,0.4048582995951691
"Madagascar, Rep. of",674,2015-09-01,0.3763440860214908
"Madagascar, Rep. of",674,2015-10-01,0.45527584359937806
"Madagascar, Rep. of",674,2015-11-01,0.4798720341242064
"Madagascar, Rep. of",674,2015-12-01,1.220482886707368
"Madagascar, Rep. of",674,2016-01-01,1.074506881379124
"Madagascar, Rep. of",674,2016-02-01,0.4069175991861706
"Madagascar, Rep. of",674,2016-03-01,0.10131712259371257
"Madagascar, Rep. of",674,2016-04-01,0.2024291497975737
"Madagascar, Rep. of",674,2016-05-01,0.20202020202020488
"Madagascar, Rep. of",674,2016-06-01,0.40322580645160433
"Madagascar, Rep. of",674,2016-07-01,0.6024096385542255
"Madagascar, Rep. of",674,2016-08-01,0.19960079840319644
"Madagascar, Rep. of",674,2016-09-01,0.19920318725098468
"Madagascar, Rep. of",674,2016-10-01,0.19880715705765692
"Madagascar, Rep. of",674,2016-11-01,0.496031746031746
"Madagascar, Rep. of",674,2016-12-01,1.678183613030605
"Madagascar, Rep. of",674,2017-01-01,1.067961165048538
"Madagascar, Rep. of",674,2017-02-01,1.0566762728146095
"Madagascar, Rep. of",674,2017-03-01,1.3307984790874443
"Madagascar, Rep. of",674,2017-04-01,0.9380863039399625
"Madagascar, Rep. of",674,2017-05-01,0.27881040892194364
"Madagascar, Rep. of",674,2017-06-01,0.46339202965708987
"Madagascar, Rep. of",674,2017-07-01,0.27675276752767264
"Madagascar, Rep. of",674,2017-08-01,0.3679852805887686
"Madagascar, Rep. of",674,2017-09-01,0.36663611365720045
"Madagascar, Rep. of",674,2017-10-01,0.5479452054794468
"Madagascar, Rep. of",674,2017-11-01,1.8165304268846505
"Madagascar, Rep. of",674,2017-12-01,1.6057091882248096
"Madagascar, Rep. of",674,2018-01-01,0.7901668129938467
"Madagascar, Rep. of",674,2018-02-01,0.5226480836237007
"Madagascar, Rep. of",674,2018-03-01,0.6932409012131691
"Madagascar, Rep. of",674,2018-04-01,0.4302925989672977
"Madagascar, Rep. of",674,2018-05-01,0.17137960582690903
"Madagascar, Rep. of",674,2018-06-01,0.5988023952095711
"Madagascar, Rep. of",674,2018-07-01,0.5102040816326603
"Madagascar, Rep. of",674,2018-08-01,0.4230118443316413
"Madagascar, Rep. of",674,2018-09-01,0.336983993260313
"Madagascar, Rep. of",674,2018-10-01,0.33585222502099554
"Madagascar, Rep. of",674,2018-11-01,0.5857740585774083
"Madagascar, Rep. of",674,2018-12-01,1.414309484193014
Guadeloupe,329,2011-01-01,NA
Guadeloupe,329,2011-02-01,0.18732438339056365
Guadeloupe,329,2011-03-01,0.40511062636335365
Guadeloupe,329,2011-04-01,-0.03103662321539534
Guadeloupe,329,2011-05-01,0.31046258925800624
Guadeloupe,329,2011-06-01,-0.608686681110083
Guadeloupe,329,2011-07-01,0.1868382810878063
Guadeloupe,329,2011-08-01,0.3522585992540442
Guadeloupe,329,2011-09-01,0.15486268841627676
Guadeloupe,329,2011-10-01,-0.5463354293371828
Guadeloupe,329,2011-11-01,-0.08291873963515577
Guadeloupe,329,2011-12-01,1.0892116182572584
Guadeloupe,329,2012-01-01,0.23601847101077886
Guadeloupe,329,2012-02-01,0.22522522522522406
Guadeloupe,329,2012-03-01,0.3268641470888592
Guadeloupe,329,2012-04-01,0.20362451639177648
Guadeloupe,329,2012-05-01,-0.23369233895550087
Guadeloupe,329,2012-06-01,0.31571443120480935
Guadeloupe,329,2012-07-01,0.11167512690355272
Guadeloupe,329,2012-08-01,0.17239630869080388
Guadeloupe,329,2012-09-01,-0.34419923061348795
Guadeloupe,329,2012-10-01,-0.030475416497359954
Guadeloupe,329,2012-11-01,0.3759780510110808
Guadeloupe,329,2012-12-01,0.728892488357966
Guadeloupe,329,2013-01-01,0.1809045226130722
Guadeloupe,329,2013-02-01,-0.34109149277688944
Guadeloupe,329,2013-03-01,0.7650493255486117
Guadeloupe,329,2013-04-01,-0.40959040959040616
Guadeloupe,329,2013-05-01,-0.32099508476275773
Guadeloupe,329,2013-06-01,0.08050719533058096
Guadeloupe,329,2013-07-01,-0.08044243338360814
Guadeloupe,329,2013-08-01,0.392472577236591
Guadeloupe,329,2013-09-01,-0.6615878107458008
Guadeloupe,329,2013-10-01,-1.029263370332993
Guadeloupe,329,2013-11-01,0.7340946166394768
Guadeloupe,329,2013-12-01,0.6882591093117478
Guadeloupe,329,2014-01-01,-0.3518295134700528
Guadeloupe,329,2014-02-01,0.7565822657116917
Guadeloupe,329,2014-03-01,0.34040849018822933
Guadeloupe,329,2014-04-01,-0.4490121732189213
Guadeloupe,329,2014-05-01,-0.22050716648290958
Guadeloupe,329,2014-06-01,-0.07031642390757728
Guadeloupe,329,2014-07-01,0.1708886208283089
Guadeloupe,329,2014-08-01,0.8128449573507155
Guadeloupe,329,2014-09-01,-0.5872984272347096
Guadeloupe,329,2014-10-01,-0.8310804045258819
Guadeloupe,329,2014-11-01,0.2423263327948252
Guadeloupe,329,2014-12-01,0.8259468170829907
Guadeloupe,329,2015-01-01,-0.8391608391608284
Guadeloupe,329,2015-02-01,0.04029820672979251
Guadeloupe,329,2015-03-01,0.6646525679758274
Guadeloupe,329,2015-04-01,0.5002000800320128
Guadeloupe,329,2015-05-01,-0.2986263189329058
Guadeloupe,329,2015-06-01,0.3194888178913812
Guadeloupe,329,2015-07-01,0.0398089171974443
Guadeloupe,329,2015-08-01,0.477516912057306
Guadeloupe,329,2015-09-01,-0.8910891089108968
Guadeloupe,329,2015-10-01,-0.9390609390609369
Guadeloupe,329,2015-11-01,0.5244050020169527
Guadeloupe,329,2015-12-01,0.25080256821829855
Guadeloupe,329,2016-01-01,-0.6204343040128134
Guadeloupe,329,2016-02-01,0
Guadeloupe,329,2016-03-01,0.25173698519786525
Guadeloupe,329,2016-04-01,0.39172358376858235
Guadeloupe,329,2016-05-01,-0.1300650325162678
Guadeloupe,329,2016-06-01,0.25045081146062914
Guadeloupe,329,2016-07-01,0.18986709303488752
Guadeloupe,329,2016-08-01,0.13963694394574164
Guadeloupe,329,2016-09-01,-0.07968127490041085
Guadeloupe,329,2016-10-01,-0.9868421052631529
Guadeloupe,329,2016-11-01,0.6845867310983659
Guadeloupe,329,2016-12-01,0.5299470052994711
Guadeloupe,329,2017-01-01,NA
Guadeloupe,329,2017-02-01,NA
Guadeloupe,329,2017-03-01,NA
Guadeloupe,329,2017-04-01,NA
Guadeloupe,329,2017-05-01,NA
Guadeloupe,329,2017-06-01,NA
Guadeloupe,329,2017-07-01,NA
Guadeloupe,329,2017-08-01,NA
Guadeloupe,329,2017-09-01,NA
Guadeloupe,329,2017-10-01,NA
Guadeloupe,329,2017-11-01,NA
Guadeloupe,329,2017-12-01,NA
Guadeloupe,329,2018-01-01,NA
Guadeloupe,329,2018-02-01,NA
Guadeloupe,329,2018-03-01,NA
Guadeloupe,329,2018-04-01,NA
Guadeloupe,329,2018-05-01,NA
Guadeloupe,329,2018-06-01,NA
Guadeloupe,329,2018-07-01,NA
Guadeloupe,329,2018-08-01,NA
Guadeloupe,329,2018-09-01,NA
Guadeloupe,329,2018-10-01,NA
Guadeloupe,329,2018-11-01,NA
Guadeloupe,329,2018-12-01,NA
Martinique,349,2011-01-01,NA
Martinique,349,2011-02-01,0.46928772551882664
Martinique,349,2011-03-01,-0.12455885405854737
Martinique,349,2011-04-01,0.2806069424236084
Martinique,349,2011-05-01,0.14509275572598257
Martinique,349,2011-06-01,-0.1966263065300608
Martinique,349,2011-07-01,0.2903359601824981
Martinique,349,2011-08-01,0.19644334160462956
Martinique,349,2011-09-01,-0.20637705087194597
Martinique,349,2011-10-01,-0.36190673146519936
Martinique,349,2011-11-01,-0.16604400166043648
Martinique,349,2011-12-01,0.48856548856548737
Martinique,349,2012-01-01,0.39308989345194517
Martinique,349,2012-02-01,0.2782071097372447
Martinique,349,2012-03-01,0.3699136868064259
Martinique,349,2012-04-01,0.44021294021293256
Martinique,349,2012-05-01,-0.28539394557129866
Martinique,349,2012-06-01,-0.020443626699372403
Martinique,349,2012-07-01,0.3680605255086386
Martinique,349,2012-08-01,0.26484669450952947
Martinique,349,2012-09-01,-0.3860611602153913
Martinique,349,2012-10-01,-0.25497195308516063
Martinique,349,2012-11-01,0.05112474437627522
Martinique,349,2012-12-01,0.7869187531936742
Martinique,349,2013-01-01,0.05069965524234146
Martinique,349,2013-02-01,0.32431336779162173
Martinique,349,2013-03-01,0.626325891504197
Martinique,349,2013-04-01,-0.5722317036442056
Martinique,349,2013-05-01,-0.19184168012925276
Martinique,349,2013-06-01,0.07081436519980515
Martinique,349,2013-07-01,0.23251112009705213
Martinique,349,2013-08-01,0.7463439233484568
Martinique,349,2013-09-01,-0.5205726298928782
Martinique,349,2013-10-01,-0.5937405655630507
Martinique,349,2013-11-01,-0.1012350678274897
Martinique,349,2013-12-01,0.6384272395622167
Martinique,349,2014-01-01,0
Martinique,349,2014-02-01,0.6645856409223608
Martinique,349,2014-03-01,-0.010003000900275198
Martinique,349,2014-04-01,-0.12004801920767341
Martinique,349,2014-05-01,0.030048076923078062
Martinique,349,2014-06-01,-0.05006508461000437
Martinique,349,2014-07-01,0.07012622720898357
Martinique,349,2014-08-01,0.5806387025728283
Martinique,349,2014-09-01,-0.5474270926644742
Martinique,349,2014-10-01,-0.4503602882305873
Martinique,349,2014-11-01,0.3116517542977805
Martinique,349,2014-12-01,0.25055121266786934
Martinique,349,2015-01-01,-0.2899130260921786
Martinique,349,2015-02-01,-0.17044315219571055
Martinique,349,2015-03-01,0.4720297278296808
Martinique,349,2015-04-01,0.3398640543782379
Martinique,349,2015-05-01,0.049810719266797546
Martinique,349,2015-06-01,-0.0697002887583465
Martinique,349,2015-07-01,0.3288162614587468
Martinique,349,2015-08-01,0.06952030986195987
Martinique,349,2015-09-01,-0.49622866216752676
Martinique,349,2015-10-01,-1.0273289447436675
Martinique,349,2015-11-01,-0.2217071450166269
Martinique,349,2015-12-01,0.5251994748005212
Martinique,349,2016-01-01,0.26122777052145596
Martinique,349,2016-02-01,0.1002104419280432
Martinique,349,2016-03-01,-0.25027530283311644
Martinique,349,2016-04-01,0.05018065034122557
Martinique,349,2016-05-01,-0.04012438559533759
Martinique,349,2016-06-01,0.3110888108379207
Martinique,349,2016-07-01,0.200080032012808
Martinique,349,2016-08-01,-0.2595846645367321
Martinique,349,2016-09-01,0.0500500500500472
Martinique,349,2016-10-01,-0.6103051525762876
Martinique,349,2016-11-01,0.1006643849406023
Martinique,349,2016-12-01,0.21118262268705548
Martinique,349,2017-01-01,0.6322127446061169
Martinique,349,2017-02-01,-0.01994415636218191
Martinique,349,2017-03-01,0.5884699780570409
Martinique,349,2017-04-01,-0.33713435795735175
Martinique,349,2017-05-01,-0.14923888170331875
Martinique,349,2017-06-01,-0.04982064567556513
Martinique,349,2017-07-01,-0.0498454790150505
Martinique,349,2017-08-01,-0.029922202274088504
Martinique,349,2017-09-01,-0.3092886361368874
Martinique,349,2017-10-01,-0.07005604483587609
Martinique,349,2017-11-01,0.10015022533801557
Martinique,349,2017-12-01,1.07053526763381
Martinique,349,2018-01-01,-0.00989902989506128
Martinique,349,2018-02-01,0.0792000792000775
Martinique,349,2018-03-01,0.4352557127312274
Martinique,349,2018-04-01,-0.3644243080862844
Martinique,349,2018-05-01,0.2570185844207247
Martinique,349,2018-06-01,0.46341944389666617
Martinique,349,2018-07-01,0
Martinique,349,2018-08-01,0.3238786927078205
Martinique,349,2018-09-01,NA
Martinique,349,2018-10-01,NA
Martinique,349,2018-11-01,NA
Martinique,349,2018-12-01,NA
Bangladesh,513,2011-01-01,NA
Bangladesh,513,2011-02-01,0.6270561911309304
Bangladesh,513,2011-03-01,0.4064852584289893
Bangladesh,513,2011-04-01,-0.048175932970510635
Bangladesh,513,2011-05-01,-0.6260071909882351
Bangladesh,513,2011-06-01,0.9881028449917414
Bangladesh,513,2011-07-01,2.0156867363522766
Bangladesh,513,2011-08-01,2.083296284387239
Bangladesh,513,2011-09-01,1.7276394129570969
Bangladesh,513,2011-10-01,0.15434168931884773
Bangladesh,513,2011-11-01,-0.36603546595647357
Bangladesh,513,2011-12-01,-0.1928895037235328
Bangladesh,513,2012-01-01,1.540274755295439
Bangladesh,513,2012-02-01,-0.8928237305906851
Bangladesh,513,2012-03-01,0.23793370884616377
Bangladesh,513,2012-04-01,-0.5374374140363218
Bangladesh,513,2012-05-01,-0.8419237990549807
Bangladesh,513,2012-06-01,0.5500009001885153
Bangladesh,513,2012-07-01,1.6854686274382014
Bangladesh,513,2012-08-01,1.8531305549543045
Bangladesh,513,2012-09-01,1.7194350110289394
Bangladesh,513,2012-10-01,1.0137880535114527
Bangladesh,513,2012-11-01,0.2813637868255084
Bangladesh,513,2012-12-01,0.3575947626121576
Bangladesh,513,2013-01-01,1.0470343164127054
Bangladesh,513,2013-02-01,0.24955243313621558
Bangladesh,513,2013-03-01,0.11905406136690413
Bangladesh,513,2013-04-01,0.06486135884549056
Bangladesh,513,2013-05-01,-1.1991573488899172
Bangladesh,513,2013-06-01,0.6177901700289532
Bangladesh,513,2013-07-01,1.4942403825255266
Bangladesh,513,2013-08-01,1.41870549815307
Bangladesh,513,2013-09-01,1.478040540540492
Bangladesh,513,2013-10-01,0.9207240948813226
Bangladesh,513,2013-11-01,0.38657801144270953
Bangladesh,513,2013-12-01,0.5442596015609742
Bangladesh,513,2014-01-01,1.1898682463486911
Bangladesh,513,2014-02-01,0.1968205904617189
Bangladesh,513,2014-03-01,0.151103052281621
Bangladesh,513,2014-04-01,0.045262522631244216
Bangladesh,513,2014-05-01,-1.1712662745687945
Bangladesh,513,2014-06-01,0.13224821973546083
Bangladesh,513,2014-07-01,1.564563649293929
Bangladesh,513,2014-08-01,1.2953886165849366
Bangladesh,513,2014-09-01,1.4121364736088893
Bangladesh,513,2014-10-01,0.6913676420468241
Bangladesh,513,2014-11-01,0.024176780619869404
Bangladesh,513,2014-12-01,0.4447452383254242
Bangladesh,513,2015-01-01,1.126191163730843
Bangladesh,513,2015-02-01,0.29506948410432077
Bangladesh,513,2015-03-01,0.2704754674006314
Bangladesh,513,2015-04-01,0.09464767403344378
Bangladesh,513,2015-05-01,-1.2954470237814006
Bangladesh,513,2015-06-01,0.19159840973309875
Bangladesh,513,2015-07-01,1.6637185064780458
Bangladesh,513,2015-08-01,1.1192099694333222
Bangladesh,513,2015-09-01,1.4788634144073836
Bangladesh,513,2015-10-01,0.6461665368222025
Bangladesh,513,2015-11-01,-0.10927966487557347
Bangladesh,513,2015-12-01,0.48773817120967455
Bangladesh,513,2016-01-01,1.0977545928781722
Bangladesh,513,2016-02-01,-0.13012069816470878
Bangladesh,513,2016-03-01,0.30101536526192546
Bangladesh,513,2016-04-01,0.05375139977603505
Bangladesh,513,2016-05-01,-1.4415543716703962
Bangladesh,513,2016-06-01,0.2679990915284681
Bangladesh,513,2016-07-01,1.535743408535021
Bangladesh,513,2016-08-01,1.0886539062150555
Bangladesh,513,2016-09-01,1.6330493887099042
Bangladesh,513,2016-10-01,0.6861510400833931
Bangladesh,513,2016-11-01,-0.2889799439292622
Bangladesh,513,2016-12-01,0.15139717968677316
Bangladesh,513,2017-01-01,1.2136656156870287
Bangladesh,513,2017-02-01,0.025603823504244314
Bangladesh,513,2017-03-01,0.3796928327645917
Bangladesh,513,2017-04-01,0.12325215691274265
Bangladesh,513,2017-05-01,-1.167331691994218
Bangladesh,513,2017-06-01,0.4423828544430572
Bangladesh,513,2017-07-01,1.175917215428026
Bangladesh,513,2017-08-01,1.3989265035290892
Bangladesh,513,2017-09-01,1.8506168722908105
Bangladesh,513,2017-10-01,0.6138484203633983
Bangladesh,513,2017-11-01,-0.4108028959571479
Bangladesh,513,2017-12-01,0.07351439656942538
Bangladesh,513,2018-01-01,1.2651512059747216
Bangladesh,513,2018-02-01,-0.12896465562411322
Bangladesh,513,2018-03-01,0.33896937169615876
Bangladesh,513,2018-04-01,0.08043434546541882
Bangladesh,513,2018-05-01,-1.2256379344986759
Bangladesh,513,2018-06-01,0.4149715215623201
Bangladesh,513,2018-07-01,1.1465845555465548
Bangladesh,513,2018-08-01,1.3699178850390437
Bangladesh,513,2018-09-01,1.7900185719366315
Bangladesh,513,2018-10-01,0.5939440993787928
Bangladesh,513,2018-11-01,-0.43607455717205157
Bangladesh,513,2018-12-01,0.050387596899200096
Maldives,556,2011-01-01,NA
Maldives,556,2011-02-01,-0.7905074816261366
Maldives,556,2011-03-01,0.6317822386783932
Maldives,556,2011-04-01,4.417107665862045
Maldives,556,2011-05-01,3.313820948566052
Maldives,556,2011-06-01,0.9087718182766956
Maldives,556,2011-07-01,0.06011632347863575
Maldives,556,2011-08-01,0.3153086291239056
Maldives,556,2011-09-01,1.3016603038765948
Maldives,556,2011-10-01,0.3327893284838298
Maldives,556,2011-11-01,3.423110470246056
Maldives,556,2011-12-01,1.1857736202018627
Maldives,556,2012-01-01,0.8287817857296901
Maldives,556,2012-02-01,-0.302931552183971
Maldives,556,2012-03-01,0.7596585822826342
Maldives,556,2012-04-01,-0.09094369103408757
Maldives,556,2012-05-01,-1.9861394321378754
Maldives,556,2012-06-01,4.1585646905071645
Maldives,556,2012-07-01,0.24448657012603212
Maldives,556,2012-08-01,0.6474324512053187
Maldives,556,2012-09-01,0.01993136446055141
Maldives,556,2012-10-01,0.042662910903144016
Maldives,556,2012-11-01,0.3424940928946307
Maldives,556,2012-12-01,0.3934394342563181
Maldives,556,2013-01-01,0.1202171476323762
Maldives,556,2013-02-01,-0.20260748766024253
Maldives,556,2013-03-01,0.5006145416901081
Maldives,556,2013-04-01,0.11512300390775167
Maldives,556,2013-05-01,0.09568235288271049
Maldives,556,2013-06-01,-0.2676094249595397
Maldives,556,2013-07-01,1.1650679035973643
Maldives,556,2013-08-01,0.1690114188351574
Maldives,556,2013-09-01,0.8845774765902058
Maldives,556,2013-10-01,0.5751594767320639
Maldives,556,2013-11-01,0.12186960602413481
Maldives,556,2013-12-01,-0.028801755478174772
Maldives,556,2014-01-01,0.10985460497497734
Maldives,556,2014-02-01,-0.13828396030901902
Maldives,556,2014-03-01,-0.5861479140787689
Maldives,556,2014-04-01,0.18673105824220573
Maldives,556,2014-05-01,0.9700109773814041
Maldives,556,2014-06-01,-0.14460149368365244
Maldives,556,2014-07-01,0.4129124571994461
Maldives,556,2014-08-01,-0.14107212527690996
Maldives,556,2014-09-01,0.06448460458394059
Maldives,556,2014-10-01,0.042981421583653034
Maldives,556,2014-11-01,-0.38784469039813807
Maldives,556,2014-12-01,0.14936355181006997
Maldives,556,2015-01-01,-0.2809381134104409
Maldives,556,2015-02-01,0.12095527637094051
Maldives,556,2015-03-01,-0.07076595906964414
Maldives,556,2015-04-01,0.6704013914668328
Maldives,556,2015-05-01,0.0352578263963213
Maldives,556,2015-06-01,0.8349346201428844
Maldives,556,2015-07-01,-0.12204801538239692
Maldives,556,2015-08-01,0.1526484921084884
Maldives,556,2015-09-01,-0.04122354385780706
Maldives,556,2015-10-01,-0.020867598648433162
Maldives,556,2015-11-01,0.10438468518549815
Maldives,556,2015-12-01,-0.5247446639305151
Maldives,556,2016-01-01,-0.09611073835812972
Maldives,556,2016-02-01,0.21585252732150756
Maldives,556,2016-03-01,-0.532657756883112
Maldives,556,2016-04-01,-0.18242178801293626
Maldives,556,2016-05-01,0.06330535849642374
Maldives,556,2016-06-01,0.2178555139453647
Maldives,556,2016-07-01,0.2633560995213551
Maldives,556,2016-08-01,-0.09378201036613369
Maldives,556,2016-09-01,0.3797592653835189
Maldives,556,2016-10-01,1.906174355772244
Maldives,556,2016-11-01,-0.1059302806728429
Maldives,556,2016-12-01,0.27748623236056774
Maldives,556,2017-01-01,0.48479237246648843
Maldives,556,2017-02-01,0.3524683745707078
Maldives,556,2017-03-01,0.6529235635912498
Maldives,556,2017-04-01,-0.010200791735850733
Maldives,556,2017-05-01,0.2351573349957141
Maldives,556,2017-06-01,-0.9959295888492382
Maldives,556,2017-07-01,-0.07389072225065049
Maldives,556,2017-08-01,-0.3619046848432945
Maldives,556,2017-09-01,0.5167399717263577
Maldives,556,2017-10-01,-0.2693373371196434
Maldives,556,2017-11-01,-0.18144419231112172
Maldives,556,2017-12-01,0.9263273817634579
Maldives,556,2018-01-01,0.30861939236336167
Maldives,556,2018-02-01,0.2800399573723093
Maldives,556,2018-03-01,-0.21850844761599786
Maldives,556,2018-04-01,-1.6869532579859712
Maldives,556,2018-05-01,-0.3469657127293288
Maldives,556,2018-06-01,0.19669087658593598
Maldives,556,2018-07-01,0.5447011625308172
Maldives,556,2018-08-01,1.375739828609801
Maldives,556,2018-09-01,-0.6768482326928364
Maldives,556,2018-10-01,-0.4509665378276315
Maldives,556,2018-11-01,0.07615913104678085
Maldives,556,2018-12-01,-0.2619685689956818
"Mauritania, Islamic Rep. of",682,2011-01-01,NA
"Mauritania, Islamic Rep. of",682,2011-02-01,0.16059791776768276
"Mauritania, Islamic Rep. of",682,2011-03-01,0.44743677447885005
"Mauritania, Islamic Rep. of",682,2011-04-01,0.2253895544810115
"Mauritania, Islamic Rep. of",682,2011-05-01,0.3571744670078325
"Mauritania, Islamic Rep. of",682,2011-06-01,0.3358555320198511
"Mauritania, Islamic Rep. of",682,2011-07-01,0.3653512886302096
"Mauritania, Islamic Rep. of",682,2011-08-01,0.7882085804725106
"Mauritania, Islamic Rep. of",682,2011-09-01,1.0453514945965425
"Mauritania, Islamic Rep. of",682,2011-10-01,0.4622636271303957
"Mauritania, Islamic Rep. of",682,2011-11-01,0.39521835733087257
"Mauritania, Islamic Rep. of",682,2011-12-01,0.4026102318100677
"Mauritania, Islamic Rep. of",682,2012-01-01,0.5575832545376951
"Mauritania, Islamic Rep. of",682,2012-02-01,0.2694320757470282
"Mauritania, Islamic Rep. of",682,2012-03-01,0.3793083118871697
"Mauritania, Islamic Rep. of",682,2012-04-01,0.46142257808146736
"Mauritania, Islamic Rep. of",682,2012-05-01,0.06520197079695263
"Mauritania, Islamic Rep. of",682,2012-06-01,0.06506512777210076
"Mauritania, Islamic Rep. of",682,2012-07-01,0.1068493113266668
"Mauritania, Islamic Rep. of",682,2012-08-01,0.2801764258535461
"Mauritania, Islamic Rep. of",682,2012-09-01,0.3446533022444034
"Mauritania, Islamic Rep. of",682,2012-10-01,0.6821868500036025
"Mauritania, Islamic Rep. of",682,2012-11-01,0.07201509158589624
"Mauritania, Islamic Rep. of",682,2012-12-01,0.07132899319061695
"Mauritania, Islamic Rep. of",682,2013-01-01,0.9917531556921176
"Mauritania, Islamic Rep. of",682,2013-02-01,0.09551892302046618
"Mauritania, Islamic Rep. of",682,2013-03-01,0.015391203406205312
"Mauritania, Islamic Rep. of",682,2013-04-01,0.3488902269491275
"Mauritania, Islamic Rep. of",682,2013-05-01,0.3386284911424925
"Mauritania, Islamic Rep. of",682,2013-06-01,0.5385950345357593
"Mauritania, Islamic Rep. of",682,2013-07-01,0.4149535107967204
"Mauritania, Islamic Rep. of",682,2013-08-01,1.106172650257593
"Mauritania, Islamic Rep. of",682,2013-09-01,0.35244682195451355
"Mauritania, Islamic Rep. of",682,2013-10-01,0.08149007278357767
"Mauritania, Islamic Rep. of",682,2013-11-01,0.12007094693610042
"Mauritania, Islamic Rep. of",682,2013-12-01,-7.994541937322626e-4
"Mauritania, Islamic Rep. of",682,2014-01-01,-0.08785265953844558
"Mauritania, Islamic Rep. of",682,2014-02-01,0.004622559675782586
"Mauritania, Islamic Rep. of",682,2014-03-01,0.11218284031582504
"Mauritania, Islamic Rep. of",682,2014-04-01,0.1284696033500398
"Mauritania, Islamic Rep. of",682,2014-05-01,0.3297341718668688
"Mauritania, Islamic Rep. of",682,2014-06-01,0.27723476636446537
"Mauritania, Islamic Rep. of",682,2014-07-01,0.6484949774304244
"Mauritania, Islamic Rep. of",682,2014-08-01,0.886936985781567
"Mauritania, Islamic Rep. of",682,2014-09-01,1.3762307247997776
"Mauritania, Islamic Rep. of",682,2014-10-01,0.22366512379873127
"Mauritania, Islamic Rep. of",682,2014-11-01,0.5026325893890929
"Mauritania, Islamic Rep. of",682,2014-12-01,0.18849833922744968
"Mauritania, Islamic Rep. of",682,2015-01-01,0.3046269539942896
"Mauritania, Islamic Rep. of",682,2015-02-01,0.08592614960484178
"Mauritania, Islamic Rep. of",682,2015-03-01,0.09170491251705495
"Mauritania, Islamic Rep. of",682,2015-04-01,-1.0470472916979583
"Mauritania, Islamic Rep. of",682,2015-05-01,-1.033087477034069
"Mauritania, Islamic Rep. of",682,2015-06-01,0.5938806652161225
"Mauritania, Islamic Rep. of",682,2015-07-01,0.9467924875415861
"Mauritania, Islamic Rep. of",682,2015-08-01,1.0962226746376764
"Mauritania, Islamic Rep. of",682,2015-09-01,0.3466657716797659
"Mauritania, Islamic Rep. of",682,2015-10-01,0.5600372742561616
"Mauritania, Islamic Rep. of",682,2015-11-01,-0.2760456970972618
"Mauritania, Islamic Rep. of",682,2015-12-01,-0.33184555470902244
"Mauritania, Islamic Rep. of",682,2016-01-01,-1.1463306693869473
"Mauritania, Islamic Rep. of",682,2016-02-01,-0.41526683342812987
"Mauritania, Islamic Rep. of",682,2016-03-01,0.38334928957052206
"Mauritania, Islamic Rep. of",682,2016-04-01,0.198666842524235
"Mauritania, Islamic Rep. of",682,2016-05-01,0.2680376507213117
"Mauritania, Islamic Rep. of",682,2016-06-01,0.5041378932356465
"Mauritania, Islamic Rep. of",682,2016-07-01,0.3260694623023472
"Mauritania, Islamic Rep. of",682,2016-08-01,1.2335246071742103
"Mauritania, Islamic Rep. of",682,2016-09-01,1.055726790636268
"Mauritania, Islamic Rep. of",682,2016-10-01,0.7623318219495433
"Mauritania, Islamic Rep. of",682,2016-11-01,-0.1754906609749632
"Mauritania, Islamic Rep. of",682,2016-12-01,-0.23496812598311337
"Mauritania, Islamic Rep. of",682,2017-01-01,-0.7758906044124728
"Mauritania, Islamic Rep. of",682,2017-02-01,-0.16401554581377714
"Mauritania, Islamic Rep. of",682,2017-03-01,0.013667812137406808
"Mauritania, Islamic Rep. of",682,2017-04-01,0.09643201542908537
"Mauritania, Islamic Rep. of",682,2017-05-01,0.19267822736034007
"Mauritania, Islamic Rep. of",682,2017-06-01,0.09615384615382426
"Mauritania, Islamic Rep. of",682,2017-07-01,0.3842459173871911
"Mauritania, Islamic Rep. of",682,2017-08-01,0.9569377990430391
"Mauritania, Islamic Rep. of",682,2017-09-01,0.37914691943123785
"Mauritania, Islamic Rep. of",682,2017-10-01,0.09442870632679076
"Mauritania, Islamic Rep. of",682,2017-11-01,0
"Mauritania, Islamic Rep. of",682,2017-12-01,0
"Mauritania, Islamic Rep. of",682,2018-01-01,0.471698113207484
"Mauritania, Islamic Rep. of",682,2018-02-01,0
"Mauritania, Islamic Rep. of",682,2018-03-01,0.5633802816901453
"Mauritania, Islamic Rep. of",682,2018-04-01,0.0933706816060424
"Mauritania, Islamic Rep. of",682,2018-05-01,0.1865671641790326
"Mauritania, Islamic Rep. of",682,2018-06-01,0.372439478584806
"Mauritania, Islamic Rep. of",682,2018-07-01,0.27829313543598727
"Mauritania, Islamic Rep. of",682,2018-08-01,0.4625346901016956
"Mauritania, Islamic Rep. of",682,2018-09-01,0.4604051565377785
"Mauritania, Islamic Rep. of",682,2018-10-01,-0.18331805682862776
"Mauritania, Islamic Rep. of",682,2018-11-01,0.18365472910930483
"Mauritania, Islamic Rep. of",682,2018-12-01,0.18331805682864216
Kyrgyz Rep.,917,2011-01-01,NA
Kyrgyz Rep.,917,2011-02-01,1.4443678448279056
Kyrgyz Rep.,917,2011-03-01,2.204273273553587
Kyrgyz Rep.,917,2011-04-01,0.4066874118575043
Kyrgyz Rep.,917,2011-05-01,-0.2721615921815038
Kyrgyz Rep.,917,2011-06-01,0.6271635435004352
Kyrgyz Rep.,917,2011-07-01,-0.34975455374127784
Kyrgyz Rep.,917,2011-08-01,-1.1836457302963252
Kyrgyz Rep.,917,2011-09-01,-1.106067555001252
Kyrgyz Rep.,917,2011-10-01,-0.5020301334144349
Kyrgyz Rep.,917,2011-11-01,0.6995544075416691
Kyrgyz Rep.,917,2011-12-01,1.0244226095506153
Kyrgyz Rep.,917,2012-01-01,0.7966558735274045
Kyrgyz Rep.,917,2012-02-01,0.02790338230349719
Kyrgyz Rep.,917,2012-03-01,0.02392047816853262
Kyrgyz Rep.,917,2012-04-01,-0.23630156253131168
Kyrgyz Rep.,917,2012-05-01,0.6961621332384632
Kyrgyz Rep.,917,2012-06-01,-0.4045835085685159
Kyrgyz Rep.,917,2012-07-01,0.14848440586720713
Kyrgyz Rep.,917,2012-08-01,0.9417108247913929
Kyrgyz Rep.,917,2012-09-01,1.0823100676068202
Kyrgyz Rep.,917,2012-10-01,1.8735779462164177
Kyrgyz Rep.,917,2012-11-01,0.8082216462608913
Kyrgyz Rep.,917,2012-12-01,1.5187261168390405
Kyrgyz Rep.,917,2013-01-01,0.7945918519051193
Kyrgyz Rep.,917,2013-02-01,0.39129586230764485
Kyrgyz Rep.,917,2013-03-01,-0.05469772935193223
Kyrgyz Rep.,917,2013-04-01,-0.08550267197265446
Kyrgyz Rep.,917,2013-05-01,0.30809879679027324
Kyrgyz Rep.,917,2013-06-01,0.1469477561614621
Kyrgyz Rep.,917,2013-07-01,-0.2687781713252907
Kyrgyz Rep.,917,2013-08-01,-0.11229209341093144
Kyrgyz Rep.,917,2013-09-01,0.49850347001214174
Kyrgyz Rep.,917,2013-10-01,0.37425919459968776
Kyrgyz Rep.,917,2013-11-01,0.7797687261019155
Kyrgyz Rep.,917,2013-12-01,1.1373052685432337
Kyrgyz Rep.,917,2014-01-01,0.46644372820021407
Kyrgyz Rep.,917,2014-02-01,0.7772503694554291
Kyrgyz Rep.,917,2014-03-01,2.1304598920616464
Kyrgyz Rep.,917,2014-04-01,0.9921635604604924
Kyrgyz Rep.,917,2014-05-01,0.9472579434521579
Kyrgyz Rep.,917,2014-06-01,0.4867647834438068
Kyrgyz Rep.,917,2014-07-01,-0.8848751101436844
Kyrgyz Rep.,917,2014-08-01,-0.4336327858369728
Kyrgyz Rep.,917,2014-09-01,0.40915871597358444
Kyrgyz Rep.,917,2014-10-01,1.753453395380123
Kyrgyz Rep.,917,2014-11-01,1.9739882954013903
Kyrgyz Rep.,917,2014-12-01,1.4310880219805457
Kyrgyz Rep.,917,2015-01-01,1.4618388628033858
Kyrgyz Rep.,917,2015-02-01,0.2710918454015866
Kyrgyz Rep.,917,2015-03-01,-0.19127682647320476
Kyrgyz Rep.,917,2015-04-01,0.4111600719344586
Kyrgyz Rep.,917,2015-05-01,-0.7635544290407448
Kyrgyz Rep.,917,2015-06-01,-0.9240143933617587
Kyrgyz Rep.,917,2015-07-01,-0.4569457774690049
Kyrgyz Rep.,917,2015-08-01,0.30442219832119233
Kyrgyz Rep.,917,2015-09-01,1.0098329268211377
Kyrgyz Rep.,917,2015-10-01,0.33660985956374245
Kyrgyz Rep.,917,2015-11-01,0.8815146816256166
Kyrgyz Rep.,917,2015-12-01,0.9913688514195326
Kyrgyz Rep.,917,2016-01-01,-0.046950057340501665
Kyrgyz Rep.,917,2016-02-01,-0.23023351978351259
Kyrgyz Rep.,917,2016-03-01,-0.950261499925145
Kyrgyz Rep.,917,2016-04-01,-0.7729518270494864
Kyrgyz Rep.,917,2016-05-01,0.16749812797240285
Kyrgyz Rep.,917,2016-06-01,0.03762662692867474
Kyrgyz Rep.,917,2016-07-01,-0.509021738271485
Kyrgyz Rep.,917,2016-08-01,-0.417412900745275
Kyrgyz Rep.,917,2016-09-01,0.24707815711082887
Kyrgyz Rep.,917,2016-10-01,0.445305311448554
Kyrgyz Rep.,917,2016-11-01,0.5119778305296658
Kyrgyz Rep.,917,2016-12-01,1.0315483467639184
Kyrgyz Rep.,917,2017-01-01,0.9758228216090064
Kyrgyz Rep.,917,2017-02-01,0.5562691443545974
Kyrgyz Rep.,917,2017-03-01,0.5356134645207766
Kyrgyz Rep.,917,2017-04-01,0.14450036159720747
Kyrgyz Rep.,917,2017-05-01,0.14453405234257202
Kyrgyz Rep.,917,2017-06-01,0.3750455002882052
Kyrgyz Rep.,917,2017-07-01,-0.9802619618678935
Kyrgyz Rep.,917,2017-08-01,-0.22028512852665416
Kyrgyz Rep.,917,2017-09-01,-0.29118219996361444
Kyrgyz Rep.,917,2017-10-01,0.7332353635856795
Kyrgyz Rep.,917,2017-11-01,0.94095104126789475
Kyrgyz Rep.,917,2017-12-01,0.699806982996088
Kyrgyz Rep.,917,2018-01-01,0.5577706228631125
Kyrgyz Rep.,917,2018-02-01,0.8532284744344936
Kyrgyz Rep.,917,2018-03-01,-0.27809609270385804
Kyrgyz Rep.,917,2018-04-01,-0.5016370427888727
Kyrgyz Rep.,917,2018-05-01,-0.49096751740426176
Kyrgyz Rep.,917,2018-06-01,-0.23848266640570892
Kyrgyz Rep.,917,2018-07-01,-0.6771376880824942
Kyrgyz Rep.,917,2018-08-01,-0.4222660624445702
Kyrgyz Rep.,917,2018-09-01,0.07368764812438673
Kyrgyz Rep.,917,2018-10-01,0.26276185903185134
Kyrgyz Rep.,917,2018-11-01,0.6833661296070854
Kyrgyz Rep.,917,2018-12-01,0.6794421550097516
"Congo, Dem. Rep. of the",636,2011-01-01,NA
"Congo, Dem. Rep. of the",636,2011-02-01,NA
"Congo, Dem. Rep. of the",636,2011-03-01,NA
"Congo, Dem. Rep. of the",636,2011-04-01,NA
"Congo, Dem. Rep. of the",636,2011-05-01,NA
"Congo, Dem. Rep. of the",636,2011-06-01,NA
"Congo, Dem. Rep. of the",636,2011-07-01,NA
"Congo, Dem. Rep. of the",636,2011-08-01,NA
"Congo, Dem. Rep. of the",636,2011-09-01,NA
"Congo, Dem. Rep. of the",636,2011-10-01,NA
"Congo, Dem. Rep. of the",636,2011-11-01,NA
"Congo, Dem. Rep. of the",636,2011-12-01,NA
"Congo, Dem. Rep. of the",636,2012-01-01,NA
"Congo, Dem. Rep. of the",636,2012-02-01,-0.08194706219781554
"Congo, Dem. Rep. of the",636,2012-03-01,0.043057492003604425
"Congo, Dem. Rep. of the",636,2012-04-01,0.07583054946406341
"Congo, Dem. Rep. of the",636,2012-05-01,0.04915011263567665
"Congo, Dem. Rep. of the",636,2012-06-01,0.040938305972896515
"Congo, Dem. Rep. of the",636,2012-07-01,0.04705978638949507
"Congo, Dem. Rep. of the",636,2012-08-01,0.06339857250954975
"Congo, Dem. Rep. of the",636,2012-09-01,0.055183126226299596
"Congo, Dem. Rep. of the",636,2012-10-01,0.036768460831377144
"Congo, Dem. Rep. of the",636,2012-11-01,0.07759377616237426
"Congo, Dem. Rep. of the",636,2012-12-01,0.057130032033619535
"Congo, Dem. Rep. of the",636,2013-01-01,0.09176369828095773
"Congo, Dem. Rep. of the",636,2013-02-01,0.07130633200228645
"Congo, Dem. Rep. of the",636,2013-03-01,0.050896801644984634
"Congo, Dem. Rep. of the",636,2013-04-01,0.04368831556243126
"Congo, Dem. Rep. of the",636,2013-05-01,0.0762941196670066
"Congo, Dem. Rep. of the",636,2013-06-01,0.05303846720403172
"Congo, Dem. Rep. of the",636,2013-07-01,0.08717650453108072
"Congo, Dem. Rep. of the",636,2013-08-01,0.16037649184493263
"Congo, Dem. Rep. of the",636,2013-09-01,0.10630301330370366
"Congo, Dem. Rep. of the",636,2013-10-01,0.11283652990592659
"Congo, Dem. Rep. of the",636,2013-11-01,0.0783313095866385
"Congo, Dem. Rep. of the",636,2013-12-01,0.10908583399345784
"Congo, Dem. Rep. of the",636,2014-01-01,0.1424176146593154
"Congo, Dem. Rep. of the",636,2014-02-01,0.12330775695415176
"Congo, Dem. Rep. of the",636,2014-03-01,0.1706044000210886
"Congo, Dem. Rep. of the",636,2014-04-01,0.09532671511552054
"Congo, Dem. Rep. of the",636,2014-05-01,0.12287195477391345
"Congo, Dem. Rep. of the",636,2014-06-01,0.092408684366072
"Congo, Dem. Rep. of the",636,2014-07-01,0.07720434030273363
"Congo, Dem. Rep. of the",636,2014-08-01,0.04870318729504099
"Congo, Dem. Rep. of the",636,2014-09-01,0.04831385555969858
"Congo, Dem. Rep. of the",636,2014-10-01,0.054749147669914455
"Congo, Dem. Rep. of the",636,2014-11-01,0.04516119499700802
"Congo, Dem. Rep. of the",636,2014-12-01,0.05049883468768311
"Congo, Dem. Rep. of the",636,2015-01-01,0.05873983678676065
"Congo, Dem. Rep. of the",636,2015-02-01,0.027459628292317392
"Congo, Dem. Rep. of the",636,2015-03-01,0.05475676079793017
"Congo, Dem. Rep. of the",636,2015-04-01,0.06798791627141879
"Congo, Dem. Rep. of the",636,2015-05-01,0.04938310316535703
"Congo, Dem. Rep. of the",636,2015-06-01,0.055651178653678635
"Congo, Dem. Rep. of the",636,2015-07-01,0.07338712590766568
"Congo, Dem. Rep. of the",636,2015-08-01,0.06491615426308991
"Congo, Dem. Rep. of the",636,2015-09-01,0.06130501820919255
"Congo, Dem. Rep. of the",636,2015-10-01,0.0953841858505559
"Congo, Dem. Rep. of the",636,2015-11-01,0.07316286467963162
"Congo, Dem. Rep. of the",636,2015-12-01,0.11421667632814331
"Congo, Dem. Rep. of the",636,2016-01-01,0.08363117517151104
"Congo, Dem. Rep. of the",636,2016-02-01,0.08986249607317438
"Congo, Dem. Rep. of the",636,2016-03-01,0.16428231667801765
"Congo, Dem. Rep. of the",636,2016-04-01,0.13864398581447696
"Congo, Dem. Rep. of the",636,2016-05-01,0.11839431970826572
"Congo, Dem. Rep. of the",636,2016-06-01,0.3182780267297471
"Congo, Dem. Rep. of the",636,2016-07-01,0.5659968993029643
"Congo, Dem. Rep. of the",636,2016-08-01,0.6027540345629838
"Congo, Dem. Rep. of the",636,2016-09-01,0.8763564033900775
"Congo, Dem. Rep. of the",636,2016-10-01,1.1874075123823926
"Congo, Dem. Rep. of the",636,2016-11-01,1.5639569900354775
"Congo, Dem. Rep. of the",636,2016-12-01,4.13385042627281
"Congo, Dem. Rep. of the",636,2017-01-01,1.846112153902533
"Congo, Dem. Rep. of the",636,2017-02-01,1.9413276005158413
"Congo, Dem. Rep. of the",636,2017-03-01,NA
"Congo, Dem. Rep. of the",636,2017-04-01,NA
"Congo, Dem. Rep. of the",636,2017-05-01,NA
"Congo, Dem. Rep. of the",636,2017-06-01,NA
"Congo, Dem. Rep. of the",636,2017-07-01,NA
"Congo, Dem. Rep. of the",636,2017-08-01,NA
"Congo, Dem. Rep. of the",636,2017-09-01,NA
"Congo, Dem. Rep. of the",636,2017-10-01,NA
"Congo, Dem. Rep. of the",636,2017-11-01,NA
"Congo, Dem. Rep. of the",636,2017-12-01,NA
"Congo, Dem. Rep. of the",636,2018-01-01,NA
"Congo, Dem. Rep. of the",636,2018-02-01,NA
"Congo, Dem. Rep. of the",636,2018-03-01,NA
"Congo, Dem. Rep. of the",636,2018-04-01,NA
"Congo, Dem. Rep. of the",636,2018-05-01,NA
"Congo, Dem. Rep. of the",636,2018-06-01,NA
"Congo, Dem. Rep. of the",636,2018-07-01,NA
"Congo, Dem. Rep. of the",636,2018-08-01,NA
"Congo, Dem. Rep. of the",636,2018-09-01,NA
"Congo, Dem. Rep. of the",636,2018-10-01,NA
"Congo, Dem. Rep. of the",636,2018-11-01,NA
"Congo, Dem. Rep. of the",636,2018-12-01,NA
New Caledonia,839,2011-01-01,NA
New Caledonia,839,2011-02-01,0.24794208072994148
New Caledonia,839,2011-03-01,-0.06925207756232013
New Caledonia,839,2011-04-01,0.3366003366003259
New Caledonia,839,2011-05-01,0.10853478046373896
New Caledonia,839,2011-06-01,0.2858269268677373
New Caledonia,839,2011-07-01,0.35380835380835324
New Caledonia,839,2011-08-01,-0.019586720203697994
New Caledonia,839,2011-09-01,0.08815750808110824
New Caledonia,839,2011-10-01,0.029359953024062368
New Caledonia,839,2011-11-01,-0.10762156344780299
New Caledonia,839,2011-12-01,0.5190989226248787
New Caledonia,839,2012-01-01,0.2728247101237466
New Caledonia,839,2012-02-01,-0.18462734428140873
New Caledonia,839,2012-03-01,0.04867601246105643
New Caledonia,839,2012-04-01,0.5935584314488659
New Caledonia,839,2012-05-01,0.15476881408397253
New Caledonia,839,2012-06-01,-0.019316206297093134
New Caledonia,839,2012-07-01,0.15455950540959315
New Caledonia,839,2012-08-01,0.07716049382715884
New Caledonia,839,2012-09-01,0.11565150346953577
New Caledonia,839,2012-10-01,-0.1732768579129694
New Caledonia,839,2012-11-01,0.28929604628736466
New Caledonia,839,2012-12-01,0.28846153846153577
New Caledonia,839,2013-01-01,0.5465004793863925
New Caledonia,839,2013-02-01,-0.20024792600363112
New Caledonia,839,2013-03-01,-0.12421173323141169
New Caledonia,839,2013-04-01,0.3156988424375761
New Caledonia,839,2013-05-01,0.3147053213808872
New Caledonia,839,2013-06-01,0.0570396425515755
New Caledonia,839,2013-07-01,-0.114014251781477
New Caledonia,839,2013-08-01,-0.23780081803481407
New Caledonia,839,2013-09-01,-0.4004576659038918
New Caledonia,839,2013-10-01,-0.009573042312838316
New Caledonia,839,2013-11-01,0.25849688846337576
New Caledonia,839,2013-12-01,0.29602750190985705
New Caledonia,839,2014-01-01,-0.1142530705512754
New Caledonia,839,2014-02-01,-0.06672385854541339
New Caledonia,839,2014-03-01,-0.2193819152995078
New Caledonia,839,2014-04-01,0.019118631106009004
New Caledonia,839,2014-05-01,0.028672464876231613
New Caledonia,839,2014-06-01,0.29619721001337884
New Caledonia,839,2014-07-01,-0.09526531389920388
New Caledonia,839,2014-08-01,0.29560408124344645
New Caledonia,839,2014-09-01,0.038030043734542725
New Caledonia,839,2014-10-01,0.0855350693784484
New Caledonia,839,2014-11-01,0.13294084132561065
New Caledonia,839,2014-12-01,0.17069701280226893
New Caledonia,839,2015-01-01,-0.19880715705764815
New Caledonia,839,2015-02-01,-0.3225194460254253
New Caledonia,839,2015-03-01,0.16178149980967044
New Caledonia,839,2015-04-01,-0.2755344418052316
New Caledonia,839,2015-05-01,-0.028582317073158277
New Caledonia,839,2015-06-01,0.4955684742209054
New Caledonia,839,2015-07-01,0.03793266951160933
New Caledonia,839,2015-08-01,0.4265807185515242
New Caledonia,839,2015-09-01,0.10383235793845519
New Caledonia,839,2015-10-01,0.25459688826025084
New Caledonia,839,2015-11-01,-0.05643340857786688
New Caledonia,839,2015-12-01,0.056465273856566967
New Caledonia,839,2016-01-01,-0.037622272385244585
New Caledonia,839,2016-02-01,-0.4516371847948852
New Caledonia,839,2016-03-01,0.4064272211720291
New Caledonia,839,2016-04-01,-0.1035489033229779
New Caledonia,839,2016-05-01,-0.3392385978137952
New Caledonia,839,2016-06-01,0.29311649016640323
New Caledonia,839,2016-07-01,0.2545488828132462
New Caledonia,839,2016-08-01,0.16926838442730166
New Caledonia,839,2016-09-01,-0.10326699211415645
New Caledonia,839,2016-10-01,-0.2537355511699991
New Caledonia,839,2016-11-01,0.03768607499529513
New Caledonia,839,2016-12-01,0.7251836504049689
New Caledonia,839,2017-01-01,0.2992052360916252
New Caledonia,839,2017-02-01,NA
New Caledonia,839,2017-03-01,NA
New Caledonia,839,2017-04-01,NA
New Caledonia,839,2017-05-01,NA
New Caledonia,839,2017-06-01,NA
New Caledonia,839,2017-07-01,NA
New Caledonia,839,2017-08-01,NA
New Caledonia,839,2017-09-01,NA
New Caledonia,839,2017-10-01,NA
New Caledonia,839,2017-11-01,NA
New Caledonia,839,2017-12-01,NA
New Caledonia,839,2018-01-01,NA
New Caledonia,839,2018-02-01,NA
New Caledonia,839,2018-03-01,NA
New Caledonia,839,2018-04-01,NA
New Caledonia,839,2018-05-01,NA
New Caledonia,839,2018-06-01,NA
New Caledonia,839,2018-07-01,NA
New Caledonia,839,2018-08-01,NA
New Caledonia,839,2018-09-01,NA
New Caledonia,839,2018-10-01,NA
New Caledonia,839,2018-11-01,NA
New Caledonia,839,2018-12-01,NA
"Mozambique, Rep. of",688,2011-01-01,NA
"Mozambique, Rep. of",688,2011-02-01,1.3186380633733061
"Mozambique, Rep. of",688,2011-03-01,-0.09712509712514851
"Mozambique, Rep. of",688,2011-04-01,0.18471709119191515
"Mozambique, Rep. of",688,2011-05-01,0.5337214944201978
"Mozambique, Rep. of",688,2011-06-01,-0.3378378378377336
"Mozambique, Rep. of",688,2011-07-01,0.41646489104109513
"Mozambique, Rep. of",688,2011-08-01,0.44367283950624853
"Mozambique, Rep. of",688,2011-09-01,-0.07681966583450639
"Mozambique, Rep. of",688,2011-10-01,0.08648856428977035
"Mozambique, Rep. of",688,2011-11-01,0.52808449351897635
"Mozambique, Rep. of",688,2011-12-01,1.375358166189134
"Mozambique, Rep. of",688,2012-01-01,0.6406632749198946
"Mozambique, Rep. of",688,2012-02-01,-0.2434001123384582
"Mozambique, Rep. of",688,2012-03-01,0.20645645645637517
"Mozambique, Rep. of",688,2012-04-01,-0.2434912905037845
"Mozambique, Rep. of",688,2012-05-01,-0.5257228689447141
"Mozambique, Rep. of",688,2012-06-01,-0.33975084937711736
"Mozambique, Rep. of",688,2012-07-01,0.02840909090900532
"Mozambique, Rep. of",688,2012-08-01,-0.018934014957884836
"Mozambique, Rep. of",688,2012-09-01,0.05681280181803372
"Mozambique, Rep. of",688,2012-10-01,0.33121983533653243
"Mozambique, Rep. of",688,2012-11-01,1.0564044519900184
"Mozambique, Rep. of",688,2012-12-01,1.0640283740900125
"Mozambique, Rep. of",688,2013-01-01,1.348356113779111
"Mozambique, Rep. of",688,2013-02-01,1.157280845635153
"Mozambique, Rep. of",688,2013-03-01,0.2972705161698045
"Mozambique, Rep. of",688,2013-04-01,0.25148194718875017
"Mozambique, Rep. of",688,2013-05-01,-0.4210714925640192
"Mozambique, Rep. of",688,2013-06-01,-0.37786774628883013
"Mozambique, Rep. of",688,2013-07-01,-0.2348053824617906
"Mozambique, Rep. of",688,2013-08-01,-0.2534624785011101
"Mozambique, Rep. of",688,2013-09-01,0.23595607586910156
"Mozambique, Rep. of",688,2013-10-01,0.23540063377088336
"Mozambique, Rep. of",688,2013-11-01,0.6864781862523986
"Mozambique, Rep. of",688,2013-12-01,0.5741455100026447
"Mozambique, Rep. of",688,2014-01-01,0.9811791990010048
"Mozambique, Rep. of",688,2014-02-01,0.3886582457380519
"Mozambique, Rep. of",688,2014-03-01,0.9062912450504766
"Mozambique, Rep. of",688,2014-04-01,0.1220788280433209
"Mozambique, Rep. of",688,2014-05-01,-0.38320850026132086
"Mozambique, Rep. of",688,2014-06-01,-0.5245672320335032
"Mozambique, Rep. of",688,2014-07-01,-0.04394445421000643
"Mozambique, Rep. of",688,2014-08-01,-0.5539435505142415
"Mozambique, Rep. of",688,2014-09-01,-0.16799292661361945
"Mozambique, Rep. of",688,2014-10-01,0.13284917190680734
"Mozambique, Rep. of",688,2014-11-01,0.3626393065628275
"Mozambique, Rep. of",688,2014-12-01,0.7050321670926751
"Mozambique, Rep. of",688,2015-01-01,1.837752690994984
"Mozambique, Rep. of",688,2015-02-01,1.55538368995438
"Mozambique, Rep. of",688,2015-03-01,0.05923168048752677
"Mozambique, Rep. of",688,2015-04-01,-0.9809725158562935
"Mozambique, Rep. of",688,2015-05-01,-1.050473994363301
"Mozambique, Rep. of",688,2015-06-01,-0.4574486449162778
"Mozambique, Rep. of",688,2015-07-01,0.09537847914676545
"Mozambique, Rep. of",688,2015-08-01,0.20790020790014482
"Mozambique, Rep. of",688,2015-09-01,0.26798063623797236
"Mozambique, Rep. of",688,2015-10-01,2.0950081903612974
"Mozambique, Rep. of",688,2015-11-01,1.8324607329842262
"Mozambique, Rep. of",688,2015-12-01,4.759930342482818
"Mozambique, Rep. of",688,2016-01-01,2.6516893297423296
"Mozambique, Rep. of",688,2016-02-01,0.981228668941925
"Mozambique, Rep. of",688,2016-03-01,0.2746092099704608
"Mozambique, Rep. of",688,2016-04-01,1.3903518011375662
"Mozambique, Rep. of",688,2016-05-01,0.3012674007894328
"Mozambique, Rep. of",688,2016-06-01,0.7560849300880593
"Mozambique, Rep. of",688,2016-07-01,1.1615953947369224
"Mozambique, Rep. of",688,2016-08-01,1.7681129966466105
"Mozambique, Rep. of",688,2016-09-01,3.2850723914129625
"Mozambique, Rep. of",688,2016-10-01,2.436194895591517
"Mozambique, Rep. of",688,2016-11-01,1.8497546243866254
"Mozambique, Rep. of",688,2016-12-01,2.538917716827261
"Mozambique, Rep. of",688,2017-01-01,2.1507319718055333
"Mozambique, Rep. of",688,2017-02-01,1.2473460721867966
"Mozambique, Rep. of",688,2017-03-01,0.8475316732197692
"Mozambique, Rep. of",688,2017-04-01,1.134985271183512
"Mozambique, Rep. of",688,2017-05-01,-0.3769382335303285
"Mozambique, Rep. of",688,2017-06-01,-1.2038868346375176
"Mozambique, Rep. of",688,2017-07-01,-0.49612672991568346
"Mozambique, Rep. of",688,2017-08-01,-0.017494751574401786
"Mozambique, Rep. of",688,2017-09-01,0.23622047244083985
"Mozambique, Rep. of",688,2017-10-01,0.20947892118354966
"Mozambique, Rep. of",688,2017-11-01,0.7229335423743587
"Mozambique, Rep. of",688,2017-12-01,1.098235904531403
"Mozambique, Rep. of",688,2018-01-01,0.40201864682232236
"Mozambique, Rep. of",688,2018-02-01,0.35781223377060456
"Mozambique, Rep. of",688,2018-03-01,0.9677419354839345
"Mozambique, Rep. of",688,2018-04-01,0.42878762401201914
"Mozambique, Rep. of",688,2018-05-01,0.527417329426573
"Mozambique, Rep. of",688,2018-06-01,-0.11658894070621624
"Mozambique, Rep. of",688,2018-07-01,-0.17508754377185923
"Mozambique, Rep. of",688,2018-08-01,0.25891589409499394
"Mozambique, Rep. of",688,2018-09-01,0.10829723425526178
"Mozambique, Rep. of",688,2018-10-01,0.07489390030799747
"Mozambique, Rep. of",688,2018-11-01,0.26609013803421283
"Mozambique, Rep. of",688,2018-12-01,0.3731962182782888
"Belarus, Rep. of",913,2011-01-01,NA
"Belarus, Rep. of",913,2011-02-01,2.6917767698680777
"Belarus, Rep. of",913,2011-03-01,1.8915026404219053
"Belarus, Rep. of",913,2011-04-01,4.457218243498061
"Belarus, Rep. of",913,2011-05-01,13.143888137122348
"Belarus, Rep. of",913,2011-06-01,8.61904002551437
"Belarus, Rep. of",913,2011-07-01,3.50877192982443
"Belarus, Rep. of",913,2011-08-01,8.928444791149598
"Belarus, Rep. of",913,2011-09-01,13.58723958333339
"Belarus, Rep. of",913,2011-10-01,8.167593282512765
"Belarus, Rep. of",913,2011-11-01,8.112547689698818
"Belarus, Rep. of",913,2011-12-01,2.279076606381392
"Belarus, Rep. of",913,2012-01-01,1.9299999999999995
"Belarus, Rep. of",913,2012-02-01,1.540272736191649
"Belarus, Rep. of",913,2012-03-01,1.4589371980676986
"Belarus, Rep. of",913,2012-04-01,1.714122464527063
"Belarus, Rep. of",913,2012-05-01,1.5822488531036258
"Belarus, Rep. of",913,2012-06-01,1.815668202765143
"Belarus, Rep. of",913,2012-07-01,1.339730243504894
"Belarus, Rep. of",913,2012-08-01,2.33139794551155
"Belarus, Rep. of",913,2012-09-01,1.3006284916199506
"Belarus, Rep. of",913,2012-10-01,1.7837139164154108
"Belarus, Rep. of",913,2012-11-01,1.6931933626820466
"Belarus, Rep. of",913,2012-12-01,1.3902763902761657
"Belarus, Rep. of",913,2013-01-01,3.0100000000000473
"Belarus, Rep. of",913,2013-02-01,1.242597806038201
"Belarus, Rep. of",913,2013-03-01,1.0547511746092466
"Belarus, Rep. of",913,2013-04-01,0.45545118132663653
"Belarus, Rep. of",913,2013-05-01,0.7178615282894902
"Belarus, Rep. of",913,2013-06-01,0.328237831754588
"Belarus, Rep. of",913,2013-07-01,0.9814918676388156
"Belarus, Rep. of",913,2013-08-01,0.12959363139864058
"Belarus, Rep. of",913,2013-09-01,1.6732920403070066
"Belarus, Rep. of",913,2013-10-01,1.8457901436624968
"Belarus, Rep. of",913,2013-11-01,1.5534327292204446
"Belarus, Rep. of",913,2013-12-01,2.391208791208901
"Belarus, Rep. of",913,2014-01-01,1.6099999999999508
"Belarus, Rep. of",913,2014-02-01,1.9879933077452314
"Belarus, Rep. of",913,2014-03-01,1.264112708675284
"Belarus, Rep. of",913,2014-04-01,1.55326853440058
"Belarus, Rep. of",913,2014-05-01,2.223890400675689
"Belarus, Rep. of",913,2014-06-01,1.1474205984944947
"Belarus, Rep. of",913,2014-07-01,0.8530719666031599
"Belarus, Rep. of",913,2014-08-01,0.8008638531448514
"Belarus, Rep. of",913,2014-09-01,1.2319228709160241
"Belarus, Rep. of",913,2014-10-01,1.2433862433862792
"Belarus, Rep. of",913,2014-11-01,0.6184130302238044
"Belarus, Rep. of",913,2014-12-01,0.6232686980608203
"Belarus, Rep. of",913,2015-01-01,2.360000000000013
"Belarus, Rep. of",913,2015-02-01,1.6510355607660394
"Belarus, Rep. of",913,2015-03-01,0.8265257087937612
"Belarus, Rep. of",913,2015-04-01,0.8960061004670139
"Belarus, Rep. of",913,2015-05-01,0.6518658478981286
"Belarus, Rep. of",913,2015-06-01,0.7227332457293323
"Belarus, Rep. of",913,2015-07-01,0.21433230826569488
"Belarus, Rep. of",913,2015-08-01,0.22317277292166746
"Belarus, Rep. of",913,2015-09-01,1.3267767674894069
"Belarus, Rep. of",913,2015-10-01,0.8332570277445923
"Belarus, Rep. of",913,2015-11-01,0.4812931347621284
"Belarus, Rep. of",913,2015-12-01,1.2019882512426467
"Belarus, Rep. of",913,2016-01-01,1.860000000000112
"Belarus, Rep. of",913,2016-02-01,2.9059493422343876
"Belarus, Rep. of",913,2016-03-01,0.8299942759015824
"Belarus, Rep. of",913,2016-04-01,0.7096224808401853
"Belarus, Rep. of",913,2016-05-01,0.48853814355505465
"Belarus, Rep. of",913,2016-06-01,0.3926701570680289
"Belarus, Rep. of",913,2016-07-01,0.35388340473081026
"Belarus, Rep. of",913,2016-08-01,-0.14847809948037627
"Belarus, Rep. of",913,2016-09-01,0.6691449814127084
"Belarus, Rep. of",913,2016-10-01,0.803175775480095
"Belarus, Rep. of",913,2016-11-01,0.7876179137283063
"Belarus, Rep. of",913,2016-12-01,0.48159927305778183
"Belarus, Rep. of",913,2017-01-01,0.8699999999999317
"Belarus, Rep. of",913,2017-02-01,0.535342520075381
"Belarus, Rep. of",913,2017-03-01,0.2761068928114043
"Belarus, Rep. of",913,2017-04-01,0.65886517848351
"Belarus, Rep. of",913,2017-05-01,0.2833137944509317
"Belarus, Rep. of",913,2017-06-01,0.7111544081833019
"Belarus, Rep. of",913,2017-07-01,-0.10640355968284715
"Belarus, Rep. of",913,2017-08-01,-0.7940350537425389
"Belarus, Rep. of",913,2017-09-01,0.2537823328452933
"Belarus, Rep. of",913,2017-10-01,1.1975464901177573
"Belarus, Rep. of",913,2017-11-01,0.45218395228015545
"Belarus, Rep. of",913,2017-12-01,0.17239727995403542
"Belarus, Rep. of",913,2018-01-01,0.7499999999999787
"Belarus, Rep. of",913,2018-02-01,0.9131513647643549
"Belarus, Rep. of",913,2018-03-01,0.7770237041407259
"Belarus, Rep. of",913,2018-04-01,0.2927971891469934
"Belarus, Rep. of",913,2018-05-01,-0.2822109770338238
"Belarus, Rep. of",913,2018-06-01,0.42939396896646786
"Belarus, Rep. of",913,2018-07-01,-0.1554756583421236
"Belarus, Rep. of",913,2018-08-01,0.1265206812650884
"Belarus, Rep. of",913,2018-09-01,0.8067651632971278
"Belarus, Rep. of",913,2018-10-01,0.5110404011184478
"Belarus, Rep. of",913,2018-11-01,0.5564082885648748
"Belarus, Rep. of",913,2018-12-01,0.7822934554474649
Liberia,668,2011-01-01,NA
Liberia,668,2011-02-01,0.5588967863433577
Liberia,668,2011-03-01,0.04832960792623962
Liberia,668,2011-04-01,0.410603224442793
Liberia,668,2011-05-01,1.4432617716038965
Liberia,668,2011-06-01,1.6539213942736097
Liberia,668,2011-07-01,5.020993701889302
Liberia,668,2011-08-01,0.9106557832195432
Liberia,668,2011-09-01,-2.4321796071094566
Liberia,668,2011-10-01,1.8667869832497346
Liberia,668,2011-11-01,-1.489314583102751
Liberia,668,2011-12-01,0.14612488057109319
Liberia,668,2012-01-01,0.6285425669230481
Liberia,668,2012-02-01,1.7846188165745742
Liberia,668,2012-03-01,-1.375267108651538
Liberia,668,2012-04-01,-0.5277777777778464
Liberia,668,2012-05-01,0.513822954481893
Liberia,668,2012-06-01,2.0336722787131047
Liberia,668,2012-07-01,1.5901541142515074
Liberia,668,2012-08-01,1.5545430179576305
Liberia,668,2012-09-01,-1.0926365795723834
Liberia,668,2012-10-01,1.0513395239619578
Liberia,668,2012-11-01,0.8291523633482878
Liberia,668,2012-12-01,0.529017389482509
Liberia,668,2013-01-01,0.9013702912521206
Liberia,668,2013-02-01,-0.5886605390892314
Liberia,668,2013-03-01,1.3297319758987651
Liberia,668,2013-04-01,-0.2409267992618115
Liberia,668,2013-05-01,-1.526129181439827
Liberia,668,2013-06-01,2.556877478605613
Liberia,668,2013-07-01,1.648519385366867
Liberia,668,2013-08-01,1.9271198318150378
Liberia,668,2013-09-01,-0.456710700780848
Liberia,668,2013-10-01,1.3912185495806855
Liberia,668,2013-11-01,-0.564421954067678
Liberia,668,2013-12-01,1.8937169700527328
Liberia,668,2014-01-01,0.14887384142540805
Liberia,668,2014-02-01,-0.4267766375756688
Liberia,668,2014-03-01,2.3163977847339674
Liberia,668,2014-04-01,0.5553986632777823
Liberia,668,2014-05-01,-1.7038007863695563
Liberia,668,2014-06-01,4.5047619047618666
Liberia,668,2014-07-01,0.93411099972669
Liberia,668,2014-08-01,1.209877657893526
Liberia,668,2014-09-01,2.6093938177438445
Liberia,668,2014-10-01,0.65206051121542985
Liberia,668,2014-11-01,-4.755117906193261
Liberia,668,2014-12-01,1.67324173581821
Liberia,668,2015-01-01,1.0480777807510966
Liberia,668,2015-02-01,-1.3373350399436126
Liberia,668,2015-03-01,1.9414869821956302
Liberia,668,2015-04-01,0.09680762192567764
Liberia,668,2015-05-01,-0.554545794393741
Liberia,668,2015-06-01,4.216386370397405
Liberia,668,2015-07-01,2.626450030331501
Liberia,668,2015-08-01,-0.8457227220410227
Liberia,668,2015-09-01,1.812431826557925
Liberia,668,2015-10-01,0.2062632398019505
Liberia,668,2015-11-01,-1.371947775995998
Liberia,668,2015-12-01,0.0607779302224706
Liberia,668,2016-01-01,0.05192036333467336
Liberia,668,2016-02-01,-1.212139250048936
Liberia,668,2016-03-01,1.9478483921981715
Liberia,668,2016-04-01,0.18308994843882068
Liberia,668,2016-05-01,-0.31634684928553714
Liberia,668,2016-06-01,5.177634794054344
Liberia,668,2016-07-01,2.5899886217042525
Liberia,668,2016-08-01,0.49199383958790877
Liberia,668,2016-09-01,0.5278536784206599
Liberia,668,2016-10-01,1.5684299140475744
Liberia,668,2016-11-01,0.5012264359375398
Liberia,668,2016-12-01,0.48897805422784885
Liberia,668,2017-01-01,1.0338524371906885
Liberia,668,2017-02-01,-1.4806788377757096
Liberia,668,2017-03-01,0.6405303479321813
Liberia,668,2017-04-01,-0.10238610799886004
Liberia,668,2017-05-01,1.182535636510872
Liberia,668,2017-06-01,2.95545689710782
Liberia,668,2017-07-01,2.2622882911517643
Liberia,668,2017-08-01,2.1671605077997738
Liberia,668,2017-09-01,1.2063469536812979
Liberia,668,2017-10-01,0.4871330656919048
Liberia,668,2017-11-01,1.5726813541759816
Liberia,668,2017-12-01,1.2297678870398432
Liberia,668,2018-01-01,2.412352840078049
Liberia,668,2018-02-01,0.5561012568640814
Liberia,668,2018-03-01,2.082747679983752
Liberia,668,2018-04-01,1.4244264503242763
Liberia,668,2018-05-01,1.1117242155025024
Liberia,668,2018-06-01,5.754976741580505
Liberia,668,2018-07-01,3.5403068063207566
Liberia,668,2018-08-01,2.156054692830476
Liberia,668,2018-09-01,1.3705217600384834
Liberia,668,2018-10-01,0.7010331014125651
Liberia,668,2018-11-01,1.9602198377388118
Liberia,668,2018-12-01,2.3948253291922423
Niger,692,2011-01-01,NA
Niger,692,2011-02-01,-1.720841300191196
Niger,692,2011-03-01,-0.8754863813229085
Niger,692,2011-04-01,0.3925417075564237
Niger,692,2011-05-01,0.488758553274637
Niger,692,2011-06-01,2.821011673151753
Niger,692,2011-07-01,-0.2838221381266892
Niger,692,2011-08-01,0.9487666034154716
Niger,692,2011-09-01,-1.1278195488721348
Niger,692,2011-10-01,-0.4752851711026176
Niger,692,2011-11-01,0.6685768863419262
Niger,692,2011-12-01,-0.09487666034163691
Niger,692,2012-01-01,-1.3295346628680083
Niger,692,2012-02-01,-1.443695861405187
Niger,692,2012-03-01,-0.3906249999999782
Niger,692,2012-04-01,1.176470588235371
Niger,692,2012-05-01,2.0348837209301345
Niger,692,2012-06-01,0.28490028490030356
Niger,692,2012-07-01,0.47348484848492534
Niger,692,2012-08-01,0.09425070688026195
Niger,692,2012-09-01,0
Niger,692,2012-10-01,-0.4708097928437503
Niger,692,2012-11-01,-0.0946073793755688
Niger,692,2012-12-01,0.3787878787878748
Niger,692,2013-01-01,-1.037735849056597
Niger,692,2013-02-01,-0.47664442326020384
Niger,692,2013-03-01,-0.3831417624521031
Niger,692,2013-04-01,0.5769230769229918
Niger,692,2013-05-01,1.8869620685259043
Niger,692,2013-06-01,1.5259268706145805
Niger,692,2013-07-01,2.218114602587845
Niger,692,2013-08-01,-0.2712477396021876
Niger,692,2013-09-01,-0.6346328195829695
Niger,692,2013-10-01,-0.8211678832116163
Niger,692,2013-11-01,-0.6255749770009549
Niger,692,2013-12-01,-0.7498611368265371
Niger,692,2014-01-01,-0.550321798339712
Niger,692,2014-02-01,-1.9789908084786483
Niger,692,2014-03-01,-0.9281408477657864
Niger,692,2014-04-01,0.28008499130769315
Niger,692,2014-05-01,1.8684387941828269
Niger,692,2014-06-01,0.9832655762503093
Niger,692,2014-07-01,0.6366445089411633
Niger,692,2014-08-01,-0.13954786491775195
Niger,692,2014-09-01,0.39128004471779587
Niger,692,2014-10-01,-0.2876763177431825
Niger,692,2014-11-01,0.009306654257825975
Niger,692,2014-12-01,-0.8468267262236956
Niger,692,2015-01-01,-0.47864852182072976
Niger,692,2015-02-01,-0.9268795056643551
Niger,692,2015-03-01,-1.559251559251443
Niger,692,2015-04-01,0.3167898627243477
Niger,692,2015-05-01,1.578947368421039
Niger,692,2015-06-01,0.9326424870466036
Niger,692,2015-07-01,0.10266940451752479
Niger,692,2015-08-01,-2.5641025641025923
Niger,692,2015-09-01,4.842105263157821
Niger,692,2015-10-01,-1.5060240963854299
Niger,692,2015-11-01,-0.7135575942916245
Niger,692,2015-12-01,-1.0266940451745639
Niger,692,2016-01-01,1.0373443983402753
Niger,692,2016-02-01,-2.874743326488676
Niger,692,2016-03-01,-0.10570824524307874
Niger,692,2016-04-01,2.857142857142768
Niger,692,2016-05-01,1.2345679012346162
Niger,692,2016-06-01,1.3211382113820958
Niger,692,2016-07-01,0.6018054162487612
Niger,692,2016-08-01,0.8973080757726543
Niger,692,2016-09-01,-0.29644268774697713
Niger,692,2016-10-01,-1.2884043607533184
Niger,692,2016-11-01,-1.1044176706827256
Niger,692,2016-12-01,-0.7106598984771078
Niger,692,2017-01-01,-1.5337423312883478
Niger,692,2017-02-01,3.6344755970923717
Niger,692,2017-03-01,-0.6012024048095344
Niger,692,2017-04-01,1.9153225806451746
Niger,692,2017-05-01,-0.2967359050445836
Niger,692,2017-06-01,0.8928571428571157
Niger,692,2017-07-01,0.9832841691249185
Niger,692,2017-08-01,-0.389483933787741
Niger,692,2017-09-01,-0.2932551319647679
Niger,692,2017-10-01,1.0784313725489971
Niger,692,2017-11-01,-0.9699321047527076
Niger,692,2017-12-01,-0.09794319294802731
Niger,692,2018-01-01,1.274509803921551
Niger,692,2018-02-01,-0.9680542110358421
Niger,692,2018-03-01,0
Niger,692,2018-04-01,1.5640273704790388
Niger,692,2018-05-01,1.3474494706447717
Niger,692,2018-06-01,0.6647673314340783
Niger,692,2018-07-01,-0.9433962264151176
Niger,692,2018-08-01,0.47619047619042454
Niger,692,2018-09-01,-0.8530805687203533
Niger,692,2018-10-01,-0.6692160611854214
Niger,692,2018-11-01,-0.4812319538018084
Niger,692,2018-12-01,0.19342359767892173
"Equatorial Guinea, Rep. of",642,2011-01-01,NA
"Equatorial Guinea, Rep. of",642,2011-02-01,0.61349693251534
"Equatorial Guinea, Rep. of",642,2011-03-01,0.5226480836237007
"Equatorial Guinea, Rep. of",642,2011-04-01,0.3466204506065784
"Equatorial Guinea, Rep. of",642,2011-05-01,0.4317789291882556
"Equatorial Guinea, Rep. of",642,2011-06-01,0.3439380911435991
"Equatorial Guinea, Rep. of",642,2011-07-01,0.7712082262210724
"Equatorial Guinea, Rep. of",642,2011-08-01,0
"Equatorial Guinea, Rep. of",642,2011-09-01,0
"Equatorial Guinea, Rep. of",642,2011-10-01,0.4251700680272109
"Equatorial Guinea, Rep. of",642,2011-11-01,0
"Equatorial Guinea, Rep. of",642,2011-12-01,0
"Equatorial Guinea, Rep. of",642,2012-01-01,1.7781541066892539
"Equatorial Guinea, Rep. of",642,2012-02-01,0.4159733777038269
"Equatorial Guinea, Rep. of",642,2012-03-01,0
"Equatorial Guinea, Rep. of",642,2012-04-01,0.08285004142501601
"Equatorial Guinea, Rep. of",642,2012-05-01,0
"Equatorial Guinea, Rep. of",642,2012-06-01,0.16556291390728714
"Equatorial Guinea, Rep. of",642,2012-07-01,0
"Equatorial Guinea, Rep. of",642,2012-08-01,0
"Equatorial Guinea, Rep. of",642,2012-09-01,0
"Equatorial Guinea, Rep. of",642,2012-10-01,0.33057851239669894
"Equatorial Guinea, Rep. of",642,2012-11-01,0.16474464579900217
"Equatorial Guinea, Rep. of",642,2012-12-01,-0.3289473684210456
"Equatorial Guinea, Rep. of",642,2013-01-01,0.9075907590759029
"Equatorial Guinea, Rep. of",642,2013-02-01,0.08176614881439781
"Equatorial Guinea, Rep. of",642,2013-03-01,0.16339869281044822
"Equatorial Guinea, Rep. of",642,2013-04-01,0.16313213703099744
"Equatorial Guinea, Rep. of",642,2013-05-01,0
"Equatorial Guinea, Rep. of",642,2013-06-01,0
"Equatorial Guinea, Rep. of",642,2013-07-01,1.7915309446254093
"Equatorial Guinea, Rep. of",642,2013-08-01,0.8799999999999953
"Equatorial Guinea, Rep. of",642,2013-09-01,0.3172085646312496
"Equatorial Guinea, Rep. of",642,2013-10-01,0.31620553359684245
"Equatorial Guinea, Rep. of",642,2013-11-01,0.07880220646177645
"Equatorial Guinea, Rep. of",642,2013-12-01,0
"Equatorial Guinea, Rep. of",642,2014-01-01,2.125984251968495
"Equatorial Guinea, Rep. of",642,2014-02-01,0.0771010023130476
"Equatorial Guinea, Rep. of",642,2014-03-01,0.07704160246532689
"Equatorial Guinea, Rep. of",642,2014-04-01,-0.30792917628945776
"Equatorial Guinea, Rep. of",642,2014-05-01,0.30888030888031326
"Equatorial Guinea, Rep. of",642,2014-06-01,0.15396458814471797
"Equatorial Guinea, Rep. of",642,2014-07-01,-1.0760953112990053
"Equatorial Guinea, Rep. of",642,2014-08-01,0.9324009324009458
"Equatorial Guinea, Rep. of",642,2014-09-01,0.15396458814471797
"Equatorial Guinea, Rep. of",642,2014-10-01,0.1537279016141561
"Equatorial Guinea, Rep. of",642,2014-11-01,0.0767459708365267
"Equatorial Guinea, Rep. of",642,2014-12-01,-0.07668711656441281
"Equatorial Guinea, Rep. of",642,2015-01-01,0.7253221103292328
"Equatorial Guinea, Rep. of",642,2015-02-01,0.17700615616586796
"Equatorial Guinea, Rep. of",642,2015-03-01,-0.19009357857501977
"Equatorial Guinea, Rep. of",642,2015-04-01,0.6614865335036416
"Equatorial Guinea, Rep. of",642,2015-05-01,0.11439643689348276
"Equatorial Guinea, Rep. of",642,2015-06-01,0.14607535407474764
"Equatorial Guinea, Rep. of",642,2015-07-01,-0.33209114103659204
"Equatorial Guinea, Rep. of",642,2015-08-01,0.3787878787878788
"Equatorial Guinea, Rep. of",642,2015-09-01,-0.07547169811320326
"Equatorial Guinea, Rep. of",642,2015-10-01,-0.07552870090634012
"Equatorial Guinea, Rep. of",642,2015-11-01,0.07558578987149986
"Equatorial Guinea, Rep. of",642,2015-12-01,0
"Equatorial Guinea, Rep. of",642,2016-01-01,1.5385837141601268
"Equatorial Guinea, Rep. of",642,2016-02-01,0.201520040711507
"Equatorial Guinea, Rep. of",642,2016-03-01,-0.6699108260143539
"Equatorial Guinea, Rep. of",642,2016-04-01,-0.3435113512002025
"Equatorial Guinea, Rep. of",642,2016-05-01,-0.3598375420529887
"Equatorial Guinea, Rep. of",642,2016-06-01,-0.11830527296144869
"Equatorial Guinea, Rep. of",642,2016-07-01,0.6422950865135358
"Equatorial Guinea, Rep. of",642,2016-08-01,0.17005663570867535
"Equatorial Guinea, Rep. of",642,2016-09-01,0.468201148575555
"Equatorial Guinea, Rep. of",642,2016-10-01,0.19224681799229149
"Equatorial Guinea, Rep. of",642,2016-11-01,-0.6974079082928696
"Equatorial Guinea, Rep. of",642,2016-12-01,0.9944349901675026
"Equatorial Guinea, Rep. of",642,2017-01-01,-0.3286750187030084
"Equatorial Guinea, Rep. of",642,2017-02-01,0.5348388055266667
"Equatorial Guinea, Rep. of",642,2017-03-01,0.17733116595242285
"Equatorial Guinea, Rep. of",642,2017-04-01,-0.22127157397847128
"Equatorial Guinea, Rep. of",642,2017-05-01,-0.1404494382022455
"Equatorial Guinea, Rep. of",642,2017-06-01,-0.029609889703154965
"Equatorial Guinea, Rep. of",642,2017-07-01,-0.17771195853388305
"Equatorial Guinea, Rep. of",642,2017-08-01,-0.3115495883094844
"Equatorial Guinea, Rep. of",642,2017-09-01,0.17858471612471843
"Equatorial Guinea, Rep. of",642,2017-10-01,0.09656094481170278
"Equatorial Guinea, Rep. of",642,2017-11-01,0
"Equatorial Guinea, Rep. of",642,2017-12-01,0
"Equatorial Guinea, Rep. of",642,2018-01-01,0.04864726593871058
"Equatorial Guinea, Rep. of",642,2018-02-01,-0.3708444803227464
"Equatorial Guinea, Rep. of",642,2018-03-01,-0.2723845926127248
"Equatorial Guinea, Rep. of",642,2018-04-01,0.7781384464653914
"Equatorial Guinea, Rep. of",642,2018-05-01,0.17165944340331996
"Equatorial Guinea, Rep. of",642,2018-06-01,0.03167164212008599
"Equatorial Guinea, Rep. of",642,2018-07-01,1.7914044210178885
"Equatorial Guinea, Rep. of",642,2018-08-01,-0.36310820624546114
"Equatorial Guinea, Rep. of",642,2018-09-01,0.3644314868804665
"Equatorial Guinea, Rep. of",642,2018-10-01,0.4865649963689296
"Equatorial Guinea, Rep. of",642,2018-11-01,-0.007227000072263427
"Equatorial Guinea, Rep. of",642,2018-12-01,-0.05782017924256469
Georgia,915,2011-01-01,NA
Georgia,915,2011-02-01,2.818538736555971
Georgia,915,2011-03-01,-0.021732629387730358
Georgia,915,2011-04-01,-0.14264015428131493
Georgia,915,2011-05-01,0.37501023204938577
Georgia,915,2011-06-01,-4.043832984428321
Georgia,915,2011-07-01,-1.628674534064034
Georgia,915,2011-08-01,1.0572396134467712
Georgia,915,2011-09-01,0.6036009375777971
Georgia,915,2011-10-01,-0.1515590127653234
Georgia,915,2011-11-01,0.6550404162929631
Georgia,915,2011-12-01,0.6154698114101552
Georgia,915,2012-01-01,0.4908230405171496
Georgia,915,2012-02-01,0.2266148374824257
Georgia,915,2012-03-01,-0.18145042983305845
Georgia,915,2012-04-01,-0.03444547831909218
Georgia,915,2012-05-01,-0.8506829905669653
Georgia,915,2012-06-01,-0.9475053843958083
Georgia,915,2012-07-01,-0.8945379016111284
Georgia,915,2012-08-01,0.12867485666867653
Georgia,915,2012-09-01,0.8441273139723593
Georgia,915,2012-10-01,0.04758899562910372
Georgia,915,2012-11-01,0.08625491082943836
Georgia,915,2012-12-01,-0.28048369431760056
Georgia,915,2013-01-01,0.2599243635083485
Georgia,915,2013-02-01,-0.30006191753853384
Georgia,915,2013-03-01,-0.1328255114906277
Georgia,915,2013-04-01,0.3650525067814247
Georgia,915,2013-05-01,0.7284774400956961
Georgia,915,2013-06-01,-0.5969373790979137
Georgia,915,2013-07-01,-1.343287900608642
Georgia,915,2013-08-01,-0.012204248024380028
Georgia,915,2013-09-01,-0.10852698508818327
Georgia,915,2013-10-01,1.534478888127955
Georgia,915,2013-11-01,0.5202750545043499
Georgia,915,2013-12-01,1.4689422835982884
Georgia,915,2014-01-01,0.7961856260369684
Georgia,915,2014-02-01,0.22412918552179895
Georgia,915,2014-03-01,-0.10294129629982497
Georgia,915,2014-04-01,0.30424805324749027
Georgia,915,2014-05-01,-0.26908025693640214
Georgia,915,2014-06-01,-0.9493954727271889
Georgia,915,2014-07-01,-0.5618892210201267
Georgia,915,2014-08-01,0.4997548598009646
Georgia,915,2014-09-01,1.2204297040178784
Georgia,915,2014-10-01,0.26421918799167554
Georgia,915,2014-11-01,-0.137533346199844
Georgia,915,2014-12-01,0.6663975428453347
Georgia,915,2015-01-01,0.24464508072300864
Georgia,915,2015-02-01,0.10434910233818162
Georgia,915,2015-03-01,1.168099598683678
Georgia,915,2015-04-01,0.2605963937135193
Georgia,915,2015-05-01,0.6482552195342097
Georgia,915,2015-06-01,0.021805017606021306
Georgia,915,2015-07-01,-0.19961687568071865
Georgia,915,2015-08-01,0.9957821157496995
Georgia,915,2015-09-01,1.0713488450470339
Georgia,915,2015-10-01,0.815147564483454
Georgia,915,2015-11-01,0.2955472696615216
Georgia,915,2015-12-01,-0.6356747935693079
Georgia,915,2016-01-01,0.9053381075148932
Georgia,915,2016-02-01,0.10799813504004951
Georgia,915,2016-03-01,-0.2818132242210267
Georgia,915,2016-04-01,-0.6092072323615331
Georgia,915,2016-05-01,-0.4112192012795302
Georgia,915,2016-06-01,-0.8905216071598596
Georgia,915,2016-07-01,0.16637393971238576
Georgia,915,2016-08-01,0.4078119450270456
Georgia,915,2016-09-01,0.264315284842543
Georgia,915,2016-10-01,0.5456928719995261
Georgia,915,2016-11-01,0.6024939853051854
Georgia,915,2016-12-01,1.0292314285593063
Georgia,915,2017-01-01,2.930575237109642
Georgia,915,2017-02-01,1.7088702115522634
Georgia,915,2017-03-01,-0.4563066521919543
Georgia,915,2017-04-01,0.11002527760223732
Georgia,915,2017-05-01,0.0028180603853999522
Georgia,915,2017-06-01,-0.38976702543589975
Georgia,915,2017-07-01,-0.9003518477056353
Georgia,915,2017-08-01,0.19966656987840398
Georgia,915,2017-09-01,0.6754622740726076
Georgia,915,2017-10-01,0.7781434196589577
Georgia,915,2017-11-01,1.0916918455665567
Georgia,915,2017-12-01,0.8268909803884207
Georgia,915,2018-01-01,0.62057240011335435
Georgia,915,2018-02-01,0.16920592901329376
Georgia,915,2018-03-01,-0.37431071147149086
Georgia,915,2018-04-01,-0.2127469440163549
Georgia,915,2018-05-01,-0.031500887680871156
Georgia,915,2018-06-01,-0.6435749764847625
Georgia,915,2018-07-01,-0.28060984396415767
Georgia,915,2018-08-01,0.4980802496111723
Georgia,915,2018-09-01,0.2846610544691424
Georgia,915,2018-10-01,0.31989536706517374
Georgia,915,2018-11-01,0.7061538618426775
Georgia,915,2018-12-01,0.4590296737407297
Ukraine,926,2011-01-01,NA
Ukraine,926,2011-02-01,0.8910891089108968
Ukraine,926,2011-03-01,1.3738959764474892
Ukraine,926,2011-04-01,1.3552758954501507
Ukraine,926,2011-05-01,0.7640878701050594
Ukraine,926,2011-06-01,0.37914691943128503
Ukraine,926,2011-07-01,-1.2275731822474139
Ukraine,926,2011-08-01,-0.47801147227533464
Ukraine,926,2011-09-01,0.09606147934679013
Ukraine,926,2011-10-01,0
Ukraine,926,2011-11-01,0.19193857965451327
Ukraine,926,2011-12-01,0.19157088122604274
Ukraine,926,2012-01-01,0.19120458891013656
Ukraine,926,2012-02-01,0.19083969465649128
Ukraine,926,2012-03-01,0.28571428571428303
Ukraine,926,2012-04-01,0
Ukraine,926,2012-05-01,-0.28490028490028224
Ukraine,926,2012-06-01,-0.28571428571428303
Ukraine,926,2012-07-01,-0.19102196752626824
Ukraine,926,2012-08-01,-0.3827751196172303
Ukraine,926,2012-09-01,0.09606147934679013
Ukraine,926,2012-10-01,0
Ukraine,926,2012-11-01,-0.09596928982726347
Ukraine,926,2012-12-01,0.19212295869356663
Ukraine,926,2013-01-01,0.2876318312559896
Ukraine,926,2013-02-01,-0.09560229445506149
Ukraine,926,2013-03-01,0
Ukraine,926,2013-04-01,0
Ukraine,926,2013-05-01,0.09569377990430078
Ukraine,926,2013-06-01,0
Ukraine,926,2013-07-01,-0.09560229445506149
Ukraine,926,2013-08-01,-0.765550239234447
Ukraine,926,2013-09-01,0
Ukraine,926,2013-10-01,0.38572806171648166
Ukraine,926,2013-11-01,0.19212295869356663
Ukraine,926,2013-12-01,0.5752636625119928
Ukraine,926,2014-01-01,0.1906577693040883
Ukraine,926,2014-02-01,0.570884871550912
Ukraine,926,2014-03-01,2.175969725638597
Ukraine,926,2014-04-01,3.3333333333333277
Ukraine,926,2014-05-01,3.7634408602150566
Ukraine,926,2014-06-01,1.036269430051816
Ukraine,926,2014-07-01,0.4273504273504274
Ukraine,926,2014-08-01,0.7659574468085154
Ukraine,926,2014-09-01,2.871621621621614
Ukraine,926,2014-10-01,2.4630541871921183
Ukraine,926,2014-11-01,1.8429487179487156
Ukraine,926,2014-12-01,2.9897718332022123
Ukraine,926,2015-01-01,3.132161955691363
Ukraine,926,2015-02-01,5.333333333333325
Ukraine,926,2015-03-01,10.759493670886085
Ukraine,926,2015-04-01,14.031746031746028
Ukraine,926,2015-05-01,2.171492204899781
Ukraine,926,2015-06-01,0.43596730245232224
Ukraine,926,2015-07-01,-1.0309278350515494
Ukraine,926,2015-08-01,-0.8223684210526315
Ukraine,926,2015-09-01,2.3217247097844047
Ukraine,926,2015-10-01,-1.2965964343598086
Ukraine,926,2015-11-01,2.0251778872468624
Ukraine,926,2015-12-01,0.6974248927038535
Ukraine,926,2016-01-01,0.9057005860415648
Ukraine,926,2016-02-01,-0.42238648363252973
Ukraine,926,2016-03-01,1.007423117709441
Ukraine,926,2016-04-01,3.4645669291338557
Ukraine,926,2016-05-01,0.10147133434805532
Ukraine,926,2016-06-01,-0.2027369488089233
Ukraine,926,2016-07-01,-0.050787201625187565
Ukraine,926,2016-08-01,-0.30487804878049934
Ukraine,926,2016-09-01,1.783893985728848
Ukraine,926,2016-10-01,2.804206309464208
Ukraine,926,2016-11-01,1.8022406234778316
Ukraine,926,2016-12-01,0.9090909090909118
Ukraine,926,2017-01-01,1.090564248458977
Ukraine,926,2017-02-01,0.9849906191369714
Ukraine,926,2017-03-01,1.8114259173246525
Ukraine,926,2017-04-01,0.9124087591240877
Ukraine,926,2017-05-01,1.2658227848101318
Ukraine,926,2017-06-01,1.6071428571428545
Ukraine,926,2017-07-01,0.21968365553602814
Ukraine,926,2017-08-01,-0.1315212626041135
Ukraine,926,2017-09-01,2.0193151887620697
Ukraine,926,2017-10-01,1.2048192771084263
Ukraine,926,2017-11-01,0.8928571428571526
Ukraine,926,2017-12-01,1.0113780025284353
Ukraine,926,2018-01-01,1.5018773466833637
Ukraine,926,2018-02-01,0.9042334566378908
Ukraine,926,2018-03-01,1.0997963340122154
Ukraine,926,2018-04-01,0.8058017727639002
Ukraine,926,2018-05-01,0
Ukraine,926,2018-06-01,0
Ukraine,926,2018-07-01,-0.7194244604316479
Ukraine,926,2018-08-01,0
Ukraine,926,2018-09-01,1.8921095008051483
Ukraine,926,2018-10-01,1.6989332279731266
Ukraine,926,2018-11-01,1.3986013986014076
Ukraine,926,2018-12-01,0.804597701149434
Qatar,453,2011-01-01,NA
Qatar,453,2011-02-01,0.3280423280424108
Qatar,453,2011-03-01,-0.2953274970995273
Qatar,453,2011-04-01,-0.19041574103461215
Qatar,453,2011-05-01,0.2861685214627266
Qatar,453,2011-06-01,-0.2642147537518816
Qatar,453,2011-07-01,-0.5722157465295786
Qatar,453,2011-08-01,0.20249387189598023
Qatar,453,2011-09-01,0.26590087215477753
Qatar,453,2011-10-01,1.548742972313569
Qatar,453,2011-11-01,-0.0417841846860917
Qatar,453,2011-12-01,-0.08360330233041663
Qatar,453,2012-01-01,0.24056061081474578
Qatar,453,2012-02-01,0.2712854757929988
Qatar,453,2012-03-01,-0.04162330905306512
Qatar,453,2012-04-01,-0.3227149698105034
Qatar,453,2012-05-01,0.6370757180156397
Qatar,453,2012-06-01,0.34246575342467994
Qatar,453,2012-07-01,0.31026993484330334
Qatar,453,2012-08-01,0.5258274048871434
Qatar,453,2012-09-01,0.08205128205127293
Qatar,453,2012-10-01,0.3176880508300568
Qatar,453,2012-11-01,0.1430176728981747
Qatar,453,2012-12-01,-0.18361726002246126
Qatar,453,2013-01-01,0.3576903423607206
Qatar,453,2013-02-01,0.2036659877801129
Qatar,453,2013-03-01,0.8130081300812577
Qatar,453,2013-04-01,0.10080645161293111
Qatar,453,2013-05-01,0
Qatar,453,2013-06-01,0.6042296072507506
Qatar,453,2013-07-01,0.6006006006006115
Qatar,453,2013-08-01,0
Qatar,453,2013-09-01,0.1990049751243406
Qatar,453,2013-10-01,0.6951340615690399
Qatar,453,2013-11-01,-0.09861932938858742
Qatar,453,2013-12-01,0.0987166831194745
Qatar,453,2014-01-01,0.09861932938849571
Qatar,453,2014-02-01,0.5911330049261042
Qatar,453,2014-03-01,0.2938295788442607
Qatar,453,2014-04-01,0.48828125000007483
Qatar,453,2014-05-01,0.5830903790087419
Qatar,453,2014-06-01,-0.2898550724637734
Qatar,453,2014-07-01,0.29069767441861
Qatar,453,2014-08-01,0.8695652173913052
Qatar,453,2014-09-01,-0.09578544061306815
Qatar,453,2014-10-01,0.09587727708537219
Qatar,453,2014-11-01,0.0957854406130533
Qatar,453,2014-12-01,-0.8612440191388456
Qatar,453,2015-01-01,0.4826254826255416
Qatar,453,2015-02-01,0.0960614793467192
Qatar,453,2015-03-01,0
Qatar,453,2015-04-01,0
Qatar,453,2015-05-01,0.6717850287908096
Qatar,453,2015-06-01,0.09532888465209075
Qatar,453,2015-07-01,0.47619047619043076
Qatar,453,2015-08-01,0.09478672985786085
Qatar,453,2015-09-01,0.3787878787879102
Qatar,453,2015-10-01,0.1886792452829833
Qatar,453,2015-11-01,0.28248587570620526
Qatar,453,2015-12-01,-0.09389671361504946
Qatar,453,2016-01-01,0.5639097744360863
Qatar,453,2016-02-01,0.5607476635513979
Qatar,453,2016-03-01,0
Qatar,453,2016-04-01,0.09293680297401785
Qatar,453,2016-05-01,-0.09285051067784882
Qatar,453,2016-06-01,0
Qatar,453,2016-07-01,0.8364312267658005
Qatar,453,2016-08-01,0.18433179723508838
Qatar,453,2016-09-01,0.18399264029435355
Qatar,453,2016-10-01,-0.36730945821857963
Qatar,453,2016-11-01,0.09216589861753706
Qatar,453,2016-12-01,-0.2762430939226428
Qatar,453,2017-01-01,0
Qatar,453,2017-02-01,0.09233610341646138
Qatar,453,2017-03-01,0.18450184501841543
Qatar,453,2017-04-01,-0.18416206261506665
Qatar,453,2017-05-01,-0.6457564575645969
Qatar,453,2017-06-01,0.7613741875580408
Qatar,453,2017-07-01,0.16586804275711278
Qatar,453,2017-08-01,-0.36798528058880686
Qatar,453,2017-09-01,0.09233610341646138
Qatar,453,2017-10-01,0.27675276752768035
Qatar,453,2017-11-01,0.09199632014711974
Qatar,453,2017-12-01,0.09191176470592206
Qatar,453,2018-01-01,0.36730945821857963
Qatar,453,2018-02-01,0
Qatar,453,2018-03-01,-0.2744739249771322
Qatar,453,2018-04-01,-0.44036697247707224
Qatar,453,2018-05-01,-0.2948765204571116
Qatar,453,2018-06-01,0.4621072088725292
Qatar,453,2018-07-01,0.19319227230903988
Qatar,453,2018-08-01,0.27545679919249655
Qatar,453,2018-09-01,-0.7874736745724236
Qatar,453,2018-10-01,0.07383479464696924
Qatar,453,2018-11-01,0.07378031909995772
Qatar,453,2018-12-01,0.10137314533223406
Botswana,616,2011-01-01,NA
Botswana,616,2011-02-01,0.7697412076974611
Botswana,616,2011-03-01,0.6321612011061869
Botswana,616,2011-04-01,1.531213191990659
Botswana,616,2011-05-01,1.0956432070120414
Botswana,616,2011-06-01,0.9435165115390273
Botswana,616,2011-07-01,0.20209675382089992
Botswana,616,2011-08-01,1.0084457330139174
Botswana,616,2011-09-01,0.3993510545363948
Botswana,616,2011-10-01,0.39776258545682175
Botswana,616,2011-11-01,0.6561842268169319
Botswana,616,2011-12-01,0.31980319803187823
Botswana,616,2012-01-01,0.5272192251103712
Botswana,616,2012-02-01,0.25612879619468587
Botswana,616,2012-03-01,0.45012165450125236
Botswana,616,2012-04-01,0.9688748940292183
Botswana,616,2012-05-01,1.3314141777618913
Botswana,616,2012-06-01,0.5089962121211073
Botswana,616,2012-07-01,0.3179837474973464
Botswana,616,2012-08-01,0.3052359708852306
Botswana,616,2012-09-01,0.8075842696629711
Botswana,616,2012-10-01,0.4295831882039118
Botswana,616,2012-11-01,0.9826589595375046
Botswana,616,2012-12-01,0.3091013165426407
Botswana,616,2013-01-01,0.6048847295138506
Botswana,616,2013-02-01,0.181508791832129
Botswana,616,2013-03-01,0.5435398029667223
Botswana,616,2013-04-01,0.653226714720168
Botswana,616,2013-05-01,0.302114803625391
Botswana,616,2013-06-01,0.234270414993332
Botswana,616,2013-07-01,0.17807456872554214
Botswana,616,2013-08-01,0.23330741028777138
Botswana,616,2013-09-01,0.24384837064951861
Botswana,616,2013-10-01,0.23219814241486922
Botswana,616,2013-11-01,0.35300606729181294
Botswana,616,2013-12-01,0.28580850829946575
Botswana,616,2014-01-01,0.8220979940809288
Botswana,616,2014-02-01,0.45662100456612675
Botswana,616,2014-03-01,0.34632034632037706
Botswana,616,2014-04-01,0.7981018119068631
Botswana,616,2014-05-01,0.2353948213139426
Botswana,616,2014-06-01,0.27754056362074825
Botswana,616,2014-07-01,0.11709601873535257
Botswana,616,2014-08-01,0.27644869750137085
Botswana,616,2014-09-01,0.16965327112714082
Botswana,616,2014-10-01,0.1164390811897853
Botswana,616,2014-11-01,0.2854726157750179
Botswana,616,2014-12-01,-0.2319451765946184
Botswana,616,2015-01-01,0.792560498784661
Botswana,616,2015-02-01,-0.38792199622554285
Botswana,616,2015-03-01,0.32628144405845005
Botswana,616,2015-04-01,1.0595887536719009
Botswana,616,2015-05-01,0.16609571265442385
Botswana,616,2015-06-01,0.39382319411339756
Botswana,616,2015-07-01,0.10323113451007593
Botswana,616,2015-08-01,0.16499948437661813
Botswana,616,2015-09-01,0.1647276845464909
Botswana,616,2015-10-01,0.277520814061067
Botswana,616,2015-11-01,0.051250512505126175
Botswana,616,2015-12-01,-0.05122425980944688
Botswana,616,2016-01-01,0.37925379253795566
Botswana,616,2016-02-01,-0.06126825283364556
Botswana,616,2016-03-01,0.3882701542863003
Botswana,616,2016-04-01,0.8447837150127036
Botswana,616,2016-05-01,0.13120710536936434
Botswana,616,2016-06-01,0.21167221046266274
Botswana,616,2016-07-01,0.15087507543757173
Botswana,616,2016-08-01,0.1606909711760636
Botswana,616,2016-09-01,0.27073097362880977
Botswana,616,2016-10-01,0.199999999999928
Botswana,616,2016-11-01,0.1996007984032285
Botswana,616,2016-12-01,0.09960159362551539
Botswana,616,2017-01-01,0.4975124378109409
Botswana,616,2017-02-01,0.19801980198023256
Botswana,616,2017-03-01,0.49407114624503967
Botswana,616,2017-04-01,0.7866273352998436
Botswana,616,2017-05-01,0.1951219512195463
Botswana,616,2017-06-01,0.1947419668938996
Botswana,616,2017-07-01,0.09718172983480798
Botswana,616,2017-08-01,0.09708737864068986
Botswana,616,2017-09-01,0.09699321047528368
Botswana,616,2017-10-01,0
Botswana,616,2017-11-01,0.19379844961245174
Botswana,616,2017-12-01,0.29013539651832243
Botswana,616,2018-01-01,0.38572806171655727
Botswana,616,2018-02-01,0.2881844380402933
Botswana,616,2018-03-01,0.1915708812261017
Botswana,616,2018-04-01,1.338432122370878
Botswana,616,2018-05-01,0.09433962264152591
Botswana,616,2018-06-01,0
Botswana,616,2018-07-01,0.09425070688031804
Botswana,616,2018-08-01,0
Botswana,616,2018-09-01,0
Botswana,616,2018-10-01,0.6397363465160485
Botswana,616,2018-11-01,0.3935276582764776
Botswana,616,2018-12-01,0.0931966449207991
Pakistan,564,2011-01-01,NA
Pakistan,564,2011-02-01,-0.5552922055935627
Pakistan,564,2011-03-01,1.4027919645897329
Pakistan,564,2011-04-01,1.3968168692499001
Pakistan,564,2011-05-01,0.22518047552812834
Pakistan,564,2011-06-01,0.9581708848212556
Pakistan,564,2011-07-01,1.2697997120042457
Pakistan,564,2011-08-01,1.3960703205790437
Pakistan,564,2011-09-01,1.0326364099950085
Pakistan,564,2011-10-01,1.4447949526814017
Pakistan,564,2011-11-01,0.2860874432488693
Pakistan,564,2011-12-01,-0.7007751937983968
Pakistan,564,2012-01-01,1.5363477391955926
Pakistan,564,2012-02-01,0.30139008488133856
Pakistan,564,2012-03-01,1.171276139081291
Pakistan,564,2012-04-01,1.8305249121106326
Pakistan,564,2012-05-01,1.148809523809461
Pakistan,564,2012-06-01,0.03530865650564384
Pakistan,564,2012-07-01,-0.24707335725630583
Pakistan,564,2012-08-01,0.8963849737571871
Pakistan,564,2012-09-01,0.7890583903208412
Pakistan,564,2012-10-01,0.3827418232428907
Pakistan,564,2012-11-01,-0.3928365106875063
Pakistan,564,2012-12-01,0.23199164830065566
Pakistan,564,2013-01-01,1.666473787756051
Pakistan,564,2013-02-01,-0.33579965850881266
Pakistan,564,2013-03-01,0.4054594255040226
Pakistan,564,2013-04-01,1.092025935615885
Pakistan,564,2013-05-01,0.5119837965568268
Pakistan,564,2013-06-01,0.722082283795148
Pakistan,564,2013-07-01,2.0228965210625485
Pakistan,564,2013-08-01,1.1602571086175235
Pakistan,564,2013-09-01,-0.2853912013354783
Pakistan,564,2013-10-01,1.9656550383410476
Pakistan,564,2013-11-01,1.265755746213394
Pakistan,564,2013-12-01,-1.3231525547827356
Pakistan,564,2014-01-01,0.48759804960784986
Pakistan,564,2014-02-01,-0.3164556962025164
Pakistan,564,2014-03-01,0.9629629629629343
Pakistan,564,2014-04-01,1.6979352269153967
Pakistan,564,2014-05-01,-0.2628053179428581
Pakistan,564,2014-06-01,0.6148282097648952
Pakistan,564,2014-07-01,1.699702166991895
Pakistan,564,2014-08-01,0.3281999495077269
Pakistan,564,2014-09-01,0.3522898842475462
Pakistan,564,2014-10-01,0.20561685055164391
Pakistan,564,2014-11-01,-0.5104849607126744
Pakistan,564,2014-12-01,-1.0060868252929844
Pakistan,564,2015-01-01,0.08130494435690025
Pakistan,564,2015-02-01,-0.9240924092408971
Pakistan,564,2015-03-01,0.22549069850870038
Pakistan,564,2015-04-01,1.3243339980569138
Pakistan,564,2015-05-01,0.7569640694388668
Pakistan,564,2015-06-01,0.616047280376636
Pakistan,564,2015-07-01,0.36338294589073367
Pakistan,564,2015-08-01,0.31246900109117187
Pakistan,564,2015-09-01,-0.10383189122373164
Pakistan,564,2015-10-01,0.4900019798060524
Pakistan,564,2015-11-01,0.5861202777917365
Pakistan,564,2015-12-01,-0.568014885907704
Pakistan,564,2016-01-01,0.21176007091500584
Pakistan,564,2016-02-01,-0.2506265664159961
Pakistan,564,2016-03-01,0.14779781259233085
Pakistan,564,2016-04-01,1.5495867768590277
Pakistan,564,2016-05-01,-0.213147313859041
Pakistan,564,2016-06-01,0.6359532016114657
Pakistan,564,2016-07-01,1.3410516160155892
Pakistan,564,2016-08-01,-0.29512566641231514
Pakistan,564,2016-09-01,0.20051561157204512
Pakistan,564,2016-10-01,0.8052220316378155
Pakistan,564,2016-11-01,0.20796899371329325
Pakistan,564,2016-12-01,-0.6792132446583612
Pakistan,564,2017-01-01,0.17571353944045578
Pakistan,564,2017-02-01,0.2844410732912585
Pakistan,564,2017-03-01,0.8414484258293131
Pakistan,564,2017-04-01,1.3969623101446167
Pakistan,564,2017-05-01,0.013869625520401555
Pakistan,564,2017-06-01,-0.40678592890512527
Pakistan,564,2017-07-01,0.3434671617542378
Pakistan,564,2017-08-01,0.19427355566901106
Pakistan,564,2017-09-01,0.6324731083508205
Pakistan,564,2017-10-01,0.7477750252317602
Pakistan,564,2017-11-01,0.3688356632216262
Pakistan,564,2017-12-01,-0.09980945467772907
Pakistan,564,2018-01-01,0.031789282470244214
Pakistan,564,2018-02-01,-0.3132519180998054
Pakistan,564,2018-03-01,0.30512797158212307
Pakistan,564,2018-04-01,1.8161180476730487
Pakistan,564,2018-05-01,0.5128205128205652
Pakistan,564,2018-06-01,0.567879325642766
Pakistan,564,2018-07-01,0.9352391035823502
Pakistan,564,2018-08-01,0.20541958041952513
Pakistan,564,2018-09-01,-0.05670170541316517
Pakistan,564,2018-10-01,2.334817142358483
Pakistan,564,2018-11-01,0.11087892873959242
Pakistan,564,2018-12-01,-0.413205537806323
Malta,181,2011-01-01,NA
Malta,181,2011-02-01,-0.0700727342972293
Malta,181,2011-03-01,0.9877716454970159
Malta,181,2011-04-01,0.7354380527667584
Malta,181,2011-05-01,0.8497009982662732
Malta,181,2011-06-01,-0.21449869530713478
Malta,181,2011-07-01,-0.5869080640093055
Malta,181,2011-08-01,0.20140274988233275
Malta,181,2011-09-01,0.29131569198503077
Malta,181,2011-10-01,0.8790028903920293
Malta,181,2011-11-01,-0.22188960222624513
Malta,181,2011-12-01,3.0827614156613565
Malta,181,2012-01-01,-1.6551171337544708
Malta,181,2012-02-01,-1.723990274411818
Malta,181,2012-03-01,0.40818487236907386
Malta,181,2012-04-01,1.3515833766018468
Malta,181,2012-05-01,0.018434838008762573
Malta,181,2012-06-01,0.19095005492306166
Malta,181,2012-07-01,-0.6388195467017125
Malta,181,2012-08-01,0.33565260036049466
Malta,181,2012-09-01,0.9187804688003324
Malta,181,2012-10-01,0.9687155418912056
Malta,181,2012-11-01,-0.1588400807470545
Malta,181,2012-12-01,0.03501686665832496
Malta,181,2013-01-01,-1.6551171337544708
Malta,181,2013-02-01,0.08636153962739061
Malta,181,2013-03-01,0.5331959086811598
Malta,181,2013-04-01,0.7765563788092584
Malta,181,2013-05-01,0.49806762363756635
Malta,181,2013-06-01,-0.09409624473759194
Malta,181,2013-07-01,-0.15698676412252055
Malta,181,2013-08-01,-0.23900242576179176
Malta,181,2013-09-01,0.16670149277151103
Malta,181,2013-10-01,0.23626833662044217
Malta,181,2013-11-01,0.039245151375658524
Malta,181,2013-12-01,0.8682977054115619
Malta,181,2014-01-01,-2.0356201344170843
Malta,181,2014-02-01,0.5152278972306584
Malta,181,2014-03-01,0.5577507199843761
Malta,181,2014-04-01,-0.31478594045548536
Malta,181,2014-05-01,0.09093251835690164
Malta,181,2014-06-01,0.20183747883294853
Malta,181,2014-07-01,-0.1061152386176386
Malta,181,2014-08-01,-0.22014912344358212
Malta,181,2014-09-01,0.3357858382245496
Malta,181,2014-10-01,0.44608828846287696
Malta,181,2014-11-01,0.5232659193364222
Malta,181,2014-12-01,0.18568616337317934
Malta,181,2015-01-01,-1.4837597490356587
Malta,181,2015-02-01,0.5094956717828453
Malta,181,2015-03-01,0.44241067243250765
Malta,181,2015-04-01,0.6713750182835576
Malta,181,2015-05-01,-0.20112249494227077
Malta,181,2015-06-01,0.14727891326189418
Malta,181,2015-07-01,-0.2722821948072465
Malta,181,2015-08-01,0.05058034204047314
Malta,181,2015-09-01,0.3131214303484544
Malta,181,2015-10-01,0.46949242243336553
Malta,181,2015-11-01,0.11876201213135695
Malta,181,2015-12-01,0.2899316240611693
Malta,181,2016-01-01,-2.002348443593203
Malta,181,2016-02-01,0.31347780425318783
Malta,181,2016-03-01,0.6574619632464627
Malta,181,2016-04-01,0.5597924221054701
Malta,181,2016-05-01,0.1137563903461339
Malta,181,2016-06-01,0.1708518842907451
Malta,181,2016-07-01,-0.33929210434200463
Malta,181,2016-08-01,0.18268630075444678
Malta,181,2016-09-01,0.26760776479605736
Malta,181,2016-10-01,0.09842655092816249
Malta,181,2016-11-01,0.3930452728674305
Malta,181,2016-12-01,0.669247009922166
Malta,181,2017-01-01,-1.3644519005856068
Malta,181,2017-02-01,0.22244651432895302
Malta,181,2017-03-01,0.5551342896160893
Malta,181,2017-04-01,0.4739825013144388
Malta,181,2017-05-01,0.053560428270488
Malta,181,2017-06-01,0.037939276199192594
Malta,181,2017-07-01,-0.1810879384782111
Malta,181,2017-08-01,-0.04428828777705965
Malta,181,2017-09-01,0.145123267155191
Malta,181,2017-10-01,0.3711245942025955
Malta,181,2017-11-01,0.3702697286569659
Malta,181,2017-12-01,0.5818722385813434
Malta,181,2018-01-01,-1.6995867574068944
Malta,181,2018-02-01,0.3298981575032152
Malta,181,2018-03-01,0.3953631339021506
Malta,181,2018-04-01,0.4938267159516536
Malta,181,2018-05-01,0.16179832316306886
Malta,181,2018-06-01,0.06107655554600094
Malta,181,2018-07-01,-0.15439633735622008
Malta,181,2018-08-01,0.07826667083938536
Malta,181,2018-09-01,0.6642989882901499
Malta,181,2018-10-01,0.35049416741055756
Malta,181,2018-11-01,0.33422601325603024
Malta,181,2018-12-01,0.48482912370748904
Seychelles,718,2011-01-01,NA
Seychelles,718,2011-02-01,0.24488702354391192
Seychelles,718,2011-03-01,0.16129779748277884
Seychelles,718,2011-04-01,0.19816381048184123
Seychelles,718,2011-05-01,0.30033004313999473
Seychelles,718,2011-06-01,0.384927753541618
Seychelles,718,2011-07-01,0.5184775522170337
Seychelles,718,2011-08-01,0.7434341344566914
Seychelles,718,2011-09-01,0.35059291460903147
Seychelles,718,2011-10-01,0.2776666104903497
Seychelles,718,2011-11-01,1.4379193324942046
Seychelles,718,2011-12-01,0.5097041323076746
Seychelles,718,2012-01-01,0.3534669347743697
Seychelles,718,2012-02-01,0.4126602936033432
Seychelles,718,2012-03-01,0.17227469460770622
Seychelles,718,2012-04-01,1.3276174016214808
Seychelles,718,2012-05-01,1.8742961516531649
Seychelles,718,2012-06-01,0.5674953478282163
Seychelles,718,2012-07-01,0.1575138567133507
Seychelles,718,2012-08-01,0.14172098719212556
Seychelles,718,2012-09-01,0.2565738742208055
Seychelles,718,2012-10-01,0.1238044460091311
Seychelles,718,2012-11-01,0.12978233721239193
Seychelles,718,2012-12-01,0.14850526778220724
Seychelles,718,2013-01-01,0.491817267991728
Seychelles,718,2013-02-01,0.6408628582168909
Seychelles,718,2013-03-01,0.4918964965553573
Seychelles,718,2013-04-01,0.1881749651029766
Seychelles,718,2013-05-01,0.325585632489881
Seychelles,718,2013-06-01,0.45136324717658255
Seychelles,718,2013-07-01,-0.12915552294455748
Seychelles,718,2013-08-01,0.5319813831513902
Seychelles,718,2013-09-01,0.1627601661659121
Seychelles,718,2013-10-01,0.07588180114620573
Seychelles,718,2013-11-01,-0.009439153420040376
Seychelles,718,2013-12-01,0.14808937122193674
Seychelles,718,2014-01-01,0.2654513939534472
Seychelles,718,2014-02-01,-0.2594836709649056
Seychelles,718,2014-03-01,0.46123163498619146
Seychelles,718,2014-04-01,0.12468096736990467
Seychelles,718,2014-05-01,-0.4080035685519629
Seychelles,718,2014-06-01,0.1759042684485044
Seychelles,718,2014-07-01,0.17796662300599253
Seychelles,718,2014-08-01,-0.11509551466150524
Seychelles,718,2014-09-01,-0.019543325485447398
Seychelles,718,2014-10-01,0.14186716854306167
Seychelles,718,2014-11-01,-0.4543236249153668
Seychelles,718,2014-12-01,0.4368797473755934
Seychelles,718,2015-01-01,2.626812209761787
Seychelles,718,2015-02-01,0.5595661111239075
Seychelles,718,2015-03-01,2.4921730475377073
Seychelles,718,2015-04-01,-1.9308974906437577
Seychelles,718,2015-05-01,-0.10584357650710982
Seychelles,718,2015-06-01,0.500447530540687
Seychelles,718,2015-07-01,0.07933958181880506
Seychelles,718,2015-08-01,0.3011093665352633
Seychelles,718,2015-09-01,-0.168548752470898
Seychelles,718,2015-10-01,-0.6779273958597141
Seychelles,718,2015-11-01,-0.1416000131022195
Seychelles,718,2015-12-01,-0.33039357541946657
Seychelles,718,2016-01-01,-0.632156153307159
Seychelles,718,2016-02-01,0.04879574091421256
Seychelles,718,2016-03-01,-0.21387935675506067
Seychelles,718,2016-04-01,0.24104001144806655
Seychelles,718,2016-05-01,-0.20897315815460363
Seychelles,718,2016-06-01,0.29545247316972334
Seychelles,718,2016-07-01,0.8044430867843553
Seychelles,718,2016-08-01,-0.612931825378023
Seychelles,718,2016-09-01,0.4278993457685774
Seychelles,718,2016-10-01,-0.20015633921650816
Seychelles,718,2016-11-01,0.011152619621690145
Seychelles,718,2016-12-01,-0.18384262331707055
Seychelles,718,2017-01-01,1.0704380780345968
Seychelles,718,2017-02-01,0.05758710048949253
Seychelles,718,2017-03-01,0.1822541966426837
Seychelles,718,2017-04-01,0.6032171581769393
Seychelles,718,2017-05-01,0.6947749119634568
Seychelles,718,2017-06-01,0.7939508506616291
Seychelles,718,2017-07-01,0.28132033008251794
Seychelles,718,2017-08-01,0.1402655694782174
Seychelles,718,2017-09-01,-0.2521243813614812
Seychelles,718,2017-10-01,0.01872308556451061
Seychelles,718,2017-11-01,-0.4492699363534294
Seychelles,718,2017-12-01,0.3102670176758164
Seychelles,718,2018-01-01,2.0508492607639037
Seychelles,718,2018-02-01,0.4216315977003091
Seychelles,718,2018-03-01,-0.025049728857559572
Seychelles,718,2018-04-01,0.14596846148472795
Seychelles,718,2018-05-01,0.11650310048254228
Seychelles,718,2018-06-01,0.2216682751565095
Seychelles,718,2018-07-01,0.4082583258981227
Seychelles,718,2018-08-01,-0.19783702606245523
Seychelles,718,2018-09-01,0.21804306350505054
Seychelles,718,2018-10-01,0.18130722509292252
Seychelles,718,2018-11-01,-0.199077006605736
Seychelles,718,2018-12-01,0.009028654651368016
Lao People's Dem. Rep.,544,2011-01-01,NA
Lao People's Dem. Rep.,544,2011-02-01,0.8443512145125046
Lao People's Dem. Rep.,544,2011-03-01,1.6419133808223147
Lao People's Dem. Rep.,544,2011-04-01,2.170821111922279
Lao People's Dem. Rep.,544,2011-05-01,0.9660187583057049
Lao People's Dem. Rep.,544,2011-06-01,0.2613438581341957
Lao People's Dem. Rep.,544,2011-07-01,0.37694001386886705
Lao People's Dem. Rep.,544,2011-08-01,0.35764462894684396
Lao People's Dem. Rep.,544,2011-09-01,0.3983930486133602
Lao People's Dem. Rep.,544,2011-10-01,0.2722805490474954
Lao People's Dem. Rep.,544,2011-11-01,0.02526153975162327
Lao People's Dem. Rep.,544,2011-12-01,-0.5920232874932768
Lao People's Dem. Rep.,544,2012-01-01,-0.20204410130309158
Lao People's Dem. Rep.,544,2012-02-01,0.29613553516672725
Lao People's Dem. Rep.,544,2012-03-01,0.8987270219764492
Lao People's Dem. Rep.,544,2012-04-01,1.2426511053283282
Lao People's Dem. Rep.,544,2012-05-01,0.38264580577412777
Lao People's Dem. Rep.,544,2012-06-01,0.056070109443821674
Lao People's Dem. Rep.,544,2012-07-01,-0.24331127443799924
Lao People's Dem. Rep.,544,2012-08-01,0.7858659773154438
Lao People's Dem. Rep.,544,2012-09-01,0.6983917719526815
Lao People's Dem. Rep.,544,2012-10-01,0.12048748726069936
Lao People's Dem. Rep.,544,2012-11-01,-0.11466587127535008
Lao People's Dem. Rep.,544,2012-12-01,0.7248026364062626
Lao People's Dem. Rep.,544,2013-01-01,0.7162737279905753
Lao People's Dem. Rep.,544,2013-02-01,0.616639001448703
Lao People's Dem. Rep.,544,2013-03-01,0.678332470530149
Lao People's Dem. Rep.,544,2013-04-01,0.9088425985759816
Lao People's Dem. Rep.,544,2013-05-01,0.6169184201017437
Lao People's Dem. Rep.,544,2013-06-01,0.583395291160744
Lao People's Dem. Rep.,544,2013-07-01,0.8613668575598831
Lao People's Dem. Rep.,544,2013-08-01,0.2181736099848788
Lao People's Dem. Rep.,544,2013-09-01,0.7346129862530056
Lao People's Dem. Rep.,544,2013-10-01,-0.013363138941700691
Lao People's Dem. Rep.,544,2013-11-01,0.09205772588779683
Lao People's Dem. Rep.,544,2013-12-01,0.44748532473804964
Lao People's Dem. Rep.,544,2014-01-01,0.09388232268438734
Lao People's Dem. Rep.,544,2014-02-01,0.29900696568778123
Lao People's Dem. Rep.,544,2014-03-01,0.357787282042549
Lao People's Dem. Rep.,544,2014-04-01,0.8401973907931839
Lao People's Dem. Rep.,544,2014-05-01,0.12158258937373409
Lao People's Dem. Rep.,544,2014-06-01,0.1267273341874888
Lao People's Dem. Rep.,544,2014-07-01,0.3270434363970645
Lao People's Dem. Rep.,544,2014-08-01,0.13432487524749898
Lao People's Dem. Rep.,544,2014-09-01,0.18024428835771072
Lao People's Dem. Rep.,544,2014-10-01,-0.02752657856884563
Lao People's Dem. Rep.,544,2014-11-01,-0.1199773518974998
Lao People's Dem. Rep.,544,2014-12-01,0.04333361262310731
Lao People's Dem. Rep.,544,2015-01-01,-0.25649461119510536
Lao People's Dem. Rep.,544,2015-02-01,-0.2927469126172476
Lao People's Dem. Rep.,544,2015-03-01,0.11165588071942444
Lao People's Dem. Rep.,544,2015-04-01,0.60444775269034
Lao People's Dem. Rep.,544,2015-05-01,0.3540630369855516
Lao People's Dem. Rep.,544,2015-06-01,0.3055775554194654
Lao People's Dem. Rep.,544,2015-07-01,0.13341914195836585
Lao People's Dem. Rep.,544,2015-08-01,0.2463305797618218
Lao People's Dem. Rep.,544,2015-09-01,0.121008606048852
Lao People's Dem. Rep.,544,2015-10-01,0.06053191740089662
Lao People's Dem. Rep.,544,2015-11-01,-0.16763830205046348
Lao People's Dem. Rep.,544,2015-12-01,-0.3224862484635642
Lao People's Dem. Rep.,544,2016-01-01,-0.3138723320293053
Lao People's Dem. Rep.,544,2016-02-01,0.17893751443424114
Lao People's Dem. Rep.,544,2016-03-01,-0.07592406204900662
Lao People's Dem. Rep.,544,2016-04-01,0.44146349157492737
Lao People's Dem. Rep.,544,2016-05-01,0.563477631088574
Lao People's Dem. Rep.,544,2016-06-01,0.7529609672751394
Lao People's Dem. Rep.,544,2016-07-01,0.4776894847330176
Lao People's Dem. Rep.,544,2016-08-01,0.12515259063290657
Lao People's Dem. Rep.,544,2016-09-01,0.10793497496428921
Lao People's Dem. Rep.,544,2016-10-01,0.07897282001063798
Lao People's Dem. Rep.,544,2016-11-01,0.06202312025377761
Lao People's Dem. Rep.,544,2016-12-01,0.0654806504018874
Lao People's Dem. Rep.,544,2017-01-01,-0.5276990391952086
Lao People's Dem. Rep.,544,2017-02-01,-0.4102441178472663
Lao People's Dem. Rep.,544,2017-03-01,0.010228878492711367
Lao People's Dem. Rep.,544,2017-04-01,0.20822487329268985
Lao People's Dem. Rep.,544,2017-05-01,0.12498925836249405
Lao People's Dem. Rep.,544,2017-06-01,0.09297253948084774
Lao People's Dem. Rep.,544,2017-07-01,0.03368796478857561
Lao People's Dem. Rep.,544,2017-08-01,0.3134560262397424
Lao People's Dem. Rep.,544,2017-09-01,0.26326576394151013
Lao People's Dem. Rep.,544,2017-10-01,0.2526456222160723
Lao People's Dem. Rep.,544,2017-11-01,-0.18927525486791913
Lao People's Dem. Rep.,544,2017-12-01,-0.02017985391936582
Lao People's Dem. Rep.,544,2018-01-01,0.26863707250498403
Lao People's Dem. Rep.,544,2018-02-01,0.3754130415756056
Lao People's Dem. Rep.,544,2018-03-01,0.1670867394246459
Lao People's Dem. Rep.,544,2018-04-01,0.18053955735139668
Lao People's Dem. Rep.,544,2018-05-01,0.2128645870139493
Lao People's Dem. Rep.,544,2018-06-01,0.3067141434411374
Lao People's Dem. Rep.,544,2018-07-01,0.2861607239771975
Lao People's Dem. Rep.,544,2018-08-01,0.4404537867735319
Lao People's Dem. Rep.,544,2018-09-01,0.7376485067148958
Lao People's Dem. Rep.,544,2018-10-01,-0.6380312502892441
Lao People's Dem. Rep.,544,2018-11-01,-0.18845882810002293
Lao People's Dem. Rep.,544,2018-12-01,-0.6645185122586686
Nigeria,694,2011-01-01,NA
Nigeria,694,2011-02-01,0.9602395747295721
Nigeria,694,2011-03-01,1.3709440384229135
Nigeria,694,2011-04-01,-0.5403193197311122
Nigeria,694,2011-05-01,0.9124014934748523
Nigeria,694,2011-06-01,0.9697967979533416
Nigeria,694,2011-07-01,0.32125147546546173
Nigeria,694,2011-08-01,1.6655945647785688
Nigeria,694,2011-09-01,1.4101732721216853
Nigeria,694,2011-10-01,0.48520913855036424
Nigeria,694,2011-11-01,0.04084071143809275
Nigeria,694,2011-12-01,1.056928278371445
Nigeria,694,2012-01-01,3.3469242748948296
Nigeria,694,2012-02-01,0.27870600000035817
Nigeria,694,2012-03-01,1.5931518944532703
Nigeria,694,2012-04-01,0.12927203052811082
Nigeria,694,2012-05-01,0.7538214895852215
Nigeria,694,2012-06-01,1.1522990880541917
Nigeria,694,2012-07-01,0.2367373110107963
Nigeria,694,2012-08-01,0.6672933565562286
Nigeria,694,2012-09-01,1.0140439646209702
Nigeria,694,2012-10-01,0.8829717700381237
Nigeria,694,2012-11-01,0.6021529598964693
Nigeria,694,2012-12-01,0.7519357930026499
Nigeria,694,2013-01-01,0.624512847914658
Nigeria,694,2013-02-01,0.7484470184433949
Nigeria,694,2013-03-01,0.7133035480594765
Nigeria,694,2013-04-01,0.5517997080498332
Nigeria,694,2013-05-01,0.6728574232427437
Nigeria,694,2013-06-01,0.5853466493332247
Nigeria,694,2013-07-01,0.5411899370356964
Nigeria,694,2013-08-01,0.2491405980202362
Nigeria,694,2013-09-01,0.7537388178357584
Nigeria,694,2013-10-01,0.7477797103879429
Nigeria,694,2013-11-01,0.7180044569558631
Nigeria,694,2013-12-01,0.7757241785178111
Nigeria,694,2014-01-01,0.6428415698094105
Nigeria,694,2014-02-01,0.4969930545290856
Nigeria,694,2014-03-01,0.7846705217822101
Nigeria,694,2014-04-01,0.6151080934309647
Nigeria,694,2014-05-01,0.7786655445408867
Nigeria,694,2014-06-01,0.7736173215780996
Nigeria,694,2014-07-01,0.6476303988771188
Nigeria,694,2014-08-01,0.48350911099246174
Nigeria,694,2014-09-01,0.5517286450701857
Nigeria,694,2014-10-01,0.5092425616366755
Nigeria,694,2014-11-01,0.5938207197474432
Nigeria,694,2014-12-01,0.8235983983254903
Nigeria,694,2015-01-01,0.809456833774229
Nigeria,694,2015-02-01,0.6845342752226425
Nigeria,694,2015-03-01,0.9099598295752819
Nigeria,694,2015-04-01,0.7649466319209037
Nigeria,694,2015-05-01,1.101403145672346
Nigeria,694,2015-06-01,0.9257801010014197
Nigeria,694,2015-07-01,0.6939165494767475
Nigeria,694,2015-08-01,0.5918217065553252
Nigeria,694,2015-09-01,0.6054388385830242
Nigeria,694,2015-10-01,0.4190245506312752
Nigeria,694,2015-11-01,0.660365978925242
Nigeria,694,2015-12-01,0.9948299408473243
Nigeria,694,2016-01-01,0.86724364412433
Nigeria,694,2016-02-01,2.3032658638454855
Nigeria,694,2016-03-01,2.17444270099224
Nigeria,694,2016-04-01,1.6105028964343566
Nigeria,694,2016-05-01,2.7516387220931513
Nigeria,694,2016-06-01,1.7142191152844297
Nigeria,694,2016-07-01,1.25279841084516
Nigeria,694,2016-08-01,1.0063420138407257
Nigeria,694,2016-09-01,0.8130651422524608
Nigeria,694,2016-10-01,0.8259941312247128
Nigeria,694,2016-11-01,0.7849949611986466
Nigeria,694,2016-12-01,1.0551824909166698
Nigeria,694,2017-01-01,1.013487442910271
Nigeria,694,2017-02-01,1.4945877561079401
Nigeria,694,2017-03-01,1.7191288154116116
Nigeria,694,2017-04-01,1.600861740798213
Nigeria,694,2017-05-01,1.8813545206003122
Nigeria,694,2017-06-01,1.5803636350318486
Nigeria,694,2017-07-01,1.2131270272849806
Nigeria,694,2017-08-01,0.9703026657160212
Nigeria,694,2017-09-01,0.784821770026114
Nigeria,694,2017-10-01,0.7618675043244899
Nigeria,694,2017-11-01,0.7816484588333876
Nigeria,694,2017-12-01,0.5932681728517355
Nigeria,694,2018-01-01,0.799091584642719
Nigeria,694,2018-02-01,0.7918467753130598
Nigeria,694,2018-03-01,0.8361569215332728
Nigeria,694,2018-04-01,0.834545133991595
Nigeria,694,2018-05-01,1.0892708899123122
Nigeria,694,2018-06-01,1.237207264348888
Nigeria,694,2018-07-01,1.1321650424951906
Nigeria,694,2018-08-01,1.0480724953471858
Nigeria,694,2018-09-01,0.8362756341931928
Nigeria,694,2018-10-01,0.7393091084837872
Nigeria,694,2018-11-01,0.8010156977390838
Nigeria,694,2018-12-01,0.7389013478659635
"Eswatini, Kingdom of",734,2011-01-01,NA
"Eswatini, Kingdom of",734,2011-02-01,1.094781464534054
"Eswatini, Kingdom of",734,2011-03-01,0.8258792137772974
"Eswatini, Kingdom of",734,2011-04-01,0.9539819318685552
"Eswatini, Kingdom of",734,2011-05-01,0.7475764088113701
"Eswatini, Kingdom of",734,2011-06-01,0.20722423041880453
"Eswatini, Kingdom of",734,2011-07-01,0.17121576697367957
"Eswatini, Kingdom of",734,2011-08-01,0.964003698840854
"Eswatini, Kingdom of",734,2011-09-01,0.21735487923671293
"Eswatini, Kingdom of",734,2011-10-01,0.6405256360128014
"Eswatini, Kingdom of",734,2011-11-01,0.29955992621529287
"Eswatini, Kingdom of",734,2011-12-01,0.9465431444579597
"Eswatini, Kingdom of",734,2012-01-01,1.853044249627362
"Eswatini, Kingdom of",734,2012-02-01,1.235992555034878
"Eswatini, Kingdom of",734,2012-03-01,0.20857661989231555
"Eswatini, Kingdom of",734,2012-04-01,1.707021424124729
"Eswatini, Kingdom of",734,2012-05-01,0.25173702904269835
"Eswatini, Kingdom of",734,2012-06-01,0.1320984291518563
"Eswatini, Kingdom of",734,2012-07-01,-0.04275606857340649
"Eswatini, Kingdom of",734,2012-08-01,0.7075746567513436
"Eswatini, Kingdom of",734,2012-09-01,0.4456058059869426
"Eswatini, Kingdom of",734,2012-10-01,1.024838687338644
"Eswatini, Kingdom of",734,2012-11-01,0.24549709674062953
"Eswatini, Kingdom of",734,2012-12-01,0.2212773844874079
"Eswatini, Kingdom of",734,2013-01-01,0.23050000000002727
"Eswatini, Kingdom of",734,2013-02-01,1.4015693825730946
"Eswatini, Kingdom of",734,2013-03-01,0.12269359169496186
"Eswatini, Kingdom of",734,2013-04-01,0.7161949685534416
"Eswatini, Kingdom of",734,2013-05-01,0.162359204127729
"Eswatini, Kingdom of",734,2013-06-01,0.21869325664945735
"Eswatini, Kingdom of",734,2013-07-01,0.39599648910329455
"Eswatini, Kingdom of",734,2013-08-01,0.5252350003050249
"Eswatini, Kingdom of",734,2013-09-01,0.2815189502800658
"Eswatini, Kingdom of",734,2013-10-01,0.0731834513200162
"Eswatini, Kingdom of",734,2013-11-01,-0.03608511095698629
"Eswatini, Kingdom of",734,2013-12-01,0.24788667489116228
"Eswatini, Kingdom of",734,2014-01-01,0.45863432507785773
"Eswatini, Kingdom of",734,2014-02-01,1.3998413691065228
"Eswatini, Kingdom of",734,2014-03-01,0.588251885000845
"Eswatini, Kingdom of",734,2014-04-01,0.9101640594551983
"Eswatini, Kingdom of",734,2014-05-01,0.3209358545090731
"Eswatini, Kingdom of",734,2014-06-01,0.0297289312356006
"Eswatini, Kingdom of",734,2014-07-01,1.2799946836102079
"Eswatini, Kingdom of",734,2014-08-01,0.30219354603533555
"Eswatini, Kingdom of",734,2014-09-01,0.47881841788225993
"Eswatini, Kingdom of",734,2014-10-01,0.11637622344222404
"Eswatini, Kingdom of",734,2014-11-01,0.28025587882679726
"Eswatini, Kingdom of",734,2014-12-01,-0.15115655689529037
"Eswatini, Kingdom of",734,2015-01-01,-0.1273324254010734
"Eswatini, Kingdom of",734,2015-02-01,0.8516458212972102
"Eswatini, Kingdom of",734,2015-03-01,0.35657556711525273
"Eswatini, Kingdom of",734,2015-04-01,1.097284651855354
"Eswatini, Kingdom of",734,2015-05-01,0.7230940176789319
"Eswatini, Kingdom of",734,2015-06-01,0.39293882307390576
"Eswatini, Kingdom of",734,2015-07-01,0.43815483508933906
"Eswatini, Kingdom of",734,2015-08-01,0.22397952758896994
"Eswatini, Kingdom of",734,2015-09-01,0.24199327996545322
"Eswatini, Kingdom of",734,2015-10-01,0.176946284508657
"Eswatini, Kingdom of",734,2015-11-01,0.21011852017317623
"Eswatini, Kingdom of",734,2015-12-01,0.22388027320692708
"Eswatini, Kingdom of",734,2016-01-01,0.5572347231597996
"Eswatini, Kingdom of",734,2016-02-01,2.4430337415003436
"Eswatini, Kingdom of",734,2016-03-01,0.8249499309967545
"Eswatini, Kingdom of",734,2016-04-01,1.7986259936384374
"Eswatini, Kingdom of",734,2016-05-01,0.17753699680280274
"Eswatini, Kingdom of",734,2016-06-01,0.005976803438503946
"Eswatini, Kingdom of",734,2016-07-01,0.31143590254802467
"Eswatini, Kingdom of",734,2016-08-01,0.8198432445301341
"Eswatini, Kingdom of",734,2016-09-01,0.4531133143151448
"Eswatini, Kingdom of",734,2016-10-01,0.14909905668127238
"Eswatini, Kingdom of",734,2016-11-01,0.5875790895221726
"Eswatini, Kingdom of",734,2016-12-01,0.2545271402261436
"Eswatini, Kingdom of",734,2017-01-01,0.13118962082530547
"Eswatini, Kingdom of",734,2017-02-01,1.086851076993506
"Eswatini, Kingdom of",734,2017-03-01,0.06768530113048762
"Eswatini, Kingdom of",734,2017-04-01,2.7826985823449264
"Eswatini, Kingdom of",734,2017-05-01,0.28416339768151827
"Eswatini, Kingdom of",734,2017-06-01,-0.24025346539140002
"Eswatini, Kingdom of",734,2017-07-01,0.16937633486263773
"Eswatini, Kingdom of",734,2017-08-01,0.021948209167624685
"Eswatini, Kingdom of",734,2017-09-01,-1.1297626081611022e-4
"Eswatini, Kingdom of",734,2017-10-01,0.11769068351287808
"Eswatini, Kingdom of",734,2017-11-01,0.10918204545636591
"Eswatini, Kingdom of",734,2017-12-01,0.11306830876771604
"Eswatini, Kingdom of",734,2018-01-01,0.019991996202276277
"Eswatini, Kingdom of",734,2018-02-01,0.5606269419195289
"Eswatini, Kingdom of",734,2018-03-01,-0.022046716780174294
"Eswatini, Kingdom of",734,2018-04-01,3.6264431944523547
"Eswatini, Kingdom of",734,2018-05-01,0.25857234271871204
"Eswatini, Kingdom of",734,2018-06-01,-0.07956104491615601
"Eswatini, Kingdom of",734,2018-07-01,0.10800232637309712
"Eswatini, Kingdom of",734,2018-08-01,0.057181648469893244
"Eswatini, Kingdom of",734,2018-09-01,0.15217155423766288
"Eswatini, Kingdom of",734,2018-10-01,0.2534766047902698
"Eswatini, Kingdom of",734,2018-11-01,0.16306720872448446
"Eswatini, Kingdom of",734,2018-12-01,0.0573552887091439
Sierra Leone,724,2011-01-01,NA
Sierra Leone,724,2011-02-01,0.21315468940314605
Sierra Leone,724,2011-03-01,0.364630811303569
Sierra Leone,724,2011-04-01,0.5146836209506561
Sierra Leone,724,2011-05-01,0.3915662650602272
Sierra Leone,724,2011-06-01,0.27002700270028024
Sierra Leone,724,2011-07-01,0.8378216636744498
Sierra Leone,724,2011-08-01,0.44510385756676135
Sierra Leone,724,2011-09-01,0.53175775480059
Sierra Leone,724,2011-10-01,0.29385836027035384
Sierra Leone,724,2011-11-01,0.32229709932610434
Sierra Leone,724,2011-12-01,0.2920560747663593
Sierra Leone,724,2012-01-01,2.3587652882935206
Sierra Leone,724,2012-02-01,0.19914651493598942
Sierra Leone,724,2012-03-01,0.22714366837023933
Sierra Leone,724,2012-04-01,0.25495750708216264
Sierra Leone,724,2012-05-01,0.6499011020062075
Sierra Leone,724,2012-06-01,0.2807411566535694
Sierra Leone,724,2012-07-01,0.5039193729003352
Sierra Leone,724,2012-08-01,0.19498607242339913
Sierra Leone,724,2012-09-01,0.4726160689463489
Sierra Leone,724,2012-10-01,0.38738240177089256
Sierra Leone,724,2012-11-01,0.3583241455347173
Sierra Leone,724,2012-12-01,0.1647898928865759
Sierra Leone,724,2013-01-01,1.6726076227035904
Sierra Leone,724,2013-02-01,0.24271844660195097
Sierra Leone,724,2013-03-01,0.21522733387139706
Sierra Leone,724,2013-04-01,0.4295302013422727
Sierra Leone,724,2013-05-01,0.4276931301791064
Sierra Leone,724,2013-06-01,0.23955283470853422
Sierra Leone,724,2013-07-01,0.7700477960701175
Sierra Leone,724,2013-08-01,0.18445322793148952
Sierra Leone,724,2013-09-01,0.2893214097843225
Sierra Leone,724,2013-10-01,0.36716496197220183
Sierra Leone,724,2013-11-01,0.23517115233863678
Sierra Leone,724,2013-12-01,0.18248175182481827
Sierra Leone,724,2014-01-01,1.2230028623471219
Sierra Leone,724,2014-02-01,0.35989717223650536
Sierra Leone,724,2014-03-01,0.10245901639344043
Sierra Leone,724,2014-04-01,0.30706243602867084
Sierra Leone,724,2014-05-01,0.17857142857142927
Sierra Leone,724,2014-06-01,0.20371785077666996
Sierra Leone,724,2014-07-01,0.27954256670902017
Sierra Leone,724,2014-08-01,0.9630005068423785
Sierra Leone,724,2014-09-01,0.20080321285140132
Sierra Leone,724,2014-10-01,0.1753507014028063
Sierra Leone,724,2014-11-01,0.22505626406600726
Sierra Leone,724,2014-12-01,0.29940119760480177
Sierra Leone,724,2015-01-01,1.1442786069651585
Sierra Leone,724,2015-02-01,0.344318740777178
Sierra Leone,724,2015-03-01,1.2254901960784315
Sierra Leone,724,2015-04-01,0.33898305084745906
Sierra Leone,724,2015-05-01,1.0617760617760736
Sierra Leone,724,2015-06-01,0.3820439350525229
Sierra Leone,724,2015-07-01,0.21408182683159707
Sierra Leone,724,2015-08-01,1.7327320199382787
Sierra Leone,724,2015-09-01,0.2099860009332791
Sierra Leone,724,2015-10-01,0.46565774155994344
Sierra Leone,724,2015-11-01,0.30127462340672667
Sierra Leone,724,2015-12-01,0.6700554528650626
Sierra Leone,724,2016-01-01,1.1705301813174156
Sierra Leone,724,2016-02-01,0.6125226860254155
Sierra Leone,724,2016-03-01,0.42841037204058113
Sierra Leone,724,2016-04-01,1.1225864391558151
Sierra Leone,724,2016-05-01,1.2877442273534598
Sierra Leone,724,2016-06-01,0.876808417360819
Sierra Leone,724,2016-07-01,1.499348109517596
Sierra Leone,724,2016-08-01,1.4129736673089202
Sierra Leone,724,2016-09-01,0.9288579269580006
Sierra Leone,724,2016-10-01,1.568709475005229
Sierra Leone,724,2016-11-01,2.738879736408563
Sierra Leone,724,2016-12-01,2.545600320705544
Sierra Leone,724,2017-01-01,2.247849882720887
Sierra Leone,724,2017-02-01,1.5866947046453799
Sierra Leone,724,2017-03-01,0.7715468573579161
Sierra Leone,724,2017-04-01,0.7656395891690079
Sierra Leone,724,2017-05-01,0.5374351371386197
Sierra Leone,724,2017-06-01,1.0691244239631306
Sierra Leone,724,2017-07-01,1.0031004924311586
Sierra Leone,724,2017-08-01,0.9389671361502274
Sierra Leone,724,2017-09-01,0.7692307692307687
Sierra Leone,724,2017-10-01,0.7456062488904699
Sierra Leone,724,2017-11-01,2.2026431718061676
Sierra Leone,724,2017-12-01,1.7241379310344827
Sierra Leone,724,2018-01-01,1.6779661016949186
Sierra Leone,724,2018-02-01,1.3168861476912805
Sierra Leone,724,2018-03-01,1.2339585389930898
Sierra Leone,724,2018-04-01,0.975134080936131
Sierra Leone,724,2018-05-01,1.3037180106228796
Sierra Leone,724,2018-06-01,1.5570384493168161
Sierra Leone,724,2018-07-01,1.9868585732165143
Sierra Leone,724,2018-08-01,1.334560515416482
Sierra Leone,724,2018-09-01,0.42385709960642015
Sierra Leone,724,2018-10-01,-0.7235453723243954
Sierra Leone,724,2018-11-01,2.6419678105071287
Sierra Leone,724,2018-12-01,-0.29585798816566367
Cabo Verde,624,2011-01-01,NA
Cabo Verde,624,2011-02-01,1.163831692032267
Cabo Verde,624,2011-03-01,0.44247787610623335
Cabo Verde,624,2011-04-01,1.4096916299559734
Cabo Verde,624,2011-05-01,-0.08688097306691481
Cabo Verde,624,2011-06-01,0.6956521739130564
Cabo Verde,624,2011-07-01,0.08635578583756413
Cabo Verde,624,2011-08-01,0.17256255392586045
Cabo Verde,624,2011-09-01,0.5167958656330257
Cabo Verde,624,2011-10-01,-0.5998286203941553
Cabo Verde,624,2011-11-01,-0.34482758620690307
Cabo Verde,624,2011-12-01,0.08650519031144992
Cabo Verde,624,2012-01-01,-0.5963680758599926
Cabo Verde,624,2012-02-01,0.6868975748667697
Cabo Verde,624,2012-03-01,-0.034543104036161294
Cabo Verde,624,2012-04-01,0.43192811918889584
Cabo Verde,624,2012-05-01,0.8945474767060088
Cabo Verde,624,2012-06-01,0.2813249727831355
Cabo Verde,624,2012-07-01,0.9776430780675521
Cabo Verde,624,2012-08-01,-0.14312019758553934
Cabo Verde,624,2012-09-01,0.5985996803123362
Cabo Verde,624,2012-10-01,0.7291340502909263
Cabo Verde,624,2012-11-01,-0.1331256001821036
Cabo Verde,624,2012-12-01,0.3665770606353126
Cabo Verde,624,2013-01-01,-0.25732344604687896
Cabo Verde,624,2013-02-01,-0.6408157864460812
Cabo Verde,624,2013-03-01,-0.49417567711382987
Cabo Verde,624,2013-04-01,0.15992828883115104
Cabo Verde,624,2013-05-01,-0.008399451227391476
Cabo Verde,624,2013-06-01,0.04202002097193616
Cabo Verde,624,2013-07-01,0.4452648783771792
Cabo Verde,624,2013-08-01,0.4683884237398006
Cabo Verde,624,2013-09-01,0.4245708418037459
Cabo Verde,624,2013-10-01,-0.29843373833091985
Cabo Verde,624,2013-11-01,-0.22449210160646133
Cabo Verde,624,2013-12-01,0.4583358764649486
Cabo Verde,624,2014-01-01,-0.2986317720765865
Cabo Verde,624,2014-02-01,-0.1996884002735537
Cabo Verde,624,2014-03-01,-0.40016318445269633
Cabo Verde,624,2014-04-01,-0.6277726561788038
Cabo Verde,624,2014-05-01,0.0589620064894619
Cabo Verde,624,2014-06-01,0.06734727707584778
Cabo Verde,624,2014-07-01,0.22713606193956512
Cabo Verde,624,2014-08-01,0.033574715236556876
Cabo Verde,624,2014-09-01,0.13424738404545478
Cabo Verde,624,2014-10-01,0.016762420877144777
Cabo Verde,624,2014-11-01,0.4524136333493492
Cabo Verde,624,2014-12-01,0.20016502144678283
Cabo Verde,624,2015-01-01,0.11653020672562218
Cabo Verde,624,2015-02-01,-0.43232178944485594
Cabo Verde,624,2015-03-01,-0.3507062381822917
Cabo Verde,624,2015-04-01,-0.2681411971213766
Cabo Verde,624,2015-05-01,0.15123534721295667
Cabo Verde,624,2015-06-01,-0.016775707699647674
Cabo Verde,624,2015-07-01,0.23493772325895693
Cabo Verde,624,2015-08-01,0.159051098997349
Cabo Verde,624,2015-09-01,0.2925185705452755
Cabo Verde,624,2015-10-01,-0.12500127156573795
Cabo Verde,624,2015-11-01,-0.10846662918078034
Cabo Verde,624,2015-12-01,-0.20882057922722327
Cabo Verde,624,2016-01-01,-0.46036916894475616
Cabo Verde,624,2016-02-01,-0.5381764207049364
Cabo Verde,624,2016-03-01,-0.363544394330234
Cabo Verde,624,2016-04-01,0.01697435105647365
Cabo Verde,624,2016-05-01,0.07635219800952589
Cabo Verde,624,2016-06-01,-1.254658985271016
Cabo Verde,624,2016-07-01,0.20085322042473333
Cabo Verde,624,2016-08-01,0.6084792219695736
Cabo Verde,624,2016-09-01,0.09362425989284581
Cabo Verde,624,2016-10-01,0.6521257071964186
Cabo Verde,624,2016-11-01,-0.11190961868385568
Cabo Verde,624,2016-12-01,0.8968476851535588
Cabo Verde,624,2017-01-01,-0.6903131301556594
Cabo Verde,624,2017-02-01,0.2906602736263734
Cabo Verde,624,2017-03-01,-0.24569804137740164
Cabo Verde,624,2017-04-01,-0.17929584675860005
Cabo Verde,624,2017-05-01,0.13136900935538431
Cabo Verde,624,2017-06-01,0.11720134625487061
Cabo Verde,624,2017-07-01,-0.004728973854913895
Cabo Verde,624,2017-08-01,0.6467745131305795
Cabo Verde,624,2017-09-01,0.08241431271938879
Cabo Verde,624,2017-10-01,-0.23482212371230024
Cabo Verde,624,2017-11-01,9.41976686491706e-4
Cabo Verde,624,2017-12-01,0.3717013717211243
Cabo Verde,624,2018-01-01,0.03203875071689944
Cabo Verde,624,2018-02-01,0.09670326456945849
Cabo Verde,624,2018-03-01,-0.046671204430716665
Cabo Verde,624,2018-04-01,-0.03613686787496207
Cabo Verde,624,2018-05-01,0.10856005032341684
Cabo Verde,624,2018-06-01,0.5230376963313982
Cabo Verde,624,2018-07-01,0.4112657458986635
Cabo Verde,624,2018-08-01,-0.2768852468000285
Cabo Verde,624,2018-09-01,0.1294458537035264
Cabo Verde,624,2018-10-01,0.3218325429068863
Cabo Verde,624,2018-11-01,0.045606549466608505
Cabo Verde,624,2018-12-01,-0.328293799031844
Djibouti,611,2011-01-01,NA
Djibouti,611,2011-02-01,0.34387895460795964
Djibouti,611,2011-03-01,0.6168608636051871
Djibouti,611,2011-04-01,0.5090281799803221
Djibouti,611,2011-05-01,0.4741854539439808
Djibouti,611,2011-06-01,0.5643796861892889
Djibouti,611,2011-07-01,0.7125300484175511
Djibouti,611,2011-08-01,0.775490124716585
Djibouti,611,2011-09-01,1.4054308743441843
Djibouti,611,2011-10-01,0.523374157585638
Djibouti,611,2011-11-01,0.3063397495446633
Djibouti,611,2011-12-01,0.7976094015416565
Djibouti,611,2012-01-01,-1.1740167022288512
Djibouti,611,2012-02-01,-0.46420851534309465
Djibouti,611,2012-03-01,-0.4933260866984413
Djibouti,611,2012-04-01,0.6353986858499217
Djibouti,611,2012-05-01,0.5833549061624536
Djibouti,611,2012-06-01,0.6067184267881128
Djibouti,611,2012-07-01,0.8712432603496223
Djibouti,611,2012-08-01,0.9929532269358721
Djibouti,611,2012-09-01,0.254868059495668
Djibouti,611,2012-10-01,-0.6329113924052421
Djibouti,611,2012-11-01,-0.46389425373627874
Djibouti,611,2012-12-01,0.3684435545881517
Djibouti,611,2013-01-01,-0.3829398198095539
Djibouti,611,2013-02-01,1.3713905498763068
Djibouti,611,2013-03-01,0.9759648001587135
Djibouti,611,2013-04-01,-0.7429039594577098
Djibouti,611,2013-05-01,0.788735499413637
Djibouti,611,2013-06-01,-0.1281257919632502
Djibouti,611,2013-07-01,-0.9045001890849009
Djibouti,611,2013-08-01,1.7375859621876666
Djibouti,611,2013-09-01,-0.8892322279568435
Djibouti,611,2013-10-01,0.4440784111441309
Djibouti,611,2013-11-01,-0.35386434075652534
Djibouti,611,2013-12-01,-0.5017713162316831
Djibouti,611,2014-01-01,1.4254101035115643
Djibouti,611,2014-02-01,-1.5396379413111967
Djibouti,611,2014-03-01,0.8427639050210424
Djibouti,611,2014-04-01,1.0409002603873292
Djibouti,611,2014-05-01,-2.000222812673005
Djibouti,611,2014-06-01,3.601154145442287
Djibouti,611,2014-07-01,-1.6102231467667107
Djibouti,611,2014-08-01,-2.767933074184788
Djibouti,611,2014-09-01,2.5332649413283943
Djibouti,611,2014-10-01,1.4178929107389695
Djibouti,611,2014-11-01,0.6417054525407881
Djibouti,611,2014-12-01,-0.0013173305588593239
Djibouti,611,2015-01-01,-4.108515596815955
Djibouti,611,2015-02-01,-0.09970704048664471
Djibouti,611,2015-03-01,1.6181866319853362
Djibouti,611,2015-04-01,-0.14670055293742765
Djibouti,611,2015-05-01,0.36082894082826084
Djibouti,611,2015-06-01,0.33599332686159145
Djibouti,611,2015-07-01,1.1475901623418137
Djibouti,611,2015-08-01,-1.5738029503850854
Djibouti,611,2015-09-01,-0.16528207899113795
Djibouti,611,2015-10-01,-0.3542250289374988
Djibouti,611,2015-11-01,0.1571452587329161
Djibouti,611,2015-12-01,1.3352387753827621
Djibouti,611,2016-01-01,-0.5232693166863019
Djibouti,611,2016-02-01,0.19347246582863392
Djibouti,611,2016-03-01,0.3394162833782722
Djibouti,611,2016-04-01,1.118940196889304
Djibouti,611,2016-05-01,0.7892179211110848
Djibouti,611,2016-06-01,0.27912950169409656
Djibouti,611,2016-07-01,0.40218581121202795
Djibouti,611,2016-08-01,-0.17767146474495862
Djibouti,611,2016-09-01,0.13821735663256726
Djibouti,611,2016-10-01,0.12327718962616241
Djibouti,611,2016-11-01,-0.41023578480937584
Djibouti,611,2016-12-01,0.11941784427736428
Djibouti,611,2017-01-01,-0.15752891317552903
Djibouti,611,2017-02-01,-0.2769067380787133
Djibouti,611,2017-03-01,2.5197660186018425
Djibouti,611,2017-04-01,-1.6283519435269425
Djibouti,611,2017-05-01,-0.559512191381089
Djibouti,611,2017-06-01,0.30972272298842723
Djibouti,611,2017-07-01,-0.4377009888397055
Djibouti,611,2017-08-01,-0.19441420084473515
Djibouti,611,2017-09-01,-0.43616313853831934
Djibouti,611,2017-10-01,0.20630945140808066
Djibouti,611,2017-11-01,-0.4528604006842085
Djibouti,611,2017-12-01,0.3124807622284427
Djibouti,611,2018-01-01,0.36220780639472916
Djibouti,611,2018-02-01,-0.13510515636168174
Djibouti,611,2018-03-01,0.2258877347373132
Djibouti,611,2018-04-01,0.20121116701587966
Djibouti,611,2018-05-01,0.054893580104662984
Djibouti,611,2018-06-01,-0.33354440275104597
Djibouti,611,2018-07-01,0.48772566698352937
Djibouti,611,2018-08-01,0.23484348020396864
Djibouti,611,2018-09-01,-0.51931128852483055
Djibouti,611,2018-10-01,0.163907667047302
Djibouti,611,2018-11-01,0.7367148918662934
Djibouti,611,2018-12-01,0.48165773300402737
Guinea,656,2011-01-01,NA
Guinea,656,2011-02-01,1.5680457564665673
Guinea,656,2011-03-01,2.151967933406146
Guinea,656,2011-04-01,1.4695784581551627
Guinea,656,2011-05-01,1.6693704082080505
Guinea,656,2011-06-01,1.4540207350359757
Guinea,656,2011-07-01,0.5466354750907204
Guinea,656,2011-08-01,1.4254371844768094
Guinea,656,2011-09-01,1.4750572617065798
Guinea,656,2011-10-01,2.2028878344908183
Guinea,656,2011-11-01,1.5099739296638417
Guinea,656,2011-12-01,0.8272371551943674
Guinea,656,2012-01-01,0.8223873935127881
Guinea,656,2012-02-01,1.4458888959352616
Guinea,656,2012-03-01,1.0279994730612148
Guinea,656,2012-04-01,0.5812980074798609
Guinea,656,2012-05-01,1.118997883012219
Guinea,656,2012-06-01,1.084184895324231
Guinea,656,2012-07-01,0.3558752233884462
Guinea,656,2012-08-01,1.2186278484483863
Guinea,656,2012-09-01,1.3592212207503331
Guinea,656,2012-10-01,1.4159066146638286
Guinea,656,2012-11-01,1.2444993632180399
Guinea,656,2012-12-01,0.47163884441702547
Guinea,656,2013-01-01,1.0257278167369104
Guinea,656,2013-02-01,1.2672586656364824
Guinea,656,2013-03-01,1.1070038560830593
Guinea,656,2013-04-01,0.6296153494341931
Guinea,656,2013-05-01,0.4377633931054498
Guinea,656,2013-06-01,0.8195634117706108
Guinea,656,2013-07-01,0.5936312118885286
Guinea,656,2013-08-01,0.7551984647929203
Guinea,656,2013-09-01,1.0671275542662917
Guinea,656,2013-10-01,0.8907371600571691
Guinea,656,2013-11-01,0.7739580262439524
Guinea,656,2013-12-01,0.7028022108738963
Guinea,656,2014-01-01,0.7160123456779396
Guinea,656,2014-02-01,1.2386751057825687
Guinea,656,2014-03-01,0.9198600337392895
Guinea,656,2014-04-01,0.8060895208812101
Guinea,656,2014-05-01,0.15847297285988513
Guinea,656,2014-06-01,-0.1582222333829179
Guinea,656,2014-07-01,-0.7996436769965518
Guinea,656,2014-08-01,-0.9114757327564307
Guinea,656,2014-09-01,-1.2235196721888135
Guinea,656,2014-10-01,-0.7109220559889114
Guinea,656,2014-11-01,-0.6978973727088674
Guinea,656,2014-12-01,-0.7680139208607795
Guinea,656,2015-01-01,11.27723834815542
Guinea,656,2015-02-01,0.9156385095586546
Guinea,656,2015-03-01,0.8467456231306202
Guinea,656,2015-04-01,0.7538270605522815
Guinea,656,2015-05-01,0.16834409725349325
Guinea,656,2015-06-01,0.6133999545990946
Guinea,656,2015-07-01,0.5225929284769927
Guinea,656,2015-08-01,0.5884069010810961
Guinea,656,2015-09-01,0.887776423412469
Guinea,656,2015-10-01,0.5191181364536602
Guinea,656,2015-11-01,0.3709501726847666
Guinea,656,2015-12-01,0.28003043784522685
Guinea,656,2016-01-01,0.6657238723756497
Guinea,656,2016-02-01,1.0636443434590794
Guinea,656,2016-03-01,0.9762387070958193
Guinea,656,2016-04-01,0.9629616846034348
Guinea,656,2016-05-01,0.44022781382848764
Guinea,656,2016-06-01,0.687728030139656
Guinea,656,2016-07-01,0.6299444516051537
Guinea,656,2016-08-01,0.5784315671332201
Guinea,656,2016-09-01,0.97306759346462
Guinea,656,2016-10-01,0.6322443091163008
Guinea,656,2016-11-01,0.41867545961091024
Guinea,656,2016-12-01,0.33978632500730516
Guinea,656,2017-01-01,0.5480702583079452
Guinea,656,2017-02-01,0.8559413497957078
Guinea,656,2017-03-01,0.9895055469055053
Guinea,656,2017-04-01,1.1362784168619033
Guinea,656,2017-05-01,0.49648569307305795
Guinea,656,2017-06-01,0.771489452179538
Guinea,656,2017-07-01,0.9173024199312648
Guinea,656,2017-08-01,0.7820395683051746
Guinea,656,2017-09-01,1.0138893664175277
Guinea,656,2017-10-01,0.6409256276216155
Guinea,656,2017-11-01,0.5454062671419962
Guinea,656,2017-12-01,0.46224222905333456
Guinea,656,2018-01-01,0.6207211285079648
Guinea,656,2018-02-01,0.9295817214131006
Guinea,656,2018-03-01,0.9877436532092726
Guinea,656,2018-04-01,0.9951922134770903
Guinea,656,2018-05-01,0.7435351393664966
Guinea,656,2018-06-01,0.8105620351843765
Guinea,656,2018-07-01,1.2923865833868913
Guinea,656,2018-08-01,0.42781553228400987
Guinea,656,2018-09-01,1.0350384603043568
Guinea,656,2018-10-01,0.4985291926196921
Guinea,656,2018-11-01,0.6213886198270608
Guinea,656,2018-12-01,0.5537354175755799
Barbados,316,2011-01-01,NA
Barbados,316,2011-02-01,1.6789791806581609
Barbados,316,2011-03-01,0.5284015852048055
Barbados,316,2011-04-01,0.9198423127463365
Barbados,316,2011-05-01,1.2369791666666459
Barbados,316,2011-06-01,0.5144694533762545
Barbados,316,2011-07-01,0.831733845169484
Barbados,316,2011-08-01,0.7614213197970361
Barbados,316,2011-09-01,0.3148614609570706
Barbados,316,2011-10-01,0.7532956685499678
Barbados,316,2011-11-01,0.6230529595016117
Barbados,316,2011-12-01,0.06191950464384268
Barbados,316,2012-01-01,0.49504950495054206
Barbados,316,2012-02-01,-0.1847290640394287
Barbados,316,2012-03-01,0.8636644046885504
Barbados,316,2012-04-01,-0.550458715596389
Barbados,316,2012-05-01,0.5535055350554099
Barbados,316,2012-06-01,-0.24464831804284584
Barbados,316,2012-07-01,-0.6744328632741309
Barbados,316,2012-08-01,0.37037037037041026
Barbados,316,2012-09-01,1.1070110701106688
Barbados,316,2012-10-01,0.4257907542579596
Barbados,316,2012-11-01,0.24227740763175187
Barbados,316,2012-12-01,0
Barbados,316,2013-01-01,-0.7250755287009654
Barbados,316,2013-02-01,0.9129640900792031
Barbados,316,2013-03-01,-0.4825090470446774
Barbados,316,2013-04-01,0.3030303030303293
Barbados,316,2013-05-01,0.4229607250754502
Barbados,316,2013-06-01,-0.06016847172070159
Barbados,316,2013-07-01,0
Barbados,316,2013-08-01,0.6622516556290741
Barbados,316,2013-09-01,0.3588516746411868
Barbados,316,2013-10-01,0.1191895113230102
Barbados,316,2013-11-01,0.23809523809525135
Barbados,316,2013-12-01,-0.5355285831859087
Barbados,316,2014-01-01,-0.5580707202479827
Barbados,316,2014-02-01,0.45529997230815966
Barbados,316,2014-03-01,-0.172783477479103
Barbados,316,2014-04-01,0.5879639520112037
Barbados,316,2014-05-01,0.34337723646007884
Barbados,316,2014-06-01,0.3323960653126397
Barbados,316,2014-07-01,0.37821818082402153
Barbados,316,2014-08-01,0.9163847583533573
Barbados,316,2014-09-01,-0.5556136200586815
Barbados,316,2014-10-01,0.6301900064392225
Barbados,316,2014-11-01,0.3539751622307339
Barbados,316,2014-12-01,-0.3390211973219704
Barbados,316,2015-01-01,-1.6066019793733943
Barbados,316,2015-02-01,-1.460355884020962
Barbados,316,2015-03-01,-0.8021286570355048
Barbados,316,2015-04-01,0.7144078579991723
Barbados,316,2015-05-01,0.6004342766427979
Barbados,316,2015-06-01,0.8084925104668674
Barbados,316,2015-07-01,0.06728500418662814
Barbados,316,2015-08-01,0.1172544561695008
Barbados,316,2015-09-01,0.0774930842036278
Barbados,316,2015-10-01,-0.5914545819384693
Barbados,316,2015-11-01,-0.19164054080010406
Barbados,316,2015-12-01,-0.22692300740977156
Barbados,316,2016-01-01,-0.6624410026749993
Barbados,316,2016-02-01,-0.7224563515954829
Barbados,316,2016-03-01,0
Barbados,316,2016-04-01,0.5457853244390939
Barbados,316,2016-05-01,2.352231604342536
Barbados,316,2016-06-01,0.058927519151456074
Barbados,316,2016-07-01,1.8256772673734192
Barbados,316,2016-08-01,-0.2891844997108404
Barbados,316,2016-09-01,0.2900232018561736
Barbados,316,2016-10-01,-0.9832272990168539
Barbados,316,2016-11-01,1.1682242990655223
Barbados,316,2016-12-01,-0.3464203233256543
Barbados,316,2017-01-01,0.9269988412513931
Barbados,316,2017-02-01,-0.40183696900117943
Barbados,316,2017-03-01,-0.3458213256483283
Barbados,316,2017-04-01,-0.5205320994795056
Barbados,316,2017-05-01,0.8720930232557645
Barbados,316,2017-06-01,0.46109510086459704
Barbados,316,2017-07-01,1.262191623637407
Barbados,316,2017-08-01,1.6430594900850168
Barbados,316,2017-09-01,1.0033444816053214
Barbados,316,2017-10-01,1.490066225165587
Barbados,316,2017-11-01,0.5437737901032471
Barbados,316,2017-12-01,0.0540832882639378
Barbados,316,2018-01-01,-0.8648648648648305
Barbados,316,2018-02-01,0.6543075245365855
Barbados,316,2018-03-01,-0.5417118093174897
Barbados,316,2018-04-01,-1.0893246187363606
Barbados,316,2018-05-01,0.3854625550659908
Barbados,316,2018-06-01,0.8228195282502089
Barbados,316,2018-07-01,0.7072905331881957
Barbados,316,2018-08-01,-0.43219881145319333
Barbados,316,2018-09-01,-0.16277807921866594
Barbados,316,2018-10-01,0.16304347826087026
Barbados,316,2018-11-01,1.139446554530645
Barbados,316,2018-12-01,-0.10729613733906178
Argentina,213,2011-01-01,NA
Argentina,213,2011-02-01,NA
Argentina,213,2011-03-01,NA
Argentina,213,2011-04-01,NA
Argentina,213,2011-05-01,NA
Argentina,213,2011-06-01,NA
Argentina,213,2011-07-01,NA
Argentina,213,2011-08-01,NA
Argentina,213,2011-09-01,NA
Argentina,213,2011-10-01,NA
Argentina,213,2011-11-01,NA
Argentina,213,2011-12-01,NA
Argentina,213,2012-01-01,NA
Argentina,213,2012-02-01,NA
Argentina,213,2012-03-01,NA
Argentina,213,2012-04-01,NA
Argentina,213,2012-05-01,NA
Argentina,213,2012-06-01,NA
Argentina,213,2012-07-01,NA
Argentina,213,2012-08-01,NA
Argentina,213,2012-09-01,NA
Argentina,213,2012-10-01,NA
Argentina,213,2012-11-01,NA
Argentina,213,2012-12-01,NA
Argentina,213,2013-01-01,NA
Argentina,213,2013-02-01,NA
Argentina,213,2013-03-01,NA
Argentina,213,2013-04-01,NA
Argentina,213,2013-05-01,NA
Argentina,213,2013-06-01,NA
Argentina,213,2013-07-01,NA
Argentina,213,2013-08-01,NA
Argentina,213,2013-09-01,NA
Argentina,213,2013-10-01,NA
Argentina,213,2013-11-01,NA
Argentina,213,2013-12-01,NA
Argentina,213,2014-01-01,NA
Argentina,213,2014-02-01,NA
Argentina,213,2014-03-01,NA
Argentina,213,2014-04-01,NA
Argentina,213,2014-05-01,NA
Argentina,213,2014-06-01,NA
Argentina,213,2014-07-01,NA
Argentina,213,2014-08-01,NA
Argentina,213,2014-09-01,NA
Argentina,213,2014-10-01,NA
Argentina,213,2014-11-01,NA
Argentina,213,2014-12-01,NA
Argentina,213,2015-01-01,NA
Argentina,213,2015-02-01,NA
Argentina,213,2015-03-01,NA
Argentina,213,2015-04-01,NA
Argentina,213,2015-05-01,NA
Argentina,213,2015-06-01,NA
Argentina,213,2015-07-01,NA
Argentina,213,2015-08-01,NA
Argentina,213,2015-09-01,NA
Argentina,213,2015-10-01,NA
Argentina,213,2015-11-01,NA
Argentina,213,2015-12-01,NA
Argentina,213,2016-01-01,NA
Argentina,213,2016-02-01,NA
Argentina,213,2016-03-01,NA
Argentina,213,2016-04-01,NA
Argentina,213,2016-05-01,NA
Argentina,213,2016-06-01,NA
Argentina,213,2016-07-01,NA
Argentina,213,2016-08-01,NA
Argentina,213,2016-09-01,NA
Argentina,213,2016-10-01,NA
Argentina,213,2016-11-01,NA
Argentina,213,2016-12-01,NA
Argentina,213,2017-01-01,1.5858999999999952
Argentina,213,2017-02-01,2.06721602112105
Argentina,213,2017-03-01,2.3741897403600616
Argentina,213,2017-04-01,2.6558301836311005
Argentina,213,2017-05-01,1.4347502493881172
Argentina,213,2017-06-01,1.1920734713892405
Argentina,213,2017-07-01,1.7322662871029084
Argentina,213,2017-08-01,1.4032580687119225
Argentina,213,2017-09-01,1.8980446673178355
Argentina,213,2017-10-01,1.5147326869770776
Argentina,213,2017-11-01,1.3750829473627748
Argentina,213,2017-12-01,3.1419739821809287
Argentina,213,2018-01-01,1.7573536246470238
Argentina,213,2018-02-01,2.41903413453323
Argentina,213,2018-03-01,2.341062550841692
Argentina,213,2018-04-01,2.739032375846516
Argentina,213,2018-05-01,2.0753748413176605
Argentina,213,2018-06-01,3.736676091935399
Argentina,213,2018-07-01,3.10161299344708
Argentina,213,2018-08-01,3.8894388753662046
Argentina,213,2018-09-01,6.534286160071293
Argentina,213,2018-10-01,5.391607151610729
Argentina,213,2018-11-01,3.1533649961842656
Argentina,213,2018-12-01,2.569823445714399
Iraq,433,2011-01-01,NA
Iraq,433,2011-02-01,NA
Iraq,433,2011-03-01,NA
Iraq,433,2011-04-01,NA
Iraq,433,2011-05-01,NA
Iraq,433,2011-06-01,NA
Iraq,433,2011-07-01,NA
Iraq,433,2011-08-01,NA
Iraq,433,2011-09-01,NA
Iraq,433,2011-10-01,NA
Iraq,433,2011-11-01,NA
Iraq,433,2011-12-01,NA
Iraq,433,2012-01-01,NA
Iraq,433,2012-02-01,NA
Iraq,433,2012-03-01,NA
Iraq,433,2012-04-01,NA
Iraq,433,2012-05-01,NA
Iraq,433,2012-06-01,NA
Iraq,433,2012-07-01,NA
Iraq,433,2012-08-01,NA
Iraq,433,2012-09-01,NA
Iraq,433,2012-10-01,NA
Iraq,433,2012-11-01,NA
Iraq,433,2012-12-01,NA
Iraq,433,2013-01-01,NA
Iraq,433,2013-02-01,NA
Iraq,433,2013-03-01,NA
Iraq,433,2013-04-01,NA
Iraq,433,2013-05-01,NA
Iraq,433,2013-06-01,NA
Iraq,433,2013-07-01,NA
Iraq,433,2013-08-01,NA
Iraq,433,2013-09-01,NA
Iraq,433,2013-10-01,NA
Iraq,433,2013-11-01,NA
Iraq,433,2013-12-01,NA
Iraq,433,2014-01-01,NA
Iraq,433,2014-02-01,NA
Iraq,433,2014-03-01,NA
Iraq,433,2014-04-01,NA
Iraq,433,2014-05-01,NA
Iraq,433,2014-06-01,NA
Iraq,433,2014-07-01,NA
Iraq,433,2014-08-01,NA
Iraq,433,2014-09-01,NA
Iraq,433,2014-10-01,NA
Iraq,433,2014-11-01,NA
Iraq,433,2014-12-01,NA
Iraq,433,2015-01-01,NA
Iraq,433,2015-02-01,-0.1366120218578931
Iraq,433,2015-03-01,-0.2735978112174493
Iraq,433,2015-04-01,0.8230452674895141
Iraq,433,2015-05-01,-0.2721088435373409
Iraq,433,2015-06-01,0.4092769440653795
Iraq,433,2015-07-01,0.9510869565224943
Iraq,433,2015-08-01,0.7402422611029659
Iraq,433,2015-09-01,-0.6012024048089907
Iraq,433,2015-10-01,-0.13440860215050693
Iraq,433,2015-11-01,1.0094212651405892
Iraq,433,2015-12-01,0.33311125916096607
Iraq,433,2016-01-01,-0.5692599620493439
Iraq,433,2016-02-01,0.09541984732825241
Iraq,433,2016-03-01,-0.6673021925643497
Iraq,433,2016-04-01,-0.09596928982726347
Iraq,433,2016-05-01,-0.2881844380403431
Iraq,433,2016-06-01,-0.2890173410404597
Iraq,433,2016-07-01,0.09661835748791722
Iraq,433,2016-08-01,0.7722007722007832
Iraq,433,2016-09-01,0.19157088122604274
Iraq,433,2016-10-01,-0.28680688336519805
Iraq,433,2016-11-01,-0.6711409395973182
Iraq,433,2016-12-01,0.1930501930501958
Iraq,433,2017-01-01,0.09633911368016236
Iraq,433,2017-02-01,0.192492781520682
Iraq,433,2017-03-01,0.38424591738713326
Iraq,433,2017-04-01,0.5741626794258319
Iraq,433,2017-05-01,-1.141769743101797
Iraq,433,2017-06-01,-0.4812319538017324
Iraq,433,2017-07-01,0.6769825918761979
Iraq,433,2017-08-01,0.48030739673390976
Iraq,433,2017-09-01,0.3824091778202731
Iraq,433,2017-10-01,-0.5714285714285661
Iraq,433,2017-11-01,-0.09578544061303498
Iraq,433,2017-12-01,0.2876318312559896
Iraq,433,2018-01-01,-0.28680688336519805
Iraq,433,2018-02-01,-0.2876318312559896
Iraq,433,2018-03-01,-0.28846153846153577
Iraq,433,2018-04-01,0
Iraq,433,2018-05-01,0.867888138862094
Iraq,433,2018-06-01,0.5736137667304098
Iraq,433,2018-07-01,0.6653992395437289
Iraq,433,2018-08-01,-1.0387157695939646
Iraq,433,2018-09-01,0.28625954198473014
Iraq,433,2018-10-01,0.47573739295908657
Iraq,433,2018-11-01,-0.4734848484848485
Iraq,433,2018-12-01,-0.5708848715508985
"Curaçao, Kingdom of the Netherlands",354,2011-01-01,NA
"Curaçao, Kingdom of the Netherlands",354,2011-02-01,0.08650519031142606
"Curaçao, Kingdom of the Netherlands",354,2011-03-01,0.17286084701815285
"Curaçao, Kingdom of the Netherlands",354,2011-04-01,-0.34512510785160105
"Curaçao, Kingdom of the Netherlands",354,2011-05-01,0.17316017316017562
"Curaçao, Kingdom of the Netherlands",354,2011-06-01,0.2592912705272231
"Curaçao, Kingdom of the Netherlands",354,2011-07-01,1.4655172413793127
"Curaçao, Kingdom of the Netherlands",354,2011-08-01,0.25488530161427114
"Curaçao, Kingdom of the Netherlands",354,2011-09-01,0.2542372881355908
"Curaçao, Kingdom of the Netherlands",354,2011-10-01,0.1690617075232484
"Curaçao, Kingdom of the Netherlands",354,2011-11-01,-0.08438818565400363
"Curaçao, Kingdom of the Netherlands",354,2011-12-01,0.1689189189189093
"Curaçao, Kingdom of the Netherlands",354,2012-01-01,0.5902192242833076
"Curaçao, Kingdom of the Netherlands",354,2012-02-01,0.08382229673093758
"Curaçao, Kingdom of the Netherlands",354,2012-03-01,0.41876046901172526
"Curaçao, Kingdom of the Netherlands",354,2012-04-01,0.25020850708923864
"Curaçao, Kingdom of the Netherlands",354,2012-05-01,0.4159733777038269
"Curaçao, Kingdom of the Netherlands",354,2012-06-01,0.24855012427505976
"Curaçao, Kingdom of the Netherlands",354,2012-07-01,0
"Curaçao, Kingdom of the Netherlands",354,2012-08-01,-0.24793388429751828
"Curaçao, Kingdom of the Netherlands",354,2012-09-01,0.08285004142501601
"Curaçao, Kingdom of the Netherlands",354,2012-10-01,0.6622516556291367
"Curaçao, Kingdom of the Netherlands",354,2012-11-01,0.6578947368421146
"Curaçao, Kingdom of the Netherlands",354,2012-12-01,-0.6535947712418394
"Curaçao, Kingdom of the Netherlands",354,2013-01-01,-0.4934210526315743
"Curaçao, Kingdom of the Netherlands",354,2013-02-01,0.9090909090909044
"Curaçao, Kingdom of the Netherlands",354,2013-03-01,0.7371007371007419
"Curaçao, Kingdom of the Netherlands",354,2013-04-01,0.5691056910569129
"Curaçao, Kingdom of the Netherlands",354,2013-05-01,-0.4850444624090611
"Curaçao, Kingdom of the Netherlands",354,2013-06-01,-0.4874086108854544
"Curaçao, Kingdom of the Netherlands",354,2013-07-01,-0.8163265306122449
"Curaçao, Kingdom of the Netherlands",354,2013-08-01,0.16460905349794472
"Curaçao, Kingdom of the Netherlands",354,2013-09-01,0.08216926869350395
"Curaçao, Kingdom of the Netherlands",354,2013-10-01,0.41050903119868637
"Curaçao, Kingdom of the Netherlands",354,2013-11-01,0.32706459525756804
"Curaçao, Kingdom of the Netherlands",354,2013-12-01,-0.16299918500407728
"Curaçao, Kingdom of the Netherlands",354,2014-01-01,0.4897959183673423
"Curaçao, Kingdom of the Netherlands",354,2014-02-01,0.24370430544273874
"Curaçao, Kingdom of the Netherlands",354,2014-03-01,-0.7293354943273951
"Curaçao, Kingdom of the Netherlands",354,2014-04-01,0.08163265306121985
"Curaçao, Kingdom of the Netherlands",354,2014-05-01,1.0603588907014774
"Curaçao, Kingdom of the Netherlands",354,2014-06-01,0.8878127522195273
"Curaçao, Kingdom of the Netherlands",354,2014-07-01,0.07999999999999545
"Curaçao, Kingdom of the Netherlands",354,2014-08-01,0
"Curaçao, Kingdom of the Netherlands",354,2014-09-01,-0.31974420463628417
"Curaçao, Kingdom of the Netherlands",354,2014-10-01,-0.16038492381716346
"Curaçao, Kingdom of the Netherlands",354,2014-11-01,0.7228915662650648
"Curaçao, Kingdom of the Netherlands",354,2014-12-01,-0.6379585326953838
"Curaçao, Kingdom of the Netherlands",354,2015-01-01,-0.3210272873194153
"Curaçao, Kingdom of the Netherlands",354,2015-02-01,-0.9661835748792292
"Curaçao, Kingdom of the Netherlands",354,2015-03-01,-0.48780487804877587
"Curaçao, Kingdom of the Netherlands",354,2015-04-01,0
"Curaçao, Kingdom of the Netherlands",354,2015-05-01,0.6535947712418277
"Curaçao, Kingdom of the Netherlands",354,2015-06-01,0.4870129870129824
"Curaçao, Kingdom of the Netherlands",354,2015-07-01,1.1308562197092131
"Curaçao, Kingdom of the Netherlands",354,2015-08-01,-0.31948881789137834
"Curaçao, Kingdom of the Netherlands",354,2015-09-01,-0.4006410256410257
"Curaçao, Kingdom of the Netherlands",354,2015-10-01,-0.9654062751407908
"Curaçao, Kingdom of the Netherlands",354,2015-11-01,0.08123476848091676
"Curaçao, Kingdom of the Netherlands",354,2015-12-01,0
"Curaçao, Kingdom of the Netherlands",354,2016-01-01,0.4870129870129824
"Curaçao, Kingdom of the Netherlands",354,2016-02-01,-0.7269789983844843
"Curaçao, Kingdom of the Netherlands",354,2016-03-01,-0.08136696501221198
"Curaçao, Kingdom of the Netherlands",354,2016-04-01,0
"Curaçao, Kingdom of the Netherlands",354,2016-05-01,-0.0814332247556957
"Curaçao, Kingdom of the Netherlands",354,2016-06-01,0.40749796251018744
"Curaçao, Kingdom of the Netherlands",354,2016-07-01,0.5681818181818205
"Curaçao, Kingdom of the Netherlands",354,2016-08-01,0.40355125100887806
"Curaçao, Kingdom of the Netherlands",354,2016-09-01,-0.40192926045016075
"Curaçao, Kingdom of the Netherlands",354,2016-10-01,-0.24213075060533604
"Curaçao, Kingdom of the Netherlands",354,2016-11-01,0.24271844660195097
"Curaçao, Kingdom of the Netherlands",354,2016-12-01,0.2421307506053246
"Curaçao, Kingdom of the Netherlands",354,2017-01-01,0.4830917874396089
"Curaçao, Kingdom of the Netherlands",354,2017-02-01,0.6410256410256387
"Curaçao, Kingdom of the Netherlands",354,2017-03-01,-0.2388535031847111
"Curaçao, Kingdom of the Netherlands",354,2017-04-01,0.07980845969673465
"Curaçao, Kingdom of the Netherlands",354,2017-05-01,-0.3189792663476919
"Curaçao, Kingdom of the Netherlands",354,2017-06-01,0.07999999999999545
"Curaçao, Kingdom of the Netherlands",354,2017-07-01,0.15987210231814775
"Curaçao, Kingdom of the Netherlands",354,2017-08-01,0.07980845969673465
"Curaçao, Kingdom of the Netherlands",354,2017-09-01,0.15948963317383463
"Curaçao, Kingdom of the Netherlands",354,2017-10-01,0.07961783439491125
"Curaçao, Kingdom of the Netherlands",354,2017-11-01,0.3182179793158246
"Curaçao, Kingdom of the Netherlands",354,2017-12-01,0.1586042823156248
"Curaçao, Kingdom of the Netherlands",354,2018-01-01,0.6334125098970683
"Curaçao, Kingdom of the Netherlands",354,2018-02-01,0.07867820613690679
"Curaçao, Kingdom of the Netherlands",354,2018-03-01,0.39308176100628933
"Curaçao, Kingdom of the Netherlands",354,2018-04-01,0.15661707126076962
"Curaçao, Kingdom of the Netherlands",354,2018-05-01,-0.07818608287725452
"Curaçao, Kingdom of the Netherlands",354,2018-06-01,0.5477308294209725
"Curaçao, Kingdom of the Netherlands",354,2018-07-01,0.38910505836575876
"Curaçao, Kingdom of the Netherlands",354,2018-08-01,0.23255813953489252
"Curaçao, Kingdom of the Netherlands",354,2018-09-01,0.30935808197987413
"Curaçao, Kingdom of the Netherlands",354,2018-10-01,-0.15420200462605138
"Curaçao, Kingdom of the Netherlands",354,2018-11-01,0.3861003861003861
"Curaçao, Kingdom of the Netherlands",354,2018-12-01,0.6153846153846242
"Sint Maarten, Kingdom of the Netherlands",352,2011-01-01,NA
"Sint Maarten, Kingdom of the Netherlands",352,2011-02-01,0.6940780588757913
"Sint Maarten, Kingdom of the Netherlands",352,2011-03-01,1.0349283353108913
"Sint Maarten, Kingdom of the Netherlands",352,2011-04-01,1.0059034074044149
"Sint Maarten, Kingdom of the Netherlands",352,2011-05-01,0.7149871492061549
"Sint Maarten, Kingdom of the Netherlands",352,2011-06-01,0.7005685159234406
"Sint Maarten, Kingdom of the Netherlands",352,2011-07-01,0.019552515757034802
"Sint Maarten, Kingdom of the Netherlands",352,2011-08-01,0.013500949538391345
"Sint Maarten, Kingdom of the Netherlands",352,2011-09-01,0.19939104884383468
"Sint Maarten, Kingdom of the Netherlands",352,2011-10-01,0.12825000851047827
"Sint Maarten, Kingdom of the Netherlands",352,2011-11-01,-0.08488964346349263
"Sint Maarten, Kingdom of the Netherlands",352,2011-12-01,-0.15565845369583903
"Sint Maarten, Kingdom of the Netherlands",352,2012-01-01,1.2621260332246989
"Sint Maarten, Kingdom of the Netherlands",352,2012-02-01,1.2605042016806722
"Sint Maarten, Kingdom of the Netherlands",352,2012-03-01,0.4149377593360996
"Sint Maarten, Kingdom of the Netherlands",352,2012-04-01,0.4132231404958678
"Sint Maarten, Kingdom of the Netherlands",352,2012-05-01,-0.24691358024691124
"Sint Maarten, Kingdom of the Netherlands",352,2012-06-01,-0.3300330033003347
"Sint Maarten, Kingdom of the Netherlands",352,2012-07-01,-0.16556291390728714
"Sint Maarten, Kingdom of the Netherlands",352,2012-08-01,-0.16583747927030568
"Sint Maarten, Kingdom of the Netherlands",352,2012-09-01,0.6644518272425225
"Sint Maarten, Kingdom of the Netherlands",352,2012-10-01,0.5775577557755799
"Sint Maarten, Kingdom of the Netherlands",352,2012-11-01,0
"Sint Maarten, Kingdom of the Netherlands",352,2012-12-01,-0.08203445447088475
"Sint Maarten, Kingdom of the Netherlands",352,2013-01-01,0.5952709359605969
"Sint Maarten, Kingdom of the Netherlands",352,2013-02-01,0.5614199350597989
"Sint Maarten, Kingdom of the Netherlands",352,2013-03-01,0.25333382245952735
"Sint Maarten, Kingdom of the Netherlands",352,2013-04-01,0.2121998564501892
"Sint Maarten, Kingdom of the Netherlands",352,2013-05-01,-0.015542804998070543
"Sint Maarten, Kingdom of the Netherlands",352,2013-06-01,-0.06073462966257657
"Sint Maarten, Kingdom of the Netherlands",352,2013-07-01,0.32922700332444527
"Sint Maarten, Kingdom of the Netherlands",352,2013-08-01,0.24174053182917918
"Sint Maarten, Kingdom of the Netherlands",352,2013-09-01,0.16077170418005515
"Sint Maarten, Kingdom of the Netherlands",352,2013-10-01,0.16051364365971338
"Sint Maarten, Kingdom of the Netherlands",352,2013-11-01,0.16025641025641252
"Sint Maarten, Kingdom of the Netherlands",352,2013-12-01,0.07999999999999545
"Sint Maarten, Kingdom of the Netherlands",352,2014-01-01,0.2398081534772273
"Sint Maarten, Kingdom of the Netherlands",352,2014-02-01,0.2678588516746361
"Sint Maarten, Kingdom of the Netherlands",352,2014-03-01,0.1648495045905512
"Sint Maarten, Kingdom of the Netherlands",352,2014-04-01,0.13754140061744097
"Sint Maarten, Kingdom of the Netherlands",352,2014-05-01,0.14558456214661314
"Sint Maarten, Kingdom of the Netherlands",352,2014-06-01,0.07917656373714056
"Sint Maarten, Kingdom of the Netherlands",352,2014-07-01,0.1582278481012568
"Sint Maarten, Kingdom of the Netherlands",352,2014-08-01,0.15797788309636876
"Sint Maarten, Kingdom of the Netherlands",352,2014-09-01,0.07886435331230957
"Sint Maarten, Kingdom of the Netherlands",352,2014-10-01,0.07880220646177645
"Sint Maarten, Kingdom of the Netherlands",352,2014-11-01,-0.15748031496063214
"Sint Maarten, Kingdom of the Netherlands",352,2014-12-01,-0.15772870662460792
"Sint Maarten, Kingdom of the Netherlands",352,2015-01-01,0.4026698262243336
"Sint Maarten, Kingdom of the Netherlands",352,2015-02-01,0.39944998724724273
"Sint Maarten, Kingdom of the Netherlands",352,2015-03-01,-0.49777177929801497
"Sint Maarten, Kingdom of the Netherlands",352,2015-04-01,-0.5443405345798
"Sint Maarten, Kingdom of the Netherlands",352,2015-05-01,0.165443222980311
"Sint Maarten, Kingdom of the Netherlands",352,2015-06-01,0.15810276679842122
"Sint Maarten, Kingdom of the Netherlands",352,2015-07-01,0.07892659826361034
"Sint Maarten, Kingdom of the Netherlands",352,2015-08-01,0.07886435331230957
"Sint Maarten, Kingdom of the Netherlands",352,2015-09-01,0
"Sint Maarten, Kingdom of the Netherlands",352,2015-10-01,-0.07880220646178765
"Sint Maarten, Kingdom of the Netherlands",352,2015-11-01,-0.15772870662460792
"Sint Maarten, Kingdom of the Netherlands",352,2015-12-01,-0.15797788309635752
"Sint Maarten, Kingdom of the Netherlands",352,2016-01-01,-0.07911392405063965
"Sint Maarten, Kingdom of the Netherlands",352,2016-02-01,-0.15835312747426986
"Sint Maarten, Kingdom of the Netherlands",352,2016-03-01,-0.15860428231561352
"Sint Maarten, Kingdom of the Netherlands",352,2016-04-01,-0.1588562351072302
"Sint Maarten, Kingdom of the Netherlands",352,2016-05-01,0.3977724741447892
"Sint Maarten, Kingdom of the Netherlands",352,2016-06-01,0.39619651347068147
"Sint Maarten, Kingdom of the Netherlands",352,2016-07-01,0.31570639305445264
"Sint Maarten, Kingdom of the Netherlands",352,2016-08-01,0.3147128245476048
"Sint Maarten, Kingdom of the Netherlands",352,2016-09-01,0.15686274509804143
"Sint Maarten, Kingdom of the Netherlands",352,2016-10-01,0.15661707126076962
"Sint Maarten, Kingdom of the Netherlands",352,2016-11-01,0.0781860828772434
"Sint Maarten, Kingdom of the Netherlands",352,2016-12-01,0.15624999999999112
"Sint Maarten, Kingdom of the Netherlands",352,2017-01-01,0
"Sint Maarten, Kingdom of the Netherlands",352,2017-02-01,-0.07800312012480055
"Sint Maarten, Kingdom of the Netherlands",352,2017-03-01,0.2341920374707349
"Sint Maarten, Kingdom of the Netherlands",352,2017-04-01,0.23364485981307082
"Sint Maarten, Kingdom of the Netherlands",352,2017-05-01,0.23310023310024194
"Sint Maarten, Kingdom of the Netherlands",352,2017-06-01,0.23255813953489252
"Sint Maarten, Kingdom of the Netherlands",352,2017-07-01,0.27562877030160965
"Sint Maarten, Kingdom of the Netherlands",352,2017-08-01,0.26151430348346655
"Sint Maarten, Kingdom of the Netherlands",352,2017-09-01,0.4635831199579197
"Sint Maarten, Kingdom of the Netherlands",352,2017-10-01,0.44521706078484696
"Sint Maarten, Kingdom of the Netherlands",352,2017-11-01,0.3066293722328881
"Sint Maarten, Kingdom of the Netherlands",352,2017-12-01,0.30236634214731567
"Sint Maarten, Kingdom of the Netherlands",352,2018-01-01,NA
"Sint Maarten, Kingdom of the Netherlands",352,2018-02-01,NA
"Sint Maarten, Kingdom of the Netherlands",352,2018-03-01,NA
"Sint Maarten, Kingdom of the Netherlands",352,2018-04-01,NA
"Sint Maarten, Kingdom of the Netherlands",352,2018-05-01,NA
"Sint Maarten, Kingdom of the Netherlands",352,2018-06-01,NA
"Sint Maarten, Kingdom of the Netherlands",352,2018-07-01,NA
"Sint Maarten, Kingdom of the Netherlands",352,2018-08-01,NA
"Sint Maarten, Kingdom of the Netherlands",352,2018-09-01,NA
"Sint Maarten, Kingdom of the Netherlands",352,2018-10-01,NA
"Sint Maarten, Kingdom of the Netherlands",352,2018-11-01,NA
"Sint Maarten, Kingdom of the Netherlands",352,2018-12-01,NA
Peru,293,2011-01-01,NA
Peru,293,2011-02-01,0.3801910703839727
Peru,293,2011-03-01,0.7089443527241405
Peru,293,2011-04-01,0.6750241080039178
Peru,293,2011-05-01,-0.01915708812258216
Peru,293,2011-06-01,0.09580379383019888
Peru,293,2011-07-01,0.7944104134762714
Peru,293,2011-08-01,0.2658816826511339
Peru,293,2011-09-01,0.3314707832181376
Peru,293,2011-10-01,0.3209363790825406
Peru,293,2011-11-01,0.43281896876176273
Peru,293,2011-12-01,0.27168821435267176
Peru,293,2012-01-01,-0.10277492291891524
Peru,293,2012-02-01,0.34010203060920713
Peru,293,2012-03-01,0.7177748978167842
Peru,293,2012-04-01,0.49490250420672005
Peru,293,2012-05-01,0.02954791687181276
Peru,293,2012-06-01,-0.059078377313921876
Peru,293,2012-07-01,0.14778325123153596
Peru,293,2012-08-01,0.5115592720117902
Peru,293,2012-09-01,0.47959283547032727
Peru,293,2012-10-01,-0.10714981492308726
Peru,293,2012-11-01,-0.06825938566545013
Peru,293,2012-12-01,0.16588602654170995
Peru,293,2013-01-01,0.12664393570380664
Peru,293,2013-02-01,-0.038918077446961415
Peru,293,2013-03-01,0.7883978976056125
Peru,293,2013-04-01,0.2607436021246604
Peru,293,2013-05-01,0.15411288769014536
Peru,293,2013-06-01,0.24043085208697287
Peru,293,2013-07-01,0.5276791710639319
Peru,293,2013-08-01,0.5439969459821755
Peru,293,2013-09-01,0.21831988609395606
Peru,293,2013-10-01,0.05682894487595982
Peru,293,2013-11-01,-0.06626277925035381
Peru,293,2013-12-01,0.22733731173628768
Peru,293,2014-01-01,0.2457234665909974
Peru,293,2014-02-01,0.5279532384275365
Peru,293,2014-03-01,0.5439369783363246
Peru,293,2014-04-01,0.4477194291576173
Peru,293,2014-05-01,0.2228619184696806
Peru,293,2014-06-01,0.1389789678495405
Peru,293,2014-07-01,0.397853441894906
Peru,293,2014-08-01,-0.05529444290839835
Peru,293,2014-09-01,0.18441678192705932
Peru,293,2014-10-01,0.4509894155545637
Peru,293,2014-11-01,-0.08246289169872635
Peru,293,2014-12-01,0.13755158184321717
Peru,293,2015-01-01,0.20146520146515326
Peru,293,2015-02-01,0.2924511058308251
Peru,293,2015-03-01,0.6834335702569411
Peru,293,2015-04-01,0.3620237125530888
Peru,293,2015-05-01,0.4238434484625461
Peru,293,2015-06-01,0.24245689655167948
Peru,293,2015-07-01,0.4299919376511671
Peru,293,2015-08-01,0.41031130140037964
Peru,293,2015-09-01,0.08883361463978504
Peru,293,2015-10-01,0.1331321558534023
Peru,293,2015-11-01,0.39000177273534026
Peru,293,2015-12-01,0.3973159102949546
Peru,293,2016-01-01,0.4133321607598113
Peru,293,2016-02-01,0.1664039236293535
Peru,293,2016-03-01,0.603305062516332
Peru,293,2016-04-01,0.017382235355511463
Peru,293,2016-05-01,0.11296489398675484
Peru,293,2016-06-01,0.15623643780920046
Peru,293,2016-07-01,0.18199150706304484
Peru,293,2016-08-01,0.2941176470588444
Peru,293,2016-09-01,0.2328790753837764
Peru,293,2016-10-01,0.4388606832458044
Peru,293,2016-11-01,0.3169979437972167
Peru,293,2016-12-01,0.3586984370996321
Peru,293,2017-01-01,0.23827759339629462
Peru,293,2017-02-01,0.3480770863400487
Peru,293,2017-03-01,1.2690355329949676
Peru,293,2017-04-01,0.025062656641563503
Peru,293,2017-05-01,-0.5762966675018042
Peru,293,2017-06-01,-0.14280913978501325
Peru,293,2017-07-01,0.20190123664507362
Peru,293,2017-08-01,0.6212744521871109
Peru,293,2017-09-01,0.05006257822281051
Peru,293,2017-10-01,-0.4670169293637784
Peru,293,2017-11-01,-0.19271051529112995
Peru,293,2017-12-01,0.12592343854936955
Peru,293,2018-01-01,0.18445543724318555
Peru,293,2018-02-01,0.292911540714738
Peru,293,2018-03-01,0.4923230974633333
Peru,293,2018-04-01,-0.1245536826372401
Peru,293,2018-05-01,0.041569670768226076
Peru,293,2018-06-01,0.349040139616022
Peru,293,2018-07-01,0.3975155279503248
Peru,293,2018-08-01,0.1649756660892617
Peru,293,2018-09-01,0.1976447335913845
Peru,293,2018-10-01,0.12328429358100512
Peru,293,2018-11-01,0.15596782137579693
Peru,293,2018-12-01,0.18850913859518298
"Yemen, Rep. of",474,2011-01-01,NA
"Yemen, Rep. of",474,2011-02-01,1.4311834375363321
"Yemen, Rep. of",474,2011-03-01,2.0406399992354736
"Yemen, Rep. of",474,2011-04-01,0.8184614836880849
"Yemen, Rep. of",474,2011-05-01,1.3517495279791913
"Yemen, Rep. of",474,2011-06-01,4.044515102990355
"Yemen, Rep. of",474,2011-07-01,2.376632953831532
"Yemen, Rep. of",474,2011-08-01,1.4189173826309107
"Yemen, Rep. of",474,2011-09-01,3.9908854627670345
"Yemen, Rep. of",474,2011-10-01,1.0438780937798116
"Yemen, Rep. of",474,2011-11-01,1.6059807037898801
"Yemen, Rep. of",474,2011-12-01,0.754491052990218
"Yemen, Rep. of",474,2012-01-01,-0.5166761940609275
"Yemen, Rep. of",474,2012-02-01,-2.6649364368606157
"Yemen, Rep. of",474,2012-03-01,-1.034639031506987
"Yemen, Rep. of",474,2012-04-01,-0.23829725969018775
"Yemen, Rep. of",474,2012-05-01,0.13334231232163554
"Yemen, Rep. of",474,2012-06-01,0.5543686277091839
"Yemen, Rep. of",474,2012-07-01,1.8176566334072406
"Yemen, Rep. of",474,2012-08-01,2.146905526504389
"Yemen, Rep. of",474,2012-09-01,2.320279568676724
"Yemen, Rep. of",474,2012-10-01,1.0420984967288394
"Yemen, Rep. of",474,2012-11-01,1.1334686975464525
"Yemen, Rep. of",474,2012-12-01,1.0777395492040682
"Yemen, Rep. of",474,2013-01-01,0.7227074697153694
"Yemen, Rep. of",474,2013-02-01,1.1266558625976304
"Yemen, Rep. of",474,2013-03-01,0.5245929605882795
"Yemen, Rep. of",474,2013-04-01,0.5804410429693879
"Yemen, Rep. of",474,2013-05-01,0.33374942236383554
"Yemen, Rep. of",474,2013-06-01,0.8381900787800118
"Yemen, Rep. of",474,2013-07-01,0.31888510336866077
"Yemen, Rep. of",474,2013-08-01,0.7097275017827054
"Yemen, Rep. of",474,2013-09-01,0.6427339542980565
"Yemen, Rep. of",474,2013-10-01,0.25404308509253115
"Yemen, Rep. of",474,2013-11-01,0.7142615151621855
"Yemen, Rep. of",474,2013-12-01,1.0898056514522754
"Yemen, Rep. of",474,2014-01-01,0.06666065423988278
"Yemen, Rep. of",474,2014-02-01,0.4361569988884052
"Yemen, Rep. of",474,2014-03-01,1.3310630940466956
"Yemen, Rep. of",474,2014-04-01,0.43829883535387454
"Yemen, Rep. of",474,2014-05-01,-1.140212843276875
"Yemen, Rep. of",474,2014-06-01,1.346952116049379
"Yemen, Rep. of",474,2014-07-01,2.7150155274654537
"Yemen, Rep. of",474,2014-08-01,1.695500982742616
"Yemen, Rep. of",474,2014-09-01,-0.7125562823889288
"Yemen, Rep. of",474,2014-10-01,0.25348406900755616
"Yemen, Rep. of",474,2014-11-01,1.6482813066763413
"Yemen, Rep. of",474,2014-12-01,1.9012584095131242
"Yemen, Rep. of",474,2015-01-01,NA
"Yemen, Rep. of",474,2015-02-01,NA
"Yemen, Rep. of",474,2015-03-01,NA
"Yemen, Rep. of",474,2015-04-01,NA
"Yemen, Rep. of",474,2015-05-01,NA
"Yemen, Rep. of",474,2015-06-01,NA
"Yemen, Rep. of",474,2015-07-01,NA
"Yemen, Rep. of",474,2015-08-01,NA
"Yemen, Rep. of",474,2015-09-01,NA
"Yemen, Rep. of",474,2015-10-01,NA
"Yemen, Rep. of",474,2015-11-01,NA
"Yemen, Rep. of",474,2015-12-01,NA
"Yemen, Rep. of",474,2016-01-01,NA
"Yemen, Rep. of",474,2016-02-01,NA
"Yemen, Rep. of",474,2016-03-01,NA
"Yemen, Rep. of",474,2016-04-01,NA
"Yemen, Rep. of",474,2016-05-01,NA
"Yemen, Rep. of",474,2016-06-01,NA
"Yemen, Rep. of",474,2016-07-01,NA
"Yemen, Rep. of",474,2016-08-01,NA
"Yemen, Rep. of",474,2016-09-01,NA
"Yemen, Rep. of",474,2016-10-01,NA
"Yemen, Rep. of",474,2016-11-01,NA
"Yemen, Rep. of",474,2016-12-01,NA
"Yemen, Rep. of",474,2017-01-01,NA
"Yemen, Rep. of",474,2017-02-01,NA
"Yemen, Rep. of",474,2017-03-01,NA
"Yemen, Rep. of",474,2017-04-01,NA
"Yemen, Rep. of",474,2017-05-01,NA
"Yemen, Rep. of",474,2017-06-01,NA
"Yemen, Rep. of",474,2017-07-01,NA
"Yemen, Rep. of",474,2017-08-01,NA
"Yemen, Rep. of",474,2017-09-01,NA
"Yemen, Rep. of",474,2017-10-01,NA
"Yemen, Rep. of",474,2017-11-01,NA
"Yemen, Rep. of",474,2017-12-01,NA
"Yemen, Rep. of",474,2018-01-01,NA
"Yemen, Rep. of",474,2018-02-01,NA
"Yemen, Rep. of",474,2018-03-01,NA
"Yemen, Rep. of",474,2018-04-01,NA
"Yemen, Rep. of",474,2018-05-01,NA
"Yemen, Rep. of",474,2018-06-01,NA
"Yemen, Rep. of",474,2018-07-01,NA
"Yemen, Rep. of",474,2018-08-01,NA
"Yemen, Rep. of",474,2018-09-01,NA
"Yemen, Rep. of",474,2018-10-01,NA
"Yemen, Rep. of",474,2018-11-01,NA
"Yemen, Rep. of",474,2018-12-01,NA
Suriname,366,2011-01-01,NA
Suriname,366,2011-02-01,4.52604611443209
Suriname,366,2011-02-01,NA
Suriname,366,2011-03-01,2.3692810457516313
Suriname,366,2011-03-01,NA
Suriname,366,2011-04-01,1.835594573024739
Suriname,366,2011-04-01,NA
Suriname,366,2011-05-01,0.3134796238244511
Suriname,366,2011-05-01,NA
Suriname,366,2011-06-01,0.390624999999987
Suriname,366,2011-06-01,NA
Suriname,366,2011-07-01,0.7003891050583652
Suriname,366,2011-07-01,NA
Suriname,366,2011-08-01,0.23183925811437384
Suriname,366,2011-08-01,NA
Suriname,366,2011-09-01,0.23130300693909
Suriname,366,2011-09-01,NA
Suriname,366,2011-10-01,0.538461538461538
Suriname,366,2011-10-01,NA
Suriname,366,2011-11-01,0.07651109410864569
Suriname,366,2011-11-01,NA
Suriname,366,2011-12-01,-0.3058103975535166
Suriname,366,2011-12-01,NA
Suriname,366,2012-01-01,0.38343558282208556
Suriname,366,2012-01-01,NA
Suriname,366,2012-02-01,1.5278838808250559
Suriname,366,2012-02-01,NA
Suriname,366,2012-03-01,0.45146726862302444
Suriname,366,2012-03-01,NA
Suriname,366,2012-04-01,-0.4494382022471906
Suriname,366,2012-04-01,NA
Suriname,366,2012-05-01,-0.15048908954100815
Suriname,366,2012-05-01,NA
Suriname,366,2012-06-01,0.2260738507912583
Suriname,366,2012-06-01,NA
Suriname,366,2012-07-01,0.15037593984962394
Suriname,366,2012-07-01,NA
Suriname,366,2012-08-01,0.9759759759759752
Suriname,366,2012-08-01,NA
Suriname,366,2012-09-01,0.22304832713753428
Suriname,366,2012-09-01,NA
Suriname,366,2012-10-01,0.5934718100890204
Suriname,366,2012-10-01,NA
Suriname,366,2012-11-01,0.5899705014749258
Suriname,366,2012-11-01,NA
Suriname,366,2012-12-01,-0.2199413489736069
Suriname,366,2012-12-01,NA
Suriname,366,2013-01-01,-0.88170462894930135
Suriname,366,2013-01-01,NA
Suriname,366,2013-02-01,0.22238695329873967
Suriname,366,2013-02-01,NA
Suriname,366,2013-03-01,0.14792899408284013
Suriname,366,2013-03-01,NA
Suriname,366,2013-04-01,-0.4431314623338254
Suriname,366,2013-04-01,NA
Suriname,366,2013-05-01,0.9643916913946581
Suriname,366,2013-05-01,NA
Suriname,366,2013-06-01,1.2490815576781769
Suriname,366,2013-06-01,NA
Suriname,366,2013-07-01,-0.4354136429608125
Suriname,366,2013-07-01,NA
Suriname,366,2013-08-01,0.5102040816326526
Suriname,366,2013-08-01,NA
Suriname,366,2013-09-01,-0.5801305293691076
Suriname,366,2013-09-01,NA
Suriname,366,2013-10-01,0.07293946024799411
Suriname,366,2013-10-01,NA
Suriname,366,2013-11-01,-0.2186588921282797
Suriname,366,2013-11-01,NA
Suriname,366,2013-12-01,0
Suriname,366,2013-12-01,NA
Suriname,366,2014-01-01,1.314828341855368
Suriname,366,2014-01-01,NA
Suriname,366,2014-02-01,0.36049026676279716
Suriname,366,2014-02-01,NA
Suriname,366,2014-03-01,0.21551724137931022
Suriname,366,2014-03-01,NA
Suriname,366,2014-04-01,0.07168458781362001
Suriname,366,2014-04-01,NA
Suriname,366,2014-05-01,0.21489971346704853
Suriname,366,2014-05-01,NA
Suriname,366,2014-06-01,0.571837026447462
Suriname,366,2014-06-01,NA
Suriname,366,2014-07-01,1.2793176972281326
Suriname,366,2014-07-01,NA
Suriname,366,2014-08-01,0
Suriname,366,2014-08-01,NA
Suriname,366,2014-09-01,-0.0701754385964912
Suriname,366,2014-09-01,NA
Suriname,366,2014-10-01,0.4213483146067413
Suriname,366,2014-10-01,NA
Suriname,366,2014-11-01,-0.2797202797202796
Suriname,366,2014-11-01,NA
Suriname,366,2014-12-01,-0.2805049088359045
Suriname,366,2014-12-01,NA
Suriname,366,2015-01-01,-0.210970464135021
Suriname,366,2015-01-01,NA
Suriname,366,2015-02-01,0.35236081747709636
Suriname,366,2015-02-01,NA
Suriname,366,2015-03-01,0.632022471910112
Suriname,366,2015-03-01,NA
Suriname,366,2015-04-01,0.06978367062107463
Suriname,366,2015-04-01,NA
Suriname,366,2015-05-01,1.2552301255230118
Suriname,366,2015-05-01,NA
Suriname,366,2015-06-01,1.9283746556473709
Suriname,366,2015-06-01,NA
Suriname,366,2015-07-01,0.6756756756756753
Suriname,366,2015-07-01,NA
Suriname,366,2015-08-01,-0.20134228187918374
Suriname,366,2015-08-01,NA
Suriname,366,2015-09-01,-0.06724949562879359
Suriname,366,2015-09-01,NA
Suriname,366,2015-10-01,0.20188425302827456
Suriname,366,2015-10-01,NA
Suriname,366,2015-11-01,15.580926796507825
Suriname,366,2015-11-01,NA
Suriname,366,2015-12-01,3.4282393957001602
Suriname,366,2015-12-01,NA
Suriname,366,2016-01-01,3.2584269662921126
Suriname,366,2016-01-01,NA
Suriname,366,2016-02-01,2.9379760609357968
Suriname,366,2016-02-01,NA
Suriname,366,2016-03-01,3.488372093023235
Suriname,366,2016-03-01,NA
Suriname,366,2016-04-01,9.30161062054812
Suriname,366,2016-04-01,NA
Suriname,366,2016-05-01,6.892895015906681
Suriname,366,2016-05-01,NA
Suriname,366,2016-06-01,3.968253968253968
Suriname,366,2016-06-01,NA
Suriname,366,2016-07-01,1.7175572519083944
Suriname,366,2016-07-01,NA
Suriname,366,2016-08-01,3.283302063789869
Suriname,366,2016-08-01,NA
Suriname,366,2016-09-01,5.177111716621257
Suriname,366,2016-09-01,NA
Suriname,366,2016-10-01,1.4680483592400717
Suriname,366,2016-10-01,NA
Suriname,366,2016-11-01,1.4468085106383004
Suriname,366,2016-11-01,NA
Suriname,366,2016-12-01,0.16778523489933125
Suriname,366,2016-12-01,NA
Suriname,366,2017-01-01,0.7537688442210984
Suriname,366,2017-01-01,NA
Suriname,366,2017-02-01,0.581878636741482
Suriname,366,2017-02-01,NA
Suriname,366,2017-03-01,0.991735537190085
Suriname,366,2017-03-01,NA
Suriname,366,2017-04-01,0.98199672667758
Suriname,366,2017-04-01,NA
Suriname,366,2017-05-01,0.4862236628849224
Suriname,366,2017-05-01,NA
Suriname,366,2017-06-01,1.2096774193548387
Suriname,366,2017-06-01,NA
Suriname,366,2017-07-01,1.354581673306775
Suriname,366,2017-07-01,NA
Suriname,366,2017-08-01,0.5503144654088072
Suriname,366,2017-08-01,NA
Suriname,366,2017-09-01,1.0946051602814744
Suriname,366,2017-09-01,NA
Suriname,366,2017-10-01,0.6960556844547388
Suriname,366,2017-10-01,NA
Suriname,366,2017-11-01,0
Suriname,366,2017-11-01,NA
Suriname,366,2017-12-01,0.23041474654378757
Suriname,366,2017-12-01,NA
Suriname,366,2018-01-01,0.6130268199233804
Suriname,366,2018-01-01,NA
Suriname,366,2018-02-01,0.9900990099009771
Suriname,366,2018-02-01,NA
Suriname,366,2018-03-01,0.15082956259428135
Suriname,366,2018-03-01,NA
Suriname,366,2018-04-01,0.22590361445781848
Suriname,366,2018-04-01,NA
Suriname,366,2018-05-01,NA
Suriname,366,2018-05-01,NA
Suriname,366,2018-06-01,NA
Suriname,366,2018-06-01,NA
Suriname,366,2018-07-01,NA
Suriname,366,2018-07-01,NA
Suriname,366,2018-08-01,0.7418397626112759
Suriname,366,2018-08-01,NA
Suriname,366,2018-09-01,0.4418262150220871
Suriname,366,2018-09-01,NA
Suriname,366,2018-10-01,0.43988269794720986
Suriname,366,2018-10-01,NA
Suriname,366,2018-11-01,0.21897810218978933
Suriname,366,2018-11-01,NA
Suriname,366,2018-12-01,0.2184996358339278
Suriname,366,2018-12-01,NA
Suriname,366,2011-01-01,NA
Suriname,366,2011-02-01,NA
Suriname,366,2011-02-01,NA
Suriname,366,2011-03-01,NA
Suriname,366,2011-03-01,NA
Suriname,366,2011-04-01,NA
Suriname,366,2011-04-01,NA
Suriname,366,2011-05-01,NA
Suriname,366,2011-05-01,NA
Suriname,366,2011-06-01,NA
Suriname,366,2011-06-01,NA
Suriname,366,2011-07-01,NA
Suriname,366,2011-07-01,NA
Suriname,366,2011-08-01,NA
Suriname,366,2011-08-01,NA
Suriname,366,2011-09-01,NA
Suriname,366,2011-09-01,NA
Suriname,366,2011-10-01,NA
Suriname,366,2011-10-01,NA
Suriname,366,2011-11-01,NA
Suriname,366,2011-11-01,NA
Suriname,366,2011-12-01,NA
Suriname,366,2011-12-01,NA
Suriname,366,2012-01-01,NA
Suriname,366,2012-01-01,NA
Suriname,366,2012-02-01,NA
Suriname,366,2012-02-01,NA
Suriname,366,2012-03-01,NA
Suriname,366,2012-03-01,NA
Suriname,366,2012-04-01,NA
Suriname,366,2012-04-01,NA
Suriname,366,2012-05-01,NA
Suriname,366,2012-05-01,NA
Suriname,366,2012-06-01,NA
Suriname,366,2012-06-01,NA
Suriname,366,2012-07-01,NA
Suriname,366,2012-07-01,NA
Suriname,366,2012-08-01,NA
Suriname,366,2012-08-01,NA
Suriname,366,2012-09-01,NA
Suriname,366,2012-09-01,NA
Suriname,366,2012-10-01,NA
Suriname,366,2012-10-01,NA
Suriname,366,2012-11-01,NA
Suriname,366,2012-11-01,NA
Suriname,366,2012-12-01,NA
Suriname,366,2012-12-01,NA
Suriname,366,2013-01-01,NA
Suriname,366,2013-01-01,NA
Suriname,366,2013-02-01,NA
Suriname,366,2013-02-01,NA
Suriname,366,2013-03-01,NA
Suriname,366,2013-03-01,NA
Suriname,366,2013-04-01,NA
Suriname,366,2013-04-01,NA
Suriname,366,2013-05-01,NA
Suriname,366,2013-05-01,NA
Suriname,366,2013-06-01,NA
Suriname,366,2013-06-01,NA
Suriname,366,2013-07-01,NA
Suriname,366,2013-07-01,NA
Suriname,366,2013-08-01,NA
Suriname,366,2013-08-01,NA
Suriname,366,2013-09-01,NA
Suriname,366,2013-09-01,NA
Suriname,366,2013-10-01,NA
Suriname,366,2013-10-01,NA
Suriname,366,2013-11-01,NA
Suriname,366,2013-11-01,NA
Suriname,366,2013-12-01,NA
Suriname,366,2013-12-01,NA
Suriname,366,2014-01-01,NA
Suriname,366,2014-01-01,NA
Suriname,366,2014-02-01,NA
Suriname,366,2014-02-01,NA
Suriname,366,2014-03-01,NA
Suriname,366,2014-03-01,NA
Suriname,366,2014-04-01,NA
Suriname,366,2014-04-01,NA
Suriname,366,2014-05-01,NA
Suriname,366,2014-05-01,NA
Suriname,366,2014-06-01,NA
Suriname,366,2014-06-01,NA
Suriname,366,2014-07-01,NA
Suriname,366,2014-07-01,NA
Suriname,366,2014-08-01,NA
Suriname,366,2014-08-01,NA
Suriname,366,2014-09-01,NA
Suriname,366,2014-09-01,NA
Suriname,366,2014-10-01,NA
Suriname,366,2014-10-01,NA
Suriname,366,2014-11-01,NA
Suriname,366,2014-11-01,NA
Suriname,366,2014-12-01,NA
Suriname,366,2014-12-01,NA
Suriname,366,2015-01-01,NA
Suriname,366,2015-01-01,NA
Suriname,366,2015-02-01,NA
Suriname,366,2015-02-01,NA
Suriname,366,2015-03-01,NA
Suriname,366,2015-03-01,NA
Suriname,366,2015-04-01,NA
Suriname,366,2015-04-01,NA
Suriname,366,2015-05-01,NA
Suriname,366,2015-05-01,NA
Suriname,366,2015-06-01,NA
Suriname,366,2015-06-01,NA
Suriname,366,2015-07-01,NA
Suriname,366,2015-07-01,NA
Suriname,366,2015-08-01,NA
Suriname,366,2015-08-01,NA
Suriname,366,2015-09-01,NA
Suriname,366,2015-09-01,NA
Suriname,366,2015-10-01,NA
Suriname,366,2015-10-01,NA
Suriname,366,2015-11-01,NA
Suriname,366,2015-11-01,NA
Suriname,366,2015-12-01,NA
Suriname,366,2015-12-01,NA
Suriname,366,2016-01-01,NA
Suriname,366,2016-01-01,NA
Suriname,366,2016-02-01,NA
Suriname,366,2016-02-01,NA
Suriname,366,2016-03-01,NA
Suriname,366,2016-03-01,NA
Suriname,366,2016-04-01,NA
Suriname,366,2016-04-01,NA
Suriname,366,2016-05-01,NA
Suriname,366,2016-05-01,NA
Suriname,366,2016-06-01,NA
Suriname,366,2016-06-01,NA
Suriname,366,2016-07-01,NA
Suriname,366,2016-07-01,NA
Suriname,366,2016-08-01,NA
Suriname,366,2016-08-01,NA
Suriname,366,2016-09-01,NA
Suriname,366,2016-09-01,NA
Suriname,366,2016-10-01,NA
Suriname,366,2016-10-01,NA
Suriname,366,2016-11-01,NA
Suriname,366,2016-11-01,NA
Suriname,366,2016-12-01,NA
Suriname,366,2016-12-01,NA
Suriname,366,2017-01-01,NA
Suriname,366,2017-01-01,NA
Suriname,366,2017-02-01,NA
Suriname,366,2017-02-01,NA
Suriname,366,2017-03-01,NA
Suriname,366,2017-03-01,NA
Suriname,366,2017-04-01,NA
Suriname,366,2017-04-01,NA
Suriname,366,2017-05-01,NA
Suriname,366,2017-05-01,NA
Suriname,366,2017-06-01,NA
Suriname,366,2017-06-01,NA
Suriname,366,2017-07-01,NA
Suriname,366,2017-07-01,NA
Suriname,366,2017-08-01,NA
Suriname,366,2017-08-01,NA
Suriname,366,2017-09-01,NA
Suriname,366,2017-09-01,NA
Suriname,366,2017-10-01,NA
Suriname,366,2017-10-01,NA
Suriname,366,2017-11-01,NA
Suriname,366,2017-11-01,NA
Suriname,366,2017-12-01,NA
Suriname,366,2017-12-01,NA
Suriname,366,2018-01-01,NA
Suriname,366,2018-01-01,NA
Suriname,366,2018-02-01,NA
Suriname,366,2018-02-01,NA
Suriname,366,2018-03-01,NA
Suriname,366,2018-03-01,NA
Suriname,366,2018-04-01,NA
Suriname,366,2018-04-01,NA
Suriname,366,2018-05-01,NA
Suriname,366,2018-05-01,NA
Suriname,366,2018-06-01,NA
Suriname,366,2018-06-01,NA
Suriname,366,2018-07-01,NA
Suriname,366,2018-07-01,NA
Suriname,366,2018-08-01,NA
Suriname,366,2018-08-01,NA
Suriname,366,2018-09-01,NA
Suriname,366,2018-09-01,NA
Suriname,366,2018-10-01,NA
Suriname,366,2018-10-01,NA
Suriname,366,2018-11-01,NA
Suriname,366,2018-11-01,NA
Suriname,366,2018-12-01,NA
Suriname,366,2018-12-01,NA
"Venezuela, Rep. Bolivariana de",299,2011-01-01,NA
"Venezuela, Rep. Bolivariana de",299,2011-02-01,1.7297802711547399
"Venezuela, Rep. Bolivariana de",299,2011-03-01,1.4246323529411737
"Venezuela, Rep. Bolivariana de",299,2011-04-01,1.4499320344358937
"Venezuela, Rep. Bolivariana de",299,2011-05-01,2.545779365788293
"Venezuela, Rep. Bolivariana de",299,2011-06-01,2.482578397212551
"Venezuela, Rep. Bolivariana de",299,2011-07-01,2.6774330641733886
"Venezuela, Rep. Bolivariana de",299,2011-08-01,2.193708609271528
"Venezuela, Rep. Bolivariana de",299,2011-09-01,1.6200891049007695
"Venezuela, Rep. Bolivariana de",299,2011-10-01,1.8333997608608983
"Venezuela, Rep. Bolivariana de",299,2011-11-01,2.152641878669276
"Venezuela, Rep. Bolivariana de",299,2011-12-01,1.7624521072797021
"Venezuela, Rep. Bolivariana de",299,2012-01-01,1.506024096385542
"Venezuela, Rep. Bolivariana de",299,2012-02-01,1.1127596439169138
"Venezuela, Rep. Bolivariana de",299,2012-03-01,0.8804108584005784
"Venezuela, Rep. Bolivariana de",299,2012-04-01,0.7999999999999958
"Venezuela, Rep. Bolivariana de",299,2012-05-01,1.5512265512265553
"Venezuela, Rep. Bolivariana de",299,2012-06-01,1.4209591474245116
"Venezuela, Rep. Bolivariana de",299,2012-07-01,1.0157618213660167
"Venezuela, Rep. Bolivariana de",299,2012-08-01,1.0748959778086071
"Venezuela, Rep. Bolivariana de",299,2012-09-01,1.5780445969125292
"Venezuela, Rep. Bolivariana de",299,2012-10-01,1.7223910840932
"Venezuela, Rep. Bolivariana de",299,2012-11-01,2.2908366533864655
"Venezuela, Rep. Bolivariana de",299,2012-12-01,3.505355404089566
"Venezuela, Rep. Bolivariana de",299,2013-01-01,3.2925682031984946
"Venezuela, Rep. Bolivariana de",299,2013-02-01,1.6393442622950924
"Venezuela, Rep. Bolivariana de",299,2013-03-01,2.7777777777777812
"Venezuela, Rep. Bolivariana de",299,2013-04-01,4.272013949433301
"Venezuela, Rep. Bolivariana de",299,2013-05-01,6.10367892976588
"Venezuela, Rep. Bolivariana de",299,2013-06-01,4.7018649855529375
"Venezuela, Rep. Bolivariana de",299,2013-07-01,3.186151530356244
"Venezuela, Rep. Bolivariana de",299,2013-08-01,3.014831023583753
"Venezuela, Rep. Bolivariana de",299,2013-09-01,4.389898513098896
"Venezuela, Rep. Bolivariana de",299,2013-10-01,5.109654080940531
"Venezuela, Rep. Bolivariana de",299,2013-11-01,4.818240481824056
"Venezuela, Rep. Bolivariana de",299,2013-12-01,2.2162938641493968
"Venezuela, Rep. Bolivariana de",299,2014-01-01,3.3326641236699506
"Venezuela, Rep. Bolivariana de",299,2014-02-01,2.3508840101029547
"Venezuela, Rep. Bolivariana de",299,2014-03-01,4.081245254365983
"Venezuela, Rep. Bolivariana de",299,2014-04-01,5.672077329928875
"Venezuela, Rep. Bolivariana de",299,2014-05-01,5.73006558508803
"Venezuela, Rep. Bolivariana de",299,2014-06-01,4.423767548155406
"Venezuela, Rep. Bolivariana de",299,2014-07-01,4.142566828200719
"Venezuela, Rep. Bolivariana de",299,2014-08-01,3.9327529270489237
"Venezuela, Rep. Bolivariana de",299,2014-09-01,4.766031195840554
"Venezuela, Rep. Bolivariana de",299,2014-10-01,5.017921146953402
"Venezuela, Rep. Bolivariana de",299,2014-11-01,4.660015752165923
"Venezuela, Rep. Bolivariana de",299,2014-12-01,5.292863414022332
"Venezuela, Rep. Bolivariana de",299,2015-01-01,7.778439547349607
"Venezuela, Rep. Bolivariana de",299,2015-02-01,4.896109637488956
"Venezuela, Rep. Bolivariana de",299,2015-03-01,5.384048045516808
"Venezuela, Rep. Bolivariana de",299,2015-04-01,6.358728254349121
"Venezuela, Rep. Bolivariana de",299,2015-05-01,7.990223726264335
"Venezuela, Rep. Bolivariana de",299,2015-06-01,9.81894150417827
"Venezuela, Rep. Bolivariana de",299,2015-07-01,10.772035510462914
"Venezuela, Rep. Bolivariana de",299,2015-08-01,12.400715563506258
"Venezuela, Rep. Bolivariana de",299,2015-09-01,11.541889483065951
"Venezuela, Rep. Bolivariana de",299,2015-10-01,11.369214085954
"Venezuela, Rep. Bolivariana de",299,2015-11-01,11.131040844565163
"Venezuela, Rep. Bolivariana de",299,2015-12-01,8.734148028591196
"Venezuela, Rep. Bolivariana de",299,2016-01-01,9.270961448746762
"Venezuela, Rep. Bolivariana de",299,2016-02-01,8.717252086163397
"Venezuela, Rep. Bolivariana de",299,2016-03-01,10.535146906572415
"Venezuela, Rep. Bolivariana de",299,2016-04-01,14.385375621729866
"Venezuela, Rep. Bolivariana de",299,2016-05-01,18.474700700248466
"Venezuela, Rep. Bolivariana de",299,2016-06-01,19.199694940298873
"Venezuela, Rep. Bolivariana de",299,2016-07-01,8.709387183844854
"Venezuela, Rep. Bolivariana de",299,2016-08-01,7.147192437144791
"Venezuela, Rep. Bolivariana de",299,2016-09-01,9.246957447173727
"Venezuela, Rep. Bolivariana de",299,2016-10-01,8.005467915278738
"Venezuela, Rep. Bolivariana de",299,2016-11-01,11.565486841531008
"Venezuela, Rep. Bolivariana de",299,2016-12-01,15.099949145248996
"Venezuela, Rep. Bolivariana de",299,2017-01-01,NA
"Venezuela, Rep. Bolivariana de",299,2017-02-01,NA
"Venezuela, Rep. Bolivariana de",299,2017-03-01,NA
"Venezuela, Rep. Bolivariana de",299,2017-04-01,NA
"Venezuela, Rep. Bolivariana de",299,2017-05-01,NA
"Venezuela, Rep. Bolivariana de",299,2017-06-01,NA
"Venezuela, Rep. Bolivariana de",299,2017-07-01,NA
"Venezuela, Rep. Bolivariana de",299,2017-08-01,NA
"Venezuela, Rep. Bolivariana de",299,2017-09-01,NA
"Venezuela, Rep. Bolivariana de",299,2017-10-01,NA
"Venezuela, Rep. Bolivariana de",299,2017-11-01,NA
"Venezuela, Rep. Bolivariana de",299,2017-12-01,NA
"Venezuela, Rep. Bolivariana de",299,2018-01-01,NA
"Venezuela, Rep. Bolivariana de",299,2018-02-01,NA
"Venezuela, Rep. Bolivariana de",299,2018-03-01,NA
"Venezuela, Rep. Bolivariana de",299,2018-04-01,NA
"Venezuela, Rep. Bolivariana de",299,2018-05-01,NA
"Venezuela, Rep. Bolivariana de",299,2018-06-01,NA
"Venezuela, Rep. Bolivariana de",299,2018-07-01,NA
"Venezuela, Rep. Bolivariana de",299,2018-08-01,NA
"Venezuela, Rep. Bolivariana de",299,2018-09-01,NA
"Venezuela, Rep. Bolivariana de",299,2018-10-01,NA
"Venezuela, Rep. Bolivariana de",299,2018-11-01,NA
"Venezuela, Rep. Bolivariana de",299,2018-12-01,NA
Syrian Arab Rep.,463,2011-01-01,NA
Syrian Arab Rep.,463,2011-02-01,-1.268286136089062
Syrian Arab Rep.,463,2011-03-01,-0.9923197172567976
Syrian Arab Rep.,463,2011-04-01,0.054918651747147364
Syrian Arab Rep.,463,2011-05-01,-1.3996569468268718
Syrian Arab Rep.,463,2011-06-01,0.18787836615395861
Syrian Arab Rep.,463,2011-07-01,1.0487567717741024
Syrian Arab Rep.,463,2011-08-01,0.4467661007625415
Syrian Arab Rep.,463,2011-09-01,1.779115916245093
Syrian Arab Rep.,463,2011-10-01,1.4387521850208342
Syrian Arab Rep.,463,2011-11-01,2.505302226935185
Syrian Arab Rep.,463,2011-12-01,6.724427777059618
Syrian Arab Rep.,463,2012-01-01,4.428692596631262
Syrian Arab Rep.,463,2012-02-01,3.5737077217613185
Syrian Arab Rep.,463,2012-03-01,6.699154203775379
Syrian Arab Rep.,463,2012-04-01,0.5774581342853372
Syrian Arab Rep.,463,2012-05-01,-0.6054595751346238
Syrian Arab Rep.,463,2012-06-01,2.90395420889584
Syrian Arab Rep.,463,2012-07-01,1.0716472749537944
Syrian Arab Rep.,463,2012-08-01,2.9284055336767683
Syrian Arab Rep.,463,2012-09-01,8.054547238300815
Syrian Arab Rep.,463,2012-10-01,3.124497214526254
Syrian Arab Rep.,463,2012-11-01,2.7277926877551466
Syrian Arab Rep.,463,2012-12-01,2.7281682299032224
Syrian Arab Rep.,463,2013-01-01,2.730759609771628
Syrian Arab Rep.,463,2013-02-01,2.727162046995877
Syrian Arab Rep.,463,2013-03-01,2.7298226207871554
Syrian Arab Rep.,463,2013-04-01,0.3884017843417895
Syrian Arab Rep.,463,2013-05-01,2.352039839110479
Syrian Arab Rep.,463,2013-06-01,3.8699053108283477
Syrian Arab Rep.,463,2013-07-01,2.5222498468632453
Syrian Arab Rep.,463,2013-08-01,4.976628123571741
Syrian Arab Rep.,463,2013-09-01,5.001841373999493
Syrian Arab Rep.,463,2013-10-01,3.3702133086759636
Syrian Arab Rep.,463,2013-11-01,-2.4676497141137492
Syrian Arab Rep.,463,2013-12-01,0.771366862079605
Syrian Arab Rep.,463,2014-01-01,-5.174525413349674
Syrian Arab Rep.,463,2014-02-01,-0.7749434937035768
Syrian Arab Rep.,463,2014-03-01,1.7572404816140506
Syrian Arab Rep.,463,2014-04-01,-0.767508794371595
Syrian Arab Rep.,463,2014-05-01,-0.7412181759587532
Syrian Arab Rep.,463,2014-06-01,2.337662337662334
Syrian Arab Rep.,463,2014-07-01,1.491116751269032
Syrian Arab Rep.,463,2014-08-01,0.06251953735543779
Syrian Arab Rep.,463,2014-09-01,4.967197750702898
Syrian Arab Rep.,463,2014-10-01,1.2797619047619082
Syrian Arab Rep.,463,2014-11-01,1.616220981486923
Syrian Arab Rep.,463,2014-12-01,5.436668594563335
Syrian Arab Rep.,463,2015-01-01,5.046626439934168
Syrian Arab Rep.,463,2015-02-01,2.4804177545691903
Syrian Arab Rep.,463,2015-03-01,5.987261146496816
Syrian Arab Rep.,463,2015-04-01,3.413461538461536
Syrian Arab Rep.,463,2015-05-01,0
Syrian Arab Rep.,463,2015-06-01,2.4872152487215224
Syrian Arab Rep.,463,2015-07-01,0.7031072805624909
Syrian Arab Rep.,463,2015-08-01,1.306306306306309
Syrian Arab Rep.,463,2015-09-01,5.002223210315695
Syrian Arab Rep.,463,2015-10-01,3.0489095913614177
Syrian Arab Rep.,463,2015-11-01,2.8148756934456522
Syrian Arab Rep.,463,2015-12-01,7.913669064748206
Syrian Arab Rep.,463,2016-01-01,4.537037037037037
Syrian Arab Rep.,463,2016-02-01,0.21257750221435703
Syrian Arab Rep.,463,2016-03-01,7.229980555064517
Syrian Arab Rep.,463,2016-04-01,0.6758984503791663
Syrian Arab Rep.,463,2016-05-01,1.8339610283281367
Syrian Arab Rep.,463,2016-06-01,7.23589001447178
Syrian Arab Rep.,463,2016-07-01,1.49947518368571
Syrian Arab Rep.,463,2016-08-01,0.39887723445118123
Syrian Arab Rep.,463,2016-09-01,6.194820482636848
Syrian Arab Rep.,463,2016-10-01,1.4133296383538771
Syrian Arab Rep.,463,2016-11-01,0.5055335428337266
Syrian Arab Rep.,463,2016-12-01,5.138662316476339
Syrian Arab Rep.,463,2017-01-01,1.1055081458495046
Syrian Arab Rep.,463,2017-02-01,0.12021228978834207
Syrian Arab Rep.,463,2017-03-01,2.4269054401001418
Syrian Arab Rep.,463,2017-04-01,-0.4215041963361553
Syrian Arab Rep.,463,2017-05-01,-1.0068753052560349
Syrian Arab Rep.,463,2017-06-01,-1.6433261224334899
Syrian Arab Rep.,463,2017-07-01,-0.33441374697741716
Syrian Arab Rep.,463,2017-08-01,0.15744373322321228
Syrian Arab Rep.,463,2017-09-01,-0.021904393763699622
Syrian Arab Rep.,463,2017-10-01,0.1610970061732373
Syrian Arab Rep.,463,2017-11-01,-0.3371162407679051
Syrian Arab Rep.,463,2017-12-01,0.8985746746540019
Syrian Arab Rep.,463,2018-01-01,0.7984440577336485
Syrian Arab Rep.,463,2018-02-01,0.34782167157510013
Syrian Arab Rep.,463,2018-03-01,0.6755218216318826
Syrian Arab Rep.,463,2018-04-01,-0.15078407720145323
Syrian Arab Rep.,463,2018-05-01,-0.72989026477398
Syrian Arab Rep.,463,2018-06-01,-0.6553927285634695
Syrian Arab Rep.,463,2018-07-01,-0.8421912284507393
Syrian Arab Rep.,463,2018-08-01,0.15828689822022526
Syrian Arab Rep.,463,2018-09-01,1.236027238853913
Syrian Arab Rep.,463,2018-10-01,0.22464209564423995
Syrian Arab Rep.,463,2018-11-01,0.8395699578315535
Syrian Arab Rep.,463,2018-12-01,1.868595539481615
"Timor-Leste, Dem. Rep. of",537,2011-01-01,NA
"Timor-Leste, Dem. Rep. of",537,2011-02-01,3.703703703703628
"Timor-Leste, Dem. Rep. of",537,2011-03-01,3.1030444964871133
"Timor-Leste, Dem. Rep. of",537,2011-04-01,-0.05678591709261292
"Timor-Leste, Dem. Rep. of",537,2011-05-01,0.11363636363648588
"Timor-Leste, Dem. Rep. of",537,2011-06-01,0.39727582292837577
"Timor-Leste, Dem. Rep. of",537,2011-07-01,0.16958733747884688
"Timor-Leste, Dem. Rep. of",537,2011-08-01,0.22573363431148136
"Timor-Leste, Dem. Rep. of",537,2011-09-01,0.9572072072072989
"Timor-Leste, Dem. Rep. of",537,2011-10-01,0.9481316229782124
"Timor-Leste, Dem. Rep. of",537,2011-11-01,1.8232044198894883
"Timor-Leste, Dem. Rep. of",537,2011-12-01,3.743895822029333
"Timor-Leste, Dem. Rep. of",537,2012-01-01,1.3598326359832196
"Timor-Leste, Dem. Rep. of",537,2012-02-01,-0.7223942208462589
"Timor-Leste, Dem. Rep. of",537,2012-03-01,0.7276507276507538
"Timor-Leste, Dem. Rep. of",537,2012-04-01,0.8255933952528746
"Timor-Leste, Dem. Rep. of",537,2012-05-01,0.2558853633571186
"Timor-Leste, Dem. Rep. of",537,2012-06-01,0.2041858090863726
"Timor-Leste, Dem. Rep. of",537,2012-07-01,0.25471217524201145
"Timor-Leste, Dem. Rep. of",537,2012-08-01,0.40650406504047915
"Timor-Leste, Dem. Rep. of",537,2012-09-01,1.0627530364374167
"Timor-Leste, Dem. Rep. of",537,2012-10-01,1.0515773660490293
"Timor-Leste, Dem. Rep. of",537,2012-11-01,1.9326065411297852
"Timor-Leste, Dem. Rep. of",537,2012-12-01,3.8405444822556833
"Timor-Leste, Dem. Rep. of",537,2013-01-01,1.3000000000000327
"Timor-Leste, Dem. Rep. of",537,2013-02-01,0.5923000987167093
"Timor-Leste, Dem. Rep. of",537,2013-03-01,0.6869479882237542
"Timor-Leste, Dem. Rep. of",537,2013-04-01,0.7797270955165396
"Timor-Leste, Dem. Rep. of",537,2013-05-01,0.2901353965183881
"Timor-Leste, Dem. Rep. of",537,2013-06-01,0.2892960462873948
"Timor-Leste, Dem. Rep. of",537,2013-07-01,-0.3846153846153772
"Timor-Leste, Dem. Rep. of",537,2013-08-01,0.09652509652506178
"Timor-Leste, Dem. Rep. of",537,2013-09-01,-0.28929604628738015
"Timor-Leste, Dem. Rep. of",537,2013-10-01,0.2901353965183881
"Timor-Leste, Dem. Rep. of",537,2013-11-01,0.1928640308582924
"Timor-Leste, Dem. Rep. of",537,2013-12-01,0.0962463907603264
"Timor-Leste, Dem. Rep. of",537,2014-01-01,0.2884615384615511
"Timor-Leste, Dem. Rep. of",537,2014-02-01,0
"Timor-Leste, Dem. Rep. of",537,2014-03-01,0.09587727708529627
"Timor-Leste, Dem. Rep. of",537,2014-04-01,0.09578544061300687
"Timor-Leste, Dem. Rep. of",537,2014-05-01,-0.7655502392344354
"Timor-Leste, Dem. Rep. of",537,2014-06-01,-0.28929604628738015
"Timor-Leste, Dem. Rep. of",537,2014-07-01,0.19342359767896444
"Timor-Leste, Dem. Rep. of",537,2014-08-01,0.09652509652506178
"Timor-Leste, Dem. Rep. of",537,2014-09-01,0.1928640308582924
"Timor-Leste, Dem. Rep. of",537,2014-10-01,0.0962463907603264
"Timor-Leste, Dem. Rep. of",537,2014-11-01,0.09615384615381153
"Timor-Leste, Dem. Rep. of",537,2014-12-01,0.19212295869361118
"Timor-Leste, Dem. Rep. of",537,2015-01-01,0.5752636625119082
"Timor-Leste, Dem. Rep. of",537,2015-02-01,0
"Timor-Leste, Dem. Rep. of",537,2015-03-01,0.19065776930414613
"Timor-Leste, Dem. Rep. of",537,2015-04-01,-0.09514747859178309
"Timor-Leste, Dem. Rep. of",537,2015-05-01,-0.19047619047623726
"Timor-Leste, Dem. Rep. of",537,2015-06-01,0
"Timor-Leste, Dem. Rep. of",537,2015-07-01,-0.09541984732822441
"Timor-Leste, Dem. Rep. of",537,2015-08-01,-0.19102196752629802
"Timor-Leste, Dem. Rep. of",537,2015-09-01,-0.0956937799042863
"Timor-Leste, Dem. Rep. of",537,2015-10-01,-0.09578544061299236
"Timor-Leste, Dem. Rep. of",537,2015-11-01,-0.2876318312560049
"Timor-Leste, Dem. Rep. of",537,2015-12-01,-0.2884615384615657
"Timor-Leste, Dem. Rep. of",537,2016-01-01,0.1928640308582924
"Timor-Leste, Dem. Rep. of",537,2016-02-01,-0.5774783445621041
"Timor-Leste, Dem. Rep. of",537,2016-03-01,0.09680542110354697
"Timor-Leste, Dem. Rep. of",537,2016-04-01,-0.1934235976788619
"Timor-Leste, Dem. Rep. of",537,2016-05-01,-0.19379844961243603
"Timor-Leste, Dem. Rep. of",537,2016-06-01,0
"Timor-Leste, Dem. Rep. of",537,2016-07-01,-0.09708737864075648
"Timor-Leste, Dem. Rep. of",537,2016-08-01,-0.09718172983485909
"Timor-Leste, Dem. Rep. of",537,2016-09-01,0.19455252918292731
"Timor-Leste, Dem. Rep. of",537,2016-10-01,-0.09708737864075648
"Timor-Leste, Dem. Rep. of",537,2016-11-01,0.29154518950438596
"Timor-Leste, Dem. Rep. of",537,2016-12-01,0.4844961240309653
"Timor-Leste, Dem. Rep. of",537,2017-01-01,-0.09643201542908779
"Timor-Leste, Dem. Rep. of",537,2017-02-01,-0.0965250965251641
"Timor-Leste, Dem. Rep. of",537,2017-03-01,0.19323671497587838
"Timor-Leste, Dem. Rep. of",537,2017-04-01,0
"Timor-Leste, Dem. Rep. of",537,2017-05-01,0.1928640308582924
"Timor-Leste, Dem. Rep. of",537,2017-06-01,-0.09624639076041384
"Timor-Leste, Dem. Rep. of",537,2017-07-01,0.09633911368022163
"Timor-Leste, Dem. Rep. of",537,2017-08-01,-0.3849855630414659
"Timor-Leste, Dem. Rep. of",537,2017-09-01,-0.09661835748790262
"Timor-Leste, Dem. Rep. of",537,2017-10-01,0.2901353965183881
"Timor-Leste, Dem. Rep. of",537,2017-11-01,0.2892960462873948
"Timor-Leste, Dem. Rep. of",537,2017-12-01,0.4807692307691887
"Timor-Leste, Dem. Rep. of",537,2018-01-01,0.9569377990430804
"Timor-Leste, Dem. Rep. of",537,2018-02-01,0.28436018957347226
"Timor-Leste, Dem. Rep. of",537,2018-03-01,0.21072309336352132
"Timor-Leste, Dem. Rep. of",537,2018-04-01,0.7035175879397014
"Timor-Leste, Dem. Rep. of",537,2018-05-01,0
"Timor-Leste, Dem. Rep. of",537,2018-06-01,-0.09980039920160531
"Timor-Leste, Dem. Rep. of",537,2018-07-01,0.09990009990010842
"Timor-Leste, Dem. Rep. of",537,2018-08-01,-0.19960079840319644
"Timor-Leste, Dem. Rep. of",537,2018-09-01,0.09999999999999432
"Timor-Leste, Dem. Rep. of",537,2018-10-01,0
"Timor-Leste, Dem. Rep. of",537,2018-11-01,0.19980019980020267
"Timor-Leste, Dem. Rep. of",537,2018-12-01,0.09970089730808429
Guyana,336,2011-01-01,NA
Guyana,336,2011-02-01,0.29656557925954485
Guyana,336,2011-03-01,1.6882869133918312
Guyana,336,2011-04-01,0.6941187505862442
Guyana,336,2011-05-01,-0.21240984239589236
Guyana,336,2011-06-01,0.6142735392750023
Guyana,336,2011-07-01,-0.26368174562720076
Guyana,336,2011-08-01,0.08827261456799199
Guyana,336,2011-09-01,0.7569690435412684
Guyana,336,2011-10-01,-0.08455422661950536
Guyana,336,2011-11-01,-0.1824969584585649
Guyana,336,2011-12-01,-0.23066671329039246
Guyana,336,2012-01-01,0.031145576379448023
Guyana,336,2012-02-01,0.2780352177942513
Guyana,336,2012-03-01,-0.2772643253234724
Guyana,336,2012-04-01,0.46339202965708987
Guyana,336,2012-05-01,0.9225092250922509
Guyana,336,2012-06-01,0.3656307129798825
Guyana,336,2012-07-01,-0.0910746812386105
Guyana,336,2012-08-01,0.6381039197812242
Guyana,336,2012-09-01,0.4347826086956429
Guyana,336,2012-10-01,0.37878787878788034
Guyana,336,2012-11-01,0
Guyana,336,2012-12-01,0.2695417789757387
Guyana,336,2013-01-01,0.05986196497939783
Guyana,336,2013-02-01,-0.3784509078670975
Guyana,336,2013-03-01,-0.22405573670451684
Guyana,336,2013-04-01,-0.3558295990607278
Guyana,336,2013-05-01,0.7233273056057969
Guyana,336,2013-06-01,0.36745326414002555
Guyana,336,2013-07-01,-0.00835613197130035
Guyana,336,2013-08-01,0.4472271914132379
Guyana,336,2013-09-01,0.5342831700801501
Guyana,336,2013-10-01,-0.53144375553588
Guyana,336,2013-11-01,-0.08904719501335202
Guyana,336,2013-12-01,0.35650623885917243
Guyana,336,2014-01-01,-0.07365126127797046
Guyana,336,2014-02-01,-0.07370554634248352
Guyana,336,2014-03-01,-0.07375991148824029
Guyana,336,2014-04-01,-0.07381435689165179
Guyana,336,2014-05-01,-0.07386888273326982
Guyana,336,2014-06-01,-0.07607357291091825
Guyana,336,2014-07-01,0.3568242640499605
Guyana,336,2014-08-01,0.4444444444444444
Guyana,336,2014-09-01,0.1769911504424804
Guyana,336,2014-10-01,0.17667844522968448
Guyana,336,2014-11-01,0
Guyana,336,2014-12-01,0.4409171075837742
Guyana,336,2015-01-01,-2.8094820017559288
Guyana,336,2015-02-01,0.18066847335140276
Guyana,336,2015-03-01,0.09017132551847999
Guyana,336,2015-04-01,0.18018018018018275
Guyana,336,2015-05-01,0.5395683453237359
Guyana,336,2015-06-01,0.08944543828265522
Guyana,336,2015-07-01,0.26809651474530577
Guyana,336,2015-08-01,0.2673796791443825
Guyana,336,2015-09-01,-0.3555555555555606
Guyana,336,2015-10-01,-0.267618198037464
Guyana,336,2015-11-01,-0.0894454382826425
Guyana,336,2015-12-01,0.17905102954342242
Guyana,336,2016-01-01,-0.17873100983020807
Guyana,336,2016-02-01,-0.4476275738585497
Guyana,336,2016-03-01,0.44964028776978415
Guyana,336,2016-04-01,0
Guyana,336,2016-05-01,0.9847806624888041
Guyana,336,2016-06-01,0.17730496453900962
Guyana,336,2016-07-01,-0.1769911504424804
Guyana,336,2016-08-01,0.26595744680850814
Guyana,336,2016-09-01,0
Guyana,336,2016-10-01,0
Guyana,336,2016-11-01,0.08841732979664768
Guyana,336,2016-12-01,0.26501766784452047
Guyana,336,2017-01-01,0.704845814977971
Guyana,336,2017-02-01,0.26246719160104737
Guyana,336,2017-03-01,-0.4363001745200698
Guyana,336,2017-04-01,-0.08764241893075751
Guyana,336,2017-05-01,0.17543859649123056
Guyana,336,2017-06-01,0.43782837127845886
Guyana,336,2017-07-01,0.26155187445509775
Guyana,336,2017-08-01,0.08695652173912549
Guyana,336,2017-09-01,0.10425716768028197
Guyana,336,2017-10-01,-0.026037146328763354
Guyana,336,2017-11-01,-0.15626356454552706
Guyana,336,2017-12-01,0.17389792191982317
Guyana,336,2018-01-01,0.8940196163527483
Guyana,336,2018-02-01,-0.6968341362697764
Guyana,336,2018-03-01,-0.5284588062029053
Guyana,336,2018-04-01,-0.017418568193691013
Guyana,336,2018-05-01,0.5226480836237007
Guyana,336,2018-06-01,0.6932409012131691
Guyana,336,2018-07-01,-0.17211703958692154
Guyana,336,2018-08-01,0.6896551724137907
Guyana,336,2018-09-01,0.08561643835617169
Guyana,336,2018-10-01,0.3421727972626103
Guyana,336,2018-11-01,0
Guyana,336,2018-12-01,-0.17050298380221895
Vietnam,582,2011-01-01,NA
Vietnam,582,2011-02-01,2.090000000000198
Vietnam,582,2011-03-01,2.1700000000000017
Vietnam,582,2011-04-01,3.319999999999844
Vietnam,582,2011-05-01,2.2100000000001603
Vietnam,582,2011-06-01,1.0899999999999985
Vietnam,582,2011-07-01,1.1700000000000226
Vietnam,582,2011-08-01,0.9299999999998884
Vietnam,582,2011-09-01,0.8200000000000642
Vietnam,582,2011-10-01,0.36000000000005694
Vietnam,582,2011-11-01,0.3900000000000089
Vietnam,582,2011-12-01,0.5299999999998839
Vietnam,582,2012-01-01,0.9999999999999978
Vietnam,582,2012-02-01,1.3700000000000643
Vietnam,582,2012-03-01,0.16000000000000958
Vietnam,582,2012-04-01,0.05000000000001879
Vietnam,582,2012-05-01,0.18000000000002206
Vietnam,582,2012-06-01,-0.2600000000001481
Vietnam,582,2012-07-01,-0.28999999999989823
Vietnam,582,2012-08-01,0.629999999999935
Vietnam,582,2012-09-01,2.200000000000012
Vietnam,582,2012-10-01,0.8499999999999573
Vietnam,582,2012-11-01,0.47000000000000774
Vietnam,582,2012-12-01,0.2700000000000526
Vietnam,582,2013-01-01,1.2499999999999354
Vietnam,582,2013-02-01,1.3200000000000338
Vietnam,582,2013-03-01,-0.19000000000009182
Vietnam,582,2013-04-01,0.020000000000145526
Vietnam,582,2013-05-01,-0.06000000000007076
Vietnam,582,2013-06-01,0.04999999999998543
Vietnam,582,2013-07-01,0.2699999999999975
Vietnam,582,2013-08-01,0.8299999999999672
Vietnam,582,2013-09-01,1.0600000000000296
Vietnam,582,2013-10-01,0.4900000000000435
Vietnam,582,2013-11-01,0.340000000000058
Vietnam,582,2013-12-01,0.5099999999999003
Vietnam,582,2014-01-01,0.6900000000000095
Vietnam,582,2014-02-01,0.5500000000000479
Vietnam,582,2014-03-01,-0.440000000000051
Vietnam,582,2014-04-01,0.08000000000003721
Vietnam,582,2014-05-01,0.20000000000002152
Vietnam,582,2014-06-01,0.29999999999993665
Vietnam,582,2014-07-01,0.23000000000001447
Vietnam,582,2014-08-01,0.22000000000009673
Vietnam,582,2014-09-01,0.4000000000000138
Vietnam,582,2014-10-01,0.10999999999983144
Vietnam,582,2014-11-01,-0.26999999999983015
Vietnam,582,2014-12-01,-0.24000000000008273
Vietnam,582,2015-01-01,-0.19999999999999746
Vietnam,582,2015-02-01,-0.05000000000000988
Vietnam,582,2015-03-01,0.15000000000001082
Vietnam,582,2015-04-01,0.1400000000000319
Vietnam,582,2015-05-01,0.15999999999997458
Vietnam,582,2015-06-01,0.34999999999984777
Vietnam,582,2015-07-01,0.1300000000002111
Vietnam,582,2015-08-01,-0.07000000000034422
Vietnam,582,2015-09-01,-0.20999999999967017
Vietnam,582,2015-10-01,0.10999999999990967
Vietnam,582,2015-11-01,0.07020000000004765
Vietnam,582,2015-12-01,0.016699999999978978
Vietnam,582,2016-01-01,-0.0018000000001208165
Vietnam,582,2016-02-01,0.4192000000004143
Vietnam,582,2016-03-01,0.5695000000002669
Vietnam,582,2016-04-01,0.3347999999991467
Vietnam,582,2016-05-01,0.5408000000006059
Vietnam,582,2016-06-01,0.4644999999998899
Vietnam,582,2016-07-01,0.12799999999983763
Vietnam,582,2016-08-01,0.10240000000045471
Vietnam,582,2016-09-01,0.5430999999997862
Vietnam,582,2016-10-01,0.8317999999996932
Vietnam,582,2016-11-01,0.48070000000027785
Vietnam,582,2016-12-01,0.22749999999957313
Vietnam,582,2017-01-01,0.45640000000033015
Vietnam,582,2017-02-01,0.23379999999991438
Vietnam,582,2017-03-01,0.2080000000002735
Vietnam,582,2017-04-01,0.0031999999996712237
Vietnam,582,2017-05-01,-0.5274429872727794
Vietnam,582,2017-06-01,-0.17110000000045145
Vietnam,582,2017-07-01,0.10970000000020524
Vietnam,582,2017-08-01,0.9171999999997392
Vietnam,582,2017-09-01,0.5921000000000352
Vietnam,582,2017-10-01,0.4136000000000769
Vietnam,582,2017-11-01,0.13150000000049347
Vietnam,582,2017-12-01,0.20639999999980035
Vietnam,582,2018-01-01,0.5081000000000678
Vietnam,582,2018-02-01,0.7271999999995158
Vietnam,582,2018-03-01,-0.26909999999913453
Vietnam,582,2018-04-01,0.08339999999987596
Vietnam,582,2018-05-01,0.5485000000000386
Vietnam,582,2018-06-01,0.6085000000003897
Vietnam,582,2018-07-01,-0.09060000000023298
Vietnam,582,2018-08-01,0.45209999999990746
Vietnam,582,2018-09-01,0.5935000000002674
Vietnam,582,2018-10-01,0.33159999999926565
Vietnam,582,2018-11-01,-0.28839999999959326
Vietnam,582,2018-12-01,-0.25369999999962695
Trinidad and Tobago,369,2011-01-01,NA
Trinidad and Tobago,369,2011-02-01,-0.6840247186641746
Trinidad and Tobago,369,2011-03-01,-0.674146701279242
Trinidad and Tobago,369,2011-04-01,0.4093862515304269
Trinidad and Tobago,369,2011-05-01,-0.3752170124452286
Trinidad and Tobago,369,2011-06-01,0.5678172037524958
Trinidad and Tobago,369,2011-07-01,1.038922365760461
Trinidad and Tobago,369,2011-08-01,1.3724450466651381
Trinidad and Tobago,369,2011-09-01,1.3000613315258331
Trinidad and Tobago,369,2011-10-01,-0.12598235884592707
Trinidad and Tobago,369,2011-11-01,1.2212580851985047
Trinidad and Tobago,369,2011-12-01,0.074837451190935
Trinidad and Tobago,369,2012-01-01,2.4614335757858665
Trinidad and Tobago,369,2012-02-01,1.594650205761303
Trinidad and Tobago,369,2012-03-01,-0.7088607594937274
Trinidad and Tobago,369,2012-04-01,2.8046914839367547
Trinidad and Tobago,369,2012-05-01,0.34722222222232335
Trinidad and Tobago,369,2012-06-01,-0.8403361344538263
Trinidad and Tobago,369,2012-07-01,0.8474576271186897
Trinidad and Tobago,369,2012-08-01,-1.23578843302029
Trinidad and Tobago,369,2012-09-01,1.10110110110102
Trinidad and Tobago,369,2012-10-01,1.4356435643565386
Trinidad and Tobago,369,2012-11-01,0
Trinidad and Tobago,369,2012-12-01,-0.7808687164471003
Trinidad and Tobago,369,2013-01-01,2.5577963600590397
Trinidad and Tobago,369,2013-02-01,0.2877697841726422
Trinidad and Tobago,369,2013-03-01,0.23912003825917938
Trinidad and Tobago,369,2013-04-01,1.4790076335877744
Trinidad and Tobago,369,2013-05-01,0.47014574518107705
Trinidad and Tobago,369,2013-06-01,0.28076743097798734
Trinidad and Tobago,369,2013-07-01,-2.0065328978068697
Trinidad and Tobago,369,2013-08-01,0
Trinidad and Tobago,369,2013-09-01,-0.952380952380862
Trinidad and Tobago,369,2013-10-01,1.2019230769230838
Trinidad and Tobago,369,2013-11-01,1.6152019002374913
Trinidad and Tobago,369,2013-12-01,0.37400654511451903
Trinidad and Tobago,369,2014-01-01,-0.0931532370749871
Trinidad and Tobago,369,2014-02-01,1.2587412587412647
Trinidad and Tobago,369,2014-03-01,0.874769797421757
Trinidad and Tobago,369,2014-04-01,0.2738475581925874
Trinidad and Tobago,369,2014-05-01,0.2730996813836864
Trinidad and Tobago,369,2014-06-01,0.18157058556512112
Trinidad and Tobago,369,2014-07-01,0.7249660172179778
Trinidad and Tobago,369,2014-08-01,1.48448043184884
Trinidad and Tobago,369,2014-09-01,-0.6205673758864728
Trinidad and Tobago,369,2014-10-01,2.3193577163247068
Trinidad and Tobago,369,2014-11-01,1.6564952048826644
Trinidad and Tobago,369,2014-12-01,-0.12864493996617743
Trinidad and Tobago,369,2015-01-01,-0.9446114212107377
Trinidad and Tobago,369,2015-02-01,0
Trinidad and Tobago,369,2015-03-01,0
Trinidad and Tobago,369,2015-04-01,0.7000000000000028
Trinidad and Tobago,369,2015-05-01,0.09930486593842534
Trinidad and Tobago,369,2015-06-01,0.19841269841270123
Trinidad and Tobago,369,2015-07-01,0.7148872551069314
Trinidad and Tobago,369,2015-08-01,-0.021663081567049287
Trinidad and Tobago,369,2015-09-01,0.1966568338249782
Trinidad and Tobago,369,2015-10-01,0.6869479882237376
Trinidad and Tobago,369,2015-11-01,-0.09746588693956562
Trinidad and Tobago,369,2015-12-01,0
Trinidad and Tobago,369,2016-01-01,-0.09756097560975056
Trinidad and Tobago,369,2016-02-01,0.9765625
Trinidad and Tobago,369,2016-03-01,-0.09671179883946665
Trinidad and Tobago,369,2016-04-01,0.8712487899322416
Trinidad and Tobago,369,2016-05-01,0
Trinidad and Tobago,369,2016-06-01,0.19193857965451327
Trinidad and Tobago,369,2016-07-01,0.22761885736685408
Trinidad and Tobago,369,2016-08-01,0.21103220719441296
Trinidad and Tobago,369,2016-09-01,0.1483169063485102
Trinidad and Tobago,369,2016-10-01,0.17448583500456513
Trinidad and Tobago,369,2016-11-01,0.22730671650617065
Trinidad and Tobago,369,2016-12-01,0.25007428671610676
Trinidad and Tobago,369,2017-01-01,0.3784295175023571
Trinidad and Tobago,369,2017-02-01,0
Trinidad and Tobago,369,2017-03-01,0
Trinidad and Tobago,369,2017-04-01,0
Trinidad and Tobago,369,2017-05-01,-0.09425070688029626
Trinidad and Tobago,369,2017-06-01,0
Trinidad and Tobago,369,2017-07-01,0.09433962264150407
Trinidad and Tobago,369,2017-08-01,0.1885014137606059
Trinidad and Tobago,369,2017-09-01,0
Trinidad and Tobago,369,2017-10-01,0.5644402634054643
Trinidad and Tobago,369,2017-11-01,0.28063610851262594
Trinidad and Tobago,369,2017-12-01,-0.0932835820895602
Trinidad and Tobago,369,2018-01-01,-0.09337068160597042
Trinidad and Tobago,369,2018-02-01,0.09345794392522834
Trinidad and Tobago,369,2018-03-01,-0.09337068160597042
Trinidad and Tobago,369,2018-04-01,0.28037383177569825
Trinidad and Tobago,369,2018-05-01,-0.18639328984156836
Trinidad and Tobago,369,2018-06-01,-0.09337068160597042
Trinidad and Tobago,369,2018-07-01,0.3738317757009399
Trinidad and Tobago,369,2018-08-01,0
Trinidad and Tobago,369,2018-09-01,0.09310986964617719
Trinidad and Tobago,369,2018-10-01,0.46511627906976744
Trinidad and Tobago,369,2018-11-01,0.2777777777777751
Trinidad and Tobago,369,2018-12-01,-0.09233610341643057
Angola,614,2011-01-01,NA
Angola,614,2011-02-01,0.8312655483392896
Angola,614,2011-03-01,0.7825147083524568
Angola,614,2011-04-01,0.9197168477197143
Angola,614,2011-05-01,0.9787129117525901
Angola,614,2011-06-01,1.0489808869598427
Angola,614,2011-07-01,0.7450724484727652
Angola,614,2011-08-01,0.726131333280457
Angola,614,2011-09-01,0.7555710334919061
Angola,614,2011-10-01,0.8070120049959908
Angola,614,2011-11-01,0.8622643938922651
Angola,614,2011-12-01,1.7348414084125379
Angola,614,2012-01-01,0.7290247655004064
Angola,614,2012-02-01,0.6898818084425573
Angola,614,2012-03-01,0.6024624623165594
Angola,614,2012-04-01,0.6950028767544725
Angola,614,2012-05-01,0.6486362527935267
Angola,614,2012-06-01,0.6811077123768298
Angola,614,2012-07-01,0.6566949542674805
Angola,614,2012-08-01,0.5969123606930589
Angola,614,2012-09-01,0.546826046586849
Angola,614,2012-10-01,0.9131275550821953
Angola,614,2012-11-01,0.9274899062401097
Angola,614,2012-12-01,0.9857450096553845
Angola,614,2013-01-01,0.6131595288626044
Angola,614,2013-02-01,0.8222671413334931
Angola,614,2013-03-01,0.6608637149495298
Angola,614,2013-04-01,0.5988329421599577
Angola,614,2013-05-01,0.8742208736417024
Angola,614,2013-06-01,0.6251489272838185
Angola,614,2013-07-01,0.5237800454092356
Angola,614,2013-08-01,0.5353824271026599
Angola,614,2013-09-01,0.5046438537352592
Angola,614,2013-10-01,0.4085536692058779
Angola,614,2013-11-01,0.5181040436397779
Angola,614,2013-12-01,0.7464234784537994
Angola,614,2014-01-01,0.7565020283790707
Angola,614,2014-02-01,0.48701748216901497
Angola,614,2014-03-01,0.5050120850638735
Angola,614,2014-04-01,0.5090484964795083
Angola,614,2014-05-01,0.6217205319287727
Angola,614,2014-06-01,0.5678284335488514
Angola,614,2014-07-01,0.6088246196634879
Angola,614,2014-08-01,0.6006810396043796
Angola,614,2014-09-01,0.6343290540035293
Angola,614,2014-10-01,0.677727959254446
Angola,614,2014-11-01,0.531015771623062
Angola,614,2014-12-01,0.7316129836394601
Angola,614,2015-01-01,0.7228701103598244
Angola,614,2015-02-01,0.6306543479264901
Angola,614,2015-03-01,0.5242459339518322
Angola,614,2015-04-01,0.7122867575018337
Angola,614,2015-05-01,1.0347184692543456
Angola,614,2015-06-01,1.081088852523207
Angola,614,2015-07-01,1.1407692041409356
Angola,614,2015-08-01,0.9985702419460153
Angola,614,2015-09-01,1.083036975583555
Angola,614,2015-10-01,1.1654420318762448
Angola,614,2015-11-01,1.189639354375145
Angola,614,2015-12-01,1.378959858425381
Angola,614,2016-01-01,3.323773525998204
Angola,614,2016-02-01,3.298104780119947
Angola,614,2016-03-01,3.2517557714947327
Angola,614,2016-04-01,3.099871162830388
Angola,614,2016-05-01,3.3068756456679136
Angola,614,2016-06-01,3.129053476427178
Angola,614,2016-07-01,4.262698831141909
Angola,614,2016-08-01,3.305429676223653
Angola,614,2016-09-01,2.1373834236768774
Angola,614,2016-10-01,1.5248040970450651
Angola,614,2016-11-01,2.293117038017238
Angola,614,2016-12-01,2.044945356997136
Angola,614,2017-01-01,2.2544724744382365
Angola,614,2017-02-01,2.3024903180398106
Angola,614,2017-03-01,1.912522883579129
Angola,614,2017-04-01,1.8000457232331277
Angola,614,2017-05-01,1.6000042153485712
Angola,614,2017-06-01,1.5234791177825275
Angola,614,2017-07-01,1.688162369421763
Angola,614,2017-08-01,1.5942952933433219
Angola,614,2017-09-01,2.1359325174404273
Angola,614,2017-10-01,2.3940133619722515
Angola,614,2017-11-01,1.0399743201312908
Angola,614,2017-12-01,1.1956650853309356
Angola,614,2018-01-01,1.4703904006736843
Angola,614,2018-02-01,1.258386005284139
Angola,614,2018-03-01,1.4409507548620109
Angola,614,2018-04-01,1.2240395577916108
Angola,614,2018-05-01,1.274989361537
Angola,614,2018-06-01,1.255938656509593
Angola,614,2018-07-01,1.2545309782263816
Angola,614,2018-08-01,1.2124565554970568
Angola,614,2018-09-01,2.690922377922609
Angola,614,2018-10-01,1.387267666337447
Angola,614,2018-11-01,1.3169807689352115
Angola,614,2018-12-01,1.4066221496047153
Myanmar,518,2011-01-01,NA
Myanmar,518,2011-02-01,0.3768456168529939
Myanmar,518,2011-03-01,0.6893156080748908
Myanmar,518,2011-04-01,1.4119804400977924
Myanmar,518,2011-05-01,0.34958712554997606
Myanmar,518,2011-06-01,-0.7207640098503949
Myanmar,518,2011-07-01,-0.9800955895698852
Myanmar,518,2011-08-01,-0.5437771124824071
Myanmar,518,2011-09-01,-0.1412949993856634
Myanmar,518,2011-10-01,-0.15379883112892181
Myanmar,518,2011-11-01,0.418977202711076
Myanmar,518,2011-12-01,-0.30065038655054915
Myanmar,518,2012-01-01,-0.38156194227335904
Myanmar,518,2012-02-01,-0.08648915796622941
Myanmar,518,2012-03-01,0.04946515797935296
Myanmar,518,2012-04-01,0.4387862307644942
Myanmar,518,2012-05-01,0.6399212404626695
Myanmar,518,2012-06-01,0.3546099290779929
Myanmar,518,2012-07-01,0.3716339710004171
Myanmar,518,2012-08-01,0.9650986342943366
Myanmar,518,2012-09-01,1.7434170975116354
Myanmar,518,2012-10-01,1.0635783502713831
Myanmar,518,2012-11-01,0.5437324602431869
Myanmar,518,2012-12-01,0.15700412862718255
Myanmar,518,2013-01-01,-0.23301396291538168
Myanmar,518,2013-02-01,-1.0262214685525652
Myanmar,518,2013-03-01,-0.2234758292426791
Myanmar,518,2013-04-01,1.0792424846905384
Myanmar,518,2013-05-01,1.2039532146505774
Myanmar,518,2013-06-01,0.6953058935590122
Myanmar,518,2013-07-01,0.5094835702588192
Myanmar,518,2013-08-01,1.4348378672159026
Myanmar,518,2013-09-01,0.4633593416183298
Myanmar,518,2013-10-01,-0.021301492283044458
Myanmar,518,2013-11-01,0.5890893349202901
Myanmar,518,2013-12-01,0.006543737290360719
Myanmar,518,2014-01-01,-0.1963122984143841
Myanmar,518,2014-02-01,0.1152762602416036
Myanmar,518,2014-03-01,0.2674734516721491
Myanmar,518,2014-04-01,0.7840899711291279
Myanmar,518,2014-05-01,1.0411468012940042
Myanmar,518,2014-06-01,0.3957441803251712
Myanmar,518,2014-07-01,0.33963474918234077
Myanmar,518,2014-08-01,0.2692127432129126
Myanmar,518,2014-09-01,-0.04482106275789103
Myanmar,518,2014-10-01,0.06786239502278646
Myanmar,518,2014-11-01,0.8113224965732394
Myanmar,518,2014-12-01,1.0078264010007971
Myanmar,518,2015-01-01,0.9489183383210373
Myanmar,518,2015-02-01,-0.05131768145539469
Myanmar,518,2015-03-01,0.3813929351910943
Myanmar,518,2015-04-01,1.0794437828776862
Myanmar,518,2015-05-01,1.4082370272820084
Myanmar,518,2015-06-01,1.1243189130922508
Myanmar,518,2015-07-01,1.417416085477541
Myanmar,518,2015-08-01,3.7133684096493003
Myanmar,518,2015-09-01,0.8793227719239189
Myanmar,518,2015-10-01,0.7272912962116925
Myanmar,518,2015-11-01,0.9039697352619929
Myanmar,518,2015-12-01,-2.3188890813426735
Myanmar,518,2016-01-01,-1.1022940563822525
Myanmar,518,2016-02-01,0.025848181014475752
Myanmar,518,2016-03-01,0.34235839108378724
Myanmar,518,2016-04-01,2.2416064479879227
Myanmar,518,2016-05-01,1.0728447586355394
Myanmar,518,2016-06-01,1.0739410277319676
Myanmar,518,2016-07-01,0.8196886397252072
Myanmar,518,2016-08-01,0.2084699082479814
Myanmar,518,2016-09-01,-0.10825708630893148
Myanmar,518,2016-10-01,0.3680892913798251
Myanmar,518,2016-11-01,0.8687408210219276
Myanmar,518,2016-12-01,0.5899809104297955
Myanmar,518,2017-01-01,0.016538562534574627
Myanmar,518,2017-02-01,0.23946400963329287
Myanmar,518,2017-03-01,-0.5797408648609961
Myanmar,518,2017-04-01,0.08049858583642576
Myanmar,518,2017-05-01,0.2686340842440169
Myanmar,518,2017-06-01,0.1230666169281823
Myanmar,518,2017-07-01,0.20667596639303865
Myanmar,518,2017-08-01,0.3093977603910547
Myanmar,518,2017-09-01,0.8681161960371985
Myanmar,518,2017-10-01,0.9445611789097355
Myanmar,518,2017-11-01,1.3324089185534218
Myanmar,518,2017-12-01,0.5681000760358614
Myanmar,518,2018-01-01,0.7615025541081827
Myanmar,518,2018-02-01,0.12215067308376006
Myanmar,518,2018-03-01,-0.284860467313292
Myanmar,518,2018-04-01,0.5119251674519815
Myanmar,518,2018-05-01,0.29790107040667807
Myanmar,518,2018-06-01,0.6375543259635218
Myanmar,518,2018-07-01,1.2553120907235824
Myanmar,518,2018-08-01,0.8815476127657891
Myanmar,518,2018-09-01,1.2519619350947038
Myanmar,518,2018-10-01,1.1842310941719767
Myanmar,518,2018-11-01,0.8484314706203552
Myanmar,518,2018-12-01,-0.8054537682864102
"Tajikistan, Rep. of",923,2011-01-01,NA
"Tajikistan, Rep. of",923,2011-02-01,1.2999999999999314
"Tajikistan, Rep. of",923,2011-02-01,NA
"Tajikistan, Rep. of",923,2011-03-01,1.1999999999999889
"Tajikistan, Rep. of",923,2011-03-01,NA
"Tajikistan, Rep. of",923,2011-04-01,1.4999999999998834
"Tajikistan, Rep. of",923,2011-04-01,NA
"Tajikistan, Rep. of",923,2011-05-01,0.8000000000000279
"Tajikistan, Rep. of",923,2011-05-01,NA
"Tajikistan, Rep. of",923,2011-06-01,0.19999999999998969
"Tajikistan, Rep. of",923,2011-06-01,NA
"Tajikistan, Rep. of",923,2011-07-01,0.5000000000001427
"Tajikistan, Rep. of",923,2011-07-01,NA
"Tajikistan, Rep. of",923,2011-08-01,0.7999999999999144
"Tajikistan, Rep. of",923,2011-08-01,NA
"Tajikistan, Rep. of",923,2011-09-01,0.5000000000000081
"Tajikistan, Rep. of",923,2011-09-01,NA
"Tajikistan, Rep. of",923,2011-10-01,-0.1000000000000391
"Tajikistan, Rep. of",923,2011-10-01,NA
"Tajikistan, Rep. of",923,2011-11-01,0.1999999999999507
"Tajikistan, Rep. of",923,2011-11-01,NA
"Tajikistan, Rep. of",923,2011-12-01,0.20000000000000404
"Tajikistan, Rep. of",923,2011-12-01,NA
"Tajikistan, Rep. of",923,2012-01-01,0.39999999999999436
"Tajikistan, Rep. of",923,2012-01-01,NA
"Tajikistan, Rep. of",923,2012-02-01,0.20000000000008628
"Tajikistan, Rep. of",923,2012-02-01,NA
"Tajikistan, Rep. of",923,2012-03-01,0.6000000000000175
"Tajikistan, Rep. of",923,2012-03-01,NA
"Tajikistan, Rep. of",923,2012-04-01,0.7000959773303278
"Tajikistan, Rep. of",923,2012-04-01,NA
"Tajikistan, Rep. of",923,2012-05-01,0.39884937997050385
"Tajikistan, Rep. of",923,2012-05-01,NA
"Tajikistan, Rep. of",923,2012-06-01,0.2022439447199961
"Tajikistan, Rep. of",923,2012-06-01,NA
"Tajikistan, Rep. of",923,2012-07-01,0.3988658753423923
"Tajikistan, Rep. of",923,2012-07-01,NA
"Tajikistan, Rep. of",923,2012-08-01,1.299940136012122
"Tajikistan, Rep. of",923,2012-08-01,NA
"Tajikistan, Rep. of",923,2012-09-01,1.2999999999999716
"Tajikistan, Rep. of",923,2012-09-01,NA
"Tajikistan, Rep. of",923,2012-10-01,0.4999999999998271
"Tajikistan, Rep. of",923,2012-10-01,NA
"Tajikistan, Rep. of",923,2012-11-01,0.20000000000004622
"Tajikistan, Rep. of",923,2012-11-01,NA
"Tajikistan, Rep. of",923,2012-12-01,0.1000000000001024
"Tajikistan, Rep. of",923,2012-12-01,NA
"Tajikistan, Rep. of",923,2013-01-01,0.49999999999988354
"Tajikistan, Rep. of",923,2013-01-01,NA
"Tajikistan, Rep. of",923,2013-02-01,0.6000000000000478
"Tajikistan, Rep. of",923,2013-02-01,NA
"Tajikistan, Rep. of",923,2013-03-01,0.10000000000001093
"Tajikistan, Rep. of",923,2013-03-01,NA
"Tajikistan, Rep. of",923,2013-04-01,0.2000000000000014
"Tajikistan, Rep. of",923,2013-04-01,NA
"Tajikistan, Rep. of",923,2013-05-01,0.09999999999986808
"Tajikistan, Rep. of",923,2013-05-01,NA
"Tajikistan, Rep. of",923,2013-06-01,0.09999999999998695
"Tajikistan, Rep. of",923,2013-06-01,NA
"Tajikistan, Rep. of",923,2013-07-01,-0.09999999999992168
"Tajikistan, Rep. of",923,2013-07-01,NA
"Tajikistan, Rep. of",923,2013-08-01,0.9000000000000661
"Tajikistan, Rep. of",923,2013-08-01,NA
"Tajikistan, Rep. of",923,2013-09-01,0.2999999999999272
"Tajikistan, Rep. of",923,2013-09-01,NA
"Tajikistan, Rep. of",923,2013-10-01,0.2999999999998974
"Tajikistan, Rep. of",923,2013-10-01,NA
"Tajikistan, Rep. of",923,2013-11-01,0
"Tajikistan, Rep. of",923,2013-11-01,NA
"Tajikistan, Rep. of",923,2013-12-01,0.6009000000001269
"Tajikistan, Rep. of",923,2013-12-01,NA
"Tajikistan, Rep. of",923,2014-01-01,0.39999999999996877
"Tajikistan, Rep. of",923,2014-01-01,NA
"Tajikistan, Rep. of",923,2014-02-01,0.899999999999961
"Tajikistan, Rep. of",923,2014-02-01,NA
"Tajikistan, Rep. of",923,2014-03-01,1.1000000000000456
"Tajikistan, Rep. of",923,2014-03-01,NA
"Tajikistan, Rep. of",923,2014-04-01,1.2999999999999512
"Tajikistan, Rep. of",923,2014-04-01,NA
"Tajikistan, Rep. of",923,2014-05-01,0.599999999999905
"Tajikistan, Rep. of",923,2014-05-01,NA
"Tajikistan, Rep. of",923,2014-06-01,0.10000000000009979
"Tajikistan, Rep. of",923,2014-06-01,NA
"Tajikistan, Rep. of",923,2014-07-01,0.20000000000006457
"Tajikistan, Rep. of",923,2014-07-01,NA
"Tajikistan, Rep. of",923,2014-08-01,0.6999999999998526
"Tajikistan, Rep. of",923,2014-08-01,NA
"Tajikistan, Rep. of",923,2014-09-01,0.20000000000014942
"Tajikistan, Rep. of",923,2014-09-01,NA
"Tajikistan, Rep. of",923,2014-10-01,0.3999999999998503
"Tajikistan, Rep. of",923,2014-10-01,NA
"Tajikistan, Rep. of",923,2014-11-01,0.70000000000001
"Tajikistan, Rep. of",923,2014-11-01,NA
"Tajikistan, Rep. of",923,2014-12-01,0.5000000000000058
"Tajikistan, Rep. of",923,2014-12-01,NA
"Tajikistan, Rep. of",923,2015-01-01,0.6000000000000687
"Tajikistan, Rep. of",923,2015-01-01,NA
"Tajikistan, Rep. of",923,2015-02-01,0.10999999999999663
"Tajikistan, Rep. of",923,2015-02-01,NA
"Tajikistan, Rep. of",923,2015-03-01,0.8000000000000574
"Tajikistan, Rep. of",923,2015-03-01,NA
"Tajikistan, Rep. of",923,2015-04-01,0.6899999999998501
"Tajikistan, Rep. of",923,2015-04-01,NA
"Tajikistan, Rep. of",923,2015-05-01,0.31000000000009265
"Tajikistan, Rep. of",923,2015-05-01,NA
"Tajikistan, Rep. of",923,2015-06-01,0.07758061543721709
"Tajikistan, Rep. of",923,2015-06-01,NA
"Tajikistan, Rep. of",923,2015-07-01,0.10000000000011512
"Tajikistan, Rep. of",923,2015-07-01,NA
"Tajikistan, Rep. of",923,2015-08-01,0.49999999999984174
"Tajikistan, Rep. of",923,2015-08-01,NA
"Tajikistan, Rep. of",923,2015-09-01,0.40000000000006486
"Tajikistan, Rep. of",923,2015-09-01,NA
"Tajikistan, Rep. of",923,2015-10-01,0.45779599228535456
"Tajikistan, Rep. of",923,2015-10-01,NA
"Tajikistan, Rep. of",923,2015-11-01,0.6000000000000111
"Tajikistan, Rep. of",923,2015-11-01,NA
"Tajikistan, Rep. of",923,2015-12-01,0.39999999999993363
"Tajikistan, Rep. of",923,2015-12-01,NA
"Tajikistan, Rep. of",923,2016-01-01,1.4000000000000339
"Tajikistan, Rep. of",923,2016-01-01,NA
"Tajikistan, Rep. of",923,2016-02-01,0.49475330600628764
"Tajikistan, Rep. of",923,2016-02-01,NA
"Tajikistan, Rep. of",923,2016-03-01,0.19999999999984122
"Tajikistan, Rep. of",923,2016-03-01,NA
"Tajikistan, Rep. of",923,2016-04-01,0.4146423410369575
"Tajikistan, Rep. of",923,2016-04-01,NA
"Tajikistan, Rep. of",923,2016-05-01,0.2000000000000219
"Tajikistan, Rep. of",923,2016-05-01,NA
"Tajikistan, Rep. of",923,2016-06-01,0.3000000000000218
"Tajikistan, Rep. of",923,2016-06-01,NA
"Tajikistan, Rep. of",923,2016-07-01,0.5999999999999991
"Tajikistan, Rep. of",923,2016-07-01,NA
"Tajikistan, Rep. of",923,2016-08-01,0.8000000000000165
"Tajikistan, Rep. of",923,2016-08-01,NA
"Tajikistan, Rep. of",923,2016-09-01,0.3999999999999533
"Tajikistan, Rep. of",923,2016-09-01,NA
"Tajikistan, Rep. of",923,2016-10-01,0.19999999999992726
"Tajikistan, Rep. of",923,2016-10-01,NA
"Tajikistan, Rep. of",923,2016-11-01,0.599999999999978
"Tajikistan, Rep. of",923,2016-11-01,NA
"Tajikistan, Rep. of",923,2016-12-01,0.3000000000000418
"Tajikistan, Rep. of",923,2016-12-01,NA
"Tajikistan, Rep. of",923,2017-01-01,0.6000000000000857
"Tajikistan, Rep. of",923,2017-01-01,NA
"Tajikistan, Rep. of",923,2017-02-01,1.1247644138044555
"Tajikistan, Rep. of",923,2017-02-01,NA
"Tajikistan, Rep. of",923,2017-03-01,1.500187662405398
"Tajikistan, Rep. of",923,2017-03-01,NA
"Tajikistan, Rep. of",923,2017-04-01,1.1999999999999795
"Tajikistan, Rep. of",923,2017-04-01,NA
"Tajikistan, Rep. of",923,2017-05-01,0.6999999999999229
"Tajikistan, Rep. of",923,2017-05-01,NA
"Tajikistan, Rep. of",923,2017-06-01,NA
"Tajikistan, Rep. of",923,2017-06-01,NA
"Tajikistan, Rep. of",923,2017-07-01,NA
"Tajikistan, Rep. of",923,2017-07-01,NA
"Tajikistan, Rep. of",923,2017-08-01,NA
"Tajikistan, Rep. of",923,2017-08-01,NA
"Tajikistan, Rep. of",923,2017-09-01,NA
"Tajikistan, Rep. of",923,2017-09-01,NA
"Tajikistan, Rep. of",923,2017-10-01,NA
"Tajikistan, Rep. of",923,2017-10-01,NA
"Tajikistan, Rep. of",923,2017-11-01,NA
"Tajikistan, Rep. of",923,2017-11-01,NA
"Tajikistan, Rep. of",923,2017-12-01,NA
"Tajikistan, Rep. of",923,2017-12-01,NA
"Tajikistan, Rep. of",923,2018-01-01,NA
"Tajikistan, Rep. of",923,2018-01-01,NA
"Tajikistan, Rep. of",923,2018-02-01,NA
"Tajikistan, Rep. of",923,2018-02-01,NA
"Tajikistan, Rep. of",923,2018-03-01,NA
"Tajikistan, Rep. of",923,2018-03-01,NA
"Tajikistan, Rep. of",923,2018-04-01,NA
"Tajikistan, Rep. of",923,2018-04-01,NA
"Tajikistan, Rep. of",923,2018-05-01,NA
"Tajikistan, Rep. of",923,2018-05-01,NA
"Tajikistan, Rep. of",923,2018-06-01,NA
"Tajikistan, Rep. of",923,2018-06-01,NA
"Tajikistan, Rep. of",923,2018-07-01,NA
"Tajikistan, Rep. of",923,2018-07-01,NA
"Tajikistan, Rep. of",923,2018-08-01,NA
"Tajikistan, Rep. of",923,2018-08-01,NA
"Tajikistan, Rep. of",923,2018-09-01,NA
"Tajikistan, Rep. of",923,2018-09-01,NA
"Tajikistan, Rep. of",923,2018-10-01,NA
"Tajikistan, Rep. of",923,2018-10-01,NA
"Tajikistan, Rep. of",923,2018-11-01,NA
"Tajikistan, Rep. of",923,2018-11-01,NA
"Tajikistan, Rep. of",923,2018-12-01,NA
"Tajikistan, Rep. of",923,2018-12-01,NA
"Tajikistan, Rep. of",923,2011-01-01,NA
"Tajikistan, Rep. of",923,2011-02-01,NA
"Tajikistan, Rep. of",923,2011-02-01,NA
"Tajikistan, Rep. of",923,2011-03-01,NA
"Tajikistan, Rep. of",923,2011-03-01,NA
"Tajikistan, Rep. of",923,2011-04-01,NA
"Tajikistan, Rep. of",923,2011-04-01,NA
"Tajikistan, Rep. of",923,2011-05-01,NA
"Tajikistan, Rep. of",923,2011-05-01,NA
"Tajikistan, Rep. of",923,2011-06-01,NA
"Tajikistan, Rep. of",923,2011-06-01,NA
"Tajikistan, Rep. of",923,2011-07-01,NA
"Tajikistan, Rep. of",923,2011-07-01,NA
"Tajikistan, Rep. of",923,2011-08-01,NA
"Tajikistan, Rep. of",923,2011-08-01,NA
"Tajikistan, Rep. of",923,2011-09-01,NA
"Tajikistan, Rep. of",923,2011-09-01,NA
"Tajikistan, Rep. of",923,2011-10-01,NA
"Tajikistan, Rep. of",923,2011-10-01,NA
"Tajikistan, Rep. of",923,2011-11-01,NA
"Tajikistan, Rep. of",923,2011-11-01,NA
"Tajikistan, Rep. of",923,2011-12-01,NA
"Tajikistan, Rep. of",923,2011-12-01,NA
"Tajikistan, Rep. of",923,2012-01-01,NA
"Tajikistan, Rep. of",923,2012-01-01,NA
"Tajikistan, Rep. of",923,2012-02-01,NA
"Tajikistan, Rep. of",923,2012-02-01,NA
"Tajikistan, Rep. of",923,2012-03-01,NA
"Tajikistan, Rep. of",923,2012-03-01,NA
"Tajikistan, Rep. of",923,2012-04-01,NA
"Tajikistan, Rep. of",923,2012-04-01,NA
"Tajikistan, Rep. of",923,2012-05-01,NA
"Tajikistan, Rep. of",923,2012-05-01,NA
"Tajikistan, Rep. of",923,2012-06-01,NA
"Tajikistan, Rep. of",923,2012-06-01,NA
"Tajikistan, Rep. of",923,2012-07-01,NA
"Tajikistan, Rep. of",923,2012-07-01,NA
"Tajikistan, Rep. of",923,2012-08-01,NA
"Tajikistan, Rep. of",923,2012-08-01,NA
"Tajikistan, Rep. of",923,2012-09-01,NA
"Tajikistan, Rep. of",923,2012-09-01,NA
"Tajikistan, Rep. of",923,2012-10-01,NA
"Tajikistan, Rep. of",923,2012-10-01,NA
"Tajikistan, Rep. of",923,2012-11-01,NA
"Tajikistan, Rep. of",923,2012-11-01,NA
"Tajikistan, Rep. of",923,2012-12-01,NA
"Tajikistan, Rep. of",923,2012-12-01,NA
"Tajikistan, Rep. of",923,2013-01-01,NA
"Tajikistan, Rep. of",923,2013-01-01,NA
"Tajikistan, Rep. of",923,2013-02-01,NA
"Tajikistan, Rep. of",923,2013-02-01,NA
"Tajikistan, Rep. of",923,2013-03-01,NA
"Tajikistan, Rep. of",923,2013-03-01,NA
"Tajikistan, Rep. of",923,2013-04-01,NA
"Tajikistan, Rep. of",923,2013-04-01,NA
"Tajikistan, Rep. of",923,2013-05-01,NA
"Tajikistan, Rep. of",923,2013-05-01,NA
"Tajikistan, Rep. of",923,2013-06-01,NA
"Tajikistan, Rep. of",923,2013-06-01,NA
"Tajikistan, Rep. of",923,2013-07-01,NA
"Tajikistan, Rep. of",923,2013-07-01,NA
"Tajikistan, Rep. of",923,2013-08-01,NA
"Tajikistan, Rep. of",923,2013-08-01,NA
"Tajikistan, Rep. of",923,2013-09-01,NA
"Tajikistan, Rep. of",923,2013-09-01,NA
"Tajikistan, Rep. of",923,2013-10-01,NA
"Tajikistan, Rep. of",923,2013-10-01,NA
"Tajikistan, Rep. of",923,2013-11-01,NA
"Tajikistan, Rep. of",923,2013-11-01,NA
"Tajikistan, Rep. of",923,2013-12-01,NA
"Tajikistan, Rep. of",923,2013-12-01,NA
"Tajikistan, Rep. of",923,2014-01-01,NA
"Tajikistan, Rep. of",923,2014-01-01,NA
"Tajikistan, Rep. of",923,2014-02-01,NA
"Tajikistan, Rep. of",923,2014-02-01,NA
"Tajikistan, Rep. of",923,2014-03-01,NA
"Tajikistan, Rep. of",923,2014-03-01,NA
"Tajikistan, Rep. of",923,2014-04-01,NA
"Tajikistan, Rep. of",923,2014-04-01,NA
"Tajikistan, Rep. of",923,2014-05-01,NA
"Tajikistan, Rep. of",923,2014-05-01,NA
"Tajikistan, Rep. of",923,2014-06-01,NA
"Tajikistan, Rep. of",923,2014-06-01,NA
"Tajikistan, Rep. of",923,2014-07-01,NA
"Tajikistan, Rep. of",923,2014-07-01,NA
"Tajikistan, Rep. of",923,2014-08-01,NA
"Tajikistan, Rep. of",923,2014-08-01,NA
"Tajikistan, Rep. of",923,2014-09-01,NA
"Tajikistan, Rep. of",923,2014-09-01,NA
"Tajikistan, Rep. of",923,2014-10-01,NA
"Tajikistan, Rep. of",923,2014-10-01,NA
"Tajikistan, Rep. of",923,2014-11-01,NA
"Tajikistan, Rep. of",923,2014-11-01,NA
"Tajikistan, Rep. of",923,2014-12-01,NA
"Tajikistan, Rep. of",923,2014-12-01,NA
"Tajikistan, Rep. of",923,2015-01-01,NA
"Tajikistan, Rep. of",923,2015-01-01,NA
"Tajikistan, Rep. of",923,2015-02-01,NA
"Tajikistan, Rep. of",923,2015-02-01,NA
"Tajikistan, Rep. of",923,2015-03-01,NA
"Tajikistan, Rep. of",923,2015-03-01,NA
"Tajikistan, Rep. of",923,2015-04-01,NA
"Tajikistan, Rep. of",923,2015-04-01,NA
"Tajikistan, Rep. of",923,2015-05-01,NA
"Tajikistan, Rep. of",923,2015-05-01,NA
"Tajikistan, Rep. of",923,2015-06-01,NA
"Tajikistan, Rep. of",923,2015-06-01,NA
"Tajikistan, Rep. of",923,2015-07-01,NA
"Tajikistan, Rep. of",923,2015-07-01,NA
"Tajikistan, Rep. of",923,2015-08-01,NA
"Tajikistan, Rep. of",923,2015-08-01,NA
"Tajikistan, Rep. of",923,2015-09-01,NA
"Tajikistan, Rep. of",923,2015-09-01,NA
"Tajikistan, Rep. of",923,2015-10-01,NA
"Tajikistan, Rep. of",923,2015-10-01,NA
"Tajikistan, Rep. of",923,2015-11-01,NA
"Tajikistan, Rep. of",923,2015-11-01,NA
"Tajikistan, Rep. of",923,2015-12-01,NA
"Tajikistan, Rep. of",923,2015-12-01,NA
"Tajikistan, Rep. of",923,2016-01-01,NA
"Tajikistan, Rep. of",923,2016-01-01,NA
"Tajikistan, Rep. of",923,2016-02-01,NA
"Tajikistan, Rep. of",923,2016-02-01,NA
"Tajikistan, Rep. of",923,2016-03-01,NA
"Tajikistan, Rep. of",923,2016-03-01,NA
"Tajikistan, Rep. of",923,2016-04-01,NA
"Tajikistan, Rep. of",923,2016-04-01,NA
"Tajikistan, Rep. of",923,2016-05-01,NA
"Tajikistan, Rep. of",923,2016-05-01,NA
"Tajikistan, Rep. of",923,2016-06-01,NA
"Tajikistan, Rep. of",923,2016-06-01,NA
"Tajikistan, Rep. of",923,2016-07-01,NA
"Tajikistan, Rep. of",923,2016-07-01,NA
"Tajikistan, Rep. of",923,2016-08-01,NA
"Tajikistan, Rep. of",923,2016-08-01,NA
"Tajikistan, Rep. of",923,2016-09-01,NA
"Tajikistan, Rep. of",923,2016-09-01,NA
"Tajikistan, Rep. of",923,2016-10-01,NA
"Tajikistan, Rep. of",923,2016-10-01,NA
"Tajikistan, Rep. of",923,2016-11-01,NA
"Tajikistan, Rep. of",923,2016-11-01,NA
"Tajikistan, Rep. of",923,2016-12-01,NA
"Tajikistan, Rep. of",923,2016-12-01,NA
"Tajikistan, Rep. of",923,2017-01-01,NA
"Tajikistan, Rep. of",923,2017-01-01,NA
"Tajikistan, Rep. of",923,2017-02-01,NA
"Tajikistan, Rep. of",923,2017-02-01,NA
"Tajikistan, Rep. of",923,2017-03-01,NA
"Tajikistan, Rep. of",923,2017-03-01,NA
"Tajikistan, Rep. of",923,2017-04-01,NA
"Tajikistan, Rep. of",923,2017-04-01,NA
"Tajikistan, Rep. of",923,2017-05-01,NA
"Tajikistan, Rep. of",923,2017-05-01,NA
"Tajikistan, Rep. of",923,2017-06-01,NA
"Tajikistan, Rep. of",923,2017-06-01,NA
"Tajikistan, Rep. of",923,2017-07-01,NA
"Tajikistan, Rep. of",923,2017-07-01,NA
"Tajikistan, Rep. of",923,2017-08-01,NA
"Tajikistan, Rep. of",923,2017-08-01,NA
"Tajikistan, Rep. of",923,2017-09-01,NA
"Tajikistan, Rep. of",923,2017-09-01,NA
"Tajikistan, Rep. of",923,2017-10-01,NA
"Tajikistan, Rep. of",923,2017-10-01,NA
"Tajikistan, Rep. of",923,2017-11-01,NA
"Tajikistan, Rep. of",923,2017-11-01,NA
"Tajikistan, Rep. of",923,2017-12-01,NA
"Tajikistan, Rep. of",923,2017-12-01,NA
"Tajikistan, Rep. of",923,2018-01-01,NA
"Tajikistan, Rep. of",923,2018-01-01,NA
"Tajikistan, Rep. of",923,2018-02-01,NA
"Tajikistan, Rep. of",923,2018-02-01,NA
"Tajikistan, Rep. of",923,2018-03-01,NA
"Tajikistan, Rep. of",923,2018-03-01,NA
"Tajikistan, Rep. of",923,2018-04-01,NA
"Tajikistan, Rep. of",923,2018-04-01,NA
"Tajikistan, Rep. of",923,2018-05-01,NA
"Tajikistan, Rep. of",923,2018-05-01,NA
"Tajikistan, Rep. of",923,2018-06-01,NA
"Tajikistan, Rep. of",923,2018-06-01,NA
"Tajikistan, Rep. of",923,2018-07-01,NA
"Tajikistan, Rep. of",923,2018-07-01,NA
"Tajikistan, Rep. of",923,2018-08-01,NA
"Tajikistan, Rep. of",923,2018-08-01,NA
"Tajikistan, Rep. of",923,2018-09-01,NA
"Tajikistan, Rep. of",923,2018-09-01,NA
"Tajikistan, Rep. of",923,2018-10-01,NA
"Tajikistan, Rep. of",923,2018-10-01,NA
"Tajikistan, Rep. of",923,2018-11-01,NA
"Tajikistan, Rep. of",923,2018-11-01,NA
"Tajikistan, Rep. of",923,2018-12-01,NA
"Tajikistan, Rep. of",923,2018-12-01,NA
Libya,672,2011-01-01,NA
Libya,672,2011-02-01,-0.1507159005271441
Libya,672,2011-03-01,0.9056603773581716
Libya,672,2011-04-01,5.7591623036648985
Libya,672,2011-05-01,2.1923620933521404
Libya,672,2011-06-01,0.06920415224982636
Libya,672,2011-07-01,1.3831258644528843
Libya,672,2011-08-01,9.686221009550055
Libya,672,2011-09-01,4.228855721392825
Libya,672,2011-10-01,0.1193317422438794
Libya,672,2011-11-01,-1.132300357568746
Libya,672,2011-12-01,0.8438818565402885
Libya,672,2012-01-01,-3.4668260609680854
Libya,672,2012-02-01,-2.3529411764710235
Libya,672,2012-03-01,-0.06341154090029166
Libya,672,2012-04-01,-0.8883248730966492
Libya,672,2012-05-01,1.024327784891064
Libya,672,2012-06-01,-0.19011406844060855
Libya,672,2012-07-01,1.1428571428567447
Libya,672,2012-08-01,1.0056497175146697
Libya,672,2012-09-01,0.9310014791606371
Libya,672,2012-10-01,-0.45640394088641306
Libya,672,2012-11-01,-0.35209960732146567
Libya,672,2012-12-01,0.03954321073486171
Libya,672,2013-01-01,-0.15717953029809612
Libya,672,2013-02-01,1.429459291485783
Libya,672,2013-03-01,-0.18382352941207153
Libya,672,2013-04-01,0
Libya,672,2013-05-01,-0.6752608962552722
Libya,672,2013-06-01,1.3597033374541787
Libya,672,2013-07-01,0.9756097560974696
Libya,672,2013-08-01,0
Libya,672,2013-09-01,-0.603864734299561
Libya,672,2013-10-01,-0.12150668286800767
Libya,672,2013-11-01,0.30413625304137565
Libya,672,2013-12-01,-0.6064281382656416
Libya,672,2014-01-01,0.12202562538178251
Libya,672,2014-02-01,0.06093845216316854
Libya,672,2014-03-01,-1.7052375152257222
Libya,672,2014-04-01,0
Libya,672,2014-05-01,1.3011152416356153
Libya,672,2014-06-01,1.4678899082571173
Libya,672,2014-07-01,0.6027727546715145
Libya,672,2014-08-01,2.216896345116679
Libya,672,2014-09-01,-1.1723329425557576
Libya,672,2014-10-01,3.7366548042709806
Libya,672,2014-11-01,0.2858776443682217
Libya,672,2014-12-01,0.11402508551854006
Libya,672,2015-01-01,-0.9111617312072084
Libya,672,2015-02-01,1.058574453069866
Libya,672,2015-03-01,0.27932960893855147
Libya,672,2015-04-01,1.0445682451253482
Libya,672,2015-05-01,-0.41350792556856947
Libya,672,2015-06-01,0.4152249134948057
Libya,672,2015-07-01,0.9648518263266752
Libya,672,2015-08-01,3.4812286689419754
Libya,672,2015-09-01,2.044854881266487
Libya,672,2015-10-01,4.654169360051724
Libya,672,2015-11-01,1.482396541074741
Libya,672,2015-12-01,1.7650639074862917
Libya,672,2016-01-01,3.528708133971296
Libya,672,2016-02-01,1.5020219526285352
Libya,672,2016-03-01,3.3579965850882223
Libya,672,2016-04-01,-1.3215859030837036
Libya,672,2016-05-01,0.33482142857144126
Libya,672,2016-06-01,2.836484983314791
Libya,672,2016-07-01,4.272579772850192
Libya,672,2016-08-01,2.2821576763485356
Libya,672,2016-09-01,1.2170385395537555
Libya,672,2016-10-01,0.9018036072144346
Libya,672,2016-11-01,1.58887785501489
Libya,672,2016-12-01,1.3196480938416506
Libya,672,2017-01-01,2.508441871683545
Libya,672,2017-02-01,2.07058823529412
Libya,672,2017-03-01,4.933148916551401
Libya,672,2017-04-01,1.9332161687170502
Libya,672,2017-05-01,1.9396551724137931
Libya,672,2017-06-01,0.08456659619449837
Libya,672,2017-07-01,0.7182087029995848
Libya,672,2017-08-01,2.3489932885906017
Libya,672,2017-09-01,-0.08196721311474944
Libya,672,2017-10-01,2.8301886792452735
Libya,672,2017-11-01,3.8691663342640563
Libya,672,2017-12-01,1.88172043010754
Libya,672,2018-01-01,2.563136072370905
Libya,672,2018-02-01,-3.013597941933129
Libya,672,2018-03-01,0.8336491095111958
Libya,672,2018-04-01,-0.33821871476889664
Libya,672,2018-05-01,2.1116138763197676
Libya,672,2018-06-01,0.7754800590841824
Libya,672,2018-07-01,1.2458776108464764
Libya,672,2018-08-01,1.4477017734346724
Libya,672,2018-09-01,-0.35676061362825545
Libya,672,2018-10-01,-3.83100608664518
Libya,672,2018-11-01,-0.8935219657483373
Libya,672,2018-12-01,-2.17881292261458
"Kosovo, Rep. of",967,2011-01-01,NA
"Kosovo, Rep. of",967,2011-02-01,2.168473728106747
"Kosovo, Rep. of",967,2011-03-01,1.1428571428570953
"Kosovo, Rep. of",967,2011-04-01,-1.2106537530266253
"Kosovo, Rep. of",967,2011-05-01,0.08169934640526642
"Kosovo, Rep. of",967,2011-06-01,-0.8979591836734709
"Kosovo, Rep. of",967,2011-07-01,-0.4942339373970098
"Kosovo, Rep. of",967,2011-08-01,0.08278145695359095
"Kosovo, Rep. of",967,2011-09-01,-0.16542597187758648
"Kosovo, Rep. of",967,2011-10-01,1.1599005799503466
"Kosovo, Rep. of",967,2011-11-01,-0.08190008190013438
"Kosovo, Rep. of",967,2011-12-01,0.40983606557379687
"Kosovo, Rep. of",967,2012-01-01,0.7346938775510498
"Kosovo, Rep. of",967,2012-02-01,0.9724473257698051
"Kosovo, Rep. of",967,2012-03-01,0.08025682182989254
"Kosovo, Rep. of",967,2012-04-01,-0.6415396952687088
"Kosovo, Rep. of",967,2012-05-01,-0.08071025020172554
"Kosovo, Rep. of",967,2012-06-01,-0.24232633279486918
"Kosovo, Rep. of",967,2012-07-01,0
"Kosovo, Rep. of",967,2012-08-01,0.9716599190283939
"Kosovo, Rep. of",967,2012-09-01,0.8019246190857704
"Kosovo, Rep. of",967,2012-10-01,0.7955449482895434
"Kosovo, Rep. of",967,2012-11-01,-0.3157063930544484
"Kosovo, Rep. of",967,2012-12-01,0.5542359461596641
"Kosovo, Rep. of",967,2013-01-01,0.629921259842897
"Kosovo, Rep. of",967,2013-02-01,0.056109337678001144
"Kosovo, Rep. of",967,2013-03-01,0.03664553650993803
"Kosovo, Rep. of",967,2013-04-01,-0.7744100229941698
"Kosovo, Rep. of",967,2013-05-01,-0.3387451307745778
"Kosovo, Rep. of",967,2013-06-01,0.20504458530734895
"Kosovo, Rep. of",967,2013-07-01,-0.32863768481232
"Kosovo, Rep. of",967,2013-08-01,-0.07647543360221022
"Kosovo, Rep. of",967,2013-09-01,-0.21083672006152945
"Kosovo, Rep. of",967,2013-10-01,0.8076151107662558
"Kosovo, Rep. of",967,2013-11-01,0.23458829934212516
"Kosovo, Rep. of",967,2013-12-01,0.27677390841722915
"Kosovo, Rep. of",967,2014-01-01,0.34458435565141005
"Kosovo, Rep. of",967,2014-02-01,-0.030232795153075462
"Kosovo, Rep. of",967,2014-03-01,0.1691193332242808
"Kosovo, Rep. of",967,2014-04-01,-0.7836146490960861
"Kosovo, Rep. of",967,2014-05-01,-0.08695218873352681
"Kosovo, Rep. of",967,2014-06-01,0.08231942811690872
"Kosovo, Rep. of",967,2014-07-01,0.07361312090020605
"Kosovo, Rep. of",967,2014-08-01,0.06525059394967933
"Kosovo, Rep. of",967,2014-09-01,0.2011679162965623
"Kosovo, Rep. of",967,2014-10-01,0.10167977047591599
"Kosovo, Rep. of",967,2014-11-01,-0.32715042099862474
"Kosovo, Rep. of",967,2014-12-01,-0.24635008175353862
"Kosovo, Rep. of",967,2015-01-01,0.18566198509519172
"Kosovo, Rep. of",967,2015-02-01,0.2965097209497338
"Kosovo, Rep. of",967,2015-03-01,0.06249666175229509
"Kosovo, Rep. of",967,2015-04-01,-0.8224536184606007
"Kosovo, Rep. of",967,2015-05-01,-0.1296251728472727
"Kosovo, Rep. of",967,2015-06-01,0.10967637532214974
"Kosovo, Rep. of",967,2015-07-01,-0.23932163146747626
"Kosovo, Rep. of",967,2015-08-01,0.12260877546074853
"Kosovo, Rep. of",967,2015-09-01,-0.3380024495822521
"Kosovo, Rep. of",967,2015-10-01,0.5739404201231781
"Kosovo, Rep. of",967,2015-11-01,0.10130220893481187
"Kosovo, Rep. of",967,2015-12-01,-0.049628895055985535
"Kosovo, Rep. of",967,2016-01-01,0.44280852287052463
"Kosovo, Rep. of",967,2016-02-01,0.19075637515613533
"Kosovo, Rep. of",967,2016-03-01,0.09561754511040556
"Kosovo, Rep. of",967,2016-04-01,-0.9748770710615331
"Kosovo, Rep. of",967,2016-05-01,-0.15369362749096865
"Kosovo, Rep. of",967,2016-06-01,-0.05899141868154025
"Kosovo, Rep. of",967,2016-07-01,0.023413450557414235
"Kosovo, Rep. of",967,2016-08-01,0.18843169704043014
"Kosovo, Rep. of",967,2016-09-01,0.178372677750064
"Kosovo, Rep. of",967,2016-10-01,0.9143926466690547
"Kosovo, Rep. of",967,2016-11-01,0.08947012223816968
"Kosovo, Rep. of",967,2016-12-01,0.36213972932903776
"Kosovo, Rep. of",967,2017-01-01,0.8281401863699217
"Kosovo, Rep. of",967,2017-02-01,0.1677193005088742
"Kosovo, Rep. of",967,2017-03-01,-0.050912908950830296
"Kosovo, Rep. of",967,2017-04-01,-0.2901059742162828
"Kosovo, Rep. of",967,2017-05-01,-0.8022940654991431
"Kosovo, Rep. of",967,2017-06-01,0.3069975678703428
"Kosovo, Rep. of",967,2017-07-01,-0.2074069796374995
"Kosovo, Rep. of",967,2017-08-01,0.21438828550827937
"Kosovo, Rep. of",967,2017-09-01,0.13578612583108687
"Kosovo, Rep. of",967,2017-10-01,0.15580104805189932
"Kosovo, Rep. of",967,2017-11-01,0.06433419150864594
"Kosovo, Rep. of",967,2017-12-01,-0.01916049798596682
"Kosovo, Rep. of",967,2018-01-01,0.15246996837095234
"Kosovo, Rep. of",967,2018-02-01,0.3284052304091059
"Kosovo, Rep. of",967,2018-03-01,0.06741200278508586
"Kosovo, Rep. of",967,2018-04-01,0.014883218776342546
"Kosovo, Rep. of",967,2018-05-01,-0.2264805343879886
"Kosovo, Rep. of",967,2018-06-01,0.12323734567017273
"Kosovo, Rep. of",967,2018-07-01,0.22073950826367023
"Kosovo, Rep. of",967,2018-08-01,0.43959961038242035
"Kosovo, Rep. of",967,2018-09-01,0.11039465360110834
"Kosovo, Rep. of",967,2018-10-01,0.1682608589810819
"Kosovo, Rep. of",967,2018-11-01,0.6694514304107242
"Kosovo, Rep. of",967,2018-12-01,0.7908987442651227
Guinea-Bissau,654,2011-01-01,NA
Guinea-Bissau,654,2011-02-01,-0.7774538386783468
Guinea-Bissau,654,2011-03-01,0.5876591576885782
Guinea-Bissau,654,2011-04-01,1.0710808179162412
Guinea-Bissau,654,2011-05-01,1.1560693641619422
Guinea-Bissau,654,2011-06-01,0.9523809523809326
Guinea-Bissau,654,2011-07-01,-0.1886792452831097
Guinea-Bissau,654,2011-08-01,-0.3780718336483383
Guinea-Bissau,654,2011-09-01,0.284629981024631
Guinea-Bissau,654,2011-10-01,-1.3245033112582227
Guinea-Bissau,654,2011-11-01,0.287631831255955
Guinea-Bissau,654,2011-12-01,0.28680688336516363
Guinea-Bissau,654,2012-01-01,0.1906577693041911
Guinea-Bissau,654,2012-02-01,0.19029495718361603
Guinea-Bissau,654,2012-03-01,-0.3798670465337861
Guinea-Bissau,654,2012-04-01,0.8579599618684458
Guinea-Bissau,654,2012-05-01,1.4177693761815289
Guinea-Bissau,654,2012-06-01,0.46598322460396785
Guinea-Bissau,654,2012-07-01,-0.27829313543608175
Guinea-Bissau,654,2012-08-01,0.18604651162788893
Guinea-Bissau,654,2012-09-01,0.37140204271130645
Guinea-Bissau,654,2012-10-01,-1.2950971322849913
Guinea-Bissau,654,2012-11-01,0.2811621368323303
Guinea-Bissau,654,2012-12-01,-0.28037383177579084
Guinea-Bissau,654,2013-01-01,0.09372071227741328
Guinea-Bissau,654,2013-02-01,0.28089887640456657
Guinea-Bissau,654,2013-03-01,0
Guinea-Bissau,654,2013-04-01,0.5975723622782728
Guinea-Bissau,654,2013-05-01,0.603304250974469
Guinea-Bissau,654,2013-06-01,0.4243933942246555
Guinea-Bissau,654,2013-07-01,-1.2126779972439086
Guinea-Bissau,654,2013-08-01,0.8090765367803658
Guinea-Bissau,654,2013-09-01,-0.3690036900368467
Guinea-Bissau,654,2013-10-01,0.5555555555554654
Guinea-Bissau,654,2013-11-01,-0.16574585635352354
Guinea-Bissau,654,2013-12-01,0
Guinea-Bissau,654,2014-01-01,-1.9553587898911762
Guinea-Bissau,654,2014-02-01,-1.4111006585136938
Guinea-Bissau,654,2014-03-01,-0.3816793893129217
Guinea-Bissau,654,2014-04-01,0.7662835249042323
Guinea-Bissau,654,2014-05-01,0.475285171102606
Guinea-Bissau,654,2014-06-01,-0.7568590350047483
Guinea-Bissau,654,2014-07-01,2.0019065776931324
Guinea-Bissau,654,2014-08-01,0.18691588785044902
Guinea-Bissau,654,2014-09-01,0.9328358208955034
Guinea-Bissau,654,2014-10-01,-0.09242144177447376
Guinea-Bissau,654,2014-11-01,-0.5550416281221622
Guinea-Bissau,654,2014-12-01,-0.9302325581395164
Guinea-Bissau,654,2015-01-01,0.09389671361500528
Guinea-Bissau,654,2015-02-01,-1.1632270168854912
Guinea-Bissau,654,2015-03-01,-0.08542141230077673
Guinea-Bissau,654,2015-04-01,0.3514771539849964
Guinea-Bissau,654,2015-05-01,0.4070427868231857
Guinea-Bissau,654,2015-06-01,0.9710568492505619
Guinea-Bissau,654,2015-07-01,1.1204481792716714
Guinea-Bissau,654,2015-08-01,1.5697137580794436
Guinea-Bissau,654,2015-09-01,0.9999999999999638
Guinea-Bissau,654,2015-10-01,-0.8100810081008096
Guinea-Bissau,654,2015-11-01,-0.27223230490014627
Guinea-Bissau,654,2015-12-01,-0.7279344858962861
Guinea-Bissau,654,2016-01-01,0.09165902841429872
Guinea-Bissau,654,2016-02-01,-1.0073260073259889
Guinea-Bissau,654,2016-03-01,-0.37002775208147715
Guinea-Bissau,654,2016-04-01,0.185701021355707
Guinea-Bissau,654,2016-05-01,0.9267840593141787
Guinea-Bissau,654,2016-06-01,0.8264462809917346
Guinea-Bissau,654,2016-07-01,0.18214936247721353
Guinea-Bissau,654,2016-08-01,0.54545454545458
Guinea-Bissau,654,2016-09-01,-0.6329113924050973
Guinea-Bissau,654,2016-10-01,0.5459508644221311
Guinea-Bissau,654,2016-11-01,0.18099547511320946
Guinea-Bissau,654,2016-12-01,0.09033423667569998
Guinea-Bissau,654,2017-01-01,0.0966183574878211
Guinea-Bissau,654,2017-02-01,-0.8687258687258264
Guinea-Bissau,654,2017-03-01,0.3894839337876907
Guinea-Bissau,654,2017-04-01,0.2909796314258793
Guinea-Bissau,654,2017-05-01,1.3829787234041757
Guinea-Bissau,654,2017-06-01,-0.5437374797290163
Guinea-Bissau,654,2017-07-01,0.7481296758104277
Guinea-Bissau,654,2017-08-01,-0.00952018278749265
Guinea-Bissau,654,2017-09-01,0.1904217842521587
Guinea-Bissau,654,2017-10-01,-0.8172574360923599
Guinea-Bissau,654,2017-11-01,-0.6227843249976929
Guinea-Bissau,654,2017-12-01,-0.6941766293867108
Guinea-Bissau,654,2018-01-01,-0.2718446601942706
Guinea-Bissau,654,2018-02-01,0.330996884735248
Guinea-Bissau,654,2018-03-01,-0.9897147292838905
Guinea-Bissau,654,2018-04-01,1.087808702469618
Guinea-Bissau,654,2018-05-01,2.258846340281144
Guinea-Bissau,654,2018-06-01,-0.4929844520287845
Guinea-Bissau,654,2018-07-01,-0.28582317073176755
Guinea-Bissau,654,2018-08-01,0.41085419453473093
Guinea-Bissau,654,2018-09-01,0.2949852507374035
Guinea-Bissau,654,2018-10-01,0.597722960151787
Guinea-Bissau,654,2018-11-01,-0.9902857681787463
Guinea-Bissau,654,2018-12-01,0.4667555724899952
Chad,628,2011-01-01,NA
Chad,628,2011-02-01,0.5913261335838589
Chad,628,2011-03-01,0.419155821450597
Chad,628,2011-04-01,1.5884531887968512
Chad,628,2011-05-01,2.817732604161761
Chad,628,2011-06-01,2.173049645423818
Chad,628,2011-07-01,3.615283507586671
Chad,628,2011-08-01,0.5049995644438445
Chad,628,2011-09-01,-1.9756001287870493
Chad,628,2011-10-01,-0.8557170922683334
Chad,628,2011-11-01,1.2851378845809924
Chad,628,2011-12-01,1.8513067396676273
Chad,628,2012-01-01,0.3945622016264603
Chad,628,2012-02-01,-0.39240947804504694
Chad,628,2012-03-01,-0.9657450403579584
Chad,628,2012-04-01,-0.43549880331602076
Chad,628,2012-05-01,1.1483975916456248
Chad,628,2012-06-01,1.7523549551948583
Chad,628,2012-07-01,3.3630865800664376
Chad,628,2012-08-01,3.6170322154249632
Chad,628,2012-09-01,-1.8193992300996065
Chad,628,2012-10-01,-3.0347975446859006
Chad,628,2012-11-01,-2.215141979647234
Chad,628,2012-12-01,0.8713099213472901
Chad,628,2013-01-01,-1.0730091629418022
Chad,628,2013-02-01,0.6540792544605067
Chad,628,2013-03-01,-0.1244392908798844
Chad,628,2013-04-01,0.9752745551526258
Chad,628,2013-05-01,-0.5357300731008845
Chad,628,2013-06-01,-0.27699451755698634
Chad,628,2013-07-01,1.0310695296920904
Chad,628,2013-08-01,0.44519454334082337
Chad,628,2013-09-01,-0.41936334342275416
Chad,628,2013-10-01,0.9624521104351228
Chad,628,2013-11-01,-0.22239797488340896
Chad,628,2013-12-01,-0.4954266332480379
Chad,628,2014-01-01,1.5434254365479239
Chad,628,2014-02-01,-3.0121797125183316
Chad,628,2014-03-01,-0.5663332482594562
Chad,628,2014-04-01,1.3170132109911012
Chad,628,2014-05-01,0.43567220921151945
Chad,628,2014-06-01,2.048011186138114
Chad,628,2014-07-01,2.6342546476250077
Chad,628,2014-08-01,-2.983529452310033
Chad,628,2014-09-01,-0.5291738674788043
Chad,628,2014-10-01,1.3391485574409696
Chad,628,2014-11-01,0.8087762028036349
Chad,628,2014-12-01,0.7890958217002517
Chad,628,2015-01-01,0.771831601761665
Chad,628,2015-02-01,-1.6035239837718949
Chad,628,2015-03-01,-2.2463749100815695
Chad,628,2015-04-01,0
Chad,628,2015-05-01,2.9175050301811614
Chad,628,2015-06-01,2.9325513196480775
Chad,628,2015-07-01,0.37986704653365666
Chad,628,2015-08-01,0.9460737937559449
Chad,628,2015-09-01,1.1246485473289012
Chad,628,2015-10-01,0.6487488415199141
Chad,628,2015-11-01,-2.025782688766089
Chad,628,2015-12-01,-0.5639097744360688
Chad,628,2016-01-01,-0.9451795841210148
Chad,628,2016-02-01,-1.5267175572519034
Chad,628,2016-03-01,-0.5813953488371874
Chad,628,2016-04-01,0.29239766081875873
Chad,628,2016-05-01,0
Chad,628,2016-06-01,0.9718172983478303
Chad,628,2016-07-01,2.5024061597690364
Chad,628,2016-08-01,-0.9389671361502663
Chad,628,2016-09-01,-1.1374407582937804
Chad,628,2016-10-01,-1.0546500479386802
Chad,628,2016-11-01,-1.4534883720930245
Chad,628,2016-12-01,-0.5899705014748876
Chad,628,2017-01-01,-1.4836795252225525
Chad,628,2017-02-01,0.502008032128481
Chad,628,2017-03-01,0.2997002997003462
Chad,628,2017-04-01,0
Chad,628,2017-05-01,0.9960159362550134
Chad,628,2017-06-01,1.08481262327409
Chad,628,2017-07-01,0.9756097560975778
Chad,628,2017-08-01,0.19323671497588066
Chad,628,2017-09-01,-0.2892960462874121
Chad,628,2017-10-01,-0.2901353965183082
Chad,628,2017-11-01,-0.38797284190112147
Chad,628,2017-12-01,0
Chad,628,2018-01-01,-0.6815968841285172
Chad,628,2018-02-01,-0.8823529411764773
Chad,628,2018-03-01,-0.4945598417408181
Chad,628,2018-04-01,2.0874751491053285
Chad,628,2018-05-01,7.108081791626128
Chad,628,2018-06-01,-0.36363636363641483
Chad,628,2018-07-01,-0.5474452554744318
Chad,628,2018-08-01,-1.284403669724747
Chad,628,2018-09-01,1.3011152416356635
Chad,628,2018-10-01,-0.27522935779820773
Chad,628,2018-11-01,-0.367985280588722
Chad,628,2018-12-01,-1.0156971375808341
Central African Rep.,626,2011-01-01,NA
Central African Rep.,626,2011-02-01,-0.25974349672536035
Central African Rep.,626,2011-03-01,-1.4147368776273832
Central African Rep.,626,2011-04-01,-0.6361152670298632
Central African Rep.,626,2011-05-01,0.7586724509066661
Central African Rep.,626,2011-06-01,1.2202613087097345
Central African Rep.,626,2011-07-01,0.2011404281060232
Central African Rep.,626,2011-08-01,-1.5025076615071689
Central African Rep.,626,2011-09-01,-1.394540059459762
Central African Rep.,626,2011-10-01,0.0954749867933469
Central African Rep.,626,2011-11-01,4.06356738165338
Central African Rep.,626,2011-12-01,2.2882233248848483
Central African Rep.,626,2012-01-01,1.2671095513346502
Central African Rep.,626,2012-02-01,0.7652354391340284
Central African Rep.,626,2012-03-01,0.5454948018562602
Central African Rep.,626,2012-04-01,-1.7629273058148167
Central African Rep.,626,2012-05-01,-0.9543876826303733
Central African Rep.,626,2012-06-01,-0.09162061548177822
Central African Rep.,626,2012-07-01,0.19779199362352715
Central African Rep.,626,2012-08-01,0.5344746326419294
Central African Rep.,626,2012-09-01,0.5589716708724932
Central African Rep.,626,2012-10-01,0.7356453543242251
Central African Rep.,626,2012-11-01,0.7356453543240257
Central African Rep.,626,2012-12-01,0.7356453543238947
Central African Rep.,626,2013-01-01,0.7356453543239654
Central African Rep.,626,2013-02-01,0.7356453543240226
Central African Rep.,626,2013-03-01,0.7356453543239303
Central African Rep.,626,2013-04-01,0.7356453543242204
Central African Rep.,626,2013-05-01,0.7356453543238798
Central African Rep.,626,2013-06-01,0.735645354324245
Central African Rep.,626,2013-07-01,0.735645354323717
Central African Rep.,626,2013-08-01,0.7356453543242455
Central African Rep.,626,2013-09-01,0.7356453543238854
Central African Rep.,626,2013-10-01,0.7356453543240562
Central African Rep.,626,2013-11-01,0.7356453543240135
Central African Rep.,626,2013-12-01,0.7356453543240209
Central African Rep.,626,2014-01-01,0.7356453543239708
Central African Rep.,626,2014-02-01,8.039691560935148
Central African Rep.,626,2014-03-01,-2.766719745222843
Central African Rep.,626,2014-04-01,-0.38894575230294726
Central African Rep.,626,2014-05-01,-0.504961540719904
Central African Rep.,626,2014-06-01,6.456181764532307
Central African Rep.,626,2014-07-01,6.316869006042437
Central African Rep.,626,2014-08-01,-3.110253669473577
Central African Rep.,626,2014-09-01,-1.821655365407392
Central African Rep.,626,2014-10-01,4.250829062405717
Central African Rep.,626,2014-11-01,-3.8356380461643664
Central African Rep.,626,2014-12-01,-2.962608687409936
Central African Rep.,626,2015-01-01,0.0356110449775251
Central African Rep.,626,2015-02-01,0.2466395835996705
Central African Rep.,626,2015-03-01,-1.9139413575513204
Central African Rep.,626,2015-04-01,0.2724306730023043
Central African Rep.,626,2015-05-01,0.8745815330594234
Central African Rep.,626,2015-06-01,-1.160030369388371
Central African Rep.,626,2015-07-01,3.0793006365579294
Central African Rep.,626,2015-08-01,1.0327907140555441
Central African Rep.,626,2015-09-01,-1.1165602351027044
Central African Rep.,626,2015-10-01,5.347286038495745
Central African Rep.,626,2015-11-01,-1.2527911444682662
Central African Rep.,626,2015-12-01,5.040639982499169
Central African Rep.,626,2016-01-01,0.485798276216538
Central African Rep.,626,2016-02-01,0.6638390544029861
Central African Rep.,626,2016-03-01,-2.5138769183000127
Central African Rep.,626,2016-04-01,-1.8354350102257821
Central African Rep.,626,2016-05-01,-2.4269201653911052
Central African Rep.,626,2016-06-01,-1.1303551662224272
Central African Rep.,626,2016-07-01,-2.01992456072835
Central African Rep.,626,2016-08-01,4.246589835107932
Central African Rep.,626,2016-09-01,3.5991686399866203
Central African Rep.,626,2016-10-01,-0.1914269468416768
Central African Rep.,626,2016-11-01,-3.672539085325037
Central African Rep.,626,2016-12-01,0.5588688154200548
Central African Rep.,626,2017-01-01,1.9285012940522799
Central African Rep.,626,2017-02-01,0.7526980825001626
Central African Rep.,626,2017-03-01,0.6268651730067588
Central African Rep.,626,2017-04-01,0.5287161932022343
Central African Rep.,626,2017-05-01,1.5484620335153934
Central African Rep.,626,2017-06-01,1.2793511556297075
Central African Rep.,626,2017-07-01,-0.15613369492131968
Central African Rep.,626,2017-08-01,-0.19472950497156327
Central African Rep.,626,2017-09-01,0.40412368563716256
Central African Rep.,626,2017-10-01,0.3269137169151045
Central African Rep.,626,2017-11-01,-1.12669162980075
Central African Rep.,626,2017-12-01,1.0656013974954086
Central African Rep.,626,2018-01-01,-1.2246463039285012
Central African Rep.,626,2018-02-01,-0.16881882028976203
Central African Rep.,626,2018-03-01,0.22274861650348876
Central African Rep.,626,2018-04-01,0.43810617078998265
Central African Rep.,626,2018-05-01,0.6571868094919249
Central African Rep.,626,2018-06-01,-1.1455184467887982
Central African Rep.,626,2018-07-01,0.16819032023656852
Central African Rep.,626,2018-08-01,0.7674717730743941
Central African Rep.,626,2018-09-01,-0.19885984567901321
Central African Rep.,626,2018-10-01,0.8955776226857757
Central African Rep.,626,2018-11-01,1.4319996199506302
Central African Rep.,626,2018-12-01,2.730056273100814
"Congo, Rep. of",634,2011-01-01,NA
"Congo, Rep. of",634,2011-02-01,0.3636755817488643
"Congo, Rep. of",634,2011-03-01,0.127465072095635
"Congo, Rep. of",634,2011-04-01,-1.8498213633736997
"Congo, Rep. of",634,2011-05-01,0.8253562002543516
"Congo, Rep. of",634,2011-06-01,-0.24457196973784898
"Congo, Rep. of",634,2011-07-01,-0.1367059195057484
"Congo, Rep. of",634,2011-08-01,2.4873974402164998
"Congo, Rep. of",634,2011-09-01,-0.2539911187535474
"Congo, Rep. of",634,2011-10-01,1.6362337077129467
"Congo, Rep. of",634,2011-11-01,-1.0432849720646409
"Congo, Rep. of",634,2011-12-01,1.1154270600229488
"Congo, Rep. of",634,2012-01-01,1.3613071620246064
"Congo, Rep. of",634,2012-02-01,-1.3549571672196927
"Congo, Rep. of",634,2012-03-01,-0.3070394474732242
"Congo, Rep. of",634,2012-04-01,-0.43130062810184006
"Congo, Rep. of",634,2012-05-01,0.28959878361054386
"Congo, Rep. of",634,2012-06-01,1.7404780937046154
"Congo, Rep. of",634,2012-07-01,1.8140244595176995
"Congo, Rep. of",634,2012-08-01,0.8311356572613868
"Congo, Rep. of",634,2012-09-01,0.3523420501711139
"Congo, Rep. of",634,2012-10-01,0.23828503545663443
"Congo, Rep. of",634,2012-11-01,2.2174178313860007
"Congo, Rep. of",634,2012-12-01,0.5344761241418744
"Congo, Rep. of",634,2013-01-01,0.24101641471537513
"Congo, Rep. of",634,2013-02-01,-0.4137917624648514
"Congo, Rep. of",634,2013-03-01,-0.42247755599214304
"Congo, Rep. of",634,2013-04-01,-2.380262213473787
"Congo, Rep. of",634,2013-05-01,0.3767469780094563
"Congo, Rep. of",634,2013-06-01,1.6348884842461366
"Congo, Rep. of",634,2013-07-01,0.136814033184251
"Congo, Rep. of",634,2013-08-01,1.5558519559881
"Congo, Rep. of",634,2013-09-01,-1.4521146242586818
"Congo, Rep. of",634,2013-10-01,3.6297824793000526
"Congo, Rep. of",634,2013-11-01,-0.7060712803640169
"Congo, Rep. of",634,2013-12-01,4.5388104808042403e-4
"Congo, Rep. of",634,2014-01-01,-3.0691094410775897
"Congo, Rep. of",634,2014-02-01,1.7730119643298383
"Congo, Rep. of",634,2014-03-01,-0.6921919764767619
"Congo, Rep. of",634,2014-04-01,-0.3664251761737611
"Congo, Rep. of",634,2014-05-01,0.021518622261400423
"Congo, Rep. of",634,2014-06-01,-0.6169023420337205
"Congo, Rep. of",634,2014-07-01,1.822273903592462
"Congo, Rep. of",634,2014-08-01,0.6498400829906841
"Congo, Rep. of",634,2014-09-01,0.5018302928579866
"Congo, Rep. of",634,2014-10-01,-0.06379400042996457
"Congo, Rep. of",634,2014-11-01,0.9137542374303337
"Congo, Rep. of",634,2014-12-01,-0.3058000951882081
"Congo, Rep. of",634,2015-01-01,1.7186058528198038
"Congo, Rep. of",634,2015-02-01,-1.2753542260183275
"Congo, Rep. of",634,2015-03-01,-1.1189315304513539
"Congo, Rep. of",634,2015-04-01,0.2091958296585481
"Congo, Rep. of",634,2015-05-01,0.30629100090774064
"Congo, Rep. of",634,2015-06-01,0.2768978829233153
"Congo, Rep. of",634,2015-07-01,0.3707281060793709
"Congo, Rep. of",634,2015-08-01,1.6140257475683109
"Congo, Rep. of",634,2015-09-01,-0.21418743528278575
"Congo, Rep. of",634,2015-10-01,2.054074031955494
"Congo, Rep. of",634,2015-11-01,-0.35100915131002586
"Congo, Rep. of",634,2015-12-01,0.48922995205542014
"Congo, Rep. of",634,2016-01-01,0.07094072971586686
"Congo, Rep. of",634,2016-02-01,0.13348454803385018
"Congo, Rep. of",634,2016-03-01,0.5249259509851233
"Congo, Rep. of",634,2016-04-01,0.3798735980147145
"Congo, Rep. of",634,2016-05-01,-0.32157562517218047
"Congo, Rep. of",634,2016-06-01,-0.057175242513697315
"Congo, Rep. of",634,2016-07-01,-0.39083259455963726
"Congo, Rep. of",634,2016-08-01,0.1810295535107809
"Congo, Rep. of",634,2016-09-01,0.0626412933438973
"Congo, Rep. of",634,2016-10-01,-0.03211349526458868
"Congo, Rep. of",634,2016-11-01,0.16601904922785288
"Congo, Rep. of",634,2016-12-01,-0.7454974462142769
"Congo, Rep. of",634,2017-01-01,0.14810281773206213
"Congo, Rep. of",634,2017-02-01,0.06761905825948362
"Congo, Rep. of",634,2017-03-01,0.23141019968167578
"Congo, Rep. of",634,2017-04-01,0.2598998589520702
"Congo, Rep. of",634,2017-05-01,0.13534540576340173
"Congo, Rep. of",634,2017-06-01,0.056437009432110836
"Congo, Rep. of",634,2017-07-01,0.25721052849933407
"Congo, Rep. of",634,2017-08-01,0.059566867279093355
"Congo, Rep. of",634,2017-09-01,0.1667969571061192
"Congo, Rep. of",634,2017-10-01,0.21300328607744304
"Congo, Rep. of",634,2017-11-01,0.11341814263723517
"Congo, Rep. of",634,2017-12-01,0.06317596443589693
"Congo, Rep. of",634,2018-01-01,0.07255854596268367
"Congo, Rep. of",634,2018-02-01,-0.0377400882314619
"Congo, Rep. of",634,2018-03-01,0.0511418896241675
"Congo, Rep. of",634,2018-04-01,0.05634391160669354
"Congo, Rep. of",634,2018-05-01,0.050152834703995786
"Congo, Rep. of",634,2018-06-01,0.07522907390111386
"Congo, Rep. of",634,2018-07-01,0.24014767741781778
"Congo, Rep. of",634,2018-08-01,0.059425491811127995
"Congo, Rep. of",634,2018-09-01,-0.06975808505935063
"Congo, Rep. of",634,2018-10-01,0.14745688655158215
"Congo, Rep. of",634,2018-11-01,0.053478125979472504
"Congo, Rep. of",634,2018-12-01,0.1937403198833744
Antigua and Barbuda,311,2011-01-01,NA
Antigua and Barbuda,311,2011-02-01,0.2026588845655166
Antigua and Barbuda,311,2011-03-01,0.5420273440660403
Antigua and Barbuda,311,2011-04-01,0.35403926617306486
Antigua and Barbuda,311,2011-05-01,0.9781911481719755
Antigua and Barbuda,311,2011-06-01,0.11910433539782175
Antigua and Barbuda,311,2011-07-01,0.571020699500282
Antigua and Barbuda,311,2011-08-01,0.39429067108274024
Antigua and Barbuda,311,2011-09-01,0.4163066530516394
Antigua and Barbuda,311,2011-10-01,0.5319148936170516
Antigua and Barbuda,311,2011-11-01,-0.22564581388112895
Antigua and Barbuda,311,2011-12-01,0.5147001481711823
Antigua and Barbuda,311,2012-01-01,1.047404763752108
Antigua and Barbuda,311,2012-02-01,-0.09213759213759022
Antigua and Barbuda,311,2012-03-01,-0.1690747002766845
Antigua and Barbuda,311,2012-04-01,0.2463433410315831
Antigua and Barbuda,311,2012-05-01,0.5682690830900773
Antigua and Barbuda,311,2012-06-01,0
Antigua and Barbuda,311,2012-07-01,0.06108735491754094
Antigua and Barbuda,311,2012-08-01,-0.5723443223442504
Antigua and Barbuda,311,2012-09-01,-0.030700744493058388
Antigua and Barbuda,311,2012-10-01,0.26871401151622804
Antigua and Barbuda,311,2012-11-01,0.2603369065850074
Antigua and Barbuda,311,2012-12-01,0.24438674201926577
Antigua and Barbuda,311,2013-01-01,0.6628066433033992
Antigua and Barbuda,311,2013-02-01,0.10595625520321678
Antigua and Barbuda,311,2013-03-01,-0.46117789370230106
Antigua and Barbuda,311,2013-04-01,0.09873917666717602
Antigua and Barbuda,311,2013-05-01,0.16693224068595638
Antigua and Barbuda,311,2013-06-01,0
Antigua and Barbuda,311,2013-07-01,-0.3787591849102663
Antigua and Barbuda,311,2013-08-01,-0.5779028210782835
Antigua and Barbuda,311,2013-09-01,0.5736137667304507
Antigua and Barbuda,311,2013-10-01,0.6463878326996568
Antigua and Barbuda,311,2013-11-01,0.3022289384208675
Antigua and Barbuda,311,2013-12-01,-0.07532956685499399
Antigua and Barbuda,311,2014-01-01,0.12061816811148461
Antigua and Barbuda,311,2014-02-01,-0.1204728559595546
Antigua and Barbuda,311,2014-03-01,-0.03769317753496502
Antigua and Barbuda,311,2014-04-01,0.29411764705883264
Antigua and Barbuda,311,2014-05-01,-0.10527107301301633
Antigua and Barbuda,311,2014-06-01,0.1957094467444696
Antigua and Barbuda,311,2014-07-01,0.4958305161145265
Antigua and Barbuda,311,2014-08-01,-0.20931449502879623
Antigua and Barbuda,311,2014-09-01,0.11236796763803789
Antigua and Barbuda,311,2014-10-01,0.38162226878182376
Antigua and Barbuda,311,2014-11-01,0.007454342154294879
Antigua and Barbuda,311,2014-12-01,0.18634466308886502
Antigua and Barbuda,311,2015-01-01,0.476155047987437
Antigua and Barbuda,311,2015-02-01,-0.24435394298400168
Antigua and Barbuda,311,2015-03-01,-0.1855700712589231
Antigua and Barbuda,311,2015-04-01,-0.557745221982631
Antigua and Barbuda,311,2015-05-01,0.3140891414897032
Antigua and Barbuda,311,2015-06-01,-0.1341881616221978
Antigua and Barbuda,311,2015-07-01,0.17169304269933436
Antigua and Barbuda,311,2015-08-01,0.13413816230717363
Antigua and Barbuda,311,2015-09-01,0.3348961821835457
Antigua and Barbuda,311,2015-10-01,0.652722148049198
Antigua and Barbuda,311,2015-11-01,-0.23581429624172917
Antigua and Barbuda,311,2015-12-01,0.17727877086719973
Antigua and Barbuda,311,2016-01-01,-0.3834242737059694
Antigua and Barbuda,311,2016-02-01,-0.21465581051073826
Antigua and Barbuda,311,2016-03-01,-0.3189674356500994
Antigua and Barbuda,311,2016-04-01,-0.5730019348117702
Antigua and Barbuda,311,2016-05-01,-0.2395030312102438
Antigua and Barbuda,311,2016-06-01,-0.0150048765848997
Antigua and Barbuda,311,2016-07-01,0.3976889022285902
Antigua and Barbuda,311,2016-08-01,0.014947683109112844
Antigua and Barbuda,311,2016-09-01,0
Antigua and Barbuda,311,2016-10-01,0.2690180839934481
Antigua and Barbuda,311,2016-11-01,-0.09688478163661048
Antigua and Barbuda,311,2016-12-01,0.03729951510629792
Antigua and Barbuda,311,2017-01-01,2.281879194630811
Antigua and Barbuda,311,2017-02-01,0.12394284047829517
Antigua and Barbuda,311,2017-03-01,0.08009903152988507
Antigua and Barbuda,311,2017-04-01,-0.007275902211864512
Antigua and Barbuda,311,2017-05-01,-0.10914647456888366
Antigua and Barbuda,311,2017-06-01,-0.09469696969697261
Antigua and Barbuda,311,2017-07-01,0.05103900838498374
Antigua and Barbuda,311,2017-08-01,-0.16032648301988286
Antigua and Barbuda,311,2017-09-01,0.379562043795545
Antigua and Barbuda,311,2017-10-01,-0.2545084351367263
Antigua and Barbuda,311,2017-11-01,0.16038492381717726
Antigua and Barbuda,311,2017-12-01,-0.09462115146663075
Antigua and Barbuda,311,2018-01-01,0.5464082762640569
Antigua and Barbuda,311,2018-02-01,0.010106114199081258
Antigua and Barbuda,311,2018-03-01,-0.09094583670168674
Antigua and Barbuda,311,2018-04-01,0.5866289066450878
Antigua and Barbuda,311,2018-05-01,0.19105077928607112
Antigua and Barbuda,311,2018-06-01,0.13046969088718932
Antigua and Barbuda,311,2018-07-01,0.0902074771975578
Antigua and Barbuda,311,2018-08-01,0.060084117764873095
Antigua and Barbuda,311,2018-09-01,-0.09007205764612031
Antigua and Barbuda,311,2018-10-01,0.170289492136634
Antigua and Barbuda,311,2018-11-01,0
Antigua and Barbuda,311,2018-12-01,0.12000000000000455
"Egypt, Arab Rep. of",469,2011-01-01,NA
"Egypt, Arab Rep. of",469,2011-02-01,0.12492919196044326
"Egypt, Arab Rep. of",469,2011-03-01,1.3678314828103024
"Egypt, Arab Rep. of",469,2011-04-01,1.2115834847737916
"Egypt, Arab Rep. of",469,2011-05-01,0.2039810221691733
"Egypt, Arab Rep. of",469,2011-06-01,0.41638181478384867
"Egypt, Arab Rep. of",469,2011-07-01,1.1979366223802574
"Egypt, Arab Rep. of",469,2011-08-01,1.1023435107950679
"Egypt, Arab Rep. of",469,2011-09-01,1.4337404711686876
"Egypt, Arab Rep. of",469,2011-10-01,0.33130993210464466
"Egypt, Arab Rep. of",469,2011-11-01,1.003680065795765
"Egypt, Arab Rep. of",469,2011-12-01,-0.24004311015085783
"Egypt, Arab Rep. of",469,2012-01-01,0.14532238571158188
"Egypt, Arab Rep. of",469,2012-02-01,0.6654261981713332
"Egypt, Arab Rep. of",469,2012-03-01,1.217800656786153
"Egypt, Arab Rep. of",469,2012-04-01,0.9809026978653123
"Egypt, Arab Rep. of",469,2012-05-01,-0.23684482084788383
"Egypt, Arab Rep. of",469,2012-06-01,-0.5519235860200502
"Egypt, Arab Rep. of",469,2012-07-01,0.38358310738091506
"Egypt, Arab Rep. of",469,2012-08-01,1.1718415516017753
"Egypt, Arab Rep. of",469,2012-09-01,1.1996328660541096
"Egypt, Arab Rep. of",469,2012-10-01,0.7863945246066875
"Egypt, Arab Rep. of",469,2012-11-01,-1.31249733115162
"Egypt, Arab Rep. of",469,2012-12-01,0.1504326342322535
"Egypt, Arab Rep. of",469,2013-01-01,1.6870393714488978
"Egypt, Arab Rep. of",469,2013-02-01,2.4989405152406037
"Egypt, Arab Rep. of",469,2013-03-01,0.6374857339507258
"Egypt, Arab Rep. of",469,2013-04-01,1.471418089400471
"Egypt, Arab Rep. of",469,2013-05-01,-0.15717983065376573
"Egypt, Arab Rep. of",469,2013-06-01,0.8774088393181038
"Egypt, Arab Rep. of",469,2013-07-01,0.8642061533981403
"Egypt, Arab Rep. of",469,2013-08-01,0.6818373816227351
"Egypt, Arab Rep. of",469,2013-09-01,1.5689522383162746
"Egypt, Arab Rep. of",469,2013-10-01,1.0604509690234252
"Egypt, Arab Rep. of",469,2013-11-01,0.9461891130029267
"Egypt, Arab Rep. of",469,2013-12-01,-1.0169280956985143
"Egypt, Arab Rep. of",469,2014-01-01,1.4200762886824192
"Egypt, Arab Rep. of",469,2014-02-01,1.028337485781213
"Egypt, Arab Rep. of",469,2014-03-01,0.5133907898189022
"Egypt, Arab Rep. of",469,2014-04-01,0.7698089727276376
"Egypt, Arab Rep. of",469,2014-05-01,-0.7339077749915972
"Egypt, Arab Rep. of",469,2014-06-01,0.8380698272806781
"Egypt, Arab Rep. of",469,2014-07-01,3.513163116856677
"Egypt, Arab Rep. of",469,2014-08-01,1.0920791415507887
"Egypt, Arab Rep. of",469,2014-09-01,1.2270059207816697
"Egypt, Arab Rep. of",469,2014-10-01,1.7126460428382666
"Egypt, Arab Rep. of",469,2014-11-01,-1.5349583378002771
"Egypt, Arab Rep. of",469,2014-12-01,-0.07231556445461573
"Egypt, Arab Rep. of",469,2015-01-01,0.9873618941014181
"Egypt, Arab Rep. of",469,2015-02-01,1.8594752583977192
"Egypt, Arab Rep. of",469,2015-03-01,1.5452663104237132
"Egypt, Arab Rep. of",469,2015-04-01,0.10948310544768082
"Egypt, Arab Rep. of",469,2015-05-01,1.1885916679931077
"Egypt, Arab Rep. of",469,2015-06-01,-0.6991307017650567
"Egypt, Arab Rep. of",469,2015-07-01,0.7143348953773462
"Egypt, Arab Rep. of",469,2015-08-01,0.6289442253573339
"Egypt, Arab Rep. of",469,2015-09-01,2.47463009161187
"Egypt, Arab Rep. of",469,2015-10-01,2.170608930084595
"Egypt, Arab Rep. of",469,2015-11-01,-0.2980973593407737
"Egypt, Arab Rep. of",469,2015-12-01,-0.08868021597958158
"Egypt, Arab Rep. of",469,2016-01-01,0.11129319058749707
"Egypt, Arab Rep. of",469,2016-02-01,0.9652321457738046
"Egypt, Arab Rep. of",469,2016-03-01,1.437141041538153
"Egypt, Arab Rep. of",469,2016-04-01,1.2653320146120806
"Egypt, Arab Rep. of",469,2016-05-01,3.0477682611584305
"Egypt, Arab Rep. of",469,2016-06-01,0.7766754815491013
"Egypt, Arab Rep. of",469,2016-07-01,0.7413219749978669
"Egypt, Arab Rep. of",469,2016-08-01,1.9263741504118719
"Egypt, Arab Rep. of",469,2016-09-01,1.249226112996792
"Egypt, Arab Rep. of",469,2016-10-01,1.7004757751738389
"Egypt, Arab Rep. of",469,2016-11-01,4.849637736786545
"Egypt, Arab Rep. of",469,2016-12-01,3.1258885283823012
"Egypt, Arab Rep. of",469,2017-01-01,4.065317548766534
"Egypt, Arab Rep. of",469,2017-02-01,2.628279870991066
"Egypt, Arab Rep. of",469,2017-03-01,1.9539920329663518
"Egypt, Arab Rep. of",469,2017-04-01,1.691921359945342
"Egypt, Arab Rep. of",469,2017-05-01,1.6730431788787032
"Egypt, Arab Rep. of",469,2017-06-01,0.8180971136951799
"Egypt, Arab Rep. of",469,2017-07-01,3.217093586169486
"Egypt, Arab Rep. of",469,2017-08-01,1.1316704388956516
"Egypt, Arab Rep. of",469,2017-09-01,1.0010186820407083
"Egypt, Arab Rep. of",469,2017-10-01,1.1042780855036138
"Egypt, Arab Rep. of",469,2017-11-01,0.9681968577243617
"Egypt, Arab Rep. of",469,2017-12-01,-0.21145777513137154
"Egypt, Arab Rep. of",469,2018-01-01,-0.06030894983395259
"Egypt, Arab Rep. of",469,2018-02-01,0.2860372051797948
"Egypt, Arab Rep. of",469,2018-03-01,0.9933885779658522
"Egypt, Arab Rep. of",469,2018-04-01,1.5177099530608964
"Egypt, Arab Rep. of",469,2018-05-01,0.1654579573357802
"Egypt, Arab Rep. of",469,2018-06-01,3.475105065993129
"Egypt, Arab Rep. of",469,2018-07-01,2.4275131361951545
"Egypt, Arab Rep. of",469,2018-08-01,1.7823215371952887
"Egypt, Arab Rep. of",469,2018-09-01,2.530690553104416
"Egypt, Arab Rep. of",469,2018-10-01,2.590636183215913
"Egypt, Arab Rep. of",469,2018-11-01,-0.7645977821623618
"Egypt, Arab Rep. of",469,2018-12-01,-3.39036661666161
Burundi,618,2011-01-01,NA
Burundi,618,2011-02-01,0.16334846238871553
Burundi,618,2011-03-01,1.422942095422507
Burundi,618,2011-04-01,1.7902030362127508
Burundi,618,2011-05-01,1.885254895775955
Burundi,618,2011-06-01,1.3028352795409974
Burundi,618,2011-07-01,0.37932755639131205
Burundi,618,2011-08-01,1.3791969561966895
Burundi,618,2011-09-01,0.6098782052016898
Burundi,618,2011-10-01,1.6997160022712103
Burundi,618,2011-11-01,2.747032480609556
Burundi,618,2011-12-01,-0.64075738622385
Burundi,618,2012-01-01,7.1974670860273315
Burundi,618,2012-02-01,0.4514638136697693
Burundi,618,2012-03-01,3.5134579082651975
Burundi,618,2012-04-01,2.3817712972035476
Burundi,618,2012-05-01,-0.3215997111289737
Burundi,618,2012-06-01,-3.0148135840304353
Burundi,618,2012-07-01,0.6798745441199713
Burundi,618,2012-08-01,-0.21204738650879174
Burundi,618,2012-09-01,-0.7373622024832924
Burundi,618,2012-10-01,3.164223632543527
Burundi,618,2012-11-01,-0.9726492117492543
Burundi,618,2012-12-01,-0.5073007072882189
Burundi,618,2013-01-01,3.109564664905145
Burundi,618,2013-02-01,2.1916673023530238
Burundi,618,2013-03-01,1.101118222662353
Burundi,618,2013-04-01,-0.7343237833401022
Burundi,618,2013-05-01,2.16398144235919
Burundi,618,2013-06-01,0.20110896206765072
Burundi,618,2013-07-01,0.5560843079153266
Burundi,618,2013-08-01,-1.4583637143635921
Burundi,618,2013-09-01,0.5775655407668162
Burundi,618,2013-10-01,0.9320308853632076
Burundi,618,2013-11-01,-0.05990991497598975
Burundi,618,2013-12-01,0.1747427249302595
Burundi,618,2014-01-01,0.25275894313476177
Burundi,618,2014-02-01,2.0611754177609303
Burundi,618,2014-03-01,-0.9080688084392732
Burundi,618,2014-04-01,0.24513049485048033
Burundi,618,2014-05-01,0.8536495431172162
Burundi,618,2014-06-01,0.09218208021212264
Burundi,618,2014-07-01,0.34751202696745004
Burundi,618,2014-08-01,1.1753224476752488
Burundi,618,2014-09-01,0.20329945949160802
Burundi,618,2014-10-01,-0.9601078600674995
Burundi,618,2014-11-01,0.5800659352592981
Burundi,618,2014-12-01,-0.22244351584514757
Burundi,618,2015-01-01,-0.015696671668210333
Burundi,618,2015-02-01,-0.2568943471401181
Burundi,618,2015-03-01,2.614630856738625
Burundi,618,2015-04-01,2.887713041845199
Burundi,618,2015-05-01,0.5868585044484051
Burundi,618,2015-06-01,0.5315216671762146
Burundi,618,2015-07-01,0.6546085469163754
Burundi,618,2015-08-01,-2.342295027920119
Burundi,618,2015-09-01,0.11895481604625238
Burundi,618,2015-10-01,0.43103095382828593
Burundi,618,2015-11-01,0.7607329965311891
Burundi,618,2015-12-01,1.0134317682681038
Burundi,618,2016-01-01,-0.7269393383423589
Burundi,618,2016-02-01,0.054757823812209276
Burundi,618,2016-03-01,0.30590986944401555
Burundi,618,2016-04-01,1.254874689743501
Burundi,618,2016-05-01,0.6674488065187707
Burundi,618,2016-06-01,1.6760739396810824
Burundi,618,2016-07-01,0.7241000848642136
Burundi,618,2016-08-01,0.1822005364438212
Burundi,618,2016-09-01,0.47551085676312077
Burundi,618,2016-10-01,-0.5398265065505374
Burundi,618,2016-11-01,1.8387946171380842
Burundi,618,2016-12-01,3.312253915087241
Burundi,618,2017-01-01,2.272426057108458
Burundi,618,2017-02-01,6.768536749450376
Burundi,618,2017-03-01,0.8396919019726864
Burundi,618,2017-04-01,-0.05105536206424345
Burundi,618,2017-05-01,0.07309982900049523
Burundi,618,2017-06-01,-1.583419463216783
Burundi,618,2017-07-01,-0.5605951228190821
Burundi,618,2017-08-01,0.5302457248392625
Burundi,618,2017-09-01,1.7353390102434756
Burundi,618,2017-10-01,1.3793103448275814
Burundi,618,2017-11-01,-0.08503401360543734
Burundi,618,2017-12-01,-1.531914893617019
Burundi,618,2018-01-01,-1.296456352636128
Burundi,618,2018-02-01,-0.7005253940455316
Burundi,618,2018-03-01,-0.4409171075837742
Burundi,618,2018-04-01,0.6200177147918411
Burundi,618,2018-05-01,0.7042253521126861
Burundi,618,2018-06-01,-0.9615384615384689
Burundi,618,2018-07-01,-0.970873786407762
Burundi,618,2018-08-01,-0.9803921568627527
Burundi,618,2018-09-01,-1.8001800180018002
Burundi,618,2018-10-01,-1.3748854262144823
Burundi,618,2018-11-01,1.2081784386617207
Burundi,618,2018-12-01,0
Haiti,263,2011-01-01,NA
Haiti,263,2011-02-01,0.9488269226471674
Haiti,263,2011-03-01,0.9296291788854959
Haiti,263,2011-04-01,1.017298019588026
Haiti,263,2011-05-01,0.8686733136210187
Haiti,263,2011-06-01,0.5628881393715406
Haiti,263,2011-07-01,1.0217789691936234
Haiti,263,2011-08-01,0.032111139867987894
Haiti,263,2011-09-01,0.11982788160367346
Haiti,263,2011-10-01,0.6734990825746374
Haiti,263,2011-11-01,0.12303544473625538
Haiti,263,2011-12-01,0.16680690408237092
Haiti,263,2012-01-01,0.14531629997847778
Haiti,263,2012-02-01,0.4240435174624419
Haiti,263,2012-03-01,0.22500471252386353
Haiti,263,2012-04-01,0.2162391316076432
Haiti,263,2012-05-01,0.6174089492742192
Haiti,263,2012-06-01,0.30355975544033015
Haiti,263,2012-07-01,0.6976815289828974
Haiti,263,2012-08-01,0.35584658839292915
Haiti,263,2012-09-01,0.6805940272518832
Haiti,263,2012-10-01,0.9432131342251701
Haiti,263,2012-11-01,0.2778383842195425
Haiti,263,2012-12-01,0.6858521584273188
Haiti,263,2013-01-01,0.23660642818881275
Haiti,263,2013-02-01,0.15726784938402072
Haiti,263,2013-03-01,0.36950275180342035
Haiti,263,2013-04-01,0.3218686470409556
Haiti,263,2013-05-01,0.22322107025028376
Haiti,263,2013-06-01,0.4996291646345432
Haiti,263,2013-07-01,0.08225778835454109
Haiti,263,2013-08-01,0.15181398672134383
Haiti,263,2013-09-01,0.2773310917139779
Haiti,263,2013-10-01,0.12824356514647703
Haiti,263,2013-11-01,0.21879968037128647
Haiti,263,2013-12-01,0.07726679073994952
Haiti,263,2014-01-01,0.2754668331619661
Haiti,263,2014-02-01,0.18945874537030635
Haiti,263,2014-03-01,0.16695270176728208
Haiti,263,2014-04-01,0.4532143327197764
Haiti,263,2014-05-01,0.45111438338076015
Haiti,263,2014-06-01,0.47706203505511563
Haiti,263,2014-07-01,0.4533792543749821
Haiti,263,2014-08-01,0.5250341665602666
Haiti,263,2014-09-01,0.4999791398263364
Haiti,263,2014-10-01,0.0739128112199738
Haiti,263,2014-11-01,0.6318249070695905
Haiti,263,2014-12-01,0.4190636022372414
Haiti,263,2015-01-01,0.4501345534297185
Haiti,263,2015-02-01,0.34701461200845035
Haiti,263,2015-03-01,0.052351663306735775
Haiti,263,2015-04-01,0.28136594846663415
Haiti,263,2015-05-01,0.3065622150950563
Haiti,263,2015-06-01,0.6388596217930173
Haiti,263,2015-07-01,1.5472010757036687
Haiti,263,2015-08-01,1.772710911737931
Haiti,263,2015-09-01,1.6285318976329035
Haiti,263,2015-10-01,0.9203389255638539
Haiti,263,2015-11-01,1.2257841636845865
Haiti,263,2015-12-01,0.8144862316129554
Haiti,263,2016-01-01,0.8470578741423725
Haiti,263,2016-02-01,0.7793178750616852
Haiti,263,2016-03-01,0.9491911975361436
Haiti,263,2016-04-01,0.6862795781678693
Haiti,263,2016-05-01,0.6599263772640698
Haiti,263,2016-06-01,0.5251877620772846
Haiti,263,2016-07-01,0.6331980737036478
Haiti,263,2016-08-01,0.8414313828490693
Haiti,263,2016-09-01,1.3001851741679573
Haiti,263,2016-10-01,0.6564979605024983
Haiti,263,2016-11-01,1.102750815335293
Haiti,263,2016-12-01,0.9139430599581673
Haiti,263,2017-01-01,0.6658181069879164
Haiti,263,2017-02-01,0.8680432120708416
Haiti,263,2017-03-01,0.7969894073552815
Haiti,263,2017-04-01,0.766672296055981
Haiti,263,2017-05-01,1.341503767659567
Haiti,263,2017-06-01,0.7997279705367735
Haiti,263,2017-07-01,0.7563825731007588
Haiti,263,2017-08-01,0.7292652620307328
Haiti,263,2017-09-01,0.9350107383674434
Haiti,263,2017-10-01,0.5702157857214756
Haiti,263,2017-11-01,0.9228564903063341
Haiti,263,2017-12-01,0.9577302349457488
Haiti,263,2018-01-01,0.9158665499188288
Haiti,263,2018-02-01,0.9482773256318161
Haiti,263,2018-03-01,0.8991552658299795
Haiti,263,2018-04-01,0.972783410918078
Haiti,263,2018-05-01,1.137700493771755
Haiti,263,2018-06-01,1.261254449323454
Haiti,263,2018-07-01,1.2398838624290163
Haiti,263,2018-08-01,1.2258642086918239
Haiti,263,2018-09-01,1.4632334620056224
Haiti,263,2018-10-01,1.4653879112293493
Haiti,263,2018-11-01,1.387604070305273
Haiti,263,2018-12-01,1.4598540145985481
"Uzbekistan, Rep. of",927,2011-01-01,NA
"Uzbekistan, Rep. of",927,2011-02-01,0.9339025308854649
"Uzbekistan, Rep. of",927,2011-03-01,0.8457305022602699
"Uzbekistan, Rep. of",927,2011-04-01,1.1429301654645467
"Uzbekistan, Rep. of",927,2011-05-01,1.2288592625282764
"Uzbekistan, Rep. of",927,2011-06-01,2.0865012911872975
"Uzbekistan, Rep. of",927,2011-07-01,1.2534484787936646
"Uzbekistan, Rep. of",927,2011-08-01,0.8142843720053585
"Uzbekistan, Rep. of",927,2011-09-01,1.1574759613289851
"Uzbekistan, Rep. of",927,2011-10-01,1.1890042613081913
"Uzbekistan, Rep. of",927,2011-11-01,1.0561736327213744
"Uzbekistan, Rep. of",927,2011-12-01,1.1191445595662006
"Uzbekistan, Rep. of",927,2012-01-01,1.5311873792660498
"Uzbekistan, Rep. of",927,2012-02-01,1.8987962591202685
"Uzbekistan, Rep. of",927,2012-03-01,1.7690583615703193
"Uzbekistan, Rep. of",927,2012-04-01,1.0472747650023875
"Uzbekistan, Rep. of",927,2012-05-01,0.3944447100737778
"Uzbekistan, Rep. of",927,2012-06-01,-0.6894470428057192
"Uzbekistan, Rep. of",927,2012-07-01,-0.703067955403475
"Uzbekistan, Rep. of",927,2012-08-01,-0.04524763095995096
"Uzbekistan, Rep. of",927,2012-09-01,1.147580407364967
"Uzbekistan, Rep. of",927,2012-10-01,1.2123454794638202
"Uzbekistan, Rep. of",927,2012-11-01,1.238317520213387
"Uzbekistan, Rep. of",927,2012-12-01,2.3187613023560303
"Uzbekistan, Rep. of",927,2013-01-01,1.6725974590000228
"Uzbekistan, Rep. of",927,2013-02-01,2.0430098368013807
"Uzbekistan, Rep. of",927,2013-03-01,1.5042693786580634
"Uzbekistan, Rep. of",927,2013-04-01,1.3641432389735277
"Uzbekistan, Rep. of",927,2013-05-01,0.5956821141377833
"Uzbekistan, Rep. of",927,2013-06-01,-0.47951034969206013
"Uzbekistan, Rep. of",927,2013-07-01,-1.1239662938625379
"Uzbekistan, Rep. of",927,2013-08-01,0.2028197925825225
"Uzbekistan, Rep. of",927,2013-09-01,1.014324136751362
"Uzbekistan, Rep. of",927,2013-10-01,1.0323483842609176
"Uzbekistan, Rep. of",927,2013-11-01,0.7205068837674753
"Uzbekistan, Rep. of",927,2013-12-01,1.3484157016559515
"Uzbekistan, Rep. of",927,2014-01-01,1.0964947262000455
"Uzbekistan, Rep. of",927,2014-02-01,0.9002910355218257
"Uzbekistan, Rep. of",927,2014-03-01,0.6028818743278036
"Uzbekistan, Rep. of",927,2014-04-01,1.0612953212503158
"Uzbekistan, Rep. of",927,2014-05-01,1.2688369079395574
"Uzbekistan, Rep. of",927,2014-06-01,0.24588162582383036
"Uzbekistan, Rep. of",927,2014-07-01,-0.019743567217725133
"Uzbekistan, Rep. of",927,2014-08-01,0.5886694357950518
"Uzbekistan, Rep. of",927,2014-09-01,1.0916564415134673
"Uzbekistan, Rep. of",927,2014-10-01,0.9102905132918772
"Uzbekistan, Rep. of",927,2014-11-01,1.1056732788181942
"Uzbekistan, Rep. of",927,2014-12-01,1.1275019598726619
"Uzbekistan, Rep. of",927,2015-01-01,0.9432237532101404
"Uzbekistan, Rep. of",927,2015-02-01,0.7939577048209578
"Uzbekistan, Rep. of",927,2015-03-01,0.5029792140766235
"Uzbekistan, Rep. of",927,2015-04-01,0.7537516968246436
"Uzbekistan, Rep. of",927,2015-05-01,0.7166209391872226
"Uzbekistan, Rep. of",927,2015-06-01,-0.20669601192020667
"Uzbekistan, Rep. of",927,2015-07-01,-0.3119210645630367
"Uzbekistan, Rep. of",927,2015-08-01,0.2157293308290532
"Uzbekistan, Rep. of",927,2015-09-01,1.0920178234375955
"Uzbekistan, Rep. of",927,2015-10-01,0.9937870718433179
"Uzbekistan, Rep. of",927,2015-11-01,0.8624952183534617
"Uzbekistan, Rep. of",927,2015-12-01,0.9642694441994683
"Uzbekistan, Rep. of",927,2016-01-01,1.6399999999999426
"Uzbekistan, Rep. of",927,2016-02-01,0.8300000000000893
"Uzbekistan, Rep. of",927,2016-03-01,0.4699999999999378
"Uzbekistan, Rep. of",927,2016-04-01,0.6300000000000378
"Uzbekistan, Rep. of",927,2016-05-01,0.1899999999999197
"Uzbekistan, Rep. of",927,2016-06-01,-0.19999999999985876
"Uzbekistan, Rep. of",927,2016-07-01,-0.5600000000000036
"Uzbekistan, Rep. of",927,2016-08-01,0.18999999999985204
"Uzbekistan, Rep. of",927,2016-09-01,1.440000000000006
"Uzbekistan, Rep. of",927,2016-10-01,1.4200000000000303
"Uzbekistan, Rep. of",927,2016-11-01,1.5500000000001224
"Uzbekistan, Rep. of",927,2016-12-01,1.8199999999999015
"Uzbekistan, Rep. of",927,2017-01-01,1.4999999999999898
"Uzbekistan, Rep. of",927,2017-02-01,1.4400000000000588
"Uzbekistan, Rep. of",927,2017-03-01,1.0200000000000198
"Uzbekistan, Rep. of",927,2017-04-01,1.000000000000006
"Uzbekistan, Rep. of",927,2017-05-01,1.2999999999999052
"Uzbekistan, Rep. of",927,2017-06-01,0.7200000000001152
"Uzbekistan, Rep. of",927,2017-07-01,0.8699999999999091
"Uzbekistan, Rep. of",927,2017-08-01,0.8299999999999919
"Uzbekistan, Rep. of",927,2017-09-01,1.3200000000000378
"Uzbekistan, Rep. of",927,2017-10-01,1.1999999999999689
"Uzbekistan, Rep. of",927,2017-11-01,2.0999999999999672
"Uzbekistan, Rep. of",927,2017-12-01,4.08000000000001
"Uzbekistan, Rep. of",927,2018-01-01,2.6599999999999504
"Uzbekistan, Rep. of",927,2018-02-01,1.100000000000009
"Uzbekistan, Rep. of",927,2018-03-01,1.0599999999999858
"Uzbekistan, Rep. of",927,2018-04-01,0.8500000000000902
"Uzbekistan, Rep. of",927,2018-05-01,0.7599999999999172
"Uzbekistan, Rep. of",927,2018-06-01,-0.39999999999996794
"Uzbekistan, Rep. of",927,2018-07-01,-0.2699999999999336
"Uzbekistan, Rep. of",927,2018-08-01,0.2899999999999539
"Uzbekistan, Rep. of",927,2018-09-01,1.7700000000000695
"Uzbekistan, Rep. of",927,2018-10-01,1.2900000000000291
"Uzbekistan, Rep. of",927,2018-11-01,2.279999999999925
"Uzbekistan, Rep. of",927,2018-12-01,2.0699999999999497
Thailand,578,2011-01-01,NA
Thailand,578,2011-02-01,0.39909946786740236
Thailand,578,2011-03-01,0.48924676383653154
Thailand,578,2011-04-01,1.3794502485038642
Thailand,578,2011-05-01,0.3401700850425695
Thailand,578,2011-06-01,0.12962409013852919
Thailand,578,2011-07-01,0.17924716191994422
Thailand,578,2011-08-01,0.43737574552682523
Thailand,578,2011-09-01,-0.33650039588276787
Thailand,578,2011-10-01,0.1886792452829529
Thailand,578,2011-11-01,0.2180592724750154
Thailand,578,2011-12-01,-0.4846207101177396
Thailand,578,2012-01-01,0.3975352812562622
Thailand,578,2012-02-01,0.3662641061175426
Thailand,578,2012-03-01,0.5917743367196077
Thailand,578,2012-04-01,0.42160996176101645
Thailand,578,2012-05-01,0.39054872095287496
Thailand,578,2012-06-01,0.16533748298004505
Thailand,578,2012-07-01,0.3495484998543701
Thailand,578,2012-08-01,0.3967102080309399
Thailand,578,2012-09-01,0.3276792598303121
Thailand,578,2012-10-01,0.13448607108558047
Thailand,578,2012-11-01,-0.3549501151190116
Thailand,578,2012-12-01,0.38509675555988343
Thailand,578,2013-01-01,0.16303826604005553
Thailand,578,2013-02-01,0.21064726158554503
Thailand,578,2013-03-01,0.06688324097078925
Thailand,578,2013-04-01,0.16232216174922753
Thailand,578,2013-05-01,0.23832221163017417
Thailand,578,2013-06-01,0.15216357584407064
Thailand,578,2013-07-01,0.10445351818438886
Thailand,578,2013-08-01,-0.00948586605961105
Thailand,578,2013-09-01,0.16127502134519117
Thailand,578,2013-10-01,0.17048683462777803
Thailand,578,2013-11-01,0.09455370650533064
Thailand,578,2013-12-01,0.1416965803891917
Thailand,578,2014-01-01,0.42448825582494876
Thailand,578,2014-02-01,0.23482998309229056
Thailand,578,2014-03-01,0.21553743791581711
Thailand,578,2014-04-01,0.4956050121563167
Thailand,578,2014-05-01,0.4001116590677031
Thailand,578,2014-06-01,-0.1019462465246335
Thailand,578,2014-07-01,-0.08349568605621642
Thailand,578,2014-08-01,-0.08356545961003926
Thailand,578,2014-09-01,-0.1672706997491014
Thailand,578,2014-10-01,-0.10239225542210124
Thailand,578,2014-11-01,-0.12113306000749839
Thailand,578,2014-12-01,-0.503778337531493
Thailand,578,2015-01-01,-0.5907172995779841
Thailand,578,2015-02-01,0.1226183738916534
Thailand,578,2015-03-01,0.1695713612812134
Thailand,578,2015-04-01,0.01880936706487722
Thailand,578,2015-05-01,0.1692524682651696
Thailand,578,2015-06-01,0.10325729841355794
Thailand,578,2015-07-01,-0.06564141035262998
Thailand,578,2015-08-01,-0.22520409120766693
Thailand,578,2015-09-01,-0.04702341766195871
Thailand,578,2015-10-01,0.19759126834776156
Thailand,578,2015-11-01,-0.3192788055216905
Thailand,578,2015-12-01,-0.3862458784738358
Thailand,578,2016-01-01,-0.2648004539435685
Thailand,578,2016-02-01,0.15171629053662422
Thailand,578,2016-03-01,0.20829388373418195
Thailand,578,2016-04-01,0.5479969765683508
Thailand,578,2016-05-01,0.56380379627892
Thailand,578,2016-06-01,0.028032143524583848
Thailand,578,2016-07-01,-0.34563288183086555
Thailand,578,2016-08-01,-0.03749531308589704
Thailand,578,2016-09-01,0.03750937734436889
Thailand,578,2016-10-01,0.15935508061489115
Thailand,578,2016-11-01,-0.05615348619560377
Thailand,578,2016-12-01,0.13109841745479253
Thailand,578,2017-01-01,0.15570169538891984
Thailand,578,2017-02-01,0.039702233250592765
Thailand,578,2017-03-01,-0.45639448357967455
Thailand,578,2017-04-01,0.15947373666889708
Thailand,578,2017-05-01,0.14926858393872508
Thailand,578,2017-06-01,0.019872813990455016
Thailand,578,2017-07-01,-0.1291476256704962
Thailand,578,2017-08-01,0.10942007360979554
Thailand,578,2017-09-01,0.5763116057233663
Thailand,578,2017-10-01,0.1580715273661624
Thailand,578,2017-11-01,0.06904714933907605
Thailand,578,2017-12-01,-0.0788565795958207
Thailand,578,2018-01-01,0.06905396073786221
Thailand,578,2018-02-01,-0.22673501577285576
Thailand,578,2018-03-01,-0.08892401936562516
Thailand,578,2018-04-01,0.4450158227847752
Thailand,578,2018-05-01,0.5611893275573561
Thailand,578,2018-06-01,-0.08811435284898102
Thailand,578,2018-07-01,-0.05309162175407971
Thailand,578,2018-08-01,0.2688149377102105
Thailand,578,2018-09-01,0.2933411557640951
Thailand,578,2018-10-01,0.05849663644347816
Thailand,578,2018-11-01,-0.22410601188745405
Thailand,578,2018-12-01,-0.6542968749999465
Romania,968,2011-01-01,NA
Romania,968,2011-02-01,0.7672914611421712
Romania,968,2011-03-01,0.5982813009898805
Romania,968,2011-04-01,0.6596020761245668
Romania,968,2011-05-01,0.21484584810398843
Romania,968,2011-06-01,-0.2894200878979636
Romania,968,2011-07-01,-0.35476241668458214
Romania,968,2011-08-01,-0.34523681087495217
Romania,968,2011-09-01,-0.20569448955288266
Romania,968,2011-10-01,0.6400520720329672
Romania,968,2011-11-01,0.4096151773202648
Romania,968,2011-12-01,0.23617820719269872
Romania,968,2012-01-01,0.3641426582413936
Romania,968,2012-02-01,0.6402731832248517
Romania,968,2012-03-01,0.4135298483723895
Romania,968,2012-04-01,0.07391763463568445
Romania,968,2012-05-01,0.1899335232668638
Romania,968,2012-06-01,-0.0315955766192745
Romania,968,2012-07-01,0.5794353139485853
Romania,968,2012-08-01,0.5132502356761233
Romania,968,2012-09-01,1.177573989162161
Romania,968,2012-10-01,0.2883922134102391
Romania,968,2012-11-01,0.030810311184144127
Romania,968,2012-12-01,0.6057494866529664
Romania,968,2013-01-01,1.3470762322686065
Romania,968,2013-02-01,0.3322928204611804
Romania,968,2013-03-01,0.04014452027298901
Romania,968,2013-04-01,0.10032102728731371
Romania,968,2013-05-01,0.23050711565444376
Romania,968,2013-06-01,0.009999000099980906
Romania,968,2013-07-01,-0.33993201359726977
Romania,968,2013-08-01,-0.20064205457464168
Romania,968,2013-09-01,-0.572979493365508
Romania,968,2013-10-01,0.2931958345971148
Romania,968,2013-11-01,-0.01008064516129548
Romania,968,2013-12-01,0.32261316664987133
Romania,968,2014-01-01,0.8541855089940651
Romania,968,2014-02-01,0.3288162614587468
Romania,968,2014-03-01,0.0297944185122665
Romania,968,2014-04-01,0.2680698967434432
Romania,968,2014-05-01,-0.03960788196850386
Romania,968,2014-06-01,-0.26745913818721745
Romania,968,2014-07-01,-0.049662296384596114
Romania,968,2014-08-01,-0.31799662128589207
Romania,968,2014-09-01,0.12959824543913415
Romania,968,2014-10-01,0.1891676622859396
Romania,968,2014-11-01,-0.19874788830367549
Romania,968,2014-12-01,-0.08961465697501085
Romania,968,2015-01-01,0.4285429539565404
Romania,968,2015-02-01,0.32391174436638387
Romania,968,2015-03-01,0.4107039722779789
Romania,968,2015-04-01,0.12782002939870568
Romania,968,2015-05-01,0.4723303759494998
Romania,968,2015-06-01,-2.9477161552637314
Romania,968,2015-07-01,-0.162643189107801
Romania,968,2015-08-01,-0.5189627982357786
Romania,968,2015-09-01,0.2636261780794715
Romania,968,2015-10-01,0.2877617826858887
Romania,968,2015-11-01,0.30952015213275197
Romania,968,2015-12-01,0.1110820700470727
Romania,968,2016-01-01,-0.7713060505188978
Romania,968,2016-02-01,-0.2433336712967605
Romania,968,2016-03-01,0.10163634515702237
Romania,968,2016-04-01,-0.1522997258604848
Romania,968,2016-05-01,0.254220052877771
Romania,968,2016-06-01,-0.17243128106298986
Romania,968,2016-07-01,-0.24385287543181758
Romania,968,2016-08-01,0.061112242819299306
Romania,968,2016-09-01,-0.10179153094461962
Romania,968,2016-10-01,0.4279600570613427
Romania,968,2016-11-01,0.06087662337662569
Romania,968,2016-12-01,0.2433583451632477
Romania,968,2017-01-01,-0.18207566255309793
Romania,968,2017-02-01,-0.09120389136603507
Romania,968,2017-03-01,0.08114413226493386
Romania,968,2017-04-01,0.2736394040741827
Romania,968,2017-05-01,0.2829997978572884
Romania,968,2017-06-01,0.04031445273131048
Romania,968,2017-07-01,0.312311102155942
Romania,968,2017-08-01,-0.19082052827156548
Romania,968,2017-09-01,0.49305695310928666
Romania,968,2017-10-01,1.2816661660158217
Romania,968,2017-11-01,0.65249629263469755
Romania,968,2017-12-01,0.3241331892741364
Romania,968,2018-01-01,0.7832386919913815
Romania,968,2018-02-01,0.29143190207887815
Romania,968,2018-03-01,0.2905850445563845
Romania,968,2018-04-01,0.5408537763183195
Romania,968,2018-05-01,0.47070124879924025
Romania,968,2018-06-01,0.01912228702552445
Romania,968,2018-07-01,-0.4779657776503203
Romania,968,2018-08-01,0.2881567572759554
Romania,968,2018-09-01,0.4693037065415277
Romania,968,2018-10-01,0.51477597712106
Romania,968,2018-11-01,-0.13277693474962118
Romania,968,2018-12-01,0.1709401709401774
"Poland, Rep. of",964,2011-01-01,NA
"Poland, Rep. of",964,2011-02-01,0.1716738197424917
"Poland, Rep. of",964,2011-03-01,0.9425878320479814
"Poland, Rep. of",964,2011-04-01,0.509337860780992
"Poland, Rep. of",964,2011-05-01,0.5912162162162066
"Poland, Rep. of",964,2011-06-01,-0.41981528127623846
"Poland, Rep. of",964,2011-07-01,-0.3372681281618815
"Poland, Rep. of",964,2011-08-01,0
"Poland, Rep. of",964,2011-09-01,0.08460236886632345
"Poland, Rep. of",964,2011-10-01,0.6762468300929816
"Poland, Rep. of",964,2011-11-01,0.6717044500419911
"Poland, Rep. of",964,2011-12-01,0.4170141784820684
"Poland, Rep. of",964,2012-01-01,0.6644518272425225
"Poland, Rep. of",964,2012-02-01,0.4125412541254125
"Poland, Rep. of",964,2012-03-01,0.49301561216104706
"Poland, Rep. of",964,2012-04-01,0.5723630417007383
"Poland, Rep. of",964,2012-05-01,0.1626016260162625
"Poland, Rep. of",964,2012-06-01,0.16233766233766464
"Poland, Rep. of",964,2012-07-01,-0.48622366288493396
"Poland, Rep. of",964,2012-08-01,-0.3257328990227944
"Poland, Rep. of",964,2012-09-01,0.08169934640522411
"Poland, Rep. of",964,2012-10-01,0.40816326530612246
"Poland, Rep. of",964,2012-11-01,0.08130081300812546
"Poland, Rep. of",964,2012-12-01,0.08123476848091676
"Poland, Rep. of",964,2013-01-01,0.08116883116882656
"Poland, Rep. of",964,2013-02-01,0
"Poland, Rep. of",964,2013-03-01,0.1622060016220623
"Poland, Rep. of",964,2013-04-01,0.4048582995951417
"Poland, Rep. of",964,2013-05-01,-0.080645161290318
"Poland, Rep. of",964,2013-06-01,0
"Poland, Rep. of",964,2013-07-01,0.3228410008070956
"Poland, Rep. of",964,2013-08-01,-0.32180209171358926
"Poland, Rep. of",964,2013-09-01,0.08071025020177104
"Poland, Rep. of",964,2013-10-01,0.16129032258064746
"Poland, Rep. of",964,2013-11-01,-0.16103059581320678
"Poland, Rep. of",964,2013-12-01,0.080645161290318
"Poland, Rep. of",964,2014-01-01,0.08058017727639688
"Poland, Rep. of",964,2014-02-01,0.08051529790659769
"Poland, Rep. of",964,2014-03-01,0.08045052292840589
"Poland, Rep. of",964,2014-04-01,0
"Poland, Rep. of",964,2014-05-01,-0.08038585209003901
"Poland, Rep. of",964,2014-06-01,0
"Poland, Rep. of",964,2014-07-01,-0.16090104585680035
"Poland, Rep. of",964,2014-08-01,-0.4029008863819501
"Poland, Rep. of",964,2014-09-01,0
"Poland, Rep. of",964,2014-10-01,0
"Poland, Rep. of",964,2014-11-01,-0.16181229773461864
"Poland, Rep. of",964,2014-12-01,-0.32414910858995594
"Poland, Rep. of",964,2015-01-01,-0.1626016260162625
"Poland, Rep. of",964,2015-02-01,-0.0814332247556957
"Poland, Rep. of",964,2015-03-01,0.16299918500407728
"Poland, Rep. of",964,2015-04-01,0.40683482506102525
"Poland, Rep. of",964,2015-05-01,0
"Poland, Rep. of",964,2015-06-01,0
"Poland, Rep. of",964,2015-07-01,-0.08103727714749474
"Poland, Rep. of",964,2015-08-01,-0.40551500405515
"Poland, Rep. of",964,2015-09-01,-0.3257328990227944
"Poland, Rep. of",964,2015-10-01,0.08169934640522411
"Poland, Rep. of",964,2015-11-01,-0.08163265306121985
"Poland, Rep. of",964,2015-12-01,-0.16339869281045985
"Poland, Rep. of",964,2016-01-01,-0.4909983633387958
"Poland, Rep. of",964,2016-02-01,-0.08223684210525849
"Poland, Rep. of",964,2016-03-01,0.08230452674896652
"Poland, Rep. of",964,2016-04-01,0.3289473684210573
"Poland, Rep. of",964,2016-05-01,0.08196721311474944
"Poland, Rep. of",964,2016-06-01,0.16380016380016613
"Poland, Rep. of",964,2016-07-01,-0.3270645952575564
"Poland, Rep. of",964,2016-08-01,-0.16406890894175788
"Poland, Rep. of",964,2016-09-01,0
"Poland, Rep. of",964,2016-10-01,0.49301561216104706
"Poland, Rep. of",964,2016-11-01,0.08176614881439781
"Poland, Rep. of",964,2016-12-01,0.7352941176470518
"Poland, Rep. of",964,2017-01-01,0.40551500405515
"Poland, Rep. of",964,2017-02-01,0.32310177705977844
"Poland, Rep. of",964,2017-03-01,-0.08051529790660912
"Poland, Rep. of",964,2017-04-01,0.3223207091055646
"Poland, Rep. of",964,2017-05-01,0
"Poland, Rep. of",964,2017-06-01,-0.16064257028112677
"Poland, Rep. of",964,2017-07-01,-0.16090104585680035
"Poland, Rep. of",964,2017-08-01,-0.08058017727638543
"Poland, Rep. of",964,2017-09-01,0.4032258064516129
"Poland, Rep. of",964,2017-10-01,0.48192771084336894
"Poland, Rep. of",964,2017-11-01,0.4796163069544433
"Poland, Rep. of",964,2017-12-01,0.23866348448687122
"Poland, Rep. of",964,2018-01-01,0.317460317460322
"Poland, Rep. of",964,2018-02-01,-0.23734177215190772
"Poland, Rep. of",964,2018-03-01,-0.07930214115780676
"Poland, Rep. of",964,2018-04-01,0.4761904761904716
"Poland, Rep. of",964,2018-05-01,0.23696682464455876
"Poland, Rep. of",964,2018-06-01,0.07880220646177645
"Poland, Rep. of",964,2018-07-01,-0.23622047244094263
"Poland, Rep. of",964,2018-08-01,0
"Poland, Rep. of",964,2018-09-01,0.23677979479084227
"Poland, Rep. of",964,2018-10-01,0.39370078740157477
"Poland, Rep. of",964,2018-11-01,0
"Poland, Rep. of",964,2018-12-01,0
"Moldova, Rep. of",921,2011-01-01,NA
"Moldova, Rep. of",921,2011-02-01,1.2999999999998924
"Moldova, Rep. of",921,2011-03-01,0.7999999999999315
"Moldova, Rep. of",921,2011-04-01,0.9999999999999735
"Moldova, Rep. of",921,2011-05-01,0.6000000000000335
"Moldova, Rep. of",921,2011-06-01,0.10000000000013556
"Moldova, Rep. of",921,2011-07-01,-0.10000000000020356
"Moldova, Rep. of",921,2011-08-01,-0.10000000000000896
"Moldova, Rep. of",921,2011-09-01,0.4000000000000983
"Moldova, Rep. of",921,2011-10-01,1.5000000000000202
"Moldova, Rep. of",921,2011-11-01,0.7000000000001068
"Moldova, Rep. of",921,2011-12-01,0.1999999999999772
"Moldova, Rep. of",921,2012-01-01,0.2999999999998404
"Moldova, Rep. of",921,2012-02-01,0.5000000000000602
"Moldova, Rep. of",921,2012-03-01,0.20000000000005586
"Moldova, Rep. of",921,2012-04-01,0.19999999999986462
"Moldova, Rep. of",921,2012-05-01,0
"Moldova, Rep. of",921,2012-06-01,-0.2999999999999042
"Moldova, Rep. of",921,2012-07-01,0.09999999999997033
"Moldova, Rep. of",921,2012-08-01,0.400000000000034
"Moldova, Rep. of",921,2012-09-01,0.8999999999999808
"Moldova, Rep. of",921,2012-10-01,0.599999999999849
"Moldova, Rep. of",921,2012-11-01,0.5000000000000978
"Moldova, Rep. of",921,2012-12-01,0.5000000000000693
"Moldova, Rep. of",921,2013-01-01,0.9084999999999356
"Moldova, Rep. of",921,2013-02-01,0.19770000000014068
"Moldova, Rep. of",921,2013-03-01,0.07439999999990798
"Moldova, Rep. of",921,2013-04-01,0.4300999999998406
"Moldova, Rep. of",921,2013-05-01,1.202000000000029
"Moldova, Rep. of",921,2013-06-01,-0.48169999999985263
"Moldova, Rep. of",921,2013-07-01,-0.9758999999999437
"Moldova, Rep. of",921,2013-08-01,-0.22230000000007513
"Moldova, Rep. of",921,2013-09-01,1.1218999999998982
"Moldova, Rep. of",921,2013-10-01,1.3028000000000923
"Moldova, Rep. of",921,2013-11-01,0.766300000000079
"Moldova, Rep. of",921,2013-12-01,0.812899999999919
"Moldova, Rep. of",921,2014-01-01,0.7719999999998778
"Moldova, Rep. of",921,2014-02-01,0.5290000000001022
"Moldova, Rep. of",921,2014-03-01,0.31000000000008815
"Moldova, Rep. of",921,2014-04-01,0.5220000000000319
"Moldova, Rep. of",921,2014-05-01,0.14529999999995055
"Moldova, Rep. of",921,2014-06-01,-0.1398000000001696
"Moldova, Rep. of",921,2014-07-01,-0.7430999999998764
"Moldova, Rep. of",921,2014-08-01,-0.39200000000004126
"Moldova, Rep. of",921,2014-09-01,0.8060000000000949
"Moldova, Rep. of",921,2014-10-01,1.3047999999999866
"Moldova, Rep. of",921,2014-11-01,0.7740999999999969
"Moldova, Rep. of",921,2014-12-01,0.7266999999999451
"Moldova, Rep. of",921,2015-01-01,0.7942999999999572
"Moldova, Rep. of",921,2015-02-01,2.242400000000028
"Moldova, Rep. of",921,2015-03-01,0.8646999999999787
"Moldova, Rep. of",921,2015-04-01,1.0247000000000486
"Moldova, Rep. of",921,2015-05-01,0.5483000000001046
"Moldova, Rep. of",921,2015-06-01,0.08119999999996885
"Moldova, Rep. of",921,2015-07-01,-0.47090000000000803
"Moldova, Rep. of",921,2015-08-01,2.869599999999952
"Moldova, Rep. of",921,2015-09-01,1.208899999999846
"Moldova, Rep. of",921,2015-10-01,1.799200000000083
"Moldova, Rep. of",921,2015-11-01,1.0818000000000083
"Moldova, Rep. of",921,2015-12-01,0.774900000000087
"Moldova, Rep. of",921,2016-01-01,0.6587999999998544
"Moldova, Rep. of",921,2016-02-01,-0.5400000000000057
"Moldova, Rep. of",921,2016-03-01,0.008700000000036597
"Moldova, Rep. of",921,2016-04-01,0.01410000000007222
"Moldova, Rep. of",921,2016-05-01,0.17960000000002094
"Moldova, Rep. of",921,2016-06-01,-0.3274000000001239
"Moldova, Rep. of",921,2016-07-01,-0.907999999999953
"Moldova, Rep. of",921,2016-08-01,-0.3741000000001044
"Moldova, Rep. of",921,2016-09-01,0.5974000000000884
"Moldova, Rep. of",921,2016-10-01,1.3276999999999135
"Moldova, Rep. of",921,2016-11-01,1.2198500000000423
"Moldova, Rep. of",921,2016-12-01,0.5222999999999824
"Moldova, Rep. of",921,2017-01-01,1.2304000000000659
"Moldova, Rep. of",921,2017-02-01,1.17529999999989
"Moldova, Rep. of",921,2017-03-01,0.4009000000000754
"Moldova, Rep. of",921,2017-04-01,1.4134999999999118
"Moldova, Rep. of",921,2017-05-01,0.9335999999999804
"Moldova, Rep. of",921,2017-06-01,-0.43839999999994006
"Moldova, Rep. of",921,2017-07-01,-0.92029999999996
"Moldova, Rep. of",921,2017-08-01,-0.3780000000000396
"Moldova, Rep. of",921,2017-09-01,0.9155999999999196
"Moldova, Rep. of",921,2017-10-01,1.5453999999999808
"Moldova, Rep. of",921,2017-11-01,0.7154000000001393
"Moldova, Rep. of",921,2017-12-01,0.5193999999999603
"Moldova, Rep. of",921,2018-01-01,0.005899999999958244
"Moldova, Rep. of",921,2018-02-01,0.1862000000000205
"Moldova, Rep. of",921,2018-03-01,0.10749999999998576
"Moldova, Rep. of",921,2018-04-01,0.46340000000008214
"Moldova, Rep. of",921,2018-05-01,0.024099999999975898
"Moldova, Rep. of",921,2018-06-01,0.0049999999998498485
"Moldova, Rep. of",921,2018-07-01,-1.1714000000000009
"Moldova, Rep. of",921,2018-08-01,-0.17019999999995433
"Moldova, Rep. of",921,2018-09-01,0.1430000000000612
"Moldova, Rep. of",921,2018-10-01,0.3851500000000693
"Moldova, Rep. of",921,2018-11-01,0.4260999999999728
"Moldova, Rep. of",921,2018-12-01,0.4874999999999722
Kiribati,826,2011-01-01,NA
Kiribati,826,2011-02-01,-0.696006985719104
Kiribati,826,2011-03-01,-1.083073398636483
Kiribati,826,2011-04-01,0.0866754636876799
Kiribati,826,2011-05-01,0.42887725726563025
Kiribati,826,2011-06-01,-0.35744670938435463
Kiribati,826,2011-07-01,2.2446792050789814
Kiribati,826,2011-08-01,-0.9475657714955846
Kiribati,826,2011-09-01,0.7556305247440596
Kiribati,826,2011-10-01,-1.243223469196752
Kiribati,826,2011-11-01,-0.6566197396010651
Kiribati,826,2011-12-01,-1.6333589016893042
Kiribati,826,2012-01-01,0.4133392849790629
Kiribati,826,2012-02-01,-0.43887175794781835
Kiribati,826,2012-03-01,0.5450579763869643
Kiribati,826,2012-04-01,2.4682574744444823
Kiribati,826,2012-05-01,-2.0158273191361746
Kiribati,826,2012-06-01,-0.5221390081182123
Kiribati,826,2012-07-01,-3.20165081505233
Kiribati,826,2012-08-01,-0.8412226305842507
Kiribati,826,2012-09-01,1.2861673448537643
Kiribati,826,2012-10-01,0.05933810465062856
Kiribati,826,2012-11-01,1.1431135939037909
Kiribati,826,2012-12-01,-2.639543488579778
Kiribati,826,2013-01-01,2.362324054140993
Kiribati,826,2013-02-01,-1.2703267373303044
Kiribati,826,2013-03-01,0.5457123436767995
Kiribati,826,2013-04-01,1.1752256314212106
Kiribati,826,2013-05-01,-0.6898814530603191
Kiribati,826,2013-06-01,0.03397268157024708
Kiribati,826,2013-07-01,-0.24160620427912563
Kiribati,826,2013-08-01,-1.6520396288722785
Kiribati,826,2013-09-01,0.24530572817888013
Kiribati,826,2013-10-01,0.8645231635186076
Kiribati,826,2013-11-01,-0.14986617466221208
Kiribati,826,2013-12-01,-0.3301648881752936
Kiribati,826,2014-01-01,0.5109496049593156
Kiribati,826,2014-02-01,0.8694254798123519
Kiribati,826,2014-03-01,2.3431630727268193
Kiribati,826,2014-04-01,1.219686188664505
Kiribati,826,2014-05-01,-0.9694540501583958
Kiribati,826,2014-06-01,-0.7414245835165135
Kiribati,826,2014-07-01,-0.8910780235766143
Kiribati,826,2014-08-01,0.7704251981005327
Kiribati,826,2014-09-01,-0.6159325585642005
Kiribati,826,2014-10-01,-0.27697910693530353
Kiribati,826,2014-11-01,-0.006227111221359382
Kiribati,826,2014-12-01,0.915941866437491
Kiribati,826,2015-01-01,-0.032235041374020286
Kiribati,826,2015-02-01,0.14761236225604712
Kiribati,826,2015-03-01,0.005654589837093938
Kiribati,826,2015-04-01,-0.6568295957363942
Kiribati,826,2015-05-01,0.06877294176794242
Kiribati,826,2015-06-01,0.6088760604168705
Kiribati,826,2015-07-01,0.6269430353689591
Kiribati,826,2015-08-01,-0.42092784689002427
Kiribati,826,2015-09-01,0.1682805420264327
Kiribati,826,2015-10-01,0.23519448248464334
Kiribati,826,2015-11-01,-0.20291736783237774
Kiribati,826,2015-12-01,0.09068332315382215
Kiribati,826,2016-01-01,0.5210163856733325
Kiribati,826,2016-02-01,0.0943002937188075
Kiribati,826,2016-03-01,0.08606246357817762
Kiribati,826,2016-04-01,0.6389890027038497
Kiribati,826,2016-05-01,0.0743727088761659
Kiribati,826,2016-06-01,0.6536168428316611
Kiribati,826,2016-07-01,0.04325500334185105
Kiribati,826,2016-08-01,-0.015727355649299193
Kiribati,826,2016-09-01,0.39452643401414794
Kiribati,826,2016-10-01,-0.2510761833859209
Kiribati,826,2016-11-01,-0.47579767811681045
Kiribati,826,2016-12-01,-1.0055445681086528
Kiribati,826,2017-01-01,-0.8594635946999879
Kiribati,826,2017-02-01,-0.4262574468552864
Kiribati,826,2017-03-01,0.13283848071704785
Kiribati,826,2017-04-01,2.2855106554541758
Kiribati,826,2017-05-01,0.057899439787759154
Kiribati,826,2017-06-01,1.0670143775127143
Kiribati,826,2017-07-01,-0.597200658302428
Kiribati,826,2017-08-01,0.39971318112763454
Kiribati,826,2017-09-01,-0.10664857579685676
Kiribati,826,2017-10-01,0.1025623200393896
Kiribati,826,2017-11-01,0.06438112672881612
Kiribati,826,2017-12-01,0.3871201165669603
Kiribati,826,2018-01-01,1.1235167302494666
Kiribati,826,2018-02-01,-2.202093678821264
Kiribati,826,2018-03-01,0.903470356524502
Kiribati,826,2018-04-01,-0.4961644071374829
Kiribati,826,2018-05-01,0.6046041881675205
Kiribati,826,2018-06-01,-0.3132300642035022
Kiribati,826,2018-07-01,-0.9617290599690906
Kiribati,826,2018-08-01,0.43306756646534617
Kiribati,826,2018-09-01,-0.7197913219388374
Kiribati,826,2018-10-01,-0.1511013066715313
Kiribati,826,2018-11-01,0.7433859406889103
Kiribati,826,2018-12-01,-0.054538991816946145
"Nauru, Rep. of",836,2011-01-01,NA
"Nauru, Rep. of",836,2011-02-01,-4.532304725168759
"Nauru, Rep. of",836,2011-03-01,0.8080808080808052
"Nauru, Rep. of",836,2011-04-01,-0.4008016032064043
"Nauru, Rep. of",836,2011-05-01,0.905432595573432
"Nauru, Rep. of",836,2011-06-01,-0.4985044865403789
"Nauru, Rep. of",836,2011-07-01,0
"Nauru, Rep. of",836,2011-08-01,0.9018036072144346
"Nauru, Rep. of",836,2011-09-01,-0.3972194637537296
"Nauru, Rep. of",836,2011-10-01,-0.5982053838484489
"Nauru, Rep. of",836,2011-11-01,0.10030090270811867
"Nauru, Rep. of",836,2011-12-01,0.3006012024048068
"Nauru, Rep. of",836,2012-01-01,-0.09990009990009421
"Nauru, Rep. of",836,2012-02-01,1.0999999999999943
"Nauru, Rep. of",836,2012-03-01,-0.09891196834816451
"Nauru, Rep. of",836,2012-04-01,-2.2772277227722744
"Nauru, Rep. of",836,2012-05-01,1.0131712259371835
"Nauru, Rep. of",836,2012-06-01,0.10030090270811867
"Nauru, Rep. of",836,2012-07-01,0.6012024048096278
"Nauru, Rep. of",836,2012-08-01,-1.2948207171314852
"Nauru, Rep. of",836,2012-09-01,1.0090817356205852
"Nauru, Rep. of",836,2012-10-01,-0.09990009990009421
"Nauru, Rep. of",836,2012-11-01,0.20000000000000281
"Nauru, Rep. of",836,2012-12-01,0.5988023952095751
"Nauru, Rep. of",836,2013-01-01,0.09920634920635765
"Nauru, Rep. of",836,2013-02-01,-0.7928642220019935
"Nauru, Rep. of",836,2013-03-01,0.19980019980020267
"Nauru, Rep. of",836,2013-04-01,-0.09970089730807011
"Nauru, Rep. of",836,2013-05-01,0.09980039920159114
"Nauru, Rep. of",836,2013-06-01,1.694915254237291
"Nauru, Rep. of",836,2013-07-01,-2.254901960784311
"Nauru, Rep. of",836,2013-08-01,4.513540621865596
"Nauru, Rep. of",836,2013-09-01,NA
"Nauru, Rep. of",836,2013-10-01,NA
"Nauru, Rep. of",836,2013-11-01,NA
"Nauru, Rep. of",836,2013-12-01,NA
"Nauru, Rep. of",836,2014-01-01,NA
"Nauru, Rep. of",836,2014-02-01,NA
"Nauru, Rep. of",836,2014-03-01,NA
"Nauru, Rep. of",836,2014-04-01,NA
"Nauru, Rep. of",836,2014-05-01,NA
"Nauru, Rep. of",836,2014-06-01,NA
"Nauru, Rep. of",836,2014-07-01,NA
"Nauru, Rep. of",836,2014-08-01,NA
"Nauru, Rep. of",836,2014-09-01,NA
"Nauru, Rep. of",836,2014-10-01,NA
"Nauru, Rep. of",836,2014-11-01,NA
"Nauru, Rep. of",836,2014-12-01,NA
"Nauru, Rep. of",836,2015-01-01,NA
"Nauru, Rep. of",836,2015-02-01,NA
"Nauru, Rep. of",836,2015-03-01,NA
"Nauru, Rep. of",836,2015-04-01,NA
"Nauru, Rep. of",836,2015-05-01,NA
"Nauru, Rep. of",836,2015-06-01,NA
"Nauru, Rep. of",836,2015-07-01,NA
"Nauru, Rep. of",836,2015-08-01,NA
"Nauru, Rep. of",836,2015-09-01,NA
"Nauru, Rep. of",836,2015-10-01,NA
"Nauru, Rep. of",836,2015-11-01,NA
"Nauru, Rep. of",836,2015-12-01,NA
"Nauru, Rep. of",836,2016-01-01,NA
"Nauru, Rep. of",836,2016-02-01,NA
"Nauru, Rep. of",836,2016-03-01,NA
"Nauru, Rep. of",836,2016-04-01,NA
"Nauru, Rep. of",836,2016-05-01,NA
"Nauru, Rep. of",836,2016-06-01,NA
"Nauru, Rep. of",836,2016-07-01,NA
"Nauru, Rep. of",836,2016-08-01,NA
"Nauru, Rep. of",836,2016-09-01,NA
"Nauru, Rep. of",836,2016-10-01,NA
"Nauru, Rep. of",836,2016-11-01,NA
"Nauru, Rep. of",836,2016-12-01,NA
"Nauru, Rep. of",836,2017-01-01,NA
"Nauru, Rep. of",836,2017-02-01,NA
"Nauru, Rep. of",836,2017-03-01,NA
"Nauru, Rep. of",836,2017-04-01,NA
"Nauru, Rep. of",836,2017-05-01,NA
"Nauru, Rep. of",836,2017-06-01,NA
"Nauru, Rep. of",836,2017-07-01,NA
"Nauru, Rep. of",836,2017-08-01,NA
"Nauru, Rep. of",836,2017-09-01,NA
"Nauru, Rep. of",836,2017-10-01,NA
"Nauru, Rep. of",836,2017-11-01,NA
"Nauru, Rep. of",836,2017-12-01,NA
"Nauru, Rep. of",836,2018-01-01,NA
"Nauru, Rep. of",836,2018-02-01,NA
"Nauru, Rep. of",836,2018-03-01,NA
"Nauru, Rep. of",836,2018-04-01,NA
"Nauru, Rep. of",836,2018-05-01,NA
"Nauru, Rep. of",836,2018-06-01,NA
"Nauru, Rep. of",836,2018-07-01,NA
"Nauru, Rep. of",836,2018-08-01,NA
"Nauru, Rep. of",836,2018-09-01,NA
"Nauru, Rep. of",836,2018-10-01,NA
"Nauru, Rep. of",836,2018-11-01,NA
"Nauru, Rep. of",836,2018-12-01,NA
Somalia,726,2011-01-01,NA
Somalia,726,2011-02-01,NA
Somalia,726,2011-03-01,NA
Somalia,726,2011-04-01,NA
Somalia,726,2011-05-01,NA
Somalia,726,2011-06-01,NA
Somalia,726,2011-07-01,NA
Somalia,726,2011-08-01,NA
Somalia,726,2011-09-01,NA
Somalia,726,2011-10-01,NA
Somalia,726,2011-11-01,NA
Somalia,726,2011-12-01,NA
Somalia,726,2012-01-01,NA
Somalia,726,2012-02-01,NA
Somalia,726,2012-03-01,NA
Somalia,726,2012-04-01,NA
Somalia,726,2012-05-01,NA
Somalia,726,2012-06-01,NA
Somalia,726,2012-07-01,NA
Somalia,726,2012-08-01,NA
Somalia,726,2012-09-01,NA
Somalia,726,2012-10-01,NA
Somalia,726,2012-11-01,NA
Somalia,726,2012-12-01,NA
Somalia,726,2013-01-01,NA
Somalia,726,2013-02-01,NA
Somalia,726,2013-03-01,NA
Somalia,726,2013-04-01,NA
Somalia,726,2013-05-01,NA
Somalia,726,2013-06-01,NA
Somalia,726,2013-07-01,NA
Somalia,726,2013-08-01,NA
Somalia,726,2013-09-01,NA
Somalia,726,2013-10-01,NA
Somalia,726,2013-11-01,NA
Somalia,726,2013-12-01,NA
Somalia,726,2014-01-01,NA
Somalia,726,2014-02-01,NA
Somalia,726,2014-03-01,NA
Somalia,726,2014-04-01,NA
Somalia,726,2014-05-01,NA
Somalia,726,2014-06-01,NA
Somalia,726,2014-07-01,NA
Somalia,726,2014-08-01,NA
Somalia,726,2014-09-01,NA
Somalia,726,2014-10-01,NA
Somalia,726,2014-11-01,NA
Somalia,726,2014-12-01,NA
Somalia,726,2015-01-01,-2.4144438946486986
Somalia,726,2015-02-01,0.8607323679144706
Somalia,726,2015-03-01,1.3422538899429715
Somalia,726,2015-04-01,0.28884112371683685
Somalia,726,2015-05-01,-0.051391128568076476
Somalia,726,2015-06-01,0.03402860380293598
Somalia,726,2015-07-01,3.9635703171901633
Somalia,726,2015-08-01,1.261152379853525
Somalia,726,2015-09-01,0.03352022474014662
Somalia,726,2015-10-01,-4.9319892710757065
Somalia,726,2015-11-01,-0.003681402901182262
Somalia,726,2015-12-01,0.1621179115765964
Somalia,726,2016-01-01,-0.5138172383798026
Somalia,726,2016-02-01,-0.07915948067674396
Somalia,726,2016-03-01,0.3168888174343557
Somalia,726,2016-04-01,0.5422210090536084
Somalia,726,2016-05-01,0.1792390387423613
Somalia,726,2016-06-01,0.17175916366954427
Somalia,726,2016-07-01,0.3429733472474136
Somalia,726,2016-08-01,-0.04620889424275621
Somalia,726,2016-09-01,-0.09536292081965349
Somalia,726,2016-10-01,-0.2910038473921817
Somalia,726,2016-11-01,2.8068370599213663
Somalia,726,2016-12-01,-2.062937515808595
Somalia,726,2017-01-01,0.7905517209072963
Somalia,726,2017-02-01,-0.660992193682768
Somalia,726,2017-03-01,-0.11524403371697153
Somalia,726,2017-04-01,1.3502601952215587
Somalia,726,2017-05-01,1.6211715398252158
Somalia,726,2017-06-01,0.9783245231532636
Somalia,726,2017-07-01,0.07874293022651624
Somalia,726,2017-08-01,0.07809704389167166
Somalia,726,2017-09-01,0.8746136171920111
Somalia,726,2017-10-01,0.6348326970018464
Somalia,726,2017-11-01,0.18998733525628822
Somalia,726,2017-12-01,0.13039264046375282
Somalia,726,2018-01-01,-1.3527942706044194
Somalia,726,2018-02-01,1.1206342493242358
Somalia,726,2018-03-01,-0.03284428506948757
Somalia,726,2018-04-01,1.2489823144291394
Somalia,726,2018-05-01,1.4603865782778618
Somalia,726,2018-06-01,-0.5049930339749611
Somalia,726,2018-07-01,-0.7498685186767735
Somalia,726,2018-08-01,0.1354449212266597
Somalia,726,2018-09-01,1.168208783908405
Somalia,726,2018-10-01,1.1384336428928308
Somalia,726,2018-11-01,0.20668065090560214
Somalia,726,2018-12-01,-0.6151995740881193
Guatemala,258,2011-01-01,NA
Guatemala,258,2011-02-01,0.7531208088311079
Guatemala,258,2011-03-01,0.9215646119189975
Guatemala,258,2011-04-01,0.6340226297307751
Guatemala,258,2011-05-01,0.4943297470195248
Guatemala,258,2011-06-01,0.5304783950616038
Guatemala,258,2011-07-01,0.9498225079152033
Guatemala,258,2011-08-01,0.5987454856491956
Guatemala,258,2011-09-01,-0.06613131790276103
Guatemala,258,2011-10-01,-0.03781433163170086
Guatemala,258,2011-11-01,0.2175146585965121
Guatemala,258,2011-12-01,0.21704255921497878
Guatemala,258,2012-01-01,0.09416195856868753
Guatemala,258,2012-02-01,0.4985888993414524
Guatemala,258,2012-03-01,0.3276233267808472
Guatemala,258,2012-04-01,0.37320395596205624
Guatemala,258,2012-05-01,0.130135712957761
Guatemala,258,2012-06-01,0.1206832528778366
Guatemala,258,2012-07-01,0.3523412146500123
Guatemala,258,2012-08-01,0.45273953617290763
Guatemala,258,2012-09-01,0.4874908020602938
Guatemala,258,2012-10-01,0.027459954233464014
Guatemala,258,2012-11-01,-0.009150805270832838
Guatemala,258,2012-12-01,0.5399469204721301
Guatemala,258,2013-01-01,0.49153468050254073
Guatemala,258,2013-02-01,0.8152173913043802
Guatemala,258,2013-03-01,0.47619047619042115
Guatemala,258,2013-04-01,0.1699007421979242
Guatemala,258,2013-05-01,0.2678093197643497
Guatemala,258,2013-06-01,0.6232193732193358
Guatemala,258,2013-07-01,0.30083171120159063
Guatemala,258,2013-08-01,0.14114326040936193
Guatemala,258,2013-09-01,0.29069767441850386
Guatemala,258,2013-10-01,-0.026350461132969717
Guatemala,258,2013-11-01,0.44807590933056046
Guatemala,258,2013-12-01,0.3061313740925097
Guatemala,258,2014-01-01,0.2528775723752155
Guatemala,258,2014-02-01,0.2000521875272685
Guatemala,258,2014-03-01,0.22569444444445413
Guatemala,258,2014-04-01,0.19054217910962518
Guatemala,258,2014-05-01,0.2247579529737303
Guatemala,258,2014-06-01,0.5347593582887109
Guatemala,258,2014-07-01,0.5748112560055738
Guatemala,258,2014-08-01,0.4179817452869898
Guatemala,258,2014-09-01,0.05096839959220645
Guatemala,258,2014-10-01,0.1528273051452994
Guatemala,258,2014-11-01,0.19498134960999633
Guatemala,258,2014-12-01,-0.1099923851425613
Guatemala,258,2015-01-01,-0.355751312891804
Guatemala,258,2015-02-01,0.3145188711323294
Guatemala,258,2015-03-01,0.21184645369026692
Guatemala,258,2015-04-01,0.3382377811602671
Guatemala,258,2015-05-01,0.2022585538512603
Guatemala,258,2015-06-01,0.3700588730024992
Guatemala,258,2015-07-01,0.5111446287916692
Guatemala,258,2015-08-01,0.06669445602336506
Guatemala,258,2015-09-01,-0.033325002082823615
Guatemala,258,2015-10-01,0.5000416701391985
Guatemala,258,2015-11-01,0.4726760096193423
Guatemala,258,2015-12-01,0.42918454935622163
Guatemala,258,2016-01-01,0.912228796844238
Guatemala,258,2016-02-01,0.21174362733120491
Guatemala,258,2016-03-01,0.20316944331575196
Guatemala,258,2016-04-01,0.17031630170317888
Guatemala,258,2016-05-01,0.46150109302889586
Guatemala,258,2016-06-01,0.4432624113475438
Guatemala,258,2016-07-01,0.6900425258766228
Guatemala,258,2016-08-01,0.18328153637736208
Guatemala,258,2016-09-01,-0.20680878141903533
Guatemala,258,2016-10-01,0.693448110951689
Guatemala,258,2016-11-01,0.38787303095063586
Guatemala,258,2016-12-01,0.007885191610256404
Guatemala,258,2017-01-01,0.5203816131829765
Guatemala,258,2017-02-01,0.33728135540041787
Guatemala,258,2017-03-01,0.24233896185113982
Guatemala,258,2017-04-01,0.25735007408567345
Guatemala,258,2017-05-01,0.3111387678904465
Guatemala,258,2017-06-01,0.8607320099254764
Guatemala,258,2017-07-01,1.5145690781887289
Guatemala,258,2017-08-01,-0.29536504089670135
Guatemala,258,2017-09-01,-0.5469046714774505
Guatemala,258,2017-10-01,0.5422744978233485
Guatemala,258,2017-11-01,0.8584017016104339
Guatemala,258,2017-12-01,0.9490095654138686
Guatemala,258,2018-01-01,-0.3954338580914543
Guatemala,258,2018-02-01,-0.20224719101132102
Guatemala,258,2018-03-01,0.23268032725371687
Guatemala,258,2018-04-01,0.04493035794514408
Guatemala,258,2018-05-01,0.47155688622760744
Guatemala,258,2018-06-01,0.5736422558294395
Guatemala,258,2018-07-01,0.3555555555555443
Guatemala,258,2018-08-01,0.4428697962799117
Guatemala,258,2018-09-01,0.5952380952381275
Guatemala,258,2018-10-01,0.33603623347216915
Guatemala,258,2018-11-01,-0.2912267928649131
Guatemala,258,2018-12-01,0.13143483022999985
